locked,actualCashBasis,cashNormalizationVersion,originalBeginningCash,originalEndingCash,cashBasisAdjustment,cashBasisProvenance,protectionAuthority,unclassifiedOperatingCosts,expenseClassificationStatus,staffingEvidenceStatus,legalReviewEarmark,legalReviewPayment,unearmarkedOperatingCash,grossForwardOperatingReserve,legalReserveOverlapCredit,variableOperatingCosts,fixedCommittedOperatingCosts,totalModeledOperatingCosts,operatingLedgerDifference,cashReconciliationDifference,actualTaxPayments,taxEarmark,restrictedCash,contingencyProtection,distributionCashCapacity,distributionRequest,earningsEligibilityBalance,distributionStatus,unfundedContinuation,paidMediaSpend,nonPayrollAcquisitionCash,cashAcquisitionIncludingPaidLabor,totalCashAcquisitionCac,month,calendarDate,status,beginningCustomers,openingInvestment,openingExistingCash,openingForecastLegalPayment,openingActualLegalPayment,openingCompanyCash,openingPaymentStatus,forecastExpectedCustomers,plannedNewPayingCustomers,plannedGrossAdditions,realizedGrossAdditions,blockedUnservedDemand,limitingFunctions,acquisitionPhase,acquisitionAuthority,heldAfterPeak,plannedAddsMonthOverMonthChange,plannedAddsMonthOverMonthRate,acquisition.newDirect,acquisition.newPaid,acquisition.newOrganic,acquisition.newReferral,acquisition.newPartner,acquisition.newBreakoutEvent,acquisition.newOther,reactivations,voluntaryChurn,involuntaryChurn,churnedCustomers,activeCustomers,grossNewCustomersByPlan.starter,grossNewCustomersByPlan.growth,grossNewCustomersByPlan.complete,reactivatedCustomersByPlan.starter,reactivatedCustomersByPlan.growth,reactivatedCustomersByPlan.complete,planEnding.starter,planEnding.growth,planEnding.complete,mrr,subscriptionRevenue,overageRevenue,grossRevenue,refundsChargebacks,totalRevenue,revenueBreakdownStatus,grossCashCollections,cashRefundsChargebacks,cashCollections,cashBreakdownStatus,providerCosts,customerVariableCosts,paymentFees,cardProcessingFees,stripeBillingFees,paymentCount,directProviderCosts,salesMarketing,salesAndMarketingFullyLoaded,founderCompensation,founderPay,businessFixedCommittedCosts,businessOperatingCosts,operatingResultBeforeFounderPay,founderAssumedProfitWithdrawals,founderAssumedTotalReceiptsBeforePersonalTax,founderPayEvent,overheadBudgetStatus,headcount.loadedPayroll,headcount.oneTime,contractors.cost,employeeSoftwareExpense,employeePayroll,monthlyPayroll,sharedInfrastructure,baseFixedOperatingCost,customerUsageVariableCosts,stepFixedOperatingCosts,peopleOperatingCosts,directCustomerSupportCash,customerSupport,customerSupportFullyLoaded,fullyLoadedContributionBreakdownStatus,professionalServices,otherOpex,unclassifiedOpex,totalOperatingExpense,opexBreakdownStatus,cashBlendedCac,fullyLoadedBlendedCac,contributionProfit,operatingProfit,beginningCash,additionalFunding,capitalExpenditures,taxReserve,otherCashOutflows,committedCashExpenses,cashFlowBeforeInvestorDistribution,cashBeforeDistribution,eligibleDistributionPoolBeforeReserve,totalDistributionPool,investorDistribution,otherOwnerDistributions,distributionProjectionAvailable,distributionStatus,investorPrincipalRecovered,investorUnrecoveredInvestment,investorCashProfitAfterRecovery,endingCash,forwardReserve,remainingMarket,remainingModeledAcquisitionCapacity,remainingNeverAcquiredAddressableAccounts,cacByChannel.direct,cacByChannel.paid,cacByChannel.organic,cacByChannel.referral,cacByChannel.partnerships,cacByChannel.breakout,cacByChannel.other,cacByChannel.reactivation,directAcquisitionMethod,directTrialDemoConversion,paidAcquisitionMethod,paidTrialDemoConversion,revenuePerCustomer,supportCostPerCustomer,directProviderCostPerCustomer,organization.stage.label,organization.employeeFte,organization.contractorFteEquivalent,organization.founderCapacityUtilization,organization.automaticPlanEnabled,organization.automaticStaffingEnabled,automaticOrganizationEventCount,automaticOrganizationEventSummary
false,,,,,,,,,,,0,0,9918.339,2595.3738115473425,0,77.66100000000002,400,477.661,0,0,0,0,0,0,7322.9651884526575,0,-15081.661,Unavailable: configure distribution and tax planning (or explicitly opt into provisional untaxed illustration),false,0,0,0,0,1,2026-09-01,FORECAST,0,25000,0,15000,0,10000,FORECAST prelaunch payment; not actual or verified quote,1.5,1.5,1.5,1.5,0,,first_90_days,FOUNDER_FIRST_90_DAY_TOTAL,false,,,1.5,0,0,0,0,0,0,0,0,0,0,1.5,0.75,0.44999999999999996,0.30000000000000004,0,0,0,0.75,0.44999999999999996,0.30000000000000004,396,396,0,396,0,396,RECONCILED,396,0,396,RECONCILED,62.955000000000005,14.706000000000001,14.706000000000001,11.934000000000001,2.7720000000000002,1.5,77.661,0,0,0,0,400,477.661,-81.661,,,Founder pay unchanged,"Starting overhead budget v1: $400 combined conservative planning amount includes Codex, another subscription, website and database; not verified recurring invoices. The first $100 infrastructure tier reference is treated as covered; only higher automatic tier increments are additional. This fixed scenario reference is provisional overlap treatment, not invoice allocation. Explicit manual and dated infrastructure amounts are additional; if intended as replacements, reconcile the baseline before entering them.",0,0,0,0,0,0,0,400,77.661,0,0,0,0,0,RECONCILED,0,400,0,400,RECONCILED,0,0,318.339,-81.661,10000,0,0,0,0,477.661,-81.661,9918.339,0,0,0,0,false,Unavailable: configure distribution and tax planning (or explicitly opt into provisional untaxed illustration),0,25000,0,9918.339,2595.3738115473425,,,,0,,,,,,,,milestone,,cac,,264,0,51.774,Founder-Led Launch,0,0,0.5235513856812932,true,true,0,
false,,,,,,,,,,,0,0,10460.4632705,3370.2255597424223,0,229.83772950000002,400,629.8377295,0,0,0,0,0,0,7090.237710757578,0,-14539.5367295,Unavailable: configure distribution and tax planning (or explicitly opt into provisional untaxed illustration),false,0,0,0,0,2,2026-10-01,FORECAST,1.5,25000,0,15000,0,10000,FORECAST prelaunch payment; not actual or verified quote,4.4392499999999995,3,3,3,0,,first_90_days,FOUNDER_FIRST_90_DAY_TOTAL,false,1.5,1,3,0,0,0,0,0,0,0,0.06074999999999997,0,0.06074999999999997,4.4392499999999995,1.5,0.8999999999999999,0.6000000000000001,0,0,0,2.2196249999999997,1.331775,0.8878500000000001,1171.962,1171.962,0,1171.962,0,1171.962,RECONCILED,1171.962,0,1171.962,RECONCILED,186.3153225,43.522407,43.522407,35.318673000000004,8.203734,4.4392499999999995,229.83772950000002,0,0,0,0,400,629.8377295,542.1242705,,,Founder pay unchanged,"Starting overhead budget v1: $400 combined conservative planning amount includes Codex, another subscription, website and database; not verified recurring invoices. The first $100 infrastructure tier reference is treated as covered; only higher automatic tier increments are additional. This fixed scenario reference is provisional overlap treatment, not invoice allocation. Explicit manual and dated infrastructure amounts are additional; if intended as replacements, reconcile the baseline before entering them.",0,0,0,0,0,0,0,400,229.83772950000002,0,0,0,0,0,RECONCILED,0,400,0,400,RECONCILED,0,0,942.1242705,542.1242705,9918.339,0,0,0,0,629.8377295,542.1242705,10460.4632705,0,0,0,0,false,Unavailable: configure distribution and tax planning (or explicitly opt into provisional untaxed illustration),0,25000,0,10460.4632705,3370.2255597424223,,,,0,,,,,,,,milestone,,cac,,264.00000000000006,0,51.77400000000001,Founder-Led Launch,0,0,0.5298007909930715,true,true,0,
false,,,,,,,,,,,0,0,11919.44850804475,4247.545764583399,0,453.5123014552501,400,853.51230145525,0,0,0,0,0,0,7671.902743461351,0,-13080.55149195525,Unavailable: configure distribution and tax planning (or explicitly opt into provisional untaxed illustration),false,0,0,0,0,3,2026-11-01,FORECAST,4.4392499999999995,25000,0,15000,0,10000,FORECAST prelaunch payment; not actual or verified quote,8.759460375,4.5,4.5,4.5,0,,first_90_days,FOUNDER_FIRST_90_DAY_TOTAL,false,1.5,0.5,4.5,0,0,0,0,0,0,0,0.1797896249999999,0,0.1797896249999999,8.759460375,2.25,1.3499999999999999,0.9000000000000001,0,0,0,4.3797301875,2.6278381125,1.7518920750000002,2312.497539,2312.497539,0,2312.497539,0,2312.497539,RECONCILED,2312.497539,0,2312.497539,RECONCILED,367.63455193875006,85.87774951650002,85.87774951650002,69.69026674350002,16.187482773000003,8.759460375,453.51230145525005,0,0,0,0,400,853.51230145525,1458.98523754475,,,Founder pay unchanged,"Starting overhead budget v1: $400 combined conservative planning amount includes Codex, another subscription, website and database; not verified recurring invoices. The first $100 infrastructure tier reference is treated as covered; only higher automatic tier increments are additional. This fixed scenario reference is provisional overlap treatment, not invoice allocation. Explicit manual and dated infrastructure amounts are additional; if intended as replacements, reconcile the baseline before entering them.",0,0,0,0,0,0,0,400,453.51230145525005,0,0,0,0,0,RECONCILED,0,400,0,400,RECONCILED,0,0,1858.98523754475,1458.98523754475,10460.4632705,0,0,0,0,853.51230145525,1458.98523754475,11919.44850804475,0,0,0,0,false,Unavailable: configure distribution and tax planning (or explicitly opt into provisional untaxed illustration),0,25000,0,11919.44850804475,4247.545764583399,,,,0,,,,,,,,milestone,,cac,,264,0,51.77400000000001,Founder-Led Launch,0,0,0.5367199461403002,true,true,0,
false,,,,,,,,,,,0,0,14438.094138282657,5224.9705304418985,0,712.0237805920925,400,1112.0237805920924,0,0,0,0,0,0,9213.123607840758,0,-10561.905861717343,Unavailable: configure distribution and tax planning (or explicitly opt into provisional untaxed illustration),false,0,0,0,0,4,2026-12-01,FORECAST,8.759460375,25000,0,15000,0,10000,FORECAST prelaunch payment; not actual or verified quote,13.752535647083333,5.333333333333333,5.333333333333333,5.333333333333333,0,,month_4_to_12_ramp,FOUNDER_MONTH_12_TARGET,false,0.833333333333333,0.18518518518518512,5.333333333333333,0,0,0,0,0,0,0,0.3402580612499999,0,0.3402580612499999,13.752535647083333,2.6666666666666665,1.5999999999999999,1.0666666666666667,0,0,0,6.876267823541665,4.125760694125,2.7505071294166665,3630.66941083,3630.66941083,0,3630.66941083,0,3630.66941083,RECONCILED,3630.66941083,0,3630.66941083,RECONCILED,577.1939211080875,134.82985948400503,134.82985948400503,109.41517360819502,25.41468587581,13.752535647083333,712.0237805920925,0,0,0,0,400,1112.0237805920924,2518.6456302379074,,,Founder pay unchanged,"Starting overhead budget v1: $400 combined conservative planning amount includes Codex, another subscription, website and database; not verified recurring invoices. The first $100 infrastructure tier reference is treated as covered; only higher automatic tier increments are additional. This fixed scenario reference is provisional overlap treatment, not invoice allocation. Explicit manual and dated infrastructure amounts are additional; if intended as replacements, reconcile the baseline before entering them.",0,0,0,0,0,0,0,400,712.0237805920925,0,0,0,0,0,RECONCILED,0,400,0,400,RECONCILED,0,0,2918.6456302379074,2518.6456302379074,11919.44850804475,0,0,0,0,1112.0237805920924,2518.6456302379074,14438.094138282657,0,0,0,0,false,Unavailable: configure distribution and tax planning (or explicitly opt into provisional untaxed illustration),0,25000,0,14438.094138282657,5224.9705304418985,,,,0,,,,,,,,milestone,,cac,,264,0,51.774,Founder-Led Launch,0,0,0.5418214761028964,true,true,0,
false,,,,,,,,,,,0,0,18156.401186092677,6299.844460558392,0,1004.6894776950799,400,1404.6894776950799,4.547473508864641e-13,0,0,0,0,0,11856.556725534285,0,-6843.598813907323,Unavailable: configure distribution and tax planning (or explicitly opt into provisional untaxed illustration),false,0,0,0,0,5,2027-01-01,FORECAST,13.752535647083333,25000,0,15000,0,10000,FORECAST prelaunch payment; not actual or verified quote,19.4052898693375,6.166666666666666,6.166666666666666,6.166666666666666,0,,month_4_to_12_ramp,FOUNDER_MONTH_12_TARGET,false,0.833333333333333,0.15624999999999994,6.166666666666666,0,0,0,0,0,0,0,0.5139124444125,0,0.5139124444125,19.4052898693375,3.083333333333333,1.8499999999999996,1.2333333333333334,0,0,0,9.702644934668749,5.821586960801249,3.8810579738675006,5122.9965255051,5122.9965255051,0,5122.9965255051,0,5122.9965255051,RECONCILED,5122.9965255051,0,5122.9965255051,RECONCILED,814.440015816095,190.2494618789849,190.2494618789849,154.3884862004492,35.86097567853571,19.4052898693375,1004.6894776950799,0,0,0,0,400,1404.6894776950799,3718.30704781002,,,Founder pay unchanged,"Starting overhead budget v1: $400 combined conservative planning amount includes Codex, another subscription, website and database; not verified recurring invoices. The first $100 infrastructure tier reference is treated as covered; only higher automatic tier increments are additional. This fixed scenario reference is provisional overlap treatment, not invoice allocation. Explicit manual and dated infrastructure amounts are additional; if intended as replacements, reconcile the baseline before entering them.",0,0,0,0,0,0,0,400,1004.6894776950799,0,0,0,0,0,RECONCILED,0,400,0,400,RECONCILED,0,0,4118.30704781002,3718.30704781002,14438.094138282657,0,0,0,0,1404.6894776950799,3718.3070478100203,18156.401186092677,0,0,0,0,false,Unavailable: configure distribution and tax planning (or explicitly opt into provisional untaxed illustration),0,25000,0,18156.401186092677,6299.844460558392,,,,0,,,,,,,,milestone,,cac,,264,0,51.774,Founder-Led Launch,0,0,0.5472429427387857,true,true,0,
false,,,,,,,,,,,0,0,23211.596061536395,7469.244080005139,0,1330.8325062962274,400,1730.8325062962274,0,0,0,0,0,0,15742.351981531256,0,-1788.4039384636026,Unavailable: configure distribution and tax planning (or explicitly opt into provisional untaxed illustration),false,0,0,0,0,6,2027-02-01,FORECAST,19.4052898693375,25000,0,15000,0,10000,FORECAST prelaunch payment; not actual or verified quote,25.704649173257376,7,7,7,0,,month_4_to_12_ramp,FOUNDER_MONTH_12_TARGET,false,0.8333333333333339,0.13513513513513525,7,0,0,0,0,0,0,0,0.7006406960801249,0,0.700640696080125,25.704649173257376,3.5,2.1,1.4000000000000001,0,0,0,12.852324586628686,7.7113947519772115,5.140929834651476,6786.027381739948,6786.027381739948,0,6786.027381739948,0,6786.027381739948,RECONCILED,6786.0273817399475,0,6786.0273817399475,RECONCILED,1078.8241258016121,252.00838049461538,252.00838049461538,204.50618882243575,47.50219167217964,25.704649173257373,1330.8325062962276,0,0,0,0,400,1730.8325062962274,5055.194875443721,,,Founder pay unchanged,"Starting overhead budget v1: $400 combined conservative planning amount includes Codex, another subscription, website and database; not verified recurring invoices. The first $100 infrastructure tier reference is treated as covered; only higher automatic tier increments are additional. This fixed scenario reference is provisional overlap treatment, not invoice allocation. Explicit manual and dated infrastructure amounts are additional; if intended as replacements, reconcile the baseline before entering them.",0,0,0,0,0,0,0,400,1330.8325062962276,0,0,0,0,0,RECONCILED,0,400,0,400,RECONCILED,0,0,5455.194875443721,5055.194875443721,18156.401186092677,0,0,0,0,1730.8325062962276,5055.19487544372,23211.596061536395,0,0,0,0,false,Unavailable: configure distribution and tax planning (or explicitly opt into provisional untaxed illustration),0,25000,0,23211.596061536395,7469.244080005139,,,,0,,,,,,,,milestone,,cac,,264.00000000000006,0,51.77400000000001,Early Traction,0,0,0.5529780053727115,true,true,0,
false,,,,,,,,,,,0,0,29736.788382373554,8730.333618102235,0,1689.4485464505908,400,2089.4485464505906,0,0,0,0,0,0,21006.45476427132,0,4736.788382373555,Unavailable: configure distribution and tax planning (or explicitly opt into provisional untaxed illustration),false,0,0,0,0,7,2027-03-01,FORECAST,25.704649173257376,25000,0,15000,0,10000,FORECAST prelaunch payment; not actual or verified quote,32.63121540639298,7.833333333333333,7.833333333333333,7.833333333333333,0,,month_4_to_12_ramp,FOUNDER_MONTH_12_TARGET,false,0.833333333333333,0.119047619047619,7.833333333333333,0,0,0,0,0,0,0,0.9067671001977214,0,0.9067671001977212,32.63121540639298,3.9166666666666665,2.3499999999999996,1.5666666666666667,0,0,0,16.315607703196495,9.789364621917896,6.526243081278597,8614.640867287748,8614.640867287748,0,8614.640867287748,0,8614.640867287748,RECONCILED,8614.640867287748,0,8614.640867287748,RECONCILED,1369.5321106063138,319.91643584427686,319.91643584427686,259.6139497732626,60.30248607101424,32.63121540639299,1689.4485464505906,0,0,0,0,400,2089.4485464505906,6525.192320837157,,,Founder pay unchanged,"Starting overhead budget v1: $400 combined conservative planning amount includes Codex, another subscription, website and database; not verified recurring invoices. The first $100 infrastructure tier reference is treated as covered; only higher automatic tier increments are additional. This fixed scenario reference is provisional overlap treatment, not invoice allocation. Explicit manual and dated infrastructure amounts are additional; if intended as replacements, reconcile the baseline before entering them.",0,0,0,0,0,0,0,400,1689.4485464505906,0,0,0,0,0,RECONCILED,0,400,0,400,RECONCILED,0,0,6925.192320837157,6525.192320837157,23211.596061536395,0,0,0,0,2089.4485464505906,6525.192320837157,29736.788382373554,0,0,0,0,false,Unavailable: configure distribution and tax planning (or explicitly opt into provisional untaxed illustration),0,25000,0,29736.788382373554,8730.333618102235,,,,0,,,,,,,,milestone,,cac,,264,0,51.77400000000001,Early Traction,0,0,0.5590172561247325,true,true,0,
false,,,,,,,,,,,0,0,37861.094477831095,10080.362377290168,0,2079.563407811573,400,2479.563407811573,0,0,0,0,0,0,27780.732100540925,0,12861.094477831099,Unavailable: configure distribution and tax planning (or explicitly opt into provisional untaxed illustration),false,0,0,0,0,8,2027-04-01,FORECAST,32.63121540639298,25000,0,15000,0,10000,FORECAST prelaunch payment; not actual or verified quote,40.16617236086786,8.666666666666668,8.666666666666668,8.666666666666668,0,,month_4_to_12_ramp,FOUNDER_MONTH_12_TARGET,false,0.8333333333333348,0.10638297872340445,8.666666666666668,0,0,0,0,0,0,0,1.1317097121917898,0,1.1317097121917898,40.16617236086786,4.333333333333334,2.6,1.7333333333333334,0,0,0,20.08308618043393,12.04985170826036,8.033234472173573,10603.869503269118,10603.869503269118,0,10603.869503269118,0,10603.869503269118,RECONCILED,10603.869503269118,0,10603.869503269118,RECONCILED,1685.7742539856245,393.78915382594863,393.78915382594863,319.5620673030648,74.22708652288384,40.16617236086787,2079.563407811573,0,0,0,0,400,2479.563407811573,8124.306095457545,,,Founder pay unchanged,"Starting overhead budget v1: $400 combined conservative planning amount includes Codex, another subscription, website and database; not verified recurring invoices. The first $100 infrastructure tier reference is treated as covered; only higher automatic tier increments are additional. This fixed scenario reference is provisional overlap treatment, not invoice allocation. Explicit manual and dated infrastructure amounts are additional; if intended as replacements, reconcile the baseline before entering them.",0,0,0,0,0,0,0,400,2079.563407811573,0,0,0,0,0,RECONCILED,0,400,0,400,RECONCILED,0,0,8524.306095457545,8124.306095457545,29736.788382373554,0,0,0,0,2479.563407811573,8124.306095457545,37861.094477831095,0,0,0,0,false,Unavailable: configure distribution and tax planning (or explicitly opt into provisional untaxed illustration),0,25000,0,37861.094477831095,10080.362377290168,,,,0,,,,,,,,milestone,,cac,,264.00000000000006,0,51.774000000000015,Early Traction,0,0,0.5653515693513061,true,true,0,
false,,,,,,,,,,,0,0,47709.757187259165,11516.662180936213,0,2500.2321257429758,400,2900.2321257429758,0,0,0,0,0,0,36193.095006322954,0,22709.757187259165,Unavailable: configure distribution and tax planning (or explicitly opt into provisional untaxed illustration),false,0,0,0,0,9,2027-05-01,FORECAST,40.16617236086786,25000,0,15000,0,10000,FORECAST prelaunch payment; not actual or verified quote,48.29126831504183,9.5,9.5,9.5,0,,month_4_to_12_ramp,FOUNDER_MONTH_12_TARGET,false,0.8333333333333321,0.096153846153846,9.5,0,0,0,0,0,0,0,1.3749040458260364,0,1.3749040458260362,48.29126831504183,4.75,2.85,1.9000000000000004,0,0,0,24.145634157520917,14.487380494512548,9.658253663008367,12748.894835171042,12748.894835171042,0,12748.894835171042,0,12748.894835171042,RECONCILED,12748.894835171044,0,12748.894835171044,RECONCILED,2026.7845311823057,473.4475945606702,473.4475945606702,384.2053307144729,89.24226384619732,48.29126831504183,2500.2321257429758,0,0,0,0,400,2900.2321257429758,9848.662709428067,,,Founder pay unchanged,"Starting overhead budget v1: $400 combined conservative planning amount includes Codex, another subscription, website and database; not verified recurring invoices. The first $100 infrastructure tier reference is treated as covered; only higher automatic tier increments are additional. This fixed scenario reference is provisional overlap treatment, not invoice allocation. Explicit manual and dated infrastructure amounts are additional; if intended as replacements, reconcile the baseline before entering them.",0,0,0,0,0,0,0,400,2500.2321257429758,0,0,0,0,0,RECONCILED,0,400,0,400,RECONCILED,0,0,10248.662709428067,9848.662709428067,37861.094477831095,0,0,0,0,2900.2321257429758,9848.662709428068,47709.757187259165,0,0,0,0,false,Unavailable: configure distribution and tax planning (or explicitly opt into provisional untaxed illustration),0,25000,0,47709.757187259165,11516.662180936213,,,,0,,,,,,,,milestone,,cac,,263.99999999999994,0,51.774,Early Traction,0,0,0.5719720931781958,true,true,0,
false,,,,,,,,,,,0,0,59404.26206482739,16501.087156966336,0,2950.5380845476866,400,3350.5380845476866,0,0,0,0,0,0,42903.17490786105,0,34404.26206482739,Unavailable: configure distribution and tax planning (or explicitly opt into provisional untaxed illustration),false,0,0,0,0,10,2027-06-01,FORECAST,48.29126831504183,25000,0,15000,0,10000,FORECAST prelaunch payment; not actual or verified quote,56.988799098923906,10.333333333333332,10.333333333333332,10.333333333333332,0,,month_4_to_12_ramp,FOUNDER_MONTH_12_TARGET,false,0.8333333333333321,0.0877192982456139,10.333333333333332,0,0,0,0,0,0,0,1.6358025494512554,0,1.6358025494512554,56.988799098923906,5.166666666666666,3.0999999999999996,2.0666666666666664,0,0,0,28.494399549461953,17.09663972967717,11.397759819784781,15045.04296211591,15045.04296211591,0,15045.04296211591,0,15045.04296211591,RECONCILED,15045.042962115911,0,15045.042962115911,RECONCILED,2391.8198981818364,558.71818636585,558.71818636585,453.40288563103866,105.31530073481139,56.988799098923906,2950.5380845476866,0,0,0,0,400,3350.5380845476866,11694.504877568223,,,Founder pay unchanged,"Starting overhead budget v1: $400 combined conservative planning amount includes Codex, another subscription, website and database; not verified recurring invoices. The first $100 infrastructure tier reference is treated as covered; only higher automatic tier increments are additional. This fixed scenario reference is provisional overlap treatment, not invoice allocation. Explicit manual and dated infrastructure amounts are additional; if intended as replacements, reconcile the baseline before entering them.",0,0,0,0,0,0,0,400,2950.5380845476866,0,0,0,0,0,RECONCILED,0,400,0,400,RECONCILED,0,0,12094.504877568223,11694.504877568223,47709.757187259165,0,0,0,0,3350.5380845476866,11694.504877568224,59404.26206482739,0,0,0,0,false,Unavailable: configure distribution and tax planning (or explicitly opt into provisional untaxed illustration),0,25000,0,59404.26206482739,16501.087156966336,,,,0,,,,,,,,milestone,,cac,,263.99999999999994,0,51.77400000000001,Early Traction,0,0,0.5788702412873918,true,true,0,
false,,,,,,,,,,,0,0,73062.45009808031,21511.366646348215,0,3429.592166999506,400,3829.592166999506,0,1.4551915228366852e-11,0,0,0,0,51551.0834517321,0,48062.45009808031,Unavailable: configure distribution and tax planning (or explicitly opt into provisional untaxed illustration),false,0,0,0,0,11,2027-07-01,FORECAST,56.988799098923906,25000,0,15000,0,10000,FORECAST prelaunch payment; not actual or verified quote,66.24159166762286,11.166666666666666,11.166666666666666,11.166666666666666,0,,month_4_to_12_ramp,FOUNDER_MONTH_12_TARGET,false,0.8333333333333339,0.08064516129032265,11.166666666666666,0,0,0,0,0,0,0,1.9138740979677176,0,1.9138740979677178,66.24159166762286,5.583333333333333,3.3499999999999996,2.2333333333333334,0,0,0,33.12079583381143,19.872477500286855,13.248318333524573,17487.780200252433,17487.780200252433,0,17487.780200252433,0,17487.780200252433,RECONCILED,17487.780200252437,0,17487.780200252437,RECONCILED,2780.1596022901313,649.4325647093747,649.4325647093747,527.0181033076076,122.41446140176707,66.24159166762284,3429.592166999506,0,0,0,0,400,3829.592166999506,13658.188033252927,,,Founder pay unchanged,"Starting overhead budget v1: $400 combined conservative planning amount includes Codex, another subscription, website and database; not verified recurring invoices. The first $100 infrastructure tier reference is treated as covered; only higher automatic tier increments are additional. This fixed scenario reference is provisional overlap treatment, not invoice allocation. Explicit manual and dated infrastructure amounts are additional; if intended as replacements, reconcile the baseline before entering them.",0,0,0,0,0,0,0,400,3429.592166999506,0,0,0,0,0,RECONCILED,0,400,0,400,RECONCILED,0,0,14058.188033252927,13658.188033252927,59404.26206482739,0,0,0,0,3829.592166999506,13658.18803325293,73062.45009808031,0,0,0,0,false,Unavailable: configure distribution and tax planning (or explicitly opt into provisional untaxed illustration),0,25000,0,73062.45009808031,21511.366646348215,,,,0,,,,,,,,milestone,,cac,,264,0,51.774,Early Traction,0,0,0.5860376849504252,true,true,0,
false,,,,,,,,,,,0,0,88798.62704493615,26539.85143537791,0,3936.5319293890207,400,4336.531929389021,0,0,0,0,0,0,62258.77560955824,0,63798.627044936155,Unavailable: configure distribution and tax planning (or explicitly opt into provisional untaxed illustration),false,0,0,0,0,12,2027-08-01,FORECAST,66.24159166762286,25000,0,15000,0,10000,FORECAST prelaunch payment; not actual or verified quote,76.03298816759417,12,12,12,0,,month_4_to_12_ramp,FOUNDER_MONTH_12_TARGET,false,0.8333333333333339,0.07462686567164185,12,0,0,0,0,0,0,0,2.2086035000286866,0,2.2086035000286866,76.03298816759417,6,3.5999999999999996,2.4000000000000004,0,0,0,38.016494083797085,22.809896450278245,15.206597633518834,20072.708876244862,20072.708876244862,0,20072.708876244862,0,20072.708876244862,RECONCILED,20072.70887624486,0,20072.70887624486,RECONCILED,3191.1045133939274,745.4274159950933,745.4274159950933,604.9184538613792,140.50896213371402,76.03298816759418,3936.5319293890207,0,0,0,0,400,4336.531929389021,15736.176946855841,,,Founder pay unchanged,"Starting overhead budget v1: $400 combined conservative planning amount includes Codex, another subscription, website and database; not verified recurring invoices. The first $100 infrastructure tier reference is treated as covered; only higher automatic tier increments are additional. This fixed scenario reference is provisional overlap treatment, not invoice allocation. Explicit manual and dated infrastructure amounts are additional; if intended as replacements, reconcile the baseline before entering them.",0,0,0,0,0,0,0,400,3936.5319293890207,0,0,0,0,0,RECONCILED,0,400,0,400,RECONCILED,0,0,16136.176946855841,15736.176946855841,73062.45009808031,0,0,0,0,4336.531929389021,15736.176946855838,88798.62704493615,0,0,0,0,false,Unavailable: configure distribution and tax planning (or explicitly opt into provisional untaxed illustration),0,25000,0,88798.62704493615,26539.85143537791,,,,0,,,,,,,,milestone,,cac,,264,0,51.774,First Operational Help,0,0,0.5934663453006808,true,true,0,
false,,,,,,,,,,,0,0,103077.91530727218,29327.339617258327,0,4434.963060577809,3900,8334.96306057781,-1.8189894035458565e-12,1.4551915228366852e-11,0,0,0,0,73750.57569001385,0,78077.9153072722,Unavailable: configure distribution and tax planning (or explicitly opt into provisional untaxed illustration),false,0,0,0,0,13,2027-09-01,FORECAST,76.03298816759417,25000,0,15000,0,10000,FORECAST prelaunch payment; not actual or verified quote,85.66004288982518,12.138671875,12.138671875,12.138671875,0,,month_12_to_peak_smoothstep,FOUNDER_PEAK_TARGET_AND_MONTH,false,0.138671875,0.011555989583333334,12.138671875,0,0,0,0,0,0,0,2.511617152768979,0,2.511617152768979,85.66004288982518,6.0693359375,3.6416015625,2.427734375,0,0,0,42.83002144491259,25.698012866947554,17.13200857796504,22614.25132291385,22614.25132291385,0,22614.25132291385,0,22614.25132291385,RECONCILED,22614.25132291385,0,22614.25132291385,RECONCILED,3595.152000085963,839.8110604918463,839.8110604918463,681.5113012314494,158.29975926039697,85.66004288982519,4434.963060577809,0,0,3500,3500,400,4834.963060577809,17779.288262336042,,,Founder pay begins,"Starting overhead budget v1: $400 combined conservative planning amount includes Codex, another subscription, website and database; not verified recurring invoices. The first $100 infrastructure tier reference is treated as covered; only higher automatic tier increments are additional. This fixed scenario reference is provisional overlap treatment, not invoice allocation. Explicit manual and dated infrastructure amounts are additional; if intended as replacements, reconcile the baseline before entering them.",0,0,0,0,0,3500,0,400,4434.963060577809,0,3500,0,0,0,RECONCILED,0,400,0,3900,RECONCILED,0,0,18179.288262336042,14279.288262336042,88798.62704493615,0,0,0,0,8334.96306057781,14279.28826233604,103077.91530727218,0,0,0,0,false,Unavailable: configure distribution and tax planning (or explicitly opt into provisional untaxed illustration),0,25000,0,103077.91530727218,29327.339617258327,,,,0,,,,,,,,milestone,,cac,,264.00000000000006,0,51.77400000000001,First Operational Help,0,0,0.5985813154568147,true,true,1,"Founder compensation milestone: decision M13, start M13, end M26"
false,,,,,,,,,,,0,0,119426.86655977722,32208.718642761916,0,4939.871656381385,3900,8839.871656381385,1.8189894035458565e-12,1.4551915228366852e-11,0,0,0,0,87218.1479170153,0,94426.86655977723,Unavailable: configure distribution and tax planning (or explicitly opt into provisional untaxed illustration),false,0,0,0,0,14,2027-10-01,FORECAST,85.66004288982518,25000,0,15000,0,10000,FORECAST prelaunch payment; not actual or verified quote,95.41220798820615,12.546875,12.546875,12.546875,0,,month_12_to_peak_smoothstep,FOUNDER_PEAK_TARGET_AND_MONTH,false,0.408203125,0.033628318584070796,12.546875,0,0,0,0,0,0,0,2.7947099016190404,0,2.79470990161904,95.41220798820615,6.2734375,3.7640624999999996,2.5093750000000004,0,0,0,47.70610399410308,28.623662396461846,19.08244159764123,25188.822908886425,25188.822908886425,0,25188.822908886425,0,25188.822908886425,RECONCILED,25188.822908886425,0,25188.822908886425,RECONCILED,4004.450369265012,935.4212871163732,935.4212871163732,759.0995267541682,176.321760362205,95.41220798820613,4939.871656381385,0,0,3500,3500,400,5339.871656381385,19848.951252505038,,,Founder pay unchanged,"Starting overhead budget v1: $400 combined conservative planning amount includes Codex, another subscription, website and database; not verified recurring invoices. The first $100 infrastructure tier reference is treated as covered; only higher automatic tier increments are additional. This fixed scenario reference is provisional overlap treatment, not invoice allocation. Explicit manual and dated infrastructure amounts are additional; if intended as replacements, reconcile the baseline before entering them.",0,0,0,0,0,3500,0,400,4939.871656381385,0,3500,0,0,0,RECONCILED,0,400,0,3900,RECONCILED,0,0,20248.951252505038,16348.951252505038,103077.91530727218,0,0,0,0,8839.871656381385,16348.95125250504,119426.86655977722,0,0,0,0,false,Unavailable: configure distribution and tax planning (or explicitly opt into provisional untaxed illustration),0,25000,0,119426.86655977722,32208.718642761916,,,,0,,,,,,,,milestone,,cac,,264,0,51.774,First Operational Help,0,0,0.6046237577714163,true,true,0,
false,,,,,,,,,,,0,0,137928.43178717187,35199.655664673024,0,5465.016718418715,3900,9365.016718418716,0,0,0,0,0,0,102728.77612249885,0,112928.43178717187,Unavailable: configure distribution and tax planning (or explicitly opt into provisional untaxed illustration),false,0,0,0,0,15,2027-11-01,FORECAST,95.41220798820615,25000,0,15000,0,10000,FORECAST prelaunch payment; not actual or verified quote,105.55523464323241,13.212890625,13.212890625,13.212890625,0,,month_12_to_peak_smoothstep,FOUNDER_PEAK_TARGET_AND_MONTH,false,0.666015625,0.053082191780821915,13.212890625,0,0,0,0,0,0,0,3.0698639699737567,0,3.069863969973756,105.55523464323241,6.6064453125,3.9638671875,2.642578125,0,0,0,52.777617321616205,31.666570392969717,21.11104692864648,27866.581945813352,27866.581945813352,0,27866.581945813352,0,27866.581945813352,RECONCILED,27866.581945813356,0,27866.581945813356,RECONCILED,4430.153197976464,1034.8635204422508,1034.8635204422508,839.7974468215572,195.06607362069352,105.55523464323241,5465.016718418715,0,0,3500,3500,400,5865.016718418716,22001.565227394636,,,Founder pay unchanged,"Starting overhead budget v1: $400 combined conservative planning amount includes Codex, another subscription, website and database; not verified recurring invoices. The first $100 infrastructure tier reference is treated as covered; only higher automatic tier increments are additional. This fixed scenario reference is provisional overlap treatment, not invoice allocation. Explicit manual and dated infrastructure amounts are additional; if intended as replacements, reconcile the baseline before entering them.",0,0,0,0,0,3500,0,400,5465.016718418715,0,3500,0,0,0,RECONCILED,0,400,0,3900,RECONCILED,0,0,22401.565227394636,18501.565227394636,119426.86655977722,0,0,0,0,9365.016718418716,18501.56522739464,137928.43178717187,0,0,0,0,false,Unavailable: configure distribution and tax planning (or explicitly opt into provisional untaxed illustration),0,25000,0,137928.43178717187,35199.655664673024,,,,0,,,,,,,,milestone,,cac,,263.99999999999994,0,51.774,First Operational Help,0,0,0.6116848717561,true,true,3,"Shared platform infrastructure step: decision M15, start M16, end M33; Bookkeeping support: decision M15, start M16; Routine corporate / legal coordination: decision M15, start M16"
false,,,,,,,,,,,0,0,157514.96822209941,37111.006868798664,0,6022.4512424582235,5100,11122.451242458224,0,0,0,0,0,0,120403.96135330075,0,132514.96822209941,Unavailable: configure distribution and tax planning (or explicitly opt into provisional untaxed illustration),false,0,0,0,0,16,2027-12-01,FORECAST,105.55523464323241,25000,0,15000,0,10000,FORECAST prelaunch payment; not actual or verified quote,116.32192302040063,14.125,14.125,14.125,0,,month_12_to_peak_smoothstep,FOUNDER_PEAK_TARGET_AND_MONTH,false,0.912109375,0.06903178122690318,14.125,0,0,0,0,0,0,0,3.3583116228317516,0,3.358311622831752,116.32192302040063,7.0625,4.2375,2.825,0,0,0,58.16096151020032,34.89657690612019,23.264384604080124,30708.98767738577,30708.98767738577,0,30708.98767738577,0,30708.98767738577,RECONCILED,30708.987677385758,0,30708.987677385758,RECONCILED,4882.031109166216,1140.4201332920077,1140.4201332920077,925.4572195503074,214.96291374170033,116.32192302040062,6022.4512424582235,0,0,3500,3500,1600,7622.451242458224,23086.536434927544,,,Founder pay unchanged,"Starting overhead budget v1: $400 combined conservative planning amount includes Codex, another subscription, website and database; not verified recurring invoices. The first $100 infrastructure tier reference is treated as covered; only higher automatic tier increments are additional. This fixed scenario reference is provisional overlap treatment, not invoice allocation. Explicit manual and dated infrastructure amounts are additional; if intended as replacements, reconcile the baseline before entering them.",0,0,0,0,0,3500,400,400,6022.4512424582235,400,4300,0,0,0,RECONCILED,800,800,0,5100,RECONCILED,0,0,24686.536434927544,19586.536434927544,137928.43178717187,0,0,0,0,11122.451242458224,19586.536434927533,157514.96822209941,0,0,0,0,false,Unavailable: configure distribution and tax planning (or explicitly opt into provisional untaxed illustration),0,25000,0,157514.96822209941,37111.006868798664,,,,0,,,,,,,,milestone,,cac,,264,0,51.77400000000001,First Operational Help,0,0,0.6198398760607023,true,true,0,
false,,,,,,,,,,,0,0,179556.0341473461,44214.35342704021,0,6621.250681884978,5100,11721.250681884978,0,0,0,0,0,0,135341.68072030589,0,154556.0341473461,Unavailable: configure distribution and tax planning (or explicitly opt into provisional untaxed illustration),false,0,0,0,0,17,2028-01-01,FORECAST,116.32192302040063,25000,0,15000,0,10000,FORECAST prelaunch payment; not actual or verified quote,127.8875629058017,15.271484375,15.271484375,15.23252237215909,0.03896200284090945,SALES_CAPACITY,month_12_to_peak_smoothstep,FOUNDER_PEAK_TARGET_AND_MONTH,false,1.146484375,0.08116703539823009,15.23252237215909,0,0,0,0,0,0,0,3.666882486758022,0,3.666882486758023,127.8875629058017,7.616261186079545,4.569756711647727,3.046504474431819,0,0,0,63.94378145290086,38.36626887174051,25.57751258116034,33762.31660713165,33762.31660713165,0,33762.31660713165,0,33762.31660713165,RECONCILED,33762.31660713165,0,33762.31660713165,RECONCILED,5367.441015156498,1253.8096667284801,1253.8096667284801,1017.4734504785586,236.3362162499216,127.88756290580172,6621.250681884978,0,0,3500,3500,1600,8221.250681884978,25541.065925246672,,,Founder pay unchanged,"Starting overhead budget v1: $400 combined conservative planning amount includes Codex, another subscription, website and database; not verified recurring invoices. The first $100 infrastructure tier reference is treated as covered; only higher automatic tier increments are additional. This fixed scenario reference is provisional overlap treatment, not invoice allocation. Explicit manual and dated infrastructure amounts are additional; if intended as replacements, reconcile the baseline before entering them.",0,0,0,0,0,3500,400,400,6621.250681884978,400,4300,0,0,0,RECONCILED,800,800,0,5100,RECONCILED,0,0,27141.065925246672,22041.065925246672,157514.96822209941,0,0,0,0,11721.250681884978,22041.065925246672,179556.0341473461,0,0,0,0,false,Unavailable: configure distribution and tax planning (or explicitly opt into provisional untaxed illustration),0,25000,0,179556.0341473461,44214.35342704021,,,,0,,,,,,,,milestone,,cac,,264,0,51.77400000000001,First Operational Help,0,0,0.6289804294168385,true,true,0,
false,,,,,,,,,,,0,0,204198.80153049665,61684.217166146474,0,7255.953740329821,5100,12355.95374032982,3.637978807091713e-12,-2.9103830456733704e-11,0,0,0,0,142514.5843643502,0,179198.80153049665,Unavailable: configure distribution and tax planning (or explicitly opt into provisional untaxed illustration),false,0,0,0,0,18,2028-02-01,FORECAST,127.8875629058017,25000,0,15000,0,10000,FORECAST prelaunch payment; not actual or verified quote,140.14667092227415,16.640625,16.640625,16.259377840909092,0.3812471590909077,SALES_CAPACITY,month_12_to_peak_smoothstep,FOUNDER_PEAK_TARGET_AND_MONTH,false,1.369140625,0.08965340836424095,16.259377840909092,0,0,0,0,0,0,0,4.000269824436648,0,4.000269824436648,140.14667092227415,8.129688920454546,4.877813352272727,3.251875568181818,0,0,0,70.07333546113708,42.044001276682245,28.029334184454825,36998.72112348037,36998.72112348037,0,36998.72112348037,0,36998.72112348037,RECONCILED,36998.72112348037,0,36998.72112348037,RECONCILED,5881.955778607846,1373.9979617219758,1373.9979617219758,1115.0069138576132,258.9910478643626,140.14667092227418,7255.953740329822,0,0,3500,3500,1600,8855.95374032982,28142.767383150545,,,Founder pay unchanged,"Starting overhead budget v1: $400 combined conservative planning amount includes Codex, another subscription, website and database; not verified recurring invoices. The first $100 infrastructure tier reference is treated as covered; only higher automatic tier increments are additional. This fixed scenario reference is provisional overlap treatment, not invoice allocation. Explicit manual and dated infrastructure amounts are additional; if intended as replacements, reconcile the baseline before entering them.",0,0,0,0,0,3500,400,400,7255.953740329822,400,4300,0,0,0,RECONCILED,800,800,0,5100,RECONCILED,0,0,29742.767383150545,24642.767383150545,179556.0341473461,0,0,0,0,12355.953740329822,24642.767383150545,204198.80153049665,0,0,0,0,false,Unavailable: configure distribution and tax planning (or explicitly opt into provisional untaxed illustration),0,25000,0,204198.80153049665,61684.217166146474,,,,0,,,,,,,,milestone,,cac,,263.99999999999994,0,51.774,First Operational Help,0,0,0.6379614633278298,true,true,0,
false,,,,,,,,,,,0,0,231620.12802697573,74930.40532343228,0,7933.802446583863,5100,13033.802446583863,0,0,0,0,0,0,156689.72270354343,0,206620.1280269757,Unavailable: configure distribution and tax planning (or explicitly opt into provisional untaxed illustration),false,0,0,0,0,19,2028-03-01,FORECAST,140.14667092227415,25000,0,15000,0,10000,FORECAST prelaunch payment; not actual or verified quote,153.23912478432922,18.220703125,18.220703125,17.444436434659092,0.7762666903409077,SALES_CAPACITY,month_12_to_peak_smoothstep,FOUNDER_PEAK_TARGET_AND_MONTH,false,1.580078125,0.09495305164319248,17.444436434659092,0,0,0,0,0,0,0,4.351982572604016,0,4.351982572604016,153.23912478432922,8.722218217329546,5.2333309303977265,3.4888872869318184,0,0,0,76.61956239216461,45.97173743529876,30.64782495686584,40455.12894306291,40455.12894306291,0,40455.12894306291,0,40455.12894306291,RECONCILED,40455.12894306293,0,40455.12894306293,RECONCILED,6431.446067198298,1502.3563793855647,1502.3563793855647,1219.170476784124,283.18590260144055,153.23912478432928,7933.802446583863,0,0,3500,3500,1600,9533.802446583863,30921.32649647905,,,Founder pay unchanged,"Starting overhead budget v1: $400 combined conservative planning amount includes Codex, another subscription, website and database; not verified recurring invoices. The first $100 infrastructure tier reference is treated as covered; only higher automatic tier increments are additional. This fixed scenario reference is provisional overlap treatment, not invoice allocation. Explicit manual and dated infrastructure amounts are additional; if intended as replacements, reconcile the baseline before entering them.",0,0,0,0,0,3500,400,400,7933.802446583863,400,4300,0,0,0,RECONCILED,800,800,0,5100,RECONCILED,0,0,32521.32649647905,27421.32649647905,204198.80153049665,0,0,0,0,13033.802446583863,27421.326496479072,231620.12802697573,0,0,0,0,false,Unavailable: configure distribution and tax planning (or explicitly opt into provisional untaxed illustration),0,25000,0,231620.12802697573,74930.40532343228,,,,0,,,,,,,,milestone,,cac,,264,0,51.77400000000001,First Full-Time Team Member,0,0,0.6478143277874869,true,true,3,"Sales: decision M19, start M21; Sales contractor bridge: decision M19, start M20, end M20; Operations / Support contractor bridge: decision M19, start M20, end M29"
false,,,,,,,,,,,0,0,257282.98919055378,83431.25201600244,0,8724.597240126523,10100,18824.597240126524,0,0,0,0,0,0,173851.73717455135,0,232282.98919055378,Unavailable: configure distribution and tax planning (or explicitly opt into provisional untaxed illustration),false,0,0,2500,125,20,2028-04-01,FORECAST,153.23912478432922,25000,0,15000,0,10000,FORECAST prelaunch payment; not actual or verified quote,168.51310001403255,20,20,20,0,,month_12_to_peak_smoothstep,FOUNDER_PEAK_TARGET_AND_MONTH,false,1.779296875,0.09765248150927217,20,0,0,0,0,0,0,0,4.726024770296656,0,4.726024770296655,168.51310001403255,10,6,4,0,0,0,84.25655000701629,50.55393000420976,33.70262000280651,44487.4584037046,44487.4584037046,0,44487.4584037046,0,44487.4584037046,RECONCILED,44487.45840370459,0,44487.45840370459,RECONCILED,7072.494807588948,1652.1024325375756,1652.1024325375756,1340.6902237116433,311.4122088259322,168.5131000140326,8724.597240126524,0,2500,3500,3500,6600,15324.597240126524,29162.861163578076,,,Founder pay unchanged,"Starting overhead budget v1: $400 combined conservative planning amount includes Codex, another subscription, website and database; not verified recurring invoices. The first $100 infrastructure tier reference is treated as covered; only higher automatic tier increments are additional. This fixed scenario reference is provisional overlap treatment, not invoice allocation. Explicit manual and dated infrastructure amounts are additional; if intended as replacements, reconcile the baseline before entering them.",0,0,5000,0,0,3500,400,400,8724.597240126524,400,9300,0,2500,2500,RECONCILED,800,5800,0,10100,RECONCILED,0,125,30762.861163578076,25662.861163578076,231620.12802697573,0,0,0,0,18824.597240126524,25662.86116357807,257282.98919055378,0,0,0,0,false,Unavailable: configure distribution and tax planning (or explicitly opt into provisional untaxed illustration),0,25000,0,257282.98919055378,83431.25201600244,,,,0,,,,,,,,milestone,,cac,,264.00000000000006,14.83564185687533,51.77400000000002,First Full-Time Team Member,0,0.7272727272727273,0.5258239053185839,true,true,0,
false,,,,,,,,,,,0,0,276376.85754901177,82072.74652110739,0,9593.817479436091,20232,29825.81747943609,0,0,0,0,0,0,194304.11102790438,0,251376.85754901177,Unavailable: configure distribution and tax planning (or explicitly opt into provisional untaxed illustration),false,0,0,8000,364.1860051569307,21,2028-05-01,FORECAST,168.51310001403255,25000,0,15000,0,10000,FORECAST prelaunch payment; not actual or verified quote,185.3018402950533,21.966796875,21.966796875,21.966796875,0,,month_12_to_peak_smoothstep,FOUNDER_PEAK_TARGET_AND_MONTH,false,1.966796875,0.09833984375,21.966796875,0,0,0,0,0,0,0,5.178056593979266,0,5.178056593979266,185.3018402950533,10.9833984375,6.5900390625,4.393359375,0,0,0,92.65092014752665,55.59055208851598,37.06036805901066,48919.68583789407,48919.68583789407,0,48919.68583789407,0,48919.68583789407,RECONCILED,48919.685837894074,0,48919.685837894074,RECONCILED,7777.118237183388,1816.699242252703,1816.699242252703,1474.2614413874444,342.43780086525857,185.3018402950533,9593.817479436091,0,8000,3500,3500,16732,26325.81747943609,22593.868358457978,,,Founder pay unchanged,"Starting overhead budget v1: $400 combined conservative planning amount includes Codex, another subscription, website and database; not verified recurring invoices. The first $100 infrastructure tier reference is treated as covered; only higher automatic tier increments are additional. This fixed scenario reference is provisional overlap treatment, not invoice allocation. Explicit manual and dated infrastructure amounts are additional; if intended as replacements, reconcile the baseline before entering them.",8000,4500,2500,132,8000,11500,400,400,9593.817479436091,400,19432,0,2500,2500,RECONCILED,800,7932,0,20232,RECONCILED,0,364.1860051569307,28825.868358457978,19093.868358457978,257282.98919055378,0,0,0,0,29825.81747943609,19093.868358457985,276376.85754901177,0,0,0,0,false,Unavailable: configure distribution and tax planning (or explicitly opt into provisional untaxed illustration),0,25000,0,276376.85754901177,82072.74652110739,,,,0,,,,,,,,milestone,,cac,,264,13.491501196206622,51.77400000000001,First Full-Time Team Member,1,0.36363636363636365,0.5339662504895177,true,true,0,
false,,,,,,,,,,,0,0,303881.9621555101,85502.54438214347,0,10547.990603869663,15732,26279.990603869664,0,0,0,0,0,0,218379.41777336661,0,278881.9621555101,Unavailable: configure distribution and tax planning (or explicitly opt into provisional untaxed illustration),false,0,0,8000,331.8211276733636,22,2028-06-01,FORECAST,185.3018402950533,25000,0,15000,0,10000,FORECAST prelaunch payment; not actual or verified quote,203.73142125139378,24.109375,24.109375,24.109375,0,,month_12_to_peak_smoothstep,FOUNDER_PEAK_TARGET_AND_MONTH,false,2.142578125,0.09753712101004712,24.109375,0,0,0,0,0,0,0,5.679794043659516,0,5.679794043659515,203.73142125139378,12.0546875,7.2328125,4.821875,0,0,0,101.86571062569689,61.11942637541812,40.74628425027875,53785.09521036796,53785.09521036796,0,53785.09521036796,0,53785.09521036796,RECONCILED,53785.09521036797,0,53785.09521036797,RECONCILED,8550.607749920997,1997.3828539486651,1997.3828539486651,1620.8871874760894,376.4956664725758,203.73142125139378,10547.990603869663,0,8000,3500,3500,12232,22779.990603869664,31005.104606498295,,,Founder pay unchanged,"Starting overhead budget v1: $400 combined conservative planning amount includes Codex, another subscription, website and database; not verified recurring invoices. The first $100 infrastructure tier reference is treated as covered; only higher automatic tier increments are additional. This fixed scenario reference is provisional overlap treatment, not invoice allocation. Explicit manual and dated infrastructure amounts are additional; if intended as replacements, reconcile the baseline before entering them.",8000,0,2500,132,8000,11500,400,400,10547.990603869663,400,14932,0,2500,2500,RECONCILED,800,3432,0,15732,RECONCILED,0,331.8211276733636,32737.104606498295,27505.104606498295,276376.85754901177,0,0,0,0,26279.990603869664,27505.104606498302,303881.9621555101,0,0,0,0,false,Unavailable: configure distribution and tax planning (or explicitly opt into provisional untaxed illustration),0,25000,0,303881.9621555101,85502.54438214347,,,,0,,,,,,,,milestone,,cac,,264,12.27105757493898,51.77400000000001,First Full-Time Team Member,1,0.36363636363636365,0.5429043844406297,true,true,0,
false,,,,,,,,,,,0,0,335672.4682794427,89233.52131493101,0,11593.44393269669,15732,27325.44393269669,0,0,0,0,0,0,246438.94696451168,0,310672.46827944275,Unavailable: configure distribution and tax planning (or explicitly opt into provisional untaxed illustration),false,0,0,8000,302.84658040665437,23,2028-07-01,FORECAST,203.73142125139378,25000,0,15000,0,10000,FORECAST prelaunch payment; not actual or verified quote,223.924053244808,26.416015625,26.416015625,26.416015625,0,,month_12_to_peak_smoothstep,FOUNDER_PEAK_TARGET_AND_MONTH,false,2.306640625,0.09567401166558652,26.416015625,0,0,0,0,0,0,0,6.223383631585761,0,6.223383631585762,223.924053244808,13.2080078125,7.9248046875,5.283203125,0,0,0,111.962026622404,67.1772159734424,44.78481064896161,59115.95005662932,59115.95005662932,0,59115.95005662932,0,59115.95005662932,RECONCILED,59115.95005662931,0,59115.95005662931,RECONCILED,9398.092514684593,2195.351418012098,2195.351418012098,1781.5397676156927,413.81165039640524,223.92405324480805,11593.443932696691,0,8000,3500,3500,12232,23825.44393269669,35290.50612393263,,,Founder pay unchanged,"Starting overhead budget v1: $400 combined conservative planning amount includes Codex, another subscription, website and database; not verified recurring invoices. The first $100 infrastructure tier reference is treated as covered; only higher automatic tier increments are additional. This fixed scenario reference is provisional overlap treatment, not invoice allocation. Explicit manual and dated infrastructure amounts are additional; if intended as replacements, reconcile the baseline before entering them.",8000,0,2500,132,8000,11500,400,400,11593.443932696691,400,14932,0,2500,2500,RECONCILED,800,3432,0,15732,RECONCILED,0,302.84658040665437,37022.50612393263,31790.50612393263,303881.9621555101,0,0,0,0,27325.44393269669,31790.506123932624,335672.4682794427,0,0,0,0,false,Unavailable: configure distribution and tax planning (or explicitly opt into provisional untaxed illustration),0,25000,0,335672.4682794427,89233.52131493101,,,,0,,,,,,,,milestone,,cac,,264.00000000000006,11.164499587129397,51.77400000000001,First Full-Time Team Member,1,0.36363636363636365,0.5568834900263502,true,true,0,
false,,,,,,,,,,,0,0,372143.58801582013,95776.33433469321,0,12735.311984541037,15732,28467.311984541037,0,0,0,0,0,0,276367.2536811269,0,347143.5880158202,Unavailable: configure distribution and tax planning (or explicitly opt into provisional untaxed illustration),false,0,0,8000,277.05627705627705,24,2028-08-01,FORECAST,223.924053244808,25000,0,15000,0,10000,FORECAST prelaunch payment; not actual or verified quote,245.97890803378212,28.875,28.875,28.875,0,,month_12_to_peak_smoothstep,FOUNDER_PEAK_TARGET_AND_MONTH,false,2.458984375,0.09308687615526802,28.875,0,0,0,0,0,0,0,6.820145211025887,0,6.8201452110258876,245.97890803378212,14.4375,8.6625,5.775,0,0,0,122.98945401689106,73.79367241013463,49.19578160675642,64938.431720918496,64938.431720918496,0,64938.431720918496,0,64938.431720918496,RECONCILED,64938.43172091848,0,64938.43172091848,RECONCILED,10323.734770177836,2411.5772143632003,2411.5772143632003,1957.0081923167709,454.56902204642944,245.97890803378215,12735.311984541037,0,8000,3500,3500,12232,24967.311984541037,39971.119736377455,,,Founder pay unchanged,"Starting overhead budget v1: $400 combined conservative planning amount includes Codex, another subscription, website and database; not verified recurring invoices. The first $100 infrastructure tier reference is treated as covered; only higher automatic tier increments are additional. This fixed scenario reference is provisional overlap treatment, not invoice allocation. Explicit manual and dated infrastructure amounts are additional; if intended as replacements, reconcile the baseline before entering them.",8000,0,2500,132,8000,11500,400,400,12735.311984541037,400,14932,0,2500,2500,RECONCILED,800,3432,0,15732,RECONCILED,0,277.05627705627705,41703.119736377455,36471.119736377455,335672.4682794427,0,0,0,0,28467.311984541037,36471.11973637744,372143.58801582013,0,0,0,0,false,Unavailable: configure distribution and tax planning (or explicitly opt into provisional untaxed illustration),0,25000,0,372143.58801582013,95776.33433469321,,,,0,,,,,,,,milestone,,cac,,264.00000000000006,10.163473039146334,51.774,First Full-Time Team Member,1,0.36363636363636365,0.5748488930417881,true,true,0,
false,,,,,,,,,,,0,0,413707.72381280485,102639.74510848998,0,13977.788464905743,15732,29709.788464905745,0,0,0,0,0,0,311067.97870431485,0,388707.7238128049,Unavailable: configure distribution and tax planning (or explicitly opt into provisional untaxed illustration),false,0,0,8000,254.17313062364258,25,2028-09-01,FORECAST,245.97890803378212,25000,0,15000,0,10000,FORECAST prelaunch payment; not actual or verified quote,269.97698584049414,31.474609375,31.474609375,31.474609375,0,,month_12_to_peak_smoothstep,FOUNDER_PEAK_TARGET_AND_MONTH,false,2.599609375,0.0900297619047619,31.474609375,0,0,0,0,0,0,0,7.47653156828801,0,7.47653156828801,269.97698584049414,15.7373046875,9.4423828125,6.294921875,0,0,0,134.98849292024707,80.99309575214824,53.99539716809882,71273.92426189044,71273.92426189044,0,71273.92426189044,0,71273.92426189044,RECONCILED,71273.92426189044,0,71273.92426189044,RECONCILED,11330.934095725539,2646.8543691802047,2646.8543691802047,2147.9368993469716,498.91746983323316,269.9769858404941,13977.788464905743,0,8000,3500,3500,12232,26209.788464905745,45064.135796984694,,,Founder pay unchanged,"Starting overhead budget v1: $400 combined conservative planning amount includes Codex, another subscription, website and database; not verified recurring invoices. The first $100 infrastructure tier reference is treated as covered; only higher automatic tier increments are additional. This fixed scenario reference is provisional overlap treatment, not invoice allocation. Explicit manual and dated infrastructure amounts are additional; if intended as replacements, reconcile the baseline before entering them.",8000,0,2500,132,8000,11500,400,400,13977.788464905743,400,14932,0,2500,2500,RECONCILED,800,3432,0,15732,RECONCILED,0,254.17313062364258,46796.135796984694,41564.135796984694,372143.58801582013,0,0,0,0,29709.788464905745,41564.135796984694,413707.72381280485,0,0,0,0,false,Unavailable: configure distribution and tax planning (or explicitly opt into provisional untaxed illustration),0,25000,0,413707.72381280485,102639.74510848998,,,,0,,,,,,,,milestone,,cac,,263.99999999999994,9.260048563832148,51.774,First Full-Time Team Member,1,0.36363636363636365,0.5941724411697545,true,true,0,
false,,,,,,,,,,,0,0,460791.81958671176,108380.00138586288,0,15324.420865484233,15732,31056.420865484233,0,0,0,0,0,0,352411.8182008489,0,435791.8195867118,Unavailable: configure distribution and tax planning (or explicitly opt into provisional untaxed illustration),false,0,0,8000,233.89675650982184,26,2028-10-01,FORECAST,269.97698584049414,25000,0,15000,0,10000,FORECAST prelaunch payment; not actual or verified quote,295.9868054522392,34.203125,34.203125,34.203125,0,,month_12_to_peak_smoothstep,FOUNDER_PEAK_TARGET_AND_MONTH,false,2.728515625,0.08668941979522184,34.203125,0,0,0,0,0,0,0,8.193305388254897,0,8.193305388254899,295.9868054522392,17.1015625,10.260937499999999,6.840625,0,0,0,147.99340272611963,88.79604163567176,59.19736109044784,78140.51663939116,78140.51663939116,0,78140.51663939116,0,78140.51663939116,RECONCILED,78140.51663939115,0,78140.51663939115,RECONCILED,12422.56622483048,2901.8546406537534,2901.8546406537534,2354.8710241780154,546.9836164757381,295.9868054522393,15324.420865484233,0,8000,3500,3500,12232,27556.420865484233,50584.09577390693,,,Founder pay unchanged,"Starting overhead budget v1: $400 combined conservative planning amount includes Codex, another subscription, website and database; not verified recurring invoices. The first $100 infrastructure tier reference is treated as covered; only higher automatic tier increments are additional. This fixed scenario reference is provisional overlap treatment, not invoice allocation. Explicit manual and dated infrastructure amounts are additional; if intended as replacements, reconcile the baseline before entering them.",8000,0,2500,132,8000,11500,400,400,15324.420865484233,400,14932,0,2500,2500,RECONCILED,800,3432,0,15732,RECONCILED,0,233.89675650982184,52316.09577390693,47084.09577390693,413707.72381280485,0,0,0,0,31056.420865484233,47084.09577390691,460791.81958671176,0,0,0,0,false,Unavailable: configure distribution and tax planning (or explicitly opt into provisional untaxed illustration),0,25000,0,460791.81958671176,108380.00138586288,,,,0,,,,,,,,milestone,,cac,,264.00000000000006,8.446322450692495,51.774,First Full-Time Team Member,1,0.36363636363636365,0.6148527231985454,true,true,0,
false,,,,,,,,,,,0,0,511334.77143828315,111745.6433117391,0,16778.125004303238,18232,35010.125004303234,0,5.820766091346741e-11,0,0,0,0,399589.12812654406,0,486334.77143828326,Unavailable: configure distribution and tax planning (or explicitly opt into provisional untaxed illustration),false,0,0,8000,215.93125626021404,27,2028-11-01,FORECAST,295.9868054522392,25000,0,15000,0,10000,FORECAST prelaunch payment; not actual or verified quote,324.0646850601312,37.048828125,37.048828125,37.048828125,0,,month_12_to_peak_smoothstep,FOUNDER_PEAK_TARGET_AND_MONTH,false,2.845703125,0.0832000913659205,37.048828125,0,0,0,0,0,0,0,8.970948517107992,0,8.97094851710799,324.0646850601312,18.5244140625,11.1146484375,7.409765625,0,0,0,162.03234253006562,97.21940551803935,64.81293701202625,85553.07685587465,85553.07685587465,0,85553.07685587465,0,85553.07685587465,RECONCILED,85553.07685587465,0,85553.07685587465,RECONCILED,13600.99483197371,3177.1301723295273,3177.1301723295273,2578.2586343384046,598.8715379911226,324.06468506013135,16778.125004303238,0,8000,6000,6000,12232,29010.125004303234,56542.951851571415,,,Founder pay increases,"Starting overhead budget v1: $400 combined conservative planning amount includes Codex, another subscription, website and database; not verified recurring invoices. The first $100 infrastructure tier reference is treated as covered; only higher automatic tier increments are additional. This fixed scenario reference is provisional overlap treatment, not invoice allocation. Explicit manual and dated infrastructure amounts are additional; if intended as replacements, reconcile the baseline before entering them.",8000,0,2500,132,8000,14000,400,400,16778.125004303238,400,17432,0,2500,2500,RECONCILED,800,3432,0,18232,RECONCILED,0,215.93125626021404,58274.951851571415,50542.951851571415,460791.81958671176,0,0,0,0,35010.125004303234,50542.951851571415,511334.77143828315,0,0,0,0,false,Unavailable: configure distribution and tax planning (or explicitly opt into provisional untaxed illustration),0,25000,0,511334.77143828315,111745.6433117391,,,,0,,,,,,,,milestone,,cac,,264.00000000000006,7.714509217615358,51.774000000000015,Functional Team,1,0.36363636363636365,0.6368824107681929,true,true,1,"Founder compensation milestone: decision M27, start M27"
false,,,,,,,,,,,0,0,568284.8966291682,125646.03806662894,0,18341.199238702513,18232,36573.19923870251,0,-1.1641532182693481e-10,0,0,0,0,442638.8585625392,0,543284.8966291682,Unavailable: configure distribution and tax planning (or explicitly opt into provisional untaxed illustration),false,0,0,8000,200,28,2028-12-01,FORECAST,324.0646850601312,25000,0,15000,0,10000,FORECAST prelaunch payment; not actual or verified quote,354.2550167787405,40,40,40,0,,month_12_to_peak_smoothstep,FOUNDER_PEAK_TARGET_AND_MONTH,false,2.951171875,0.07965628130107016,40,0,0,0,0,0,0,0,9.809668281390678,0,9.809668281390678,354.2550167787405,20,12,8,0,0,0,177.1275083893703,106.27650503362213,70.8510033557481,93523.32442958749,93523.32442958749,0,93523.32442958749,0,93523.32442958749,RECONCILED,93523.3244295875,0,93523.3244295875,RECONCILED,14868.083054203738,3473.116184498773,3473.116184498773,2818.45291349166,654.6632710071126,354.2550167787406,18341.19923870251,0,8000,6000,6000,12232,30573.19923870251,62950.12519088498,,,Founder pay unchanged,"Starting overhead budget v1: $400 combined conservative planning amount includes Codex, another subscription, website and database; not verified recurring invoices. The first $100 infrastructure tier reference is treated as covered; only higher automatic tier increments are additional. This fixed scenario reference is provisional overlap treatment, not invoice allocation. Explicit manual and dated infrastructure amounts are additional; if intended as replacements, reconcile the baseline before entering them.",8000,0,2500,132,8000,14000,400,400,18341.19923870251,400,17432,0,2500,2500,RECONCILED,800,3432,0,18232,RECONCILED,0,200,64682.12519088498,56950.12519088498,511334.77143828315,0,0,0,0,36573.19923870251,56950.125190884995,568284.8966291682,0,0,0,0,false,Unavailable: configure distribution and tax planning (or explicitly opt into provisional untaxed illustration),0,25000,0,568284.8966291682,125646.03806662894,,,,0,,,,,,,,milestone,,cac,,264,7.05706308052496,51.773999999999994,Functional Team,1,0.36363636363636365,0.6602483915093198,true,true,0,
false,,,,,,,,,,,0,0,626151.0766291681,144516.718756413,0,18564.67714285714,18232,36796.67714285714,0,1.1641532182693481e-10,0,0,0,0,481634.35787275515,0,601151.0766291681,Unavailable: configure distribution and tax planning (or explicitly opt into provisional untaxed illustration),false,0,0,8000,532.4097805911209,29,2029-01-01,FORECAST,354.2550167787405,25000,0,15000,0,10000,FORECAST prelaunch payment; not actual or verified quote,358.5714285714286,43.044921875,43.044921875,15.026019978667195,28.018901896332807,OPERATIONAL_CAPACITY,month_12_to_peak_smoothstep,FOUNDER_PEAK_TARGET_AND_MONTH,false,3.044921875,0.076123046875,15.026019978667195,0,0,0,0,0,0,0,10.709608185979208,0,10.70960818597921,358.5714285714286,7.5130099893335975,4.507805993600159,3.005203995733439,0,0,0,179.2857142857143,107.57142857142857,71.71428571428571,94662.85714285713,94662.85714285713,0,94662.85714285713,0,94662.85714285713,RECONCILED,94662.85714285713,0,94662.85714285713,RECONCILED,15049.242857142857,3515.4342857142856,3515.4342857142856,2852.7942857142857,662.64,358.57142857142867,18564.677142857145,0,8000,6000,6000,12232,30796.677142857137,63866.17999999999,,,Founder pay unchanged,"Starting overhead budget v1: $400 combined conservative planning amount includes Codex, another subscription, website and database; not verified recurring invoices. The first $100 infrastructure tier reference is treated as covered; only higher automatic tier increments are additional. This fixed scenario reference is provisional overlap treatment, not invoice allocation. Explicit manual and dated infrastructure amounts are additional; if intended as replacements, reconcile the baseline before entering them.",8000,0,2500,132,8000,14000,400,400,18564.677142857145,400,17432,0,2500,2500,RECONCILED,800,3432,0,18232,RECONCILED,0,532.4097805911209,65598.18,57866.17999999999,568284.8966291682,0,0,0,0,36796.677142857145,57866.179999999986,626151.0766291681,0,0,0,0,false,Unavailable: configure distribution and tax planning (or explicitly opt into provisional untaxed illustration),0,25000,0,626151.0766291681,144516.718756413,,,,0,,,,,,,,milestone,,cac,,263.99999999999994,6.97211155378486,51.774,Functional Team,1,0.36363636363636365,0.618,true,true,2,"Customer Support / Success: decision M29, start M31; Customer Support / Success contractor bridge: decision M29, start M30, end M30"
false,,,,,,,,,,,0,0,690479.7455989795,159477.97473308345,0,20143.76693017945,18232,38375.76693017945,0,0,0,0,0,0,531001.770865896,0,665479.7455989794,Unavailable: configure distribution and tax planning (or explicitly opt into provisional untaxed illustration),false,0,0,8000,190.5896366885051,30,2029-02-01,FORECAST,358.5714285714286,25000,0,15000,0,10000,FORECAST prelaunch payment; not actual or verified quote,390.0091677082985,46.171875,46.171875,41.974999999999994,4.196875000000006,ASSISTED_ONBOARDING_CAPACITY,month_12_to_peak_smoothstep,FOUNDER_PEAK_TARGET_AND_MONTH,false,3.126953125,0.07264394936249376,41.974999999999994,0,0,0,0,0,0,0,10.537260863130053,0,10.537260863130054,390.0091677082985,21.8515625,12.3703125,7.753125000000001,0,0,0,195.86864635414923,116.78056281248953,77.35995854165971,102704.43589999079,102704.43589999079,0,102704.43589999079,0,102704.43589999079,RECONCILED,102704.43589999081,0,102704.43589999081,RECONCILED,16329.404487467287,3814.36244271216,3814.36244271216,3095.431391412224,718.9310512999358,390.0091677082985,20143.76693017945,0,8000,6000,6000,12232,32375.766930179452,70328.66896981133,,,Founder pay unchanged,"Starting overhead budget v1: $400 combined conservative planning amount includes Codex, another subscription, website and database; not verified recurring invoices. The first $100 infrastructure tier reference is treated as covered; only higher automatic tier increments are additional. This fixed scenario reference is provisional overlap treatment, not invoice allocation. Explicit manual and dated infrastructure amounts are additional; if intended as replacements, reconcile the baseline before entering them.",8000,0,2500,132,8000,14000,400,400,20143.76693017945,400,17432,0,2500,2500,RECONCILED,800,3432,0,18232,RECONCILED,0,190.5896366885051,72060.66896981133,64328.66896981133,626151.0766291681,0,0,0,0,38375.76693017945,64328.66896981136,690479.7455989795,0,0,0,0,false,Unavailable: configure distribution and tax planning (or explicitly opt into provisional untaxed illustration),0,25000,0,690479.7455989795,159477.97473308345,,,,0,,,,,,,,milestone,,cac,,263.33851715200456,6.410105728257745,51.649470315132895,Functional Team,1,0.36363636363636365,0.6685818134382048,true,true,2,"Onboarding / Operations: decision M30, start M32; Onboarding / Operations contractor bridge: decision M30, start M31, end M31"
false,,,,,,,,,,,0,0,752734.9242855166,166120.6481139647,0,22109.59399359234,28364,50473.59399359234,0,0,0,0,0,0,586614.2761715519,0,727734.9242855164,Unavailable: configure distribution and tax planning (or explicitly opt into provisional untaxed illustration),false,0,0,8000,162.0445464256043,31,2029-03-01,FORECAST,390.0091677082985,25000,0,15000,0,10000,FORECAST prelaunch payment; not actual or verified quote,427.940563211901,49.369140625,49.369140625,49.369140625,0,,month_12_to_peak_smoothstep,FOUNDER_PEAK_TARGET_AND_MONTH,false,3.197265625,0.06924703891708968,49.369140625,0,0,0,0,0,0,0,11.437745121397539,0,11.43774512139754,427.940563211901,24.6845703125,14.810742187499999,9.873828125000001,0,0,0,214.79934957470053,128.16898005732028,84.9722335798802,112728.77268012936,112728.77268012936,0,112728.77268012936,0,112728.77268012936,RECONCILED,112728.77268012936,0,112728.77268012936,RECONCILED,17922.976008144113,4186.617985448228,4186.617985448228,3397.5165766873224,789.1014087609057,427.940563211901,22109.59399359234,0,8000,6000,6000,22364,44473.59399359234,68255.17868653702,,,Founder pay unchanged,"Starting overhead budget v1: $400 combined conservative planning amount includes Codex, another subscription, website and database; not verified recurring invoices. The first $100 infrastructure tier reference is treated as covered; only higher automatic tier increments are additional. This fixed scenario reference is provisional overlap treatment, not invoice allocation. Explicit manual and dated infrastructure amounts are additional; if intended as replacements, reconcile the baseline before entering them.",13500,4500,2500,264,13500,19500,400,400,22109.59399359234,400,27564,0,8000,8000,RECONCILED,800,8064,0,28364,RECONCILED,0,162.0445464256043,74619.17868653702,62255.17868653702,690479.7455989795,0,0,0,0,50473.59399359234,62255.17868653702,752734.9242855166,0,0,0,0,false,Unavailable: configure distribution and tax planning (or explicitly opt into provisional untaxed illustration),0,25000,0,752734.9242855166,166120.6481139647,,,,0,,,,,,,,milestone,,cac,,263.421564513645,18.694184865197467,51.66510467633435,Functional Team,2,0.36363636363636365,0.5350150537517302,true,true,0,
false,,,,,,,,,,,0,0,820309.8486876148,169956.77060099898,0,24171.357832641203,31496,55667.3578326412,0,0,0,0,0,0,650353.0780866158,0,795309.8486876145,Unavailable: configure distribution and tax planning (or explicitly opt into provisional untaxed illustration),false,0,0,8000,152.0190023752969,32,2029-04-01,FORECAST,427.940563211901,25000,0,15000,0,10000,FORECAST prelaunch payment; not actual or verified quote,467.72648876604336,52.625,52.625,52.625,0,,month_12_to_peak_smoothstep,FOUNDER_PEAK_TARGET_AND_MONTH,false,3.255859375,0.06594928195592832,52.625,0,0,0,0,0,0,0,12.839074445857616,0,12.83907444585762,467.72648876604336,26.3125,15.787500000000001,10.525,0,0,0,234.6587350990373,140.1133918742661,92.95436179273992,123242.28223473937,123242.28223473937,0,123242.28223473937,0,123242.28223473937,RECONCILED,123242.28223473935,0,123242.28223473935,RECONCILED,19594.317725560773,4577.040107080431,4577.040107080431,3714.344131437255,862.6959756431756,467.7264887660433,24171.357832641203,0,8000,6000,6000,25496,49667.3578326412,73574.92440209817,,,Founder pay unchanged,"Starting overhead budget v1: $400 combined conservative planning amount includes Codex, another subscription, website and database; not verified recurring invoices. The first $100 infrastructure tier reference is treated as covered; only higher automatic tier increments are additional. This fixed scenario reference is provisional overlap treatment, not invoice allocation. Explicit manual and dated infrastructure amounts are additional; if intended as replacements, reconcile the baseline before entering them.",19000,4500,0,396,19000,25000,400,400,24171.357832641203,400,30696,0,11000,11000,RECONCILED,800,5696,0,31496,RECONCILED,0,152.0190023752969,80070.92440209817,67574.92440209817,752734.9242855166,0,0,0,0,55667.3578326412,67574.92440209814,820309.8486876148,0,0,0,0,false,Unavailable: configure distribution and tax planning (or explicitly opt into provisional untaxed illustration),0,25000,0,820309.8486876148,169956.77060099898,,,,0,,,,,,,,milestone,,cac,,263.4922015211867,23.518018038747847,51.67840268446226,Functional Team,3,0,0.518,true,true,0,
false,,,,,,,,,,,0,0,901278.6989301133,178578.94884939012,0,26341.022906849907,26996,53337.0229068499,1.4551915228366852e-11,1.1641532182693481e-10,0,0,0,0,722699.7500807232,0,876278.6989301131,Unavailable: configure distribution and tax planning (or explicitly opt into provisional untaxed illustration),false,0,0,8000,143.0417321459752,33,2029-05-01,FORECAST,467.72648876604336,25000,0,15000,0,10000,FORECAST prelaunch payment; not actual or verified quote,509.60704024568076,55.927734375,55.927734375,55.927734375,0,,month_12_to_peak_smoothstep,FOUNDER_PEAK_TARGET_AND_MONTH,false,3.302734375,0.06275979809976247,55.927734375,0,0,0,0,0,0,0,14.047182895362592,0,14.047182895362589,509.60704024568076,27.9638671875,16.7783203125,11.185546875,0,0,0,255.57514611737554,152.68369396082375,101.34820016748148,134305.8731493485,134305.8731493485,0,134305.8731493485,0,134305.8731493485,RECONCILED,134305.8731493485,0,134305.8731493485,RECONCILED,21353.129361399657,4987.893545450252,4987.893545450252,4047.7524334048117,940.1411120454397,509.60704024568076,26341.02290684991,0,8000,6000,6000,20996,47337.0229068499,86968.85024249859,,,Founder pay unchanged,"Starting overhead budget v1: $400 combined conservative planning amount includes Codex, another subscription, website and database; not verified recurring invoices. The first $100 infrastructure tier reference is treated as covered; only higher automatic tier increments are additional. This fixed scenario reference is provisional overlap treatment, not invoice allocation. Explicit manual and dated infrastructure amounts are additional; if intended as replacements, reconcile the baseline before entering them.",19000,0,0,396,19000,25000,400,400,26341.02290684991,400,26196,0,11000,11000,RECONCILED,800,1196,0,26996,RECONCILED,0,143.0417321459752,88964.85024249859,80968.85024249859,820309.8486876148,0,0,0,0,53337.02290684991,80968.85024249859,901278.6989301133,0,0,0,0,false,Unavailable: configure distribution and tax planning (or explicitly opt into provisional untaxed illustration),0,25000,0,901278.6989301133,178578.94884939012,,,,0,,,,,,,,milestone,,cac,,263.5479154381381,21.585259094334564,51.68889129583246,Functional Team,3,0,0.518,true,true,1,"Shared platform infrastructure step: decision M33, start M34, end M59"
false,,,,,,,,,,,0,0,990090.641642097,188519.6597750596,0,28620.267374473588,28496,57116.26737447359,0,0,0,0,0,0,801570.9818670375,0,965090.6416420969,Unavailable: configure distribution and tax planning (or explicitly opt into provisional untaxed illustration),false,0,0,8000,134.98549960453468,34,2029-06-01,FORECAST,509.60704024568076,25000,0,15000,0,10000,FORECAST prelaunch payment; not actual or verified quote,553.6048636276636,59.26562499999999,59.26562499999999,59.26562499999999,0,,month_12_to_peak_smoothstep,FOUNDER_PEAK_TARGET_AND_MONTH,false,3.337890624999993,0.05968220708922634,59.26562499999999,0,0,0,0,0,0,0,15.26780161801709,0,15.267801618017087,553.6048636276636,29.632812499999996,17.779687499999998,11.853124999999999,0,0,0,277.5509090285309,165.88899351880502,110.16496108032769,145928.21008645734,145928.21008645734,0,145928.21008645734,0,145928.21008645734,RECONCILED,145928.21008645731,0,145928.21008645731,RECONCILED,23200.770352272822,5419.497022200764,5419.497022200764,4397.9995515955625,1021.4974706052013,553.6048636276637,28620.267374473588,0,8000,6000,6000,22496,51116.26737447359,94811.94271198375,,,Founder pay unchanged,"Starting overhead budget v1: $400 combined conservative planning amount includes Codex, another subscription, website and database; not verified recurring invoices. The first $100 infrastructure tier reference is treated as covered; only higher automatic tier increments are additional. This fixed scenario reference is provisional overlap treatment, not invoice allocation. Explicit manual and dated infrastructure amounts are additional; if intended as replacements, reconcile the baseline before entering them.",19000,0,0,396,19000,25000,1900,400,28620.267374473588,1900,26196,0,11000,11000,RECONCILED,800,2696,0,28496,RECONCILED,0,134.98549960453468,98307.94271198375,88811.94271198375,901278.6989301133,0,0,0,0,57116.26737447359,88811.94271198372,990090.641642097,0,0,0,0,false,Unavailable: configure distribution and tax planning (or explicitly opt into provisional untaxed illustration),0,25000,0,990090.641642097,188519.6597750596,,,,0,,,,,,,,milestone,,cac,,263.59632957380205,19.86976763159046,51.698005662252704,Functional Team,3,0,0.518,true,true,0,
false,,,,,,,,,,,0,0,1088688.2404294035,208902.9601376081,0,31007.48031967548,28496,59503.48031967548,0,0,0,0,0,0,879785.2802917954,0,1063688.2404294035,Unavailable: configure distribution and tax planning (or explicitly opt into provisional untaxed illustration),false,0,0,8000,127.7405270544207,35,2029-07-01,FORECAST,553.6048636276636,25000,0,15000,0,10000,FORECAST prelaunch payment; not actual or verified quote,599.6888212154942,62.62695312499999,62.62695312499999,62.62695312500001,0,,month_12_to_peak_smoothstep,FOUNDER_PEAK_TARGET_AND_MONTH,false,3.361328125,0.05671631953598735,62.62695312500001,0,0,0,0,0,0,0,16.54299553716944,0,16.54299553716944,599.6888212154942,31.3134765625,18.788085937499996,12.525390625,0,0,0,300.5704335060052,179.719954762239,119.39843294724996,158101.07910698198,158101.07910698198,0,158101.07910698198,0,158101.07910698198,RECONCILED,158101.079106982,0,158101.079106982,RECONCILED,25135.934825459477,5871.545494216002,5871.545494216002,4764.837940467128,1106.7075537488743,599.6888212154942,31007.48031967548,0,8000,6000,6000,22496,53503.48031967548,104597.5987873065,,,Founder pay unchanged,"Starting overhead budget v1: $400 combined conservative planning amount includes Codex, another subscription, website and database; not verified recurring invoices. The first $100 infrastructure tier reference is treated as covered; only higher automatic tier increments are additional. This fixed scenario reference is provisional overlap treatment, not invoice allocation. Explicit manual and dated infrastructure amounts are additional; if intended as replacements, reconcile the baseline before entering them.",19000,0,0,396,19000,25000,1900,400,31007.48031967548,1900,26196,0,11000,11000,RECONCILED,800,2696,0,28496,RECONCILED,0,127.7405270544207,108093.5987873065,98597.5987873065,990090.641642097,0,0,0,0,59503.48031967548,98597.59878730653,1088688.2404294035,0,0,0,0,false,Unavailable: configure distribution and tax planning (or explicitly opt into provisional untaxed illustration),0,25000,0,1088688.2404294035,208902.9601376081,,,,0,,,,,,,,milestone,,cac,,263.6385297070085,18.342846507801124,51.705950190679225,Functional Team,3,0,0.518,true,true,0,
false,,,,,,,,,,,0,0,1197352.3068663029,225124.40297367985,0,33463.20115524106,28496,61959.20115524106,0,0,0,0,0,0,972227.903892623,0,1172352.3068663029,Unavailable: configure distribution and tax planning (or explicitly opt into provisional untaxed illustration),false,0,0,8000,122.55106758691376,36,2029-08-01,FORECAST,599.6888212154942,25000,0,15000,0,10000,FORECAST prelaunch payment; not actual or verified quote,647.0967204364838,66,66,65.2789090909091,0.7210909090909041,SALES_CAPACITY,month_12_to_peak_smoothstep,FOUNDER_PEAK_TARGET_AND_MONTH,false,3.373046875000007,0.05385934819897096,65.2789090909091,0,0,0,0,0,0,0,17.871009869919508,0,17.871009869919508,647.0967204364838,32.63945454545455,19.583672727272727,13.055781818181819,0,0,0,324.25260242955227,193.94792527660817,128.89619273032335,170623.26759214047,170623.26759214047,0,170623.26759214047,0,170623.26759214047,RECONCILED,170623.26759214044,0,170623.26759214044,RECONCILED,27126.63450579306,6336.566649448003,6336.566649448003,5142.203776303019,1194.3628731449833,647.0967204364839,33463.20115524106,0,8000,6000,6000,22496,55959.20115524106,114664.06643689942,,,Founder pay unchanged,"Starting overhead budget v1: $400 combined conservative planning amount includes Codex, another subscription, website and database; not verified recurring invoices. The first $100 infrastructure tier reference is treated as covered; only higher automatic tier increments are additional. This fixed scenario reference is provisional overlap treatment, not invoice allocation. Explicit manual and dated infrastructure amounts are additional; if intended as replacements, reconcile the baseline before entering them.",19000,0,0,396,19000,25000,1900,400,33463.20115524106,1900,26196,0,11000,11000,RECONCILED,800,2696,0,28496,RECONCILED,0,122.55106758691376,118160.06643689942,108664.06643689942,1088688.2404294035,0,0,0,0,61959.20115524106,108664.06643689939,1197352.3068663029,0,0,0,0,false,Unavailable: configure distribution and tax planning (or explicitly opt into provisional untaxed illustration),0,25000,0,1197352.3068663029,225124.40297367985,,,,0,,,,,,,,milestone,,cac,,263.67506155347314,16.999004403206076,51.71282761666487,Functional Team,3,0,0.518,true,true,2,"Sales: decision M36, start M38; Sales contractor bridge: decision M36, start M37, end M37"
false,,,,,,,,,,,0,0,1314165.133951675,239134.30473581667,0,36060.97830014308,30996,67056.97830014308,1.4551915228366852e-11,0,0,0,0,0,1075030.8292158581,0,1289165.133951675,Unavailable: configure distribution and tax planning (or explicitly opt into provisional untaxed illustration),false,0,0,10500,151.35561248909033,37,2029-09-01,FORECAST,647.0967204364838,25000,0,15000,0,10000,FORECAST prelaunch payment; not actual or verified quote,697.2491060246726,69.373046875,69.373046875,69.373046875,0,,month_12_to_peak_smoothstep,FOUNDER_PEAK_TARGET_AND_MONTH,false,3.373046875,0.051106770833333336,69.373046875,0,0,0,0,0,0,0,19.22066128681114,0,19.220661286811143,697.2491060246726,34.6865234375,20.811914062499998,13.874609375,0,0,0,349.3076679573074,208.99907367869494,138.9423643886703,183869.8053855151,183869.8053855151,0,183869.8053855151,0,183869.8053855151,RECONCILED,183869.8053855151,0,183869.8053855151,RECONCILED,29232.49057445713,6828.487725685947,6828.487725685947,5541.399087987341,1287.088637698606,697.2491060246726,36060.97830014308,0,10500,6000,6000,24996,61056.97830014308,122812.827085372,,,Founder pay unchanged,"Starting overhead budget v1: $400 combined conservative planning amount includes Codex, another subscription, website and database; not verified recurring invoices. The first $100 infrastructure tier reference is treated as covered; only higher automatic tier increments are additional. This fixed scenario reference is provisional overlap treatment, not invoice allocation. Explicit manual and dated infrastructure amounts are additional; if intended as replacements, reconcile the baseline before entering them.",19000,0,2500,396,19000,25000,1900,400,36060.97830014308,1900,28696,0,11000,11000,RECONCILED,800,5196,0,30996,RECONCILED,0,151.35561248909033,126308.827085372,116812.827085372,1197352.3068663029,0,0,0,0,67056.97830014308,116812.82708537202,1314165.133951675,0,0,0,0,false,Unavailable: configure distribution and tax planning (or explicitly opt into provisional untaxed illustration),0,25000,0,1314165.133951675,239134.30473581667,,,,0,,,,,,,,milestone,,cac,,263.7074810089591,15.776284121346377,51.71893085061487,Functional Team,3,0.36363636363636365,0.518,true,true,0,
false,,,,,,,,,,,0,0,1431904.726003164,243280.86179110105,0,38758.780682223965,41128,79886.78068222397,0,0,0,0,0,0,1188623.864212063,0,1406904.726003164,Unavailable: configure distribution and tax planning (or explicitly opt into provisional untaxed illustration),false,0,0,16000,219.97851772287862,38,2029-10-01,FORECAST,697.2491060246726,25000,0,15000,0,10000,FORECAST prelaunch payment; not actual or verified quote,749.3341385627332,72.734375,72.734375,72.734375,0,,month_12_to_peak_smoothstep,FOUNDER_PEAK_TARGET_AND_MONTH,false,3.361328125,0.04845294067963625,72.734375,0,0,0,0,0,0,0,20.649342461939497,0,20.64934246193949,749.3341385627332,36.3671875,21.8203125,14.546875,0,0,0,375.3296907779885,224.62985318397432,149.37459460077034,197626.372733713,197626.372733713,0,197626.372733713,0,197626.372733713,RECONCILED,197626.37273371292,0,197626.37273371292,RECONCILED,31419.431022241482,7339.349659982487,7339.349659982487,5955.965050846496,1383.3846091359906,749.3341385627331,38758.780682223965,0,16000,6000,6000,35128,73886.78068222397,123739.59205148905,,,Founder pay unchanged,"Starting overhead budget v1: $400 combined conservative planning amount includes Codex, another subscription, website and database; not verified recurring invoices. The first $100 infrastructure tier reference is treated as covered; only higher automatic tier increments are additional. This fixed scenario reference is provisional overlap treatment, not invoice allocation. Explicit manual and dated infrastructure amounts are additional; if intended as replacements, reconcile the baseline before entering them.",27000,4500,0,528,27000,33000,1900,400,38758.780682223965,1900,38828,0,11000,11000,RECONCILED,800,7328,0,41128,RECONCILED,0,219.97851772287862,131867.59205148905,117739.59205148905,1314165.133951675,0,0,0,0,79886.78068222397,117739.59205148896,1431904.726003164,0,0,0,0,false,Unavailable: configure distribution and tax planning (or explicitly opt into provisional untaxed illustration),0,25000,0,1431904.726003164,243280.86179110105,,,,0,,,,,,,,milestone,,cac,,263.7359791357858,14.679699527768273,51.724295861610656,Functional Team,4,0,0.518,true,true,0,
false,,,,,,,,,,,0,0,1565596.837523507,252181.86748729408,0,41552.643991312805,36628,78180.6439913128,0,0,0,0,0,0,1313414.9700362128,0,1540596.837523507,Unavailable: configure distribution and tax planning (or explicitly opt into provisional untaxed illustration),false,0,0,16000,210.3263241675011,39,2029-11-01,FORECAST,749.3341385627332,25000,0,15000,0,10000,FORECAST prelaunch payment; not actual or verified quote,803.2752278905259,76.072265625,76.072265625,76.072265625,0,,month_12_to_peak_smoothstep,FOUNDER_PEAK_TARGET_AND_MONTH,false,3.337890625,0.04589151450053706,76.072265625,0,0,0,0,0,0,0,22.13117629720727,0,22.13117629720727,803.2752278905259,38.0361328125,22.821679687499998,15.214453125,0,0,0,402.2803567969862,240.81729163385748,160.1775794596822,211872.75551165573,211872.75551165573,0,211872.75551165573,0,211872.75551165573,RECONCILED,211872.75551165573,0,211872.75551165573,RECONCILED,33684.24222452604,7868.401766786766,7868.401766786766,6385.292478205175,1483.1092885815904,803.2752278905259,41552.643991312805,0,16000,6000,6000,30628,72180.6439913128,139692.11152034294,,,Founder pay unchanged,"Starting overhead budget v1: $400 combined conservative planning amount includes Codex, another subscription, website and database; not verified recurring invoices. The first $100 infrastructure tier reference is treated as covered; only higher automatic tier increments are additional. This fixed scenario reference is provisional overlap treatment, not invoice allocation. Explicit manual and dated infrastructure amounts are additional; if intended as replacements, reconcile the baseline before entering them.",27000,0,0,528,27000,33000,1900,400,41552.643991312805,1900,34328,0,11000,11000,RECONCILED,800,2828,0,36628,RECONCILED,0,210.3263241675011,143320.11152034294,133692.11152034294,1431904.726003164,0,0,0,0,78180.6439913128,133692.11152034294,1565596.837523507,0,0,0,0,false,Unavailable: configure distribution and tax planning (or explicitly opt into provisional untaxed illustration),0,25000,0,1565596.837523507,252181.86748729408,,,,0,,,,,,,,milestone,,cac,,263.76109726183506,13.693936546365315,51.72902455915869,Functional Team,4,0,0.5265168541732342,true,true,0,
false,,,,,,,,,,,0,0,1711120.1051355647,259065.38450931013,0,44438.880062279895,36628,81066.8800622799,0,0,0,0,0,0,1452054.7206262546,0,1686120.1051355647,Unavailable: configure distribution and tax planning (or explicitly opt into provisional untaxed illustration),false,0,0,16000,201.5748031496063,40,2029-12-01,FORECAST,803.2752278905259,25000,0,15000,0,10000,FORECAST prelaunch payment; not actual or verified quote,859.0011181296877,79.375,79.375,79.375,0,,month_12_to_peak_smoothstep,FOUNDER_PEAK_TARGET_AND_MONTH,false,3.302734375,0.043415748799712446,79.375,0,0,0,0,0,0,0,23.64910976083816,0,23.649109760838158,859.0011181296877,39.6875,23.8125,15.875,0,0,0,430.12401963101547,257.540017007605,171.3370814910672,226590.14767433776,226590.14767433776,0,226590.14767433776,0,226590.14767433776,RECONCILED,226590.14767433773,0,226590.14767433773,RECONCILED,36023.934410564834,8414.945651715067,8414.945651715067,6828.814617994702,1586.1310337203643,859.0011181296879,44438.8800622799,0,16000,6000,6000,30628,75066.8800622799,151523.26761205785,,,Founder pay unchanged,"Starting overhead budget v1: $400 combined conservative planning amount includes Codex, another subscription, website and database; not verified recurring invoices. The first $100 infrastructure tier reference is treated as covered; only higher automatic tier increments are additional. This fixed scenario reference is provisional overlap treatment, not invoice allocation. Explicit manual and dated infrastructure amounts are additional; if intended as replacements, reconcile the baseline before entering them.",27000,0,0,528,27000,33000,1900,400,44438.8800622799,1900,34328,0,11000,11000,RECONCILED,800,2828,0,36628,RECONCILED,0,201.5748031496063,155151.26761205785,145523.26761205785,1565596.837523507,0,0,0,0,81066.8800622799,145523.26761205783,1711120.1051355647,0,0,0,0,false,Unavailable: configure distribution and tax planning (or explicitly opt into provisional untaxed illustration),0,25000,0,1711120.1051355647,259065.38450931013,,,,0,,,,,,,,milestone,,cac,,263.783297707103,12.80557122434301,51.733203978869255,Functional Team,4,0,0.5535432674531973,true,true,0,
false,,,,,,,,,,,0,0,1868803.3570545246,268772.06976270553,0,47405.33773750833,36628,84033.33773750832,2.9103830456733704e-11,0,0,0,0,0,1600031.287291819,0,1843803.3570545246,Unavailable: configure distribution and tax planning (or explicitly opt into provisional untaxed illustration),false,0,0,16000,193.63225943697262,41,2030-01-01,FORECAST,859.0011181296877,25000,0,15000,0,10000,FORECAST prelaunch payment; not actual or verified quote,916.2770937235271,82.630859375,82.630859375,82.630859375,0,,month_12_to_peak_smoothstep,FOUNDER_PEAK_TARGET_AND_MONTH,false,3.255859375,0.04101870078740157,82.630859375,0,0,0,0,0,0,0,25.354883781160634,0,25.354883781160638,916.2770937235271,41.3154296875,24.7892578125,16.526171875,0,0,0,458.74330361095,274.7276192386958,182.8061708738812,241716.58965646836,241716.58965646836,0,241716.58965646836,0,241716.58965646836,RECONCILED,241716.5896564683,0,241716.5896564683,RECONCILED,38428.657381758414,8976.680355749919,8976.680355749919,7284.66422815464,1692.0161275952785,916.277093723527,47405.33773750834,0,16000,6000,6000,30628,78033.33773750832,163683.25191896,,,Founder pay unchanged,"Starting overhead budget v1: $400 combined conservative planning amount includes Codex, another subscription, website and database; not verified recurring invoices. The first $100 infrastructure tier reference is treated as covered; only higher automatic tier increments are additional. This fixed scenario reference is provisional overlap treatment, not invoice allocation. Explicit manual and dated infrastructure amounts are additional; if intended as replacements, reconcile the baseline before entering them.",27000,0,0,528,27000,33000,1900,400,47405.33773750834,1900,34328,0,11000,11000,RECONCILED,800,2828,0,36628,RECONCILED,0,193.63225943697262,167311.25191896,157683.25191896,1711120.1051355647,0,0,0,0,84033.33773750834,157683.25191895996,1868803.3570545246,0,0,0,0,false,Unavailable: configure distribution and tax planning (or explicitly opt into provisional untaxed illustration),0,25000,0,1868803.3570545246,268772.06976270553,,,,0,,,,,,,,milestone,,cac,,263.80293833843535,12.00510203228881,51.73690149217262,Functional Team,4,0,0.5813214542308098,true,true,0,
false,,,,,,,,,,,0,0,2038982.0599145226,286414.07850253145,0,50453.64968750585,36628,87081.64968750585,0,2.3283064365386963e-10,0,0,0,0,1752567.9814119912,0,2013982.0599145228,Unavailable: configure distribution and tax planning (or explicitly opt into provisional untaxed illustration),false,0,0,16000,186.41907882759875,42,2030-02-01,FORECAST,916.2770937235271,25000,0,15000,0,10000,FORECAST prelaunch payment; not actual or verified quote,975.1395945628773,85.828125,85.828125,85.828125,0,,month_12_to_peak_smoothstep,FOUNDER_PEAK_TARGET_AND_MONTH,false,3.197265625,0.03869336043680715,85.828125,0,0,0,0,0,0,0,26.965624160649917,0,26.96562416064991,975.1395945628773,42.9140625,25.748437499999998,17.165625000000002,0,0,0,488.16094700376834,292.3898684402641,194.58877911884483,257260.35254750395,257260.35254750395,0,257260.35254750395,0,257260.35254750395,RECONCILED,257260.35254750392,0,257260.35254750392,RECONCILED,40899.73511742685,9553.914570079007,9553.914570079007,7753.092102246478,1800.8224678325278,975.1395945628769,50453.64968750585,0,16000,6000,6000,30628,81081.64968750585,176178.7028599981,,,Founder pay unchanged,"Starting overhead budget v1: $400 combined conservative planning amount includes Codex, another subscription, website and database; not verified recurring invoices. The first $100 infrastructure tier reference is treated as covered; only higher automatic tier increments are additional. This fixed scenario reference is provisional overlap treatment, not invoice allocation. Explicit manual and dated infrastructure amounts are additional; if intended as replacements, reconcile the baseline before entering them.",27000,0,0,528,27000,33000,1900,400,50453.64968750585,1900,34328,0,11000,11000,RECONCILED,800,2828,0,36628,RECONCILED,0,186.41907882759875,179806.7028599981,170178.7028599981,1868803.3570545246,0,0,0,0,87081.64968750585,170178.70285999807,2038982.0599145226,0,0,0,0,false,Unavailable: configure distribution and tax planning (or explicitly opt into provisional untaxed illustration),0,25000,0,2038982.0599145226,286414.07850253145,,,,0,,,,,,,,milestone,,cac,,263.8189998456839,11.280436217884205,51.739925205398464,Functional Team,4,0,0.6098690874323424,true,true,0,
false,,,,,,,,,,,0,0,2212721.9908153727,302072.60828310566,0,51322.397084295924,36628,87950.39708429592,0,4.656612873077393e-10,0,0,0,0,1910649.382532267,0,2187721.990815373,Unavailable: configure distribution and tax planning (or explicitly opt into provisional untaxed illustration),false,0,0,16000,352.78685306499125,43,2030-03-01,FORECAST,975.1395945628773,25000,0,15000,0,10000,FORECAST prelaunch payment; not actual or verified quote,991.9047619047618,88.95507812500001,88.95507812500001,45.35316398837698,43.60191413662304,OPERATIONAL_CAPACITY,month_12_to_peak_smoothstep,FOUNDER_PEAK_TARGET_AND_MONTH,false,3.126953125000014,0.036432732568723994,45.35316398837698,0,0,0,0,0,0,0,28.587996646492364,0,28.58799664649236,991.9047619047618,22.67658199418849,13.605949196513093,9.070632797675396,0,0,0,496.5302298059583,297.4228388662229,197.95169323258062,261690.32798514617,261690.32798514617,0,261690.32798514617,0,261690.32798514617,RECONCILED,261690.32798514614,0,261690.32798514614,RECONCILED,41603.97384825924,9718.423236036691,9718.423236036691,7886.590940140668,1831.8322958960232,991.9047619047618,51322.397084295924,0,16000,6000,6000,30628,81950.39708429592,179739.93090085025,,,Founder pay unchanged,"Starting overhead budget v1: $400 combined conservative planning amount includes Codex, another subscription, website and database; not verified recurring invoices. The first $100 infrastructure tier reference is treated as covered; only higher automatic tier increments are additional. This fixed scenario reference is provisional overlap treatment, not invoice allocation. Explicit manual and dated infrastructure amounts are additional; if intended as replacements, reconcile the baseline before entering them.",27000,0,0,528,27000,33000,1900,400,51322.397084295924,1900,34328,0,11000,11000,RECONCILED,800,2828,0,36628,RECONCILED,0,352.78685306499125,183367.93090085025,173739.93090085025,2038982.0599145226,0,0,0,0,87950.39708429592,173739.93090085022,2212721.9908153727,0,0,0,0,false,Unavailable: configure distribution and tax planning (or explicitly opt into provisional untaxed illustration),0,25000,0,2212721.9908153727,302072.60828310566,,,,0,,,,,,,,milestone,,cac,,263.826062779072,11.089774363898226,51.741254861748175,Functional Team,4,0,0.618,true,true,2,"Customer Support / Success: decision M43, start M45; Customer Support / Success contractor bridge: decision M43, start M44, end M44"
false,,,,,,,,,,,0,0,2397446.5317118126,315376.8126490491,0,54612.02299090377,39128,93740.02299090377,0,0,0,0,0,0,2082069.7190627635,0,2372446.531711813,Unavailable: configure distribution and tax planning (or explicitly opt into provisional untaxed illustration),false,0,0,16000,173.91304347826087,44,2030-04-01,FORECAST,991.9047619047618,25000,0,15000,0,10000,FORECAST prelaunch payment; not actual or verified quote,1055.428830071993,92,92,92,0,,month_12_to_peak_smoothstep,FOUNDER_PEAK_TARGET_AND_MONTH,false,3.044921874999986,0.03422988253375766,92,0,0,0,0,0,0,0,28.475931832768882,0,28.47593183276888,1055.428830071993,46,27.599999999999998,18.400000000000002,0,0,0,528.2792622903683,316.4834025847594,210.66616519686525,278464.5638873437,278464.5638873437,0,278464.5638873437,0,278464.5638873437,RECONCILED,278464.5638873437,0,278464.5638873437,RECONCILED,44270.6700419378,10341.35294896597,10341.35294896597,8392.101001754565,1949.251947211406,1055.4288300719932,54612.02299090377,0,16000,6000,6000,33128,87740.02299090377,190724.54089643992,,,Founder pay unchanged,"Starting overhead budget v1: $400 combined conservative planning amount includes Codex, another subscription, website and database; not verified recurring invoices. The first $100 infrastructure tier reference is treated as covered; only higher automatic tier increments are additional. This fixed scenario reference is provisional overlap treatment, not invoice allocation. Explicit manual and dated infrastructure amounts are additional; if intended as replacements, reconcile the baseline before entering them.",27000,0,2500,528,27000,33000,1900,400,54612.02299090377,1900,36828,0,13500,13500,RECONCILED,800,5328,0,39128,RECONCILED,0,173.91304347826087,194352.54089643992,184724.54089643992,2212721.9908153727,0,0,0,0,93740.02299090377,184724.54089643992,2397446.5317118126,0,0,0,0,false,Unavailable: configure distribution and tax planning (or explicitly opt into provisional untaxed illustration),0,25000,0,2397446.5317118126,315376.8126490491,,,,0,,,,,,,,milestone,,cac,,263.84020973574223,12.791009318059976,51.74391814479672,Functional Team,4,0.36363636363636365,0.518,true,true,0,
false,,,,,,,,,,,0,0,2588277.86140681,321175.0768929734,0,57963.65842733176,46760,104723.65842733176,0,0,0,0,0,0,2267102.7845138367,0,2563277.8614068106,Unavailable: configure distribution and tax planning (or explicitly opt into provisional untaxed illustration),false,0,0,16000,168.50766224416333,45,2030-05-01,FORECAST,1055.428830071993,25000,0,15000,0,10000,FORECAST prelaunch payment; not actual or verified quote,1120.1509121622312,94.951171875,94.951171875,94.951171875,0,,month_12_to_peak_smoothstep,FOUNDER_PEAK_TARGET_AND_MONTH,false,2.951171875,0.03207795516304348,94.951171875,0,0,0,0,0,0,0,30.22908978476155,0,30.22908978476154,1120.1509121622312,47.4755859375,28.4853515625,18.990234375,0,0,0,560.6275942722641,335.90329525665976,223.62002263330737,295554.98812232906,295554.98812232906,0,295554.98812232906,0,295554.98812232906,RECONCILED,295554.9881223291,0,295554.9881223291,RECONCILED,46987.63358127924,10976.02484605252,10976.02484605252,8907.139929196215,2068.8849168563042,1120.1509121622312,57963.65842733176,0,16000,6000,6000,40760,98723.65842733176,196831.3296949973,,,Founder pay unchanged,"Starting overhead budget v1: $400 combined conservative planning amount includes Codex, another subscription, website and database; not verified recurring invoices. The first $100 infrastructure tier reference is treated as covered; only higher automatic tier increments are additional. This fixed scenario reference is provisional overlap treatment, not invoice allocation. Explicit manual and dated infrastructure amounts are additional; if intended as replacements, reconcile the baseline before entering them.",32500,4500,0,660,32500,38500,1900,400,57963.65842733176,1900,44460,0,16500,16500,RECONCILED,800,7460,0,46760,RECONCILED,0,168.50766224416333,205091.3296949973,190831.3296949973,2397446.5317118126,0,0,0,0,104723.65842733176,190831.32969499734,2588277.86140681,0,0,0,0,false,Unavailable: configure distribution and tax planning (or explicitly opt into provisional untaxed illustration),0,25000,0,2588277.86140681,321175.0768929734,,,,0,,,,,,,,milestone,,cac,,263.8528299296907,14.730158071424494,51.74629400197899,Functional Team,5,0,0.518,true,true,0,
false,,,,,,,,,,,0,0,2797485.8409935455,331600.54299839586,0,61348.92686487011,42260,103608.92686487011,0,0,0,0,0,0,2465885.2979951496,0,2772485.840993546,Unavailable: configure distribution and tax planning (or explicitly opt into provisional untaxed illustration),false,0,0,16000,163.60440965010386,46,2030-06-01,FORECAST,1120.1509121622312,25000,0,15000,0,10000,FORECAST prelaunch payment; not actual or verified quote,1185.5229164947505,97.796875,97.796875,97.796875,0,,month_12_to_peak_smoothstep,FOUNDER_PEAK_TARGET_AND_MONTH,false,2.845703125,0.029970173814666254,97.796875,0,0,0,0,0,0,0,32.424870667480754,0,32.42487066748076,1185.5229164947505,48.8984375,29.339062499999997,19.559375000000003,0,0,0,593.3011733292229,355.51809107023576,236.7036520952919,312816.9064516054,312816.9064516054,0,312816.9064516054,0,312816.9064516054,RECONCILED,312816.9064516054,0,312816.9064516054,RECONCILED,49731.86135766389,11617.06550720622,11617.06550720622,9427.347162044982,2189.718345161238,1185.5229164947505,61348.92686487011,0,16000,6000,6000,36260,97608.92686487011,215207.97958673525,,,Founder pay unchanged,"Starting overhead budget v1: $400 combined conservative planning amount includes Codex, another subscription, website and database; not verified recurring invoices. The first $100 infrastructure tier reference is treated as covered; only higher automatic tier increments are additional. This fixed scenario reference is provisional overlap treatment, not invoice allocation. Explicit manual and dated infrastructure amounts are additional; if intended as replacements, reconcile the baseline before entering them.",32500,0,0,660,32500,38500,1900,400,61348.92686487011,1900,39960,0,16500,16500,RECONCILED,800,2960,0,42260,RECONCILED,0,163.60440965010386,218967.97958673525,209207.97958673525,2588277.86140681,0,0,0,0,103608.92686487011,209207.97958673525,2797485.8409935455,0,0,0,0,false,Unavailable: configure distribution and tax planning (or explicitly opt into provisional untaxed illustration),0,25000,0,2797485.8409935455,331600.54299839586,,,,0,,,,,,,,milestone,,cac,,263.8640739029447,13.917908941638803,51.748410774092164,Functional Team,5,0,0.518,true,true,0,
false,,,,,,,,,,,0,0,3020775.5527471714,342129.7512163561,0,64784.2273568472,42260,107044.2273568472,0,-4.656612873077393e-10,0,0,0,0,2678645.801530815,0,2995775.5527471714,Unavailable: configure distribution and tax planning (or explicitly opt into provisional untaxed illustration),false,0,0,16000,159.1637684819988,47,2030-07-01,FORECAST,1185.5229164947505,25000,0,15000,0,10000,FORECAST prelaunch payment; not actual or verified quote,1251.8615791085758,100.52539062500001,100.52539062500001,100.52539062500004,0,,month_12_to_peak_smoothstep,FOUNDER_PEAK_TARGET_AND_MONTH,false,2.728515625000014,0.027899824253075717,100.52539062500004,0,0,0,0,0,0,0,34.186728011174964,0,34.18672801117496,1251.8615791085758,50.262695312500014,30.1576171875,20.105078125000006,0,0,0,626.4583610467939,375.42281249164256,249.9804055701392,330333.93911047286,330333.93911047286,0,330333.93911047286,0,330333.93911047286,RECONCILED,330333.9391104729,0,330333.9391104729,RECONCILED,52516.647075137604,12267.580281709601,12267.580281709601,9955.24270793629,2312.337573773311,1251.8615791085758,64784.2273568472,0,16000,6000,6000,36260,101044.2273568472,229289.71175362566,,,Founder pay unchanged,"Starting overhead budget v1: $400 combined conservative planning amount includes Codex, another subscription, website and database; not verified recurring invoices. The first $100 infrastructure tier reference is treated as covered; only higher automatic tier increments are additional. This fixed scenario reference is provisional overlap treatment, not invoice allocation. Explicit manual and dated infrastructure amounts are additional; if intended as replacements, reconcile the baseline before entering them.",32500,0,0,660,32500,38500,1900,400,64784.2273568472,1900,39960,0,16500,16500,RECONCILED,800,2960,0,42260,RECONCILED,0,159.1637684819988,233049.71175362566,223289.71175362566,2797485.8409935455,0,0,0,0,107044.2273568472,223289.7117536257,3020775.5527471714,0,0,0,0,false,Unavailable: configure distribution and tax planning (or explicitly opt into provisional untaxed illustration),0,25000,0,3020775.5527471714,342129.7512163561,,,,0,,,,,,,,milestone,,cac,,263.8741731699256,13.1803709574259,51.75031204566457,Functional Team,5,0,0.518,true,true,0,
false,,,,,,,,,,,0,0,3258320.773358844,352738.3086706882,0,68261.9226712561,42260,110521.9226712561,-5.820766091346741e-11,0,0,0,0,0,2905582.464688156,0,3233320.773358844,Unavailable: configure distribution and tax planning (or explicitly opt into provisional untaxed illustration),false,0,0,16000,155.15151515151516,48,2030-08-01,FORECAST,1251.8615791085758,25000,0,15000,0,10000,FORECAST prelaunch payment; not actual or verified quote,1319.0193822242456,103.125,103.125,103.125,0,,month_12_to_peak_smoothstep,FOUNDER_PEAK_TARGET_AND_MONTH,false,2.599609374999986,0.025860226544133218,103.125,0,0,0,0,0,0,0,35.96719688433005,0,35.96719688433004,1319.0193822242456,51.5625,30.9375,20.625,0,0,0,660.0253922460474,395.5732058042644,263.42078417393367,348067.143282929,348067.143282929,0,348067.143282929,0,348067.143282929,RECONCILED,348067.143282929,0,348067.143282929,RECONCILED,55335.799698403374,12926.122972852721,12926.122972852721,10489.652969872217,2436.4700029805035,1319.0193822242456,68261.92267125609,0,16000,6000,6000,36260,104521.9226712561,243545.22061167296,,,Founder pay unchanged,"Starting overhead budget v1: $400 combined conservative planning amount includes Codex, another subscription, website and database; not verified recurring invoices. The first $100 infrastructure tier reference is treated as covered; only higher automatic tier increments are additional. This fixed scenario reference is provisional overlap treatment, not invoice allocation. Explicit manual and dated infrastructure amounts are additional; if intended as replacements, reconcile the baseline before entering them.",32500,0,0,660,32500,38500,1900,400,68261.92267125609,1900,39960,0,16500,16500,RECONCILED,800,2960,0,42260,RECONCILED,0,155.15151515151516,247305.22061167296,237545.22061167296,3020775.5527471714,0,0,0,0,110521.92267125609,237545.22061167294,3258320.773358844,0,0,0,0,false,Unavailable: configure distribution and tax planning (or explicitly opt into provisional untaxed illustration),0,25000,0,3258320.773358844,352738.3086706882,,,,0,,,,,,,,milestone,,cac,,263.8832665946029,12.509293056919496,51.75202395900118,Functional Team,5,0,0.518,true,true,0,
false,,,,,,,,,,,0,0,3510264.0452343393,365889.0658077077,0,71774.39297029254,42260,114034.39297029254,0,4.656612873077393e-10,0,0,0,0,3144374.9794266317,0,3485264.0452343393,Unavailable: configure distribution and tax planning (or explicitly opt into provisional untaxed illustration),false,0,0,16000,151.53813426071508,49,2030-09-01,FORECAST,1319.0193822242456,25000,0,15000,0,10000,FORECAST prelaunch payment; not actual or verified quote,1386.8491441799752,105.58398437500001,105.58398437500001,105.58398437500004,0,,month_12_to_peak_smoothstep,FOUNDER_PEAK_TARGET_AND_MONTH,false,2.458984375000014,0.023844696969697106,105.58398437500004,0,0,0,0,0,0,0,37.75422241927044,0,37.75422241927042,1386.8491441799752,52.791992187500014,31.6751953125,21.116796875000006,0,0,0,693.928669948399,415.9251180904011,276.9953561411752,365977.6648457878,365977.6648457878,0,365977.6648457878,0,365977.6648457878,RECONCILED,365977.66484578775,0,365977.66484578775,RECONCILED,58183.142292590186,13591.250677702352,13591.250677702352,11029.407023781838,2561.8436539205145,1386.8491441799747,71774.39297029254,0,16000,6000,6000,36260,108034.39297029254,257943.27187549527,,,Founder pay unchanged,"Starting overhead budget v1: $400 combined conservative planning amount includes Codex, another subscription, website and database; not verified recurring invoices. The first $100 infrastructure tier reference is treated as covered; only higher automatic tier increments are additional. This fixed scenario reference is provisional overlap treatment, not invoice allocation. Explicit manual and dated infrastructure amounts are additional; if intended as replacements, reconcile the baseline before entering them.",32500,0,0,660,32500,38500,1900,400,71774.39297029254,1900,39960,0,16500,16500,RECONCILED,800,2960,0,42260,RECONCILED,0,151.53813426071508,261703.27187549527,251943.27187549527,3258320.773358844,0,0,0,0,114034.39297029254,251943.2718754952,3510264.0452343393,0,0,0,0,false,Unavailable: configure distribution and tax planning (or explicitly opt into provisional untaxed illustration),0,25000,0,3510264.0452343393,365889.0658077077,,,,0,,,,,,,,milestone,,cac,,263.89147398016775,11.897472821210286,51.75356906805588,Functional Team,5,0,0.518,true,true,0,
false,,,,,,,,,,,0,0,3776714.287376484,381567.15181608393,0,75313.43557480747,42260,117573.43557480747,0,-4.656612873077393e-10,0,0,0,0,3395147.1355604,0,3751714.287376484,Unavailable: configure distribution and tax planning (or explicitly opt into provisional untaxed illustration),false,0,0,16000,148.29833454018828,50,2030-10-01,FORECAST,1386.8491441799752,25000,0,15000,0,10000,FORECAST prelaunch payment; not actual or verified quote,1455.192426050298,107.890625,107.890625,107.890625,0,,month_12_to_peak_smoothstep,FOUNDER_PEAK_TARGET_AND_MONTH,false,2.306640624999986,0.021846501045154232,107.890625,0,0,0,0,0,0,0,39.54734312967689,0,39.5473431296769,1455.192426050298,53.9453125,32.3671875,21.578125,0,0,0,728.0889686817462,436.4310192176788,290.67243815087323,384023.67771695193,384023.67771695193,0,384023.67771695193,0,384023.67771695193,RECONCILED,384023.6777169518,0,384023.6777169518,RECONCILED,61052.02544918212,14261.410125625356,14261.410125625356,11573.244381606693,2688.165744018663,1455.192426050298,75313.43557480747,0,16000,6000,6000,36260,111573.43557480747,272450.2421421445,,,Founder pay unchanged,"Starting overhead budget v1: $400 combined conservative planning amount includes Codex, another subscription, website and database; not verified recurring invoices. The first $100 infrastructure tier reference is treated as covered; only higher automatic tier increments are additional. This fixed scenario reference is provisional overlap treatment, not invoice allocation. Explicit manual and dated infrastructure amounts are additional; if intended as replacements, reconcile the baseline before entering them.",32500,0,0,660,32500,38500,1900,400,75313.43557480747,1900,39960,0,16500,16500,RECONCILED,800,2960,0,42260,RECONCILED,0,148.29833454018828,276210.2421421445,266450.2421421445,3510264.0452343393,0,0,0,0,117573.43557480747,266450.24214214436,3776714.287376484,0,0,0,0,false,Unavailable: configure distribution and tax planning (or explicitly opt into provisional untaxed illustration),0,25000,0,3776714.287376484,381567.15181608393,,,,0,,,,,,,,milestone,,cac,,263.8988980716962,11.338706623689976,51.75496671544956,Functional Team,5,0,0.518,true,true,0,
false,,,,,,,,,,,0,0,4057745.288231896,407376.7126794609,0,78870.48012558822,42260,121130.48012558822,0,-4.656612873077393e-10,0,0,0,0,3650368.5755524347,0,4032745.288231896,Unavailable: configure distribution and tax planning (or explicitly opt into provisional untaxed illustration),false,0,0,16000,145.41065374443085,51,2030-11-01,FORECAST,1455.192426050298,25000,0,15000,0,10000,FORECAST prelaunch payment; not actual or verified quote,1523.8836874212861,110.033203125,110.033203125,110.033203125,0,,month_12_to_peak_smoothstep,FOUNDER_PEAK_TARGET_AND_MONTH,false,2.142578125,0.01985879797248371,110.033203125,0,0,0,0,0,0,0,41.34194175401218,0,41.341941754012176,1523.8836874212861,55.0166015625,33.0099609375,22.006640625000003,0,0,0,762.4235123649668,457.0412485724168,304.4189264839025,402161.480981,402161.480981,0,402161.480981,0,402161.480981,RECONCILED,402161.480981,0,402161.480981,RECONCILED,63935.50170404583,14934.97842154239,14934.97842154239,12119.848054675389,2815.1303668670002,1523.8836874212861,78870.48012558822,0,16000,6000,6000,36260,115130.48012558822,287031.00085541175,,,Founder pay unchanged,"Starting overhead budget v1: $400 combined conservative planning amount includes Codex, another subscription, website and database; not verified recurring invoices. The first $100 infrastructure tier reference is treated as covered; only higher automatic tier increments are additional. This fixed scenario reference is provisional overlap treatment, not invoice allocation. Explicit manual and dated infrastructure amounts are additional; if intended as replacements, reconcile the baseline before entering them.",32500,0,0,660,32500,38500,1900,400,78870.48012558822,1900,39960,0,16500,16500,RECONCILED,800,2960,0,42260,RECONCILED,0,145.41065374443085,290791.00085541175,281031.00085541175,3776714.287376484,0,0,0,0,121130.48012558822,281031.00085541175,4057745.288231896,0,0,0,0,false,Unavailable: configure distribution and tax planning (or explicitly opt into provisional untaxed illustration),0,25000,0,4057745.288231896,407376.7126794609,,,,0,,,,,,,,milestone,,cac,,263.9056276411339,10.827598022209475,51.756233613244284,Departmental Organization,5,0,0.518,true,true,1,"Security / privacy specialist support: decision M51, start M52"
false,,,,,,,,,,,0,0,4350847.311258094,425093.2928778663,0,82425.15010731199,44760,127185.15010731199,0,0,0,0,0,0,3925754.018380228,0,4325847.311258094,Unavailable: configure distribution and tax planning (or explicitly opt into provisional untaxed illustration),false,0,0,16000,143.13970435144702,52,2030-12-01,FORECAST,1523.8836874212861,25000,0,15000,0,10000,FORECAST prelaunch payment; not actual or verified quote,1592.529355494395,111.99999999999999,111.99999999999999,111.77890909090908,0.22109090909090412,SALES_CAPACITY,month_12_to_peak_smoothstep,FOUNDER_PEAK_TARGET_AND_MONTH,false,1.9667968749999858,0.017874576211015722,111.77890909090908,0,0,0,0,0,0,0,43.13324101780007,0,43.133241017800074,1592.529355494395,55.88945454545454,33.53367272727272,22.355781818181818,0,0,0,796.7355088567989,477.63773579156384,318.1561108460323,420287.17313351075,420287.17313351075,0,420287.17313351075,0,420287.17313351075,RECONCILED,420287.1731335107,0,420287.1731335107,RECONCILED,66817.05306785728,15608.097039454706,15608.097039454706,12666.08682752013,2942.010211934575,1592.5293554943953,82425.15010731199,0,16000,6000,6000,38760,121185.15010731199,299102.02302619873,,,Founder pay unchanged,"Starting overhead budget v1: $400 combined conservative planning amount includes Codex, another subscription, website and database; not verified recurring invoices. The first $100 infrastructure tier reference is treated as covered; only higher automatic tier increments are additional. This fixed scenario reference is provisional overlap treatment, not invoice allocation. Explicit manual and dated infrastructure amounts are additional; if intended as replacements, reconcile the baseline before entering them.",32500,0,0,660,32500,38500,1900,400,82425.15010731199,1900,42460,0,16500,16500,RECONCILED,3300,2960,0,44760,RECONCILED,0,143.13970435144702,305362.02302619873,293102.02302619873,4057745.288231896,0,0,0,0,127185.15010731199,293102.02302619873,4350847.311258094,0,0,0,0,false,Unavailable: configure distribution and tax planning (or explicitly opt into provisional untaxed illustration),0,25000,0,4350847.311258094,425093.2928778663,,,,0,,,,,,,,milestone,,cac,,263.9117273935802,10.36087651575982,51.757381942716776,Departmental Organization,5,0,0.5282336366139098,true,true,2,"Sales: decision M52, start M54; Sales contractor bridge: decision M52, start M53, end M53"
false,,,,,,,,,,,0,0,4656068.318951983,442781.8340346194,0,85991.52158318374,47260,133251.52158318373,0,0,0,0,0,0,4213286.484917363,0,4631068.318951983,Unavailable: configure distribution and tax planning (or explicitly opt into provisional untaxed illustration),false,0,0,18500,162.59548536606303,53,2031-01-01,FORECAST,1592.529355494395,25000,0,15000,0,10000,FORECAST prelaunch payment; not actual or verified quote,1661.4012993104134,113.77929687499997,113.77929687499997,113.77929687499997,0,,month_12_to_peak_smoothstep,FOUNDER_PEAK_TARGET_AND_MONTH,false,1.7792968749999858,0.015886579241071303,113.77929687499997,0,0,0,0,0,0,0,44.90735305898184,0,44.90735305898183,1661.4012993104134,56.889648437499986,34.13378906249999,22.755859374999996,0,0,0,831.1608870648421,498.3020430306463,331.93836921492493,438472.5292770723,438472.5292770723,0,438472.5292770723,0,438472.5292770723,RECONCILED,438472.5292770723,0,438472.5292770723,RECONCILED,69708.09013941602,16283.43144376773,16283.43144376773,13214.123738828222,3069.3077049395065,1661.401299310413,85991.52158318374,0,18500,6000,6000,41260,127251.52158318373,311221.00769388856,,,Founder pay unchanged,"Starting overhead budget v1: $400 combined conservative planning amount includes Codex, another subscription, website and database; not verified recurring invoices. The first $100 infrastructure tier reference is treated as covered; only higher automatic tier increments are additional. This fixed scenario reference is provisional overlap treatment, not invoice allocation. Explicit manual and dated infrastructure amounts are additional; if intended as replacements, reconcile the baseline before entering them.",32500,0,2500,660,32500,38500,1900,400,85991.52158318374,1900,44960,0,16500,16500,RECONCILED,3300,5460,0,47260,RECONCILED,0,162.59548536606303,317481.00769388856,305221.00769388856,4350847.311258094,0,0,0,0,133251.52158318373,305221.00769388856,4656068.318951983,0,0,0,0,false,Unavailable: configure distribution and tax planning (or explicitly opt into provisional untaxed illustration),0,25000,0,4656068.318951983,442781.8340346194,,,,0,,,,,,,,milestone,,cac,,263.91729045779977,9.931375403912675,51.758429236136784,Departmental Organization,5,0.36363636363636365,0.5616357340766438,true,true,0,
false,,,,,,,,,,,0,0,4965735.923995365,457910.34240676253,0,89548.04098896515,57392,146940.04098896513,5.820766091346741e-11,0,0,0,0,0,4507825.581588603,0,4940735.923995365,Unavailable: configure distribution and tax planning (or explicitly opt into provisional untaxed illustration),false,0,0,24000,208.04550995530272,54,2031-02-01,FORECAST,1661.4012993104134,25000,0,15000,0,10000,FORECAST prelaunch payment; not actual or verified quote,1730.083211985054,115.359375,115.359375,115.359375,0,,month_12_to_peak_smoothstep,FOUNDER_PEAK_TARGET_AND_MONTH,false,1.5800781250000284,0.013887219981117754,115.359375,0,0,0,0,0,0,0,46.67746232535922,0,46.67746232535921,1730.083211985054,57.6796875,34.6078125,23.071875000000002,0,0,0,865.4914880604455,518.9092796351944,345.68244428941415,456607.6460323472,456607.6460323472,0,456607.6460323472,0,456607.6460323472,RECONCILED,456607.6460323472,0,456607.6460323472,RECONCILED,72591.14076820514,16956.90022076002,16956.90022076002,13760.646698533588,3196.253522226431,1730.0832119850545,89548.04098896516,0,24000,6000,6000,51392,140940.04098896513,315667.60504338203,,,Founder pay unchanged,"Starting overhead budget v1: $400 combined conservative planning amount includes Codex, another subscription, website and database; not verified recurring invoices. The first $100 infrastructure tier reference is treated as covered; only higher automatic tier increments are additional. This fixed scenario reference is provisional overlap treatment, not invoice allocation. Explicit manual and dated infrastructure amounts are additional; if intended as replacements, reconcile the baseline before entering them.",40500,4500,0,792,40500,46500,1900,400,89548.04098896516,1900,55092,0,16500,16500,RECONCILED,3300,7592,0,57392,RECONCILED,0,208.04550995530272,326559.60504338203,309667.60504338203,4656068.318951983,0,0,0,0,146940.04098896516,309667.60504338203,4965735.923995365,0,0,0,0,false,Unavailable: configure distribution and tax planning (or explicitly opt into provisional untaxed illustration),0,25000,0,4965735.923995365,457910.34240676253,,,,0,,,,,,,,milestone,,cac,,263.9223609992996,9.537113524769895,51.759383808030826,Departmental Organization,6,0,0.5949456686301646,true,true,0,
false,,,,,,,,,,,0,0,5289994.322572833,474010.65077163134,0,92009.73030571741,52892,144901.7303057174,0,0,0,0,0,0,4815983.671801202,0,5264994.322572833,Unavailable: configure distribution and tax planning (or explicitly opt into provisional untaxed illustration),false,0,0,24000,249.49100899780493,55,2031-03-01,FORECAST,1730.083211985054,25000,0,15000,0,10000,FORECAST prelaunch payment; not actual or verified quote,1777.619047619048,116.728515625,116.728515625,96.1958512910225,20.532664333977493,OPERATIONAL_CAPACITY,month_12_to_peak_smoothstep,FOUNDER_PEAK_TARGET_AND_MONTH,false,1.369140625,0.011868481647026953,96.1958512910225,0,0,0,0,0,0,0,48.66001565702877,0,48.66001565702876,1777.619047619048,48.09792564551125,28.85875538730675,19.2391702582045,0,0,0,889.2492835309146,533.1726332144996,355.19713087363385,469160.12888318487,469160.12888318487,0,469160.12888318487,0,469160.12888318487,RECONCILED,469160.1288831849,0,469160.1288831849,RECONCILED,74586.67995163704,17423.050354080373,17423.050354080373,14138.929451898079,3284.120902182295,1777.6190476190477,92009.73030571741,0,24000,6000,6000,46892,138901.7303057174,330258.3985774674,,,Founder pay unchanged,"Starting overhead budget v1: $400 combined conservative planning amount includes Codex, another subscription, website and database; not verified recurring invoices. The first $100 infrastructure tier reference is treated as covered; only higher automatic tier increments are additional. This fixed scenario reference is provisional overlap treatment, not invoice allocation. Explicit manual and dated infrastructure amounts are additional; if intended as replacements, reconcile the baseline before entering them.",40500,0,0,792,40500,46500,1900,400,92009.73030571741,1900,50592,0,16500,16500,RECONCILED,3300,3092,0,52892,RECONCILED,0,249.49100899780493,336650.3985774674,324258.3985774674,4965735.923995365,0,0,0,0,144901.7303057174,324258.39857746754,5289994.322572833,0,0,0,0,false,Unavailable: configure distribution and tax planning (or explicitly opt into provisional untaxed illustration),0,25000,0,5289994.322572833,474010.65077163134,,,,0,,,,,,,,milestone,,cac,,263.92613733048165,9.282078757031876,51.76009473399586,Departmental Organization,6,0,0.618,true,true,2,"Customer Support / Success: decision M55, start M57; Customer Support / Success contractor bridge: decision M55, start M56, end M56"
false,,,,,,,,,,,0,0,5626256.763056714,487442.93583120254,0,95548.0627399368,55392,150940.0627399368,-5.820766091346741e-11,0,0,0,0,0,5138813.827225512,0,5601256.763056714,Unavailable: configure distribution and tax planning (or explicitly opt into provisional untaxed illustration),false,0,0,24000,203.60551431601274,56,2031-04-01,FORECAST,1777.619047619048,25000,0,15000,0,10000,FORECAST prelaunch payment; not actual or verified quote,1845.9501843525607,117.87499999999999,117.87499999999999,117.87499999999999,0,,month_12_to_peak_smoothstep,FOUNDER_PEAK_TARGET_AND_MONTH,false,1.1464843749999858,0.009821802058060616,117.87499999999999,0,0,0,0,0,0,0,49.54386326648719,0,49.54386326648719,1845.9501843525607,58.93749999999999,35.3625,23.575,0,0,0,923.4049573039395,553.6745185586557,368.87070848996535,487202.5032238178,487202.5032238178,0,487202.5032238178,0,487202.5032238178,RECONCILED,487202.50322381774,0,487202.50322381774,RECONCILED,77454.98756857358,18093.07517136321,18093.07517136321,14682.657648796485,3410.4175225667245,1845.9501843525607,95548.06273993678,0,24000,6000,6000,49392,144940.0627399368,342262.44048388104,,,Founder pay unchanged,"Starting overhead budget v1: $400 combined conservative planning amount includes Codex, another subscription, website and database; not verified recurring invoices. The first $100 infrastructure tier reference is treated as covered; only higher automatic tier increments are additional. This fixed scenario reference is provisional overlap treatment, not invoice allocation. Explicit manual and dated infrastructure amounts are additional; if intended as replacements, reconcile the baseline before entering them.",40500,0,2500,792,40500,46500,1900,400,95548.06273993678,1900,53092,0,19000,19000,RECONCILED,3300,5592,0,55392,RECONCILED,0,203.60551431601274,348654.44048388104,336262.44048388104,5289994.322572833,0,0,0,0,150940.06273993678,336262.4404838809,5626256.763056714,0,0,0,0,false,Unavailable: configure distribution and tax planning (or explicitly opt into provisional untaxed illustration),0,25000,0,5626256.763056714,487442.93583120254,,,,0,,,,,,,,milestone,,cac,,263.93047188036485,10.292802135754256,51.760910749305424,Departmental Organization,6,0.36363636363636365,0.518,true,true,0,
false,,,,,,,,,,,0,0,5969219.713261632,498542.3395581115,0,99044.54936110831,63024,162068.5493611083,0,9.313225746154785e-10,0,0,0,0,5470677.373703521,0,5944219.713261632,Unavailable: configure distribution and tax planning (or explicitly opt into provisional untaxed illustration),false,0,0,24000,202.04212499383416,57,2031-05-01,FORECAST,1845.9501843525607,25000,0,15000,0,10000,FORECAST prelaunch payment; not actual or verified quote,1913.473322874116,118.787109375,118.787109375,118.787109375,0,,month_12_to_peak_smoothstep,FOUNDER_PEAK_TARGET_AND_MONTH,false,0.9121093750000142,0.007737937433722285,118.787109375,0,0,0,0,0,0,0,51.26397085344427,0,51.26397085344423,1913.473322874116,59.3935546875,35.6361328125,23.757421875000002,0,0,0,957.1568545993449,573.9339471919326,382.3825210828387,505031.4995660268,505031.4995660268,0,505031.4995660268,0,505031.4995660268,RECONCILED,505031.4995660267,0,505031.4995660267,RECONCILED,80289.37337986911,18755.175981239197,18755.175981239197,15219.955484277012,3535.220496962187,1913.473322874117,99044.54936110831,0,24000,6000,6000,57024,156068.5493611083,348962.9502049185,,,Founder pay unchanged,"Starting overhead budget v1: $400 combined conservative planning amount includes Codex, another subscription, website and database; not verified recurring invoices. The first $100 infrastructure tier reference is treated as covered; only higher automatic tier increments are additional. This fixed scenario reference is provisional overlap treatment, not invoice allocation. Explicit manual and dated infrastructure amounts are additional; if intended as replacements, reconcile the baseline before entering them.",46000,4500,0,924,46000,52000,1900,400,99044.54936110831,1900,60724,0,22000,22000,RECONCILED,3300,7724,0,63024,RECONCILED,0,202.04212499383416,359986.9502049185,342962.9502049185,5626256.763056714,0,0,0,0,162068.5493611083,342962.9502049184,5969219.713261632,0,0,0,0,false,Unavailable: configure distribution and tax planning (or explicitly opt into provisional untaxed illustration),0,25000,0,5969219.713261632,498542.3395581115,,,,0,,,,,,,,milestone,,cac,,263.93443458487764,11.497416628184338,51.7616567616105,Departmental Organization,7,0,0.518,true,true,0,
false,,,,,,,,,,,0,0,6330756.939282236,513924.7208414777,0,102478.03867058623,58524,161002.03867058625,0,0,0,0,0,0,5816832.218440758,0,6305756.939282236,Unavailable: configure distribution and tax planning (or explicitly opt into provisional untaxed illustration),false,0,0,24000,200.91563113145853,58,2031-06-01,FORECAST,1913.473322874116,25000,0,15000,0,10000,FORECAST prelaunch payment; not actual or verified quote,1979.7799225995957,119.45312499999997,119.45312499999997,119.45312499999997,0,,month_12_to_peak_smoothstep,FOUNDER_PEAK_TARGET_AND_MONTH,false,0.6660156249999716,0.005606800506420452,119.45312499999997,0,0,0,0,0,0,0,53.14652527452085,0,53.14652527452084,1979.7799225995957,59.726562499999986,35.83593749999999,23.890624999999996,0,0,0,990.3007001159334,593.8283582271581,395.65086425650424,522539.26469119,522539.26469119,0,522539.26469119,0,522539.26469119,RECONCILED,522539.26469119,0,522539.26469119,RECONCILED,83072.69116492353,19405.34750566272,19405.34750566272,15747.57265282439,3657.7748528383304,1979.7799225995955,102478.03867058625,0,24000,6000,6000,52524,155002.03867058625,367537.22602060373,,,Founder pay unchanged,"Starting overhead budget v1: $400 combined conservative planning amount includes Codex, another subscription, website and database; not verified recurring invoices. The first $100 infrastructure tier reference is treated as covered; only higher automatic tier increments are additional. This fixed scenario reference is provisional overlap treatment, not invoice allocation. Explicit manual and dated infrastructure amounts are additional; if intended as replacements, reconcile the baseline before entering them.",46000,0,0,924,46000,52000,1900,400,102478.03867058625,1900,56224,0,22000,22000,RECONCILED,3300,3224,0,58524,RECONCILED,0,200.91563113145853,374061.22602060373,361537.22602060373,5969219.713261632,0,0,0,0,161002.03867058625,361537.22602060373,6330756.939282236,0,0,0,0,false,Unavailable: configure distribution and tax planning (or explicitly opt into provisional untaxed illustration),0,25000,0,6330756.939282236,513924.7208414777,,,,0,,,,,,,,milestone,,cac,,263.93805630933855,11.112346250644057,51.76233858156572,Departmental Organization,7,0,0.518,true,true,0,
false,,,,,,,,,,,0,0,6706109.457676813,529076.888047831,0,105848.347799508,58524,164372.34779950802,0,0,0,0,0,0,6177032.569628982,0,6681109.457676813,Unavailable: configure distribution and tax planning (or explicitly opt into provisional untaxed illustration),false,0,0,24000,200.23138718245372,59,2031-07-01,FORECAST,1979.7799225995957,25000,0,15000,0,10000,FORECAST prelaunch payment; not actual or verified quote,2044.8664461534033,119.86132812499999,119.86132812499999,119.86132812499999,0,,month_12_to_peak_smoothstep,FOUNDER_PEAK_TARGET_AND_MONTH,false,0.4082031250000142,0.0034172661870504797,119.86132812499999,0,0,0,0,0,0,0,54.77480457119228,0,54.774804571192284,2044.8664461534033,59.93066406249999,35.958398437499994,23.972265625,0,0,0,1022.834720269474,613.3566917107366,408.6750341731926,539724.866194085,539724.866194085,0,539724.866194085,0,539724.866194085,RECONCILED,539724.8661940851,0,539724.8661940851,RECONCILED,85804.79268267492,20043.55511683309,20043.55511683309,16265.481053474492,3778.074063358596,2044.8664461534029,105848.347799508,0,24000,6000,6000,52524,158372.34779950802,381352.51839457697,,,Founder pay unchanged,"Starting overhead budget v1: $400 combined conservative planning amount includes Codex, another subscription, website and database; not verified recurring invoices. The first $100 infrastructure tier reference is treated as covered; only higher automatic tier increments are additional. This fixed scenario reference is provisional overlap treatment, not invoice allocation. Explicit manual and dated infrastructure amounts are additional; if intended as replacements, reconcile the baseline before entering them.",46000,0,0,924,46000,52000,1900,400,105848.347799508,1900,56224,0,22000,22000,RECONCILED,3300,3224,0,58524,RECONCILED,0,200.23138718245372,387876.51839457697,375352.51839457697,6330756.939282236,0,0,0,0,164372.34779950802,375352.5183945771,6706109.457676813,0,0,0,0,false,Unavailable: configure distribution and tax planning (or explicitly opt into provisional untaxed illustration),0,25000,0,6706109.457676813,529076.888047831,,,,0,,,,,,,,milestone,,cac,,263.94137730088,10.758648830775321,51.762963786030745,Departmental Organization,7,0,0.518,true,true,1,"Shared platform infrastructure step: decision M59, start M60"
false,,,,,,,,,,,0,0,7089471.048605592,538499.6646117152,0,109143.95308801721,64024,173167.9530880172,0,0,0,0,0,0,6550971.383993877,0,7064471.048605592,Unavailable: configure distribution and tax planning (or explicitly opt into provisional untaxed illustration),false,0,0,24000,200,60,2031-08-01,FORECAST,2044.8664461534033,25000,0,15000,0,10000,FORECAST prelaunch payment; not actual or verified quote,2108.510312145549,120,120,120,0,,month_12_to_peak_smoothstep,FOUNDER_PEAK_TARGET_AND_MONTH,false,0.1386718750000142,0.0011569359122685279,120,0,0,0,0,0,0,0,56.356134007854365,0,56.35613400785435,2108.510312145549,60,36,24,0,0,0,1054.6476195787095,632.4521744564242,421.4105181104153,556529.5440167958,556529.5440167958,0,556529.5440167958,0,556529.5440167958,RECONCILED,556529.5440167958,0,556529.5440167958,RECONCILED,88476.33640976889,20667.61667824832,20667.61667824832,16771.90987013075,3895.706808117571,2108.510312145549,109143.95308801721,0,24000,6000,6000,58024,167167.9530880172,389361.59092877863,,,Founder pay unchanged,"Starting overhead budget v1: $400 combined conservative planning amount includes Codex, another subscription, website and database; not verified recurring invoices. The first $100 infrastructure tier reference is treated as covered; only higher automatic tier increments are additional. This fixed scenario reference is provisional overlap treatment, not invoice allocation. Explicit manual and dated infrastructure amounts are additional; if intended as replacements, reconcile the baseline before entering them.",46000,0,0,924,46000,52000,7400,400,109143.95308801721,7400,56224,0,22000,22000,RECONCILED,3300,8724,0,64024,RECONCILED,0,200,401385.59092877863,383361.59092877863,6706109.457676813,0,0,0,0,173167.9530880172,383361.59092877863,7089471.048605592,0,0,0,0,false,Unavailable: configure distribution and tax planning (or explicitly opt into provisional untaxed illustration),0,25000,0,7089471.048605592,538499.6646117152,,,,0,,,,,,,,milestone,,cac,,263.944425982195,10.433906760272631,51.76353772581553,Departmental Organization,7,0,0.518,true,true,0,
false,,,,,,,,,,,0,0,7486017.314557827,547700.5421451796,0,112360.4199539525,64024,176384.41995395249,0,0,0,0,0,0,6938316.7724126475,0,7461017.314557828,Unavailable: configure distribution and tax planning (or explicitly opt into provisional untaxed illustration),false,0,0,24000,200,61,2031-09-01,FORECAST,2108.510312145549,25000,0,15000,0,10000,FORECAST prelaunch payment; not actual or verified quote,2170.625862810799,120,120,120,0,,post_peak_held,FOUNDER_HELD_AFTER_PEAK,true,0,0,120,0,0,0,0,0,0,0,57.88444933474984,0,57.88444933474984,2170.625862810799,60,36,24,0,0,0,1085.6965644824509,651.0891103377123,433.8401879906359,572930.6859061886,572930.6859061886,0,572930.6859061886,0,572930.6859061886,RECONCILED,572930.685906188,0,572930.685906188,RECONCILED,91083.72750248648,21276.692451466013,21276.692451466013,17266.177650122696,4010.5148013433163,2170.6258628107985,112360.41995395249,0,24000,6000,6000,58024,170384.41995395249,402546.2659522361,,,Founder pay unchanged,"Starting overhead budget v1: $400 combined conservative planning amount includes Codex, another subscription, website and database; not verified recurring invoices. The first $100 infrastructure tier reference is treated as covered; only higher automatic tier increments are additional. This fixed scenario reference is provisional overlap treatment, not invoice allocation. Explicit manual and dated infrastructure amounts are additional; if intended as replacements, reconcile the baseline before entering them.",46000,0,0,924,46000,52000,7400,400,112360.41995395249,7400,56224,0,22000,22000,RECONCILED,3300,8724,0,64024,RECONCILED,0,200,414570.2659522361,396546.2659522361,7089471.048605592,0,0,0,0,176384.41995395249,396546.2659522355,7486017.314557827,0,0,0,0,false,Unavailable: configure distribution and tax planning (or explicitly opt into provisional untaxed illustration),0,25000,0,7486017.314557827,547700.5421451796,,,,0,,,,,,,,milestone,,cac,,263.94723094485107,10.135325657417367,51.76406578352204,Departmental Organization,7,0,0.518,true,true,0,
false,,,,,,,,,,,0,0,7895435.198639635,556686.4810685861,0,115500.51500586128,64024,179524.5150058613,0,0,0,0,0,0,7338748.717571049,0,7870435.198639636,Unavailable: configure distribution and tax planning (or explicitly opt into provisional untaxed illustration),false,0,0,24000,200,62,2031-10-01,FORECAST,2170.625862810799,25000,0,15000,0,10000,FORECAST prelaunch payment; not actual or verified quote,2231.266529436836,120,120,120,0,,post_peak_held,FOUNDER_HELD_AFTER_PEAK,true,0,0,120,0,0,0,0,0,0,0,59.359333373963054,0,59.35933337396305,2231.266529436836,60,36,24,0,0,0,1116.0082660512358,669.2835299168977,445.97473346870265,588942.3990876691,588942.3990876691,0,588942.3990876691,0,588942.3990876691,RECONCILED,588942.399087669,0,588942.399087669,RECONCILED,93629.20867987414,21871.306325987138,21871.306325987138,17748.709532373454,4122.596793613683,2231.2665294368358,115500.51500586128,0,24000,6000,6000,58024,173524.5150058613,415417.8840818078,,,Founder pay unchanged,"Starting overhead budget v1: $400 combined conservative planning amount includes Codex, another subscription, website and database; not verified recurring invoices. The first $100 infrastructure tier reference is treated as covered; only higher automatic tier increments are additional. This fixed scenario reference is provisional overlap treatment, not invoice allocation. Explicit manual and dated infrastructure amounts are additional; if intended as replacements, reconcile the baseline before entering them.",46000,0,0,924,46000,52000,7400,400,115500.51500586128,7400,56224,0,22000,22000,RECONCILED,3300,8724,0,64024,RECONCILED,0,200,427441.8840818078,409417.8840818078,7486017.314557827,0,0,0,0,179524.5150058613,409417.8840818077,7895435.198639635,0,0,0,0,false,Unavailable: configure distribution and tax planning (or explicitly opt into provisional untaxed illustration),0,25000,0,7895435.198639635,556686.4810685861,,,,0,,,,,,,,milestone,,cac,,263.9498201213622,9.85987093417868,51.76455321768,Departmental Organization,7,0,0.518,true,true,0,
false,,,,,,,,,,,0,0,8317421.856503112,565464.0025838059,0,118566.7296519015,64024,182590.72965190152,0,0,0,0,0,0,7751957.853919307,0,8292421.856503113,Unavailable: configure distribution and tax planning (or explicitly opt into provisional untaxed illustration),false,0,0,24000,200,63,2031-11-01,FORECAST,2231.266529436836,25000,0,15000,0,10000,FORECAST prelaunch payment; not actual or verified quote,2290.4804280062567,120,120,120,0,,post_peak_held,FOUNDER_HELD_AFTER_PEAK,true,0,0,120,0,0,0,0,0,0,0,60.78610143057928,0,60.78610143057929,2290.4804280062567,60,36,24,0,0,0,1145.6067778059576,687.0498691382924,457.82378106200673,604577.3875153784,604577.3875153784,0,604577.3875153784,0,604577.3875153784,RECONCILED,604577.3875153785,0,604577.3875153785,RECONCILED,96114.799572946,22451.930078955505,22451.930078955505,18219.888366347855,4232.04171260765,2290.480428006257,118566.72965190149,0,24000,6000,6000,58024,176590.72965190152,427986.6578634769,,,Founder pay unchanged,"Starting overhead budget v1: $400 combined conservative planning amount includes Codex, another subscription, website and database; not verified recurring invoices. The first $100 infrastructure tier reference is treated as covered; only higher automatic tier increments are additional. This fixed scenario reference is provisional overlap treatment, not invoice allocation. Explicit manual and dated infrastructure amounts are additional; if intended as replacements, reconcile the baseline before entering them.",46000,0,0,924,46000,52000,7400,400,118566.72965190149,7400,56224,0,22000,22000,RECONCILED,3300,8724,0,64024,RECONCILED,0,200,440010.6578634769,421986.6578634769,7895435.198639635,0,0,0,0,182590.7296519015,421986.657863477,8317421.856503112,0,0,0,0,false,Unavailable: configure distribution and tax planning (or explicitly opt into provisional untaxed illustration),0,25000,0,8317421.856503112,565464.0025838059,,,,0,,,,,,,,milestone,,cac,,263.952217239259,9.60497183516641,51.76500449519563,Departmental Organization,7,0,0.518,true,true,0,
false,,,,,,,,,,,0,0,8751683.599548629,574033.7480197758,0,121561.29748741674,64024,185585.29748741674,0,-1.862645149230957e-9,0,0,0,0,8177649.851528853,0,8726683.599548629,Unavailable: configure distribution and tax planning (or explicitly opt into provisional untaxed illustration),false,0,0,24000,200,64,2031-12-01,FORECAST,2290.4804280062567,25000,0,15000,0,10000,FORECAST prelaunch payment; not actual or verified quote,2348.3106950300935,120,120,120,0,,post_peak_held,FOUNDER_HELD_AFTER_PEAK,true,0,0,120,0,0,0,0,0,0,0,62.169732976163374,0,62.169732976163374,2348.3106950300935,60,36,24,0,0,0,1174.5136636323123,704.4010700788741,469.3959613189071,619847.0405329324,619847.0405329324,0,619847.0405329324,0,619847.0405329324,RECONCILED,619847.0405329325,0,619847.0405329325,RECONCILED,98542.31081972214,23018.986667694604,23018.986667694604,18680.057383964075,4338.929283730528,2348.310695030093,121561.29748741674,0,24000,6000,6000,58024,179585.29748741674,440261.7430455156,,,Founder pay unchanged,"Starting overhead budget v1: $400 combined conservative planning amount includes Codex, another subscription, website and database; not verified recurring invoices. The first $100 infrastructure tier reference is treated as covered; only higher automatic tier increments are additional. This fixed scenario reference is provisional overlap treatment, not invoice allocation. Explicit manual and dated infrastructure amounts are additional; if intended as replacements, reconcile the baseline before entering them.",46000,0,0,924,46000,52000,7400,400,121561.29748741674,7400,56224,0,22000,22000,RECONCILED,3300,8724,0,64024,RECONCILED,0,200,452285.7430455156,434261.7430455156,8317421.856503112,0,0,0,0,185585.29748741674,434261.74304551573,8751683.599548629,0,0,0,0,false,Unavailable: configure distribution and tax planning (or explicitly opt into provisional untaxed illustration),0,25000,0,8751683.599548629,574033.7480197758,,,,0,,,,,,,,milestone,,cac,,263.9544425892031,9.368436658130568,51.765423435955924,Departmental Organization,7,0,0.518,true,true,0,
false,,,,,,,,,,,0,0,9197935.902390203,582242.9260286824,0,124486.45392926788,64024,188510.45392926788,0,0,0,0,0,0,8615692.97636152,0,9172935.902390203,Unavailable: configure distribution and tax planning (or explicitly opt into provisional untaxed illustration),false,0,0,24000,200,65,2032-01-01,FORECAST,2348.3106950300935,25000,0,15000,0,10000,FORECAST prelaunch payment; not actual or verified quote,2404.800502308207,120,120,120,0,,post_peak_held,FOUNDER_HELD_AFTER_PEAK,true,0,0,120,0,0,0,0,0,0,0,63.510192721886554,0,63.51019272188657,2404.800502308207,60,36,24,0,0,0,1202.7505051587304,721.3500853769866,480.69991177248977,634762.7567708422,634762.7567708422,0,634762.7567708422,0,634762.7567708422,RECONCILED,634762.756770842,0,634762.756770842,RECONCILED,100913.5545348251,23572.89939444278,23572.89939444278,19129.560097046884,4443.339297395894,2404.8005023082064,124486.45392926788,0,24000,6000,6000,58024,182510.45392926788,452252.30284157436,,,Founder pay unchanged,"Starting overhead budget v1: $400 combined conservative planning amount includes Codex, another subscription, website and database; not verified recurring invoices. The first $100 infrastructure tier reference is treated as covered; only higher automatic tier increments are additional. This fixed scenario reference is provisional overlap treatment, not invoice allocation. Explicit manual and dated infrastructure amounts are additional; if intended as replacements, reconcile the baseline before entering them.",46000,0,0,924,46000,52000,7400,400,124486.45392926788,7400,56224,0,22000,22000,RECONCILED,3300,8724,0,64024,RECONCILED,0,200,464276.30284157436,446252.30284157436,8751683.599548629,0,0,0,0,188510.45392926788,446252.3028415741,9197935.902390203,0,0,0,0,false,Unavailable: configure distribution and tax planning (or explicitly opt into provisional untaxed illustration),0,25000,0,9197935.902390203,582242.9260286824,,,,0,,,,,,,,milestone,,cac,,263.9565137156184,9.14836801592634,51.76581334284556,Departmental Organization,7,0,0.5411134075859663,true,true,0,
false,,,,,,,,,,,0,0,9655902.651790606,597762.5946104915,0,127344.25116712134,64024,191368.25116712134,0,1.862645149230957e-9,0,0,0,0,9058140.057180114,0,9630902.651790606,Unavailable: configure distribution and tax planning (or explicitly opt into provisional untaxed illustration),false,0,0,24000,200,66,2032-02-01,FORECAST,2404.800502308207,25000,0,15000,0,10000,FORECAST prelaunch payment; not actual or verified quote,2459.9894827639496,120,120,120,0,,post_peak_held,FOUNDER_HELD_AFTER_PEAK,true,0,0,120,0,0,0,0,0,0,0,64.81101954425712,0,64.81101954425714,2459.9894827639496,60,36,24,0,0,0,1230.3371146714978,737.9088059833076,491.7435621091442,649335.0005675252,649335.0005675252,0,649335.0005675252,0,649335.0005675252,RECONCILED,649335.0005675249,0,649335.0005675249,RECONCILED,103230.19430186125,24114.056865260085,24114.056865260085,19568.71186128741,4545.345003972675,2459.9894827639487,127344.25116712134,0,24000,6000,6000,58024,185368.25116712134,463966.7494004038,,,Founder pay unchanged,"Starting overhead budget v1: $400 combined conservative planning amount includes Codex, another subscription, website and database; not verified recurring invoices. The first $100 infrastructure tier reference is treated as covered; only higher automatic tier increments are additional. This fixed scenario reference is provisional overlap treatment, not invoice allocation. Explicit manual and dated infrastructure amounts are additional; if intended as replacements, reconcile the baseline before entering them.",46000,0,0,924,46000,52000,7400,400,127344.25116712134,7400,56224,0,22000,22000,RECONCILED,3300,8724,0,64024,RECONCILED,0,200,475990.7494004038,457966.7494004038,9197935.902390203,0,0,0,0,191368.25116712134,457966.7494004036,9655902.651790606,0,0,0,0,false,Unavailable: configure distribution and tax planning (or explicitly opt into provisional untaxed illustration),0,25000,0,9655902.651790606,597762.5946104915,,,,0,,,,,,,,milestone,,cac,,263.95844580520617,8.94312766544093,51.76617707488824,Departmental Organization,7,0,0.567879425820853,true,true,0,
false,,,,,,,,,,,0,0,10125292.788161531,648999.4525168238,0,130131.04292338669,64024,194155.04292338667,0,-1.862645149230957e-9,0,0,0,0,9476293.335644707,0,10100292.788161531,Unavailable: configure distribution and tax planning (or explicitly opt into provisional untaxed illustration),false,0,0,24000,200,67,2032-03-01,FORECAST,2459.9894827639496,25000,0,15000,0,10000,FORECAST prelaunch payment; not actual or verified quote,2513.807205157653,120,120,120,0,,post_peak_held,FOUNDER_HELD_AFTER_PEAK,true,0,0,120,0,0,0,0,0,0,0,66.18227760629678,0,66.18227760629682,2513.807205157653,60,36,24,0,0,0,1257.2382724693355,754.0561035754507,502.5128291128669,663545.1792943113,663545.1792943113,0,663545.1792943113,0,663545.1792943113,RECONCILED,663545.1792943112,0,663545.1792943112,RECONCILED,105489.27430724418,24641.768616142508,24641.768616142508,19996.952361082327,4644.816255060179,2513.807205157652,130131.04292338669,0,24000,6000,6000,58024,188155.04292338667,475390.13637092465,,,Founder pay unchanged,"Starting overhead budget v1: $400 combined conservative planning amount includes Codex, another subscription, website and database; not verified recurring invoices. The first $100 infrastructure tier reference is treated as covered; only higher automatic tier increments are additional. This fixed scenario reference is provisional overlap treatment, not invoice allocation. Explicit manual and dated infrastructure amounts are additional; if intended as replacements, reconcile the baseline before entering them.",46000,0,0,924,46000,52000,7400,400,130131.04292338669,7400,56224,0,22000,22000,RECONCILED,3300,8724,0,64024,RECONCILED,0,200,487414.13637092465,469390.13637092465,9655902.651790606,0,0,0,0,194155.04292338667,469390.13637092453,10125292.788161531,0,0,0,0,false,Unavailable: configure distribution and tax planning (or explicitly opt into provisional untaxed illustration),0,25000,0,10125292.788161531,648999.4525168238,,,,0,,,,,,,,milestone,,cac,,263.96025038550926,8.751665583129027,51.76651680224043,Departmental Organization,7,0,0.5939803997300394,true,true,0,
false,,,,,,,,,,,0,0,10605195.481620561,686719.336998618,0,132695.63193817437,64024,196719.63193817437,0,0,0,0,0,0,9918476.144621944,0,10580195.481620561,Unavailable: configure distribution and tax planning (or explicitly opt into provisional untaxed illustration),false,0,0,24000,205.24902804188045,68,2032-04-01,FORECAST,2513.807205157653,25000,0,15000,0,10000,FORECAST prelaunch payment; not actual or verified quote,2563.333333333333,120,120,116.93112619808787,3.068873801912133,OPERATIONAL_CAPACITY,post_peak_held,FOUNDER_HELD_AFTER_PEAK,true,0,0,116.93112619808787,0,0,0,0,0,0,0,67.40499802240747,0,67.40499802240751,2563.333333333333,58.46556309904393,35.07933785942636,23.386225239617573,0,0,0,1281.9938064846392,768.9158783325213,512.4236485161729,676622.3253972054,676622.3253972054,0,676622.3253972054,0,676622.3253972054,RECONCILED,676622.3253972051,0,676622.3253972051,RECONCILED,107568.22822387498,25127.403714299388,25127.403714299388,20391.04743651895,4736.356277780436,2563.3333333333317,132695.63193817437,0,24000,6000,6000,58024,190719.63193817437,485902.69345903106,,,Founder pay unchanged,"Starting overhead budget v1: $400 combined conservative planning amount includes Codex, another subscription, website and database; not verified recurring invoices. The first $100 infrastructure tier reference is treated as covered; only higher automatic tier increments are additional. This fixed scenario reference is provisional overlap treatment, not invoice allocation. Explicit manual and dated infrastructure amounts are additional; if intended as replacements, reconcile the baseline before entering them.",46000,0,0,924,46000,52000,7400,400,132695.63193817437,7400,56224,0,22000,22000,RECONCILED,3300,8724,0,64024,RECONCILED,0,205.24902804188045,497926.69345903106,479902.69345903106,10125292.788161531,0,0,0,0,196719.63193817437,479902.6934590307,10605195.481620561,0,0,0,0,false,Unavailable: configure distribution and tax planning (or explicitly opt into provisional untaxed illustration),0,25000,0,10605195.481620561,686719.336998618,,,,0,,,,,,,,milestone,,cac,,263.9618954735522,8.58257477243173,51.76682650383916,Departmental Organization,7,0,0.6179999999999997,true,true,4,"Customer Support / Success: decision M68, start M70; Functional Management: decision M68, start M70; Customer Support / Success contractor bridge: decision M68, start M69, end M69; Functional Management contractor bridge: decision M68, start M69, end M69"
false,,,,,,,,,,,0,0,11088535.80026691,716761.194996447,0,135363.91974893055,71524,206887.91974893055,5.820766091346741e-11,0,0,0,0,0,10371774.605270464,0,11063535.80026691,Unavailable: configure distribution and tax planning (or explicitly opt into provisional untaxed illustration),false,0,0,24000,200,69,2032-05-01,FORECAST,2563.333333333333,25000,0,15000,0,10000,FORECAST prelaunch payment; not actual or verified quote,2614.862558028453,120,120,120,0,,post_peak_held,FOUNDER_HELD_AFTER_PEAK,true,0,0,120,0,0,0,0,0,0,0,68.47077530488116,0,68.47077530488116,2614.862558028453,60,36,24,0,0,0,1307.7510581862944,784.3765384785754,522.7349613635828,690228.2383952796,690228.2383952796,0,690228.2383952796,0,690228.2383952796,RECONCILED,690228.2383952799,0,690228.2383952799,RECONCILED,109731.24439929194,25632.675349638615,25632.675349638615,20801.077680871655,4831.59766876696,2614.8625580284506,135363.91974893055,0,24000,6000,6000,65524,200887.91974893055,489340.318646349,,,Founder pay unchanged,"Starting overhead budget v1: $400 combined conservative planning amount includes Codex, another subscription, website and database; not verified recurring invoices. The first $100 infrastructure tier reference is treated as covered; only higher automatic tier increments are additional. This fixed scenario reference is provisional overlap treatment, not invoice allocation. Explicit manual and dated infrastructure amounts are additional; if intended as replacements, reconcile the baseline before entering them.",46000,0,7500,924,46000,52000,7400,400,135363.91974893055,7400,63724,0,24500,24500,RECONCILED,3300,16224,0,71524,RECONCILED,0,200,506364.318646349,483340.318646349,10605195.481620561,0,0,0,0,206887.91974893055,483340.3186463493,11088535.80026691,0,0,0,0,false,Unavailable: configure distribution and tax planning (or explicitly opt into provisional untaxed illustration),0,25000,0,11088535.80026691,716761.194996447,,,,0,,,,,,,,milestone,,cac,,263.9634868288053,9.369517309725236,51.76712608979031,Departmental Organization,7,1.0909090909090908,0.518,true,true,0,
false,,,,,,,,,,,0,0,11546670.539738959,710733.2704351277,0,137971.90082971883,107420,245391.90082971883,0,0,0,0,0,0,10835937.26930383,0,11521670.539738959,Unavailable: configure distribution and tax planning (or explicitly opt into provisional untaxed illustration),false,0,0,24000,200,70,2032-06-01,FORECAST,2614.862558028453,25000,0,15000,0,10000,FORECAST prelaunch payment; not actual or verified quote,2665.227155284865,120,120,120,0,,post_peak_held,FOUNDER_HELD_AFTER_PEAK,true,0,0,120,0,0,0,0,0,0,0,69.63540274358712,0,69.63540274358716,2665.227155284865,60,36,24,0,0,0,1332.9261617831291,799.4877678064232,532.8132256953127,703526.6403017679,703526.6403017679,0,703526.6403017679,0,703526.6403017679,RECONCILED,703526.6403017679,0,703526.6403017679,RECONCILED,111845.37363226971,26126.527197449104,26126.527197449104,21201.84071533673,4924.686482112375,2665.2271552848647,137971.9008297188,0,24000,6000,6000,101420,239391.90082971883,464134.73947204906,,,Founder pay unchanged,"Starting overhead budget v1: $400 combined conservative planning amount includes Codex, another subscription, website and database; not verified recurring invoices. The first $100 infrastructure tier reference is treated as covered; only higher automatic tier increments are additional. This fixed scenario reference is provisional overlap treatment, not invoice allocation. Explicit manual and dated infrastructure amounts are additional; if intended as replacements, reconcile the baseline before entering them.",75500,13500,0,1320,75500,81500,7400,400,137971.9008297188,7400,99620,0,27500,27500,RECONCILED,3300,22620,0,107420,RECONCILED,0,200,514054.73947204906,458134.73947204906,11088535.80026691,0,0,0,0,245391.9008297188,458134.73947204906,11546670.539738959,0,0,0,0,false,Unavailable: configure distribution and tax planning (or explicitly opt into provisional untaxed illustration),0,25000,0,11546670.539738959,710733.2704351277,,,,0,,,,,,,,milestone,,cac,,263.9649828371096,10.318069867129484,51.76740772587996,Departmental Organization,10,0,0.518,true,true,0,
false,,,,,,,,,,,0,0,12028748.25485511,718037.1283709225,0,140519.5164199686,93920,234439.5164199686,0,0,0,0,0,0,11310711.126484187,0,12003748.25485511,Unavailable: configure distribution and tax planning (or explicitly opt into provisional untaxed illustration),false,0,0,24000,200,71,2032-07-01,FORECAST,2665.227155284865,25000,0,15000,0,10000,FORECAST prelaunch payment; not actual or verified quote,2714.4259861134624,120,120,120,0,,post_peak_held,FOUNDER_HELD_AFTER_PEAK,true,0,0,120,0,0,0,0,0,0,0,70.8011691714027,0,70.80116917140273,2714.4259861134624,60,36,24,0,0,0,1357.518544054262,814.2492255775306,542.6582164816695,716517.2315361197,716517.2315361197,0,716517.2315361197,0,716517.2315361197,RECONCILED,716517.2315361198,0,716517.2315361198,RECONCILED,113910.56828883426,26608.948131134355,26608.948131134355,21593.327510381518,5015.620620752839,2714.4259861134624,140519.51641996863,0,24000,6000,6000,87920,228439.5164199686,488077.71511615114,,,Founder pay unchanged,"Starting overhead budget v1: $400 combined conservative planning amount includes Codex, another subscription, website and database; not verified recurring invoices. The first $100 infrastructure tier reference is treated as covered; only higher automatic tier increments are additional. This fixed scenario reference is provisional overlap treatment, not invoice allocation. Explicit manual and dated infrastructure amounts are additional; if intended as replacements, reconcile the baseline before entering them.",75500,0,0,1320,75500,81500,7400,400,140519.51641996863,7400,86120,0,27500,27500,RECONCILED,3300,9120,0,93920,RECONCILED,0,200,524497.7151161511,482077.71511615114,11546670.539738959,0,0,0,0,234439.51641996863,482077.7151161512,12028748.25485511,0,0,0,0,false,Unavailable: configure distribution and tax planning (or explicitly opt into provisional untaxed illustration),0,25000,0,12028748.25485511,718037.1283709225,,,,0,,,,,,,,milestone,,cac,,263.9663911271477,10.131055383600541,51.76767284827155,Departmental Organization,10,0,0.518,true,true,0,
false,,,,,,,,,,,0,0,12521033.843751522,725176.5565718123,0,143009.7777467595,93920,236929.7777467595,0,0,0,0,0,0,11795857.28717971,0,12496033.843751522,Unavailable: configure distribution and tax planning (or explicitly opt into provisional untaxed illustration),false,0,0,24000,200,72,2032-08-01,FORECAST,2714.4259861134624,25000,0,15000,0,10000,FORECAST prelaunch payment; not actual or verified quote,2762.5172075494493,120,120,120,0,,post_peak_held,FOUNDER_HELD_AFTER_PEAK,true,0,0,120,0,0,0,0,0,0,0,71.9087785640136,0,71.90877856401362,2762.5172075494493,60,36,24,0,0,0,1381.5572798748108,828.6783598390982,552.2815678355399,729215.3666431715,729215.3666431715,0,729215.3666431715,0,729215.3666431715,RECONCILED,729215.3666431715,0,729215.3666431715,RECONCILED,115929.26938534048,27080.508361419015,27080.508361419015,21976.000794916814,5104.507566502201,2762.517207549448,143009.7777467595,0,24000,6000,6000,87920,230929.7777467595,498285.58889641205,,,Founder pay unchanged,"Starting overhead budget v1: $400 combined conservative planning amount includes Codex, another subscription, website and database; not verified recurring invoices. The first $100 infrastructure tier reference is treated as covered; only higher automatic tier increments are additional. This fixed scenario reference is provisional overlap treatment, not invoice allocation. Explicit manual and dated infrastructure amounts are additional; if intended as replacements, reconcile the baseline before entering them.",75500,0,0,1320,75500,81500,7400,400,143009.7777467595,7400,86120,0,27500,27500,RECONCILED,3300,9120,0,93920,RECONCILED,0,200,534705.588896412,492285.58889641205,12028748.25485511,0,0,0,0,236929.7777467595,492285.58889641205,12521033.843751522,0,0,0,0,false,Unavailable: configure distribution and tax planning (or explicitly opt into provisional untaxed illustration),0,25000,0,12521033.843751522,725176.5565718123,,,,0,,,,,,,,milestone,,cac,,263.9677192418424,9.954689123690372,51.76792287698343,Departmental Organization,10,0,0.518,true,true,0,
false,,,,,,,,,,,0,0,13023297.498403646,732155.2574947726,0,145443.97626839954,93920,239363.97626839954,0,0,0,0,0,0,12291142.240908874,0,12998297.498403646,Unavailable: configure distribution and tax planning (or explicitly opt into provisional untaxed illustration),false,0,0,24000,200,73,2032-09-01,FORECAST,2762.5172075494493,25000,0,15000,0,10000,FORECAST prelaunch payment; not actual or verified quote,2809.5257598751273,120,120,120,0,,post_peak_held,FOUNDER_HELD_AFTER_PEAK,true,0,0,120,0,0,0,0,0,0,0,72.99144767432172,0,72.99144767432173,2809.5257598751273,60,36,24,0,0,0,1405.054835825398,842.7826535913806,561.6882704583485,741627.6309205228,741627.6309205228,0,741627.6309205228,0,741627.6309205228,RECONCILED,741627.630920523,0,741627.630920523,RECONCILED,117902.52382729815,27541.45244110137,27541.45244110137,22350.05902465771,5191.393416443661,2809.525759875127,145443.9762683995,0,24000,6000,6000,87920,233363.97626839954,508263.65465212334,,,Founder pay unchanged,"Starting overhead budget v1: $400 combined conservative planning amount includes Codex, another subscription, website and database; not verified recurring invoices. The first $100 infrastructure tier reference is treated as covered; only higher automatic tier increments are additional. This fixed scenario reference is provisional overlap treatment, not invoice allocation. Explicit manual and dated infrastructure amounts are additional; if intended as replacements, reconcile the baseline before entering them.",75500,0,0,1320,75500,81500,7400,400,145443.9762683995,7400,86120,0,27500,27500,RECONCILED,3300,9120,0,93920,RECONCILED,0,200,544683.6546521233,502263.65465212334,12521033.843751522,0,0,0,0,239363.9762683995,502263.65465212346,13023297.498403646,0,0,0,0,false,Unavailable: configure distribution and tax planning (or explicitly opt into provisional untaxed illustration),0,25000,0,13023297.498403646,732155.2574947726,,,,0,,,,,,,,milestone,,cac,,263.9689735229498,9.78812879837139,51.76815900590423,Departmental Organization,10,0,0.518,true,true,0,
false,,,,,,,,,,,0,0,13535314.585393418,738976.850207859,0,147823.3743557636,93920,241743.3743557636,-5.820766091346741e-11,1.862645149230957e-9,0,0,0,0,12796337.735185558,0,13510314.585393418,Unavailable: configure distribution and tax planning (or explicitly opt into provisional untaxed illustration),false,0,0,24000,200,74,2032-10-01,FORECAST,2809.5257598751273,25000,0,15000,0,10000,FORECAST prelaunch payment; not actual or verified quote,2855.476021644319,120,120,120,0,,post_peak_held,FOUNDER_HELD_AFTER_PEAK,true,0,0,120,0,0,0,0,0,0,0,74.04973823080795,0,74.04973823080796,2855.476021644319,60,36,24,0,0,0,1428.0233977025177,856.5694212954894,570.883202646312,753760.461345536,753760.461345536,0,753760.461345536,0,753760.461345536,RECONCILED,753760.461345536,0,753760.461345536,RECONCILED,119831.354940831,27992.019414932598,27992.019414932598,22715.696185513843,5276.323229418753,2855.476021644317,147823.3743557636,0,24000,6000,6000,87920,235743.3743557636,518017.0869897725,,,Founder pay unchanged,"Starting overhead budget v1: $400 combined conservative planning amount includes Codex, another subscription, website and database; not verified recurring invoices. The first $100 infrastructure tier reference is treated as covered; only higher automatic tier increments are additional. This fixed scenario reference is provisional overlap treatment, not invoice allocation. Explicit manual and dated infrastructure amounts are additional; if intended as replacements, reconcile the baseline before entering them.",75500,0,0,1320,75500,81500,7400,400,147823.3743557636,7400,86120,0,27500,27500,RECONCILED,3300,9120,0,93920,RECONCILED,0,200,554437.0869897725,512017.0869897725,13023297.498403646,0,0,0,0,241743.3743557636,512017.08698977245,13535314.585393418,0,0,0,0,false,Unavailable: configure distribution and tax planning (or explicitly opt into provisional untaxed illustration),0,25000,0,13535314.585393418,738976.850207859,,,,0,,,,,,,,milestone,,cac,,263.97015966237564,9.630618429835103,51.768382306582936,Departmental Organization,10,0,0.518,true,true,0,
false,,,,,,,,,,,0,0,14056865.52936284,745644.872268967,0,150149.2059476491,93920,244069.2059476491,0,0,0,0,0,0,13311220.657093873,0,14031865.52936284,Unavailable: configure distribution and tax planning (or explicitly opt into provisional untaxed illustration),false,0,0,24000,200,75,2032-11-01,FORECAST,2855.476021644319,25000,0,15000,0,10000,FORECAST prelaunch payment; not actual or verified quote,2900.3918223384203,120,120,120,0,,post_peak_held,FOUNDER_HELD_AFTER_PEAK,true,0,0,120,0,0,0,0,0,0,0,75.08419930589848,0,75.0841993058985,2900.3918223384203,60,36,24,0,0,0,1450.47487684476,870.0458126706703,579.8711328229897,765620.1499170716,765620.1499170716,0,765620.1499170716,0,765620.1499170716,RECONCILED,765620.1499170717,0,765620.1499170717,RECONCILED,121716.763003933,28432.442943716112,28432.442943716112,23073.10189429661,5359.341049419502,2900.39182233842,150149.2059476491,0,24000,6000,6000,87920,238069.2059476491,527550.9439694225,,,Founder pay unchanged,"Starting overhead budget v1: $400 combined conservative planning amount includes Codex, another subscription, website and database; not verified recurring invoices. The first $100 infrastructure tier reference is treated as covered; only higher automatic tier increments are additional. This fixed scenario reference is provisional overlap treatment, not invoice allocation. Explicit manual and dated infrastructure amounts are additional; if intended as replacements, reconcile the baseline before entering them.",75500,0,0,1320,75500,81500,7400,400,150149.2059476491,7400,86120,0,27500,27500,RECONCILED,3300,9120,0,93920,RECONCILED,0,200,563970.9439694225,521550.9439694225,13535314.585393418,0,0,0,0,244069.2059476491,521550.9439694226,14056865.52936284,0,0,0,0,false,Unavailable: configure distribution and tax planning (or explicitly opt into provisional untaxed illustration),0,25000,0,14056865.52936284,745644.872268967,,,,0,,,,,,,,milestone,,cac,,263.9712827833709,9.48147756734065,51.768593743514415,Departmental Organization,10,0,0.518,true,true,0,
false,,,,,,,,,,,0,0,14587735.699093381,752162.7815622443,0,152422.67719135975,93920,246342.67719135975,0,0,0,0,0,0,13835572.917531136,0,14562735.699093381,Unavailable: configure distribution and tax planning (or explicitly opt into provisional untaxed illustration),false,0,0,24000,200,76,2032-12-01,FORECAST,2900.3918223384203,25000,0,15000,0,10000,FORECAST prelaunch payment; not actual or verified quote,2944.2964547371794,120,120,120,0,,post_peak_held,FOUNDER_HELD_AFTER_PEAK,true,0,0,120,0,0,0,0,0,0,0,76.09536760124098,0,76.095367601241,2944.2964547371794,60,36,24,0,0,0,1472.42091631644,883.2188164059924,588.6567220147473,777212.8469219,777212.8469219,0,777212.8469219,0,777212.8469219,RECONCILED,777212.8469219002,0,777212.8469219002,RECONCILED,123559.72576575018,28862.951425609564,28862.951425609564,23422.461497156262,5440.489928453302,2944.2964547371794,152422.67719135975,0,24000,6000,6000,87920,240342.67719135975,536870.1697305404,,,Founder pay unchanged,"Starting overhead budget v1: $400 combined conservative planning amount includes Codex, another subscription, website and database; not verified recurring invoices. The first $100 infrastructure tier reference is treated as covered; only higher automatic tier increments are additional. This fixed scenario reference is provisional overlap treatment, not invoice allocation. Explicit manual and dated infrastructure amounts are additional; if intended as replacements, reconcile the baseline before entering them.",75500,0,0,1320,75500,81500,7400,400,152422.67719135975,7400,86120,0,27500,27500,RECONCILED,3300,9120,0,93920,RECONCILED,0,200,573290.1697305404,530870.1697305404,14056865.52936284,0,0,0,0,246342.67719135975,530870.1697305404,14587735.699093381,0,0,0,0,false,Unavailable: configure distribution and tax planning (or explicitly opt into provisional untaxed illustration),0,25000,0,14587735.699093381,752162.7815622443,,,,0,,,,,,,,milestone,,cac,,263.9723475098493,9.340092080657948,51.76879418718916,Departmental Organization,10,0,0.518,true,true,0,
false,,,,,,,,,,,0,0,15127715.296152018,758533.1240517674,0,154644.96706885006,93920,248564.96706885006,0,0,0,0,0,0,14369182.17210025,0,15102715.296152018,Unavailable: configure distribution and tax planning (or explicitly opt into provisional untaxed illustration),false,0,0,24000,200,77,2033-01-01,FORECAST,2944.2964547371794,25000,0,15000,0,10000,FORECAST prelaunch payment; not actual or verified quote,2987.212687010633,120,120,120,0,,post_peak_held,FOUNDER_HELD_AFTER_PEAK,true,0,0,120,0,0,0,0,0,0,0,77.08376772654648,0,77.08376772654651,2987.212687010633,60,36,24,0,0,0,1493.8728969518402,896.0952637883696,597.2445262704233,788544.5641274878,788544.5641274878,0,788544.5641274878,0,788544.5641274878,RECONCILED,788544.5641274881,0,788544.5641274881,RECONCILED,125361.1989541573,29283.76811469276,29283.76811469276,23763.956165800344,5519.811948892418,2987.2126870106326,154644.96706885006,0,24000,6000,6000,87920,242564.96706885006,545979.5970586378,,,Founder pay unchanged,"Starting overhead budget v1: $400 combined conservative planning amount includes Codex, another subscription, website and database; not verified recurring invoices. The first $100 infrastructure tier reference is treated as covered; only higher automatic tier increments are additional. This fixed scenario reference is provisional overlap treatment, not invoice allocation. Explicit manual and dated infrastructure amounts are additional; if intended as replacements, reconcile the baseline before entering them.",75500,0,0,1320,75500,81500,7400,400,154644.96706885006,7400,86120,0,27500,27500,RECONCILED,3300,9120,0,93920,RECONCILED,0,200,582399.5970586378,539979.5970586378,14587735.699093381,0,0,0,0,248564.96706885006,539979.597058638,15127715.296152018,0,0,0,0,false,Unavailable: configure distribution and tax planning (or explicitly opt into provisional untaxed illustration),0,25000,0,15127715.296152018,758533.1240517674,,,,0,,,,,,,,milestone,,cac,,263.973358025806,9.205906268267704,51.76898442527926,Departmental Organization,10,0,0.518,true,true,0,
false,,,,,,,,,,,0,0,15676599.246046077,764759.2474059602,0,156817.2280087572,93920,250737.2280087572,0,1.862645149230957e-9,0,0,0,0,14911839.998640116,0,15651599.246046077,Unavailable: configure distribution and tax planning (or explicitly opt into provisional untaxed illustration),false,0,0,24000,200,78,2033-02-01,FORECAST,2987.212687010633,25000,0,15000,0,10000,FORECAST prelaunch payment; not actual or verified quote,3029.1627745384903,120,120,120,0,,post_peak_held,FOUNDER_HELD_AFTER_PEAK,true,0,0,120,0,0,0,0,0,0,0,78.04991247214264,0,78.04991247214267,3029.1627745384903,60,36,24,0,0,0,1514.841943263222,908.6818322488102,605.6389990264581,799621.1779028169,799621.1779028169,0,799621.1779028169,0,799621.1779028169,RECONCILED,799621.1779028169,0,799621.1779028169,RECONCILED,127122.11677189425,29695.111236862962,29695.111236862962,24097.76299154324,5597.348245319719,3029.16277453849,156817.2280087572,0,24000,6000,6000,87920,244737.2280087572,554883.9498940597,,,Founder pay unchanged,"Starting overhead budget v1: $400 combined conservative planning amount includes Codex, another subscription, website and database; not verified recurring invoices. The first $100 infrastructure tier reference is treated as covered; only higher automatic tier increments are additional. This fixed scenario reference is provisional overlap treatment, not invoice allocation. Explicit manual and dated infrastructure amounts are additional; if intended as replacements, reconcile the baseline before entering them.",75500,0,0,1320,75500,81500,7400,400,156817.2280087572,7400,86120,0,27500,27500,RECONCILED,3300,9120,0,93920,RECONCILED,0,200,591303.9498940597,548883.9498940597,15127715.296152018,0,0,0,0,250737.2280087572,548883.9498940597,15676599.246046077,0,0,0,0,false,Unavailable: configure distribution and tax planning (or explicitly opt into provisional untaxed illustration),0,25000,0,15676599.246046077,764759.2474059602,,,,0,,,,,,,,milestone,,cac,,263.9743181264479,9.078416066363346,51.769165172264195,Departmental Organization,10,0,0.5195086947618416,true,true,0,
false,,,,,,,,,,,0,0,16234187.091830302,770844.4231482474,0,158940.586484637,93920,252860.586484637,0,0,0,0,0,0,15463342.668682054,0,16209187.091830302,Unavailable: configure distribution and tax planning (or explicitly opt into provisional untaxed illustration),false,0,0,24000,200,79,2033-03-01,FORECAST,3029.1627745384903,25000,0,15000,0,10000,FORECAST prelaunch payment; not actual or verified quote,3070.1684714631106,120,120,120,0,,post_peak_held,FOUNDER_HELD_AFTER_PEAK,true,0,0,120,0,0,0,0,0,0,0,78.99430307537956,0,78.99430307537959,3070.1684714631106,60,36,24,0,0,0,1535.3389292156678,920.9850488287328,613.8444934187102,810448.4322688619,810448.4322688619,0,810448.4322688619,0,810448.4322688619,RECONCILED,810448.432268862,0,810448.432268862,RECONCILED,128843.39238151902,30097.19410311797,30097.19410311797,24424.055077235935,5673.139025882035,3070.16847146311,158940.586484637,0,24000,6000,6000,87920,246860.586484637,563587.8457842249,,,Founder pay unchanged,"Starting overhead budget v1: $400 combined conservative planning amount includes Codex, another subscription, website and database; not verified recurring invoices. The first $100 infrastructure tier reference is treated as covered; only higher automatic tier increments are additional. This fixed scenario reference is provisional overlap treatment, not invoice allocation. Explicit manual and dated infrastructure amounts are additional; if intended as replacements, reconcile the baseline before entering them.",75500,0,0,1320,75500,81500,7400,400,158940.586484637,7400,86120,0,27500,27500,RECONCILED,3300,9120,0,93920,RECONCILED,0,200,600007.8457842249,557587.8457842249,15676599.246046077,0,0,0,0,252860.586484637,557587.845784225,16234187.091830302,0,0,0,0,false,Unavailable: configure distribution and tax planning (or explicitly opt into provisional untaxed illustration),0,25000,0,16234187.091830302,770844.4231482474,,,,0,,,,,,,,milestone,,cac,,263.9752312623538,8.957163183587342,51.76933707774438,Departmental Organization,10,0,0.5211754390248285,true,true,0,
false,,,,,,,,,,,0,0,16800279.471304968,776792.6824363333,0,161015.30955837312,93920,254935.30955837312,0,3.725290298461914e-9,0,0,0,0,16023486.788868634,0,16775279.47130497,Unavailable: configure distribution and tax planning (or explicitly opt into provisional untaxed illustration),false,0,0,24000,200,80,2033-04-01,FORECAST,3070.1684714631106,25000,0,15000,0,10000,FORECAST prelaunch payment; not actual or verified quote,3110.234932712116,120,120,120,0,,post_peak_held,FOUNDER_HELD_AFTER_PEAK,true,0,0,120,0,0,0,0,0,0,0,79.93353875099481,0,79.93353875099483,3110.234932712116,60,36,24,0,0,0,1555.366429236778,933.0064607871637,621.8620426881743,821027.6890330408,821027.6890330408,0,821027.6890330408,0,821027.6890330408,RECONCILED,821027.6890330408,0,821027.6890330408,RECONCILED,130525.24227337001,30490.067285003108,30490.067285003108,24742.873461771822,5747.193823231286,3110.2349327121146,161015.30955837312,0,24000,6000,6000,87920,248935.30955837312,572092.3794746676,,,Founder pay unchanged,"Starting overhead budget v1: $400 combined conservative planning amount includes Codex, another subscription, website and database; not verified recurring invoices. The first $100 infrastructure tier reference is treated as covered; only higher automatic tier increments are additional. This fixed scenario reference is provisional overlap treatment, not invoice allocation. Explicit manual and dated infrastructure amounts are additional; if intended as replacements, reconcile the baseline before entering them.",75500,0,0,1320,75500,81500,7400,400,161015.30955837312,7400,86120,0,27500,27500,RECONCILED,3300,9120,0,93920,RECONCILED,0,200,608512.3794746676,566092.3794746676,16234187.091830302,0,0,0,0,254935.30955837312,566092.3794746676,16800279.471304968,0,0,0,0,false,Unavailable: configure distribution and tax planning (or explicitly opt into provisional untaxed illustration),0,25000,0,16800279.471304968,776792.6824363333,,,,0,,,,,,,,milestone,,cac,,263.9761004539638,8.841775812742247,51.769500710342875,Departmental Organization,10,0,0.5228040065028481,true,true,0,
false,,,,,,,,,,,0,0,17374685.03246204,782607.105890437,0,163043.35136295014,93920,256963.35136295014,0,0,0,0,0,0,16592077.926571604,0,17349685.032462046,Unavailable: configure distribution and tax planning (or explicitly opt into provisional untaxed illustration),false,0,0,24000,200,81,2033-05-01,FORECAST,3110.234932712116,25000,0,15000,0,10000,FORECAST prelaunch payment; not actual or verified quote,3149.3998985830185,120,120,120,0,,post_peak_held,FOUNDER_HELD_AFTER_PEAK,true,0,0,120,0,0,0,0,0,0,0,80.83503412909742,0,80.83503412909744,3149.3998985830185,60,36,24,0,0,0,1574.943310507413,944.7573909765302,629.6991970990753,831368.9125200255,831368.9125200255,0,831368.9125200255,0,831368.9125200255,RECONCILED,831368.9125200256,0,831368.9125200256,RECONCILED,132169.2505426543,30874.100820295833,30874.100820295833,25054.518432655652,5819.58238764018,3149.399898583018,163043.35136295014,0,24000,6000,6000,87920,250963.35136295014,580405.5611570753,,,Founder pay unchanged,"Starting overhead budget v1: $400 combined conservative planning amount includes Codex, another subscription, website and database; not verified recurring invoices. The first $100 infrastructure tier reference is treated as covered; only higher automatic tier increments are additional. This fixed scenario reference is provisional overlap treatment, not invoice allocation. Explicit manual and dated infrastructure amounts are additional; if intended as replacements, reconcile the baseline before entering them.",75500,0,0,1320,75500,81500,7400,400,163043.35136295014,7400,86120,0,27500,27500,RECONCILED,3300,9120,0,93920,RECONCILED,0,200,616825.5611570753,574405.5611570753,16800279.471304968,0,0,0,0,256963.35136295014,574405.5611570755,17374685.03246204,0,0,0,0,false,Unavailable: configure distribution and tax planning (or explicitly opt into provisional untaxed illustration),0,25000,0,17374685.03246204,782607.105890437,,,,0,,,,,,,,milestone,,cac,,263.97692871396737,8.731822215518845,51.76965663722374,Departmental Organization,10,0,0.5275690921882099,true,true,0,
false,,,,,,,,,,,0,0,17957216.728713673,788290.7048168236,0,165025.7622269242,93920,258945.7622269242,0,-3.725290298461914e-9,0,0,0,0,17168926.02389685,0,17932216.728713676,Unavailable: configure distribution and tax planning (or explicitly opt into provisional untaxed illustration),false,0,0,24000,200,82,2033-06-01,FORECAST,3149.3998985830185,25000,0,15000,0,10000,FORECAST prelaunch payment; not actual or verified quote,3187.6836527218256,120,120,120,0,,post_peak_held,FOUNDER_HELD_AFTER_PEAK,true,0,0,120,0,0,0,0,0,0,0,81.71624586119273,0,81.71624586119276,3187.6836527218256,60,36,24,0,0,0,1594.0797119494587,956.2439252366358,637.3600155357312,841477.4584785532,841477.4584785532,0,841477.4584785532,0,841477.4584785532,RECONCILED,841477.4584785532,0,841477.4584785532,RECONCILED,133776.26862587975,31249.49360104447,31249.49360104447,25359.151391694595,5890.342209349873,3187.683652721825,165025.7622269242,0,24000,6000,6000,87920,252945.7622269242,588531.696251629,,,Founder pay unchanged,"Starting overhead budget v1: $400 combined conservative planning amount includes Codex, another subscription, website and database; not verified recurring invoices. The first $100 infrastructure tier reference is treated as covered; only higher automatic tier increments are additional. This fixed scenario reference is provisional overlap treatment, not invoice allocation. Explicit manual and dated infrastructure amounts are additional; if intended as replacements, reconcile the baseline before entering them.",75500,0,0,1320,75500,81500,7400,400,165025.7622269242,7400,86120,0,27500,27500,RECONCILED,3300,9120,0,93920,RECONCILED,0,200,624951.696251629,582531.696251629,17374685.03246204,0,0,0,0,258945.7622269242,582531.696251629,17957216.728713673,0,0,0,0,false,Unavailable: configure distribution and tax planning (or explicitly opt into provisional untaxed illustration),0,25000,0,17957216.728713673,788290.7048168236,,,,0,,,,,,,,milestone,,cac,,263.9777186673,8.626953925154693,51.76980535255304,Departmental Organization,10,0,0.5476923772736431,true,true,0,
false,,,,,,,,,,,0,0,18547691.722020227,793846.4227673663,0,166963.5688464589,93920,260883.5688464589,-1.1641532182693481e-10,0,0,0,0,0,17753845.29925286,0,18522691.72202023,Unavailable: configure distribution and tax planning (or explicitly opt into provisional untaxed illustration),false,0,0,24000,200,83,2033-07-01,FORECAST,3187.6836527218256,25000,0,15000,0,10000,FORECAST prelaunch payment; not actual or verified quote,3225.1060223925097,120,120,120,0,,post_peak_held,FOUNDER_HELD_AFTER_PEAK,true,0,0,120,0,0,0,0,0,0,0,82.57763032931588,0,82.57763032931591,3225.1060223925097,60,36,24,0,0,0,1612.7855443590583,967.4720124758891,644.8484655575622,851358.5621530141,851358.5621530141,0,851358.5621530141,0,851358.5621530141,RECONCILED,851358.5621530138,0,851358.5621530138,RECONCILED,135347.12880223262,31616.440044226256,31616.440044226256,25656.930109155157,5959.509935071097,3225.106022392509,166963.56884645886,0,24000,6000,6000,87920,254883.5688464589,596474.9933065553,,,Founder pay unchanged,"Starting overhead budget v1: $400 combined conservative planning amount includes Codex, another subscription, website and database; not verified recurring invoices. The first $100 infrastructure tier reference is treated as covered; only higher automatic tier increments are additional. This fixed scenario reference is provisional overlap treatment, not invoice allocation. Explicit manual and dated infrastructure amounts are additional; if intended as replacements, reconcile the baseline before entering them.",75500,0,0,1320,75500,81500,7400,400,166963.56884645886,7400,86120,0,27500,27500,RECONCILED,3300,9120,0,93920,RECONCILED,0,200,632894.9933065553,590474.9933065553,17957216.728713673,0,0,0,0,260883.56884645886,590474.9933065549,18547691.722020227,0,0,0,0,false,Unavailable: configure distribution and tax planning (or explicitly opt into provisional untaxed illustration),0,25000,0,18547691.722020227,793846.4227673663,,,,0,,,,,,,,milestone,,cac,,263.97847272054736,8.526851461335657,51.7699473093907,Departmental Organization,10,0,0.5673628884446538,true,true,0,
false,,,,,,,,,,,0,0,19145931.288197972,798370.3062450723,0,168857.77481705396,93920,262777.7748170539,0,0,0,0,0,0,18347560.9819529,0,19120931.288197976,Unavailable: configure distribution and tax planning (or explicitly opt into provisional untaxed illustration),false,0,0,24000,200,84,2033-08-01,FORECAST,3225.1060223925097,25000,0,15000,0,10000,FORECAST prelaunch payment; not actual or verified quote,3261.6863887456034,120,120,120,0,,post_peak_held,FOUNDER_HELD_AFTER_PEAK,true,0,0,120,0,0,0,0,0,0,0,83.41963364690628,0,83.4196336469063,3261.6863887456034,60,36,24,0,0,0,1631.0704955394422,978.4474677522591,652.1684254539022,861017.3409947995,861017.3409947995,0,861017.3409947995,0,861017.3409947995,RECONCILED,861017.3409947994,0,861017.3409947994,RECONCILED,136882.6446246175,31975.130192436467,31975.130192436467,25948.00880547287,6027.121386963597,3261.686388745603,168857.77481705399,0,24000,6000,6000,87920,256777.77481705393,604239.5661777456,,,Founder pay unchanged,"Starting overhead budget v1: $400 combined conservative planning amount includes Codex, another subscription, website and database; not verified recurring invoices. The first $100 infrastructure tier reference is treated as covered; only higher automatic tier increments are additional. This fixed scenario reference is provisional overlap treatment, not invoice allocation. Explicit manual and dated infrastructure amounts are additional; if intended as replacements, reconcile the baseline before entering them.",75500,0,0,1320,75500,81500,7400,400,168857.77481705399,7400,86120,0,27500,27500,RECONCILED,3300,9120,0,93920,RECONCILED,0,200,640659.5661777456,598239.5661777456,18547691.722020227,0,0,0,0,262777.774817054,598239.5661777453,19145931.288197972,0,0,0,0,false,Unavailable: configure distribution and tax planning (or explicitly opt into provisional untaxed illustration),0,25000,0,19145931.288197972,798370.3062450723,,,,0,,,,,,,,milestone,,cac,,263.9791930842052,8.431221375202812,51.77008292388104,Departmental Organization,10,0,0.5865908131143169,true,true,0,
false,,,,,,,,,,,0,0,19751760.724357307,805308.725299271,0,170709.3611533107,93920,264629.3611533107,0,-3.725290298461914e-9,0,0,0,0,18946451.999058034,0,19726760.72435731,Unavailable: configure distribution and tax planning (or explicitly opt into provisional untaxed illustration),false,0,0,24000,200,85,2033-09-01,FORECAST,3261.6863887456034,25000,0,15000,0,10000,FORECAST prelaunch payment; not actual or verified quote,3297.443696855752,120,120,120,0,,post_peak_held,FOUNDER_HELD_AFTER_PEAK,true,0,0,120,0,0,0,0,0,0,0,84.24269188985089,0,84.24269188985093,3297.443696855752,60,36,24,0,0,0,1648.9440353182672,989.1759752849108,659.3236862525744,870458.7973126448,870458.7973126448,0,870458.7973126448,0,870458.7973126448,RECONCILED,870458.7973126445,0,870458.7973126445,RECONCILED,138383.61134099876,32325.749812311933,32325.749812311933,26232.53823112342,6093.211581188512,3297.443696855752,170709.3611533107,0,24000,6000,6000,87920,258629.3611533107,611829.4361593341,,,Founder pay unchanged,"Starting overhead budget v1: $400 combined conservative planning amount includes Codex, another subscription, website and database; not verified recurring invoices. The first $100 infrastructure tier reference is treated as covered; only higher automatic tier increments are additional. This fixed scenario reference is provisional overlap treatment, not invoice allocation. Explicit manual and dated infrastructure amounts are additional; if intended as replacements, reconcile the baseline before entering them.",75500,0,0,1320,75500,81500,7400,400,170709.3611533107,7400,86120,0,27500,27500,RECONCILED,3300,9120,0,93920,RECONCILED,0,200,648249.4361593341,605829.4361593341,19145931.288197972,0,0,0,0,264629.3611533107,605829.4361593339,19751760.724357307,0,0,0,0,false,Unavailable: configure distribution and tax planning (or explicitly opt into provisional untaxed illustration),0,25000,0,19751760.724357307,805308.725299271,,,,0,,,,,,,,milestone,,cac,,263.9798817922693,8.339793648705019,51.77021257894079,Departmental Organization,10,0,0.6053861094789125,true,true,0,
false,,,,,,,,,,,0,0,20365009.258423645,819794.9417998244,0,172519.28679700167,93920,266439.28679700167,0,0,0,0,0,0,19545214.31662382,0,20340009.25842365,Unavailable: configure distribution and tax planning (or explicitly opt into provisional untaxed illustration),false,0,0,24000,200,86,2033-10-01,FORECAST,3297.443696855752,25000,0,15000,0,10000,FORECAST prelaunch payment; not actual or verified quote,3332.396465533423,120,120,120,0,,post_peak_held,FOUNDER_HELD_AFTER_PEAK,true,0,0,120,0,0,0,0,0,0,0,85.04723132232922,0,85.04723132232925,3332.396465533423,60,36,24,0,0,0,1666.415420452069,999.6630913980779,666.3179536832764,879687.8208633384,879687.8208633384,0,879687.8208633384,0,879687.8208633384,RECONCILED,879687.8208633383,0,879687.8208633383,RECONCILED,139850.80630626145,32668.48049074021,32668.48049074021,26510.665744696842,6157.814746043369,3332.3964655334225,172519.28679700167,0,24000,6000,6000,87920,260439.28679700167,619248.5340663367,,,Founder pay unchanged,"Starting overhead budget v1: $400 combined conservative planning amount includes Codex, another subscription, website and database; not verified recurring invoices. The first $100 infrastructure tier reference is treated as covered; only higher automatic tier increments are additional. This fixed scenario reference is provisional overlap treatment, not invoice allocation. Explicit manual and dated infrastructure amounts are additional; if intended as replacements, reconcile the baseline before entering them.",75500,0,0,1320,75500,81500,7400,400,172519.28679700167,7400,86120,0,27500,27500,RECONCILED,3300,9120,0,93920,RECONCILED,0,200,655668.5340663367,613248.5340663367,19751760.724357307,0,0,0,0,266439.28679700167,613248.5340663367,20365009.258423645,0,0,0,0,false,Unavailable: configure distribution and tax planning (or explicitly opt into provisional untaxed illustration),0,25000,0,20365009.258423645,819794.9417998244,,,,0,,,,,,,,milestone,,cac,,263.9805407195224,8.252319399696045,51.77033662751355,Departmental Organization,10,0,0.6237585116753049,true,true,0,
false,,,,,,,,,,,0,0,20981792.784555815,830596.2807352039,0,173381.65829475995,93920,267301.6582947599,1.1641532182693481e-10,0,0,0,0,0,20151196.503820613,0,20956792.78455582,Unavailable: configure distribution and tax planning (or explicitly opt into provisional untaxed illustration),false,0,0,24000,234.18101823059413,87,2033-11-01,FORECAST,3332.396465533423,25000,0,15000,0,10000,FORECAST prelaunch payment; not actual or verified quote,3349.0476190476197,120,120,102.4848221317733,17.5151778682267,OPERATIONAL_CAPACITY,post_peak_held,FOUNDER_HELD_AFTER_PEAK,true,0,0,102.4848221317733,0,0,0,0,0,0,0,85.83366861757682,0,85.83366861757685,3349.0476190476197,51.24241106588665,30.745446639531988,20.49696442635466,0,0,0,1674.7361104862466,1004.6596940382307,669.6518145231424,884085.1844269297,884085.1844269297,0,884085.1844269297,0,884085.1844269297,RECONCILED,884085.1844269292,0,884085.1844269292,RECONCILED,140549.87736967622,32831.780925083745,32831.780925083745,26643.18463409524,6188.596290988506,3349.0476190476193,173381.65829475998,0,24000,6000,6000,87920,261301.65829475992,622783.5261321696,,,Founder pay unchanged,"Starting overhead budget v1: $400 combined conservative planning amount includes Codex, another subscription, website and database; not verified recurring invoices. The first $100 infrastructure tier reference is treated as covered; only higher automatic tier increments are additional. This fixed scenario reference is provisional overlap treatment, not invoice allocation. Explicit manual and dated infrastructure amounts are additional; if intended as replacements, reconcile the baseline before entering them.",75500,0,0,1320,75500,81500,7400,400,173381.65829475998,7400,86120,0,27500,27500,RECONCILED,3300,9120,0,93920,RECONCILED,0,234.18101823059413,659203.5261321696,616783.5261321696,20365009.258423645,0,0,0,0,267301.65829476,616783.5261321692,20981792.784555815,0,0,0,0,false,Unavailable: configure distribution and tax planning (or explicitly opt into provisional untaxed illustration),0,25000,0,20981792.784555815,830596.2807352039,,,,0,,,,,,,,milestone,,cac,,263.9810731261982,8.211289634579837,51.77043685752821,Departmental Organization,10,0,0.632510942483229,true,true,2,"Customer Support / Success: decision M87, start M89; Customer Support / Success contractor bridge: decision M87, start M88, end M88"
false,,,,,,,,,,,0,0,21603315.85074109,838771.0602323209,0,175147.7802075094,96420,271567.7802075094,0,-3.725290298461914e-9,0,0,0,0,20764544.790508766,0,21578315.850741092,Unavailable: configure distribution and tax planning (or explicitly opt into provisional untaxed illustration),false,0,0,24000,200,88,2033-12-01,FORECAST,3349.0476190476197,25000,0,15000,0,10000,FORECAST prelaunch payment; not actual or verified quote,3383.1545726776017,120,120,120,0,,post_peak_held,FOUNDER_HELD_AFTER_PEAK,true,0,0,120,0,0,0,0,0,0,0,85.89304637001818,0,85.89304637001818,3383.1545726776017,60,36,24,0,0,0,1691.7848105295827,1014.8930084399365,676.4767537080824,893090.8463927818,893090.8463927818,0,893090.8463927818,0,893090.8463927818,RECONCILED,893090.8463927815,0,893090.8463927815,RECONCILED,141981.563365566,33166.21684194342,33166.21684194342,26914.580917193947,6251.635924749471,3383.154572677601,175147.7802075094,0,24000,6000,6000,90420,265567.7802075094,627523.0661852724,,,Founder pay unchanged,"Starting overhead budget v1: $400 combined conservative planning amount includes Codex, another subscription, website and database; not verified recurring invoices. The first $100 infrastructure tier reference is treated as covered; only higher automatic tier increments are additional. This fixed scenario reference is provisional overlap treatment, not invoice allocation. Explicit manual and dated infrastructure amounts are additional; if intended as replacements, reconcile the baseline before entering them.",75500,0,2500,1320,75500,81500,7400,400,175147.7802075094,7400,88620,0,30000,30000,RECONCILED,3300,11620,0,96420,RECONCILED,0,200,663943.0661852724,621523.0661852724,20981792.784555815,0,0,0,0,271567.7802075094,621523.0661852721,21603315.85074109,0,0,0,0,false,Unavailable: configure distribution and tax planning (or explicitly opt into provisional untaxed illustration),0,25000,0,21603315.85074109,838771.0602323209,,,,0,,,,,,,,milestone,,cac,,263.9816854971377,8.867463592198941,51.77055214148507,Departmental Organization,10,0.36363636363636365,0.5338972759333159,true,true,0,
false,,,,,,,,,,,0,0,22224280.857506864,839190.606748928,0,176873.503297555,104052,280925.503297555,0,0,0,0,0,0,21385090.250757936,0,22199280.857506867,Unavailable: configure distribution and tax planning (or explicitly opt into provisional untaxed illustration),false,0,0,24000,200,89,2034-01-01,FORECAST,3383.1545726776017,25000,0,15000,0,10000,FORECAST prelaunch payment; not actual or verified quote,3416.4813512862424,120,120,120,0,,post_peak_held,FOUNDER_HELD_AFTER_PEAK,true,0,0,120,0,0,0,0,0,0,0,86.67322139135871,0,86.6732213913587,3416.4813512862424,60,36,24,0,0,0,1708.4435305396107,1024.892242698204,683.145578048428,901890.5100633304,901890.5100633304,0,901890.5100633304,0,901890.5100633304,RECONCILED,901890.5100633302,0,901890.5100633302,RECONCILED,143380.50052988922,33493.00276766576,33493.00276766576,27179.76919722245,6313.233570443313,3416.481351286243,176873.50329755497,0,24000,6000,6000,98052,274925.503297555,626965.0067657754,,,Founder pay unchanged,"Starting overhead budget v1: $400 combined conservative planning amount includes Codex, another subscription, website and database; not verified recurring invoices. The first $100 infrastructure tier reference is treated as covered; only higher automatic tier increments are additional. This fixed scenario reference is provisional overlap treatment, not invoice allocation. Explicit manual and dated infrastructure amounts are additional; if intended as replacements, reconcile the baseline before entering them.",81000,4500,0,1452,81000,87000,7400,400,176873.50329755497,7400,96252,0,33000,33000,RECONCILED,3300,13752,0,104052,RECONCILED,0,200,668017.0067657754,620965.0067657754,21603315.85074109,0,0,0,0,280925.50329755497,620965.0067657751,22224280.857506864,0,0,0,0,false,Unavailable: configure distribution and tax planning (or explicitly opt into provisional untaxed illustration),0,25000,0,22224280.857506864,839190.606748928,,,,0,,,,,,,,milestone,,cac,,263.98227220639893,9.65906047974654,51.77066259441614,Departmental Organization,11,0,0.5352518978813808,true,true,0,
false,,,,,,,,,,,0,0,22856622.108205765,843998.916672024,0,178550.99723013944,99552,278102.99723013944,0,0,0,0,0,0,22012623.19153374,0,22831622.10820577,Unavailable: configure distribution and tax planning (or explicitly opt into provisional untaxed illustration),false,0,0,24000,200,90,2034-02-01,FORECAST,3416.4813512862424,25000,0,15000,0,10000,FORECAST prelaunch payment; not actual or verified quote,3448.876711572213,120,120,120,0,,post_peak_held,FOUNDER_HELD_AFTER_PEAK,true,0,0,120,0,0,0,0,0,0,0,87.60463971402979,0,87.60463971402979,3448.876711572213,60,36,24,0,0,0,1724.6366464474247,1034.6120244444678,689.6280406803205,910444.247929042,910444.247929042,0,910444.247929042,0,910444.247929042,RECONCILED,910444.2479290417,0,910444.2479290417,RECONCILED,144740.34129122226,33810.655938917174,33810.655938917174,27437.54620341388,6373.109735503293,3448.876711572214,178550.99723013944,0,24000,6000,6000,93552,272102.99723013944,638341.2506989025,,,Founder pay unchanged,"Starting overhead budget v1: $400 combined conservative planning amount includes Codex, another subscription, website and database; not verified recurring invoices. The first $100 infrastructure tier reference is treated as covered; only higher automatic tier increments are additional. This fixed scenario reference is provisional overlap treatment, not invoice allocation. Explicit manual and dated infrastructure amounts are additional; if intended as replacements, reconcile the baseline before entering them.",81000,0,0,1452,81000,87000,7400,400,178550.99723013944,7400,91752,0,33000,33000,RECONCILED,3300,9252,0,99552,RECONCILED,0,200,674893.2506989025,632341.2506989025,22224280.857506864,0,0,0,0,278102.99723013944,632341.2506989023,22856622.108205765,0,0,0,0,false,Unavailable: configure distribution and tax planning (or explicitly opt into provisional untaxed illustration),0,25000,0,22856622.108205765,843998.916672024,,,,0,,,,,,,,milestone,,cac,,263.9828338525922,9.568332752885372,51.7707683290148,Departmental Organization,11,0,0.5365686607936974,true,true,0,
false,,,,,,,,,,,0,0,23495684.117358357,848698.5092288695,0,180190.55970462656,99552,279742.55970462656,0,0,0,0,0,0,22646985.608129486,0,23470684.11735836,Unavailable: configure distribution and tax planning (or explicitly opt into provisional untaxed illustration),false,0,0,24000,200,91,2034-03-01,FORECAST,3448.876711572213,25000,0,15000,0,10000,FORECAST prelaunch payment; not actual or verified quote,3480.5395480867596,120,120,120,0,,post_peak_held,FOUNDER_HELD_AFTER_PEAK,true,0,0,120,0,0,0,0,0,0,0,88.33716348545366,0,88.33716348545369,3480.5395480867596,60,36,24,0,0,0,1740.4636031648183,1044.1120226519436,695.9639222699976,918804.5688572177,918804.5688572177,0,918804.5688572177,0,918804.5688572177,RECONCILED,918804.5688572173,0,918804.5688572173,RECONCILED,146069.43336134072,34121.126343285854,34121.126343285854,27689.494361285335,6431.631982000522,3480.539548086759,180190.55970462656,0,24000,6000,6000,93552,273742.55970462656,645062.0091525911,,,Founder pay unchanged,"Starting overhead budget v1: $400 combined conservative planning amount includes Codex, another subscription, website and database; not verified recurring invoices. The first $100 infrastructure tier reference is treated as covered; only higher automatic tier increments are additional. This fixed scenario reference is provisional overlap treatment, not invoice allocation. Explicit manual and dated infrastructure amounts are additional; if intended as replacements, reconcile the baseline before entering them.",81000,0,0,1452,81000,87000,7400,400,180190.55970462656,7400,91752,0,33000,33000,RECONCILED,3300,9252,0,99552,RECONCILED,0,200,681614.0091525911,639062.0091525911,22856622.108205765,0,0,0,0,279742.55970462656,639062.0091525908,23495684.117358357,0,0,0,0,false,Unavailable: configure distribution and tax planning (or explicitly opt into provisional untaxed illustration),0,25000,0,23495684.117358357,848698.5092288695,,,,0,,,,,,,,milestone,,cac,,263.98337273951716,9.48128861749035,51.77086977899064,Departmental Organization,11,0,0.5378556490677296,true,true,0,
false,,,,,,,,,,,0,0,24141314.921008214,853291.8464719946,0,181793.04981416196,99552,281345.04981416196,0,0,0,0,0,0,23288023.07453622,0,24116314.921008218,Unavailable: configure distribution and tax planning (or explicitly opt into provisional untaxed illustration),false,0,0,24000,200,92,2034-04-01,FORECAST,3480.5395480867596,25000,0,15000,0,10000,FORECAST prelaunch payment; not actual or verified quote,3511.4864514596884,120,120,120,0,,post_peak_held,FOUNDER_HELD_AFTER_PEAK,true,0,0,120,0,0,0,0,0,0,0,89.05309662707083,0,89.05309662707086,3511.4864514596884,60,36,24,0,0,0,1755.9326936960504,1053.3972151037392,702.1565426598988,926975.853464019,926975.853464019,0,926975.853464019,0,926975.853464019,RECONCILED,926975.8534640184,0,926975.8534640184,RECONCILED,147368.4731540194,34424.57666014258,34424.57666014258,27935.745685894446,6488.83097424813,3511.4864514596884,181793.04981416196,0,24000,6000,6000,93552,275345.04981416196,651630.803649857,,,Founder pay unchanged,"Starting overhead budget v1: $400 combined conservative planning amount includes Codex, another subscription, website and database; not verified recurring invoices. The first $100 infrastructure tier reference is treated as covered; only higher automatic tier increments are additional. This fixed scenario reference is provisional overlap treatment, not invoice allocation. Explicit manual and dated infrastructure amounts are additional; if intended as replacements, reconcile the baseline before entering them.",81000,0,0,1452,81000,87000,7400,400,181793.04981416196,7400,91752,0,33000,33000,RECONCILED,3300,9252,0,99552,RECONCILED,0,200,688182.803649857,645630.803649857,23495684.117358357,0,0,0,0,281345.04981416196,645630.8036498565,24141314.921008214,0,0,0,0,false,Unavailable: configure distribution and tax planning (or explicitly opt into provisional untaxed illustration),0,25000,0,24141314.921008214,853291.8464719946,,,,0,,,,,,,,milestone,,cac,,263.98389009266566,9.397729553045048,51.77096717505274,Departmental Organization,11,0,0.5391135370570219,true,true,0,
false,,,,,,,,,,,0,0,24793365.99679467,857781.3345803939,0,183359.3071532354,99552,282911.3071532354,0,0,0,0,0,0,23935584.662214275,0,24768365.996794675,Unavailable: configure distribution and tax planning (or explicitly opt into provisional untaxed illustration),false,0,0,24000,200,93,2034-05-01,FORECAST,3511.4864514596884,25000,0,15000,0,10000,FORECAST prelaunch payment; not actual or verified quote,3541.7336357662884,120,120,120,0,,post_peak_held,FOUNDER_HELD_AFTER_PEAK,true,0,0,120,0,0,0,0,0,0,0,89.75281569340041,0,89.75281569340044,3541.7336357662884,60,36,24,0,0,0,1771.0520228201108,1062.472466603238,708.2091463429397,934962.3829396914,934962.3829396914,0,934962.3829396914,0,934962.3829396914,RECONCILED,934962.3829396908,0,934962.3829396908,RECONCILED,148638.14127667664,34721.16587655876,34721.16587655876,28176.429195980923,6544.7366805778365,3541.733635766287,183359.30715323542,0,24000,6000,6000,93552,276911.3071532354,658051.075786456,,,Founder pay unchanged,"Starting overhead budget v1: $400 combined conservative planning amount includes Codex, another subscription, website and database; not verified recurring invoices. The first $100 infrastructure tier reference is treated as covered; only higher automatic tier increments are additional. This fixed scenario reference is provisional overlap treatment, not invoice allocation. Explicit manual and dated infrastructure amounts are additional; if intended as replacements, reconcile the baseline before entering them.",81000,0,0,1452,81000,87000,7400,400,183359.30715323542,7400,91752,0,33000,33000,RECONCILED,3300,9252,0,99552,RECONCILED,0,200,694603.075786456,652051.075786456,24141314.921008214,0,0,0,0,282911.3071532354,652051.0757864554,24793365.99679467,0,0,0,0,false,Unavailable: configure distribution and tax planning (or explicitly opt into provisional untaxed illustration),0,25000,0,24793365.99679467,857781.3345803939,,,,0,,,,,,,,milestone,,cac,,263.9843870521345,9.317470875491214,51.771060731833906,Departmental Organization,11,0,0.540342983809438,true,true,0,
false,,,,,,,,,,,0,0,25451692.18584471,862169.3251310012,0,184890.1522614721,99552,284442.1522614721,0,0,0,0,0,0,24589522.860713705,0,25426692.185844712,Unavailable: configure distribution and tax planning (or explicitly opt into provisional untaxed illustration),false,0,0,24000,200,94,2034-06-01,FORECAST,3541.7336357662884,25000,0,15000,0,10000,FORECAST prelaunch payment; not actual or verified quote,3571.296947097763,120,120,120,0,,post_peak_held,FOUNDER_HELD_AFTER_PEAK,true,0,0,120,0,0,0,0,0,0,0,90.43668866852444,0,90.43668866852444,3571.296947097763,60,36,24,0,0,0,1785.8295113747665,1071.34253154553,714.1249041774669,942768.3413115095,942768.3413115095,0,942768.3413115095,0,942768.3413115095,RECONCILED,942768.341311509,0,942768.341311509,RECONCILED,149879.10289012844,35011.04937134366,35011.04937134366,28411.670982163094,6599.378389180564,3571.296947097764,184890.1522614721,0,24000,6000,6000,93552,278442.1522614721,664326.1890500374,,,Founder pay unchanged,"Starting overhead budget v1: $400 combined conservative planning amount includes Codex, another subscription, website and database; not verified recurring invoices. The first $100 infrastructure tier reference is treated as covered; only higher automatic tier increments are additional. This fixed scenario reference is provisional overlap treatment, not invoice allocation. Explicit manual and dated infrastructure amounts are additional; if intended as replacements, reconcile the baseline before entering them.",81000,0,0,1452,81000,87000,7400,400,184890.1522614721,7400,91752,0,33000,33000,RECONCILED,3300,9252,0,99552,RECONCILED,0,200,700878.1890500374,658326.1890500374,24793365.99679467,0,0,0,0,284442.1522614721,658326.189050037,25451692.18584471,0,0,0,0,false,Unavailable: configure distribution and tax planning (or explicitly opt into provisional untaxed illustration),0,25000,0,25451692.18584471,862169.3251310012,,,,0,,,,,,,,milestone,,cac,,263.9848646799466,9.24034055101961,51.77115064926882,Departmental Organization,11,0,0.5415446334155211,true,true,0,
false,,,,,,,,,,,0,0,26116151.61644245,866458.1163411274,0,186386.38705728715,99552,285938.38705728715,0,3.725290298461914e-9,0,0,0,0,25249693.50010132,0,26091151.616442453,Unavailable: configure distribution and tax planning (or explicitly opt into provisional untaxed illustration),false,0,0,24000,200,95,2034-07-01,FORECAST,3571.296947097763,25000,0,15000,0,10000,FORECAST prelaunch payment; not actual or verified quote,3600.1918719359023,120,120,120,0,,post_peak_held,FOUNDER_HELD_AFTER_PEAK,true,0,0,120,0,0,0,0,0,0,0,91.10507516186141,0,91.1050751618614,3600.1918719359023,60,36,24,0,0,0,1800.2729004427538,1080.0120564301071,719.9069150630415,950397.8176550298,950397.8176550298,0,950397.8176550298,0,950397.8176550298,RECONCILED,950397.8176550296,0,950397.8176550296,RECONCILED,151092.0080601253,35294.378997161846,35294.378997161846,28641.594273576637,6652.784723585208,3600.191871935902,186386.38705728715,0,24000,6000,6000,93552,279938.38705728715,670459.4305977427,,,Founder pay unchanged,"Starting overhead budget v1: $400 combined conservative planning amount includes Codex, another subscription, website and database; not verified recurring invoices. The first $100 infrastructure tier reference is treated as covered; only higher automatic tier increments are additional. This fixed scenario reference is provisional overlap treatment, not invoice allocation. Explicit manual and dated infrastructure amounts are additional; if intended as replacements, reconcile the baseline before entering them.",81000,0,0,1452,81000,87000,7400,400,186386.38705728715,7400,91752,0,33000,33000,RECONCILED,3300,9252,0,99552,RECONCILED,0,200,707011.4305977427,664459.4305977427,25451692.18584471,0,0,0,0,285938.38705728715,664459.4305977424,26116151.61644245,0,0,0,0,false,Unavailable: configure distribution and tax planning (or explicitly opt into provisional untaxed illustration),0,25000,0,26116151.61644245,866458.1163411274,,,,0,,,,,,,,milestone,,cac,,263.9853239666307,9.16617812990483,51.7712371138328,Departmental Organization,11,0,0.5427191153488957,true,true,0,
false,,,,,,,,,,,0,0,26786605.62943565,870645.1941055299,0,187848.79526163466,99552,287400.79526163463,0,0,0,0,0,0,25915960.435330123,0,26761605.629435655,Unavailable: configure distribution and tax planning (or explicitly opt into provisional untaxed illustration),false,0,0,24000,200,96,2034-08-01,FORECAST,3600.1918719359023,25000,0,15000,0,10000,FORECAST prelaunch payment; not actual or verified quote,3628.4335453364556,120,120,120,0,,post_peak_held,FOUNDER_HELD_AFTER_PEAK,true,0,0,120,0,0,0,0,0,0,0,91.75832659944689,0,91.7583265994469,3628.4335453364556,60,36,24,0,0,0,1814.3897554423472,1088.4855823161631,725.5582075779452,957854.808254837,957854.808254837,0,957854.808254837,0,957854.808254837,RECONCILED,957854.8082548365,0,957854.8082548365,RECONCILED,152277.49210085958,35571.30316077506,35571.30316077506,28866.319502991202,6704.983657783856,3628.4335453364556,187848.79526163463,0,24000,6000,6000,93552,281400.79526163463,676454.0129932023,,,Founder pay unchanged,"Starting overhead budget v1: $400 combined conservative planning amount includes Codex, another subscription, website and database; not verified recurring invoices. The first $100 infrastructure tier reference is treated as covered; only higher automatic tier increments are additional. This fixed scenario reference is provisional overlap treatment, not invoice allocation. Explicit manual and dated infrastructure amounts are additional; if intended as replacements, reconcile the baseline before entering them.",81000,0,0,1452,81000,87000,7400,400,187848.79526163463,7400,91752,0,33000,33000,RECONCILED,3300,9252,0,99552,RECONCILED,0,200,713006.0129932023,670454.0129932023,26116151.61644245,0,0,0,0,287400.79526163463,670454.0129932018,26786605.62943565,0,0,0,0,false,Unavailable: configure distribution and tax planning (or explicitly opt into provisional untaxed illustration),0,25000,0,26786605.62943565,870645.1941055299,,,,0,,,,,,,,milestone,,cac,,263.9857658371465,9.094833786445989,51.77132029965727,Departmental Organization,11,0,0.5438670447988951,true,true,0,
false,,,,,,,,,,,0,0,27462918.705339514,874733.0034460423,0,189278.14281207943,99552,288830.1428120794,0,0,0,0,0,0,26588185.70189347,0,27437918.705339517,Unavailable: configure distribution and tax planning (or explicitly opt into provisional untaxed illustration),false,0,0,24000,200,97,2034-09-01,FORECAST,3628.4335453364556,25000,0,15000,0,10000,FORECAST prelaunch payment; not actual or verified quote,3656.0367589256302,120,120,120,0,,post_peak_held,FOUNDER_HELD_AFTER_PEAK,true,0,0,120,0,0,0,0,0,0,0,92.39678641082493,0,92.39678641082493,3656.0367589256302,60,36,24,0,0,0,1828.1874701245167,1096.7675472218227,731.0817415792906,965143.2187159439,965143.2187159439,0,965143.2187159439,0,965143.2187159439,RECONCILED,965143.2187159434,0,965143.2187159434,RECONCILED,153436.17591062776,35841.966901451655,35841.966901451655,29085.96437044005,6756.002531011604,3656.0367589256307,189278.1428120794,0,24000,6000,6000,93552,282830.1428120794,682313.0759038645,,,Founder pay unchanged,"Starting overhead budget v1: $400 combined conservative planning amount includes Codex, another subscription, website and database; not verified recurring invoices. The first $100 infrastructure tier reference is treated as covered; only higher automatic tier increments are additional. This fixed scenario reference is provisional overlap treatment, not invoice allocation. Explicit manual and dated infrastructure amounts are additional; if intended as replacements, reconcile the baseline before entering them.",81000,0,0,1452,81000,87000,7400,400,189278.1428120794,7400,91752,0,33000,33000,RECONCILED,3300,9252,0,99552,RECONCILED,0,200,718865.0759038645,676313.0759038645,26786605.62943565,0,0,0,0,288830.1428120794,676313.075903864,27462918.705339514,0,0,0,0,false,Unavailable: configure distribution and tax planning (or explicitly opt into provisional untaxed illustration),0,25000,0,27462918.705339514,874733.0034460423,,,,0,,,,,,,,milestone,,cac,,263.98619115622967,9.026167452894386,51.771400369535954,Departmental Organization,11,0,0.5449890229955914,true,true,0,
false,,,,,,,,,,,0,0,28144958.393099077,878723.9296774276,0,190675.17826741346,99552,290227.17826741346,-1.1641532182693481e-10,0,0,0,0,0,27266234.46342165,0,28119958.39309908,Unavailable: configure distribution and tax planning (or explicitly opt into provisional untaxed illustration),false,0,0,24000,200,98,2034-10-01,FORECAST,3656.0367589256302,25000,0,15000,0,10000,FORECAST prelaunch payment; not actual or verified quote,3683.015968713979,120,120,120,0,,post_peak_held,FOUNDER_HELD_AFTER_PEAK,true,0,0,120,0,0,0,0,0,0,0,93.02079021165096,0,93.02079021165096,3683.015968713979,60,36,24,0,0,0,1841.6732704788033,1104.8622884685844,736.4804097665916,972266.8660269775,972266.8660269775,0,972266.8660269775,0,972266.8660269775,RECONCILED,972266.8660269771,0,972266.8660269771,RECONCILED,154568.66629982807,36106.51196758537,36106.51196758537,29300.643905396533,6805.868062188841,3683.01596871398,190675.17826741343,0,24000,6000,6000,93552,284227.17826741346,688039.6877595641,,,Founder pay unchanged,"Starting overhead budget v1: $400 combined conservative planning amount includes Codex, another subscription, website and database; not verified recurring invoices. The first $100 infrastructure tier reference is treated as covered; only higher automatic tier increments are additional. This fixed scenario reference is provisional overlap treatment, not invoice allocation. Explicit manual and dated infrastructure amounts are additional; if intended as replacements, reconcile the baseline before entering them.",81000,0,0,1452,81000,87000,7400,400,190675.17826741343,7400,91752,0,33000,33000,RECONCILED,3300,9252,0,99552,RECONCILED,0,200,724591.6877595641,682039.6877595641,27462918.705339514,0,0,0,0,290227.1782674134,682039.6877595637,28144958.393099077,0,0,0,0,false,Unavailable: configure distribution and tax planning (or explicitly opt into provisional untaxed illustration),0,25000,0,28144958.393099077,878723.9296774276,,,,0,,,,,,,,milestone,,cac,,263.98660073322185,8.960048036805773,51.771477475834196,Departmental Organization,11,0,0.5460856375274042,true,true,0,
false,,,,,,,,,,,0,0,28832575.72810464,882625.060068607,0,192035.8730260371,99552,291587.8730260371,0,0,0,0,0,0,27949950.668036032,0,28807575.728104644,Unavailable: configure distribution and tax planning (or explicitly opt into provisional untaxed illustration),false,0,0,24000,200,99,2034-11-01,FORECAST,3683.015968713979,25000,0,15000,0,10000,FORECAST prelaunch payment; not actual or verified quote,3709.2933612748398,120,120,120,0,,post_peak_held,FOUNDER_HELD_AFTER_PEAK,true,0,0,120,0,0,0,0,0,0,0,93.72260743913934,0,93.72260743913932,3709.2933612748398,60,36,24,0,0,0,1854.8082478214928,1112.7464625351188,741.7386509182282,979205.2080315987,979205.2080315987,0,979205.2080315987,0,979205.2080315987,RECONCILED,979205.2080315986,0,979205.2080315986,RECONCILED,155671.6975285171,36364.17549752001,36364.17549752001,29509.739041298817,6854.436456221191,3709.2933612748407,192035.87302603712,0,24000,6000,6000,93552,285587.8730260371,693617.3350055616,,,Founder pay unchanged,"Starting overhead budget v1: $400 combined conservative planning amount includes Codex, another subscription, website and database; not verified recurring invoices. The first $100 infrastructure tier reference is treated as covered; only higher automatic tier increments are additional. This fixed scenario reference is provisional overlap treatment, not invoice allocation. Explicit manual and dated infrastructure amounts are additional; if intended as replacements, reconcile the baseline before entering them.",81000,0,0,1452,81000,87000,7400,400,192035.87302603712,7400,91752,0,33000,33000,RECONCILED,3300,9252,0,99552,RECONCILED,0,200,730169.3350055616,687617.3350055616,28144958.393099077,0,0,0,0,291587.8730260371,687617.3350055615,28832575.72810464,0,0,0,0,false,Unavailable: configure distribution and tax planning (or explicitly opt into provisional untaxed illustration),0,25000,0,28832575.72810464,882625.060068607,,,,0,,,,,,,,milestone,,cac,,263.986995004099,8.896573224571888,51.771551700628144,Departmental Organization,11,0,0.5471537255391159,true,true,0,
false,,,,,,,,,,,0,0,29525645.213293165,886438.4150259846,0,193365.95215259172,99552,292917.9521525917,0,0,0,0,0,0,28639206.798267182,0,29500645.21329317,Unavailable: configure distribution and tax planning (or explicitly opt into provisional untaxed illustration),false,0,0,24000,200,100,2034-12-01,FORECAST,3709.2933612748398,25000,0,15000,0,10000,FORECAST prelaunch payment; not actual or verified quote,3734.9795125030814,120,120,120,0,,post_peak_held,FOUNDER_HELD_AFTER_PEAK,true,0,0,120,0,0,0,0,0,0,0,94.3138487717587,0,94.3138487717587,3734.9795125030814,60,36,24,0,0,0,1867.6476881739718,1120.4532426851565,746.8785816439532,985987.4373411159,985987.4373411159,0,985987.4373411159,0,985987.4373411159,RECONCILED,985987.4373411157,0,985987.4373411157,RECONCILED,156749.91055456063,36616.04159803109,36616.04159803109,29714.129536643286,6901.91206138781,3734.979512503082,193365.95215259172,0,24000,6000,6000,93552,286917.9521525917,699069.4851885242,,,Founder pay unchanged,"Starting overhead budget v1: $400 combined conservative planning amount includes Codex, another subscription, website and database; not verified recurring invoices. The first $100 infrastructure tier reference is treated as covered; only higher automatic tier increments are additional. This fixed scenario reference is provisional overlap treatment, not invoice allocation. Explicit manual and dated infrastructure amounts are additional; if intended as replacements, reconcile the baseline before entering them.",81000,0,0,1452,81000,87000,7400,400,193365.95215259172,7400,91752,0,33000,33000,RECONCILED,3300,9252,0,99552,RECONCILED,0,200,735621.4851885242,693069.4851885242,28832575.72810464,0,0,0,0,292917.9521525917,693069.485188524,29525645.213293165,0,0,0,0,false,Unavailable: configure distribution and tax planning (or explicitly opt into provisional untaxed illustration),0,25000,0,29525645.213293165,886438.4150259846,,,,0,,,,,,,,milestone,,cac,,263.9873750419407,8.835389829992481,51.77162324593399,Departmental Organization,11,0,0.5481977815705641,true,true,0,
false,,,,,,,,,,,0,0,30224044.175285537,890165.9694968212,0,194666.10449879884,99552,294218.10449879884,0,-3.725290298461914e-9,0,0,0,0,29333878.205788717,0,30199044.17528554,Unavailable: configure distribution and tax planning (or explicitly opt into provisional untaxed illustration),false,0,0,24000,200,101,2035-01-01,FORECAST,3734.9795125030814,25000,0,15000,0,10000,FORECAST prelaunch payment; not actual or verified quote,3760.0877253286867,120,120,120,0,,post_peak_held,FOUNDER_HELD_AFTER_PEAK,true,0,0,120,0,0,0,0,0,0,0,94.89178717439411,0,94.89178717439412,3760.0877253286867,60,36,24,0,0,0,1880.1982411185197,1127.986620281818,751.9028639283492,992617.0664911692,992617.0664911692,0,992617.0664911692,0,992617.0664911692,RECONCILED,992617.0664911689,0,992617.0664911689,RECONCILED,157803.86378751814,36862.24071128069,36862.24071128069,29913.92124584251,6948.319465438183,3760.0877253286876,194666.10449879884,0,24000,6000,6000,93552,288218.10449879884,704398.9619923703,,,Founder pay unchanged,"Starting overhead budget v1: $400 combined conservative planning amount includes Codex, another subscription, website and database; not verified recurring invoices. The first $100 infrastructure tier reference is treated as covered; only higher automatic tier increments are additional. This fixed scenario reference is provisional overlap treatment, not invoice allocation. Explicit manual and dated infrastructure amounts are additional; if intended as replacements, reconcile the baseline before entering them.",81000,0,0,1452,81000,87000,7400,400,194666.10449879884,7400,91752,0,33000,33000,RECONCILED,3300,9252,0,99552,RECONCILED,0,200,740950.9619923703,698398.9619923703,29525645.213293165,0,0,0,0,294218.10449879884,698398.9619923701,30224044.175285537,0,0,0,0,false,Unavailable: configure distribution and tax planning (or explicitly opt into provisional untaxed illustration),0,25000,0,30224044.175285537,890165.9694968212,,,,0,,,,,,,,milestone,,cac,,263.9877415105787,8.776390980908648,51.771692236723595,Departmental Organization,11,0,0.5492183463413045,true,true,0,
false,,,,,,,,,,,0,0,30927652.700853664,893809.653992064,0,195937.00341721633,99552,295489.00341721636,0,0,0,0,0,0,30033843.0468616,0,30902652.700853672,Unavailable: configure distribution and tax planning (or explicitly opt into provisional untaxed illustration),false,0,0,24000,200,102,2035-02-01,FORECAST,3760.0877253286867,25000,0,15000,0,10000,FORECAST prelaunch payment; not actual or verified quote,3784.6310033657164,120,120,120,0,,post_peak_held,FOUNDER_HELD_AFTER_PEAK,true,0,0,120,0,0,0,0,0,0,0,95.45672196297024,0,95.45672196297025,3784.6310033657164,60,36,24,0,0,0,1892.4664066218156,1135.3504968825546,756.8140998613464,999097.528985346,999097.528985346,0,999097.528985346,0,999097.528985346,RECONCILED,999097.5289853456,0,999097.5289853456,RECONCILED,158834.10307273417,37102.900344482165,37102.900344482165,30109.217641584743,6993.68270289742,3784.6310033657173,195937.00341721633,0,24000,6000,6000,93552,289489.00341721636,709608.5255681296,,,Founder pay unchanged,"Starting overhead budget v1: $400 combined conservative planning amount includes Codex, another subscription, website and database; not verified recurring invoices. The first $100 infrastructure tier reference is treated as covered; only higher automatic tier increments are additional. This fixed scenario reference is provisional overlap treatment, not invoice allocation. Explicit manual and dated infrastructure amounts are additional; if intended as replacements, reconcile the baseline before entering them.",81000,0,0,1452,81000,87000,7400,400,195937.00341721633,7400,91752,0,33000,33000,RECONCILED,3300,9252,0,99552,RECONCILED,0,200,746160.5255681296,703608.5255681296,30224044.175285537,0,0,0,0,295489.00341721636,703608.5255681293,30927652.700853664,0,0,0,0,false,Unavailable: configure distribution and tax planning (or explicitly opt into provisional untaxed illustration),0,25000,0,30927652.700853664,893809.653992064,,,,0,,,,,,,,milestone,,cac,,263.98809503405664,8.719476210666961,51.77175879047846,Departmental Organization,11,0,0.5502159484047034,true,true,0,
false,,,,,,,,,,,0,0,31636353.5748171,897371.3555861639,0,197179.30710996935,99552,296731.3071099693,1.1641532182693481e-10,0,0,0,0,0,30738982.219230935,0,31611353.574817106,Unavailable: configure distribution and tax planning (or explicitly opt into provisional untaxed illustration),false,0,0,24000,200,103,2035-03-01,FORECAST,3784.6310033657164,25000,0,15000,0,10000,FORECAST prelaunch payment; not actual or verified quote,3808.6220576469127,120,120,120,0,,post_peak_held,FOUNDER_HELD_AFTER_PEAK,true,0,0,120,0,0,0,0,0,0,0,96.00894571880342,0,96.00894571880342,3808.6220576469127,60,36,24,0,0,0,1904.4585384012873,1142.5486862597745,761.6148329858512,1005432.1810734039,1005432.1810734039,0,1005432.1810734039,0,1005432.1810734039,RECONCILED,1005432.1810734035,0,1005432.1810734035,RECONCILED,159841.16197403276,37338.145135936604,37338.145135936604,30300.11986842278,7038.025267513825,3808.6220576469145,197179.30710996938,0,24000,6000,6000,93552,290731.3071099693,714700.8739634345,,,Founder pay unchanged,"Starting overhead budget v1: $400 combined conservative planning amount includes Codex, another subscription, website and database; not verified recurring invoices. The first $100 infrastructure tier reference is treated as covered; only higher automatic tier increments are additional. This fixed scenario reference is provisional overlap treatment, not invoice allocation. Explicit manual and dated infrastructure amounts are additional; if intended as replacements, reconcile the baseline before entering them.",81000,0,0,1452,81000,87000,7400,400,197179.30710996938,7400,91752,0,33000,33000,RECONCILED,3300,9252,0,99552,RECONCILED,0,200,751252.8739634345,708700.8739634345,30927652.700853664,0,0,0,0,296731.3071099694,708700.873963434,31636353.5748171,0,0,0,0,false,Unavailable: configure distribution and tax planning (or explicitly opt into provisional untaxed illustration),0,25000,0,31636353.5748171,897371.3555861639,,,,0,,,,,,,,milestone,,cac,,263.9884361995718,8.664550984717145,51.77182301774332,Departmental Organization,11,0,0.5511911044216758,true,true,0,
false,,,,,,,,,,,0,0,32350032.21933694,900852.9188943966,0,198393.65896963552,99552,297945.6589696355,0,0,0,0,0,0,31449179.300442547,0,32325032.219336953,Unavailable: configure distribution and tax planning (or explicitly opt into provisional untaxed illustration),false,0,0,24000,200,104,2035-04-01,FORECAST,3808.6220576469127,25000,0,15000,0,10000,FORECAST prelaunch payment; not actual or verified quote,3832.073313206783,120,120,120,0,,post_peak_held,FOUNDER_HELD_AFTER_PEAK,true,0,0,120,0,0,0,0,0,0,0,96.54874444013033,0,96.54874444013036,3832.073313206783,60,36,24,0,0,0,1916.180847215721,1149.5849163760072,766.3075496150544,1011624.3034894806,1011624.3034894806,0,1011624.3034894806,0,1011624.3034894806,RECONCILED,1011624.3034894802,0,1011624.3034894802,RECONCILED,160825.5620500522,37568.09691958333,37568.09691958333,30486.726795156967,7081.370124426362,3832.073313206784,198393.65896963552,0,24000,6000,6000,93552,291945.6589696355,719678.6445198451,,,Founder pay unchanged,"Starting overhead budget v1: $400 combined conservative planning amount includes Codex, another subscription, website and database; not verified recurring invoices. The first $100 infrastructure tier reference is treated as covered; only higher automatic tier increments are additional. This fixed scenario reference is provisional overlap treatment, not invoice allocation. Explicit manual and dated infrastructure amounts are additional; if intended as replacements, reconcile the baseline before entering them.",81000,0,0,1452,81000,87000,7400,400,198393.65896963552,7400,91752,0,33000,33000,RECONCILED,3300,9252,0,99552,RECONCILED,0,200,756230.6445198451,713678.6445198451,31636353.5748171,0,0,0,0,297945.6589696355,713678.6445198447,32350032.21933694,0,0,0,0,false,Unavailable: configure distribution and tax planning (or explicitly opt into provisional untaxed illustration),0,25000,0,32350032.21933694,900852.9188943966,,,,0,,,,,,,,milestone,,cac,,263.9887655601573,8.611526268630989,51.771885022631345,Departmental Organization,11,0,0.5521443194282665,true,true,0,
false,,,,,,,,,,,0,0,33068576.634575676,904256.1470281939,0,199580.68791245917,99552,299132.68791245914,0,0,0,0,0,0,32164320.487547483,0,33043576.63457569,Unavailable: configure distribution and tax planning (or explicitly opt into provisional untaxed illustration),false,0,0,24000,200,105,2035-05-01,FORECAST,3832.073313206783,25000,0,15000,0,10000,FORECAST prelaunch payment; not actual or verified quote,3854.9969155165554,120,120,120,0,,post_peak_held,FOUNDER_HELD_AFTER_PEAK,true,0,0,120,0,0,0,0,0,0,0,97.07639769022741,0,97.07639769022742,3854.9969155165554,60,36,24,0,0,0,1927.63940408183,1156.4628313146245,770.8946801201008,1017677.1031511956,1017677.1031511956,0,1017677.1031511956,0,1017677.1031511956,RECONCILED,1017677.1031511952,0,1017677.1031511952,RECONCILED,161787.81312436116,37792.874788098,37792.874788098,30669.13506603963,7123.739722058368,3854.9969155165563,199580.68791245917,0,24000,6000,6000,93552,293132.68791245914,724544.4152387364,,,Founder pay unchanged,"Starting overhead budget v1: $400 combined conservative planning amount includes Codex, another subscription, website and database; not verified recurring invoices. The first $100 infrastructure tier reference is treated as covered; only higher automatic tier increments are additional. This fixed scenario reference is provisional overlap treatment, not invoice allocation. Explicit manual and dated infrastructure amounts are additional; if intended as replacements, reconcile the baseline before entering them.",81000,0,0,1452,81000,87000,7400,400,199580.68791245917,7400,91752,0,33000,33000,RECONCILED,3300,9252,0,99552,RECONCILED,0,200,761096.4152387364,718544.4152387364,32350032.21933694,0,0,0,0,299132.68791245914,718544.4152387361,33068576.634575676,0,0,0,0,false,Unavailable: configure distribution and tax planning (or explicitly opt into provisional untaxed illustration),0,25000,0,33068576.634575676,904256.1470281939,,,,0,,,,,,,,milestone,,cac,,263.9890836371345,8.560318133374725,51.77194490328563,Departmental Organization,11,0,0.5530760870972087,true,true,0,
false,,,,,,,,,,,0,0,33791877.340692125,907582.802528981,0,200741.00870406927,99552,300293.0087040693,0,7.450580596923828e-9,0,0,0,0,32884294.538163144,0,33766877.34069215,Unavailable: configure distribution and tax planning (or explicitly opt into provisional untaxed illustration),false,0,0,24000,200,106,2035-06-01,FORECAST,3854.9969155165554,25000,0,15000,0,10000,FORECAST prelaunch payment; not actual or verified quote,3877.4047367743583,120,120,120,0,,post_peak_held,FOUNDER_HELD_AFTER_PEAK,true,0,0,120,0,0,0,0,0,0,0,97.5921787421973,0,97.59217874219732,3877.4047367743583,60,36,24,0,0,0,1938.8401434184514,1163.1859931671233,775.3786001887835,1023593.7148205221,1023593.7148205221,0,1023593.7148205221,0,1023593.7148205221,RECONCILED,1023593.7148205215,0,1023593.7148205215,RECONCILED,162728.4135494982,38012.59515457109,38012.59515457109,30847.43915082744,7165.156003743652,3877.404736774359,200741.00870406927,0,24000,6000,6000,93552,294293.0087040693,729300.7061164528,,,Founder pay unchanged,"Starting overhead budget v1: $400 combined conservative planning amount includes Codex, another subscription, website and database; not verified recurring invoices. The first $100 infrastructure tier reference is treated as covered; only higher automatic tier increments are additional. This fixed scenario reference is provisional overlap treatment, not invoice allocation. Explicit manual and dated infrastructure amounts are additional; if intended as replacements, reconcile the baseline before entering them.",81000,0,0,1452,81000,87000,7400,400,200741.00870406927,7400,91752,0,33000,33000,RECONCILED,3300,9252,0,99552,RECONCILED,0,200,765852.7061164528,723300.7061164528,33068576.634575676,0,0,0,0,300293.0087040693,723300.7061164522,33791877.340692125,0,0,0,0,false,Unavailable: configure distribution and tax planning (or explicitly opt into provisional untaxed illustration),0,25000,0,33791877.340692125,907582.802528981,,,,0,,,,,,,,milestone,,cac,,263.9893909223563,8.510847394139448,51.77200275230158,Departmental Organization,11,0,0.5539868899935998,true,true,0,
false,,,,,,,,,,,0,0,34519827.32114155,910834.6082810003,0,201875.22227786813,99552,301427.22227786813,0,0,0,0,0,0,33608992.71286055,0,34494827.32114157,Unavailable: configure distribution and tax planning (or explicitly opt into provisional untaxed illustration),false,0,0,24000,200,107,2035-07-01,FORECAST,3877.4047367743583,25000,0,15000,0,10000,FORECAST prelaunch payment; not actual or verified quote,3899.3083820538604,120,120,120,0,,post_peak_held,FOUNDER_HELD_AFTER_PEAK,true,0,0,120,0,0,0,0,0,0,0,98.09635472049787,0,98.09635472049787,3899.3083820538604,60,36,24,0,0,0,1949.7888661199988,1169.7578838779405,779.7616320559209,1029377.2027272885,1029377.2027272885,0,1029377.2027272885,0,1029377.2027272885,RECONCILED,1029377.2027272879,0,1029377.2027272879,RECONCILED,163647.8504650696,38227.37181279853,38227.37181279853,31021.731393707512,7205.640419091016,3899.3083820538614,201875.22227786813,0,24000,6000,6000,93552,295427.22227786813,733949.9804494204,,,Founder pay unchanged,"Starting overhead budget v1: $400 combined conservative planning amount includes Codex, another subscription, website and database; not verified recurring invoices. The first $100 infrastructure tier reference is treated as covered; only higher automatic tier increments are additional. This fixed scenario reference is provisional overlap treatment, not invoice allocation. Explicit manual and dated infrastructure amounts are additional; if intended as replacements, reconcile the baseline before entering them.",81000,0,0,1452,81000,87000,7400,400,201875.22227786813,7400,91752,0,33000,33000,RECONCILED,3300,9252,0,99552,RECONCILED,0,200,770501.9804494204,727949.9804494204,33791877.340692125,0,0,0,0,301427.22227786813,727949.9804494197,34519827.32114155,0,0,0,0,false,Unavailable: configure distribution and tax planning (or explicitly opt into provisional untaxed illustration),0,25000,0,34519827.32114155,910834.6082810003,,,,0,,,,,,,,milestone,,cac,,263.9896878802621,8.46303927944732,51.77205865711384,Departmental Organization,11,0,0.5548771998248221,true,true,0,
false,,,,,,,,,,,0,0,35252321.96725144,914013.248403599,0,202983.91604625652,99552,302535.91604625655,0,7.450580596923828e-9,0,0,0,0,34338308.71884784,0,35227321.967251465,Unavailable: configure distribution and tax planning (or explicitly opt into provisional untaxed illustration),false,0,0,24000,200,108,2035-08-01,FORECAST,3899.3083820538604,25000,0,15000,0,10000,FORECAST prelaunch payment; not actual or verified quote,3920.7191953145734,120,120,120,0,,post_peak_held,FOUNDER_HELD_AFTER_PEAK,true,0,0,120,0,0,0,0,0,0,0,98.58918673928667,0,98.58918673928665,3920.7191953145734,60,36,24,0,0,0,1960.4912425607615,1176.1819070477643,784.0460457060477,1035030.5621561527,1035030.5621561527,0,1035030.5621561527,0,1035030.5621561527,RECONCILED,1035030.5621561521,0,1035030.5621561521,RECONCILED,164546.6000500407,38437.31599621585,38437.31599621585,31192.102061122787,7245.213935093066,3920.719195314575,202983.91604625655,0,24000,6000,6000,93552,296535.91604625655,738494.6461098961,,,Founder pay unchanged,"Starting overhead budget v1: $400 combined conservative planning amount includes Codex, another subscription, website and database; not verified recurring invoices. The first $100 infrastructure tier reference is treated as covered; only higher automatic tier increments are additional. This fixed scenario reference is provisional overlap treatment, not invoice allocation. Explicit manual and dated infrastructure amounts are additional; if intended as replacements, reconcile the baseline before entering them.",81000,0,0,1452,81000,87000,7400,400,202983.91604625655,7400,91752,0,33000,33000,RECONCILED,3300,9252,0,99552,RECONCILED,0,200,775046.6461098961,732494.6461098961,34519827.32114155,0,0,0,0,302535.91604625655,732494.6461098955,35252321.96725144,0,0,0,0,false,Unavailable: configure distribution and tax planning (or explicitly opt into provisional untaxed illustration),0,25000,0,35252321.96725144,914013.248403599,,,,0,,,,,,,,milestone,,cac,,263.9899749497639,8.416823127613018,51.77211270035125,Departmental Organization,11,0,0.5557474776848418,true,true,0,
false,,,,,,,,,,,0,0,35989259.024044454,917120.3691234395,0,204067.66420485626,99552,303619.66420485626,0,0,0,0,0,0,35072138.65492102,0,35964259.02404448,Unavailable: configure distribution and tax planning (or explicitly opt into provisional untaxed illustration),false,0,0,24000,200,109,2035-09-01,FORECAST,3920.7191953145734,25000,0,15000,0,10000,FORECAST prelaunch payment; not actual or verified quote,3941.6482652769205,120,120,120,0,,post_peak_held,FOUNDER_HELD_AFTER_PEAK,true,0,0,120,0,0,0,0,0,0,0,99.07093003765273,0,99.07093003765272,3941.6482652769205,60,36,24,0,0,0,1970.9528155316068,1182.4613896962674,788.2340600490467,1040556.7209978675,1040556.7209978675,0,1040556.7209978675,0,1040556.7209978675,RECONCILED,1040556.7209978668,0,1040556.7209978668,RECONCILED,165425.12776934996,38642.53643550629,38642.53643550629,31358.63938852122,7283.897046985069,3941.648265276922,204067.66420485626,0,24000,6000,6000,93552,297619.66420485626,742937.0567930113,,,Founder pay unchanged,"Starting overhead budget v1: $400 combined conservative planning amount includes Codex, another subscription, website and database; not verified recurring invoices. The first $100 infrastructure tier reference is treated as covered; only higher automatic tier increments are additional. This fixed scenario reference is provisional overlap treatment, not invoice allocation. Explicit manual and dated infrastructure amounts are additional; if intended as replacements, reconcile the baseline before entering them.",81000,0,0,1452,81000,87000,7400,400,204067.66420485626,7400,91752,0,33000,33000,RECONCILED,3300,9252,0,99552,RECONCILED,0,200,779489.0567930113,736937.0567930113,35252321.96725144,0,0,0,0,303619.66420485626,736937.0567930106,35989259.024044454,0,0,0,0,false,Unavailable: configure distribution and tax planning (or explicitly opt into provisional untaxed illustration),0,25000,0,35989259.024044454,917120.3691234395,,,,0,,,,,,,,milestone,,cac,,263.9902525459773,8.372132107957528,51.7721649601628,Departmental Organization,11,0,0.5629402890924412,true,true,0,
false,,,,,,,,,,,0,0,36730538.53728021,920157.5796270834,0,205127.0280298874,99552,304679.0280298874,0,0,0,0,0,0,35810380.95765313,0,36705538.53728023,Unavailable: configure distribution and tax planning (or explicitly opt into provisional untaxed illustration),false,0,0,24000,200,110,2035-10-01,FORECAST,3941.6482652769205,25000,0,15000,0,10000,FORECAST prelaunch payment; not actual or verified quote,3962.1064311651153,120,120,120,0,,post_peak_held,FOUNDER_HELD_AFTER_PEAK,true,0,0,120,0,0,0,0,0,0,0,99.54183411180553,0,99.54183411180553,3962.1064311651153,60,36,24,0,0,0,1981.1790031106084,1188.5995839851787,792.3278440693282,1045958.5412656437,1045958.5412656437,0,1045958.5412656437,0,1045958.5412656437,RECONCILED,1045958.5412656433,0,1045958.5412656433,RECONCILED,166283.8886149747,38843.1394149127,38843.1394149127,31521.4296260532,7321.709788859504,3962.106431165116,205127.0280298874,0,24000,6000,6000,93552,298679.0280298874,747279.5132357562,,,Founder pay unchanged,"Starting overhead budget v1: $400 combined conservative planning amount includes Codex, another subscription, website and database; not verified recurring invoices. The first $100 infrastructure tier reference is treated as covered; only higher automatic tier increments are additional. This fixed scenario reference is provisional overlap treatment, not invoice allocation. Explicit manual and dated infrastructure amounts are additional; if intended as replacements, reconcile the baseline before entering them.",81000,0,0,1452,81000,87000,7400,400,205127.0280298874,7400,91752,0,33000,33000,RECONCILED,3300,9252,0,99552,RECONCILED,0,200,783831.5132357562,741279.5132357562,35989259.024044454,0,0,0,0,304679.0280298874,741279.513235756,36730538.53728021,0,0,0,0,false,Unavailable: configure distribution and tax planning (or explicitly opt into provisional untaxed illustration),0,25000,0,36730538.53728021,920157.5796270834,,,,0,,,,,,,,milestone,,cac,,263.99052106181415,8.328902964450622,51.77221551051742,Departmental Organization,11,0,0.5736938192452198,true,true,0,
false,,,,,,,,,,,0,0,37476062.801688746,923126.4528943953,0,206162.5561688554,99552,305714.5561688554,0,7.450580596923828e-9,0,0,0,0,36552936.34879435,0,37451062.80168877,Unavailable: configure distribution and tax planning (or explicitly opt into provisional untaxed illustration),false,0,0,24000,200,111,2035-11-01,FORECAST,3962.1064311651153,25000,0,15000,0,10000,FORECAST prelaunch payment; not actual or verified quote,3982.1042883208256,120,120,120,0,,post_peak_held,FOUNDER_HELD_AFTER_PEAK,true,0,0,120,0,0,0,0,0,0,0,100.0021428442899,0,100.00214284428989,3982.1042883208256,60,36,24,0,0,0,1991.1751014690824,1194.5996689025897,796.3295179491532,1051238.8205773951,1051238.8205773951,0,1051238.8205773951,0,1051238.8205773951,RECONCILED,1051238.8205773947,0,1051238.8205773947,RECONCILED,167123.32734157293,39039.228827282466,39039.228827282466,31680.5570832407,7358.671744041764,3982.1042883208265,206162.5561688554,0,24000,6000,6000,93552,299714.5561688554,751524.2644085397,,,Founder pay unchanged,"Starting overhead budget v1: $400 combined conservative planning amount includes Codex, another subscription, website and database; not verified recurring invoices. The first $100 infrastructure tier reference is treated as covered; only higher automatic tier increments are additional. This fixed scenario reference is provisional overlap treatment, not invoice allocation. Explicit manual and dated infrastructure amounts are additional; if intended as replacements, reconcile the baseline before entering them.",81000,0,0,1452,81000,87000,7400,400,206162.5561688554,7400,91752,0,33000,33000,RECONCILED,3300,9252,0,99552,RECONCILED,0,200,788076.2644085397,745524.2644085397,36730538.53728021,0,0,0,0,305714.5561688554,745524.2644085393,37476062.801688746,0,0,0,0,false,Unavailable: configure distribution and tax planning (or explicitly opt into provisional untaxed illustration),0,25000,0,37476062.801688746,923126.4528943953,,,,0,,,,,,,,milestone,,cac,,263.9907808694487,8.287075779704264,51.772264421480045,Departmental Organization,11,0,0.5842053949695609,true,true,0,
false,,,,,,,,,,,0,0,38225736.31036868,926028.5265131927,0,207174.7849246966,99552,306726.7849246966,0,7.450580596923828e-9,0,0,0,0,37299707.78385549,0,38200736.3103687,Unavailable: configure distribution and tax planning (or explicitly opt into provisional untaxed illustration),false,0,0,24000,200,112,2035-12-01,FORECAST,3982.1042883208256,25000,0,15000,0,10000,FORECAST prelaunch payment; not actual or verified quote,4001.652193690532,120,120,120,0,,post_peak_held,FOUNDER_HELD_AFTER_PEAK,true,0,0,120,0,0,0,0,0,0,0,100.45209463029339,0,100.45209463029337,4001.652193690532,60,36,24,0,0,0,2000.9462876144905,1200.4647519093592,800.2411541666823,1056400.293604632,1056400.293604632,0,1056400.293604632,0,1056400.293604632,RECONCILED,1056400.2936046314,0,1056400.2936046314,RECONCILED,167943.8786968227,39230.9062278739,39230.9062278739,31836.104172641477,7394.8020552324215,4001.6521936905333,207174.7849246966,0,24000,6000,6000,93552,300726.7849246966,755673.5086799352,,,Founder pay unchanged,"Starting overhead budget v1: $400 combined conservative planning amount includes Codex, another subscription, website and database; not verified recurring invoices. The first $100 infrastructure tier reference is treated as covered; only higher automatic tier increments are additional. This fixed scenario reference is provisional overlap treatment, not invoice allocation. Explicit manual and dated infrastructure amounts are additional; if intended as replacements, reconcile the baseline before entering them.",81000,0,0,1452,81000,87000,7400,400,207174.7849246966,7400,91752,0,33000,33000,RECONCILED,3300,9252,0,99552,RECONCILED,0,200,792225.5086799352,749673.5086799352,37476062.801688746,0,0,0,0,306726.7849246966,749673.5086799348,38225736.31036868,0,0,0,0,false,Unavailable: configure distribution and tax planning (or explicitly opt into provisional untaxed illustration),0,25000,0,38225736.31036868,926028.5265131927,,,,0,,,,,,,,milestone,,cac,,263.9910323216683,8.246593757456388,51.77231175946584,Departmental Organization,11,0,0.5944804602401041,true,true,0,
false,,,,,,,,,,,0,0,38979465.705323905,928865.3034755673,0,208164.23853353134,99552,307716.2385335313,0,-7.450580596923828e-9,0,0,0,0,38050600.40184834,0,38954465.70532393,Unavailable: configure distribution and tax planning (or explicitly opt into provisional untaxed illustration),false,0,0,24000,200,113,2036-01-01,FORECAST,4001.652193690532,25000,0,15000,0,10000,FORECAST prelaunch payment; not actual or verified quote,4020.7602711894206,120,120,120,0,,post_peak_held,FOUNDER_HELD_AFTER_PEAK,true,0,0,120,0,0,0,0,0,0,0,100.89192250111178,0,100.89192250111176,4020.7602711894206,60,36,24,0,0,0,2010.4976220716271,1206.197870548476,804.064778569317,1061445.6334887561,1061445.6334887561,0,1061445.6334887561,0,1061445.6334887561,RECONCILED,1061445.6334887552,0,1061445.6334887552,RECONCILED,168745.96764657932,39418.27088695202,39418.27088695202,31988.151452530732,7430.119434421287,4020.7602711894215,208164.23853353134,0,24000,6000,6000,93552,301716.2385335313,759729.3949552248,,,Founder pay unchanged,"Starting overhead budget v1: $400 combined conservative planning amount includes Codex, another subscription, website and database; not verified recurring invoices. The first $100 infrastructure tier reference is treated as covered; only higher automatic tier increments are additional. This fixed scenario reference is provisional overlap treatment, not invoice allocation. Explicit manual and dated infrastructure amounts are additional; if intended as replacements, reconcile the baseline before entering them.",81000,0,0,1452,81000,87000,7400,400,208164.23853353134,7400,91752,0,33000,33000,RECONCILED,3300,9252,0,99552,RECONCILED,0,200,796281.3949552248,753729.3949552248,38225736.31036868,0,0,0,0,307716.2385335313,753729.3949552239,38979465.705323905,0,0,0,0,false,Unavailable: configure distribution and tax planning (or explicitly opt into provisional untaxed illustration),0,25000,0,38979465.705323905,928865.3034755673,,,,0,,,,,,,,milestone,,cac,,263.9912757531201,8.207403021876244,51.77235758747493,Departmental Organization,11,0,0.6045243365420601,true,true,0,
false,,,,,,,,,,,0,0,39737159.72911322,931638.2529562884,0,209131.42943616735,99552,308683.42943616735,0,0,0,0,0,0,38805521.476156935,0,39712159.72911324,Unavailable: configure distribution and tax planning (or explicitly opt into provisional untaxed illustration),false,0,0,24000,200,114,2036-02-01,FORECAST,4020.7602711894206,25000,0,15000,0,10000,FORECAST prelaunch payment; not actual or verified quote,4039.4384169445834,120,120,120,0,,post_peak_held,FOUNDER_HELD_AFTER_PEAK,true,0,0,120,0,0,0,0,0,0,0,101.32185424483676,0,101.32185424483677,4039.4384169445834,60,36,24,0,0,0,2019.8340515034781,1211.8019940182128,807.8023714228925,1066377.4532254871,1066377.4532254871,0,1066377.4532254871,0,1066377.4532254871,RECONCILED,1066377.453225487,0,1066377.453225487,RECONCILED,169530.00959496645,39601.419841200914,39601.419841200914,32136.7776686225,7464.642172578409,4039.4384169445843,209131.42943616735,0,24000,6000,6000,93552,302683.42943616735,763694.0237893198,,,Founder pay unchanged,"Starting overhead budget v1: $400 combined conservative planning amount includes Codex, another subscription, website and database; not verified recurring invoices. The first $100 infrastructure tier reference is treated as covered; only higher automatic tier increments are additional. This fixed scenario reference is provisional overlap treatment, not invoice allocation. Explicit manual and dated infrastructure amounts are additional; if intended as replacements, reconcile the baseline before entering them.",81000,0,0,1452,81000,87000,7400,400,209131.42943616735,7400,91752,0,33000,33000,RECONCILED,3300,9252,0,99552,RECONCILED,0,200,800246.0237893198,757694.0237893198,38979465.705323905,0,0,0,0,308683.42943616735,757694.0237893196,39737159.72911322,0,0,0,0,false,Unavailable: configure distribution and tax planning (or explicitly opt into provisional untaxed illustration),0,25000,0,39737159.72911322,931638.2529562884,,,,0,,,,,,,,milestone,,cac,,263.9915114814626,8.169452432192562,51.77240196530923,Departmental Organization,11,0,0.614342225627222,true,true,0,
false,,,,,,,,,,,0,0,40498729.17758787,934348.8110736933,0,210076.85854349402,99552,309628.858543494,0,0,0,0,0,0,39564380.366514176,0,40473729.17758789,Unavailable: configure distribution and tax planning (or explicitly opt into provisional untaxed illustration),false,0,0,24000,200,115,2036-03-01,FORECAST,4039.4384169445834,25000,0,15000,0,10000,FORECAST prelaunch payment; not actual or verified quote,4057.6963044202557,120,120,120,0,,post_peak_held,FOUNDER_HELD_AFTER_PEAK,true,0,0,120,0,0,0,0,0,0,0,101.74211252432792,0,101.74211252432794,4057.6963044202557,60,36,24,0,0,0,2028.9604112731126,1217.2800247098805,811.4558684372623,1071198.307018142,1071198.307018142,0,1071198.307018142,0,1071198.307018142,RECONCILED,1071198.3070181413,0,1071198.3070181413,RECONCILED,170296.41059951484,39780.44794397917,39780.44794397917,32282.05979485218,7498.38814912699,4057.6963044202566,210076.85854349402,0,24000,6000,6000,93552,303628.858543494,767569.448474648,,,Founder pay unchanged,"Starting overhead budget v1: $400 combined conservative planning amount includes Codex, another subscription, website and database; not verified recurring invoices. The first $100 infrastructure tier reference is treated as covered; only higher automatic tier increments are additional. This fixed scenario reference is provisional overlap treatment, not invoice allocation. Explicit manual and dated infrastructure amounts are additional; if intended as replacements, reconcile the baseline before entering them.",81000,0,0,1452,81000,87000,7400,400,210076.85854349402,7400,91752,0,33000,33000,RECONCILED,3300,9252,0,99552,RECONCILED,0,200,804121.448474648,761569.448474648,39737159.72911322,0,0,0,0,309628.858543494,761569.4484746472,40498729.17758787,0,0,0,0,false,Unavailable: configure distribution and tax planning (or explicitly opt into provisional untaxed illustration),0,25000,0,40498729.17758787,934348.8110736933,,,,0,,,,,,,,milestone,,cac,,263.99173980843045,8.13269341129631,51.77244494977275,Departmental Organization,11,0,0.6239392122079681,true,true,0,
false,,,,,,,,,,,0,0,41264086.85369242,936998.3816334564,0,211001.0154959059,99552,310553.0154959059,0,7.450580596923828e-9,0,0,0,0,40327088.47205897,0,41239086.85369244,Unavailable: configure distribution and tax planning (or explicitly opt into provisional untaxed illustration),false,0,0,24000,200,116,2036-04-01,FORECAST,4057.6963044202557,25000,0,15000,0,10000,FORECAST prelaunch payment; not actual or verified quote,4075.5433894277253,120,120,120,0,,post_peak_held,FOUNDER_HELD_AFTER_PEAK,true,0,0,120,0,0,0,0,0,0,0,102.15291499253053,0,102.15291499253055,4075.5433894277253,60,36,24,0,0,0,2037.8814279479304,1222.6347997109858,815.027161768809,1075910.691600462,1075910.691600462,0,1075910.691600462,0,1075910.691600462,RECONCILED,1075910.6916004615,0,1075910.6916004615,RECONCILED,171045.56758146093,39955.447914444936,39955.447914444936,32424.073073241707,7531.374841203232,4075.5433894277267,211001.01549590586,0,24000,6000,6000,93552,304553.0154959059,771357.6761045561,,,Founder pay unchanged,"Starting overhead budget v1: $400 combined conservative planning amount includes Codex, another subscription, website and database; not verified recurring invoices. The first $100 infrastructure tier reference is treated as covered; only higher automatic tier increments are additional. This fixed scenario reference is provisional overlap treatment, not invoice allocation. Explicit manual and dated infrastructure amounts are additional; if intended as replacements, reconcile the baseline before entering them.",81000,0,0,1452,81000,87000,7400,400,211001.01549590586,7400,91752,0,33000,33000,RECONCILED,3300,9252,0,99552,RECONCILED,0,200,807909.6761045561,765357.6761045561,40498729.17758787,0,0,0,0,310553.0154959059,765357.6761045556,41264086.85369242,0,0,0,0,false,Unavailable: configure distribution and tax planning (or explicitly opt into provisional untaxed illustration),0,25000,0,41264086.85369242,936998.3816334564,,,,0,,,,,,,,milestone,,cac,,263.9919610208193,8.097079787103862,51.77248659485722,Departmental Organization,11,0,0.6333202665906471,true,true,0,
false,,,,,,,,,,,0,0,42033147.52230521,939161.5342850384,0,211904.3789168884,99552,311456.3789168884,1.1641532182693481e-10,0,0,0,0,0,41093985.988020174,0,42008147.522305235,Unavailable: configure distribution and tax planning (or explicitly opt into provisional untaxed illustration),false,0,0,24000,200,117,2036-05-01,FORECAST,4075.5433894277253,25000,0,15000,0,10000,FORECAST prelaunch payment; not actual or verified quote,4092.9889150225263,120,120,120,0,,post_peak_held,FOUNDER_HELD_AFTER_PEAK,true,0,0,120,0,0,0,0,0,0,0,102.5544744051986,0,102.55447440519862,4092.9889150225263,60,36,24,0,0,0,2046.6017217475644,1227.8690922745661,818.5181010003957,1080517.0475296797,1080517.0475296797,0,1080517.0475296797,0,1080517.0475296797,RECONCILED,1080517.0475296795,0,1080517.0475296795,RECONCILED,171777.8685313132,40126.51038557523,40126.51038557523,32562.89105286747,7563.619332707757,4092.988915022528,211904.37891688844,0,24000,6000,6000,93552,305456.3789168884,775060.6686127912,,,Founder pay unchanged,"Starting overhead budget v1: $400 combined conservative planning amount includes Codex, another subscription, website and database; not verified recurring invoices. The first $100 infrastructure tier reference is treated as covered; only higher automatic tier increments are additional. This fixed scenario reference is provisional overlap treatment, not invoice allocation. Explicit manual and dated infrastructure amounts are additional; if intended as replacements, reconcile the baseline before entering them.",81000,0,0,1452,81000,87000,7400,400,211904.37891688844,7400,91752,0,33000,33000,RECONCILED,3300,9252,0,99552,RECONCILED,0,200,811612.6686127912,769060.6686127912,41264086.85369242,0,0,0,0,311456.37891688844,769060.668612791,42033147.52230521,0,0,0,0,false,Unavailable: configure distribution and tax planning (or explicitly opt into provisional untaxed illustration),0,25000,0,42033147.52230521,939161.5342850384,,,,0,,,,,,,,milestone,,cac,,263.99217539139926,8.062567645585323,51.77252695191387,Departmental Organization,11,0,0.6424902472497155,true,true,0,
false,,,,,,,,,,,0,0,42805827.866094805,942941.6491926096,0,212787.41666089892,99552,312339.41666089895,0,0,0,0,0,0,41862886.2169022,0,42780827.86609483,Unavailable: configure distribution and tax planning (or explicitly opt into provisional untaxed illustration),false,0,0,24000,200,118,2036-06-01,FORECAST,4092.9889150225263,25000,0,15000,0,10000,FORECAST prelaunch payment; not actual or verified quote,4110.041916291445,120,120,120,0,,post_peak_held,FOUNDER_HELD_AFTER_PEAK,true,0,0,120,0,0,0,0,0,0,0,102.94699873108164,0,102.94699873108166,4110.041916291445,60,36,24,0,0,0,2055.125808936707,1232.985613255466,821.9304940992719,1085019.76045049,1085019.76045049,0,1085019.76045049,0,1085019.76045049,RECONCILED,1085019.76045049,0,1085019.76045049,RECONCILED,172493.69270979383,40293.72395110509,40293.72395110509,32698.585627951652,7595.138323153432,4110.041916291446,212787.41666089892,0,24000,6000,6000,93552,306339.41666089895,778680.3437895911,,,Founder pay unchanged,"Starting overhead budget v1: $400 combined conservative planning amount includes Codex, another subscription, website and database; not verified recurring invoices. The first $100 infrastructure tier reference is treated as covered; only higher automatic tier increments are additional. This fixed scenario reference is provisional overlap treatment, not invoice allocation. Explicit manual and dated infrastructure amounts are additional; if intended as replacements, reconcile the baseline before entering them.",81000,0,0,1452,81000,87000,7400,400,212787.41666089892,7400,91752,0,33000,33000,RECONCILED,3300,9252,0,99552,RECONCILED,0,200,815232.3437895911,772680.3437895911,42033147.52230521,0,0,0,0,312339.41666089895,772680.3437895911,42805827.866094805,0,0,0,0,false,Unavailable: configure distribution and tax planning (or explicitly opt into provisional untaxed illustration),0,25000,0,42805827.866094805,942941.6491926096,,,,0,,,,,,,,milestone,,cac,,263.9923831797609,8.02911519446897,51.77256606981282,Departmental Organization,11,0,0.6514539033439556,true,true,0,
false,,,,,,,,,,,0,0,43582046.44236972,953490.5947054108,0,213650.5860556691,99552,313202.5860556691,0,0,0,0,0,0,42628555.84766431,0,43557046.442369744,Unavailable: configure distribution and tax planning (or explicitly opt into provisional untaxed illustration),false,0,0,24000,200,119,2036-07-01,FORECAST,4110.041916291445,25000,0,15000,0,10000,FORECAST prelaunch payment; not actual or verified quote,4126.711225031812,120,120,120,0,,post_peak_held,FOUNDER_HELD_AFTER_PEAK,true,0,0,120,0,0,0,0,0,0,0,103.33069125963232,0,103.33069125963232,4126.711225031812,60,36,24,0,0,0,2063.458104164094,1237.9870125142954,825.2661083534232,1089421.1623305825,1089421.1623305825,0,1089421.1623305825,0,1089421.1623305825,RECONCILED,1089421.1623305823,0,1089421.1623305823,RECONCILED,173193.4108442586,40457.17521141052,40457.17521141052,32831.22707509644,7625.948136314077,4126.711225031813,213650.58605566912,0,24000,6000,6000,93552,307202.5860556691,782218.5762749134,,,Founder pay unchanged,"Starting overhead budget v1: $400 combined conservative planning amount includes Codex, another subscription, website and database; not verified recurring invoices. The first $100 infrastructure tier reference is treated as covered; only higher automatic tier increments are additional. This fixed scenario reference is provisional overlap treatment, not invoice allocation. Explicit manual and dated infrastructure amounts are additional; if intended as replacements, reconcile the baseline before entering them.",81000,0,0,1452,81000,87000,7400,400,213650.58605566912,7400,91752,0,33000,33000,RECONCILED,3300,9252,0,99552,RECONCILED,0,200,818770.5762749134,776218.5762749134,42805827.866094805,0,0,0,0,313202.5860556691,776218.5762749132,43582046.44236972,0,0,0,0,false,Unavailable: configure distribution and tax planning (or explicitly opt into provisional untaxed illustration),0,25000,0,43582046.44236972,953490.5947054108,,,,0,,,,,,,,milestone,,cac,,263.99258463310196,7.996682636727412,51.77260399509106,Departmental Organization,11,0,0.6602158771760748,true,true,0,
false,,,,,,,,,,,0,0,44359974.14110483,959122.5947054108,0,214067.5315684703,99552,313619.5315684703,0,0,0,0,0,0,43400851.54639942,0,44334974.141104855,Unavailable: configure distribution and tax planning (or explicitly opt into provisional untaxed illustration),false,0,0,24000,214.75274314225726,120,2036-08-01,FORECAST,4126.711225031812,25000,0,15000,0,10000,FORECAST prelaunch payment; not actual or verified quote,4134.761904761905,120,120,111.75643043638253,8.24356956361747,OPERATIONAL_CAPACITY,post_peak_held,FOUNDER_HELD_AFTER_PEAK,true,0,0,111.75643043638253,0,0,0,0,0,0,0,103.70575070629057,0,103.70575070629059,4134.761904761905,55.878215218191265,33.52692913091476,22.351286087276506,0,0,0,2067.4811379670555,1240.4028094207163,826.8779573741328,1091547.2303035776,1091547.2303035776,0,1091547.2303035776,0,1091547.2303035776,RECONCILED,1091547.2303035774,0,1091547.2303035774,RECONCILED,173531.40270611292,40536.128862357364,40536.128862357364,32895.29825023232,7640.8306121250425,4134.761904761905,214067.5315684703,0,24000,6000,6000,93552,307619.5315684703,783927.6987351073,,,Founder pay unchanged,"Starting overhead budget v1: $400 combined conservative planning amount includes Codex, another subscription, website and database; not verified recurring invoices. The first $100 infrastructure tier reference is treated as covered; only higher automatic tier increments are additional. This fixed scenario reference is provisional overlap treatment, not invoice allocation. Explicit manual and dated infrastructure amounts are additional; if intended as replacements, reconcile the baseline before entering them.",81000,0,0,1452,81000,87000,7400,400,214067.5315684703,7400,91752,0,33000,33000,RECONCILED,3300,9252,0,99552,RECONCILED,0,214.75274314225726,820479.6987351073,777927.6987351073,43582046.44236972,0,0,0,0,313619.5315684703,777927.6987351071,44359974.14110483,0,0,0,0,false,Unavailable: configure distribution and tax planning (or explicitly opt into provisional untaxed illustration),0,25000,0,44359974.14110483,959122.5947054108,,,,0,,,,,,,,milestone,,cac,,263.99276559225075,7.98111251871473,51.77263806216603,Departmental Organization,11,0,0.6644475970526774,true,true,2,"Customer Support / Success: decision M120, start M122; Customer Support / Success contractor bridge: decision M120, start M121, end M121"
