  console.log
    [DB] Migration applied: 001_initial_schema.sql

      at log (src/db.js:1312:42)

  console.log
    [DB] Migration applied: 002_seed_data.sql

      at log (src/db.js:1312:42)

  console.log
    [DB] Migration applied: 003_voice_sessions.sql

      at log (src/db.js:1312:42)

  console.log
    [DB] Migration applied: 004_canonical_persistence_v2.sql

      at log (src/db.js:1312:42)

  console.log
    [DB] Migration applied: 005_canonical_organization_authority.sql

      at log (src/db.js:1312:42)

  console.log
    [DB] Migration applied: 006_canonical_voice_sessions.sql

      at log (src/db.js:1312:42)

  console.log
    [DB] Migration applied: 007_canonical_tax_authority.sql

      at log (src/db.js:1312:42)

  console.log
    [DB] Migration applied: 008_canonical_demo_authority.sql

      at log (src/db.js:1312:42)

  console.log
    [DB] Migration applied: 009_canonical_voice_provider_identity.sql

      at log (src/db.js:1312:42)

  console.log
    [DB] Migration applied: 010_account_session_authority.sql

      at log (src/db.js:1312:42)

  console.log
    [DB] Migration applied: 011_oauth_authorization_states.sql

      at log (src/db.js:1312:42)

  console.log
    [DB] Migration applied: 012_account_verification_trial.sql

      at log (src/db.js:1312:42)

  console.log
    [DB] Migration applied: 015_workforce_authority.sql

      at log (src/db.js:1312:42)

  console.log
    [DB] Migration applied: 016_tenant_asset_catalogue.sql

      at log (src/db.js:1312:42)

  console.log
    [DB] Migration applied: 017_retell_webhook_replay_authority.sql

      at log (src/db.js:1312:42)

  console.log
    [DB] Migration applied: 018_canonical_map_preferences.sql

      at log (src/db.js:1312:42)

  console.log
    [DB] Migration applied: 019_account_email_outbox.sql

      at log (src/db.js:1312:42)

  console.log
    [DB] Migration applied: 020_canonical_workforce_access_roles.sql

      at log (src/db.js:1312:42)

  console.log
    [DB] Migration applied: 021_bounded_api_observability.sql

      at log (src/db.js:1312:42)

  console.log
    [DB] Migration applied: 022_demo_command_center_sessions.sql

      at log (src/db.js:1312:42)

  console.log
    [DB] Migration applied: 023_homepage_demo_admission.sql

      at log (src/db.js:1312:42)

  console.log
    [DB] Migration applied: 024_homepage_verified_purge_receipt.sql

      at log (src/db.js:1312:42)

  console.log
    [DB] Migration applied: 025_provider_agnostic_knowledge_registry.sql

      at log (src/db.js:1312:42)

  console.log
    [DB] Migration applied: 026_canonical_knowledge_review_publication.sql

      at log (src/db.js:1312:42)

  console.log
    [DB] Migration applied: 027_canonical_knowledge_audit_graph_authority.sql

      at log (src/db.js:1312:42)

  console.log
    [DB] Migration applied: 028_canonical_knowledge_immutable_lifecycle.sql

      at log (src/db.js:1312:42)

  console.log
    [DB] Migration applied: 029_canonical_knowledge_transactional_sync.sql

      at log (src/db.js:1312:42)

  console.log
    [DB] Migration applied: 030_canonical_knowledge_sync_revocation.sql

      at log (src/db.js:1312:42)

  console.log
    [DB] Migration applied: 031_canonical_knowledge_sync_recovery_lifecycle.sql

      at log (src/db.js:1312:42)

  console.log
    [DB] Migration applied: 032_canonical_schedule_assignment_authority.sql

      at log (src/db.js:1312:42)

  console.log
    [DB] Migration applied: 033_canonical_schedule_time_evidence.sql

      at log (src/db.js:1312:42)

  console.log
    [DB] Migration applied: 034_schedule_availability_conflict_authority.sql

      at log (src/db.js:1312:42)

  console.log
    [DB] Migration applied: 035_schedule_human_preview_approval.sql

      at log (src/db.js:1312:42)

  console.info
    [login-timing-regression] {"missing":[383.07,380.75,376.98,374.05,375.78,392.49],"existing":[378.31,373.45,373.06,383.15,373.71,383.22],"missingMedianMs":378.87,"existingMedianMs":376.01,"medianRatio":1.008,"relativeGap":0.008,"missingCompareCalls":[2,2,2,2,2,2],"existingCompareCalls":[2,2,2,2,2,2]}

      at Object.info (tests/api/m20-phase7-login-timing-postgres.test.js:246:13)

  console.info
    [login-timing-supported-matrix] {"groupLabel":"costs-4-6","measuredOrders":[["cost-5","cost-4","cost-6"],["cost-5","cost-6","cost-4"],["cost-6","cost-5","cost-4"],["cost-6","cost-4","cost-5"],["cost-4","cost-6","cost-5"],["cost-4","cost-5","cost-6"],["cost-5","cost-4","cost-6"],["cost-5","cost-6","cost-4"],["cost-6","cost-5","cost-4"],["cost-6","cost-4","cost-5"],["cost-4","cost-6","cost-5"],["cost-4","cost-5","cost-6"],["cost-5","cost-4","cost-6"],["cost-5","cost-6","cost-4"],["cost-6","cost-5","cost-4"]],"costs":[{"cost":4,"baselineMedianMs":374.41,"medianMs":378.14,"marginalRatio":1.01,"marginalRelativeGap":0.01,"medianLogRatio":0.001977,"ratio":1.002,"relativeGap":0.002,"rawBaselineMs":[369.61,389.96,374.41,372.05,375.25,398.62,373.08,380.33,374.24,380.44,374.39,371.81,373.96,375.54,400.16],"rawSampleMs":[381.19,372.5,383.11,378.14,377.83,372.17,378.41,381.09,372.31,374.69,372.17,378.76,380.45,372.4,382.46],"pairRatios":[1.031,1.047,1.023,1.016,1.007,1.071,1.014,1.002,1.005,1.015,1.006,1.019,1.017,1.008,1.046],"signedPairRatios":[1.031,0.955,1.023,1.016,1.007,0.934,1.014,1.002,0.995,0.985,0.994,1.019,1.017,0.992,0.956],"logRatios":[0.030865,-0.045812,0.022976,0.016252,0.006854,-0.068657,0.014182,0.001977,-0.005167,-0.015243,-0.005961,0.018523,0.017225,-0.008399,-0.045244],"baselineFirstCount":8,"compareCalls":[10,10,10,10,10,10,10,10,10,10,10,10,10,10,10]},{"cost":5,"baselineMedianMs":373.9,"medianMs":373.85,"marginalRatio":1,"marginalRelativeGap":0,"medianLogRatio":-0.00187,"ratio":1.002,"relativeGap":0.002,"rawBaselineMs":[373.9,374.55,371.35,373.39,374.58,393.94,370.7,371.97,381.36,373.04,372.35,375.64,381.74,372.64,378.72],"rawSampleMs":[370.86,373.85,373.09,373.12,375.72,383.53,376.03,378.04,369.01,378.43,373.31,370.16,374.67,371.88,378.01],"pairRatios":[1.008,1.002,1.005,1.001,1.003,1.027,1.014,1.016,1.033,1.014,1.003,1.015,1.019,1.002,1.002],"signedPairRatios":[0.992,0.998,1.005,0.999,1.003,0.974,1.014,1.016,0.968,1.014,1.003,0.985,0.981,0.998,0.998],"logRatios":[-0.008161,-0.00187,0.004668,-0.000742,0.003053,-0.02678,0.014289,0.016195,-0.032923,0.014343,0.002578,-0.014682,-0.018681,-0.002055,-0.001874],"baselineFirstCount":7,"compareCalls":[9,9,9,9,9,9,9,9,9,9,9,9,9,9,9]},{"cost":6,"baselineMedianMs":375.55,"medianMs":375.21,"marginalRatio":1.001,"marginalRelativeGap":0.001,"medianLogRatio":0.000878,"ratio":1.001,"relativeGap":0.001,"rawBaselineMs":[372.96,393.22,378.07,373.74,371.04,379,372.83,383.53,374.88,371.51,376.09,371.45,375.55,380.54,377.54],"rawSampleMs":[372.33,371.44,384.46,382.96,386.64,373.46,386.1,381.79,375.21,377.02,379.94,374.67,372.65,371.49,372.87],"pairRatios":[1.002,1.059,1.017,1.025,1.042,1.015,1.036,1.005,1.001,1.015,1.01,1.009,1.008,1.024,1.013],"signedPairRatios":[0.998,0.945,1.017,1.025,1.042,0.985,1.036,0.995,1.001,1.015,1.01,1.009,0.992,0.976,0.988],"logRatios":[-0.001698,-0.056973,0.016751,0.024355,0.041189,-0.014709,0.034956,-0.004548,0.000878,0.014713,0.010181,0.008654,-0.007764,-0.024075,-0.012434],"baselineFirstCount":8,"compareCalls":[8,8,8,8,8,8,8,8,8,8,8,8,8,8,8]}]}

      at info (tests/api/m20-phase7-login-timing-postgres.test.js:419:15)

  console.info
    [login-timing-supported-matrix] {"groupLabel":"costs-7-9","measuredOrders":[["cost-8","cost-9","cost-7"],["cost-8","cost-7","cost-9"],["cost-7","cost-8","cost-9"],["cost-7","cost-9","cost-8"],["cost-9","cost-7","cost-8"],["cost-9","cost-8","cost-7"],["cost-8","cost-9","cost-7"],["cost-8","cost-7","cost-9"],["cost-7","cost-8","cost-9"],["cost-7","cost-9","cost-8"],["cost-9","cost-7","cost-8"],["cost-9","cost-8","cost-7"],["cost-8","cost-9","cost-7"],["cost-8","cost-7","cost-9"],["cost-7","cost-8","cost-9"]],"costs":[{"cost":7,"baselineMedianMs":376.07,"medianMs":374.35,"marginalRatio":1.005,"marginalRelativeGap":0.005,"medianLogRatio":-0.00214,"ratio":1.002,"relativeGap":0.002,"rawBaselineMs":[377.94,373.36,381.09,386.04,371.13,373.31,378.2,372.63,370.44,372.12,377.91,376.07,374.77,378.88,376.32],"rawSampleMs":[378.5,374.35,374.35,373.7,373.43,388.2,372.95,371.37,375.24,370.09,374.67,376.67,375.01,371.95,375.51],"pairRatios":[1.001,1.003,1.018,1.033,1.006,1.04,1.014,1.003,1.013,1.005,1.009,1.002,1.001,1.019,1.002],"signedPairRatios":[1.001,1.003,0.982,0.968,1.006,1.04,0.986,0.997,1.013,0.995,0.991,1.002,1.001,0.982,0.998],"logRatios":[0.001477,0.00264,-0.017843,-0.032487,0.00616,0.039114,-0.013961,-0.003382,0.01288,-0.005481,-0.00861,0.001587,0.000627,-0.01845,-0.00214],"baselineFirstCount":8,"compareCalls":[7,7,7,7,7,7,7,7,7,7,7,7,7,7,7]},{"cost":8,"baselineMedianMs":376.45,"medianMs":374.5,"marginalRatio":1.005,"marginalRelativeGap":0.005,"medianLogRatio":-0.001468,"ratio":1.001,"relativeGap":0.001,"rawBaselineMs":[378.73,373.36,376.45,373.51,375.82,385.56,371.65,373.25,426.34,371.5,377.56,386.68,378.06,378.12,371.92],"rawSampleMs":[375.39,372.83,378.37,372.96,378.93,373.33,379.21,372.98,374.5,376.33,371.49,375.11,374.12,374.55,372.59],"pairRatios":[1.009,1.001,1.005,1.001,1.008,1.033,1.02,1.001,1.138,1.013,1.016,1.031,1.011,1.01,1.002],"signedPairRatios":[0.991,0.999,1.005,0.999,1.008,0.968,1.02,0.999,0.878,1.013,0.984,0.97,0.99,0.991,1.002],"logRatios":[-0.008846,-0.001414,0.005099,-0.001468,0.008232,-0.032247,0.020127,-0.00074,-0.129648,0.012904,-0.016215,-0.030382,-0.010487,-0.009501,0.001796],"baselineFirstCount":7,"compareCalls":[6,6,6,6,6,6,6,6,6,6,6,6,6,6,6]},{"cost":9,"baselineMedianMs":373.9,"medianMs":378.84,"marginalRatio":1.013,"marginalRelativeGap":0.013,"medianLogRatio":0.011071,"ratio":1.011,"relativeGap":0.011,"rawBaselineMs":[372.99,371.82,370.84,379.68,380.17,375.14,379.27,373.37,407.86,373.9,371.26,375.77,376.52,373.8,371.44],"rawSampleMs":[378.4,380.56,375.01,378.87,381.83,379.31,376.72,373.3,402.23,378.84,384.24,388.54,374.41,374.37,378.76],"pairRatios":[1.015,1.024,1.011,1.002,1.004,1.011,1.007,1,1.014,1.013,1.035,1.034,1.006,1.002,1.02],"signedPairRatios":[1.015,1.024,1.011,0.998,1.004,1.011,0.993,1,0.986,1.013,1.035,1.034,0.994,1.002,1.02],"logRatios":[0.0144,0.023236,0.011196,-0.002133,0.004352,0.011071,-0.006736,-0.000175,-0.0139,0.01313,0.034366,0.033403,-0.005639,0.001507,0.01952],"baselineFirstCount":8,"compareCalls":[5,5,5,5,5,5,5,5,5,5,5,5,5,5,5]}]}

      at info (tests/api/m20-phase7-login-timing-postgres.test.js:419:15)

  console.info
    [login-timing-supported-matrix] {"groupLabel":"costs-10-12","measuredOrders":[["cost-11","cost-10","cost-12"],["cost-11","cost-12","cost-10"],["cost-12","cost-11","cost-10"],["cost-12","cost-10","cost-11"],["cost-10","cost-12","cost-11"],["cost-10","cost-11","cost-12"],["cost-11","cost-10","cost-12"],["cost-11","cost-12","cost-10"],["cost-12","cost-11","cost-10"],["cost-12","cost-10","cost-11"],["cost-10","cost-12","cost-11"],["cost-10","cost-11","cost-12"],["cost-11","cost-10","cost-12"],["cost-11","cost-12","cost-10"],["cost-12","cost-11","cost-10"]],"costs":[{"cost":10,"baselineMedianMs":375,"medianMs":375.19,"marginalRatio":1.001,"marginalRelativeGap":0.001,"medianLogRatio":0.001776,"ratio":1.002,"relativeGap":0.002,"rawBaselineMs":[377.13,392.35,371.1,375.96,372.18,371.17,379.77,375.46,372.77,376.99,370.46,376.31,370.8,375,374.88],"rawSampleMs":[375.19,376.52,371.3,373.54,377.48,383.15,372.83,385.08,372.09,377.66,371.49,370.22,375.1,383.92,382.13],"pairRatios":[1.005,1.042,1.001,1.006,1.014,1.032,1.019,1.026,1.002,1.002,1.003,1.016,1.012,1.024,1.019],"signedPairRatios":[0.995,0.96,1.001,0.994,1.014,1.032,0.982,1.026,0.998,1.002,1.003,0.984,1.012,1.024,1.019],"logRatios":[-0.005138,-0.041177,0.000545,-0.006438,0.014127,0.031766,-0.018448,0.0253,-0.001825,0.001776,0.002772,-0.016315,0.011546,0.023523,0.019157],"baselineFirstCount":8,"compareCalls":[4,4,4,4,4,4,4,4,4,4,4,4,4,4,4]},{"cost":11,"baselineMedianMs":372.49,"medianMs":372.24,"marginalRatio":1.001,"marginalRelativeGap":0.001,"medianLogRatio":-0.000403,"ratio":1,"relativeGap":0,"rawBaselineMs":[371.91,374.05,373.8,370.07,387.11,372.49,373.04,371.88,371.69,378.02,370.01,371.75,372.39,384.5,374.41],"rawSampleMs":[375.12,372.1,378.22,375.6,371.97,370.41,372.31,371.73,368.99,386.94,372.21,370.45,372.51,372.24,386.15],"pairRatios":[1.009,1.005,1.012,1.015,1.041,1.006,1.002,1,1.007,1.024,1.006,1.004,1,1.033,1.031],"signedPairRatios":[1.009,0.995,1.012,1.015,0.961,0.994,0.998,1,0.993,1.024,1.006,0.997,1,0.968,1.031],"logRatios":[0.008591,-0.005246,0.011754,0.014845,-0.039876,-0.005589,-0.001948,-0.000403,-0.007301,0.023337,0.005925,-0.003504,0.000317,-0.032391,0.030883],"baselineFirstCount":7,"compareCalls":[3,3,3,3,3,3,3,3,3,3,3,3,3,3,3]},{"cost":12,"baselineMedianMs":374.72,"medianMs":372.06,"marginalRatio":1.007,"marginalRelativeGap":0.007,"medianLogRatio":-0.004449,"ratio":1.004,"relativeGap":0.004,"rawBaselineMs":[375.87,371.16,372.65,376.68,374.23,372.66,382.76,374.72,373.41,373.22,382.89,374.69,383.16,377.68,379.37],"rawSampleMs":[372.01,371.61,371.79,372.06,375.6,374.31,380.24,373.06,370.05,377.11,370.65,373.23,370.57,376.14,370.24],"pairRatios":[1.01,1.001,1.002,1.012,1.004,1.004,1.007,1.004,1.009,1.01,1.033,1.004,1.034,1.004,1.025],"signedPairRatios":[0.99,1.001,0.998,0.988,1.004,1.004,0.993,0.996,0.991,1.01,0.968,0.996,0.967,0.996,0.976],"logRatios":[-0.010314,0.001188,-0.002307,-0.01233,0.003637,0.004418,-0.006594,-0.004449,-0.009035,0.010354,-0.032475,-0.003893,-0.033401,-0.004082,-0.024366],"baselineFirstCount":8,"compareCalls":[2,2,2,2,2,2,2,2,2,2,2,2,2,2,2]}]}

      at info (tests/api/m20-phase7-login-timing-postgres.test.js:419:15)

  console.info
    [login-timing-unsupported-matrix] {"measuredOrders":[["unsupported13","unsupported31","malformed"],["unsupported13","malformed","unsupported31"],["malformed","unsupported13","unsupported31"],["malformed","unsupported31","unsupported13"],["unsupported31","malformed","unsupported13"],["unsupported31","unsupported13","malformed"],["unsupported13","unsupported31","malformed"],["unsupported13","malformed","unsupported31"],["malformed","unsupported13","unsupported31"],["malformed","unsupported31","unsupported13"],["unsupported31","malformed","unsupported13"],["unsupported31","unsupported13","malformed"],["unsupported13","unsupported31","malformed"],["unsupported13","malformed","unsupported31"],["malformed","unsupported13","unsupported31"]],"classes":[{"name":"unsupported31","baselineMedianMs":375.66,"baselineFirstCount":8,"logRatios":[-0.010418,0.016808,-0.004292,0.004183,0.004708,-0.015823,-0.01142,-0.013542,-0.003896,0.004642,-0.012952,0.02744,-0.009009,-0.019079,0.014151],"marginalRatio":1.001,"marginalRelativeGap":0.001,"medianLogRatio":-0.004292,"medianMs":375.14,"ratio":1.004,"relativeGap":0.004,"pairRatios":[1.01,1.017,1.004,1.004,1.005,1.016,1.011,1.014,1.004,1.005,1.013,1.028,1.009,1.019,1.014],"rawBaselineMs":[379.83,373.35,376.75,373.59,375.66,375.69,379.54,376.4,372.27,373.31,376.94,369.2,373.46,379.01,370.51],"rawSampleMs":[375.89,379.68,375.14,375.16,377.43,369.79,375.23,371.34,370.82,375.05,372.09,379.48,370.11,371.84,375.79],"signedPairRatios":[0.99,1.017,0.996,1.004,1.005,0.984,0.989,0.987,0.996,1.005,0.987,1.028,0.991,0.981,1.014]},{"name":"malformed","baselineMedianMs":374.32,"baselineFirstCount":7,"logRatios":[-0.003065,0.01254,0.009739,0.004172,0.009058,-0.018754,-0.004854,0.009276,-0.004041,-0.003607,-0.005127,-0.011776,-0.014056,0.007472,-0.005274],"marginalRatio":1,"marginalRelativeGap":0,"medianLogRatio":-0.003607,"medianMs":374.3,"ratio":1.004,"relativeGap":0.004,"pairRatios":[1.003,1.013,1.01,1.004,1.009,1.019,1.005,1.009,1.004,1.004,1.005,1.012,1.014,1.007,1.005],"rawBaselineMs":[377.08,371.87,378.11,373.11,369.74,382.49,380.55,371.82,374.35,373.57,374.32,375.55,379.11,371.51,372.87],"rawSampleMs":[375.92,376.56,381.81,374.67,373.1,375.39,378.71,375.28,372.84,372.22,372.4,371.15,373.82,374.3,370.91],"signedPairRatios":[0.997,1.013,1.01,1.004,1.009,0.981,0.995,1.009,0.996,0.996,0.995,0.988,0.986,1.007,0.995]},{"name":"unsupported13","baselineMedianMs":374.26,"baselineFirstCount":8,"logRatios":[0.004878,-0.008346,0.0236,0.004114,0.00073,-0.012713,0.011151,0.008992,-0.050829,0.005626,-0.019873,0.031135,0.005482,0.008612,-0.002635],"marginalRatio":1.005,"marginalRelativeGap":0.005,"medianLogRatio":0.004878,"medianMs":376.17,"ratio":1.005,"relativeGap":0.005,"pairRatios":[1.005,1.008,1.024,1.004,1.001,1.013,1.011,1.009,1.052,1.006,1.02,1.032,1.005,1.009,1.003],"rawBaselineMs":[373.98,385.16,372.11,379.37,372.86,378.57,374.26,373.08,398.75,371.32,379.43,376.49,373.08,368.65,377.16],"rawSampleMs":[375.81,381.96,380.99,380.94,373.13,373.79,378.45,376.45,378.99,373.42,371.96,388.39,375.14,371.84,376.17],"signedPairRatios":[1.005,0.992,1.024,1.004,1.001,0.987,1.011,1.009,0.95,1.006,0.98,1.032,1.005,1.009,0.997]}]}

      at Object.info (tests/api/m20-phase7-login-timing-postgres.test.js:725:15)

  console.log
    [DB] Migration applied: 001_initial_schema.sql

      at log (src/db.js:1312:42)

  console.log
    [DB] Migration applied: 002_seed_data.sql

      at log (src/db.js:1312:42)

  console.log
    [DB] Migration applied: 003_voice_sessions.sql

      at log (src/db.js:1312:42)

  console.log
    [DB] Migration applied: 004_canonical_persistence_v2.sql

      at log (src/db.js:1312:42)

  console.log
    [DB] Migration applied: 005_canonical_organization_authority.sql

      at log (src/db.js:1312:42)

  console.log
    [DB] Migration applied: 006_canonical_voice_sessions.sql

      at log (src/db.js:1312:42)

  console.log
    [DB] Migration applied: 007_canonical_tax_authority.sql

      at log (src/db.js:1312:42)

  console.log
    [DB] Migration applied: 008_canonical_demo_authority.sql

      at log (src/db.js:1312:42)

  console.log
    [DB] Migration applied: 009_canonical_voice_provider_identity.sql

      at log (src/db.js:1312:42)

  console.log
    [DB] Migration applied: 010_account_session_authority.sql

      at log (src/db.js:1312:42)

  console.log
    [DB] Migration applied: 011_oauth_authorization_states.sql

      at log (src/db.js:1312:42)

  console.log
    [DB] Migration applied: 012_account_verification_trial.sql

      at log (src/db.js:1312:42)

  console.log
    [DB] Migration applied: 015_workforce_authority.sql

      at log (src/db.js:1312:42)

  console.log
    [DB] Migration applied: 016_tenant_asset_catalogue.sql

      at log (src/db.js:1312:42)

  console.log
    [DB] Migration applied: 017_retell_webhook_replay_authority.sql

      at log (src/db.js:1312:42)

  console.log
    [DB] Migration applied: 018_canonical_map_preferences.sql

      at log (src/db.js:1312:42)

  console.log
    [DB] Migration applied: 019_account_email_outbox.sql

      at log (src/db.js:1312:42)

  console.log
    [DB] Migration applied: 020_canonical_workforce_access_roles.sql

      at log (src/db.js:1312:42)

  console.log
    [DB] Migration applied: 021_bounded_api_observability.sql

      at log (src/db.js:1312:42)

  console.log
    [DB] Migration applied: 022_demo_command_center_sessions.sql

      at log (src/db.js:1312:42)

  console.log
    [DB] Migration applied: 023_homepage_demo_admission.sql

      at log (src/db.js:1312:42)

  console.log
    [DB] Migration applied: 024_homepage_verified_purge_receipt.sql

      at log (src/db.js:1312:42)

  console.log
    [DB] Migration applied: 025_provider_agnostic_knowledge_registry.sql

      at log (src/db.js:1312:42)

  console.log
    [DB] Migration applied: 026_canonical_knowledge_review_publication.sql

      at log (src/db.js:1312:42)

  console.log
    [DB] Migration applied: 027_canonical_knowledge_audit_graph_authority.sql

      at log (src/db.js:1312:42)

  console.log
    [DB] Migration applied: 028_canonical_knowledge_immutable_lifecycle.sql

      at log (src/db.js:1312:42)

  console.log
    [DB] Migration applied: 029_canonical_knowledge_transactional_sync.sql

      at log (src/db.js:1312:42)

  console.log
    [DB] Migration applied: 030_canonical_knowledge_sync_revocation.sql

      at log (src/db.js:1312:42)

  console.log
    [DB] Migration applied: 031_canonical_knowledge_sync_recovery_lifecycle.sql

      at log (src/db.js:1312:42)

  console.log
    [DB] Migration applied: 032_canonical_schedule_assignment_authority.sql

      at log (src/db.js:1312:42)

  console.log
    [DB] Migration applied: 033_canonical_schedule_time_evidence.sql

      at log (src/db.js:1312:42)

  console.log
    [DB] Migration applied: 034_schedule_availability_conflict_authority.sql

      at log (src/db.js:1312:42)

  console.log
    [DB] Migration applied: 035_schedule_human_preview_approval.sql

      at log (src/db.js:1312:42)

  console.info
    {
      component: 'http',
      event: 'request_completed',
      requestId: 'd97e18a1-8ccf-42cf-88b4-9dd9843de1f4',
      methodClass: 'POST',
      durationMs: 207,
      statusCode: 202
    }

      at write (src/observability/safeLogger.js:178:17)

  console.info
    {
      component: 'http',
      event: 'request_completed',
      requestId: '57c7ae3d-6ab6-4ae8-9946-8792e0a2bab1',
      methodClass: 'POST',
      durationMs: 402,
      statusCode: 401
    }

      at write (src/observability/safeLogger.js:178:17)

  console.info
    {
      component: 'http',
      event: 'request_completed',
      requestId: '49231a65-f75a-4787-909e-fdf48ab74238',
      methodClass: 'POST',
      durationMs: 196,
      statusCode: 200
    }

      at write (src/observability/safeLogger.js:178:17)

  console.log
    [DB] Migration applied: 001_initial_schema.sql

      at log (src/db.js:1312:42)

  console.log
    [DB] Migration applied: 002_seed_data.sql

      at log (src/db.js:1312:42)

  console.log
    [DB] Migration applied: 003_voice_sessions.sql

      at log (src/db.js:1312:42)

  console.log
    [DB] Migration applied: 004_canonical_persistence_v2.sql

      at log (src/db.js:1312:42)

  console.log
    [DB] Migration applied: 005_canonical_organization_authority.sql

      at log (src/db.js:1312:42)

  console.log
    [DB] Migration applied: 006_canonical_voice_sessions.sql

      at log (src/db.js:1312:42)

  console.log
    [DB] Migration applied: 007_canonical_tax_authority.sql

      at log (src/db.js:1312:42)

  console.log
    [DB] Migration applied: 008_canonical_demo_authority.sql

      at log (src/db.js:1312:42)

  console.log
    [DB] Migration applied: 009_canonical_voice_provider_identity.sql

      at log (src/db.js:1312:42)

  console.log
    [DB] Migration applied: 010_account_session_authority.sql

      at log (src/db.js:1312:42)

  console.log
    [DB] Migration applied: 011_oauth_authorization_states.sql

      at log (src/db.js:1312:42)

  console.log
    [DB] Migration applied: 012_account_verification_trial.sql

      at log (src/db.js:1312:42)

  console.log
    [DB] Migration applied: 015_workforce_authority.sql

      at log (src/db.js:1312:42)

  console.log
    [DB] Migration applied: 016_tenant_asset_catalogue.sql

      at log (src/db.js:1312:42)

  console.log
    [DB] Migration applied: 017_retell_webhook_replay_authority.sql

      at log (src/db.js:1312:42)

  console.log
    [DB] Migration applied: 018_canonical_map_preferences.sql

      at log (src/db.js:1312:42)

  console.log
    [DB] Migration applied: 019_account_email_outbox.sql

      at log (src/db.js:1312:42)

  console.log
    [DB] Migration applied: 020_canonical_workforce_access_roles.sql

      at log (src/db.js:1312:42)

  console.log
    [DB] Migration applied: 021_bounded_api_observability.sql

      at log (src/db.js:1312:42)

  console.log
    [DB] Migration applied: 022_demo_command_center_sessions.sql

      at log (src/db.js:1312:42)

  console.log
    [DB] Migration applied: 023_homepage_demo_admission.sql

      at log (src/db.js:1312:42)

  console.log
    [DB] Migration applied: 024_homepage_verified_purge_receipt.sql

      at log (src/db.js:1312:42)

  console.log
    [DB] Migration applied: 025_provider_agnostic_knowledge_registry.sql

      at log (src/db.js:1312:42)

  console.log
    [DB] Migration applied: 026_canonical_knowledge_review_publication.sql

      at log (src/db.js:1312:42)

  console.log
    [DB] Migration applied: 027_canonical_knowledge_audit_graph_authority.sql

      at log (src/db.js:1312:42)

  console.log
    [DB] Migration applied: 028_canonical_knowledge_immutable_lifecycle.sql

      at log (src/db.js:1312:42)

  console.log
    [DB] Migration applied: 029_canonical_knowledge_transactional_sync.sql

      at log (src/db.js:1312:42)

  console.log
    [DB] Migration applied: 030_canonical_knowledge_sync_revocation.sql

      at log (src/db.js:1312:42)

  console.log
    [DB] Migration applied: 031_canonical_knowledge_sync_recovery_lifecycle.sql

      at log (src/db.js:1312:42)

  console.log
    [DB] Migration applied: 032_canonical_schedule_assignment_authority.sql

      at log (src/db.js:1312:42)

  console.log
    [DB] Migration applied: 033_canonical_schedule_time_evidence.sql

      at log (src/db.js:1312:42)

  console.log
    [DB] Migration applied: 034_schedule_availability_conflict_authority.sql

      at log (src/db.js:1312:42)

  console.log
    [DB] Migration applied: 035_schedule_human_preview_approval.sql

      at log (src/db.js:1312:42)

  console.log
    [DB] Migration applied: 001_initial_schema.sql

      at Object.log [as runMigrations] (src/db.js:1312:42)

  console.log
    [DB] Migration applied: 002_seed_data.sql

      at Object.log [as runMigrations] (src/db.js:1312:42)

  console.log
    [DB] Migration applied: 003_voice_sessions.sql

      at Object.log [as runMigrations] (src/db.js:1312:42)

  console.log
    [DB] Migration applied: 004_canonical_persistence_v2.sql

      at Object.log [as runMigrations] (src/db.js:1312:42)

  console.log
    [DB] Migration applied: 005_canonical_organization_authority.sql

      at Object.log [as runMigrations] (src/db.js:1312:42)

  console.log
    [DB] Migration applied: 006_canonical_voice_sessions.sql

      at Object.log [as runMigrations] (src/db.js:1312:42)

  console.log
    [DB] Migration applied: 007_canonical_tax_authority.sql

      at Object.log [as runMigrations] (src/db.js:1312:42)

  console.log
    [DB] Migration applied: 008_canonical_demo_authority.sql

      at Object.log [as runMigrations] (src/db.js:1312:42)

  console.log
    [DB] Migration applied: 009_canonical_voice_provider_identity.sql

      at Object.log [as runMigrations] (src/db.js:1312:42)

  console.log
    [DB] Migration applied: 010_account_session_authority.sql

      at Object.log [as runMigrations] (src/db.js:1312:42)

  console.log
    [DB] Migration applied: 011_oauth_authorization_states.sql

      at Object.log [as runMigrations] (src/db.js:1312:42)

  console.log
    [DB] Migration applied: 012_account_verification_trial.sql

      at Object.log [as runMigrations] (src/db.js:1312:42)

  console.log
    [DB] Migration applied: 015_workforce_authority.sql

      at Object.log [as runMigrations] (src/db.js:1312:42)

  console.log
    [DB] Migration applied: 016_tenant_asset_catalogue.sql

      at Object.log [as runMigrations] (src/db.js:1312:42)

  console.log
    [DB] Migration applied: 017_retell_webhook_replay_authority.sql

      at Object.log [as runMigrations] (src/db.js:1312:42)

  console.log
    [DB] Migration applied: 018_canonical_map_preferences.sql

      at Object.log [as runMigrations] (src/db.js:1312:42)

  console.log
    [DB] Migration applied: 019_account_email_outbox.sql

      at Object.log [as runMigrations] (src/db.js:1312:42)

  console.log
    [DB] Migration applied: 020_canonical_workforce_access_roles.sql

      at Object.log [as runMigrations] (src/db.js:1312:42)

  console.log
    [DB] Migration applied: 021_bounded_api_observability.sql

      at Object.log [as runMigrations] (src/db.js:1312:42)

  console.log
    [DB] Migration applied: 022_demo_command_center_sessions.sql

      at Object.log [as runMigrations] (src/db.js:1312:42)

  console.log
    [DB] Migration applied: 023_homepage_demo_admission.sql

      at Object.log [as runMigrations] (src/db.js:1312:42)

  console.log
    [DB] Migration applied: 024_homepage_verified_purge_receipt.sql

      at Object.log [as runMigrations] (src/db.js:1312:42)

  console.log
    [DB] Migration applied: 025_provider_agnostic_knowledge_registry.sql

      at Object.log [as runMigrations] (src/db.js:1312:42)

  console.log
    [DB] Migration applied: 026_canonical_knowledge_review_publication.sql

      at Object.log [as runMigrations] (src/db.js:1312:42)

  console.log
    [DB] Migration applied: 027_canonical_knowledge_audit_graph_authority.sql

      at Object.log [as runMigrations] (src/db.js:1312:42)

  console.log
    [DB] Migration applied: 028_canonical_knowledge_immutable_lifecycle.sql

      at Object.log [as runMigrations] (src/db.js:1312:42)

  console.log
    [DB] Migration applied: 029_canonical_knowledge_transactional_sync.sql

      at Object.log [as runMigrations] (src/db.js:1312:42)

  console.log
    [DB] Migration applied: 030_canonical_knowledge_sync_revocation.sql

      at Object.log [as runMigrations] (src/db.js:1312:42)

  console.log
    [DB] Migration applied: 031_canonical_knowledge_sync_recovery_lifecycle.sql

      at Object.log [as runMigrations] (src/db.js:1312:42)

  console.log
    [DB] Migration applied: 032_canonical_schedule_assignment_authority.sql

      at Object.log [as runMigrations] (src/db.js:1312:42)

  console.log
    [DB] Migration applied: 033_canonical_schedule_time_evidence.sql

      at Object.log [as runMigrations] (src/db.js:1312:42)

  console.log
    [DB] Migration applied: 034_schedule_availability_conflict_authority.sql

      at Object.log [as runMigrations] (src/db.js:1312:42)

  console.log
    [DB] Migration applied: 035_schedule_human_preview_approval.sql

      at Object.log [as runMigrations] (src/db.js:1312:42)

  console.log
    [DB] Migration applied: 001_initial_schema.sql

      at Object.log [as runMigrations] (src/db.js:1312:42)

  console.log
    [DB] Migration applied: 002_seed_data.sql

      at Object.log [as runMigrations] (src/db.js:1312:42)

  console.log
    [DB] Migration applied: 003_voice_sessions.sql

      at Object.log [as runMigrations] (src/db.js:1312:42)

  console.log
    [DB] Migration applied: 004_canonical_persistence_v2.sql

      at Object.log [as runMigrations] (src/db.js:1312:42)

  console.log
    [DB] Migration applied: 005_canonical_organization_authority.sql

      at Object.log [as runMigrations] (src/db.js:1312:42)

  console.log
    [DB] Migration applied: 006_canonical_voice_sessions.sql

      at Object.log [as runMigrations] (src/db.js:1312:42)

  console.log
    [DB] Migration applied: 007_canonical_tax_authority.sql

      at Object.log [as runMigrations] (src/db.js:1312:42)

  console.log
    [DB] Migration applied: 008_canonical_demo_authority.sql

      at Object.log [as runMigrations] (src/db.js:1312:42)

  console.log
    [DB] Migration applied: 009_canonical_voice_provider_identity.sql

      at Object.log [as runMigrations] (src/db.js:1312:42)

  console.log
    [DB] Migration applied: 010_account_session_authority.sql

      at Object.log [as runMigrations] (src/db.js:1312:42)

  console.log
    [DB] Migration applied: 011_oauth_authorization_states.sql

      at Object.log [as runMigrations] (src/db.js:1312:42)

  console.log
    [DB] Migration applied: 012_account_verification_trial.sql

      at Object.log [as runMigrations] (src/db.js:1312:42)

  console.log
    [DB] Migration applied: 015_workforce_authority.sql

      at Object.log [as runMigrations] (src/db.js:1312:42)

  console.log
    [DB] Migration applied: 016_tenant_asset_catalogue.sql

      at Object.log [as runMigrations] (src/db.js:1312:42)

  console.log
    [DB] Migration applied: 017_retell_webhook_replay_authority.sql

      at Object.log [as runMigrations] (src/db.js:1312:42)

  console.log
    [DB] Migration applied: 018_canonical_map_preferences.sql

      at Object.log [as runMigrations] (src/db.js:1312:42)

  console.log
    [DB] Migration applied: 019_account_email_outbox.sql

      at Object.log [as runMigrations] (src/db.js:1312:42)

  console.log
    [DB] Migration applied: 020_canonical_workforce_access_roles.sql

      at Object.log [as runMigrations] (src/db.js:1312:42)

  console.log
    [DB] Migration applied: 021_bounded_api_observability.sql

      at Object.log [as runMigrations] (src/db.js:1312:42)

  console.log
    [DB] Migration applied: 022_demo_command_center_sessions.sql

      at Object.log [as runMigrations] (src/db.js:1312:42)

  console.log
    [DB] Migration applied: 023_homepage_demo_admission.sql

      at Object.log [as runMigrations] (src/db.js:1312:42)

  console.log
    [DB] Migration applied: 024_homepage_verified_purge_receipt.sql

      at Object.log [as runMigrations] (src/db.js:1312:42)

  console.log
    [DB] Migration applied: 025_provider_agnostic_knowledge_registry.sql

      at Object.log [as runMigrations] (src/db.js:1312:42)

  console.log
    [DB] Migration applied: 026_canonical_knowledge_review_publication.sql

      at Object.log [as runMigrations] (src/db.js:1312:42)

  console.log
    [DB] Migration applied: 027_canonical_knowledge_audit_graph_authority.sql

      at Object.log [as runMigrations] (src/db.js:1312:42)

  console.log
    [DB] Migration applied: 028_canonical_knowledge_immutable_lifecycle.sql

      at Object.log [as runMigrations] (src/db.js:1312:42)

  console.log
    [DB] Migration applied: 029_canonical_knowledge_transactional_sync.sql

      at Object.log [as runMigrations] (src/db.js:1312:42)

  console.log
    [DB] Migration applied: 030_canonical_knowledge_sync_revocation.sql

      at Object.log [as runMigrations] (src/db.js:1312:42)

  console.log
    [DB] Migration applied: 031_canonical_knowledge_sync_recovery_lifecycle.sql

      at Object.log [as runMigrations] (src/db.js:1312:42)

  console.log
    [DB] Migration applied: 032_canonical_schedule_assignment_authority.sql

      at Object.log [as runMigrations] (src/db.js:1312:42)

  console.log
    [DB] Migration applied: 033_canonical_schedule_time_evidence.sql

      at Object.log [as runMigrations] (src/db.js:1312:42)

  console.log
    [DB] Migration applied: 034_schedule_availability_conflict_authority.sql

      at Object.log [as runMigrations] (src/db.js:1312:42)

  console.log
    [DB] Migration applied: 035_schedule_human_preview_approval.sql

      at Object.log [as runMigrations] (src/db.js:1312:42)

  console.error
    [DB] PostgreSQL initialization failed: Runtime database session is not in origin replication mode

      1350 |   } catch (error) {
      1351 |     readinessFailure = 'postgres_initialization_failed';
    > 1352 |     console.error('[DB] PostgreSQL initialization failed:', error.message);
           |             ^
      1353 |     dbAvailable = false;
      1354 |     return false;
      1355 |   } finally {

      at Object.error [as initDatabase] (src/db.js:1352:13)
      at Object.<anonymous> (tests/integration/m21-part6-knowledge-synchronization-postgres.test.js:533:14)

  console.error
    [DB] PostgreSQL initialization failed: Migration run failed: Runtime database role owns or can create in an application schema

      1350 |   } catch (error) {
      1351 |     readinessFailure = 'postgres_initialization_failed';
    > 1352 |     console.error('[DB] PostgreSQL initialization failed:', error.message);
           |             ^
      1353 |     dbAvailable = false;
      1354 |     return false;
      1355 |   } finally {

      at Object.error [as initDatabase] (src/db.js:1352:13)
      at Object.<anonymous> (tests/integration/m21-part6-knowledge-synchronization-postgres.test.js:586:14)

  console.log
    [DB] Migration applied: 001_initial_schema.sql

      at log (src/db.js:1312:42)

  console.log
    [DB] Migration applied: 002_seed_data.sql

      at log (src/db.js:1312:42)

  console.log
    [DB] Migration applied: 003_voice_sessions.sql

      at log (src/db.js:1312:42)

  console.log
    [DB] Migration applied: 004_canonical_persistence_v2.sql

      at log (src/db.js:1312:42)

  console.log
    [DB] Migration applied: 005_canonical_organization_authority.sql

      at log (src/db.js:1312:42)

  console.log
    [DB] Migration applied: 006_canonical_voice_sessions.sql

      at log (src/db.js:1312:42)

  console.log
    [DB] Migration applied: 007_canonical_tax_authority.sql

      at log (src/db.js:1312:42)

  console.log
    [DB] Migration applied: 008_canonical_demo_authority.sql

      at log (src/db.js:1312:42)

  console.log
    [DB] Migration applied: 009_canonical_voice_provider_identity.sql

      at log (src/db.js:1312:42)

  console.log
    [DB] Migration applied: 010_account_session_authority.sql

      at log (src/db.js:1312:42)

  console.log
    [DB] Migration applied: 011_oauth_authorization_states.sql

      at log (src/db.js:1312:42)

  console.log
    [DB] Migration applied: 012_account_verification_trial.sql

      at log (src/db.js:1312:42)

  console.log
    [DB] Migration applied: 015_workforce_authority.sql

      at log (src/db.js:1312:42)

  console.log
    [DB] Migration applied: 016_tenant_asset_catalogue.sql

      at log (src/db.js:1312:42)

  console.log
    [DB] Migration applied: 017_retell_webhook_replay_authority.sql

      at log (src/db.js:1312:42)

  console.log
    [DB] Migration applied: 018_canonical_map_preferences.sql

      at log (src/db.js:1312:42)

  console.log
    [DB] Migration applied: 019_account_email_outbox.sql

      at log (src/db.js:1312:42)

  console.log
    [DB] Migration applied: 020_canonical_workforce_access_roles.sql

      at log (src/db.js:1312:42)

  console.log
    [DB] Migration applied: 021_bounded_api_observability.sql

      at log (src/db.js:1312:42)

  console.log
    [DB] Migration applied: 022_demo_command_center_sessions.sql

      at log (src/db.js:1312:42)

  console.log
    [DB] Migration applied: 023_homepage_demo_admission.sql

      at log (src/db.js:1312:42)

  console.log
    [DB] Migration applied: 024_homepage_verified_purge_receipt.sql

      at log (src/db.js:1312:42)

  console.log
    [DB] Migration applied: 025_provider_agnostic_knowledge_registry.sql

      at log (src/db.js:1312:42)

  console.log
    [DB] Migration applied: 026_canonical_knowledge_review_publication.sql

      at log (src/db.js:1312:42)

  console.log
    [DB] Migration applied: 027_canonical_knowledge_audit_graph_authority.sql

      at log (src/db.js:1312:42)

  console.log
    [DB] Migration applied: 028_canonical_knowledge_immutable_lifecycle.sql

      at log (src/db.js:1312:42)

  console.log
    [DB] Migration applied: 029_canonical_knowledge_transactional_sync.sql

      at log (src/db.js:1312:42)

  console.log
    [DB] Migration applied: 030_canonical_knowledge_sync_revocation.sql

      at log (src/db.js:1312:42)

  console.log
    [DB] Migration applied: 031_canonical_knowledge_sync_recovery_lifecycle.sql

      at log (src/db.js:1312:42)

  console.log
    [DB] Migration applied: 032_canonical_schedule_assignment_authority.sql

      at log (src/db.js:1312:42)

  console.log
    [DB] Migration applied: 033_canonical_schedule_time_evidence.sql

      at log (src/db.js:1312:42)

  console.log
    [DB] Migration applied: 034_schedule_availability_conflict_authority.sql

      at log (src/db.js:1312:42)

  console.log
    [DB] Migration applied: 035_schedule_human_preview_approval.sql

      at log (src/db.js:1312:42)

  console.log
    [DB] Migration applied: 001_initial_schema.sql

      at log (src/db.js:1312:42)

  console.log
    [DB] Migration applied: 002_seed_data.sql

      at log (src/db.js:1312:42)

  console.log
    [DB] Migration applied: 003_voice_sessions.sql

      at log (src/db.js:1312:42)

  console.log
    [DB] Migration applied: 004_canonical_persistence_v2.sql

      at log (src/db.js:1312:42)

  console.log
    [DB] Migration applied: 005_canonical_organization_authority.sql

      at log (src/db.js:1312:42)

  console.log
    [DB] Migration applied: 006_canonical_voice_sessions.sql

      at log (src/db.js:1312:42)

  console.log
    [DB] Migration applied: 007_canonical_tax_authority.sql

      at log (src/db.js:1312:42)

  console.log
    [DB] Migration applied: 008_canonical_demo_authority.sql

      at log (src/db.js:1312:42)

  console.log
    [DB] Migration applied: 009_canonical_voice_provider_identity.sql

      at log (src/db.js:1312:42)

  console.log
    [DB] Migration applied: 010_account_session_authority.sql

      at log (src/db.js:1312:42)

  console.log
    [DB] Migration applied: 011_oauth_authorization_states.sql

      at log (src/db.js:1312:42)

  console.log
    [DB] Migration applied: 012_account_verification_trial.sql

      at log (src/db.js:1312:42)

  console.log
    [DB] Migration applied: 015_workforce_authority.sql

      at log (src/db.js:1312:42)

  console.log
    [DB] Migration applied: 016_tenant_asset_catalogue.sql

      at log (src/db.js:1312:42)

  console.log
    [DB] Migration applied: 017_retell_webhook_replay_authority.sql

      at log (src/db.js:1312:42)

  console.log
    [DB] Migration applied: 018_canonical_map_preferences.sql

      at log (src/db.js:1312:42)

  console.log
    [DB] Migration applied: 019_account_email_outbox.sql

      at log (src/db.js:1312:42)

  console.log
    [DB] Migration applied: 020_canonical_workforce_access_roles.sql

      at log (src/db.js:1312:42)

  console.log
    [DB] Migration applied: 021_bounded_api_observability.sql

      at log (src/db.js:1312:42)

  console.log
    [DB] Migration applied: 022_demo_command_center_sessions.sql

      at log (src/db.js:1312:42)

  console.log
    [DB] Migration applied: 023_homepage_demo_admission.sql

      at log (src/db.js:1312:42)

  console.log
    [DB] Migration applied: 024_homepage_verified_purge_receipt.sql

      at log (src/db.js:1312:42)

  console.log
    [DB] Migration applied: 025_provider_agnostic_knowledge_registry.sql

      at log (src/db.js:1312:42)

  console.log
    [DB] Migration applied: 026_canonical_knowledge_review_publication.sql

      at log (src/db.js:1312:42)

  console.log
    [DB] Migration applied: 027_canonical_knowledge_audit_graph_authority.sql

      at log (src/db.js:1312:42)

  console.log
    [DB] Migration applied: 028_canonical_knowledge_immutable_lifecycle.sql

      at log (src/db.js:1312:42)

  console.log
    [DB] Migration applied: 029_canonical_knowledge_transactional_sync.sql

      at log (src/db.js:1312:42)

  console.log
    [DB] Migration applied: 030_canonical_knowledge_sync_revocation.sql

      at log (src/db.js:1312:42)

  console.log
    [DB] Migration applied: 031_canonical_knowledge_sync_recovery_lifecycle.sql

      at log (src/db.js:1312:42)

  console.log
    [DB] Migration applied: 032_canonical_schedule_assignment_authority.sql

      at log (src/db.js:1312:42)

  console.log
    [DB] Migration applied: 033_canonical_schedule_time_evidence.sql

      at log (src/db.js:1312:42)

  console.log
    [DB] Migration applied: 034_schedule_availability_conflict_authority.sql

      at log (src/db.js:1312:42)

  console.log
    [DB] Migration applied: 035_schedule_human_preview_approval.sql

      at log (src/db.js:1312:42)

  console.info
    {
      component: 'http',
      event: 'request_completed',
      requestId: 'f5f4474a-c479-4f02-aefd-cc03068d9dcf',
      methodClass: 'GET',
      durationMs: 1,
      statusCode: 200
    }

      at write (src/observability/safeLogger.js:178:17)

  console.info
    {
      component: 'http',
      event: 'request_completed',
      requestId: '41b05817-36ab-4240-b759-b03bc85b587a',
      methodClass: 'GET',
      durationMs: 0,
      statusCode: 200
    }

      at write (src/observability/safeLogger.js:178:17)

  console.info
    {
      component: 'http',
      event: 'request_completed',
      requestId: '6869eb0b-0de8-445c-b1e2-34c6faea77d5',
      methodClass: 'POST',
      durationMs: 2,
      statusCode: 404
    }

      at write (src/observability/safeLogger.js:178:17)

  console.info
    {
      component: 'http',
      event: 'request_completed',
      requestId: '89e80838-ce7b-46eb-a230-97f4914407ca',
      methodClass: 'POST',
      durationMs: 1,
      statusCode: 404
    }

      at write (src/observability/safeLogger.js:178:17)

  console.info
    {
      component: 'http',
      event: 'request_completed',
      requestId: '76b3cd27-1e52-4ce3-9f75-24bf39d26220',
      methodClass: 'POST',
      durationMs: 1,
      statusCode: 404
    }

      at write (src/observability/safeLogger.js:178:17)

  console.info
    {
      component: 'http',
      event: 'request_completed',
      requestId: 'eedb7f2a-51b8-4a81-a816-f4b1292cf24b',
      methodClass: 'POST',
      durationMs: 1,
      statusCode: 404
    }

      at write (src/observability/safeLogger.js:178:17)

  console.info
    {
      component: 'http',
      event: 'request_completed',
      requestId: '5bb78cb4-ca4c-41a8-a720-06605f13ff73',
      methodClass: 'POST',
      durationMs: 1,
      statusCode: 401
    }

      at write (src/observability/safeLogger.js:178:17)

  console.info
    {
      component: 'http',
      event: 'request_completed',
      requestId: 'ae434065-2c9d-492c-a345-23bcc8525efc',
      methodClass: 'POST',
      durationMs: 0,
      statusCode: 401
    }

      at write (src/observability/safeLogger.js:178:17)

  console.info
    {
      component: 'http',
      event: 'request_completed',
      requestId: '0652b7e9-8575-4d7f-a786-5ace32b7fe29',
      methodClass: 'POST',
      durationMs: 1,
      statusCode: 401
    }

      at write (src/observability/safeLogger.js:178:17)

  console.info
    {
      component: 'http',
      event: 'request_completed',
      requestId: 'b6958b1d-39c9-463b-a666-c43377e8e3f5',
      methodClass: 'POST',
      durationMs: 0,
      statusCode: 401
    }

      at write (src/observability/safeLogger.js:178:17)

  console.info
    {
      component: 'http',
      event: 'request_completed',
      requestId: '61c4fdeb-968a-48b5-9c2c-b1dccc003259',
      methodClass: 'POST',
      durationMs: 0,
      statusCode: 401
    }

      at write (src/observability/safeLogger.js:178:17)

  console.info
    {
      component: 'http',
      event: 'request_completed',
      requestId: '3a79bc9c-e17d-43a9-8c1f-0c8ca70cc237',
      methodClass: 'POST',
      durationMs: 1,
      statusCode: 401
    }

      at write (src/observability/safeLogger.js:178:17)

  console.info
    {
      component: 'http',
      event: 'request_completed',
      requestId: '58894884-5e96-49bb-b549-148ee3b13311',
      methodClass: 'POST',
      durationMs: 1,
      statusCode: 401
    }

      at write (src/observability/safeLogger.js:178:17)

  console.info
    {
      component: 'http',
      event: 'request_completed',
      requestId: '8f3c3adc-9c9d-4a06-825e-427d0c606484',
      methodClass: 'POST',
      durationMs: 0,
      statusCode: 401
    }

      at write (src/observability/safeLogger.js:178:17)

  console.info
    {
      component: 'http',
      event: 'request_completed',
      requestId: '527e1318-d6cc-4b6f-8e08-a230d2f83b7e',
      methodClass: 'POST',
      durationMs: 0,
      statusCode: 401
    }

      at write (src/observability/safeLogger.js:178:17)

  console.info
    {
      component: 'http',
      event: 'request_completed',
      requestId: '51d25d8d-59a2-4a50-8238-8b2ffa0c8830',
      methodClass: 'POST',
      durationMs: 1,
      statusCode: 401
    }

      at write (src/observability/safeLogger.js:178:17)

  console.warn
    {
      component: 'voice',
      event: 'timestamp_outside_window',
      clockSkewMs: 360101
    }

      176 |     ...safeFields(fields),
      177 |   };
    > 178 |   console[level](record);
          |                 ^
      179 |   return record;
      180 | }
      181 |

      at write (src/observability/safeLogger.js:178:17)
      at Object.write [as warn] (src/observability/safeLogger.js:187:10)
      at warn (src/voice/webhook.js:212:16)
      at validateTimestamp (src/voice/webhook.js:432:10)
      at handleSignedWebhook (src/voice/webhook.js:541:10)
      at Layer.handle [as handle_request] (../m22-part3-route-writer/node_modules/express/lib/router/layer.js:95:5)
      at next (../m22-part3-route-writer/node_modules/express/lib/router/route.js:149:13)
      at ../m22-part3-route-writer/node_modules/body-parser/lib/read.js:137:5
      at invokeCallback (../m22-part3-route-writer/node_modules/raw-body/index.js:238:16)
      at done (../m22-part3-route-writer/node_modules/raw-body/index.js:227:7)
      at IncomingMessage.onEnd (../m22-part3-route-writer/node_modules/raw-body/index.js:287:7)

  console.info
    {
      component: 'http',
      event: 'request_completed',
      requestId: 'bf2e9ee4-3f9a-4c6b-b810-efa65881c1a5',
      methodClass: 'POST',
      durationMs: 7,
      statusCode: 400
    }

      at write (src/observability/safeLogger.js:178:17)

  console.warn
    {
      component: 'voice',
      event: 'timestamp_outside_window',
      clockSkewMs: 359906
    }

      176 |     ...safeFields(fields),
      177 |   };
    > 178 |   console[level](record);
          |                 ^
      179 |   return record;
      180 | }
      181 |

      at write (src/observability/safeLogger.js:178:17)
      at Object.write [as warn] (src/observability/safeLogger.js:187:10)
      at warn (src/voice/webhook.js:212:16)
      at validateTimestamp (src/voice/webhook.js:432:10)
      at handleSignedWebhook (src/voice/webhook.js:541:10)
      at Layer.handle [as handle_request] (../m22-part3-route-writer/node_modules/express/lib/router/layer.js:95:5)
      at next (../m22-part3-route-writer/node_modules/express/lib/router/route.js:149:13)
      at ../m22-part3-route-writer/node_modules/body-parser/lib/read.js:137:5
      at invokeCallback (../m22-part3-route-writer/node_modules/raw-body/index.js:238:16)
      at done (../m22-part3-route-writer/node_modules/raw-body/index.js:227:7)
      at IncomingMessage.onEnd (../m22-part3-route-writer/node_modules/raw-body/index.js:287:7)

  console.info
    {
      component: 'http',
      event: 'request_completed',
      requestId: 'e904cfef-4964-4367-85ca-459ed0639c33',
      methodClass: 'POST',
      durationMs: 4,
      statusCode: 400
    }

      at write (src/observability/safeLogger.js:178:17)

  console.info
    {
      component: 'http',
      event: 'request_completed',
      requestId: 'ccf255a3-21a4-47bb-9460-9cfc1c64eeb0',
      methodClass: 'POST',
      durationMs: 0,
      statusCode: 400
    }

      at write (src/observability/safeLogger.js:178:17)

  console.info
    {
      component: 'http',
      event: 'request_completed',
      requestId: '719a60e6-3115-42f1-a830-2999f92b9a83',
      methodClass: 'POST',
      durationMs: 0,
      statusCode: 401
    }

      at write (src/observability/safeLogger.js:178:17)

  console.warn
    {
      component: 'voice',
      event: 'signature_validation_unavailable',
      configured: false
    }

      176 |     ...safeFields(fields),
      177 |   };
    > 178 |   console[level](record);
          |                 ^
      179 |   return record;
      180 | }
      181 |

      at write (src/observability/safeLogger.js:178:17)
      at Object.write [as warn] (src/observability/safeLogger.js:187:10)
      at warn (src/voice/webhook.js:167:16)
      at validateSignature (src/voice/webhook.js:436:10)
      at handleSignedWebhook (src/voice/webhook.js:541:10)
      at Layer.handle [as handle_request] (../m22-part3-route-writer/node_modules/express/lib/router/layer.js:95:5)
      at next (../m22-part3-route-writer/node_modules/express/lib/router/route.js:149:13)
      at ../m22-part3-route-writer/node_modules/body-parser/lib/read.js:137:5
      at invokeCallback (../m22-part3-route-writer/node_modules/raw-body/index.js:238:16)
      at done (../m22-part3-route-writer/node_modules/raw-body/index.js:227:7)
      at IncomingMessage.onEnd (../m22-part3-route-writer/node_modules/raw-body/index.js:287:7)

  console.info
    {
      component: 'http',
      event: 'request_completed',
      requestId: '3fd0e5d3-4419-4307-81ca-0fc6231af5a9',
      methodClass: 'POST',
      durationMs: 2,
      statusCode: 401
    }

      at write (src/observability/safeLogger.js:178:17)

  console.info
    {
      component: 'http',
      event: 'request_completed',
      requestId: '8a5c2656-7a08-4418-b6b7-a5a7ff8f914c',
      methodClass: 'POST',
      durationMs: 7,
      statusCode: 400
    }

      at write (src/observability/safeLogger.js:178:17)

  console.info
    {
      component: 'http',
      event: 'request_completed',
      requestId: '24850029-9591-46f9-b604-f1d8d82aed17',
      methodClass: 'POST',
      durationMs: 3,
      statusCode: 400
    }

      at write (src/observability/safeLogger.js:178:17)

  console.info
    {
      component: 'http',
      event: 'request_completed',
      requestId: '311c4117-d050-48ab-8806-edf9c74b0f82',
      methodClass: 'POST',
      durationMs: 7,
      statusCode: 400
    }

      at write (src/observability/safeLogger.js:178:17)

  console.info
    {
      component: 'http',
      event: 'request_completed',
      requestId: '5a876c03-9ed3-4136-aab5-6cead9776c5e',
      methodClass: 'POST',
      durationMs: 3,
      statusCode: 400
    }

      at write (src/observability/safeLogger.js:178:17)

  console.info
    {
      component: 'http',
      event: 'request_completed',
      requestId: '51279040-cfa9-4324-8df6-8aa095111146',
      methodClass: 'POST',
      durationMs: 3,
      statusCode: 400
    }

      at write (src/observability/safeLogger.js:178:17)

  console.info
    {
      component: 'http',
      event: 'request_completed',
      requestId: '782fae1b-b28c-409e-aa02-878e98e454a9',
      methodClass: 'POST',
      durationMs: 4,
      statusCode: 400
    }

      at write (src/observability/safeLogger.js:178:17)

  console.info
    {
      component: 'http',
      event: 'request_completed',
      requestId: '28feee55-af2a-48cf-8a5b-7bbe3bf519fe',
      methodClass: 'POST',
      durationMs: 4,
      statusCode: 415
    }

      at write (src/observability/safeLogger.js:178:17)

  console.info
    {
      component: 'http',
      event: 'request_completed',
      requestId: 'd6151b08-fcaf-4290-92af-fd642616d8bf',
      methodClass: 'POST',
      durationMs: 3,
      statusCode: 415
    }

      at write (src/observability/safeLogger.js:178:17)

  console.info
    { component: 'voice', event: 'webhook_event_received', routed: true }

      at write (src/observability/safeLogger.js:178:17)

  console.info
    {
      component: 'http',
      event: 'request_completed',
      requestId: '895e53e0-20e1-4d09-8674-602140ef8343',
      methodClass: 'POST',
      durationMs: 16,
      statusCode: 400
    }

      at write (src/observability/safeLogger.js:178:17)

  console.info
    { component: 'voice', event: 'webhook_event_received', routed: true }

      at write (src/observability/safeLogger.js:178:17)

  console.info
    {
      component: 'http',
      event: 'request_completed',
      requestId: 'f89e7578-0b48-489f-a318-4cc786dec265',
      methodClass: 'POST',
      durationMs: 5,
      statusCode: 400
    }

      at write (src/observability/safeLogger.js:178:17)

  console.error
    {
      component: 'http',
      event: 'request_failed',
      requestId: '153c779c-0bf2-4a91-8982-f99cf8177443',
      methodClass: 'POST',
      statusCode: 413
    }

      176 |     ...safeFields(fields),
      177 |   };
    > 178 |   console[level](record);
          |                 ^
      179 |   return record;
      180 | }
      181 |

      at write (src/observability/safeLogger.js:178:17)
      at Object.write (src/observability/safeLogger.js:191:10)
      at error (src/middleware/errorHandler.js:22:14)
      at Layer.handle_error (../m22-part3-route-writer/node_modules/express/lib/router/layer.js:71:5)
      at trim_prefix (../m22-part3-route-writer/node_modules/express/lib/router/index.js:326:13)
      at ../m22-part3-route-writer/node_modules/express/lib/router/index.js:286:9
      at router.process_params (../m22-part3-route-writer/node_modules/express/lib/router/index.js:346:12)
      at next (../m22-part3-route-writer/node_modules/express/lib/router/index.js:280:10)
      at Layer.handle_error (../m22-part3-route-writer/node_modules/express/lib/router/layer.js:67:12)
      at trim_prefix (../m22-part3-route-writer/node_modules/express/lib/router/index.js:326:13)
      at ../m22-part3-route-writer/node_modules/express/lib/router/index.js:286:9
      at router.process_params (../m22-part3-route-writer/node_modules/express/lib/router/index.js:346:12)
      at next (../m22-part3-route-writer/node_modules/express/lib/router/index.js:280:10)
      at Layer.handle_error (../m22-part3-route-writer/node_modules/express/lib/router/layer.js:67:12)
      at trim_prefix (../m22-part3-route-writer/node_modules/express/lib/router/index.js:326:13)
      at ../m22-part3-route-writer/node_modules/express/lib/router/index.js:286:9
      at router.process_params (../m22-part3-route-writer/node_modules/express/lib/router/index.js:346:12)
      at next (../m22-part3-route-writer/node_modules/express/lib/router/index.js:280:10)
      at Layer.handle_error (../m22-part3-route-writer/node_modules/express/lib/router/layer.js:67:12)
      at trim_prefix (../m22-part3-route-writer/node_modules/express/lib/router/index.js:326:13)
      at ../m22-part3-route-writer/node_modules/express/lib/router/index.js:286:9
      at router.process_params (../m22-part3-route-writer/node_modules/express/lib/router/index.js:346:12)
      at next (../m22-part3-route-writer/node_modules/express/lib/router/index.js:280:10)
      at Layer.handle_error (../m22-part3-route-writer/node_modules/express/lib/router/layer.js:67:12)
      at trim_prefix (../m22-part3-route-writer/node_modules/express/lib/router/index.js:326:13)
      at ../m22-part3-route-writer/node_modules/express/lib/router/index.js:286:9
      at router.process_params (../m22-part3-route-writer/node_modules/express/lib/router/index.js:346:12)
      at next (../m22-part3-route-writer/node_modules/express/lib/router/index.js:280:10)
      at Layer.handle_error (../m22-part3-route-writer/node_modules/express/lib/router/layer.js:67:12)
      at trim_prefix (../m22-part3-route-writer/node_modules/express/lib/router/index.js:326:13)
      at ../m22-part3-route-writer/node_modules/express/lib/router/index.js:286:9
      at router.process_params (../m22-part3-route-writer/node_modules/express/lib/router/index.js:346:12)
      at next (../m22-part3-route-writer/node_modules/express/lib/router/index.js:280:10)
      at Layer.handle_error (../m22-part3-route-writer/node_modules/express/lib/router/layer.js:67:12)
      at trim_prefix (../m22-part3-route-writer/node_modules/express/lib/router/index.js:326:13)
      at ../m22-part3-route-writer/node_modules/express/lib/router/index.js:286:9
      at router.process_params (../m22-part3-route-writer/node_modules/express/lib/router/index.js:346:12)
      at next (../m22-part3-route-writer/node_modules/express/lib/router/index.js:280:10)
      at Layer.handle_error (../m22-part3-route-writer/node_modules/express/lib/router/layer.js:67:12)
      at trim_prefix (../m22-part3-route-writer/node_modules/express/lib/router/index.js:326:13)
      at ../m22-part3-route-writer/node_modules/express/lib/router/index.js:286:9
      at router.process_params (../m22-part3-route-writer/node_modules/express/lib/router/index.js:346:12)
      at next (../m22-part3-route-writer/node_modules/express/lib/router/index.js:280:10)
      at Layer.handle_error (../m22-part3-route-writer/node_modules/express/lib/router/layer.js:67:12)
      at trim_prefix (../m22-part3-route-writer/node_modules/express/lib/router/index.js:326:13)
      at ../m22-part3-route-writer/node_modules/express/lib/router/index.js:286:9
      at router.process_params (../m22-part3-route-writer/node_modules/express/lib/router/index.js:346:12)
      at next (../m22-part3-route-writer/node_modules/express/lib/router/index.js:280:10)
      at Layer.handle_error (../m22-part3-route-writer/node_modules/express/lib/router/layer.js:67:12)
      at trim_prefix (../m22-part3-route-writer/node_modules/express/lib/router/index.js:326:13)
      at ../m22-part3-route-writer/node_modules/express/lib/router/index.js:286:9
      at router.process_params (../m22-part3-route-writer/node_modules/express/lib/router/index.js:346:12)
      at next (../m22-part3-route-writer/node_modules/express/lib/router/index.js:280:10)
      at Layer.handle_error (../m22-part3-route-writer/node_modules/express/lib/router/layer.js:67:12)
      at trim_prefix (../m22-part3-route-writer/node_modules/express/lib/router/index.js:326:13)
      at ../m22-part3-route-writer/node_modules/express/lib/router/index.js:286:9
      at router.process_params (../m22-part3-route-writer/node_modules/express/lib/router/index.js:346:12)
      at next (../m22-part3-route-writer/node_modules/express/lib/router/index.js:280:10)
      at ../m22-part3-route-writer/node_modules/express/lib/router/index.js:646:15
      at next (../m22-part3-route-writer/node_modules/express/lib/router/index.js:265:14)
      at next (../m22-part3-route-writer/node_modules/express/lib/router/route.js:141:14)
      at Layer.handle_error (../m22-part3-route-writer/node_modules/express/lib/router/layer.js:67:12)
      at next (../m22-part3-route-writer/node_modules/express/lib/router/route.js:147:13)
      at onfinished (../m22-part3-route-writer/node_modules/body-parser/lib/read.js:102:9)
      at listener (../m22-part3-route-writer/node_modules/on-finished/index.js:170:15)
      at onFinish (../m22-part3-route-writer/node_modules/on-finished/index.js:101:5)
      at callback (../m22-part3-route-writer/node_modules/ee-first/index.js:55:10)
      at IncomingMessage.onevent (../m22-part3-route-writer/node_modules/ee-first/index.js:93:5)

  console.info
    {
      component: 'http',
      event: 'request_completed',
      requestId: '153c779c-0bf2-4a91-8982-f99cf8177443',
      methodClass: 'POST',
      durationMs: 12,
      statusCode: 413
    }

      at write (src/observability/safeLogger.js:178:17)

  console.info
    {
      component: 'http',
      event: 'request_completed',
      requestId: 'c93e1d88-d805-4df2-986f-d064e9c569af',
      methodClass: 'POST',
      durationMs: 3,
      statusCode: 503
    }

      at write (src/observability/safeLogger.js:178:17)

  console.info
    { component: 'voice', event: 'webhook_event_received', routed: true }

      at write (src/observability/safeLogger.js:178:17)

  console.info
    {
      component: 'voice',
      event: 'webhook_event_completed',
      durationMs: 32
    }

      at write (src/observability/safeLogger.js:178:17)

  console.info
    {
      component: 'http',
      event: 'request_completed',
      requestId: '82694482-a652-4382-b1e1-2d84a0690054',
      methodClass: 'POST',
      durationMs: 34,
      statusCode: 201
    }

      at write (src/observability/safeLogger.js:178:17)

  console.info
    {
      component: 'http',
      event: 'request_completed',
      requestId: '5e393206-7f3f-416d-8dcf-e58963a45881',
      methodClass: 'POST',
      durationMs: 2,
      statusCode: 409
    }

      at write (src/observability/safeLogger.js:178:17)

  console.info
    {
      component: 'http',
      event: 'request_completed',
      requestId: 'db5fee91-a654-4a01-a479-6207973ba1bd',
      methodClass: 'POST',
      durationMs: 2,
      statusCode: 409
    }

      at write (src/observability/safeLogger.js:178:17)

  console.info
    { component: 'voice', event: 'webhook_event_received', routed: true }

      at write (src/observability/safeLogger.js:178:17)

  console.info
    {
      component: 'voice',
      event: 'webhook_event_completed',
      durationMs: 25
    }

      at write (src/observability/safeLogger.js:178:17)

  console.info
    {
      component: 'http',
      event: 'request_completed',
      requestId: '2d5cb621-98a0-47a1-8f2c-9bacce2695b9',
      methodClass: 'POST',
      durationMs: 26,
      statusCode: 201
    }

      at write (src/observability/safeLogger.js:178:17)

  console.info
    { component: 'voice', event: 'webhook_event_received', routed: true }

      at write (src/observability/safeLogger.js:178:17)

  console.info
    {
      component: 'voice',
      event: 'webhook_event_completed',
      durationMs: 30
    }

      at write (src/observability/safeLogger.js:178:17)

  console.info
    {
      component: 'http',
      event: 'request_completed',
      requestId: '46d7c588-0f3d-48b8-bbb5-5258b8c958e7',
      methodClass: 'POST',
      durationMs: 31,
      statusCode: 201
    }

      at write (src/observability/safeLogger.js:178:17)

  console.info
    { component: 'voice', event: 'webhook_event_received', routed: true }

      at write (src/observability/safeLogger.js:178:17)

  console.info
    {
      component: 'voice',
      event: 'webhook_event_completed',
      durationMs: 17
    }

      at write (src/observability/safeLogger.js:178:17)

  console.info
    {
      component: 'http',
      event: 'request_completed',
      requestId: '73faed5b-70a6-49f9-9b3d-bef3b92b4054',
      methodClass: 'POST',
      durationMs: 18,
      statusCode: 201
    }

      at write (src/observability/safeLogger.js:178:17)

  console.info
    { component: 'voice', event: 'webhook_event_received', routed: true }

      at write (src/observability/safeLogger.js:178:17)

  console.info
    { component: 'voice', event: 'webhook_event_completed', durationMs: 9 }

      at write (src/observability/safeLogger.js:178:17)

  console.info
    {
      component: 'http',
      event: 'request_completed',
      requestId: 'e4bb1bd1-705f-4fe8-a933-603df381c971',
      methodClass: 'POST',
      durationMs: 10,
      statusCode: 201
    }

      at write (src/observability/safeLogger.js:178:17)

  console.info
    { component: 'voice', event: 'webhook_event_received', routed: true }

      at write (src/observability/safeLogger.js:178:17)

  console.info
    {
      component: 'http',
      event: 'request_completed',
      requestId: '962d7f66-5cc8-4381-8c72-8e1b0af81a48',
      methodClass: 'POST',
      durationMs: 10,
      statusCode: 409
    }

      at write (src/observability/safeLogger.js:178:17)

  console.info
    { component: 'voice', event: 'webhook_event_received', routed: true }

      at write (src/observability/safeLogger.js:178:17)

  console.info
    {
      component: 'voice',
      event: 'webhook_event_completed',
      durationMs: 17
    }

      at write (src/observability/safeLogger.js:178:17)

  console.info
    {
      component: 'http',
      event: 'request_completed',
      requestId: '24de2332-5e33-4792-ac44-e94785ac1560',
      methodClass: 'POST',
      durationMs: 18,
      statusCode: 202
    }

      at write (src/observability/safeLogger.js:178:17)

  console.info
    {
      component: 'http',
      event: 'request_completed',
      requestId: 'c8c819e9-f852-4906-9d49-3031c7a7c301',
      methodClass: 'POST',
      durationMs: 52,
      statusCode: 409
    }

      at write (src/observability/safeLogger.js:178:17)

  console.info
    { component: 'voice', event: 'webhook_event_received', routed: true }

      at write (src/observability/safeLogger.js:178:17)

  console.info
    {
      component: 'voice',
      event: 'webhook_event_completed',
      durationMs: 43
    }

      at write (src/observability/safeLogger.js:178:17)

  console.info
    {
      component: 'http',
      event: 'request_completed',
      requestId: '11316866-32e6-4d07-85af-591ddaf0e414',
      methodClass: 'POST',
      durationMs: 44,
      statusCode: 201
    }

      at write (src/observability/safeLogger.js:178:17)

  console.info
    { component: 'voice', event: 'webhook_event_received', routed: true }

      at write (src/observability/safeLogger.js:178:17)

  console.info
    {
      component: 'voice',
      event: 'webhook_event_completed',
      durationMs: 21
    }

      at write (src/observability/safeLogger.js:178:17)

  console.info
    {
      component: 'http',
      event: 'request_completed',
      requestId: 'f3791682-51b8-4f56-9b16-c3bb4d4e5c0b',
      methodClass: 'POST',
      durationMs: 22,
      statusCode: 201
    }

      at write (src/observability/safeLogger.js:178:17)

  console.info
    { component: 'voice', event: 'webhook_event_received', routed: true }

      at write (src/observability/safeLogger.js:178:17)

  console.info
    { component: 'voice', event: 'webhook_event_received', routed: true }

      at write (src/observability/safeLogger.js:178:17)

  console.info
    {
      component: 'voice',
      event: 'webhook_event_completed',
      durationMs: 147
    }

      at write (src/observability/safeLogger.js:178:17)

  console.info
    {
      component: 'http',
      event: 'request_completed',
      requestId: '75178930-3b5a-479c-b89e-dc863647f301',
      methodClass: 'POST',
      durationMs: 148,
      statusCode: 201
    }

      at write (src/observability/safeLogger.js:178:17)

  console.info
    {
      component: 'voice',
      event: 'webhook_event_completed',
      durationMs: 79
    }

      at write (src/observability/safeLogger.js:178:17)

  console.info
    {
      component: 'http',
      event: 'request_completed',
      requestId: '46a578b7-3eef-4b56-8551-6e9bbc6ffe31',
      methodClass: 'POST',
      durationMs: 80,
      statusCode: 201
    }

      at write (src/observability/safeLogger.js:178:17)

  console.info
    {
      component: 'http',
      event: 'request_completed',
      requestId: '11603013-2293-4d01-a0b7-64c85763d02b',
      methodClass: 'POST',
      durationMs: 4,
      statusCode: 409
    }

      at write (src/observability/safeLogger.js:178:17)

  console.info
    { component: 'voice', event: 'webhook_event_received', routed: true }

      at write (src/observability/safeLogger.js:178:17)

  console.info
    { component: 'voice', event: 'webhook_event_received', routed: true }

      at write (src/observability/safeLogger.js:178:17)

  console.info
    {
      component: 'voice',
      event: 'webhook_event_completed',
      durationMs: 73
    }

      at write (src/observability/safeLogger.js:178:17)

  console.info
    {
      component: 'http',
      event: 'request_completed',
      requestId: 'b7508a9b-4182-48f8-bde8-7c1981fc3725',
      methodClass: 'POST',
      durationMs: 74,
      statusCode: 201
    }

      at write (src/observability/safeLogger.js:178:17)

  console.info
    {
      component: 'voice',
      event: 'webhook_event_completed',
      durationMs: 42
    }

      at write (src/observability/safeLogger.js:178:17)

  console.info
    {
      component: 'http',
      event: 'request_completed',
      requestId: '65cd92e5-6d1c-49f0-900f-25c00c6af699',
      methodClass: 'POST',
      durationMs: 43,
      statusCode: 201
    }

      at write (src/observability/safeLogger.js:178:17)

  console.info
    {
      component: 'http',
      event: 'request_completed',
      requestId: 'e0c9d21a-48d3-4635-bf7f-901c9e1892df',
      methodClass: 'POST',
      durationMs: 1,
      statusCode: 409
    }

      at write (src/observability/safeLogger.js:178:17)

  console.info
    { component: 'voice', event: 'webhook_event_received', routed: true }

      at write (src/observability/safeLogger.js:178:17)

  console.info
    { component: 'voice', event: 'webhook_event_received', routed: true }

      at write (src/observability/safeLogger.js:178:17)

  console.info
    { component: 'voice', event: 'webhook_event_received', routed: true }

      at write (src/observability/safeLogger.js:178:17)

  console.info
    {
      component: 'voice',
      event: 'webhook_event_completed',
      durationMs: 17
    }

      at write (src/observability/safeLogger.js:178:17)

  console.info
    {
      component: 'http',
      event: 'request_completed',
      requestId: '1b69b3b4-cc80-4499-865b-31b7eaf99a4f',
      methodClass: 'POST',
      durationMs: 18,
      statusCode: 201
    }

      at write (src/observability/safeLogger.js:178:17)

  console.info
    {
      component: 'voice',
      event: 'webhook_event_completed',
      durationMs: 24
    }

      at write (src/observability/safeLogger.js:178:17)

  console.info
    {
      component: 'http',
      event: 'request_completed',
      requestId: 'f1b90e38-a9bc-42a6-b9cc-91748ec30678',
      methodClass: 'POST',
      durationMs: 25,
      statusCode: 201
    }

      at write (src/observability/safeLogger.js:178:17)

  console.info
    {
      component: 'voice',
      event: 'webhook_event_completed',
      durationMs: 59
    }

      at write (src/observability/safeLogger.js:178:17)

  console.info
    {
      component: 'http',
      event: 'request_completed',
      requestId: '587d0a2a-247a-4d0e-9b03-304b12bf3143',
      methodClass: 'POST',
      durationMs: 59,
      statusCode: 201
    }

      at write (src/observability/safeLogger.js:178:17)

  console.info
    { component: 'voice', event: 'webhook_event_received', routed: true }

      at write (src/observability/safeLogger.js:178:17)

  console.info
    {
      component: 'http',
      event: 'request_completed',
      requestId: '748d0b33-0ec0-408f-83b1-6016b6bc58b0',
      methodClass: 'POST',
      durationMs: 6,
      statusCode: 409
    }

      at write (src/observability/safeLogger.js:178:17)

  console.info
    { component: 'voice', event: 'webhook_event_received', routed: true }

      at write (src/observability/safeLogger.js:178:17)

  console.info
    {
      component: 'voice',
      event: 'webhook_event_completed',
      durationMs: 31
    }

      at write (src/observability/safeLogger.js:178:17)

  console.info
    {
      component: 'http',
      event: 'request_completed',
      requestId: '3cb9ba73-51ce-40f4-88c3-ac5ff4b06305',
      methodClass: 'POST',
      durationMs: 32,
      statusCode: 201
    }

      at write (src/observability/safeLogger.js:178:17)

  console.info
    {
      component: 'http',
      event: 'request_completed',
      requestId: '333fe368-1936-43d0-9c85-cbd85777b4dd',
      methodClass: 'POST',
      durationMs: 6,
      statusCode: 409
    }

      at write (src/observability/safeLogger.js:178:17)

  console.info
    { component: 'voice', event: 'webhook_event_received', routed: true }

      at write (src/observability/safeLogger.js:178:17)

  console.info
    {
      component: 'voice',
      event: 'webhook_event_completed',
      durationMs: 23
    }

      at write (src/observability/safeLogger.js:178:17)

  console.info
    {
      component: 'http',
      event: 'request_completed',
      requestId: '80517045-17a8-48b3-9f16-0119142265e8',
      methodClass: 'POST',
      durationMs: 24,
      statusCode: 202
    }

      at write (src/observability/safeLogger.js:178:17)

  console.info
    { component: 'voice', event: 'webhook_event_received', routed: true }

      at write (src/observability/safeLogger.js:178:17)

  console.info
    { component: 'voice', event: 'webhook_event_completed', durationMs: 7 }

      at write (src/observability/safeLogger.js:178:17)

  console.info
    {
      component: 'http',
      event: 'request_completed',
      requestId: 'b382d97c-09c2-4d57-946e-651b6912df3d',
      methodClass: 'POST',
      durationMs: 7,
      statusCode: 202
    }

      at write (src/observability/safeLogger.js:178:17)

  console.info
    { component: 'voice', event: 'webhook_event_received', routed: true }

      at write (src/observability/safeLogger.js:178:17)

  console.info
    {
      component: 'voice',
      event: 'webhook_event_completed',
      durationMs: 56
    }

      at write (src/observability/safeLogger.js:178:17)

  console.info
    {
      component: 'http',
      event: 'request_completed',
      requestId: '0b4d3221-62d4-433d-abb7-510fe5b637ac',
      methodClass: 'POST',
      durationMs: 62,
      statusCode: 202
    }

      at write (src/observability/safeLogger.js:178:17)

  console.info
    { component: 'voice', event: 'webhook_event_received', routed: true }

      at write (src/observability/safeLogger.js:178:17)

  console.info
    {
      component: 'voice',
      event: 'webhook_event_completed',
      durationMs: 12
    }

      at write (src/observability/safeLogger.js:178:17)

  console.info
    {
      component: 'http',
      event: 'request_completed',
      requestId: 'f1237376-9ce8-49fe-8d9f-698aac210cc8',
      methodClass: 'POST',
      durationMs: 13,
      statusCode: 202
    }

      at write (src/observability/safeLogger.js:178:17)

  console.info
    { component: 'voice', event: 'webhook_event_received', routed: true }

      at write (src/observability/safeLogger.js:178:17)

  console.info
    {
      component: 'voice',
      event: 'webhook_event_completed',
      durationMs: 10
    }

      at write (src/observability/safeLogger.js:178:17)

  console.info
    {
      component: 'http',
      event: 'request_completed',
      requestId: '4d9aab60-0b7a-41ab-becd-797f3c2437fa',
      methodClass: 'POST',
      durationMs: 10,
      statusCode: 202
    }

      at write (src/observability/safeLogger.js:178:17)

  console.info
    { component: 'voice', event: 'webhook_event_received', routed: true }

      at write (src/observability/safeLogger.js:178:17)

  console.info
    {
      component: 'http',
      event: 'request_completed',
      requestId: '846b6e2f-f55b-41e0-8b42-7b3d68c4e673',
      methodClass: 'POST',
      durationMs: 8,
      statusCode: 503
    }

      at write (src/observability/safeLogger.js:178:17)

  console.info
    { component: 'voice', event: 'webhook_event_received', routed: true }

      at write (src/observability/safeLogger.js:178:17)

  console.info
    {
      component: 'http',
      event: 'request_completed',
      requestId: '64750397-1ded-47f7-8606-2b579045d834',
      methodClass: 'POST',
      durationMs: 28,
      statusCode: 503
    }

      at write (src/observability/safeLogger.js:178:17)

  console.info
    { component: 'voice', event: 'webhook_event_received', routed: true }

      at write (src/observability/safeLogger.js:178:17)

  console.error
    { component: 'voice', event: 'webhook_fatal_error' }

      176 |     ...safeFields(fields),
      177 |   };
    > 178 |   console[level](record);
          |                 ^
      179 |   return record;
      180 | }
      181 |

      at write (src/observability/safeLogger.js:178:17)
      at Object.write (src/observability/safeLogger.js:191:10)
      at error (src/voice/webhook.js:522:16)

  console.info
    {
      component: 'http',
      event: 'request_completed',
      requestId: 'e75d8be9-b5aa-42b2-b21e-1a7e6681169e',
      methodClass: 'POST',
      durationMs: 41,
      statusCode: 503
    }

      at write (src/observability/safeLogger.js:178:17)

  console.info
    { component: 'voice', event: 'webhook_event_received', routed: true }

      at write (src/observability/safeLogger.js:178:17)

  console.error
    { component: 'voice', event: 'webhook_fatal_error' }

      176 |     ...safeFields(fields),
      177 |   };
    > 178 |   console[level](record);
          |                 ^
      179 |   return record;
      180 | }
      181 |

      at write (src/observability/safeLogger.js:178:17)
      at Object.write (src/observability/safeLogger.js:191:10)
      at error (src/voice/webhook.js:522:16)

  console.info
    {
      component: 'http',
      event: 'request_completed',
      requestId: 'b535a0f6-1ac8-4d97-9891-fe1621afaa61',
      methodClass: 'POST',
      durationMs: 18,
      statusCode: 503
    }

      at write (src/observability/safeLogger.js:178:17)

  console.info
    { component: 'voice', event: 'webhook_event_received', routed: true }

      at write (src/observability/safeLogger.js:178:17)

  console.info
    {
      component: 'http',
      event: 'request_completed',
      requestId: 'd4a08174-cba0-479b-838b-b20f6d7ba19b',
      methodClass: 'POST',
      durationMs: 16,
      statusCode: 404
    }

      at write (src/observability/safeLogger.js:178:17)

  console.info
    { component: 'voice', event: 'webhook_event_received', routed: true }

      at write (src/observability/safeLogger.js:178:17)

  console.info
    {
      component: 'http',
      event: 'request_completed',
      requestId: 'c134a44a-ac24-4145-967a-892f14853580',
      methodClass: 'POST',
      durationMs: 6,
      statusCode: 404
    }

      at write (src/observability/safeLogger.js:178:17)

  console.info
    { component: 'voice', event: 'webhook_event_received', routed: true }

      at write (src/observability/safeLogger.js:178:17)

  console.info
    { component: 'voice', event: 'webhook_event_completed', durationMs: 8 }

      at write (src/observability/safeLogger.js:178:17)

  console.info
    {
      component: 'http',
      event: 'request_completed',
      requestId: '303b0667-66ed-48d6-b4a2-15b7f0d6455f',
      methodClass: 'POST',
      durationMs: 8,
      statusCode: 202
    }

      at write (src/observability/safeLogger.js:178:17)

  console.info
    { component: 'voice', event: 'webhook_event_received', routed: true }

      at write (src/observability/safeLogger.js:178:17)

  console.info
    {
      component: 'http',
      event: 'request_completed',
      requestId: '79695f88-5b88-4c76-a643-f1a777eb6895',
      methodClass: 'POST',
      durationMs: 12,
      statusCode: 409
    }

      at write (src/observability/safeLogger.js:178:17)

  console.info
    { component: 'voice', event: 'webhook_event_received', routed: true }

      at write (src/observability/safeLogger.js:178:17)

  console.info
    {
      component: 'http',
      event: 'request_completed',
      requestId: '4244a0d5-4edc-4f7f-9aa3-bb60251b1941',
      methodClass: 'POST',
      durationMs: 13,
      statusCode: 409
    }

      at write (src/observability/safeLogger.js:178:17)

  console.log
    [DB] Migration applied: 001_initial_schema.sql

      at log (src/db.js:1312:42)

  console.log
    [DB] Migration applied: 002_seed_data.sql

      at log (src/db.js:1312:42)

  console.log
    [DB] Migration applied: 003_voice_sessions.sql

      at log (src/db.js:1312:42)

  console.log
    [DB] Migration applied: 004_canonical_persistence_v2.sql

      at log (src/db.js:1312:42)

  console.log
    [DB] Migration applied: 005_canonical_organization_authority.sql

      at log (src/db.js:1312:42)

  console.log
    [DB] Migration applied: 006_canonical_voice_sessions.sql

      at log (src/db.js:1312:42)

  console.log
    [DB] Migration applied: 007_canonical_tax_authority.sql

      at log (src/db.js:1312:42)

  console.log
    [DB] Migration applied: 008_canonical_demo_authority.sql

      at log (src/db.js:1312:42)

  console.log
    [DB] Migration applied: 009_canonical_voice_provider_identity.sql

      at log (src/db.js:1312:42)

  console.log
    [DB] Migration applied: 010_account_session_authority.sql

      at log (src/db.js:1312:42)

  console.log
    [DB] Migration applied: 011_oauth_authorization_states.sql

      at log (src/db.js:1312:42)

  console.log
    [DB] Migration applied: 012_account_verification_trial.sql

      at log (src/db.js:1312:42)

  console.log
    [DB] Migration applied: 015_workforce_authority.sql

      at log (src/db.js:1312:42)

  console.log
    [DB] Migration applied: 016_tenant_asset_catalogue.sql

      at log (src/db.js:1312:42)

  console.log
    [DB] Migration applied: 017_retell_webhook_replay_authority.sql

      at log (src/db.js:1312:42)

  console.log
    [DB] Migration applied: 018_canonical_map_preferences.sql

      at log (src/db.js:1312:42)

  console.log
    [DB] Migration applied: 019_account_email_outbox.sql

      at log (src/db.js:1312:42)

  console.log
    [DB] Migration applied: 020_canonical_workforce_access_roles.sql

      at log (src/db.js:1312:42)

  console.log
    [DB] Migration applied: 021_bounded_api_observability.sql

      at log (src/db.js:1312:42)

  console.log
    [DB] Migration applied: 022_demo_command_center_sessions.sql

      at log (src/db.js:1312:42)

  console.log
    [DB] Migration applied: 023_homepage_demo_admission.sql

      at log (src/db.js:1312:42)

  console.log
    [DB] Migration applied: 024_homepage_verified_purge_receipt.sql

      at log (src/db.js:1312:42)

  console.log
    [DB] Migration applied: 025_provider_agnostic_knowledge_registry.sql

      at log (src/db.js:1312:42)

  console.log
    [DB] Migration applied: 026_canonical_knowledge_review_publication.sql

      at log (src/db.js:1312:42)

  console.log
    [DB] Migration applied: 027_canonical_knowledge_audit_graph_authority.sql

      at log (src/db.js:1312:42)

  console.log
    [DB] Migration applied: 028_canonical_knowledge_immutable_lifecycle.sql

      at log (src/db.js:1312:42)

  console.log
    [DB] Migration applied: 029_canonical_knowledge_transactional_sync.sql

      at log (src/db.js:1312:42)

  console.log
    [DB] Migration applied: 030_canonical_knowledge_sync_revocation.sql

      at log (src/db.js:1312:42)

  console.log
    [DB] Migration applied: 031_canonical_knowledge_sync_recovery_lifecycle.sql

      at log (src/db.js:1312:42)

  console.log
    [DB] Migration applied: 032_canonical_schedule_assignment_authority.sql

      at log (src/db.js:1312:42)

  console.log
    [DB] Migration applied: 033_canonical_schedule_time_evidence.sql

      at log (src/db.js:1312:42)

  console.log
    [DB] Migration applied: 034_schedule_availability_conflict_authority.sql

      at log (src/db.js:1312:42)

  console.log
    [DB] Migration applied: 035_schedule_human_preview_approval.sql

      at log (src/db.js:1312:42)

  console.log
    [DB] Migration applied: 001_initial_schema.sql

      at log (src/db.js:1312:42)

  console.log
    [DB] Migration applied: 002_seed_data.sql

      at log (src/db.js:1312:42)

  console.log
    [DB] Migration applied: 003_voice_sessions.sql

      at log (src/db.js:1312:42)

  console.log
    [DB] Migration applied: 004_canonical_persistence_v2.sql

      at log (src/db.js:1312:42)

  console.log
    [DB] Migration applied: 005_canonical_organization_authority.sql

      at log (src/db.js:1312:42)

  console.log
    [DB] Migration applied: 006_canonical_voice_sessions.sql

      at log (src/db.js:1312:42)

  console.log
    [DB] Migration applied: 007_canonical_tax_authority.sql

      at log (src/db.js:1312:42)

  console.log
    [DB] Migration applied: 008_canonical_demo_authority.sql

      at log (src/db.js:1312:42)

  console.log
    [DB] Migration applied: 009_canonical_voice_provider_identity.sql

      at log (src/db.js:1312:42)

  console.log
    [DB] Migration applied: 010_account_session_authority.sql

      at log (src/db.js:1312:42)

  console.log
    [DB] Migration applied: 011_oauth_authorization_states.sql

      at log (src/db.js:1312:42)

  console.log
    [DB] Migration applied: 012_account_verification_trial.sql

      at log (src/db.js:1312:42)

  console.log
    [DB] Migration applied: 015_workforce_authority.sql

      at log (src/db.js:1312:42)

  console.log
    [DB] Migration applied: 016_tenant_asset_catalogue.sql

      at log (src/db.js:1312:42)

  console.log
    [DB] Migration applied: 017_retell_webhook_replay_authority.sql

      at log (src/db.js:1312:42)

  console.log
    [DB] Migration applied: 018_canonical_map_preferences.sql

      at log (src/db.js:1312:42)

  console.log
    [DB] Migration applied: 019_account_email_outbox.sql

      at log (src/db.js:1312:42)

  console.log
    [DB] Migration applied: 020_canonical_workforce_access_roles.sql

      at log (src/db.js:1312:42)

  console.log
    [DB] Migration applied: 021_bounded_api_observability.sql

      at log (src/db.js:1312:42)

  console.log
    [DB] Migration applied: 022_demo_command_center_sessions.sql

      at log (src/db.js:1312:42)

  console.log
    [DB] Migration applied: 023_homepage_demo_admission.sql

      at log (src/db.js:1312:42)

  console.log
    [DB] Migration applied: 024_homepage_verified_purge_receipt.sql

      at log (src/db.js:1312:42)

  console.log
    [DB] Migration applied: 025_provider_agnostic_knowledge_registry.sql

      at log (src/db.js:1312:42)

  console.log
    [DB] Migration applied: 026_canonical_knowledge_review_publication.sql

      at log (src/db.js:1312:42)

  console.log
    [DB] Migration applied: 027_canonical_knowledge_audit_graph_authority.sql

      at log (src/db.js:1312:42)

  console.log
    [DB] Migration applied: 028_canonical_knowledge_immutable_lifecycle.sql

      at log (src/db.js:1312:42)

  console.log
    [DB] Migration applied: 029_canonical_knowledge_transactional_sync.sql

      at log (src/db.js:1312:42)

  console.log
    [DB] Migration applied: 030_canonical_knowledge_sync_revocation.sql

      at log (src/db.js:1312:42)

  console.log
    [DB] Migration applied: 031_canonical_knowledge_sync_recovery_lifecycle.sql

      at log (src/db.js:1312:42)

  console.log
    [DB] Migration applied: 032_canonical_schedule_assignment_authority.sql

      at log (src/db.js:1312:42)

  console.log
    [DB] Migration applied: 033_canonical_schedule_time_evidence.sql

      at log (src/db.js:1312:42)

  console.log
    [DB] Migration applied: 034_schedule_availability_conflict_authority.sql

      at log (src/db.js:1312:42)

  console.log
    [DB] Migration applied: 035_schedule_human_preview_approval.sql

      at log (src/db.js:1312:42)

  console.log
    [DB] Migration applied: 001_initial_schema.sql

      at Object.log [as runMigrations] (src/db.js:1312:42)

  console.log
    [DB] Migration applied: 002_seed_data.sql

      at Object.log [as runMigrations] (src/db.js:1312:42)

  console.log
    [DB] Migration applied: 003_voice_sessions.sql

      at Object.log [as runMigrations] (src/db.js:1312:42)

  console.log
    [DB] Migration applied: 004_canonical_persistence_v2.sql

      at Object.log [as runMigrations] (src/db.js:1312:42)

  console.log
    [DB] Migration applied: 005_canonical_organization_authority.sql

      at Object.log [as runMigrations] (src/db.js:1312:42)

  console.log
    [DB] Migration applied: 006_canonical_voice_sessions.sql

      at Object.log [as runMigrations] (src/db.js:1312:42)

  console.log
    [DB] Migration applied: 007_canonical_tax_authority.sql

      at Object.log [as runMigrations] (src/db.js:1312:42)

  console.log
    [DB] Migration applied: 008_canonical_demo_authority.sql

      at Object.log [as runMigrations] (src/db.js:1312:42)

  console.log
    [DB] Migration applied: 009_canonical_voice_provider_identity.sql

      at Object.log [as runMigrations] (src/db.js:1312:42)

  console.log
    [DB] Migration applied: 010_account_session_authority.sql

      at Object.log [as runMigrations] (src/db.js:1312:42)

  console.log
    [DB] Migration applied: 011_oauth_authorization_states.sql

      at Object.log [as runMigrations] (src/db.js:1312:42)

  console.log
    [DB] Migration applied: 012_account_verification_trial.sql

      at Object.log [as runMigrations] (src/db.js:1312:42)

  console.log
    [DB] Migration applied: 015_workforce_authority.sql

      at Object.log [as runMigrations] (src/db.js:1312:42)

  console.log
    [DB] Migration applied: 016_tenant_asset_catalogue.sql

      at Object.log [as runMigrations] (src/db.js:1312:42)

  console.log
    [DB] Migration applied: 017_retell_webhook_replay_authority.sql

      at Object.log [as runMigrations] (src/db.js:1312:42)

  console.log
    [DB] Migration applied: 018_canonical_map_preferences.sql

      at Object.log [as runMigrations] (src/db.js:1312:42)

  console.log
    [DB] Migration applied: 019_account_email_outbox.sql

      at Object.log [as runMigrations] (src/db.js:1312:42)

  console.log
    [DB] Migration applied: 020_canonical_workforce_access_roles.sql

      at Object.log [as runMigrations] (src/db.js:1312:42)

  console.log
    [DB] Migration applied: 021_bounded_api_observability.sql

      at Object.log [as runMigrations] (src/db.js:1312:42)

  console.log
    [DB] Migration applied: 022_demo_command_center_sessions.sql

      at Object.log [as runMigrations] (src/db.js:1312:42)

  console.log
    [DB] Migration applied: 023_homepage_demo_admission.sql

      at Object.log [as runMigrations] (src/db.js:1312:42)

  console.log
    [DB] Migration applied: 024_homepage_verified_purge_receipt.sql

      at Object.log [as runMigrations] (src/db.js:1312:42)

  console.log
    [DB] Migration applied: 025_provider_agnostic_knowledge_registry.sql

      at Object.log [as runMigrations] (src/db.js:1312:42)

  console.log
    [DB] Migration applied: 026_canonical_knowledge_review_publication.sql

      at Object.log [as runMigrations] (src/db.js:1312:42)

  console.log
    [DB] Migration applied: 027_canonical_knowledge_audit_graph_authority.sql

      at Object.log [as runMigrations] (src/db.js:1312:42)

  console.log
    [DB] Migration applied: 028_canonical_knowledge_immutable_lifecycle.sql

      at Object.log [as runMigrations] (src/db.js:1312:42)

  console.log
    [DB] Migration applied: 029_canonical_knowledge_transactional_sync.sql

      at Object.log [as runMigrations] (src/db.js:1312:42)

  console.log
    [DB] Migration applied: 030_canonical_knowledge_sync_revocation.sql

      at Object.log [as runMigrations] (src/db.js:1312:42)

  console.log
    [DB] Migration applied: 031_canonical_knowledge_sync_recovery_lifecycle.sql

      at Object.log [as runMigrations] (src/db.js:1312:42)

  console.log
    [DB] Migration applied: 032_canonical_schedule_assignment_authority.sql

      at Object.log [as runMigrations] (src/db.js:1312:42)

  console.log
    [DB] Migration applied: 033_canonical_schedule_time_evidence.sql

      at Object.log [as runMigrations] (src/db.js:1312:42)

  console.log
    [DB] Migration applied: 034_schedule_availability_conflict_authority.sql

      at Object.log [as runMigrations] (src/db.js:1312:42)

  console.log
    [DB] Migration applied: 035_schedule_human_preview_approval.sql

      at Object.log [as runMigrations] (src/db.js:1312:42)

  console.info
    {
      component: 'http',
      event: 'request_completed',
      requestId: '25b187ae-77c6-4dc6-87f2-ff604a994dcb',
      methodClass: 'POST',
      durationMs: 73,
      statusCode: 201
    }

      at write (src/observability/safeLogger.js:178:17)

  console.info
    {
      component: 'http',
      event: 'request_completed',
      requestId: 'bbefb603-d585-4051-becc-3c5be0e1b1e2',
      methodClass: 'POST',
      durationMs: 132,
      statusCode: 200
    }

      at write (src/observability/safeLogger.js:178:17)

  console.info
    {
      component: 'http',
      event: 'request_completed',
      requestId: '3629ee7f-55f7-4516-8c96-f4e022cf88f4',
      methodClass: 'POST',
      durationMs: 117,
      statusCode: 201
    }

      at write (src/observability/safeLogger.js:178:17)

  console.info
    {
      component: 'http',
      event: 'request_completed',
      requestId: '8cb7d6c4-8cb7-44d8-9366-727549ce33eb',
      methodClass: 'POST',
      durationMs: 149,
      statusCode: 200
    }

      at write (src/observability/safeLogger.js:178:17)

  console.info
    {
      component: 'http',
      event: 'request_completed',
      requestId: 'ee0b5152-f4d5-40f6-b5d3-a8c099c10c01',
      methodClass: 'GET',
      durationMs: 21,
      statusCode: 200
    }

      at write (src/observability/safeLogger.js:178:17)

  console.info
    {
      component: 'http',
      event: 'request_completed',
      requestId: 'e18bdb47-ea76-4108-a7a9-ac37be6b2aea',
      methodClass: 'GET',
      durationMs: 5,
      statusCode: 403
    }

      at write (src/observability/safeLogger.js:178:17)

  console.info
    {
      component: 'http',
      event: 'request_completed',
      requestId: 'c3da04c1-db25-4e22-b573-46aa27a994ed',
      methodClass: 'GET',
      durationMs: 4,
      statusCode: 403
    }

      at write (src/observability/safeLogger.js:178:17)

  console.info
    {
      component: 'http',
      event: 'request_completed',
      requestId: 'c8ae1556-c66b-4d00-b4fc-a670bce25b36',
      methodClass: 'GET',
      durationMs: 4,
      statusCode: 403
    }

      at write (src/observability/safeLogger.js:178:17)

  console.info
    {
      component: 'http',
      event: 'request_completed',
      requestId: 'dab6919d-582f-40d3-9a55-f32c742e6d38',
      methodClass: 'GET',
      durationMs: 4,
      statusCode: 403
    }

      at write (src/observability/safeLogger.js:178:17)

  console.info
    {
      component: 'http',
      event: 'request_completed',
      requestId: '41eb71c8-b0cc-4cef-880b-b67b0fc52479',
      methodClass: 'GET',
      durationMs: 4,
      statusCode: 403
    }

      at write (src/observability/safeLogger.js:178:17)

  console.info
    {
      component: 'http',
      event: 'request_completed',
      requestId: 'ffcdaaf0-4c6a-4222-b26d-c3a3879fe848',
      methodClass: 'GET',
      durationMs: 4,
      statusCode: 403
    }

      at write (src/observability/safeLogger.js:178:17)

  console.info
    {
      component: 'http',
      event: 'request_completed',
      requestId: 'aa5fa290-5856-4c62-a19a-ac40ebdbfe3b',
      methodClass: 'GET',
      durationMs: 4,
      statusCode: 403
    }

      at write (src/observability/safeLogger.js:178:17)

  console.info
    {
      component: 'http',
      event: 'request_completed',
      requestId: 'de9fee26-1168-428a-a246-fe543469f50d',
      methodClass: 'GET',
      durationMs: 4,
      statusCode: 403
    }

      at write (src/observability/safeLogger.js:178:17)

  console.info
    {
      component: 'http',
      event: 'request_completed',
      requestId: 'ad1d1a9b-811d-4957-b686-3649f0a77de4',
      methodClass: 'GET',
      durationMs: 4,
      statusCode: 403
    }

      at write (src/observability/safeLogger.js:178:17)

  console.info
    {
      component: 'http',
      event: 'request_completed',
      requestId: '1a2eea50-e77c-4ce7-b766-49f333c6caa7',
      methodClass: 'GET',
      durationMs: 4,
      statusCode: 403
    }

      at write (src/observability/safeLogger.js:178:17)

  console.info
    {
      component: 'http',
      event: 'request_completed',
      requestId: '87104a02-8cd0-444f-9352-8680ff93a7dd',
      methodClass: 'GET',
      durationMs: 4,
      statusCode: 403
    }

      at write (src/observability/safeLogger.js:178:17)

  console.info
    {
      component: 'http',
      event: 'request_completed',
      requestId: '6912abbd-2f64-41b3-a162-d8cfaa3c6d8c',
      methodClass: 'GET',
      durationMs: 6,
      statusCode: 200
    }

      at write (src/observability/safeLogger.js:178:17)

  console.info
    {
      component: 'http',
      event: 'request_completed',
      requestId: '9708275c-4cd3-4e56-9e2e-89349d50e6e3',
      methodClass: 'GET',
      durationMs: 4,
      statusCode: 200
    }

      at write (src/observability/safeLogger.js:178:17)

  console.info
    {
      component: 'http',
      event: 'request_completed',
      requestId: '8fb5e5ff-544e-4bb4-8a77-2fea72fc0901',
      methodClass: 'GET',
      durationMs: 3,
      statusCode: 200
    }

      at write (src/observability/safeLogger.js:178:17)

  console.info
    {
      component: 'http',
      event: 'request_completed',
      requestId: '082b2425-e46b-4f3c-aa8a-93e84b691a20',
      methodClass: 'GET',
      durationMs: 5,
      statusCode: 200
    }

      at write (src/observability/safeLogger.js:178:17)

  console.info
    {
      component: 'http',
      event: 'request_completed',
      requestId: '9a545795-a075-4ae1-8bb0-1d76b5007cb2',
      methodClass: 'GET',
      durationMs: 6,
      statusCode: 200
    }

      at write (src/observability/safeLogger.js:178:17)

  console.info
    {
      component: 'http',
      event: 'request_completed',
      requestId: '8016ab1b-de58-4044-aa8d-bd467529d9ad',
      methodClass: 'GET',
      durationMs: 5,
      statusCode: 200
    }

      at write (src/observability/safeLogger.js:178:17)

  console.info
    {
      component: 'http',
      event: 'request_completed',
      requestId: '7d48867f-6629-44e8-92db-42b9e1a61b8f',
      methodClass: 'GET',
      durationMs: 4,
      statusCode: 200
    }

      at write (src/observability/safeLogger.js:178:17)

  console.info
    {
      component: 'http',
      event: 'request_completed',
      requestId: 'db8c06e7-8137-470a-8f7a-ef4b139ae88a',
      methodClass: 'GET',
      durationMs: 6,
      statusCode: 200
    }

      at write (src/observability/safeLogger.js:178:17)

  console.info
    {
      component: 'http',
      event: 'request_completed',
      requestId: '78b908ec-bedd-4776-a066-2ba22675bd2a',
      methodClass: 'GET',
      durationMs: 2,
      statusCode: 403
    }

      at write (src/observability/safeLogger.js:178:17)

  console.info
    {
      component: 'http',
      event: 'request_completed',
      requestId: 'c66ed6a5-2a1a-4d1d-8de6-0679faf3a44a',
      methodClass: 'GET',
      durationMs: 2,
      statusCode: 403
    }

      at write (src/observability/safeLogger.js:178:17)

  console.info
    {
      component: 'http',
      event: 'request_completed',
      requestId: '1c17c717-ce13-4706-b15f-72d04d5b1fc3',
      methodClass: 'GET',
      durationMs: 2,
      statusCode: 401
    }

      at write (src/observability/safeLogger.js:178:17)

  console.info
    {
      component: 'http',
      event: 'request_completed',
      requestId: '431e7c54-86c6-489d-99b7-5f0098095a34',
      methodClass: 'GET',
      durationMs: 2,
      statusCode: 401
    }

      at write (src/observability/safeLogger.js:178:17)

  console.info
    {
      component: 'http',
      event: 'request_completed',
      requestId: '1808528b-d711-43ca-a555-1a72a4316731',
      methodClass: 'GET',
      durationMs: 17,
      statusCode: 200
    }

      at write (src/observability/safeLogger.js:178:17)

  console.info
    {
      component: 'http',
      event: 'request_completed',
      requestId: '88b94303-9f2f-4d87-b67f-c8d7d9f8ac23',
      methodClass: 'GET',
      durationMs: 3,
      statusCode: 403
    }

      at write (src/observability/safeLogger.js:178:17)

  console.info
    {
      component: 'http',
      event: 'request_completed',
      requestId: 'b42021b4-1b9f-48b7-a76b-f372344f1521',
      methodClass: 'GET',
      durationMs: 18,
      statusCode: 200
    }

      at write (src/observability/safeLogger.js:178:17)

  console.info
    {
      component: 'http',
      event: 'request_completed',
      requestId: '65705b06-24a9-42f7-94df-1656600fc33b',
      methodClass: 'GET',
      durationMs: 16,
      statusCode: 200
    }

      at write (src/observability/safeLogger.js:178:17)

  console.info
    {
      component: 'http',
      event: 'request_completed',
      requestId: 'effbf2a8-8a17-41b2-a664-56ca5a881ba7',
      methodClass: 'GET',
      durationMs: 5,
      statusCode: 200
    }

      at write (src/observability/safeLogger.js:178:17)

  console.info
    {
      component: 'http',
      event: 'request_completed',
      requestId: '4e6b9cd0-7274-47f5-8a87-0de9246b51d6',
      methodClass: 'GET',
      durationMs: 5,
      statusCode: 200
    }

      at write (src/observability/safeLogger.js:178:17)

  console.info
    {
      component: 'http',
      event: 'request_completed',
      requestId: '984e76b3-27b7-4532-87f5-7c7a953da726',
      methodClass: 'GET',
      durationMs: 6,
      statusCode: 403
    }

      at write (src/observability/safeLogger.js:178:17)

  console.info
    {
      component: 'http',
      event: 'request_completed',
      requestId: '52b715f2-b38e-491d-88d6-a34b0eb2985b',
      methodClass: 'GET',
      durationMs: 5,
      statusCode: 403
    }

      at write (src/observability/safeLogger.js:178:17)

  console.info
    {
      component: 'http',
      event: 'request_completed',
      requestId: 'de15c166-0fbf-40d0-83ce-575472829fd4',
      methodClass: 'GET',
      durationMs: 5,
      statusCode: 403
    }

      at write (src/observability/safeLogger.js:178:17)

  console.info
    {
      component: 'http',
      event: 'request_completed',
      requestId: '9c2aa7e3-593f-4b1d-8395-6bcce6974590',
      methodClass: 'GET',
      durationMs: 4,
      statusCode: 403
    }

      at write (src/observability/safeLogger.js:178:17)

  console.info
    {
      component: 'http',
      event: 'request_completed',
      requestId: 'ce63764a-b144-461e-abd2-ca238db64a8a',
      methodClass: 'GET',
      durationMs: 5,
      statusCode: 403
    }

      at write (src/observability/safeLogger.js:178:17)

  console.info
    {
      component: 'http',
      event: 'request_completed',
      requestId: '3ab86927-2f5c-4e20-b99e-6b00fdf01805',
      methodClass: 'GET',
      durationMs: 4,
      statusCode: 403
    }

      at write (src/observability/safeLogger.js:178:17)

  console.info
    {
      component: 'http',
      event: 'request_completed',
      requestId: '2486b4f1-9d7f-42e8-86c8-962c742ef281',
      methodClass: 'GET',
      durationMs: 6,
      statusCode: 403
    }

      at write (src/observability/safeLogger.js:178:17)

  console.info
    {
      component: 'http',
      event: 'request_completed',
      requestId: 'fa58df8d-53e2-45bb-ac77-107d1b28d778',
      methodClass: 'GET',
      durationMs: 4,
      statusCode: 403
    }

      at write (src/observability/safeLogger.js:178:17)

  console.info
    {
      component: 'http',
      event: 'request_completed',
      requestId: '6def421f-1291-4887-bd0a-9155849074b8',
      methodClass: 'GET',
      durationMs: 5,
      statusCode: 403
    }

      at write (src/observability/safeLogger.js:178:17)

  console.info
    {
      component: 'http',
      event: 'request_completed',
      requestId: '0c99faa7-a0cb-4214-b68e-93722372ae53',
      methodClass: 'GET',
      durationMs: 5,
      statusCode: 403
    }

      at write (src/observability/safeLogger.js:178:17)

  console.info
    {
      component: 'http',
      event: 'request_completed',
      requestId: '9f496a70-0ddd-4719-9daf-54fd8e1e9d90',
      methodClass: 'GET',
      durationMs: 5,
      statusCode: 403
    }

      at write (src/observability/safeLogger.js:178:17)

  console.info
    {
      component: 'http',
      event: 'request_completed',
      requestId: '6746862f-fe72-4f83-a79f-b03e8ffe3ae1',
      methodClass: 'GET',
      durationMs: 5,
      statusCode: 403
    }

      at write (src/observability/safeLogger.js:178:17)

  console.info
    {
      component: 'http',
      event: 'request_completed',
      requestId: 'd8084a52-a33b-492d-87bf-27baa988dd89',
      methodClass: 'GET',
      durationMs: 4,
      statusCode: 401
    }

      at write (src/observability/safeLogger.js:178:17)

  console.info
    {
      component: 'http',
      event: 'request_completed',
      requestId: '649fcdd3-10a0-4566-b297-c8e66ad9e331',
      methodClass: 'GET',
      durationMs: 3,
      statusCode: 401
    }

      at write (src/observability/safeLogger.js:178:17)

  console.info
    {
      component: 'http',
      event: 'request_completed',
      requestId: 'e1a02a56-8c8c-42e9-bdba-c713627df048',
      methodClass: 'GET',
      durationMs: 4,
      statusCode: 401
    }

      at write (src/observability/safeLogger.js:178:17)

  console.info
    {
      component: 'http',
      event: 'request_completed',
      requestId: '5b442032-40ed-4b14-8860-7b3205f876fd',
      methodClass: 'GET',
      durationMs: 3,
      statusCode: 401
    }

      at write (src/observability/safeLogger.js:178:17)

  console.info
    {
      component: 'http',
      event: 'request_completed',
      requestId: '9e01bafc-c570-4b18-acdc-d91834c98ce9',
      methodClass: 'GET',
      durationMs: 4,
      statusCode: 401
    }

      at write (src/observability/safeLogger.js:178:17)

  console.info
    {
      component: 'http',
      event: 'request_completed',
      requestId: '5745d380-26cc-4d46-9846-d85b4ad596d9',
      methodClass: 'GET',
      durationMs: 4,
      statusCode: 401
    }

      at write (src/observability/safeLogger.js:178:17)

  console.info
    {
      component: 'http',
      event: 'request_completed',
      requestId: '479f6194-9175-4efb-b846-1074154c43a3',
      methodClass: 'GET',
      durationMs: 4,
      statusCode: 401
    }

      at write (src/observability/safeLogger.js:178:17)

  console.info
    {
      component: 'http',
      event: 'request_completed',
      requestId: '992e6d85-0b1e-43ef-8b56-430d25396137',
      methodClass: 'GET',
      durationMs: 4,
      statusCode: 401
    }

      at write (src/observability/safeLogger.js:178:17)

  console.info
    {
      component: 'http',
      event: 'request_completed',
      requestId: '505579e0-c787-41f4-8e43-59602e7eaf31',
      methodClass: 'GET',
      durationMs: 4,
      statusCode: 401
    }

      at write (src/observability/safeLogger.js:178:17)

  console.info
    {
      component: 'http',
      event: 'request_completed',
      requestId: 'e88a66f6-9f84-4954-9cae-0e2b10e8d51a',
      methodClass: 'GET',
      durationMs: 3,
      statusCode: 401
    }

      at write (src/observability/safeLogger.js:178:17)

  console.info
    {
      component: 'http',
      event: 'request_completed',
      requestId: '8fae9d1e-4ea3-486f-9b2a-f14758d129d0',
      methodClass: 'GET',
      durationMs: 3,
      statusCode: 401
    }

      at write (src/observability/safeLogger.js:178:17)

  console.info
    {
      component: 'http',
      event: 'request_completed',
      requestId: 'bb9c0b2c-6701-41c5-bacf-8a48f880cac2',
      methodClass: 'GET',
      durationMs: 3,
      statusCode: 401
    }

      at write (src/observability/safeLogger.js:178:17)

  console.info
    {
      component: 'http',
      event: 'request_completed',
      requestId: 'ac4ccccf-c94f-4fcb-99d2-da3f7bb8e3e2',
      methodClass: 'GET',
      durationMs: 3,
      statusCode: 403
    }

      at write (src/observability/safeLogger.js:178:17)

  console.info
    {
      component: 'http',
      event: 'request_completed',
      requestId: '6e7a5d3a-b62e-4aae-9be0-886ea8398403',
      methodClass: 'GET',
      durationMs: 4,
      statusCode: 403
    }

      at write (src/observability/safeLogger.js:178:17)

  console.info
    {
      component: 'http',
      event: 'request_completed',
      requestId: '38f9b80a-e496-4a79-b35e-aec80c274be0',
      methodClass: 'GET',
      durationMs: 3,
      statusCode: 401
    }

      at write (src/observability/safeLogger.js:178:17)

  console.info
    {
      component: 'http',
      event: 'request_completed',
      requestId: '6e84fc33-1abf-4eca-818c-689916fa791e',
      methodClass: 'GET',
      durationMs: 5,
      statusCode: 200
    }

      at write (src/observability/safeLogger.js:178:17)

  console.info
    {
      component: 'http',
      event: 'request_completed',
      requestId: '7c34e581-f4cf-4f7d-8f00-3349e2437bfc',
      methodClass: 'GET',
      durationMs: 13,
      statusCode: 200
    }

      at write (src/observability/safeLogger.js:178:17)

  console.info
    {
      component: 'http',
      event: 'request_completed',
      requestId: '0511ae67-463b-4223-bb86-f0a657b84a92',
      methodClass: 'GET',
      durationMs: 13,
      statusCode: 200
    }

      at write (src/observability/safeLogger.js:178:17)

  console.info
    {
      component: 'http',
      event: 'request_completed',
      requestId: '61a798a4-b0bf-4d3e-be7e-03e02f304a24',
      methodClass: 'GET',
      durationMs: 4,
      statusCode: 403
    }

      at write (src/observability/safeLogger.js:178:17)

  console.info
    {
      component: 'http',
      event: 'request_completed',
      requestId: 'd2fe84ad-54fd-4cf4-b261-8787f09920d8',
      methodClass: 'GET',
      durationMs: 6,
      statusCode: 200
    }

      at write (src/observability/safeLogger.js:178:17)

  console.info
    {
      component: 'http',
      event: 'request_completed',
      requestId: '0f1b0e78-38df-464c-b99d-fb44e7b9dd7d',
      methodClass: 'GET',
      durationMs: 14,
      statusCode: 200
    }

      at write (src/observability/safeLogger.js:178:17)

  console.info
    {
      component: 'http',
      event: 'request_completed',
      requestId: '2881ecb0-ca94-4375-84ca-d1f32eeb567f',
      methodClass: 'GET',
      durationMs: 14,
      statusCode: 200
    }

      at write (src/observability/safeLogger.js:178:17)

  console.info
    {
      component: 'http',
      event: 'request_completed',
      requestId: '4a0b94fe-b0e1-4940-b22d-9b45fb54c40e',
      methodClass: 'POST',
      durationMs: 50,
      statusCode: 409
    }

      at write (src/observability/safeLogger.js:178:17)

  console.info
    {
      component: 'http',
      event: 'request_completed',
      requestId: 'a0008a26-af52-455f-b03f-414aa5e70f31',
      methodClass: 'POST',
      durationMs: 59,
      statusCode: 201
    }

      at write (src/observability/safeLogger.js:178:17)

  console.info
    {
      component: 'http',
      event: 'request_completed',
      requestId: '7879625d-371e-4baf-a2bd-a31fe0118d8f',
      methodClass: 'POST',
      durationMs: 82,
      statusCode: 409
    }

      at write (src/observability/safeLogger.js:178:17)

  console.info
    {
      component: 'http',
      event: 'request_completed',
      requestId: '318d08d1-c263-4ea5-b0da-a02c0571e6b5',
      methodClass: 'POST',
      durationMs: 46,
      statusCode: 201
    }

      at write (src/observability/safeLogger.js:178:17)

  console.info
    {
      component: 'http',
      event: 'request_completed',
      requestId: '6523ba46-b50c-4231-a307-b40345f3d8b5',
      methodClass: 'POST',
      durationMs: 78,
      statusCode: 200
    }

      at write (src/observability/safeLogger.js:178:17)

  console.info
    {
      component: 'http',
      event: 'request_completed',
      requestId: 'b7b9a9a7-bd94-472d-8e49-cae68030a750',
      methodClass: 'POST',
      durationMs: 137,
      statusCode: 201
    }

      at write (src/observability/safeLogger.js:178:17)

  console.info
    {
      component: 'http',
      event: 'request_completed',
      requestId: 'b7a48fa7-d5ea-4a63-9375-a296f279978d',
      methodClass: 'POST',
      durationMs: 149,
      statusCode: 200
    }

      at write (src/observability/safeLogger.js:178:17)

  console.info
    {
      component: 'http',
      event: 'request_completed',
      requestId: '188deada-ea1c-49b9-8133-d9b8405f1961',
      methodClass: 'POST',
      durationMs: 145,
      statusCode: 201
    }

      at write (src/observability/safeLogger.js:178:17)

  console.info
    {
      component: 'http',
      event: 'request_completed',
      requestId: 'dbe1fa49-0750-4383-916b-4a917801b74e',
      methodClass: 'POST',
      durationMs: 177,
      statusCode: 200
    }

      at write (src/observability/safeLogger.js:178:17)

  console.info
    {
      component: 'http',
      event: 'request_completed',
      requestId: '60388fa6-37c9-4803-b087-0167a152c729',
      methodClass: 'POST',
      durationMs: 148,
      statusCode: 201
    }

      at write (src/observability/safeLogger.js:178:17)

  console.info
    {
      component: 'http',
      event: 'request_completed',
      requestId: 'd00a7ca6-dece-4554-83f3-94cad3e78bcf',
      methodClass: 'POST',
      durationMs: 176,
      statusCode: 200
    }

      at write (src/observability/safeLogger.js:178:17)

  console.info
    {
      component: 'http',
      event: 'request_completed',
      requestId: '644b64d8-ffc4-4b06-b725-4395a36c2e2b',
      methodClass: 'POST',
      durationMs: 149,
      statusCode: 201
    }

      at write (src/observability/safeLogger.js:178:17)

  console.info
    {
      component: 'http',
      event: 'request_completed',
      requestId: 'b4a1350a-5cc5-448d-aacb-b49c8a6fb48a',
      methodClass: 'POST',
      durationMs: 181,
      statusCode: 200
    }

      at write (src/observability/safeLogger.js:178:17)

  console.info
    {
      component: 'http',
      event: 'request_completed',
      requestId: 'f678e2ef-2d5c-40e3-ad11-a1ebda14a2c5',
      methodClass: 'POST',
      durationMs: 147,
      statusCode: 201
    }

      at write (src/observability/safeLogger.js:178:17)

  console.info
    {
      component: 'http',
      event: 'request_completed',
      requestId: '090313c2-4d6e-4eb2-940a-a7432055ba0b',
      methodClass: 'POST',
      durationMs: 178,
      statusCode: 200
    }

      at write (src/observability/safeLogger.js:178:17)

  console.info
    {
      component: 'http',
      event: 'request_completed',
      requestId: 'a9c9457e-1ff4-4e57-8de5-abef425d7e8d',
      methodClass: 'POST',
      durationMs: 155,
      statusCode: 201
    }

      at write (src/observability/safeLogger.js:178:17)

  console.info
    {
      component: 'http',
      event: 'request_completed',
      requestId: '5d836157-22a5-4fc7-8558-74ef0f5d0715',
      methodClass: 'POST',
      durationMs: 194,
      statusCode: 200
    }

      at write (src/observability/safeLogger.js:178:17)

  console.info
    {
      component: 'http',
      event: 'request_completed',
      requestId: '25ca8518-9321-4586-b9d7-1beb53f9ce1c',
      methodClass: 'POST',
      durationMs: 145,
      statusCode: 201
    }

      at write (src/observability/safeLogger.js:178:17)

  console.info
    {
      component: 'http',
      event: 'request_completed',
      requestId: '6953d403-14a0-4577-b6c1-16064f1d88eb',
      methodClass: 'POST',
      durationMs: 169,
      statusCode: 200
    }

      at write (src/observability/safeLogger.js:178:17)

  console.info
    {
      component: 'http',
      event: 'request_completed',
      requestId: '85721f04-0b79-4d16-b120-5cf50978e727',
      methodClass: 'POST',
      durationMs: 37,
      statusCode: 201
    }

      at write (src/observability/safeLogger.js:178:17)

  console.info
    {
      component: 'http',
      event: 'request_completed',
      requestId: '97818d0c-19cc-4ccf-8781-37c1017cbc71',
      methodClass: 'POST',
      durationMs: 68,
      statusCode: 200
    }

      at write (src/observability/safeLogger.js:178:17)

  console.info
    {
      component: 'http',
      event: 'request_completed',
      requestId: '160d23c6-4c1d-4366-9313-68a525f60775',
      methodClass: 'POST',
      durationMs: 28,
      statusCode: 200
    }

      at write (src/observability/safeLogger.js:178:17)

  console.info
    {
      component: 'http',
      event: 'request_completed',
      requestId: '9aeee955-46a5-4cdb-8dde-4fa56fd7dee6',
      methodClass: 'POST',
      durationMs: 27,
      statusCode: 409
    }

      at write (src/observability/safeLogger.js:178:17)

  console.info
    {
      component: 'http',
      event: 'request_completed',
      requestId: '20aa8e1e-452e-4a25-8c82-a59faed2c373',
      methodClass: 'POST',
      durationMs: 34,
      statusCode: 201
    }

      at write (src/observability/safeLogger.js:178:17)

  console.info
    {
      component: 'http',
      event: 'request_completed',
      requestId: '6a28384a-0ff2-43d5-a494-7f831f3918fa',
      methodClass: 'POST',
      durationMs: 4,
      statusCode: 403
    }

      at write (src/observability/safeLogger.js:178:17)

  console.info
    {
      component: 'http',
      event: 'request_completed',
      requestId: '06de80c3-33fe-415a-9fa3-3b048ad897d6',
      methodClass: 'POST',
      durationMs: 5,
      statusCode: 403
    }

      at write (src/observability/safeLogger.js:178:17)

  console.info
    {
      component: 'http',
      event: 'request_completed',
      requestId: '0f3dc50b-030d-4005-a661-ca035cba00ed',
      methodClass: 'POST',
      durationMs: 3,
      statusCode: 404
    }

      at write (src/observability/safeLogger.js:178:17)

  console.info
    {
      component: 'http',
      event: 'request_completed',
      requestId: 'd0f13450-32af-4ba4-8149-313797268ce8',
      methodClass: 'PATCH',
      durationMs: 2,
      statusCode: 428
    }

      at write (src/observability/safeLogger.js:178:17)

  console.error
    {
      component: 'http',
      event: 'request_failed',
      requestId: 'aba77aa8-1062-4395-aee8-ba4e5f4bb905',
      methodClass: 'POST',
      statusCode: 400
    }

      176 |     ...safeFields(fields),
      177 |   };
    > 178 |   console[level](record);
          |                 ^
      179 |   return record;
      180 | }
      181 |

      at write (src/observability/safeLogger.js:178:17)
      at Object.write (src/observability/safeLogger.js:191:10)
      at error (src/middleware/errorHandler.js:22:14)
      at Layer.handle_error (../m22-part3-route-writer/node_modules/express/lib/router/layer.js:71:5)
      at trim_prefix (../m22-part3-route-writer/node_modules/express/lib/router/index.js:326:13)
      at ../m22-part3-route-writer/node_modules/express/lib/router/index.js:286:9
      at router.process_params (../m22-part3-route-writer/node_modules/express/lib/router/index.js:346:12)
      at next (../m22-part3-route-writer/node_modules/express/lib/router/index.js:280:10)
      at Layer.handle_error (../m22-part3-route-writer/node_modules/express/lib/router/layer.js:67:12)
      at trim_prefix (../m22-part3-route-writer/node_modules/express/lib/router/index.js:326:13)
      at ../m22-part3-route-writer/node_modules/express/lib/router/index.js:286:9
      at router.process_params (../m22-part3-route-writer/node_modules/express/lib/router/index.js:346:12)
      at next (../m22-part3-route-writer/node_modules/express/lib/router/index.js:280:10)
      at Layer.handle_error (../m22-part3-route-writer/node_modules/express/lib/router/layer.js:67:12)
      at trim_prefix (../m22-part3-route-writer/node_modules/express/lib/router/index.js:326:13)
      at ../m22-part3-route-writer/node_modules/express/lib/router/index.js:286:9
      at router.process_params (../m22-part3-route-writer/node_modules/express/lib/router/index.js:346:12)
      at next (../m22-part3-route-writer/node_modules/express/lib/router/index.js:280:10)
      at Layer.handle_error (../m22-part3-route-writer/node_modules/express/lib/router/layer.js:67:12)
      at trim_prefix (../m22-part3-route-writer/node_modules/express/lib/router/index.js:326:13)
      at ../m22-part3-route-writer/node_modules/express/lib/router/index.js:286:9
      at router.process_params (../m22-part3-route-writer/node_modules/express/lib/router/index.js:346:12)
      at next (../m22-part3-route-writer/node_modules/express/lib/router/index.js:280:10)
      at Layer.handle_error (../m22-part3-route-writer/node_modules/express/lib/router/layer.js:67:12)
      at trim_prefix (../m22-part3-route-writer/node_modules/express/lib/router/index.js:326:13)
      at ../m22-part3-route-writer/node_modules/express/lib/router/index.js:286:9
      at router.process_params (../m22-part3-route-writer/node_modules/express/lib/router/index.js:346:12)
      at next (../m22-part3-route-writer/node_modules/express/lib/router/index.js:280:10)
      at Layer.handle_error (../m22-part3-route-writer/node_modules/express/lib/router/layer.js:67:12)
      at trim_prefix (../m22-part3-route-writer/node_modules/express/lib/router/index.js:326:13)
      at ../m22-part3-route-writer/node_modules/express/lib/router/index.js:286:9
      at router.process_params (../m22-part3-route-writer/node_modules/express/lib/router/index.js:346:12)
      at next (../m22-part3-route-writer/node_modules/express/lib/router/index.js:280:10)
      at Layer.handle_error (../m22-part3-route-writer/node_modules/express/lib/router/layer.js:67:12)
      at trim_prefix (../m22-part3-route-writer/node_modules/express/lib/router/index.js:326:13)
      at ../m22-part3-route-writer/node_modules/express/lib/router/index.js:286:9
      at router.process_params (../m22-part3-route-writer/node_modules/express/lib/router/index.js:346:12)
      at next (../m22-part3-route-writer/node_modules/express/lib/router/index.js:280:10)
      at Layer.handle_error (../m22-part3-route-writer/node_modules/express/lib/router/layer.js:67:12)
      at trim_prefix (../m22-part3-route-writer/node_modules/express/lib/router/index.js:326:13)
      at ../m22-part3-route-writer/node_modules/express/lib/router/index.js:286:9
      at router.process_params (../m22-part3-route-writer/node_modules/express/lib/router/index.js:346:12)
      at next (../m22-part3-route-writer/node_modules/express/lib/router/index.js:280:10)
      at Layer.handle_error (../m22-part3-route-writer/node_modules/express/lib/router/layer.js:67:12)
      at trim_prefix (../m22-part3-route-writer/node_modules/express/lib/router/index.js:326:13)
      at ../m22-part3-route-writer/node_modules/express/lib/router/index.js:286:9
      at router.process_params (../m22-part3-route-writer/node_modules/express/lib/router/index.js:346:12)
      at next (../m22-part3-route-writer/node_modules/express/lib/router/index.js:280:10)
      at Layer.handle_error (../m22-part3-route-writer/node_modules/express/lib/router/layer.js:67:12)
      at trim_prefix (../m22-part3-route-writer/node_modules/express/lib/router/index.js:326:13)
      at ../m22-part3-route-writer/node_modules/express/lib/router/index.js:286:9
      at router.process_params (../m22-part3-route-writer/node_modules/express/lib/router/index.js:346:12)
      at next (../m22-part3-route-writer/node_modules/express/lib/router/index.js:280:10)
      at Layer.handle_error (../m22-part3-route-writer/node_modules/express/lib/router/layer.js:67:12)
      at trim_prefix (../m22-part3-route-writer/node_modules/express/lib/router/index.js:326:13)
      at ../m22-part3-route-writer/node_modules/express/lib/router/index.js:286:9
      at router.process_params (../m22-part3-route-writer/node_modules/express/lib/router/index.js:346:12)
      at next (../m22-part3-route-writer/node_modules/express/lib/router/index.js:280:10)
      at Layer.handle_error (../m22-part3-route-writer/node_modules/express/lib/router/layer.js:67:12)
      at trim_prefix (../m22-part3-route-writer/node_modules/express/lib/router/index.js:326:13)
      at ../m22-part3-route-writer/node_modules/express/lib/router/index.js:286:9
      at router.process_params (../m22-part3-route-writer/node_modules/express/lib/router/index.js:346:12)
      at next (../m22-part3-route-writer/node_modules/express/lib/router/index.js:280:10)
      at Layer.handle_error (../m22-part3-route-writer/node_modules/express/lib/router/layer.js:67:12)
      at trim_prefix (../m22-part3-route-writer/node_modules/express/lib/router/index.js:326:13)
      at ../m22-part3-route-writer/node_modules/express/lib/router/index.js:286:9
      at router.process_params (../m22-part3-route-writer/node_modules/express/lib/router/index.js:346:12)
      at next (../m22-part3-route-writer/node_modules/express/lib/router/index.js:280:10)
      at next (src/scheduling/approvalHttpBoundary.js:80:16)
      at ../m22-part3-route-writer/node_modules/body-parser/lib/read.js:137:5
      at invokeCallback (../m22-part3-route-writer/node_modules/raw-body/index.js:238:16)
      at done (../m22-part3-route-writer/node_modules/raw-body/index.js:227:7)
      at IncomingMessage.onEnd (../m22-part3-route-writer/node_modules/raw-body/index.js:287:7)

  console.error
    {
      component: 'http',
      event: 'request_failed',
      requestId: 'b42b7bee-b2b4-4a29-97e5-f7af02e10eb8',
      methodClass: 'POST',
      statusCode: 413
    }

      176 |     ...safeFields(fields),
      177 |   };
    > 178 |   console[level](record);
          |                 ^
      179 |   return record;
      180 | }
      181 |

      at write (src/observability/safeLogger.js:178:17)
      at Object.write (src/observability/safeLogger.js:191:10)
      at error (src/middleware/errorHandler.js:22:14)
      at Layer.handle_error (../m22-part3-route-writer/node_modules/express/lib/router/layer.js:71:5)
      at trim_prefix (../m22-part3-route-writer/node_modules/express/lib/router/index.js:326:13)
      at ../m22-part3-route-writer/node_modules/express/lib/router/index.js:286:9
      at router.process_params (../m22-part3-route-writer/node_modules/express/lib/router/index.js:346:12)
      at next (../m22-part3-route-writer/node_modules/express/lib/router/index.js:280:10)
      at Layer.handle_error (../m22-part3-route-writer/node_modules/express/lib/router/layer.js:67:12)
      at trim_prefix (../m22-part3-route-writer/node_modules/express/lib/router/index.js:326:13)
      at ../m22-part3-route-writer/node_modules/express/lib/router/index.js:286:9
      at router.process_params (../m22-part3-route-writer/node_modules/express/lib/router/index.js:346:12)
      at next (../m22-part3-route-writer/node_modules/express/lib/router/index.js:280:10)
      at Layer.handle_error (../m22-part3-route-writer/node_modules/express/lib/router/layer.js:67:12)
      at trim_prefix (../m22-part3-route-writer/node_modules/express/lib/router/index.js:326:13)
      at ../m22-part3-route-writer/node_modules/express/lib/router/index.js:286:9
      at router.process_params (../m22-part3-route-writer/node_modules/express/lib/router/index.js:346:12)
      at next (../m22-part3-route-writer/node_modules/express/lib/router/index.js:280:10)
      at Layer.handle_error (../m22-part3-route-writer/node_modules/express/lib/router/layer.js:67:12)
      at trim_prefix (../m22-part3-route-writer/node_modules/express/lib/router/index.js:326:13)
      at ../m22-part3-route-writer/node_modules/express/lib/router/index.js:286:9
      at router.process_params (../m22-part3-route-writer/node_modules/express/lib/router/index.js:346:12)
      at next (../m22-part3-route-writer/node_modules/express/lib/router/index.js:280:10)
      at Layer.handle_error (../m22-part3-route-writer/node_modules/express/lib/router/layer.js:67:12)
      at trim_prefix (../m22-part3-route-writer/node_modules/express/lib/router/index.js:326:13)
      at ../m22-part3-route-writer/node_modules/express/lib/router/index.js:286:9
      at router.process_params (../m22-part3-route-writer/node_modules/express/lib/router/index.js:346:12)
      at next (../m22-part3-route-writer/node_modules/express/lib/router/index.js:280:10)
      at Layer.handle_error (../m22-part3-route-writer/node_modules/express/lib/router/layer.js:67:12)
      at trim_prefix (../m22-part3-route-writer/node_modules/express/lib/router/index.js:326:13)
      at ../m22-part3-route-writer/node_modules/express/lib/router/index.js:286:9
      at router.process_params (../m22-part3-route-writer/node_modules/express/lib/router/index.js:346:12)
      at next (../m22-part3-route-writer/node_modules/express/lib/router/index.js:280:10)
      at Layer.handle_error (../m22-part3-route-writer/node_modules/express/lib/router/layer.js:67:12)
      at trim_prefix (../m22-part3-route-writer/node_modules/express/lib/router/index.js:326:13)
      at ../m22-part3-route-writer/node_modules/express/lib/router/index.js:286:9
      at router.process_params (../m22-part3-route-writer/node_modules/express/lib/router/index.js:346:12)
      at next (../m22-part3-route-writer/node_modules/express/lib/router/index.js:280:10)
      at Layer.handle_error (../m22-part3-route-writer/node_modules/express/lib/router/layer.js:67:12)
      at trim_prefix (../m22-part3-route-writer/node_modules/express/lib/router/index.js:326:13)
      at ../m22-part3-route-writer/node_modules/express/lib/router/index.js:286:9
      at router.process_params (../m22-part3-route-writer/node_modules/express/lib/router/index.js:346:12)
      at next (../m22-part3-route-writer/node_modules/express/lib/router/index.js:280:10)
      at Layer.handle_error (../m22-part3-route-writer/node_modules/express/lib/router/layer.js:67:12)
      at trim_prefix (../m22-part3-route-writer/node_modules/express/lib/router/index.js:326:13)
      at ../m22-part3-route-writer/node_modules/express/lib/router/index.js:286:9
      at router.process_params (../m22-part3-route-writer/node_modules/express/lib/router/index.js:346:12)
      at next (../m22-part3-route-writer/node_modules/express/lib/router/index.js:280:10)
      at Layer.handle_error (../m22-part3-route-writer/node_modules/express/lib/router/layer.js:67:12)
      at trim_prefix (../m22-part3-route-writer/node_modules/express/lib/router/index.js:326:13)
      at ../m22-part3-route-writer/node_modules/express/lib/router/index.js:286:9
      at router.process_params (../m22-part3-route-writer/node_modules/express/lib/router/index.js:346:12)
      at next (../m22-part3-route-writer/node_modules/express/lib/router/index.js:280:10)
      at Layer.handle_error (../m22-part3-route-writer/node_modules/express/lib/router/layer.js:67:12)
      at trim_prefix (../m22-part3-route-writer/node_modules/express/lib/router/index.js:326:13)
      at ../m22-part3-route-writer/node_modules/express/lib/router/index.js:286:9
      at router.process_params (../m22-part3-route-writer/node_modules/express/lib/router/index.js:346:12)
      at next (../m22-part3-route-writer/node_modules/express/lib/router/index.js:280:10)
      at Layer.handle_error (../m22-part3-route-writer/node_modules/express/lib/router/layer.js:67:12)
      at trim_prefix (../m22-part3-route-writer/node_modules/express/lib/router/index.js:326:13)
      at ../m22-part3-route-writer/node_modules/express/lib/router/index.js:286:9
      at router.process_params (../m22-part3-route-writer/node_modules/express/lib/router/index.js:346:12)
      at next (../m22-part3-route-writer/node_modules/express/lib/router/index.js:280:10)
      at Layer.handle_error (../m22-part3-route-writer/node_modules/express/lib/router/layer.js:67:12)
      at trim_prefix (../m22-part3-route-writer/node_modules/express/lib/router/index.js:326:13)
      at ../m22-part3-route-writer/node_modules/express/lib/router/index.js:286:9
      at router.process_params (../m22-part3-route-writer/node_modules/express/lib/router/index.js:346:12)
      at next (../m22-part3-route-writer/node_modules/express/lib/router/index.js:280:10)
      at next (src/scheduling/approvalHttpBoundary.js:66:25)
      at onfinished (../m22-part3-route-writer/node_modules/body-parser/lib/read.js:102:9)
      at listener (../m22-part3-route-writer/node_modules/on-finished/index.js:170:15)
      at onFinish (../m22-part3-route-writer/node_modules/on-finished/index.js:101:5)
      at callback (../m22-part3-route-writer/node_modules/ee-first/index.js:55:10)
      at IncomingMessage.onevent (../m22-part3-route-writer/node_modules/ee-first/index.js:93:5)

  console.info
    {
      component: 'http',
      event: 'request_completed',
      requestId: 'ed998fbb-e60d-4c0d-8496-65883aac2d2c',
      methodClass: 'POST',
      durationMs: 51,
      statusCode: 201
    }

      at write (src/observability/safeLogger.js:178:17)

  console.info
    {
      component: 'http',
      event: 'request_completed',
      requestId: '560e0936-3bc1-44fe-9dff-129b1b4a33f8',
      methodClass: 'POST',
      durationMs: 130,
      statusCode: 200
    }

      at write (src/observability/safeLogger.js:178:17)

  console.info
    {
      component: 'http',
      event: 'request_completed',
      requestId: 'aa68415f-b02a-4639-b0c5-5b0745a656c9',
      methodClass: 'POST',
      durationMs: 41,
      statusCode: 201
    }

      at write (src/observability/safeLogger.js:178:17)

  console.info
    {
      component: 'http',
      event: 'request_completed',
      requestId: '10047312-b2fb-4244-be4f-930ec26b5717',
      methodClass: 'POST',
      durationMs: 66,
      statusCode: 409
    }

      at write (src/observability/safeLogger.js:178:17)

  console.info
    {
      component: 'http',
      event: 'request_completed',
      requestId: 'e4c97d71-cab6-41f8-bdb5-e7b1d4e55e09',
      methodClass: 'POST',
      durationMs: 38,
      statusCode: 201
    }

      at write (src/observability/safeLogger.js:178:17)

  console.info
    {
      component: 'http',
      event: 'request_completed',
      requestId: '1c78384d-1331-42a5-9356-90007e9f8aba',
      methodClass: 'POST',
      durationMs: 66,
      statusCode: 200
    }

      at write (src/observability/safeLogger.js:178:17)

  console.info
    {
      component: 'http',
      event: 'request_completed',
      requestId: '5d9f3fbf-1ae9-4621-a987-0c267f9d023d',
      methodClass: 'POST',
      durationMs: 37,
      statusCode: 201
    }

      at write (src/observability/safeLogger.js:178:17)

  console.info
    {
      component: 'http',
      event: 'request_completed',
      requestId: '00ff85d2-ced6-4756-aa33-045f59258def',
      methodClass: 'POST',
      durationMs: 59,
      statusCode: 503
    }

      at write (src/observability/safeLogger.js:178:17)

  console.info
    {
      component: 'http',
      event: 'request_completed',
      requestId: '2ec07511-e957-48e2-8c25-a6319322d7ed',
      methodClass: 'POST',
      durationMs: 36,
      statusCode: 201
    }

      at write (src/observability/safeLogger.js:178:17)

  console.info
    {
      component: 'http',
      event: 'request_completed',
      requestId: '899a786b-7685-496b-aec6-88f4765eeab8',
      methodClass: 'POST',
      durationMs: 67,
      statusCode: 200
    }

      at write (src/observability/safeLogger.js:178:17)

  console.info
    {
      component: 'http',
      event: 'request_completed',
      requestId: '3f3542cb-864e-46bf-8968-e15b84b27c8d',
      methodClass: 'POST',
      durationMs: 37,
      statusCode: 201
    }

      at write (src/observability/safeLogger.js:178:17)

  console.info
    {
      component: 'http',
      event: 'request_completed',
      requestId: '4409cf2c-f7dd-4328-aca3-3514c17256a9',
      methodClass: 'POST',
      durationMs: 69,
      statusCode: 201
    }

      at write (src/observability/safeLogger.js:178:17)

  console.info
    {
      component: 'http',
      event: 'request_completed',
      requestId: '00fef962-45a0-4d2c-b781-2cabbb63aac1',
      methodClass: 'POST',
      durationMs: 65,
      statusCode: 200
    }

      at write (src/observability/safeLogger.js:178:17)

  console.info
    {
      component: 'http',
      event: 'request_completed',
      requestId: '6250fb1e-197f-41f1-87d0-9a1d6ac0b14e',
      methodClass: 'POST',
      durationMs: 115,
      statusCode: 409
    }

      at write (src/observability/safeLogger.js:178:17)

  console.info
    {
      component: 'http',
      event: 'request_completed',
      requestId: '8e41d217-72df-4f6f-8026-990bfadd065b',
      methodClass: 'POST',
      durationMs: 35,
      statusCode: 201
    }

      at write (src/observability/safeLogger.js:178:17)

  console.info
    {
      component: 'http',
      event: 'request_completed',
      requestId: 'd6592695-04bc-4d9d-94b5-7d5a2c3e8ab1',
      methodClass: 'POST',
      durationMs: 73,
      statusCode: 200
    }

      at write (src/observability/safeLogger.js:178:17)

  console.info
    {
      component: 'http',
      event: 'request_completed',
      requestId: '233e5baf-f7ba-4237-8fe9-4062c67e60d6',
      methodClass: 'POST',
      durationMs: 39,
      statusCode: 201
    }

      at write (src/observability/safeLogger.js:178:17)

  console.info
    {
      component: 'http',
      event: 'request_completed',
      requestId: 'cafd8c72-2946-4690-9bad-188915bb517b',
      methodClass: 'POST',
      durationMs: 59,
      statusCode: 409
    }

      at write (src/observability/safeLogger.js:178:17)

  console.info
    {
      component: 'http',
      event: 'request_completed',
      requestId: '238bfe3c-88ee-4b8d-884e-76ffdbb9500f',
      methodClass: 'POST',
      durationMs: 38,
      statusCode: 201
    }

      at write (src/observability/safeLogger.js:178:17)

  console.info
    {
      component: 'http',
      event: 'request_completed',
      requestId: 'fda85a18-522e-4614-ac53-9e74a2c44635',
      methodClass: 'POST',
      durationMs: 2,
      statusCode: 403
    }

      at write (src/observability/safeLogger.js:178:17)

  console.info
    {
      component: 'http',
      event: 'request_completed',
      requestId: '750727a7-e946-48b3-8582-59a5a0f54f44',
      methodClass: 'POST',
      durationMs: 37,
      statusCode: 201
    }

      at write (src/observability/safeLogger.js:178:17)

  console.info
    {
      component: 'http',
      event: 'request_completed',
      requestId: 'a2395747-ede6-4eee-87e2-b1013b75b05a',
      methodClass: 'POST',
      durationMs: 57,
      statusCode: 200
    }

      at write (src/observability/safeLogger.js:178:17)

  console.info
    {
      component: 'http',
      event: 'request_completed',
      requestId: '0d1d949e-aaab-411c-9188-11b1ca730735',
      methodClass: 'POST',
      durationMs: 98,
      statusCode: 201
    }

      at write (src/observability/safeLogger.js:178:17)

  console.info
    {
      component: 'http',
      event: 'request_completed',
      requestId: '8bb0a782-c5dc-490e-9ae5-7ce015700ed7',
      methodClass: 'POST',
      durationMs: 126,
      statusCode: 200
    }

      at write (src/observability/safeLogger.js:178:17)

  console.info
    {
      component: 'http',
      event: 'request_completed',
      requestId: '18770478-b428-48c3-ba42-c98a381659c1',
      methodClass: 'PUT',
      durationMs: 104,
      statusCode: 200
    }

      at write (src/observability/safeLogger.js:178:17)

  console.info
    {
      component: 'http',
      event: 'request_completed',
      requestId: 'ccd631e5-a2ca-4dab-b880-734eac48fabc',
      methodClass: 'POST',
      durationMs: 144,
      statusCode: 201
    }

      at write (src/observability/safeLogger.js:178:17)

  console.info
    {
      component: 'http',
      event: 'request_completed',
      requestId: 'ce311e42-42c1-4813-a7eb-87fadc474645',
      methodClass: 'POST',
      durationMs: 163,
      statusCode: 409
    }

      at write (src/observability/safeLogger.js:178:17)

  console.info
    {
      component: 'http',
      event: 'request_completed',
      requestId: '78c4ec5c-9cd2-4137-a25c-6cf364939c51',
      methodClass: 'POST',
      durationMs: 162,
      statusCode: 409
    }

      at write (src/observability/safeLogger.js:178:17)

  console.info
    {
      component: 'http',
      event: 'request_completed',
      requestId: 'f1c82236-7bb8-4b25-ac4e-23fec5a4ebff',
      methodClass: 'POST',
      durationMs: 36,
      statusCode: 201
    }

      at write (src/observability/safeLogger.js:178:17)

  console.info
    {
      component: 'http',
      event: 'request_completed',
      requestId: '067c97ab-a033-4bb9-865e-b5a2fdbc1842',
      methodClass: 'POST',
      durationMs: 60,
      statusCode: 409
    }

      at write (src/observability/safeLogger.js:178:17)

  console.info
    {
      component: 'http',
      event: 'request_completed',
      requestId: 'f4649d1e-3fc7-4d48-8b55-6134374d48b3',
      methodClass: 'POST',
      durationMs: 39,
      statusCode: 201
    }

      at write (src/observability/safeLogger.js:178:17)

  console.info
    {
      component: 'http',
      event: 'request_completed',
      requestId: 'c3834037-107c-4560-a455-2b3fb1ec3d36',
      methodClass: 'POST',
      durationMs: 65,
      statusCode: 200
    }

      at write (src/observability/safeLogger.js:178:17)

  console.info
    {
      component: 'http',
      event: 'request_completed',
      requestId: '21e571a8-02d6-4600-a3e0-1bc5ceb68181',
      methodClass: 'PUT',
      durationMs: 107,
      statusCode: 200
    }

      at write (src/observability/safeLogger.js:178:17)

  console.info
    {
      component: 'http',
      event: 'request_completed',
      requestId: '05eecc96-b61d-4de1-9a0a-ee8c16760a50',
      methodClass: 'POST',
      durationMs: 108,
      statusCode: 201
    }

      at write (src/observability/safeLogger.js:178:17)

  console.info
    {
      component: 'http',
      event: 'request_completed',
      requestId: '29d84b87-9237-438e-98e5-b3b3c6b7fefe',
      methodClass: 'POST',
      durationMs: 38,
      statusCode: 201
    }

      at write (src/observability/safeLogger.js:178:17)

  console.info
    {
      component: 'http',
      event: 'request_completed',
      requestId: 'b84b6083-dd20-4342-865b-35623adfd194',
      methodClass: 'POST',
      durationMs: 68,
      statusCode: 200
    }

      at write (src/observability/safeLogger.js:178:17)

  console.info
    {
      component: 'http',
      event: 'request_completed',
      requestId: '873281ab-7e2e-4f93-9955-f0da14c226f8',
      methodClass: 'POST',
      durationMs: 108,
      statusCode: 201
    }

      at write (src/observability/safeLogger.js:178:17)

  console.info
    {
      component: 'http',
      event: 'request_completed',
      requestId: '182d324f-5cbf-482c-80dc-56c0518f360b',
      methodClass: 'POST',
      durationMs: 35,
      statusCode: 409
    }

      at write (src/observability/safeLogger.js:178:17)

  console.info
    {
      component: 'http',
      event: 'request_completed',
      requestId: 'e56c4419-0b05-47ea-8bbf-0eeced734fc6',
      methodClass: 'POST',
      durationMs: 36,
      statusCode: 409
    }

      at write (src/observability/safeLogger.js:178:17)

  console.info
    {
      component: 'http',
      event: 'request_completed',
      requestId: '929b04a0-8ab4-48c6-b0ef-cd9ce1e8411e',
      methodClass: 'POST',
      durationMs: 33,
      statusCode: 201
    }

      at write (src/observability/safeLogger.js:178:17)

  console.info
    {
      component: 'http',
      event: 'request_completed',
      requestId: 'c40d8ce8-477e-4539-ba28-ea1a7a6a0808',
      methodClass: 'POST',
      durationMs: 60,
      statusCode: 200
    }

      at write (src/observability/safeLogger.js:178:17)

  console.info
    {
      component: 'http',
      event: 'request_completed',
      requestId: '1b6524f6-7b9b-448b-9a34-7fe43d49dc1b',
      methodClass: 'POST',
      durationMs: 102,
      statusCode: 201
    }

      at write (src/observability/safeLogger.js:178:17)

  console.info
    {
      component: 'http',
      event: 'request_completed',
      requestId: 'c3a979cf-a7c2-4b15-98b0-5bc1cc7eb5d9',
      methodClass: 'POST',
      durationMs: 126,
      statusCode: 200
    }

      at write (src/observability/safeLogger.js:178:17)

  console.info
    {
      component: 'http',
      event: 'request_completed',
      requestId: 'adf32198-3575-4590-8b71-04a33c8180a1',
      methodClass: 'POST',
      durationMs: 34,
      statusCode: 201
    }

      at write (src/observability/safeLogger.js:178:17)

  console.info
    {
      component: 'http',
      event: 'request_completed',
      requestId: 'fd42c908-9efa-4841-a1f9-f4c83ae6f133',
      methodClass: 'POST',
      durationMs: 62,
      statusCode: 200
    }

      at write (src/observability/safeLogger.js:178:17)

  console.info
    {
      component: 'http',
      event: 'request_completed',
      requestId: '9b218643-9479-4eb8-8da4-916948d992b3',
      methodClass: 'POST',
      durationMs: 103,
      statusCode: 201
    }

      at write (src/observability/safeLogger.js:178:17)

  console.info
    {
      component: 'http',
      event: 'request_completed',
      requestId: 'd8388e44-182c-44cd-8c2c-26d820d11acf',
      methodClass: 'POST',
      durationMs: 3,
      statusCode: 400
    }

      at write (src/observability/safeLogger.js:178:17)

  console.info
    {
      component: 'http',
      event: 'request_completed',
      requestId: 'edf69805-e663-41df-b2a2-e75dfaeb7b71',
      methodClass: 'POST',
      durationMs: 2,
      statusCode: 400
    }

      at write (src/observability/safeLogger.js:178:17)

  console.info
    {
      component: 'http',
      event: 'request_completed',
      requestId: 'fa5b8a74-4123-41ae-91d5-8690e4e9e944',
      methodClass: 'POST',
      durationMs: 48,
      statusCode: 201
    }

      at write (src/observability/safeLogger.js:178:17)

  console.info
    {
      component: 'http',
      event: 'request_completed',
      requestId: '440af1f9-a87c-4b8a-b690-3f587821b64f',
      methodClass: 'POST',
      durationMs: 39,
      statusCode: 201
    }

      at write (src/observability/safeLogger.js:178:17)

  console.log
    [Simulations] Canonical graph committed: {"operationId":"7cdc9994-d799-4357-985d-ef90a8096f8f","service":"plumbing","replayed":false}

      at log (src/routes/simulations.js:131:11)

  console.info
    {
      component: 'http',
      event: 'request_completed',
      requestId: '54b231e9-0372-44d2-a403-60142110640f',
      methodClass: 'POST',
      durationMs: 31,
      statusCode: 201
    }

      at write (src/observability/safeLogger.js:178:17)

  console.log
    [Simulations] Canonical graph committed: {"operationId":"98435807-1684-4707-aed0-f90f3243e146","service":"plumbing","replayed":false}

      at log (src/routes/simulations.js:131:11)

  console.info
    {
      component: 'http',
      event: 'request_completed',
      requestId: '95a3e4ba-8729-4532-8ed9-49cfdd4f6576',
      methodClass: 'POST',
      durationMs: 48,
      statusCode: 201
    }

      at write (src/observability/safeLogger.js:178:17)

  console.log
    [Simulations] Canonical graph committed: {"operationId":"580d4700-fed7-4d71-aebe-908ff6062c75","service":"plumbing","replayed":false}

      at log (src/routes/simulations.js:131:11)

  console.info
    {
      component: 'http',
      event: 'request_completed',
      requestId: '2ea669c6-6a4e-4a97-9d5d-aab63b0e07f8',
      methodClass: 'POST',
      durationMs: 85,
      statusCode: 201
    }

      at write (src/observability/safeLogger.js:178:17)

  console.log
    [Simulations] Canonical graph committed: {"operationId":"f6067486-4df0-48b0-94ed-78e381cc45a1","service":"plumbing","replayed":false}

      at log (src/routes/simulations.js:131:11)

  console.info
    {
      component: 'http',
      event: 'request_completed',
      requestId: '4e176378-9c48-4fc9-8389-7f8273d8ef2d',
      methodClass: 'POST',
      durationMs: 106,
      statusCode: 201
    }

      at write (src/observability/safeLogger.js:178:17)

  console.log
    [Simulations] Canonical graph committed: {"operationId":"31e022f2-6224-4070-88ba-83a1b4ccb963","service":"plumbing","replayed":false}

      at log (src/routes/simulations.js:131:11)

  console.info
    {
      component: 'http',
      event: 'request_completed',
      requestId: 'fe9d4309-3410-4e1b-82a9-2a2ca6963eca',
      methodClass: 'POST',
      durationMs: 127,
      statusCode: 201
    }

      at write (src/observability/safeLogger.js:178:17)

  console.log
    [Simulations] Canonical graph committed: {"operationId":"4908f9c5-e1bb-4b2f-bb58-925fe7d3621d","service":"plumbing","replayed":false}

      at log (src/routes/simulations.js:131:11)

  console.info
    {
      component: 'http',
      event: 'request_completed',
      requestId: '0ab2e1e7-2bc5-49e0-8630-8213ee22cedb',
      methodClass: 'POST',
      durationMs: 21,
      statusCode: 201
    }

      at write (src/observability/safeLogger.js:178:17)

  console.log
    [Simulations] Canonical graph committed: {"operationId":"c0af62d6-f0b3-4804-be54-eafb5d5d5fd4","service":"plumbing","replayed":false}

      at log (src/routes/simulations.js:131:11)

  console.info
    {
      component: 'http',
      event: 'request_completed',
      requestId: 'c95aa1ab-5606-4d4f-aca5-49ebbeb07b3a',
      methodClass: 'POST',
      durationMs: 33,
      statusCode: 201
    }

      at write (src/observability/safeLogger.js:178:17)

  console.log
    [Simulations] Canonical graph committed: {"operationId":"0582bc86-68d6-4448-9be0-87660e6e8de5","service":"plumbing","replayed":false}

      at log (src/routes/simulations.js:131:11)

  console.info
    {
      component: 'http',
      event: 'request_completed',
      requestId: 'a0c28575-cc69-46d3-b02a-d22709987231',
      methodClass: 'POST',
      durationMs: 43,
      statusCode: 201
    }

      at write (src/observability/safeLogger.js:178:17)

  console.log
    [Simulations] Canonical graph committed: {"operationId":"eedffdd4-ad3f-4f8d-82a5-d7e6f10f0dfb","service":"plumbing","replayed":false}

      at log (src/routes/simulations.js:131:11)

  console.info
    {
      component: 'http',
      event: 'request_completed',
      requestId: 'f2fb9ab5-cfd9-4873-a621-8e3964888885',
      methodClass: 'POST',
      durationMs: 54,
      statusCode: 201
    }

      at write (src/observability/safeLogger.js:178:17)

  console.log
    [Simulations] Canonical graph committed: {"operationId":"26646780-c3ae-4901-8426-572a7d3be164","service":"plumbing","replayed":false}

      at log (src/routes/simulations.js:131:11)

  console.info
    {
      component: 'http',
      event: 'request_completed',
      requestId: '8d3da7db-3534-41d1-97c9-9791405193a3',
      methodClass: 'POST',
      durationMs: 71,
      statusCode: 201
    }

      at write (src/observability/safeLogger.js:178:17)

  console.log
    [Simulations] Canonical graph committed: {"operationId":"c45e595c-373f-4e12-8d8a-93e88c27e5e9","service":"plumbing","replayed":false}

      at log (src/routes/simulations.js:131:11)

  console.info
    {
      component: 'http',
      event: 'request_completed',
      requestId: '68280e4f-d3a9-42d7-82a6-2b9b1463a5b5',
      methodClass: 'POST',
      durationMs: 16,
      statusCode: 201
    }

      at write (src/observability/safeLogger.js:178:17)

  console.log
    [Simulations] Canonical graph committed: {"operationId":"a20b0f6d-70d9-4f04-a33c-67a925b8777b","service":"plumbing","replayed":false}

      at log (src/routes/simulations.js:131:11)

  console.info
    {
      component: 'http',
      event: 'request_completed',
      requestId: '41e14b70-bed7-46da-947a-93126b0387d2',
      methodClass: 'POST',
      durationMs: 24,
      statusCode: 201
    }

      at write (src/observability/safeLogger.js:178:17)

  console.log
    [Simulations] Canonical graph committed: {"operationId":"8026a78b-3745-4288-9a32-33655076e093","service":"plumbing","replayed":false}

      at log (src/routes/simulations.js:131:11)

  console.info
    {
      component: 'http',
      event: 'request_completed',
      requestId: '9106db8f-1db0-4fa2-ac51-178ce1a5d1d6',
      methodClass: 'POST',
      durationMs: 31,
      statusCode: 201
    }

      at write (src/observability/safeLogger.js:178:17)

  console.log
    [Simulations] Canonical graph committed: {"operationId":"d12f978d-944d-47e2-a10f-b05c05f439f0","service":"plumbing","replayed":false}

      at log (src/routes/simulations.js:131:11)

  console.info
    {
      component: 'http',
      event: 'request_completed',
      requestId: 'cf9fe3ec-c750-4a0e-9327-40d3340fb688',
      methodClass: 'POST',
      durationMs: 41,
      statusCode: 201
    }

      at write (src/observability/safeLogger.js:178:17)

  console.log
    [Simulations] Canonical graph committed: {"operationId":"43bced92-ceff-41d7-9501-0e62a8ee7c4e","service":"plumbing","replayed":false}

      at log (src/routes/simulations.js:131:11)

  console.info
    {
      component: 'http',
      event: 'request_completed',
      requestId: '39917e50-f005-4f48-b8ab-e7bda08df780',
      methodClass: 'POST',
      durationMs: 50,
      statusCode: 201
    }

      at write (src/observability/safeLogger.js:178:17)

  console.log
    [Simulations] Canonical graph committed: {"operationId":"cb6c677e-2338-4ec2-92c8-0ab82acfcc84","service":"plumbing","replayed":false}

      at log (src/routes/simulations.js:131:11)

  console.info
    {
      component: 'http',
      event: 'request_completed',
      requestId: '5fe1e8ac-6272-4939-824c-ba6458981c0b',
      methodClass: 'POST',
      durationMs: 15,
      statusCode: 201
    }

      at write (src/observability/safeLogger.js:178:17)

  console.log
    [Simulations] Canonical graph committed: {"operationId":"5331bc0c-699b-4700-a88e-4bba44f3119c","service":"plumbing","replayed":false}

      at log (src/routes/simulations.js:131:11)

  console.info
    {
      component: 'http',
      event: 'request_completed',
      requestId: '55d522ae-f37b-49d2-a135-cc55c30755e4',
      methodClass: 'POST',
      durationMs: 24,
      statusCode: 201
    }

      at write (src/observability/safeLogger.js:178:17)

  console.log
    [Simulations] Canonical graph committed: {"operationId":"149cd1c1-2747-45cf-8239-5885d63114c2","service":"plumbing","replayed":false}

      at log (src/routes/simulations.js:131:11)

  console.info
    {
      component: 'http',
      event: 'request_completed',
      requestId: '8eaa6afb-3851-43b8-8906-cc68c1d11961',
      methodClass: 'POST',
      durationMs: 33,
      statusCode: 201
    }

      at write (src/observability/safeLogger.js:178:17)

  console.log
    [Simulations] Canonical graph committed: {"operationId":"4b8c5461-6bc6-43d8-bec2-7e384e0e2d17","service":"plumbing","replayed":false}

      at log (src/routes/simulations.js:131:11)

  console.info
    {
      component: 'http',
      event: 'request_completed',
      requestId: '723d27c3-80fe-4458-908f-4b1144ae671c',
      methodClass: 'POST',
      durationMs: 41,
      statusCode: 201
    }

      at write (src/observability/safeLogger.js:178:17)

  console.log
    [Simulations] Canonical graph committed: {"operationId":"3243ec59-5984-4377-b608-ec5e574b0f79","service":"plumbing","replayed":false}

      at log (src/routes/simulations.js:131:11)

  console.info
    {
      component: 'http',
      event: 'request_completed',
      requestId: 'f658453f-ee19-472d-b106-fdcd22b3bc20',
      methodClass: 'POST',
      durationMs: 50,
      statusCode: 201
    }

      at write (src/observability/safeLogger.js:178:17)

  console.log
    [Simulations] Canonical graph committed: {"operationId":"d0082de2-0638-44b2-951f-3110360758ad","service":"plumbing","replayed":false}

      at log (src/routes/simulations.js:131:11)

  console.info
    {
      component: 'http',
      event: 'request_completed',
      requestId: '314ebd06-817a-4d4d-aa54-b2587f021b4f',
      methodClass: 'POST',
      durationMs: 15,
      statusCode: 201
    }

      at write (src/observability/safeLogger.js:178:17)

  console.log
    [Simulations] Canonical graph committed: {"operationId":"728950c2-112c-4d3a-82fb-e62ad710551a","service":"plumbing","replayed":false}

      at log (src/routes/simulations.js:131:11)

  console.info
    {
      component: 'http',
      event: 'request_completed',
      requestId: 'e0187b0c-49db-4aab-b111-a8412212b98b',
      methodClass: 'POST',
      durationMs: 25,
      statusCode: 201
    }

      at write (src/observability/safeLogger.js:178:17)

  console.log
    [Simulations] Canonical graph committed: {"operationId":"48707008-3a1d-4bee-ba92-16e07c46f18a","service":"plumbing","replayed":false}

      at log (src/routes/simulations.js:131:11)

  console.info
    {
      component: 'http',
      event: 'request_completed',
      requestId: '249e220e-b054-4373-84ff-482956423ea2',
      methodClass: 'POST',
      durationMs: 33,
      statusCode: 201
    }

      at write (src/observability/safeLogger.js:178:17)

  console.log
    [Simulations] Canonical graph committed: {"operationId":"a6ac0d26-e693-4746-954c-2d505b927e19","service":"plumbing","replayed":false}

      at log (src/routes/simulations.js:131:11)

  console.info
    {
      component: 'http',
      event: 'request_completed',
      requestId: '21d48e55-5fdd-48b0-b8eb-bbac596d672e',
      methodClass: 'POST',
      durationMs: 42,
      statusCode: 201
    }

      at write (src/observability/safeLogger.js:178:17)

  console.log
    [Simulations] Canonical graph committed: {"operationId":"519b495a-0b16-441b-9f90-c6dba5076090","service":"plumbing","replayed":false}

      at log (src/routes/simulations.js:131:11)

  console.info
    {
      component: 'http',
      event: 'request_completed',
      requestId: '81fe74cd-bd65-4b27-b95f-ab1a0c2feaea',
      methodClass: 'POST',
      durationMs: 50,
      statusCode: 201
    }

      at write (src/observability/safeLogger.js:178:17)

  console.log
    [Simulations] Canonical graph committed: {"operationId":"f5b43be8-59ed-44a5-85b3-5750b70d982e","service":"plumbing","replayed":false}

      at log (src/routes/simulations.js:131:11)

  console.info
    {
      component: 'http',
      event: 'request_completed',
      requestId: '885d2f09-9d65-4fcd-abb0-0bd70a591d5d',
      methodClass: 'POST',
      durationMs: 16,
      statusCode: 201
    }

      at write (src/observability/safeLogger.js:178:17)

  console.log
    [Simulations] Canonical graph committed: {"operationId":"ae721374-6d63-4a78-ba20-4aafce097f77","service":"plumbing","replayed":false}

      at log (src/routes/simulations.js:131:11)

  console.info
    {
      component: 'http',
      event: 'request_completed',
      requestId: '8cbea175-cd17-4898-8f51-3841eb847ad3',
      methodClass: 'POST',
      durationMs: 23,
      statusCode: 201
    }

      at write (src/observability/safeLogger.js:178:17)

  console.log
    [Simulations] Canonical graph committed: {"operationId":"c2152773-8b8e-4a30-a4e7-29f7f131a60a","service":"plumbing","replayed":false}

      at log (src/routes/simulations.js:131:11)

  console.info
    {
      component: 'http',
      event: 'request_completed',
      requestId: '0cf3c305-8b44-41d0-88e2-8dc5c6a00dbd',
      methodClass: 'POST',
      durationMs: 34,
      statusCode: 201
    }

      at write (src/observability/safeLogger.js:178:17)

  console.log
    [Simulations] Canonical graph committed: {"operationId":"b047b82c-66bb-4886-96a3-d6f6d5a80b5f","service":"plumbing","replayed":false}

      at log (src/routes/simulations.js:131:11)

  console.info
    {
      component: 'http',
      event: 'request_completed',
      requestId: 'b75f86e2-8e5c-4106-bb03-9511fa8276bf',
      methodClass: 'POST',
      durationMs: 48,
      statusCode: 201
    }

      at write (src/observability/safeLogger.js:178:17)

  console.log
    [Simulations] Canonical graph committed: {"operationId":"62f64507-2e64-4e28-aeac-785b36e5f56a","service":"plumbing","replayed":false}

      at log (src/routes/simulations.js:131:11)

  console.info
    {
      component: 'http',
      event: 'request_completed',
      requestId: 'abe30c4c-d775-481d-9b49-20f02358b90d',
      methodClass: 'POST',
      durationMs: 55,
      statusCode: 201
    }

      at write (src/observability/safeLogger.js:178:17)

  console.log
    [Simulations] Canonical graph committed: {"operationId":"4e00f451-0b86-40cb-a8a8-6a0c1c392dd8","service":"plumbing","replayed":false}

      at log (src/routes/simulations.js:131:11)

  console.info
    {
      component: 'http',
      event: 'request_completed',
      requestId: '6df6269c-6adc-47bf-81ff-e5c043317203',
      methodClass: 'POST',
      durationMs: 14,
      statusCode: 201
    }

      at write (src/observability/safeLogger.js:178:17)

  console.log
    [Simulations] Canonical graph committed: {"operationId":"89e5aeee-0afc-4c3d-b127-cf1be1d7a8aa","service":"plumbing","replayed":false}

      at log (src/routes/simulations.js:131:11)

  console.info
    {
      component: 'http',
      event: 'request_completed',
      requestId: 'c880255b-f111-4778-b6ac-1ca33863aed5',
      methodClass: 'POST',
      durationMs: 22,
      statusCode: 201
    }

      at write (src/observability/safeLogger.js:178:17)

  console.log
    [Simulations] Canonical graph committed: {"operationId":"cf2db08b-ba5e-4092-bce5-577d292fb55b","service":"plumbing","replayed":false}

      at log (src/routes/simulations.js:131:11)

  console.info
    {
      component: 'http',
      event: 'request_completed',
      requestId: '59132c9b-bebf-4597-8fce-8f1ccf606786',
      methodClass: 'POST',
      durationMs: 28,
      statusCode: 201
    }

      at write (src/observability/safeLogger.js:178:17)

  console.log
    [Simulations] Canonical graph committed: {"operationId":"1f9b5e86-0ed6-41a5-92f5-1c9d767540bb","service":"plumbing","replayed":false}

      at log (src/routes/simulations.js:131:11)

  console.info
    {
      component: 'http',
      event: 'request_completed',
      requestId: 'db338bbf-b1c5-426c-acf8-50c090bf590e',
      methodClass: 'POST',
      durationMs: 35,
      statusCode: 201
    }

      at write (src/observability/safeLogger.js:178:17)

  console.log
    [Simulations] Canonical graph committed: {"operationId":"a444a864-20b3-4206-bcac-c9e8bb5fb747","service":"plumbing","replayed":false}

      at log (src/routes/simulations.js:131:11)

  console.info
    {
      component: 'http',
      event: 'request_completed',
      requestId: 'ab272b99-b102-479f-9918-053120b1d2b8',
      methodClass: 'POST',
      durationMs: 44,
      statusCode: 201
    }

      at write (src/observability/safeLogger.js:178:17)

  console.log
    [Simulations] Canonical graph committed: {"operationId":"43af4e7d-2074-43bf-b9ed-45af46ea9476","service":"plumbing","replayed":false}

      at log (src/routes/simulations.js:131:11)

  console.info
    {
      component: 'http',
      event: 'request_completed',
      requestId: 'b1bb4a3c-a9b4-4e25-8c07-5f84710ad62c',
      methodClass: 'POST',
      durationMs: 17,
      statusCode: 201
    }

      at write (src/observability/safeLogger.js:178:17)

  console.log
    [Simulations] Canonical graph committed: {"operationId":"0aa98907-8fa4-418d-aab6-089b42440188","service":"plumbing","replayed":false}

      at log (src/routes/simulations.js:131:11)

  console.info
    {
      component: 'http',
      event: 'request_completed',
      requestId: '50418e52-d477-4195-ac23-46b1e774c6be',
      methodClass: 'POST',
      durationMs: 27,
      statusCode: 201
    }

      at write (src/observability/safeLogger.js:178:17)

  console.log
    [Simulations] Canonical graph committed: {"operationId":"dcc5d18c-8b37-4694-b98b-ec07dc63dfc3","service":"plumbing","replayed":false}

      at log (src/routes/simulations.js:131:11)

  console.info
    {
      component: 'http',
      event: 'request_completed',
      requestId: '286337d8-7a9b-4af8-9573-4e47457bbbcb',
      methodClass: 'POST',
      durationMs: 36,
      statusCode: 201
    }

      at write (src/observability/safeLogger.js:178:17)

  console.log
    [Simulations] Canonical graph committed: {"operationId":"bfb987aa-80b3-44a4-944e-6996a0e8af21","service":"plumbing","replayed":false}

      at log (src/routes/simulations.js:131:11)

  console.info
    {
      component: 'http',
      event: 'request_completed',
      requestId: '3d6ecbac-94d7-4558-b828-b2808a39c519',
      methodClass: 'POST',
      durationMs: 43,
      statusCode: 201
    }

      at write (src/observability/safeLogger.js:178:17)

  console.log
    [Simulations] Canonical graph committed: {"operationId":"c6c02a44-53b3-4e18-8814-cf693e985f96","service":"plumbing","replayed":false}

      at log (src/routes/simulations.js:131:11)

  console.info
    {
      component: 'http',
      event: 'request_completed',
      requestId: 'aaea5a42-045e-44da-86df-71e04a4f5697',
      methodClass: 'POST',
      durationMs: 49,
      statusCode: 201
    }

      at write (src/observability/safeLogger.js:178:17)

  console.log
    [Simulations] Canonical graph committed: {"operationId":"c404e937-0acf-41d6-91df-6c183798dea0","service":"plumbing","replayed":false}

      at log (src/routes/simulations.js:131:11)

  console.info
    {
      component: 'http',
      event: 'request_completed',
      requestId: '39941c51-63df-497f-b4fe-d3387169bc93',
      methodClass: 'POST',
      durationMs: 13,
      statusCode: 201
    }

      at write (src/observability/safeLogger.js:178:17)

  console.log
    [Simulations] Canonical graph committed: {"operationId":"35eeb7b1-3745-499c-9bc0-2d789468cbc4","service":"plumbing","replayed":false}

      at log (src/routes/simulations.js:131:11)

  console.info
    {
      component: 'http',
      event: 'request_completed',
      requestId: '6cb58d92-c77a-40b3-b5dc-44f21aec90e1',
      methodClass: 'POST',
      durationMs: 24,
      statusCode: 201
    }

      at write (src/observability/safeLogger.js:178:17)

  console.log
    [Simulations] Canonical graph committed: {"operationId":"3de61af6-5b63-4dc3-b726-65692f7faae9","service":"plumbing","replayed":false}

      at log (src/routes/simulations.js:131:11)

  console.info
    {
      component: 'http',
      event: 'request_completed',
      requestId: 'd2321a86-9bbc-4404-b82a-c63aae421f11',
      methodClass: 'POST',
      durationMs: 31,
      statusCode: 201
    }

      at write (src/observability/safeLogger.js:178:17)

  console.log
    [Simulations] Canonical graph committed: {"operationId":"18f9a549-168a-4dc6-a365-7f71ef6ca324","service":"plumbing","replayed":false}

      at log (src/routes/simulations.js:131:11)

  console.info
    {
      component: 'http',
      event: 'request_completed',
      requestId: '1a76273c-2b0c-4186-98e0-9d2166de06c9',
      methodClass: 'POST',
      durationMs: 39,
      statusCode: 201
    }

      at write (src/observability/safeLogger.js:178:17)

  console.log
    [Simulations] Canonical graph committed: {"operationId":"fd595d49-b5bc-4517-99b4-d6931e19458c","service":"plumbing","replayed":false}

      at log (src/routes/simulations.js:131:11)

  console.info
    {
      component: 'http',
      event: 'request_completed',
      requestId: '9288a0cc-36d1-4dc5-b6d3-fb31de1f37f5',
      methodClass: 'POST',
      durationMs: 47,
      statusCode: 201
    }

      at write (src/observability/safeLogger.js:178:17)

  console.log
    [Simulations] Canonical graph committed: {"operationId":"ff4e8ad0-e714-4f46-99a1-6eac7038dde6","service":"plumbing","replayed":false}

      at log (src/routes/simulations.js:131:11)

  console.info
    {
      component: 'http',
      event: 'request_completed',
      requestId: 'd99a85b7-df1b-4278-ab56-9f5cf3a011ae',
      methodClass: 'POST',
      durationMs: 16,
      statusCode: 201
    }

      at write (src/observability/safeLogger.js:178:17)

  console.log
    [Simulations] Canonical graph committed: {"operationId":"a5cb9d64-02d4-426a-bd41-8641ea69e89e","service":"plumbing","replayed":false}

      at log (src/routes/simulations.js:131:11)

  console.info
    {
      component: 'http',
      event: 'request_completed',
      requestId: '50920b53-e18a-49f9-a5ae-3971a822bc3c',
      methodClass: 'POST',
      durationMs: 25,
      statusCode: 201
    }

      at write (src/observability/safeLogger.js:178:17)

  console.log
    [Simulations] Canonical graph committed: {"operationId":"5f131d82-354f-462c-b3b6-efc10c360c88","service":"plumbing","replayed":false}

      at log (src/routes/simulations.js:131:11)

  console.info
    {
      component: 'http',
      event: 'request_completed',
      requestId: '0a7a4ce2-5e30-497a-af23-c68d8c7eb4fe',
      methodClass: 'POST',
      durationMs: 32,
      statusCode: 201
    }

      at write (src/observability/safeLogger.js:178:17)

  console.log
    [Simulations] Canonical graph committed: {"operationId":"78ff33d6-60c1-45b6-b55a-a4880f0c86ba","service":"plumbing","replayed":false}

      at log (src/routes/simulations.js:131:11)

  console.info
    {
      component: 'http',
      event: 'request_completed',
      requestId: 'fc073507-da6c-4d9d-85d6-eb8170bd05af',
      methodClass: 'POST',
      durationMs: 41,
      statusCode: 201
    }

      at write (src/observability/safeLogger.js:178:17)

  console.log
    [Simulations] Canonical graph committed: {"operationId":"c6683bd5-0732-406c-8184-bf7b451e9ec5","service":"plumbing","replayed":false}

      at log (src/routes/simulations.js:131:11)

  console.info
    {
      component: 'http',
      event: 'request_completed',
      requestId: '065b1a06-b8cd-4376-80d0-2df4cf601b3b',
      methodClass: 'POST',
      durationMs: 49,
      statusCode: 201
    }

      at write (src/observability/safeLogger.js:178:17)

  console.log
    [Simulations] Canonical graph committed: {"operationId":"eb917807-d010-496a-81ae-4cac0be32d35","service":"plumbing","replayed":false}

      at log (src/routes/simulations.js:131:11)

  console.info
    {
      component: 'http',
      event: 'request_completed',
      requestId: 'ef30b76a-0fab-4dc4-b5ce-276ba1318c88',
      methodClass: 'POST',
      durationMs: 12,
      statusCode: 201
    }

      at write (src/observability/safeLogger.js:178:17)

  console.log
    [Simulations] Canonical graph committed: {"operationId":"f8b02e8a-481e-48d7-8a22-aa3757267847","service":"plumbing","replayed":false}

      at log (src/routes/simulations.js:131:11)

  console.info
    {
      component: 'http',
      event: 'request_completed',
      requestId: '64db013d-7913-4aa5-bb9e-1f190409bcf1',
      methodClass: 'POST',
      durationMs: 20,
      statusCode: 201
    }

      at write (src/observability/safeLogger.js:178:17)

  console.log
    [Simulations] Canonical graph committed: {"operationId":"6b9c09e8-649f-448a-b862-a2744ec30a1a","service":"plumbing","replayed":false}

      at log (src/routes/simulations.js:131:11)

  console.info
    {
      component: 'http',
      event: 'request_completed',
      requestId: '8f605679-b571-47e0-8deb-e615ad0640ed',
      methodClass: 'POST',
      durationMs: 28,
      statusCode: 201
    }

      at write (src/observability/safeLogger.js:178:17)

  console.log
    [Simulations] Canonical graph committed: {"operationId":"e4e89de6-1ae0-4d8c-82ca-dc9937d34a1e","service":"plumbing","replayed":false}

      at log (src/routes/simulations.js:131:11)

  console.info
    {
      component: 'http',
      event: 'request_completed',
      requestId: '7759e495-0be5-4db2-9d17-bd963df096eb',
      methodClass: 'POST',
      durationMs: 34,
      statusCode: 201
    }

      at write (src/observability/safeLogger.js:178:17)

  console.log
    [Simulations] Canonical graph committed: {"operationId":"daa1f993-7372-46e5-bcdb-e6dc50fdf62d","service":"plumbing","replayed":false}

      at log (src/routes/simulations.js:131:11)

  console.info
    {
      component: 'http',
      event: 'request_completed',
      requestId: 'fa532004-2309-4033-a21e-d218987d52e4',
      methodClass: 'POST',
      durationMs: 43,
      statusCode: 201
    }

      at write (src/observability/safeLogger.js:178:17)

  console.log
    [Simulations] Canonical graph committed: {"operationId":"a18793bf-b988-4a55-8493-0b73ad711e05","service":"plumbing","replayed":false}

      at log (src/routes/simulations.js:131:11)

  console.info
    {
      component: 'http',
      event: 'request_completed',
      requestId: 'be48f936-355f-4174-836d-951387074761',
      methodClass: 'POST',
      durationMs: 14,
      statusCode: 201
    }

      at write (src/observability/safeLogger.js:178:17)

  console.log
    [Simulations] Canonical graph committed: {"operationId":"3316dda6-d65c-4980-b8a0-1dd01aab6a18","service":"plumbing","replayed":false}

      at log (src/routes/simulations.js:131:11)

  console.info
    {
      component: 'http',
      event: 'request_completed',
      requestId: 'fe7b45d8-210a-45ac-b6a5-542470c14fcb',
      methodClass: 'POST',
      durationMs: 20,
      statusCode: 201
    }

      at write (src/observability/safeLogger.js:178:17)

  console.log
    [Simulations] Canonical graph committed: {"operationId":"c643f907-2724-452a-b27b-fc8f3b6b7d04","service":"plumbing","replayed":false}

      at log (src/routes/simulations.js:131:11)

  console.info
    {
      component: 'http',
      event: 'request_completed',
      requestId: 'e17e039c-0655-4175-a8dd-303ba11e7360',
      methodClass: 'POST',
      durationMs: 28,
      statusCode: 201
    }

      at write (src/observability/safeLogger.js:178:17)

  console.log
    [Simulations] Canonical graph committed: {"operationId":"cb67bb00-9984-401c-a33f-05252e300017","service":"plumbing","replayed":false}

      at log (src/routes/simulations.js:131:11)

  console.info
    {
      component: 'http',
      event: 'request_completed',
      requestId: '49043d4c-59b3-4052-900e-8754a40e9f09',
      methodClass: 'POST',
      durationMs: 35,
      statusCode: 201
    }

      at write (src/observability/safeLogger.js:178:17)

  console.log
    [Simulations] Canonical graph committed: {"operationId":"eb099e9a-c429-435d-bce3-c18d5fe14425","service":"plumbing","replayed":false}

      at log (src/routes/simulations.js:131:11)

  console.info
    {
      component: 'http',
      event: 'request_completed',
      requestId: '539807df-6d6d-42ed-a445-7ea7624968a5',
      methodClass: 'POST',
      durationMs: 41,
      statusCode: 201
    }

      at write (src/observability/safeLogger.js:178:17)

  console.log
    [Simulations] Canonical graph committed: {"operationId":"8c48abb8-ddd6-4418-945a-73d45400e0f5","service":"plumbing","replayed":false}

      at log (src/routes/simulations.js:131:11)

  console.info
    {
      component: 'http',
      event: 'request_completed',
      requestId: 'a810c0b2-89e2-4d84-8082-e54a4da1fb79',
      methodClass: 'POST',
      durationMs: 15,
      statusCode: 201
    }

      at write (src/observability/safeLogger.js:178:17)

  console.log
    [Simulations] Canonical graph committed: {"operationId":"fb2b05fd-cef2-4a81-ae74-33a5298f97a3","service":"plumbing","replayed":false}

      at log (src/routes/simulations.js:131:11)

  console.info
    {
      component: 'http',
      event: 'request_completed',
      requestId: '74a71c31-c655-4980-918d-c6d79086cee6',
      methodClass: 'POST',
      durationMs: 21,
      statusCode: 201
    }

      at write (src/observability/safeLogger.js:178:17)

  console.log
    [Simulations] Canonical graph committed: {"operationId":"0db89f9a-b4e3-4d28-bf22-f65f07290ba6","service":"plumbing","replayed":false}

      at log (src/routes/simulations.js:131:11)

  console.info
    {
      component: 'http',
      event: 'request_completed',
      requestId: 'a8415e3f-5629-4bdf-a002-10996342b429',
      methodClass: 'POST',
      durationMs: 28,
      statusCode: 201
    }

      at write (src/observability/safeLogger.js:178:17)

  console.log
    [Simulations] Canonical graph committed: {"operationId":"6e8312eb-579f-4e48-980c-e6bcd959e746","service":"plumbing","replayed":false}

      at log (src/routes/simulations.js:131:11)

  console.info
    {
      component: 'http',
      event: 'request_completed',
      requestId: '9bebe66b-9b64-4e1f-acfd-9ade71966590',
      methodClass: 'POST',
      durationMs: 36,
      statusCode: 201
    }

      at write (src/observability/safeLogger.js:178:17)

  console.log
    [Simulations] Canonical graph committed: {"operationId":"ed83df83-0837-4017-bd3b-b3f8f444e23f","service":"plumbing","replayed":false}

      at log (src/routes/simulations.js:131:11)

  console.info
    {
      component: 'http',
      event: 'request_completed',
      requestId: '4e4553aa-03fb-4193-8114-bec6e1042433',
      methodClass: 'POST',
      durationMs: 42,
      statusCode: 201
    }

      at write (src/observability/safeLogger.js:178:17)

  console.log
    [Simulations] Canonical graph committed: {"operationId":"73b9036e-1302-405a-b97a-d9a5f2a31daa","service":"plumbing","replayed":false}

      at log (src/routes/simulations.js:131:11)

  console.info
    {
      component: 'http',
      event: 'request_completed',
      requestId: 'd1bebd72-8ae1-40ea-9725-941877391f82',
      methodClass: 'POST',
      durationMs: 15,
      statusCode: 201
    }

      at write (src/observability/safeLogger.js:178:17)

  console.log
    [Simulations] Canonical graph committed: {"operationId":"6ab99da3-e176-4a5c-8bdd-1be297b393f3","service":"plumbing","replayed":false}

      at log (src/routes/simulations.js:131:11)

  console.info
    {
      component: 'http',
      event: 'request_completed',
      requestId: '1166a563-5dc9-4fb0-99cd-603bd4de7402',
      methodClass: 'POST',
      durationMs: 22,
      statusCode: 201
    }

      at write (src/observability/safeLogger.js:178:17)

  console.log
    [Simulations] Canonical graph committed: {"operationId":"636dde49-84e9-464d-a91b-7a473af30ed5","service":"plumbing","replayed":false}

      at log (src/routes/simulations.js:131:11)

  console.info
    {
      component: 'http',
      event: 'request_completed',
      requestId: 'c461a959-6715-4bd6-83b1-a74fbe68fada',
      methodClass: 'POST',
      durationMs: 29,
      statusCode: 201
    }

      at write (src/observability/safeLogger.js:178:17)

  console.log
    [Simulations] Canonical graph committed: {"operationId":"dc098dba-d0e6-4b5c-8a67-ade5e55edcad","service":"plumbing","replayed":false}

      at log (src/routes/simulations.js:131:11)

  console.info
    {
      component: 'http',
      event: 'request_completed',
      requestId: '3eae6814-29e4-4e3f-aca6-1de2eb6b7dac',
      methodClass: 'POST',
      durationMs: 37,
      statusCode: 201
    }

      at write (src/observability/safeLogger.js:178:17)

  console.log
    [Simulations] Canonical graph committed: {"operationId":"1796c14b-9c13-4573-aeca-39917342e976","service":"plumbing","replayed":false}

      at log (src/routes/simulations.js:131:11)

  console.info
    {
      component: 'http',
      event: 'request_completed',
      requestId: 'e778cce3-cf81-4a9d-ac84-a0e1b7fb8134',
      methodClass: 'POST',
      durationMs: 44,
      statusCode: 201
    }

      at write (src/observability/safeLogger.js:178:17)

  console.log
    [Simulations] Canonical graph committed: {"operationId":"5d71417f-2942-4b76-882b-0ba3da6ffb0e","service":"plumbing","replayed":false}

      at log (src/routes/simulations.js:131:11)

  console.info
    {
      component: 'http',
      event: 'request_completed',
      requestId: 'bcb5122f-9944-4834-a61a-f3c11288b56d',
      methodClass: 'POST',
      durationMs: 15,
      statusCode: 201
    }

      at write (src/observability/safeLogger.js:178:17)

  console.log
    [Simulations] Canonical graph committed: {"operationId":"d825a46b-9b72-4a2a-9822-994649cd29b6","service":"plumbing","replayed":false}

      at log (src/routes/simulations.js:131:11)

  console.info
    {
      component: 'http',
      event: 'request_completed',
      requestId: 'c3c17db5-5e70-48a0-93a4-4a8423482b9b',
      methodClass: 'POST',
      durationMs: 21,
      statusCode: 201
    }

      at write (src/observability/safeLogger.js:178:17)

  console.log
    [Simulations] Canonical graph committed: {"operationId":"e9bc63a8-8829-4b2f-9222-53994287259a","service":"plumbing","replayed":false}

      at log (src/routes/simulations.js:131:11)

  console.info
    {
      component: 'http',
      event: 'request_completed',
      requestId: '19d43b2a-f0f1-4c95-9184-3f37b749787d',
      methodClass: 'POST',
      durationMs: 36,
      statusCode: 201
    }

      at write (src/observability/safeLogger.js:178:17)

  console.log
    [Simulations] Canonical graph committed: {"operationId":"1846b51d-488d-429e-8dfc-4a5bdb8caf66","service":"plumbing","replayed":false}

      at log (src/routes/simulations.js:131:11)

  console.info
    {
      component: 'http',
      event: 'request_completed',
      requestId: '7df8bce3-ad1c-4061-a269-aac5eb1553ce',
      methodClass: 'POST',
      durationMs: 44,
      statusCode: 201
    }

      at write (src/observability/safeLogger.js:178:17)

  console.log
    [Simulations] Canonical graph committed: {"operationId":"c7906e18-5403-424e-b2fd-e4204b352813","service":"plumbing","replayed":false}

      at log (src/routes/simulations.js:131:11)

  console.info
    {
      component: 'http',
      event: 'request_completed',
      requestId: '221acf27-f385-42f2-8b7d-9950770e3cc2',
      methodClass: 'POST',
      durationMs: 52,
      statusCode: 201
    }

      at write (src/observability/safeLogger.js:178:17)

  console.log
    [Simulations] Canonical graph committed: {"operationId":"4891a918-0ccc-44a3-a3d1-d42058ac0b65","service":"plumbing","replayed":false}

      at log (src/routes/simulations.js:131:11)

  console.info
    {
      component: 'http',
      event: 'request_completed',
      requestId: 'a840a11b-9e00-408d-89f3-108f5e876cc3',
      methodClass: 'POST',
      durationMs: 14,
      statusCode: 201
    }

      at write (src/observability/safeLogger.js:178:17)

  console.log
    [Simulations] Canonical graph committed: {"operationId":"e0d22f91-586f-4b3a-8234-fefca9ba2f7c","service":"plumbing","replayed":false}

      at log (src/routes/simulations.js:131:11)

  console.info
    {
      component: 'http',
      event: 'request_completed',
      requestId: '21504ce7-95a7-435b-9e4b-9dff94837eda',
      methodClass: 'POST',
      durationMs: 21,
      statusCode: 201
    }

      at write (src/observability/safeLogger.js:178:17)

  console.log
    [Simulations] Canonical graph committed: {"operationId":"6dddcbc1-29a0-457b-9f52-7401cc2c8687","service":"plumbing","replayed":false}

      at log (src/routes/simulations.js:131:11)

  console.info
    {
      component: 'http',
      event: 'request_completed',
      requestId: '18e00762-940d-48aa-a825-7bb446fc993f',
      methodClass: 'POST',
      durationMs: 31,
      statusCode: 201
    }

      at write (src/observability/safeLogger.js:178:17)

  console.log
    [Simulations] Canonical graph committed: {"operationId":"aecf4285-2f88-414b-a677-79c174ff3c47","service":"plumbing","replayed":false}

      at log (src/routes/simulations.js:131:11)

  console.info
    {
      component: 'http',
      event: 'request_completed',
      requestId: '75851ee8-d93f-4d3b-8ca3-1e97cf7f9487',
      methodClass: 'POST',
      durationMs: 37,
      statusCode: 201
    }

      at write (src/observability/safeLogger.js:178:17)

  console.log
    [Simulations] Canonical graph committed: {"operationId":"6767bd4e-120c-4eaa-b8fb-8b02cb0123c8","service":"plumbing","replayed":false}

      at log (src/routes/simulations.js:131:11)

  console.info
    {
      component: 'http',
      event: 'request_completed',
      requestId: '90538785-a006-46a9-b525-cae893bc25aa',
      methodClass: 'POST',
      durationMs: 44,
      statusCode: 201
    }

      at write (src/observability/safeLogger.js:178:17)

  console.log
    [Simulations] Canonical graph committed: {"operationId":"02e86ffa-dd3b-4512-9535-80a490c31fae","service":"plumbing","replayed":false}

      at log (src/routes/simulations.js:131:11)

  console.info
    {
      component: 'http',
      event: 'request_completed',
      requestId: '318d1e46-8412-49d8-999c-f581e0a94036',
      methodClass: 'POST',
      durationMs: 15,
      statusCode: 201
    }

      at write (src/observability/safeLogger.js:178:17)

  console.log
    [Simulations] Canonical graph committed: {"operationId":"5d37d052-51fd-4fa8-9e47-3c04b41913e5","service":"plumbing","replayed":false}

      at log (src/routes/simulations.js:131:11)

  console.info
    {
      component: 'http',
      event: 'request_completed',
      requestId: '902ef93f-3405-4c0f-ab77-e02014730118',
      methodClass: 'POST',
      durationMs: 22,
      statusCode: 201
    }

      at write (src/observability/safeLogger.js:178:17)

  console.log
    [Simulations] Canonical graph committed: {"operationId":"18487065-19e8-4ea3-9988-ea969185b2ac","service":"plumbing","replayed":false}

      at log (src/routes/simulations.js:131:11)

  console.info
    {
      component: 'http',
      event: 'request_completed',
      requestId: '437e0e33-eb83-4d2a-9027-7e5d7e79eea0',
      methodClass: 'POST',
      durationMs: 30,
      statusCode: 201
    }

      at write (src/observability/safeLogger.js:178:17)

  console.log
    [Simulations] Canonical graph committed: {"operationId":"631d78cd-2e34-457f-b3e4-5627234db34c","service":"plumbing","replayed":false}

      at log (src/routes/simulations.js:131:11)

  console.info
    {
      component: 'http',
      event: 'request_completed',
      requestId: '644dcd2a-dd79-45eb-99e3-aed92aebc232',
      methodClass: 'POST',
      durationMs: 37,
      statusCode: 201
    }

      at write (src/observability/safeLogger.js:178:17)

  console.log
    [Simulations] Canonical graph committed: {"operationId":"74bf2f0c-8b3e-4fdd-819a-c8486868740b","service":"plumbing","replayed":false}

      at log (src/routes/simulations.js:131:11)

  console.info
    {
      component: 'http',
      event: 'request_completed',
      requestId: '12905f15-d0dd-42f0-a32b-a2aa04c1d5d8',
      methodClass: 'POST',
      durationMs: 45,
      statusCode: 201
    }

      at write (src/observability/safeLogger.js:178:17)

  console.log
    [Simulations] Canonical graph committed: {"operationId":"98babcf3-2ca5-4e82-876d-d8ce3dcf9b74","service":"plumbing","replayed":false}

      at log (src/routes/simulations.js:131:11)

  console.info
    {
      component: 'http',
      event: 'request_completed',
      requestId: 'cf814b89-f62a-457e-9c7e-f2fd5cccdfc7',
      methodClass: 'POST',
      durationMs: 15,
      statusCode: 201
    }

      at write (src/observability/safeLogger.js:178:17)

  console.log
    [Simulations] Canonical graph committed: {"operationId":"e387c17f-2f46-46af-9561-72e19be0a90a","service":"plumbing","replayed":false}

      at log (src/routes/simulations.js:131:11)

  console.info
    {
      component: 'http',
      event: 'request_completed',
      requestId: '21f7529c-fec5-4319-ae99-90a241e9f6d3',
      methodClass: 'POST',
      durationMs: 20,
      statusCode: 201
    }

      at write (src/observability/safeLogger.js:178:17)

  console.log
    [Simulations] Canonical graph committed: {"operationId":"28e0a155-4eb6-4397-a068-66784f522cb9","service":"plumbing","replayed":false}

      at log (src/routes/simulations.js:131:11)

  console.info
    {
      component: 'http',
      event: 'request_completed',
      requestId: 'a53629a2-3362-48a3-88a6-47d289248611',
      methodClass: 'POST',
      durationMs: 29,
      statusCode: 201
    }

      at write (src/observability/safeLogger.js:178:17)

  console.log
    [Simulations] Canonical graph committed: {"operationId":"e5fb2b3a-2e79-46f5-b6df-ac4534ad53f1","service":"plumbing","replayed":false}

      at log (src/routes/simulations.js:131:11)

  console.info
    {
      component: 'http',
      event: 'request_completed',
      requestId: '525a3319-7c3f-471c-980a-4ee4ad25a2ea',
      methodClass: 'POST',
      durationMs: 36,
      statusCode: 201
    }

      at write (src/observability/safeLogger.js:178:17)

  console.log
    [Simulations] Canonical graph committed: {"operationId":"632f07c3-ada1-4aae-afd5-accddc55be39","service":"plumbing","replayed":false}

      at log (src/routes/simulations.js:131:11)

  console.info
    {
      component: 'http',
      event: 'request_completed',
      requestId: '1aec73c9-602a-4f1e-b046-051a79bdab8e',
      methodClass: 'POST',
      durationMs: 44,
      statusCode: 201
    }

      at write (src/observability/safeLogger.js:178:17)

  console.log
    [Simulations] Canonical graph committed: {"operationId":"84bb17a3-93cb-4086-84cb-2440d3cd7e5b","service":"plumbing","replayed":false}

      at log (src/routes/simulations.js:131:11)

  console.info
    {
      component: 'http',
      event: 'request_completed',
      requestId: 'a0b4bf1d-8f6a-4c1a-ae87-46ffa39c5996',
      methodClass: 'POST',
      durationMs: 15,
      statusCode: 201
    }

      at write (src/observability/safeLogger.js:178:17)

  console.log
    [Simulations] Canonical graph committed: {"operationId":"9a2e2ce8-bf48-4b37-99f8-03d073de143e","service":"plumbing","replayed":false}

      at log (src/routes/simulations.js:131:11)

  console.info
    {
      component: 'http',
      event: 'request_completed',
      requestId: '15543986-beac-4ea2-8970-4863bd34c3bf',
      methodClass: 'POST',
      durationMs: 22,
      statusCode: 201
    }

      at write (src/observability/safeLogger.js:178:17)

  console.log
    [Simulations] Canonical graph committed: {"operationId":"d8398e0d-3106-425a-b6ef-e28298adf760","service":"plumbing","replayed":false}

      at log (src/routes/simulations.js:131:11)

  console.info
    {
      component: 'http',
      event: 'request_completed',
      requestId: 'b82f6901-555b-4faf-a286-3d4a31c6c7f4',
      methodClass: 'POST',
      durationMs: 29,
      statusCode: 201
    }

      at write (src/observability/safeLogger.js:178:17)

  console.log
    [Simulations] Canonical graph committed: {"operationId":"8b075728-ac78-43bd-ae9e-c20daeed85be","service":"plumbing","replayed":false}

      at log (src/routes/simulations.js:131:11)

  console.info
    {
      component: 'http',
      event: 'request_completed',
      requestId: 'e3b0be0a-8577-46bc-a841-462ec6352616',
      methodClass: 'POST',
      durationMs: 38,
      statusCode: 201
    }

      at write (src/observability/safeLogger.js:178:17)

  console.log
    [Simulations] Canonical graph committed: {"operationId":"9942c7e9-f947-47a9-a9ac-1a44d352037f","service":"plumbing","replayed":false}

      at log (src/routes/simulations.js:131:11)

  console.info
    {
      component: 'http',
      event: 'request_completed',
      requestId: '62e0bfca-ab3e-4c2a-a8f9-dd7f0f6cfe27',
      methodClass: 'POST',
      durationMs: 44,
      statusCode: 201
    }

      at write (src/observability/safeLogger.js:178:17)

  console.log
    [Simulations] Canonical graph committed: {"operationId":"38a4daa3-c6b9-4dfe-9e6e-70222b88ff2a","service":"plumbing","replayed":false}

      at log (src/routes/simulations.js:131:11)

  console.info
    {
      component: 'http',
      event: 'request_completed',
      requestId: 'ce18c0cf-3ed0-4124-b351-0c8e6f76d72f',
      methodClass: 'POST',
      durationMs: 15,
      statusCode: 201
    }

      at write (src/observability/safeLogger.js:178:17)

  console.log
    [Simulations] Canonical graph committed: {"operationId":"7c5f7133-fcb2-497c-9e0c-7a39a715e559","service":"plumbing","replayed":false}

      at log (src/routes/simulations.js:131:11)

  console.info
    {
      component: 'http',
      event: 'request_completed',
      requestId: '6b4ba801-a395-406f-8424-dbc0f5b4fb0a',
      methodClass: 'POST',
      durationMs: 21,
      statusCode: 201
    }

      at write (src/observability/safeLogger.js:178:17)

  console.log
    [Simulations] Canonical graph committed: {"operationId":"8fd58eb5-b0c3-4471-bb7e-4255883ffd17","service":"plumbing","replayed":false}

      at log (src/routes/simulations.js:131:11)

  console.info
    {
      component: 'http',
      event: 'request_completed',
      requestId: '3cfbeb07-ac60-4f5c-b7a9-e097cea23995',
      methodClass: 'POST',
      durationMs: 29,
      statusCode: 201
    }

      at write (src/observability/safeLogger.js:178:17)

  console.log
    [Simulations] Canonical graph committed: {"operationId":"be6384b2-c76b-44cb-b9c8-e2a0489b38b1","service":"plumbing","replayed":false}

      at log (src/routes/simulations.js:131:11)

  console.info
    {
      component: 'http',
      event: 'request_completed',
      requestId: '0993d5af-3307-4b53-ab2c-032f42bab6b0',
      methodClass: 'POST',
      durationMs: 38,
      statusCode: 201
    }

      at write (src/observability/safeLogger.js:178:17)

  console.log
    [Simulations] Canonical graph committed: {"operationId":"d6e65ddd-ad28-42f3-8ac6-b37aa6f96362","service":"plumbing","replayed":false}

      at log (src/routes/simulations.js:131:11)

  console.info
    {
      component: 'http',
      event: 'request_completed',
      requestId: 'da554b42-1160-4a82-8dcb-5a66c07b9c2c',
      methodClass: 'POST',
      durationMs: 45,
      statusCode: 201
    }

      at write (src/observability/safeLogger.js:178:17)

  console.log
    [Simulations] Canonical graph committed: {"operationId":"bc74be9a-d3af-452f-bbc2-d3495dc6628a","service":"plumbing","replayed":false}

      at log (src/routes/simulations.js:131:11)

  console.info
    {
      component: 'http',
      event: 'request_completed',
      requestId: '5b10a7fd-2c81-4163-bff6-f503338b1a1c',
      methodClass: 'POST',
      durationMs: 9,
      statusCode: 201
    }

      at write (src/observability/safeLogger.js:178:17)

  console.info
    {
      component: 'http',
      event: 'request_completed',
      requestId: '58131e0b-9419-485b-ba0c-a7072f728b51',
      methodClass: 'GET',
      durationMs: 18,
      statusCode: 200
    }

      at write (src/observability/safeLogger.js:178:17)

  console.info
    {
      component: 'http',
      event: 'request_completed',
      requestId: 'e05a0d2c-a5e9-47b4-b461-c6dd9b6fcfa3',
      methodClass: 'GET',
      durationMs: 143,
      statusCode: 200
    }

      at write (src/observability/safeLogger.js:178:17)

  console.info
    {
      component: 'http',
      event: 'request_completed',
      requestId: '6e75c632-2ac6-4f90-bb87-8450e9498f2c',
      methodClass: 'GET',
      durationMs: 2,
      statusCode: 400
    }

      at write (src/observability/safeLogger.js:178:17)

  console.info
    {
      component: 'http',
      event: 'request_completed',
      requestId: 'ef54f77b-31bf-4108-a6eb-ab1af19db570',
      methodClass: 'GET',
      durationMs: 2,
      statusCode: 400
    }

      at write (src/observability/safeLogger.js:178:17)

  console.info
    {
      component: 'http',
      event: 'request_completed',
      requestId: '841e93e0-babe-428e-bcf2-2dcf17f7cfe9',
      methodClass: 'GET',
      durationMs: 2,
      statusCode: 400
    }

      at write (src/observability/safeLogger.js:178:17)

  console.info
    {
      component: 'http',
      event: 'request_completed',
      requestId: '550ffdde-e625-4070-b3e4-a2842cab0e6a',
      methodClass: 'GET',
      durationMs: 2,
      statusCode: 400
    }

      at write (src/observability/safeLogger.js:178:17)

  console.info
    {
      component: 'http',
      event: 'request_completed',
      requestId: '57ca6e48-26ef-42aa-9514-98df9d2c23ae',
      methodClass: 'GET',
      durationMs: 2,
      statusCode: 400
    }

      at write (src/observability/safeLogger.js:178:17)

  console.info
    {
      component: 'http',
      event: 'request_completed',
      requestId: 'e252d21a-30d2-49e6-973f-56e48508946e',
      methodClass: 'GET',
      durationMs: 3,
      statusCode: 400
    }

      at write (src/observability/safeLogger.js:178:17)

  console.info
    {
      component: 'http',
      event: 'request_completed',
      requestId: 'eca4ff80-7f5f-4fbd-afd5-bedd44760b06',
      methodClass: 'GET',
      durationMs: 2,
      statusCode: 400
    }

      at write (src/observability/safeLogger.js:178:17)

  console.info
    {
      component: 'http',
      event: 'request_completed',
      requestId: '2a526dbd-3356-4a70-b884-c6e4ce82b46f',
      methodClass: 'GET',
      durationMs: 2,
      statusCode: 400
    }

      at write (src/observability/safeLogger.js:178:17)

  console.info
    {
      component: 'http',
      event: 'request_completed',
      requestId: '5169ea89-a3a5-4e47-bf04-b4f1f089bb26',
      methodClass: 'GET',
      durationMs: 2,
      statusCode: 400
    }

      at write (src/observability/safeLogger.js:178:17)

  console.info
    {
      component: 'http',
      event: 'request_completed',
      requestId: '2e0f838b-60af-436d-bd71-ca67f418debc',
      methodClass: 'GET',
      durationMs: 2,
      statusCode: 400
    }

      at write (src/observability/safeLogger.js:178:17)

  console.info
    {
      component: 'http',
      event: 'request_completed',
      requestId: '0c2f1042-156f-4279-90ef-58d8d5179472',
      methodClass: 'GET',
      durationMs: 2,
      statusCode: 400
    }

      at write (src/observability/safeLogger.js:178:17)

  console.info
    {
      component: 'http',
      event: 'request_completed',
      requestId: '6ae90e9e-f4fe-4a78-b7e4-cb6d32219098',
      methodClass: 'GET',
      durationMs: 2,
      statusCode: 400
    }

      at write (src/observability/safeLogger.js:178:17)

  console.info
    {
      component: 'http',
      event: 'request_completed',
      requestId: '496a3908-17ce-44df-bcf9-9c11def15d06',
      methodClass: 'GET',
      durationMs: 3,
      statusCode: 400
    }

      at write (src/observability/safeLogger.js:178:17)

  console.info
    {
      component: 'http',
      event: 'request_completed',
      requestId: 'efbefe1d-86d0-4dfe-84b8-b13ed864a546',
      methodClass: 'GET',
      durationMs: 2,
      statusCode: 400
    }

      at write (src/observability/safeLogger.js:178:17)

  console.info
    {
      component: 'http',
      event: 'request_completed',
      requestId: '32dc9a69-13d6-4ce5-8bed-707923bf1a70',
      methodClass: 'GET',
      durationMs: 2,
      statusCode: 400
    }

      at write (src/observability/safeLogger.js:178:17)

  console.info
    {
      component: 'http',
      event: 'request_completed',
      requestId: 'c6dfd1f1-fbb5-47f1-ad9f-7ca0a05cd30a',
      methodClass: 'GET',
      durationMs: 27,
      statusCode: 200
    }

      at write (src/observability/safeLogger.js:178:17)

  console.info
    {
      component: 'http',
      event: 'request_completed',
      requestId: '0b7db107-fde2-4c46-bb85-b4e9bebf02ed',
      methodClass: 'GET',
      durationMs: 119,
      statusCode: 200
    }

      at write (src/observability/safeLogger.js:178:17)

  console.info
    {
      component: 'http',
      event: 'request_completed',
      requestId: 'd4faf56a-5080-4265-8c5a-14e984a66b60',
      methodClass: 'POST',
      durationMs: 45,
      statusCode: 201
    }

      at write (src/observability/safeLogger.js:178:17)

  console.info
    {
      component: 'http',
      event: 'request_completed',
      requestId: '4653182e-f289-4913-ae52-4eaedc1029cb',
      methodClass: 'POST',
      durationMs: 70,
      statusCode: 200
    }

      at write (src/observability/safeLogger.js:178:17)

  console.info
    {
      component: 'http',
      event: 'request_completed',
      requestId: 'e2f56407-9993-4d19-8d0d-1a8df6695b01',
      methodClass: 'GET',
      durationMs: 130,
      statusCode: 200
    }

      at write (src/observability/safeLogger.js:178:17)

  console.info
    {
      component: 'http',
      event: 'request_completed',
      requestId: '9ccd7370-4ecb-4750-8858-fac7738406b0',
      methodClass: 'GET',
      durationMs: 2,
      statusCode: 400
    }

      at write (src/observability/safeLogger.js:178:17)

  console.log
    [DB] Migration applied: 001_initial_schema.sql

      at log (src/db.js:1312:42)

  console.log
    [DB] Migration applied: 002_seed_data.sql

      at log (src/db.js:1312:42)

  console.log
    [DB] Migration applied: 003_voice_sessions.sql

      at log (src/db.js:1312:42)

  console.log
    [DB] Migration applied: 004_canonical_persistence_v2.sql

      at log (src/db.js:1312:42)

  console.log
    [DB] Migration applied: 005_canonical_organization_authority.sql

      at log (src/db.js:1312:42)

  console.log
    [DB] Migration applied: 006_canonical_voice_sessions.sql

      at log (src/db.js:1312:42)

  console.log
    [DB] Migration applied: 007_canonical_tax_authority.sql

      at log (src/db.js:1312:42)

  console.log
    [DB] Migration applied: 008_canonical_demo_authority.sql

      at log (src/db.js:1312:42)

  console.log
    [DB] Migration applied: 009_canonical_voice_provider_identity.sql

      at log (src/db.js:1312:42)

  console.log
    [DB] Migration applied: 010_account_session_authority.sql

      at log (src/db.js:1312:42)

  console.log
    [DB] Migration applied: 011_oauth_authorization_states.sql

      at log (src/db.js:1312:42)

  console.log
    [DB] Migration applied: 012_account_verification_trial.sql

      at log (src/db.js:1312:42)

  console.log
    [DB] Migration applied: 015_workforce_authority.sql

      at log (src/db.js:1312:42)

  console.log
    [DB] Migration applied: 016_tenant_asset_catalogue.sql

      at log (src/db.js:1312:42)

  console.log
    [DB] Migration applied: 017_retell_webhook_replay_authority.sql

      at log (src/db.js:1312:42)

  console.log
    [DB] Migration applied: 018_canonical_map_preferences.sql

      at log (src/db.js:1312:42)

  console.log
    [DB] Migration applied: 019_account_email_outbox.sql

      at log (src/db.js:1312:42)

  console.log
    [DB] Migration applied: 020_canonical_workforce_access_roles.sql

      at log (src/db.js:1312:42)

  console.log
    [DB] Migration applied: 021_bounded_api_observability.sql

      at log (src/db.js:1312:42)

  console.log
    [DB] Migration applied: 022_demo_command_center_sessions.sql

      at log (src/db.js:1312:42)

  console.log
    [DB] Migration applied: 023_homepage_demo_admission.sql

      at log (src/db.js:1312:42)

  console.log
    [DB] Migration applied: 024_homepage_verified_purge_receipt.sql

      at log (src/db.js:1312:42)

  console.log
    [DB] Migration applied: 025_provider_agnostic_knowledge_registry.sql

      at log (src/db.js:1312:42)

  console.log
    [DB] Migration applied: 026_canonical_knowledge_review_publication.sql

      at log (src/db.js:1312:42)

  console.log
    [DB] Migration applied: 027_canonical_knowledge_audit_graph_authority.sql

      at log (src/db.js:1312:42)

  console.log
    [DB] Migration applied: 028_canonical_knowledge_immutable_lifecycle.sql

      at log (src/db.js:1312:42)

  console.log
    [DB] Migration applied: 029_canonical_knowledge_transactional_sync.sql

      at log (src/db.js:1312:42)

  console.log
    [DB] Migration applied: 030_canonical_knowledge_sync_revocation.sql

      at log (src/db.js:1312:42)

  console.log
    [DB] Migration applied: 031_canonical_knowledge_sync_recovery_lifecycle.sql

      at log (src/db.js:1312:42)

  console.log
    [DB] Migration applied: 032_canonical_schedule_assignment_authority.sql

      at log (src/db.js:1312:42)

  console.log
    [DB] Migration applied: 033_canonical_schedule_time_evidence.sql

      at log (src/db.js:1312:42)

  console.log
    [DB] Migration applied: 034_schedule_availability_conflict_authority.sql

      at log (src/db.js:1312:42)

  console.log
    [DB] Migration applied: 035_schedule_human_preview_approval.sql

      at log (src/db.js:1312:42)

  console.info
    [forgot-password-timing-matrix] {"measuredRounds":15,"summaries":[{"baselineFirstCount":8,"baselineMedianMs":123.253,"classMedianMs":123.851,"cliffsDelta":-0.084,"logRatios":[-0.004394,0.008571,-0.012664,-0.028846,-0.029059,-0.082046,0.130421,0.01931,-0.089192,-0.081309,-0.016678,0.000442,-0.006449,0.117053,0.014847],"marginalRatio":1.005,"medianLogRatio":-0.006449,"name":"malformed","probabilityClassSlower":0.458,"ratio":1.006,"relativeGap":0.006,"rawBaselineMs":[109.544,107.818,108.397,110.588,127.503,125.327,109.039,123.253,122.247,126.309,126.822,123.839,125.12,110.446,125.053],"rawClassMs":[109.064,108.746,107.033,107.444,123.851,115.455,124.229,125.656,111.816,116.446,124.724,123.894,124.316,124.161,126.923]},{"baselineFirstCount":7,"baselineMedianMs":124.28,"classMedianMs":124.051,"cliffsDelta":-0.209,"logRatios":[0.013173,-0.005798,-0.040101,-0.079413,0.129554,-0.0416,-0.225814,0.000596,-0.013338,-0.116031,-0.001256,-0.001689,0.009763,0.010162,-0.015833],"marginalRatio":1.002,"medianLogRatio":-0.005798,"name":"absent","probabilityClassSlower":0.396,"ratio":1.006,"relativeGap":0.006,"rawBaselineMs":[106.904,110.241,111.231,125.532,109.317,129.696,156.738,123.977,124.851,127.798,124.28,124.829,124.28,124.469,124.116],"rawClassMs":[108.321,109.604,106.859,115.949,124.438,124.412,125.056,124.051,123.196,113.797,124.124,124.619,125.5,125.74,122.166]},{"baselineFirstCount":8,"baselineMedianMs":123.523,"classMedianMs":122.636,"cliffsDelta":0.049,"logRatios":[0.001408,-0.008139,0.023364,0.000224,0.060758,-0.007701,0.096659,0.103363,0.008079,-0.051279,-0.091637,-0.063842,-0.084399,0.065195,0.000106],"marginalRatio":1.007,"medianLogRatio":0.000224,"name":"membership-inactive","probabilityClassSlower":0.524,"ratio":1,"relativeGap":0,"rawBaselineMs":[108.046,109.959,107.026,125.202,118.454,125.215,112.767,110.593,123.966,127.153,123.523,124.711,124.301,119.274,124.465],"rawClassMs":[108.198,109.068,109.556,125.23,125.874,124.255,124.211,122.636,124.971,120.797,112.707,116.998,114.241,127.309,124.478]},{"baselineFirstCount":7,"baselineMedianMs":123.842,"classMedianMs":123.742,"cliffsDelta":-0.013,"logRatios":[0.016774,0.004294,-0.006428,-0.007805,-0.069787,-0.022676,-0.021117,0.003418,0.023796,-0.003846,0.000413,0.004125,0.010945,0.002564,0.005137],"marginalRatio":1.001,"medianLogRatio":0.002564,"name":"disabled","probabilityClassSlower":0.493,"ratio":1.003,"relativeGap":0.003,"rawBaselineMs":[107.973,109.345,108.64,109.59,112.845,125.258,126.383,123.563,123.598,123.929,125.156,125.514,123.842,124.597,124.119],"rawClassMs":[109.799,109.816,107.944,108.738,105.238,122.449,123.742,123.986,126.574,123.454,125.208,126.033,125.205,124.917,124.758]}]}

      at Object.info (tests/api/m20-phase7-forgot-password-timing-postgres.test.js:277:13)

  console.log
    [DB] Migration applied: 001_initial_schema.sql

      at log (src/db.js:1312:42)

  console.log
    [DB] Migration applied: 002_seed_data.sql

      at log (src/db.js:1312:42)

  console.log
    [DB] Migration applied: 003_voice_sessions.sql

      at log (src/db.js:1312:42)

  console.log
    [DB] Migration applied: 004_canonical_persistence_v2.sql

      at log (src/db.js:1312:42)

  console.log
    [DB] Migration applied: 005_canonical_organization_authority.sql

      at log (src/db.js:1312:42)

  console.log
    [DB] Migration applied: 006_canonical_voice_sessions.sql

      at log (src/db.js:1312:42)

  console.log
    [DB] Migration applied: 007_canonical_tax_authority.sql

      at log (src/db.js:1312:42)

  console.log
    [DB] Migration applied: 008_canonical_demo_authority.sql

      at log (src/db.js:1312:42)

  console.log
    [DB] Migration applied: 009_canonical_voice_provider_identity.sql

      at log (src/db.js:1312:42)

  console.log
    [DB] Migration applied: 010_account_session_authority.sql

      at log (src/db.js:1312:42)

  console.log
    [DB] Migration applied: 011_oauth_authorization_states.sql

      at log (src/db.js:1312:42)

  console.log
    [DB] Migration applied: 012_account_verification_trial.sql

      at log (src/db.js:1312:42)

  console.log
    [DB] Migration applied: 015_workforce_authority.sql

      at log (src/db.js:1312:42)

  console.log
    [DB] Migration applied: 016_tenant_asset_catalogue.sql

      at log (src/db.js:1312:42)

  console.log
    [DB] Migration applied: 017_retell_webhook_replay_authority.sql

      at log (src/db.js:1312:42)

  console.log
    [DB] Migration applied: 018_canonical_map_preferences.sql

      at log (src/db.js:1312:42)

  console.log
    [DB] Migration applied: 019_account_email_outbox.sql

      at log (src/db.js:1312:42)

  console.log
    [DB] Migration applied: 020_canonical_workforce_access_roles.sql

      at log (src/db.js:1312:42)

  console.log
    [DB] Migration applied: 021_bounded_api_observability.sql

      at log (src/db.js:1312:42)

  console.log
    [DB] Migration applied: 022_demo_command_center_sessions.sql

      at log (src/db.js:1312:42)

  console.log
    [DB] Migration applied: 023_homepage_demo_admission.sql

      at log (src/db.js:1312:42)

  console.log
    [DB] Migration applied: 024_homepage_verified_purge_receipt.sql

      at log (src/db.js:1312:42)

  console.log
    [DB] Migration applied: 025_provider_agnostic_knowledge_registry.sql

      at log (src/db.js:1312:42)

  console.log
    [DB] Migration applied: 026_canonical_knowledge_review_publication.sql

      at log (src/db.js:1312:42)

  console.log
    [DB] Migration applied: 027_canonical_knowledge_audit_graph_authority.sql

      at log (src/db.js:1312:42)

  console.log
    [DB] Migration applied: 028_canonical_knowledge_immutable_lifecycle.sql

      at log (src/db.js:1312:42)

  console.log
    [DB] Migration applied: 029_canonical_knowledge_transactional_sync.sql

      at log (src/db.js:1312:42)

  console.log
    [DB] Migration applied: 030_canonical_knowledge_sync_revocation.sql

      at log (src/db.js:1312:42)

  console.log
    [DB] Migration applied: 031_canonical_knowledge_sync_recovery_lifecycle.sql

      at log (src/db.js:1312:42)

  console.log
    [DB] Migration applied: 032_canonical_schedule_assignment_authority.sql

      at log (src/db.js:1312:42)

  console.log
    [DB] Migration applied: 033_canonical_schedule_time_evidence.sql

      at log (src/db.js:1312:42)

  console.log
    [DB] Migration applied: 034_schedule_availability_conflict_authority.sql

      at log (src/db.js:1312:42)

  console.log
    [DB] Migration applied: 035_schedule_human_preview_approval.sql

      at log (src/db.js:1312:42)

  console.info
    {
      component: 'http',
      event: 'request_completed',
      requestId: '33a76db3-a41d-4d41-a0be-6321913f6e8d',
      methodClass: 'GET',
      durationMs: 4,
      statusCode: 200
    }

      at write (src/observability/safeLogger.js:178:17)

  console.info
    {
      component: 'http',
      event: 'request_completed',
      requestId: '12760f8e-1392-4fad-ba8c-2932b4dc02bd',
      methodClass: 'GET',
      durationMs: 3,
      statusCode: 503
    }

      at write (src/observability/safeLogger.js:178:17)

  console.info
    {
      component: 'http',
      event: 'request_completed',
      requestId: 'ccbe57d8-0389-48a9-a19b-00f0591b5ab9',
      methodClass: 'GET',
      durationMs: 2,
      statusCode: 503
    }

      at write (src/observability/safeLogger.js:178:17)

  console.info
    {
      component: 'http',
      event: 'request_completed',
      requestId: '1b45ea8b-9768-48db-badf-b8361f395097',
      methodClass: 'POST',
      durationMs: 3,
      statusCode: 503
    }

      at write (src/observability/safeLogger.js:178:17)

  console.info
    {
      component: 'http',
      event: 'request_completed',
      requestId: 'b2569038-73c6-4d47-a789-b4e9de6899fc',
      methodClass: 'GET',
      durationMs: 2,
      statusCode: 403
    }

      at write (src/observability/safeLogger.js:178:17)

  console.info
    {
      component: 'http',
      event: 'request_completed',
      requestId: 'aec887aa-d14b-4be1-ba1d-1d07e40d8864',
      methodClass: 'GET',
      durationMs: 3,
      statusCode: 403
    }

      at write (src/observability/safeLogger.js:178:17)

  console.info
    {
      component: 'http',
      event: 'request_completed',
      requestId: 'c39df315-0e31-459c-a33f-4bfb8d9da272',
      methodClass: 'GET',
      durationMs: 1,
      statusCode: 503
    }

      at write (src/observability/safeLogger.js:178:17)

  console.log
    [DB] Migration applied: 001_initial_schema.sql

      at log (src/db.js:1312:42)

  console.log
    [DB] Migration applied: 002_seed_data.sql

      at log (src/db.js:1312:42)

  console.log
    [DB] Migration applied: 003_voice_sessions.sql

      at log (src/db.js:1312:42)

  console.log
    [DB] Migration applied: 004_canonical_persistence_v2.sql

      at log (src/db.js:1312:42)

  console.log
    [DB] Migration applied: 005_canonical_organization_authority.sql

      at log (src/db.js:1312:42)

  console.log
    [DB] Migration applied: 006_canonical_voice_sessions.sql

      at log (src/db.js:1312:42)

  console.log
    [DB] Migration applied: 007_canonical_tax_authority.sql

      at log (src/db.js:1312:42)

  console.log
    [DB] Migration applied: 008_canonical_demo_authority.sql

      at log (src/db.js:1312:42)

  console.log
    [DB] Migration applied: 009_canonical_voice_provider_identity.sql

      at log (src/db.js:1312:42)

  console.log
    [DB] Migration applied: 010_account_session_authority.sql

      at log (src/db.js:1312:42)

  console.log
    [DB] Migration applied: 011_oauth_authorization_states.sql

      at log (src/db.js:1312:42)

  console.log
    [DB] Migration applied: 012_account_verification_trial.sql

      at log (src/db.js:1312:42)

  console.log
    [DB] Migration applied: 015_workforce_authority.sql

      at log (src/db.js:1312:42)

  console.log
    [DB] Migration applied: 016_tenant_asset_catalogue.sql

      at log (src/db.js:1312:42)

  console.log
    [DB] Migration applied: 017_retell_webhook_replay_authority.sql

      at log (src/db.js:1312:42)

  console.log
    [DB] Migration applied: 018_canonical_map_preferences.sql

      at log (src/db.js:1312:42)

  console.log
    [DB] Migration applied: 019_account_email_outbox.sql

      at log (src/db.js:1312:42)

  console.log
    [DB] Migration applied: 020_canonical_workforce_access_roles.sql

      at log (src/db.js:1312:42)

  console.log
    [DB] Migration applied: 021_bounded_api_observability.sql

      at log (src/db.js:1312:42)

  console.log
    [DB] Migration applied: 022_demo_command_center_sessions.sql

      at log (src/db.js:1312:42)

  console.log
    [DB] Migration applied: 023_homepage_demo_admission.sql

      at log (src/db.js:1312:42)

  console.log
    [DB] Migration applied: 024_homepage_verified_purge_receipt.sql

      at log (src/db.js:1312:42)

  console.log
    [DB] Migration applied: 025_provider_agnostic_knowledge_registry.sql

      at log (src/db.js:1312:42)

  console.log
    [DB] Migration applied: 026_canonical_knowledge_review_publication.sql

      at log (src/db.js:1312:42)

  console.log
    [DB] Migration applied: 027_canonical_knowledge_audit_graph_authority.sql

      at log (src/db.js:1312:42)

  console.log
    [DB] Migration applied: 028_canonical_knowledge_immutable_lifecycle.sql

      at log (src/db.js:1312:42)

  console.log
    [DB] Migration applied: 029_canonical_knowledge_transactional_sync.sql

      at log (src/db.js:1312:42)

  console.log
    [DB] Migration applied: 030_canonical_knowledge_sync_revocation.sql

      at log (src/db.js:1312:42)

  console.log
    [DB] Migration applied: 031_canonical_knowledge_sync_recovery_lifecycle.sql

      at log (src/db.js:1312:42)

  console.log
    [DB] Migration applied: 032_canonical_schedule_assignment_authority.sql

      at log (src/db.js:1312:42)

  console.log
    [DB] Migration applied: 033_canonical_schedule_time_evidence.sql

      at log (src/db.js:1312:42)

  console.log
    [DB] Migration applied: 034_schedule_availability_conflict_authority.sql

      at log (src/db.js:1312:42)

  console.log
    [DB] Migration applied: 035_schedule_human_preview_approval.sql

      at log (src/db.js:1312:42)

  console.log
    [DB] Migration applied: 001_initial_schema.sql

      at log (src/db.js:1312:42)

  console.log
    [DB] Migration applied: 002_seed_data.sql

      at log (src/db.js:1312:42)

  console.log
    [DB] Migration applied: 003_voice_sessions.sql

      at log (src/db.js:1312:42)

  console.log
    [DB] Migration applied: 004_canonical_persistence_v2.sql

      at log (src/db.js:1312:42)

  console.log
    [DB] Migration applied: 005_canonical_organization_authority.sql

      at log (src/db.js:1312:42)

  console.log
    [DB] Migration applied: 006_canonical_voice_sessions.sql

      at log (src/db.js:1312:42)

  console.log
    [DB] Migration applied: 007_canonical_tax_authority.sql

      at log (src/db.js:1312:42)

  console.log
    [DB] Migration applied: 008_canonical_demo_authority.sql

      at log (src/db.js:1312:42)

  console.log
    [DB] Migration applied: 009_canonical_voice_provider_identity.sql

      at log (src/db.js:1312:42)

  console.log
    [DB] Migration applied: 010_account_session_authority.sql

      at log (src/db.js:1312:42)

  console.log
    [DB] Migration applied: 011_oauth_authorization_states.sql

      at log (src/db.js:1312:42)

  console.log
    [DB] Migration applied: 012_account_verification_trial.sql

      at log (src/db.js:1312:42)

  console.log
    [DB] Migration applied: 015_workforce_authority.sql

      at log (src/db.js:1312:42)

  console.log
    [DB] Migration applied: 016_tenant_asset_catalogue.sql

      at log (src/db.js:1312:42)

  console.log
    [DB] Migration applied: 017_retell_webhook_replay_authority.sql

      at log (src/db.js:1312:42)

  console.log
    [DB] Migration applied: 018_canonical_map_preferences.sql

      at log (src/db.js:1312:42)

  console.log
    [DB] Migration applied: 019_account_email_outbox.sql

      at log (src/db.js:1312:42)

  console.log
    [DB] Migration applied: 020_canonical_workforce_access_roles.sql

      at log (src/db.js:1312:42)

  console.log
    [DB] Migration applied: 021_bounded_api_observability.sql

      at log (src/db.js:1312:42)

  console.log
    [DB] Migration applied: 022_demo_command_center_sessions.sql

      at log (src/db.js:1312:42)

  console.log
    [DB] Migration applied: 023_homepage_demo_admission.sql

      at log (src/db.js:1312:42)

  console.log
    [DB] Migration applied: 024_homepage_verified_purge_receipt.sql

      at log (src/db.js:1312:42)

  console.log
    [DB] Migration applied: 025_provider_agnostic_knowledge_registry.sql

      at log (src/db.js:1312:42)

  console.log
    [DB] Migration applied: 026_canonical_knowledge_review_publication.sql

      at log (src/db.js:1312:42)

  console.log
    [DB] Migration applied: 027_canonical_knowledge_audit_graph_authority.sql

      at log (src/db.js:1312:42)

  console.log
    [DB] Migration applied: 028_canonical_knowledge_immutable_lifecycle.sql

      at log (src/db.js:1312:42)

  console.log
    [DB] Migration applied: 029_canonical_knowledge_transactional_sync.sql

      at log (src/db.js:1312:42)

  console.log
    [DB] Migration applied: 030_canonical_knowledge_sync_revocation.sql

      at log (src/db.js:1312:42)

  console.log
    [DB] Migration applied: 031_canonical_knowledge_sync_recovery_lifecycle.sql

      at log (src/db.js:1312:42)

  console.log
    [DB] Migration applied: 032_canonical_schedule_assignment_authority.sql

      at log (src/db.js:1312:42)

  console.log
    [DB] Migration applied: 033_canonical_schedule_time_evidence.sql

      at log (src/db.js:1312:42)

  console.log
    [DB] Migration applied: 034_schedule_availability_conflict_authority.sql

      at log (src/db.js:1312:42)

  console.log
    [DB] Migration applied: 035_schedule_human_preview_approval.sql

      at log (src/db.js:1312:42)

  console.info
    {
      component: 'http',
      event: 'request_completed',
      requestId: '5dae4094-bcfe-4233-b506-c84dd08cca51',
      methodClass: 'POST',
      durationMs: 127,
      statusCode: 201
    }

      at write (src/observability/safeLogger.js:178:17)

  console.info
    {
      component: 'http',
      event: 'request_completed',
      requestId: 'b12d103e-e33d-4fa9-b53a-9a782bc848b2',
      methodClass: 'POST',
      durationMs: 179,
      statusCode: 200
    }

      at write (src/observability/safeLogger.js:178:17)

  console.info
    {
      component: 'http',
      event: 'request_completed',
      requestId: 'e27c860a-53be-4232-820c-3d9c235d13f7',
      methodClass: 'POST',
      durationMs: 97,
      statusCode: 201
    }

      at write (src/observability/safeLogger.js:178:17)

  console.info
    {
      component: 'http',
      event: 'request_completed',
      requestId: '08550da3-4fcd-43cc-969d-44730d388ad1',
      methodClass: 'POST',
      durationMs: 128,
      statusCode: 200
    }

      at write (src/observability/safeLogger.js:178:17)

  console.info
    {
      component: 'http',
      event: 'request_completed',
      requestId: '55828991-dcda-4f57-a4b8-a5facc86f28f',
      methodClass: 'POST',
      durationMs: 90,
      statusCode: 201
    }

      at write (src/observability/safeLogger.js:178:17)

  console.info
    {
      component: 'http',
      event: 'request_completed',
      requestId: '352fe86e-fe10-46c2-94e7-56671e345e00',
      methodClass: 'POST',
      durationMs: 117,
      statusCode: 200
    }

      at write (src/observability/safeLogger.js:178:17)

  console.info
    {
      component: 'http',
      event: 'request_completed',
      requestId: 'f5da6bed-d7f4-49ea-b2c3-5386cb828ec7',
      methodClass: 'PUT',
      durationMs: 114,
      statusCode: 200
    }

      at write (src/observability/safeLogger.js:178:17)

  console.info
    {
      component: 'http',
      event: 'request_completed',
      requestId: '4776599e-7d19-47dc-88d2-d431df4dbde9',
      methodClass: 'PUT',
      durationMs: 115,
      statusCode: 200
    }

      at write (src/observability/safeLogger.js:178:17)

  console.info
    {
      component: 'http',
      event: 'request_completed',
      requestId: '3c0b8e1b-4e67-4d5c-bf63-3f9ff2eb2c4b',
      methodClass: 'POST',
      durationMs: 61,
      statusCode: 200
    }

      at write (src/observability/safeLogger.js:178:17)

  console.info
    {
      component: 'http',
      event: 'request_completed',
      requestId: 'cdd89b5b-e131-4c2c-9907-9b962a3605f8',
      methodClass: 'POST',
      durationMs: 48,
      statusCode: 200
    }

      at write (src/observability/safeLogger.js:178:17)

  console.info
    {
      component: 'http',
      event: 'request_completed',
      requestId: '2146b203-c44e-4a89-b08d-50b8ee804c24',
      methodClass: 'POST',
      durationMs: 57,
      statusCode: 200
    }

      at write (src/observability/safeLogger.js:178:17)

  console.info
    {
      component: 'http',
      event: 'request_completed',
      requestId: 'd142f702-4659-4f27-82f5-ea1614dcc4cf',
      methodClass: 'POST',
      durationMs: 56,
      statusCode: 200
    }

      at write (src/observability/safeLogger.js:178:17)

  console.error
    {
      component: 'http',
      event: 'request_failed',
      requestId: '5b787285-6c86-4858-b609-abd611fcf59b',
      methodClass: 'POST',
      statusCode: 413
    }

      176 |     ...safeFields(fields),
      177 |   };
    > 178 |   console[level](record);
          |                 ^
      179 |   return record;
      180 | }
      181 |

      at write (src/observability/safeLogger.js:178:17)
      at Object.write (src/observability/safeLogger.js:191:10)
      at error (src/middleware/errorHandler.js:22:14)
      at Layer.handle_error (../m22-part3-route-writer/node_modules/express/lib/router/layer.js:71:5)
      at trim_prefix (../m22-part3-route-writer/node_modules/express/lib/router/index.js:326:13)
      at ../m22-part3-route-writer/node_modules/express/lib/router/index.js:286:9
      at router.process_params (../m22-part3-route-writer/node_modules/express/lib/router/index.js:346:12)
      at next (../m22-part3-route-writer/node_modules/express/lib/router/index.js:280:10)
      at Layer.handle_error (../m22-part3-route-writer/node_modules/express/lib/router/layer.js:67:12)
      at trim_prefix (../m22-part3-route-writer/node_modules/express/lib/router/index.js:326:13)
      at ../m22-part3-route-writer/node_modules/express/lib/router/index.js:286:9
      at router.process_params (../m22-part3-route-writer/node_modules/express/lib/router/index.js:346:12)
      at next (../m22-part3-route-writer/node_modules/express/lib/router/index.js:280:10)
      at Layer.handle_error (../m22-part3-route-writer/node_modules/express/lib/router/layer.js:67:12)
      at trim_prefix (../m22-part3-route-writer/node_modules/express/lib/router/index.js:326:13)
      at ../m22-part3-route-writer/node_modules/express/lib/router/index.js:286:9
      at router.process_params (../m22-part3-route-writer/node_modules/express/lib/router/index.js:346:12)
      at next (../m22-part3-route-writer/node_modules/express/lib/router/index.js:280:10)
      at Layer.handle_error (../m22-part3-route-writer/node_modules/express/lib/router/layer.js:67:12)
      at trim_prefix (../m22-part3-route-writer/node_modules/express/lib/router/index.js:326:13)
      at ../m22-part3-route-writer/node_modules/express/lib/router/index.js:286:9
      at router.process_params (../m22-part3-route-writer/node_modules/express/lib/router/index.js:346:12)
      at next (../m22-part3-route-writer/node_modules/express/lib/router/index.js:280:10)
      at Layer.handle_error (../m22-part3-route-writer/node_modules/express/lib/router/layer.js:67:12)
      at trim_prefix (../m22-part3-route-writer/node_modules/express/lib/router/index.js:326:13)
      at ../m22-part3-route-writer/node_modules/express/lib/router/index.js:286:9
      at router.process_params (../m22-part3-route-writer/node_modules/express/lib/router/index.js:346:12)
      at next (../m22-part3-route-writer/node_modules/express/lib/router/index.js:280:10)
      at Layer.handle_error (../m22-part3-route-writer/node_modules/express/lib/router/layer.js:67:12)
      at trim_prefix (../m22-part3-route-writer/node_modules/express/lib/router/index.js:326:13)
      at ../m22-part3-route-writer/node_modules/express/lib/router/index.js:286:9
      at router.process_params (../m22-part3-route-writer/node_modules/express/lib/router/index.js:346:12)
      at next (../m22-part3-route-writer/node_modules/express/lib/router/index.js:280:10)
      at Layer.handle_error (../m22-part3-route-writer/node_modules/express/lib/router/layer.js:67:12)
      at trim_prefix (../m22-part3-route-writer/node_modules/express/lib/router/index.js:326:13)
      at ../m22-part3-route-writer/node_modules/express/lib/router/index.js:286:9
      at router.process_params (../m22-part3-route-writer/node_modules/express/lib/router/index.js:346:12)
      at next (../m22-part3-route-writer/node_modules/express/lib/router/index.js:280:10)
      at Layer.handle_error (../m22-part3-route-writer/node_modules/express/lib/router/layer.js:67:12)
      at trim_prefix (../m22-part3-route-writer/node_modules/express/lib/router/index.js:326:13)
      at ../m22-part3-route-writer/node_modules/express/lib/router/index.js:286:9
      at router.process_params (../m22-part3-route-writer/node_modules/express/lib/router/index.js:346:12)
      at next (../m22-part3-route-writer/node_modules/express/lib/router/index.js:280:10)
      at Layer.handle_error (../m22-part3-route-writer/node_modules/express/lib/router/layer.js:67:12)
      at trim_prefix (../m22-part3-route-writer/node_modules/express/lib/router/index.js:326:13)
      at ../m22-part3-route-writer/node_modules/express/lib/router/index.js:286:9
      at router.process_params (../m22-part3-route-writer/node_modules/express/lib/router/index.js:346:12)
      at next (../m22-part3-route-writer/node_modules/express/lib/router/index.js:280:10)
      at Layer.handle_error (../m22-part3-route-writer/node_modules/express/lib/router/layer.js:67:12)
      at trim_prefix (../m22-part3-route-writer/node_modules/express/lib/router/index.js:326:13)
      at ../m22-part3-route-writer/node_modules/express/lib/router/index.js:286:9
      at router.process_params (../m22-part3-route-writer/node_modules/express/lib/router/index.js:346:12)
      at next (../m22-part3-route-writer/node_modules/express/lib/router/index.js:280:10)
      at Layer.handle_error (../m22-part3-route-writer/node_modules/express/lib/router/layer.js:67:12)
      at trim_prefix (../m22-part3-route-writer/node_modules/express/lib/router/index.js:326:13)
      at ../m22-part3-route-writer/node_modules/express/lib/router/index.js:286:9
      at router.process_params (../m22-part3-route-writer/node_modules/express/lib/router/index.js:346:12)
      at next (../m22-part3-route-writer/node_modules/express/lib/router/index.js:280:10)
      at Layer.handle_error (../m22-part3-route-writer/node_modules/express/lib/router/layer.js:67:12)
      at trim_prefix (../m22-part3-route-writer/node_modules/express/lib/router/index.js:326:13)
      at ../m22-part3-route-writer/node_modules/express/lib/router/index.js:286:9
      at router.process_params (../m22-part3-route-writer/node_modules/express/lib/router/index.js:346:12)
      at next (../m22-part3-route-writer/node_modules/express/lib/router/index.js:280:10)
      at Layer.handle_error (../m22-part3-route-writer/node_modules/express/lib/router/layer.js:67:12)
      at trim_prefix (../m22-part3-route-writer/node_modules/express/lib/router/index.js:326:13)
      at ../m22-part3-route-writer/node_modules/express/lib/router/index.js:286:9
      at router.process_params (../m22-part3-route-writer/node_modules/express/lib/router/index.js:346:12)
      at next (../m22-part3-route-writer/node_modules/express/lib/router/index.js:280:10)
      at Layer.handle_error (../m22-part3-route-writer/node_modules/express/lib/router/layer.js:67:12)
      at trim_prefix (../m22-part3-route-writer/node_modules/express/lib/router/index.js:326:13)
      at ../m22-part3-route-writer/node_modules/express/lib/router/index.js:286:9
      at router.process_params (../m22-part3-route-writer/node_modules/express/lib/router/index.js:346:12)
      at next (../m22-part3-route-writer/node_modules/express/lib/router/index.js:280:10)
      at next (src/scheduling/recommendationHttpBoundary.js:241:25)
      at onfinished (../m22-part3-route-writer/node_modules/body-parser/lib/read.js:102:9)
      at listener (../m22-part3-route-writer/node_modules/on-finished/index.js:170:15)
      at onFinish (../m22-part3-route-writer/node_modules/on-finished/index.js:101:5)
      at callback (../m22-part3-route-writer/node_modules/ee-first/index.js:55:10)
      at IncomingMessage.onevent (../m22-part3-route-writer/node_modules/ee-first/index.js:93:5)

  console.info
    {
      component: 'http',
      event: 'request_completed',
      requestId: 'd22f29e5-3e95-43ba-b66d-ac3535189552',
      methodClass: 'POST',
      durationMs: 62,
      statusCode: 200
    }

      at write (src/observability/safeLogger.js:178:17)

  console.error
    {
      component: 'http',
      event: 'request_failed',
      requestId: '0683c56c-5888-4b9b-95db-b43955efb28f',
      methodClass: 'POST',
      statusCode: 413
    }

      176 |     ...safeFields(fields),
      177 |   };
    > 178 |   console[level](record);
          |                 ^
      179 |   return record;
      180 | }
      181 |

      at write (src/observability/safeLogger.js:178:17)
      at Object.write (src/observability/safeLogger.js:191:10)
      at error (src/middleware/errorHandler.js:22:14)
      at Layer.handle_error (../m22-part3-route-writer/node_modules/express/lib/router/layer.js:71:5)
      at trim_prefix (../m22-part3-route-writer/node_modules/express/lib/router/index.js:326:13)
      at ../m22-part3-route-writer/node_modules/express/lib/router/index.js:286:9
      at router.process_params (../m22-part3-route-writer/node_modules/express/lib/router/index.js:346:12)
      at next (../m22-part3-route-writer/node_modules/express/lib/router/index.js:280:10)
      at Layer.handle_error (../m22-part3-route-writer/node_modules/express/lib/router/layer.js:67:12)
      at trim_prefix (../m22-part3-route-writer/node_modules/express/lib/router/index.js:326:13)
      at ../m22-part3-route-writer/node_modules/express/lib/router/index.js:286:9
      at router.process_params (../m22-part3-route-writer/node_modules/express/lib/router/index.js:346:12)
      at next (../m22-part3-route-writer/node_modules/express/lib/router/index.js:280:10)
      at Layer.handle_error (../m22-part3-route-writer/node_modules/express/lib/router/layer.js:67:12)
      at trim_prefix (../m22-part3-route-writer/node_modules/express/lib/router/index.js:326:13)
      at ../m22-part3-route-writer/node_modules/express/lib/router/index.js:286:9
      at router.process_params (../m22-part3-route-writer/node_modules/express/lib/router/index.js:346:12)
      at next (../m22-part3-route-writer/node_modules/express/lib/router/index.js:280:10)
      at Layer.handle_error (../m22-part3-route-writer/node_modules/express/lib/router/layer.js:67:12)
      at trim_prefix (../m22-part3-route-writer/node_modules/express/lib/router/index.js:326:13)
      at ../m22-part3-route-writer/node_modules/express/lib/router/index.js:286:9
      at router.process_params (../m22-part3-route-writer/node_modules/express/lib/router/index.js:346:12)
      at next (../m22-part3-route-writer/node_modules/express/lib/router/index.js:280:10)
      at Layer.handle_error (../m22-part3-route-writer/node_modules/express/lib/router/layer.js:67:12)
      at trim_prefix (../m22-part3-route-writer/node_modules/express/lib/router/index.js:326:13)
      at ../m22-part3-route-writer/node_modules/express/lib/router/index.js:286:9
      at router.process_params (../m22-part3-route-writer/node_modules/express/lib/router/index.js:346:12)
      at next (../m22-part3-route-writer/node_modules/express/lib/router/index.js:280:10)
      at Layer.handle_error (../m22-part3-route-writer/node_modules/express/lib/router/layer.js:67:12)
      at trim_prefix (../m22-part3-route-writer/node_modules/express/lib/router/index.js:326:13)
      at ../m22-part3-route-writer/node_modules/express/lib/router/index.js:286:9
      at router.process_params (../m22-part3-route-writer/node_modules/express/lib/router/index.js:346:12)
      at next (../m22-part3-route-writer/node_modules/express/lib/router/index.js:280:10)
      at Layer.handle_error (../m22-part3-route-writer/node_modules/express/lib/router/layer.js:67:12)
      at trim_prefix (../m22-part3-route-writer/node_modules/express/lib/router/index.js:326:13)
      at ../m22-part3-route-writer/node_modules/express/lib/router/index.js:286:9
      at router.process_params (../m22-part3-route-writer/node_modules/express/lib/router/index.js:346:12)
      at next (../m22-part3-route-writer/node_modules/express/lib/router/index.js:280:10)
      at Layer.handle_error (../m22-part3-route-writer/node_modules/express/lib/router/layer.js:67:12)
      at trim_prefix (../m22-part3-route-writer/node_modules/express/lib/router/index.js:326:13)
      at ../m22-part3-route-writer/node_modules/express/lib/router/index.js:286:9
      at router.process_params (../m22-part3-route-writer/node_modules/express/lib/router/index.js:346:12)
      at next (../m22-part3-route-writer/node_modules/express/lib/router/index.js:280:10)
      at Layer.handle_error (../m22-part3-route-writer/node_modules/express/lib/router/layer.js:67:12)
      at trim_prefix (../m22-part3-route-writer/node_modules/express/lib/router/index.js:326:13)
      at ../m22-part3-route-writer/node_modules/express/lib/router/index.js:286:9
      at router.process_params (../m22-part3-route-writer/node_modules/express/lib/router/index.js:346:12)
      at next (../m22-part3-route-writer/node_modules/express/lib/router/index.js:280:10)
      at Layer.handle_error (../m22-part3-route-writer/node_modules/express/lib/router/layer.js:67:12)
      at trim_prefix (../m22-part3-route-writer/node_modules/express/lib/router/index.js:326:13)
      at ../m22-part3-route-writer/node_modules/express/lib/router/index.js:286:9
      at router.process_params (../m22-part3-route-writer/node_modules/express/lib/router/index.js:346:12)
      at next (../m22-part3-route-writer/node_modules/express/lib/router/index.js:280:10)
      at Layer.handle_error (../m22-part3-route-writer/node_modules/express/lib/router/layer.js:67:12)
      at trim_prefix (../m22-part3-route-writer/node_modules/express/lib/router/index.js:326:13)
      at ../m22-part3-route-writer/node_modules/express/lib/router/index.js:286:9
      at router.process_params (../m22-part3-route-writer/node_modules/express/lib/router/index.js:346:12)
      at next (../m22-part3-route-writer/node_modules/express/lib/router/index.js:280:10)
      at Layer.handle_error (../m22-part3-route-writer/node_modules/express/lib/router/layer.js:67:12)
      at trim_prefix (../m22-part3-route-writer/node_modules/express/lib/router/index.js:326:13)
      at ../m22-part3-route-writer/node_modules/express/lib/router/index.js:286:9
      at router.process_params (../m22-part3-route-writer/node_modules/express/lib/router/index.js:346:12)
      at next (../m22-part3-route-writer/node_modules/express/lib/router/index.js:280:10)
      at Layer.handle_error (../m22-part3-route-writer/node_modules/express/lib/router/layer.js:67:12)
      at trim_prefix (../m22-part3-route-writer/node_modules/express/lib/router/index.js:326:13)
      at ../m22-part3-route-writer/node_modules/express/lib/router/index.js:286:9
      at router.process_params (../m22-part3-route-writer/node_modules/express/lib/router/index.js:346:12)
      at next (../m22-part3-route-writer/node_modules/express/lib/router/index.js:280:10)
      at Layer.handle_error (../m22-part3-route-writer/node_modules/express/lib/router/layer.js:67:12)
      at trim_prefix (../m22-part3-route-writer/node_modules/express/lib/router/index.js:326:13)
      at ../m22-part3-route-writer/node_modules/express/lib/router/index.js:286:9
      at router.process_params (../m22-part3-route-writer/node_modules/express/lib/router/index.js:346:12)
      at next (../m22-part3-route-writer/node_modules/express/lib/router/index.js:280:10)
      at next (src/scheduling/recommendationHttpBoundary.js:241:25)
      at onfinished (../m22-part3-route-writer/node_modules/body-parser/lib/read.js:102:9)
      at listener (../m22-part3-route-writer/node_modules/on-finished/index.js:170:15)
      at onFinish (../m22-part3-route-writer/node_modules/on-finished/index.js:101:5)
      at callback (../m22-part3-route-writer/node_modules/ee-first/index.js:55:10)
      at IncomingMessage.onevent (../m22-part3-route-writer/node_modules/ee-first/index.js:93:5)

  console.error
    {
      component: 'http',
      event: 'request_failed',
      requestId: 'c010ec01-ccf8-4bb9-99f6-25a693fb81c4',
      methodClass: 'POST',
      statusCode: 400
    }

      176 |     ...safeFields(fields),
      177 |   };
    > 178 |   console[level](record);
          |                 ^
      179 |   return record;
      180 | }
      181 |

      at write (src/observability/safeLogger.js:178:17)
      at Object.write (src/observability/safeLogger.js:191:10)
      at error (src/middleware/errorHandler.js:22:14)
      at Layer.handle_error (../m22-part3-route-writer/node_modules/express/lib/router/layer.js:71:5)
      at trim_prefix (../m22-part3-route-writer/node_modules/express/lib/router/index.js:326:13)
      at ../m22-part3-route-writer/node_modules/express/lib/router/index.js:286:9
      at router.process_params (../m22-part3-route-writer/node_modules/express/lib/router/index.js:346:12)
      at next (../m22-part3-route-writer/node_modules/express/lib/router/index.js:280:10)
      at Layer.handle_error (../m22-part3-route-writer/node_modules/express/lib/router/layer.js:67:12)
      at trim_prefix (../m22-part3-route-writer/node_modules/express/lib/router/index.js:326:13)
      at ../m22-part3-route-writer/node_modules/express/lib/router/index.js:286:9
      at router.process_params (../m22-part3-route-writer/node_modules/express/lib/router/index.js:346:12)
      at next (../m22-part3-route-writer/node_modules/express/lib/router/index.js:280:10)
      at Layer.handle_error (../m22-part3-route-writer/node_modules/express/lib/router/layer.js:67:12)
      at trim_prefix (../m22-part3-route-writer/node_modules/express/lib/router/index.js:326:13)
      at ../m22-part3-route-writer/node_modules/express/lib/router/index.js:286:9
      at router.process_params (../m22-part3-route-writer/node_modules/express/lib/router/index.js:346:12)
      at next (../m22-part3-route-writer/node_modules/express/lib/router/index.js:280:10)
      at Layer.handle_error (../m22-part3-route-writer/node_modules/express/lib/router/layer.js:67:12)
      at trim_prefix (../m22-part3-route-writer/node_modules/express/lib/router/index.js:326:13)
      at ../m22-part3-route-writer/node_modules/express/lib/router/index.js:286:9
      at router.process_params (../m22-part3-route-writer/node_modules/express/lib/router/index.js:346:12)
      at next (../m22-part3-route-writer/node_modules/express/lib/router/index.js:280:10)
      at Layer.handle_error (../m22-part3-route-writer/node_modules/express/lib/router/layer.js:67:12)
      at trim_prefix (../m22-part3-route-writer/node_modules/express/lib/router/index.js:326:13)
      at ../m22-part3-route-writer/node_modules/express/lib/router/index.js:286:9
      at router.process_params (../m22-part3-route-writer/node_modules/express/lib/router/index.js:346:12)
      at next (../m22-part3-route-writer/node_modules/express/lib/router/index.js:280:10)
      at Layer.handle_error (../m22-part3-route-writer/node_modules/express/lib/router/layer.js:67:12)
      at trim_prefix (../m22-part3-route-writer/node_modules/express/lib/router/index.js:326:13)
      at ../m22-part3-route-writer/node_modules/express/lib/router/index.js:286:9
      at router.process_params (../m22-part3-route-writer/node_modules/express/lib/router/index.js:346:12)
      at next (../m22-part3-route-writer/node_modules/express/lib/router/index.js:280:10)
      at Layer.handle_error (../m22-part3-route-writer/node_modules/express/lib/router/layer.js:67:12)
      at trim_prefix (../m22-part3-route-writer/node_modules/express/lib/router/index.js:326:13)
      at ../m22-part3-route-writer/node_modules/express/lib/router/index.js:286:9
      at router.process_params (../m22-part3-route-writer/node_modules/express/lib/router/index.js:346:12)
      at next (../m22-part3-route-writer/node_modules/express/lib/router/index.js:280:10)
      at Layer.handle_error (../m22-part3-route-writer/node_modules/express/lib/router/layer.js:67:12)
      at trim_prefix (../m22-part3-route-writer/node_modules/express/lib/router/index.js:326:13)
      at ../m22-part3-route-writer/node_modules/express/lib/router/index.js:286:9
      at router.process_params (../m22-part3-route-writer/node_modules/express/lib/router/index.js:346:12)
      at next (../m22-part3-route-writer/node_modules/express/lib/router/index.js:280:10)
      at Layer.handle_error (../m22-part3-route-writer/node_modules/express/lib/router/layer.js:67:12)
      at trim_prefix (../m22-part3-route-writer/node_modules/express/lib/router/index.js:326:13)
      at ../m22-part3-route-writer/node_modules/express/lib/router/index.js:286:9
      at router.process_params (../m22-part3-route-writer/node_modules/express/lib/router/index.js:346:12)
      at next (../m22-part3-route-writer/node_modules/express/lib/router/index.js:280:10)
      at Layer.handle_error (../m22-part3-route-writer/node_modules/express/lib/router/layer.js:67:12)
      at trim_prefix (../m22-part3-route-writer/node_modules/express/lib/router/index.js:326:13)
      at ../m22-part3-route-writer/node_modules/express/lib/router/index.js:286:9
      at router.process_params (../m22-part3-route-writer/node_modules/express/lib/router/index.js:346:12)
      at next (../m22-part3-route-writer/node_modules/express/lib/router/index.js:280:10)
      at Layer.handle_error (../m22-part3-route-writer/node_modules/express/lib/router/layer.js:67:12)
      at trim_prefix (../m22-part3-route-writer/node_modules/express/lib/router/index.js:326:13)
      at ../m22-part3-route-writer/node_modules/express/lib/router/index.js:286:9
      at router.process_params (../m22-part3-route-writer/node_modules/express/lib/router/index.js:346:12)
      at next (../m22-part3-route-writer/node_modules/express/lib/router/index.js:280:10)
      at Layer.handle_error (../m22-part3-route-writer/node_modules/express/lib/router/layer.js:67:12)
      at trim_prefix (../m22-part3-route-writer/node_modules/express/lib/router/index.js:326:13)
      at ../m22-part3-route-writer/node_modules/express/lib/router/index.js:286:9
      at router.process_params (../m22-part3-route-writer/node_modules/express/lib/router/index.js:346:12)
      at next (../m22-part3-route-writer/node_modules/express/lib/router/index.js:280:10)
      at Layer.handle_error (../m22-part3-route-writer/node_modules/express/lib/router/layer.js:67:12)
      at trim_prefix (../m22-part3-route-writer/node_modules/express/lib/router/index.js:326:13)
      at ../m22-part3-route-writer/node_modules/express/lib/router/index.js:286:9
      at router.process_params (../m22-part3-route-writer/node_modules/express/lib/router/index.js:346:12)
      at next (../m22-part3-route-writer/node_modules/express/lib/router/index.js:280:10)
      at Layer.handle_error (../m22-part3-route-writer/node_modules/express/lib/router/layer.js:67:12)
      at trim_prefix (../m22-part3-route-writer/node_modules/express/lib/router/index.js:326:13)
      at ../m22-part3-route-writer/node_modules/express/lib/router/index.js:286:9
      at router.process_params (../m22-part3-route-writer/node_modules/express/lib/router/index.js:346:12)
      at next (../m22-part3-route-writer/node_modules/express/lib/router/index.js:280:10)
      at next (src/scheduling/recommendationHttpBoundary.js:255:16)
      at ../m22-part3-route-writer/node_modules/body-parser/lib/read.js:137:5
      at invokeCallback (../m22-part3-route-writer/node_modules/raw-body/index.js:238:16)
      at done (../m22-part3-route-writer/node_modules/raw-body/index.js:227:7)
      at IncomingMessage.onEnd (../m22-part3-route-writer/node_modules/raw-body/index.js:287:7)

  console.error
    {
      component: 'http',
      event: 'request_failed',
      requestId: '2a6d732a-c9bc-4795-9207-d2aba22d5981',
      methodClass: 'POST',
      statusCode: 400
    }

      176 |     ...safeFields(fields),
      177 |   };
    > 178 |   console[level](record);
          |                 ^
      179 |   return record;
      180 | }
      181 |

      at write (src/observability/safeLogger.js:178:17)
      at Object.write (src/observability/safeLogger.js:191:10)
      at error (src/middleware/errorHandler.js:22:14)
      at Layer.handle_error (../m22-part3-route-writer/node_modules/express/lib/router/layer.js:71:5)
      at trim_prefix (../m22-part3-route-writer/node_modules/express/lib/router/index.js:326:13)
      at ../m22-part3-route-writer/node_modules/express/lib/router/index.js:286:9
      at router.process_params (../m22-part3-route-writer/node_modules/express/lib/router/index.js:346:12)
      at next (../m22-part3-route-writer/node_modules/express/lib/router/index.js:280:10)
      at Layer.handle_error (../m22-part3-route-writer/node_modules/express/lib/router/layer.js:67:12)
      at trim_prefix (../m22-part3-route-writer/node_modules/express/lib/router/index.js:326:13)
      at ../m22-part3-route-writer/node_modules/express/lib/router/index.js:286:9
      at router.process_params (../m22-part3-route-writer/node_modules/express/lib/router/index.js:346:12)
      at next (../m22-part3-route-writer/node_modules/express/lib/router/index.js:280:10)
      at Layer.handle_error (../m22-part3-route-writer/node_modules/express/lib/router/layer.js:67:12)
      at trim_prefix (../m22-part3-route-writer/node_modules/express/lib/router/index.js:326:13)
      at ../m22-part3-route-writer/node_modules/express/lib/router/index.js:286:9
      at router.process_params (../m22-part3-route-writer/node_modules/express/lib/router/index.js:346:12)
      at next (../m22-part3-route-writer/node_modules/express/lib/router/index.js:280:10)
      at Layer.handle_error (../m22-part3-route-writer/node_modules/express/lib/router/layer.js:67:12)
      at trim_prefix (../m22-part3-route-writer/node_modules/express/lib/router/index.js:326:13)
      at ../m22-part3-route-writer/node_modules/express/lib/router/index.js:286:9
      at router.process_params (../m22-part3-route-writer/node_modules/express/lib/router/index.js:346:12)
      at next (../m22-part3-route-writer/node_modules/express/lib/router/index.js:280:10)
      at Layer.handle_error (../m22-part3-route-writer/node_modules/express/lib/router/layer.js:67:12)
      at trim_prefix (../m22-part3-route-writer/node_modules/express/lib/router/index.js:326:13)
      at ../m22-part3-route-writer/node_modules/express/lib/router/index.js:286:9
      at router.process_params (../m22-part3-route-writer/node_modules/express/lib/router/index.js:346:12)
      at next (../m22-part3-route-writer/node_modules/express/lib/router/index.js:280:10)
      at Layer.handle_error (../m22-part3-route-writer/node_modules/express/lib/router/layer.js:67:12)
      at trim_prefix (../m22-part3-route-writer/node_modules/express/lib/router/index.js:326:13)
      at ../m22-part3-route-writer/node_modules/express/lib/router/index.js:286:9
      at router.process_params (../m22-part3-route-writer/node_modules/express/lib/router/index.js:346:12)
      at next (../m22-part3-route-writer/node_modules/express/lib/router/index.js:280:10)
      at Layer.handle_error (../m22-part3-route-writer/node_modules/express/lib/router/layer.js:67:12)
      at trim_prefix (../m22-part3-route-writer/node_modules/express/lib/router/index.js:326:13)
      at ../m22-part3-route-writer/node_modules/express/lib/router/index.js:286:9
      at router.process_params (../m22-part3-route-writer/node_modules/express/lib/router/index.js:346:12)
      at next (../m22-part3-route-writer/node_modules/express/lib/router/index.js:280:10)
      at Layer.handle_error (../m22-part3-route-writer/node_modules/express/lib/router/layer.js:67:12)
      at trim_prefix (../m22-part3-route-writer/node_modules/express/lib/router/index.js:326:13)
      at ../m22-part3-route-writer/node_modules/express/lib/router/index.js:286:9
      at router.process_params (../m22-part3-route-writer/node_modules/express/lib/router/index.js:346:12)
      at next (../m22-part3-route-writer/node_modules/express/lib/router/index.js:280:10)
      at Layer.handle_error (../m22-part3-route-writer/node_modules/express/lib/router/layer.js:67:12)
      at trim_prefix (../m22-part3-route-writer/node_modules/express/lib/router/index.js:326:13)
      at ../m22-part3-route-writer/node_modules/express/lib/router/index.js:286:9
      at router.process_params (../m22-part3-route-writer/node_modules/express/lib/router/index.js:346:12)
      at next (../m22-part3-route-writer/node_modules/express/lib/router/index.js:280:10)
      at Layer.handle_error (../m22-part3-route-writer/node_modules/express/lib/router/layer.js:67:12)
      at trim_prefix (../m22-part3-route-writer/node_modules/express/lib/router/index.js:326:13)
      at ../m22-part3-route-writer/node_modules/express/lib/router/index.js:286:9
      at router.process_params (../m22-part3-route-writer/node_modules/express/lib/router/index.js:346:12)
      at next (../m22-part3-route-writer/node_modules/express/lib/router/index.js:280:10)
      at Layer.handle_error (../m22-part3-route-writer/node_modules/express/lib/router/layer.js:67:12)
      at trim_prefix (../m22-part3-route-writer/node_modules/express/lib/router/index.js:326:13)
      at ../m22-part3-route-writer/node_modules/express/lib/router/index.js:286:9
      at router.process_params (../m22-part3-route-writer/node_modules/express/lib/router/index.js:346:12)
      at next (../m22-part3-route-writer/node_modules/express/lib/router/index.js:280:10)
      at Layer.handle_error (../m22-part3-route-writer/node_modules/express/lib/router/layer.js:67:12)
      at trim_prefix (../m22-part3-route-writer/node_modules/express/lib/router/index.js:326:13)
      at ../m22-part3-route-writer/node_modules/express/lib/router/index.js:286:9
      at router.process_params (../m22-part3-route-writer/node_modules/express/lib/router/index.js:346:12)
      at next (../m22-part3-route-writer/node_modules/express/lib/router/index.js:280:10)
      at Layer.handle_error (../m22-part3-route-writer/node_modules/express/lib/router/layer.js:67:12)
      at trim_prefix (../m22-part3-route-writer/node_modules/express/lib/router/index.js:326:13)
      at ../m22-part3-route-writer/node_modules/express/lib/router/index.js:286:9
      at router.process_params (../m22-part3-route-writer/node_modules/express/lib/router/index.js:346:12)
      at next (../m22-part3-route-writer/node_modules/express/lib/router/index.js:280:10)
      at Layer.handle_error (../m22-part3-route-writer/node_modules/express/lib/router/layer.js:67:12)
      at trim_prefix (../m22-part3-route-writer/node_modules/express/lib/router/index.js:326:13)
      at ../m22-part3-route-writer/node_modules/express/lib/router/index.js:286:9
      at router.process_params (../m22-part3-route-writer/node_modules/express/lib/router/index.js:346:12)
      at next (../m22-part3-route-writer/node_modules/express/lib/router/index.js:280:10)
      at next (src/scheduling/recommendationHttpBoundary.js:255:16)
      at ../m22-part3-route-writer/node_modules/body-parser/lib/read.js:137:5
      at invokeCallback (../m22-part3-route-writer/node_modules/raw-body/index.js:238:16)
      at done (../m22-part3-route-writer/node_modules/raw-body/index.js:227:7)
      at IncomingMessage.onEnd (../m22-part3-route-writer/node_modules/raw-body/index.js:287:7)

  console.error
    {
      component: 'http',
      event: 'request_failed',
      requestId: '554567e1-b966-48b7-8d1d-86f95050d811',
      methodClass: 'POST',
      statusCode: 400
    }

      176 |     ...safeFields(fields),
      177 |   };
    > 178 |   console[level](record);
          |                 ^
      179 |   return record;
      180 | }
      181 |

      at write (src/observability/safeLogger.js:178:17)
      at Object.write (src/observability/safeLogger.js:191:10)
      at error (src/middleware/errorHandler.js:22:14)
      at Layer.handle_error (../m22-part3-route-writer/node_modules/express/lib/router/layer.js:71:5)
      at trim_prefix (../m22-part3-route-writer/node_modules/express/lib/router/index.js:326:13)
      at ../m22-part3-route-writer/node_modules/express/lib/router/index.js:286:9
      at router.process_params (../m22-part3-route-writer/node_modules/express/lib/router/index.js:346:12)
      at next (../m22-part3-route-writer/node_modules/express/lib/router/index.js:280:10)
      at Layer.handle_error (../m22-part3-route-writer/node_modules/express/lib/router/layer.js:67:12)
      at trim_prefix (../m22-part3-route-writer/node_modules/express/lib/router/index.js:326:13)
      at ../m22-part3-route-writer/node_modules/express/lib/router/index.js:286:9
      at router.process_params (../m22-part3-route-writer/node_modules/express/lib/router/index.js:346:12)
      at next (../m22-part3-route-writer/node_modules/express/lib/router/index.js:280:10)
      at Layer.handle_error (../m22-part3-route-writer/node_modules/express/lib/router/layer.js:67:12)
      at trim_prefix (../m22-part3-route-writer/node_modules/express/lib/router/index.js:326:13)
      at ../m22-part3-route-writer/node_modules/express/lib/router/index.js:286:9
      at router.process_params (../m22-part3-route-writer/node_modules/express/lib/router/index.js:346:12)
      at next (../m22-part3-route-writer/node_modules/express/lib/router/index.js:280:10)
      at Layer.handle_error (../m22-part3-route-writer/node_modules/express/lib/router/layer.js:67:12)
      at trim_prefix (../m22-part3-route-writer/node_modules/express/lib/router/index.js:326:13)
      at ../m22-part3-route-writer/node_modules/express/lib/router/index.js:286:9
      at router.process_params (../m22-part3-route-writer/node_modules/express/lib/router/index.js:346:12)
      at next (../m22-part3-route-writer/node_modules/express/lib/router/index.js:280:10)
      at Layer.handle_error (../m22-part3-route-writer/node_modules/express/lib/router/layer.js:67:12)
      at trim_prefix (../m22-part3-route-writer/node_modules/express/lib/router/index.js:326:13)
      at ../m22-part3-route-writer/node_modules/express/lib/router/index.js:286:9
      at router.process_params (../m22-part3-route-writer/node_modules/express/lib/router/index.js:346:12)
      at next (../m22-part3-route-writer/node_modules/express/lib/router/index.js:280:10)
      at Layer.handle_error (../m22-part3-route-writer/node_modules/express/lib/router/layer.js:67:12)
      at trim_prefix (../m22-part3-route-writer/node_modules/express/lib/router/index.js:326:13)
      at ../m22-part3-route-writer/node_modules/express/lib/router/index.js:286:9
      at router.process_params (../m22-part3-route-writer/node_modules/express/lib/router/index.js:346:12)
      at next (../m22-part3-route-writer/node_modules/express/lib/router/index.js:280:10)
      at Layer.handle_error (../m22-part3-route-writer/node_modules/express/lib/router/layer.js:67:12)
      at trim_prefix (../m22-part3-route-writer/node_modules/express/lib/router/index.js:326:13)
      at ../m22-part3-route-writer/node_modules/express/lib/router/index.js:286:9
      at router.process_params (../m22-part3-route-writer/node_modules/express/lib/router/index.js:346:12)
      at next (../m22-part3-route-writer/node_modules/express/lib/router/index.js:280:10)
      at Layer.handle_error (../m22-part3-route-writer/node_modules/express/lib/router/layer.js:67:12)
      at trim_prefix (../m22-part3-route-writer/node_modules/express/lib/router/index.js:326:13)
      at ../m22-part3-route-writer/node_modules/express/lib/router/index.js:286:9
      at router.process_params (../m22-part3-route-writer/node_modules/express/lib/router/index.js:346:12)
      at next (../m22-part3-route-writer/node_modules/express/lib/router/index.js:280:10)
      at Layer.handle_error (../m22-part3-route-writer/node_modules/express/lib/router/layer.js:67:12)
      at trim_prefix (../m22-part3-route-writer/node_modules/express/lib/router/index.js:326:13)
      at ../m22-part3-route-writer/node_modules/express/lib/router/index.js:286:9
      at router.process_params (../m22-part3-route-writer/node_modules/express/lib/router/index.js:346:12)
      at next (../m22-part3-route-writer/node_modules/express/lib/router/index.js:280:10)
      at Layer.handle_error (../m22-part3-route-writer/node_modules/express/lib/router/layer.js:67:12)
      at trim_prefix (../m22-part3-route-writer/node_modules/express/lib/router/index.js:326:13)
      at ../m22-part3-route-writer/node_modules/express/lib/router/index.js:286:9
      at router.process_params (../m22-part3-route-writer/node_modules/express/lib/router/index.js:346:12)
      at next (../m22-part3-route-writer/node_modules/express/lib/router/index.js:280:10)
      at Layer.handle_error (../m22-part3-route-writer/node_modules/express/lib/router/layer.js:67:12)
      at trim_prefix (../m22-part3-route-writer/node_modules/express/lib/router/index.js:326:13)
      at ../m22-part3-route-writer/node_modules/express/lib/router/index.js:286:9
      at router.process_params (../m22-part3-route-writer/node_modules/express/lib/router/index.js:346:12)
      at next (../m22-part3-route-writer/node_modules/express/lib/router/index.js:280:10)
      at Layer.handle_error (../m22-part3-route-writer/node_modules/express/lib/router/layer.js:67:12)
      at trim_prefix (../m22-part3-route-writer/node_modules/express/lib/router/index.js:326:13)
      at ../m22-part3-route-writer/node_modules/express/lib/router/index.js:286:9
      at router.process_params (../m22-part3-route-writer/node_modules/express/lib/router/index.js:346:12)
      at next (../m22-part3-route-writer/node_modules/express/lib/router/index.js:280:10)
      at Layer.handle_error (../m22-part3-route-writer/node_modules/express/lib/router/layer.js:67:12)
      at trim_prefix (../m22-part3-route-writer/node_modules/express/lib/router/index.js:326:13)
      at ../m22-part3-route-writer/node_modules/express/lib/router/index.js:286:9
      at router.process_params (../m22-part3-route-writer/node_modules/express/lib/router/index.js:346:12)
      at next (../m22-part3-route-writer/node_modules/express/lib/router/index.js:280:10)
      at Layer.handle_error (../m22-part3-route-writer/node_modules/express/lib/router/layer.js:67:12)
      at trim_prefix (../m22-part3-route-writer/node_modules/express/lib/router/index.js:326:13)
      at ../m22-part3-route-writer/node_modules/express/lib/router/index.js:286:9
      at router.process_params (../m22-part3-route-writer/node_modules/express/lib/router/index.js:346:12)
      at next (../m22-part3-route-writer/node_modules/express/lib/router/index.js:280:10)
      at next (src/scheduling/recommendationHttpBoundary.js:255:16)
      at ../m22-part3-route-writer/node_modules/body-parser/lib/read.js:137:5
      at invokeCallback (../m22-part3-route-writer/node_modules/raw-body/index.js:238:16)
      at done (../m22-part3-route-writer/node_modules/raw-body/index.js:227:7)
      at IncomingMessage.onEnd (../m22-part3-route-writer/node_modules/raw-body/index.js:287:7)

  console.error
    {
      component: 'http',
      event: 'request_failed',
      requestId: 'cb136623-95be-4e5e-8129-edaa70e1d3f4',
      methodClass: 'POST',
      statusCode: 400
    }

      176 |     ...safeFields(fields),
      177 |   };
    > 178 |   console[level](record);
          |                 ^
      179 |   return record;
      180 | }
      181 |

      at write (src/observability/safeLogger.js:178:17)
      at Object.write (src/observability/safeLogger.js:191:10)
      at error (src/middleware/errorHandler.js:22:14)
      at Layer.handle_error (../m22-part3-route-writer/node_modules/express/lib/router/layer.js:71:5)
      at trim_prefix (../m22-part3-route-writer/node_modules/express/lib/router/index.js:326:13)
      at ../m22-part3-route-writer/node_modules/express/lib/router/index.js:286:9
      at router.process_params (../m22-part3-route-writer/node_modules/express/lib/router/index.js:346:12)
      at next (../m22-part3-route-writer/node_modules/express/lib/router/index.js:280:10)
      at Layer.handle_error (../m22-part3-route-writer/node_modules/express/lib/router/layer.js:67:12)
      at trim_prefix (../m22-part3-route-writer/node_modules/express/lib/router/index.js:326:13)
      at ../m22-part3-route-writer/node_modules/express/lib/router/index.js:286:9
      at router.process_params (../m22-part3-route-writer/node_modules/express/lib/router/index.js:346:12)
      at next (../m22-part3-route-writer/node_modules/express/lib/router/index.js:280:10)
      at Layer.handle_error (../m22-part3-route-writer/node_modules/express/lib/router/layer.js:67:12)
      at trim_prefix (../m22-part3-route-writer/node_modules/express/lib/router/index.js:326:13)
      at ../m22-part3-route-writer/node_modules/express/lib/router/index.js:286:9
      at router.process_params (../m22-part3-route-writer/node_modules/express/lib/router/index.js:346:12)
      at next (../m22-part3-route-writer/node_modules/express/lib/router/index.js:280:10)
      at Layer.handle_error (../m22-part3-route-writer/node_modules/express/lib/router/layer.js:67:12)
      at trim_prefix (../m22-part3-route-writer/node_modules/express/lib/router/index.js:326:13)
      at ../m22-part3-route-writer/node_modules/express/lib/router/index.js:286:9
      at router.process_params (../m22-part3-route-writer/node_modules/express/lib/router/index.js:346:12)
      at next (../m22-part3-route-writer/node_modules/express/lib/router/index.js:280:10)
      at Layer.handle_error (../m22-part3-route-writer/node_modules/express/lib/router/layer.js:67:12)
      at trim_prefix (../m22-part3-route-writer/node_modules/express/lib/router/index.js:326:13)
      at ../m22-part3-route-writer/node_modules/express/lib/router/index.js:286:9
      at router.process_params (../m22-part3-route-writer/node_modules/express/lib/router/index.js:346:12)
      at next (../m22-part3-route-writer/node_modules/express/lib/router/index.js:280:10)
      at Layer.handle_error (../m22-part3-route-writer/node_modules/express/lib/router/layer.js:67:12)
      at trim_prefix (../m22-part3-route-writer/node_modules/express/lib/router/index.js:326:13)
      at ../m22-part3-route-writer/node_modules/express/lib/router/index.js:286:9
      at router.process_params (../m22-part3-route-writer/node_modules/express/lib/router/index.js:346:12)
      at next (../m22-part3-route-writer/node_modules/express/lib/router/index.js:280:10)
      at Layer.handle_error (../m22-part3-route-writer/node_modules/express/lib/router/layer.js:67:12)
      at trim_prefix (../m22-part3-route-writer/node_modules/express/lib/router/index.js:326:13)
      at ../m22-part3-route-writer/node_modules/express/lib/router/index.js:286:9
      at router.process_params (../m22-part3-route-writer/node_modules/express/lib/router/index.js:346:12)
      at next (../m22-part3-route-writer/node_modules/express/lib/router/index.js:280:10)
      at Layer.handle_error (../m22-part3-route-writer/node_modules/express/lib/router/layer.js:67:12)
      at trim_prefix (../m22-part3-route-writer/node_modules/express/lib/router/index.js:326:13)
      at ../m22-part3-route-writer/node_modules/express/lib/router/index.js:286:9
      at router.process_params (../m22-part3-route-writer/node_modules/express/lib/router/index.js:346:12)
      at next (../m22-part3-route-writer/node_modules/express/lib/router/index.js:280:10)
      at Layer.handle_error (../m22-part3-route-writer/node_modules/express/lib/router/layer.js:67:12)
      at trim_prefix (../m22-part3-route-writer/node_modules/express/lib/router/index.js:326:13)
      at ../m22-part3-route-writer/node_modules/express/lib/router/index.js:286:9
      at router.process_params (../m22-part3-route-writer/node_modules/express/lib/router/index.js:346:12)
      at next (../m22-part3-route-writer/node_modules/express/lib/router/index.js:280:10)
      at Layer.handle_error (../m22-part3-route-writer/node_modules/express/lib/router/layer.js:67:12)
      at trim_prefix (../m22-part3-route-writer/node_modules/express/lib/router/index.js:326:13)
      at ../m22-part3-route-writer/node_modules/express/lib/router/index.js:286:9
      at router.process_params (../m22-part3-route-writer/node_modules/express/lib/router/index.js:346:12)
      at next (../m22-part3-route-writer/node_modules/express/lib/router/index.js:280:10)
      at Layer.handle_error (../m22-part3-route-writer/node_modules/express/lib/router/layer.js:67:12)
      at trim_prefix (../m22-part3-route-writer/node_modules/express/lib/router/index.js:326:13)
      at ../m22-part3-route-writer/node_modules/express/lib/router/index.js:286:9
      at router.process_params (../m22-part3-route-writer/node_modules/express/lib/router/index.js:346:12)
      at next (../m22-part3-route-writer/node_modules/express/lib/router/index.js:280:10)
      at Layer.handle_error (../m22-part3-route-writer/node_modules/express/lib/router/layer.js:67:12)
      at trim_prefix (../m22-part3-route-writer/node_modules/express/lib/router/index.js:326:13)
      at ../m22-part3-route-writer/node_modules/express/lib/router/index.js:286:9
      at router.process_params (../m22-part3-route-writer/node_modules/express/lib/router/index.js:346:12)
      at next (../m22-part3-route-writer/node_modules/express/lib/router/index.js:280:10)
      at Layer.handle_error (../m22-part3-route-writer/node_modules/express/lib/router/layer.js:67:12)
      at trim_prefix (../m22-part3-route-writer/node_modules/express/lib/router/index.js:326:13)
      at ../m22-part3-route-writer/node_modules/express/lib/router/index.js:286:9
      at router.process_params (../m22-part3-route-writer/node_modules/express/lib/router/index.js:346:12)
      at next (../m22-part3-route-writer/node_modules/express/lib/router/index.js:280:10)
      at Layer.handle_error (../m22-part3-route-writer/node_modules/express/lib/router/layer.js:67:12)
      at trim_prefix (../m22-part3-route-writer/node_modules/express/lib/router/index.js:326:13)
      at ../m22-part3-route-writer/node_modules/express/lib/router/index.js:286:9
      at router.process_params (../m22-part3-route-writer/node_modules/express/lib/router/index.js:346:12)
      at next (../m22-part3-route-writer/node_modules/express/lib/router/index.js:280:10)
      at next (src/scheduling/recommendationHttpBoundary.js:255:16)
      at ../m22-part3-route-writer/node_modules/body-parser/lib/read.js:137:5
      at invokeCallback (../m22-part3-route-writer/node_modules/raw-body/index.js:238:16)
      at done (../m22-part3-route-writer/node_modules/raw-body/index.js:227:7)
      at IncomingMessage.onEnd (../m22-part3-route-writer/node_modules/raw-body/index.js:287:7)

  console.error
    {
      component: 'http',
      event: 'request_failed',
      requestId: 'bc859ec2-af83-4e5e-beae-a8ade79ede29',
      methodClass: 'POST',
      statusCode: 400
    }

      176 |     ...safeFields(fields),
      177 |   };
    > 178 |   console[level](record);
          |                 ^
      179 |   return record;
      180 | }
      181 |

      at write (src/observability/safeLogger.js:178:17)
      at Object.write (src/observability/safeLogger.js:191:10)
      at error (src/middleware/errorHandler.js:22:14)
      at Layer.handle_error (../m22-part3-route-writer/node_modules/express/lib/router/layer.js:71:5)
      at trim_prefix (../m22-part3-route-writer/node_modules/express/lib/router/index.js:326:13)
      at ../m22-part3-route-writer/node_modules/express/lib/router/index.js:286:9
      at router.process_params (../m22-part3-route-writer/node_modules/express/lib/router/index.js:346:12)
      at next (../m22-part3-route-writer/node_modules/express/lib/router/index.js:280:10)
      at Layer.handle_error (../m22-part3-route-writer/node_modules/express/lib/router/layer.js:67:12)
      at trim_prefix (../m22-part3-route-writer/node_modules/express/lib/router/index.js:326:13)
      at ../m22-part3-route-writer/node_modules/express/lib/router/index.js:286:9
      at router.process_params (../m22-part3-route-writer/node_modules/express/lib/router/index.js:346:12)
      at next (../m22-part3-route-writer/node_modules/express/lib/router/index.js:280:10)
      at Layer.handle_error (../m22-part3-route-writer/node_modules/express/lib/router/layer.js:67:12)
      at trim_prefix (../m22-part3-route-writer/node_modules/express/lib/router/index.js:326:13)
      at ../m22-part3-route-writer/node_modules/express/lib/router/index.js:286:9
      at router.process_params (../m22-part3-route-writer/node_modules/express/lib/router/index.js:346:12)
      at next (../m22-part3-route-writer/node_modules/express/lib/router/index.js:280:10)
      at Layer.handle_error (../m22-part3-route-writer/node_modules/express/lib/router/layer.js:67:12)
      at trim_prefix (../m22-part3-route-writer/node_modules/express/lib/router/index.js:326:13)
      at ../m22-part3-route-writer/node_modules/express/lib/router/index.js:286:9
      at router.process_params (../m22-part3-route-writer/node_modules/express/lib/router/index.js:346:12)
      at next (../m22-part3-route-writer/node_modules/express/lib/router/index.js:280:10)
      at Layer.handle_error (../m22-part3-route-writer/node_modules/express/lib/router/layer.js:67:12)
      at trim_prefix (../m22-part3-route-writer/node_modules/express/lib/router/index.js:326:13)
      at ../m22-part3-route-writer/node_modules/express/lib/router/index.js:286:9
      at router.process_params (../m22-part3-route-writer/node_modules/express/lib/router/index.js:346:12)
      at next (../m22-part3-route-writer/node_modules/express/lib/router/index.js:280:10)
      at Layer.handle_error (../m22-part3-route-writer/node_modules/express/lib/router/layer.js:67:12)
      at trim_prefix (../m22-part3-route-writer/node_modules/express/lib/router/index.js:326:13)
      at ../m22-part3-route-writer/node_modules/express/lib/router/index.js:286:9
      at router.process_params (../m22-part3-route-writer/node_modules/express/lib/router/index.js:346:12)
      at next (../m22-part3-route-writer/node_modules/express/lib/router/index.js:280:10)
      at Layer.handle_error (../m22-part3-route-writer/node_modules/express/lib/router/layer.js:67:12)
      at trim_prefix (../m22-part3-route-writer/node_modules/express/lib/router/index.js:326:13)
      at ../m22-part3-route-writer/node_modules/express/lib/router/index.js:286:9
      at router.process_params (../m22-part3-route-writer/node_modules/express/lib/router/index.js:346:12)
      at next (../m22-part3-route-writer/node_modules/express/lib/router/index.js:280:10)
      at Layer.handle_error (../m22-part3-route-writer/node_modules/express/lib/router/layer.js:67:12)
      at trim_prefix (../m22-part3-route-writer/node_modules/express/lib/router/index.js:326:13)
      at ../m22-part3-route-writer/node_modules/express/lib/router/index.js:286:9
      at router.process_params (../m22-part3-route-writer/node_modules/express/lib/router/index.js:346:12)
      at next (../m22-part3-route-writer/node_modules/express/lib/router/index.js:280:10)
      at Layer.handle_error (../m22-part3-route-writer/node_modules/express/lib/router/layer.js:67:12)
      at trim_prefix (../m22-part3-route-writer/node_modules/express/lib/router/index.js:326:13)
      at ../m22-part3-route-writer/node_modules/express/lib/router/index.js:286:9
      at router.process_params (../m22-part3-route-writer/node_modules/express/lib/router/index.js:346:12)
      at next (../m22-part3-route-writer/node_modules/express/lib/router/index.js:280:10)
      at Layer.handle_error (../m22-part3-route-writer/node_modules/express/lib/router/layer.js:67:12)
      at trim_prefix (../m22-part3-route-writer/node_modules/express/lib/router/index.js:326:13)
      at ../m22-part3-route-writer/node_modules/express/lib/router/index.js:286:9
      at router.process_params (../m22-part3-route-writer/node_modules/express/lib/router/index.js:346:12)
      at next (../m22-part3-route-writer/node_modules/express/lib/router/index.js:280:10)
      at Layer.handle_error (../m22-part3-route-writer/node_modules/express/lib/router/layer.js:67:12)
      at trim_prefix (../m22-part3-route-writer/node_modules/express/lib/router/index.js:326:13)
      at ../m22-part3-route-writer/node_modules/express/lib/router/index.js:286:9
      at router.process_params (../m22-part3-route-writer/node_modules/express/lib/router/index.js:346:12)
      at next (../m22-part3-route-writer/node_modules/express/lib/router/index.js:280:10)
      at Layer.handle_error (../m22-part3-route-writer/node_modules/express/lib/router/layer.js:67:12)
      at trim_prefix (../m22-part3-route-writer/node_modules/express/lib/router/index.js:326:13)
      at ../m22-part3-route-writer/node_modules/express/lib/router/index.js:286:9
      at router.process_params (../m22-part3-route-writer/node_modules/express/lib/router/index.js:346:12)
      at next (../m22-part3-route-writer/node_modules/express/lib/router/index.js:280:10)
      at Layer.handle_error (../m22-part3-route-writer/node_modules/express/lib/router/layer.js:67:12)
      at trim_prefix (../m22-part3-route-writer/node_modules/express/lib/router/index.js:326:13)
      at ../m22-part3-route-writer/node_modules/express/lib/router/index.js:286:9
      at router.process_params (../m22-part3-route-writer/node_modules/express/lib/router/index.js:346:12)
      at next (../m22-part3-route-writer/node_modules/express/lib/router/index.js:280:10)
      at Layer.handle_error (../m22-part3-route-writer/node_modules/express/lib/router/layer.js:67:12)
      at trim_prefix (../m22-part3-route-writer/node_modules/express/lib/router/index.js:326:13)
      at ../m22-part3-route-writer/node_modules/express/lib/router/index.js:286:9
      at router.process_params (../m22-part3-route-writer/node_modules/express/lib/router/index.js:346:12)
      at next (../m22-part3-route-writer/node_modules/express/lib/router/index.js:280:10)
      at next (src/scheduling/recommendationHttpBoundary.js:255:16)
      at ../m22-part3-route-writer/node_modules/body-parser/lib/read.js:137:5
      at invokeCallback (../m22-part3-route-writer/node_modules/raw-body/index.js:238:16)
      at done (../m22-part3-route-writer/node_modules/raw-body/index.js:227:7)
      at IncomingMessage.onEnd (../m22-part3-route-writer/node_modules/raw-body/index.js:287:7)

  console.error
    {
      component: 'http',
      event: 'request_failed',
      requestId: 'fcdc34ba-6b4f-491b-86b2-75eef5a02b16',
      methodClass: 'POST',
      statusCode: 400
    }

      176 |     ...safeFields(fields),
      177 |   };
    > 178 |   console[level](record);
          |                 ^
      179 |   return record;
      180 | }
      181 |

      at write (src/observability/safeLogger.js:178:17)
      at Object.write (src/observability/safeLogger.js:191:10)
      at error (src/middleware/errorHandler.js:22:14)
      at Layer.handle_error (../m22-part3-route-writer/node_modules/express/lib/router/layer.js:71:5)
      at trim_prefix (../m22-part3-route-writer/node_modules/express/lib/router/index.js:326:13)
      at ../m22-part3-route-writer/node_modules/express/lib/router/index.js:286:9
      at router.process_params (../m22-part3-route-writer/node_modules/express/lib/router/index.js:346:12)
      at next (../m22-part3-route-writer/node_modules/express/lib/router/index.js:280:10)
      at Layer.handle_error (../m22-part3-route-writer/node_modules/express/lib/router/layer.js:67:12)
      at trim_prefix (../m22-part3-route-writer/node_modules/express/lib/router/index.js:326:13)
      at ../m22-part3-route-writer/node_modules/express/lib/router/index.js:286:9
      at router.process_params (../m22-part3-route-writer/node_modules/express/lib/router/index.js:346:12)
      at next (../m22-part3-route-writer/node_modules/express/lib/router/index.js:280:10)
      at Layer.handle_error (../m22-part3-route-writer/node_modules/express/lib/router/layer.js:67:12)
      at trim_prefix (../m22-part3-route-writer/node_modules/express/lib/router/index.js:326:13)
      at ../m22-part3-route-writer/node_modules/express/lib/router/index.js:286:9
      at router.process_params (../m22-part3-route-writer/node_modules/express/lib/router/index.js:346:12)
      at next (../m22-part3-route-writer/node_modules/express/lib/router/index.js:280:10)
      at Layer.handle_error (../m22-part3-route-writer/node_modules/express/lib/router/layer.js:67:12)
      at trim_prefix (../m22-part3-route-writer/node_modules/express/lib/router/index.js:326:13)
      at ../m22-part3-route-writer/node_modules/express/lib/router/index.js:286:9
      at router.process_params (../m22-part3-route-writer/node_modules/express/lib/router/index.js:346:12)
      at next (../m22-part3-route-writer/node_modules/express/lib/router/index.js:280:10)
      at Layer.handle_error (../m22-part3-route-writer/node_modules/express/lib/router/layer.js:67:12)
      at trim_prefix (../m22-part3-route-writer/node_modules/express/lib/router/index.js:326:13)
      at ../m22-part3-route-writer/node_modules/express/lib/router/index.js:286:9
      at router.process_params (../m22-part3-route-writer/node_modules/express/lib/router/index.js:346:12)
      at next (../m22-part3-route-writer/node_modules/express/lib/router/index.js:280:10)
      at Layer.handle_error (../m22-part3-route-writer/node_modules/express/lib/router/layer.js:67:12)
      at trim_prefix (../m22-part3-route-writer/node_modules/express/lib/router/index.js:326:13)
      at ../m22-part3-route-writer/node_modules/express/lib/router/index.js:286:9
      at router.process_params (../m22-part3-route-writer/node_modules/express/lib/router/index.js:346:12)
      at next (../m22-part3-route-writer/node_modules/express/lib/router/index.js:280:10)
      at Layer.handle_error (../m22-part3-route-writer/node_modules/express/lib/router/layer.js:67:12)
      at trim_prefix (../m22-part3-route-writer/node_modules/express/lib/router/index.js:326:13)
      at ../m22-part3-route-writer/node_modules/express/lib/router/index.js:286:9
      at router.process_params (../m22-part3-route-writer/node_modules/express/lib/router/index.js:346:12)
      at next (../m22-part3-route-writer/node_modules/express/lib/router/index.js:280:10)
      at Layer.handle_error (../m22-part3-route-writer/node_modules/express/lib/router/layer.js:67:12)
      at trim_prefix (../m22-part3-route-writer/node_modules/express/lib/router/index.js:326:13)
      at ../m22-part3-route-writer/node_modules/express/lib/router/index.js:286:9
      at router.process_params (../m22-part3-route-writer/node_modules/express/lib/router/index.js:346:12)
      at next (../m22-part3-route-writer/node_modules/express/lib/router/index.js:280:10)
      at Layer.handle_error (../m22-part3-route-writer/node_modules/express/lib/router/layer.js:67:12)
      at trim_prefix (../m22-part3-route-writer/node_modules/express/lib/router/index.js:326:13)
      at ../m22-part3-route-writer/node_modules/express/lib/router/index.js:286:9
      at router.process_params (../m22-part3-route-writer/node_modules/express/lib/router/index.js:346:12)
      at next (../m22-part3-route-writer/node_modules/express/lib/router/index.js:280:10)
      at Layer.handle_error (../m22-part3-route-writer/node_modules/express/lib/router/layer.js:67:12)
      at trim_prefix (../m22-part3-route-writer/node_modules/express/lib/router/index.js:326:13)
      at ../m22-part3-route-writer/node_modules/express/lib/router/index.js:286:9
      at router.process_params (../m22-part3-route-writer/node_modules/express/lib/router/index.js:346:12)
      at next (../m22-part3-route-writer/node_modules/express/lib/router/index.js:280:10)
      at Layer.handle_error (../m22-part3-route-writer/node_modules/express/lib/router/layer.js:67:12)
      at trim_prefix (../m22-part3-route-writer/node_modules/express/lib/router/index.js:326:13)
      at ../m22-part3-route-writer/node_modules/express/lib/router/index.js:286:9
      at router.process_params (../m22-part3-route-writer/node_modules/express/lib/router/index.js:346:12)
      at next (../m22-part3-route-writer/node_modules/express/lib/router/index.js:280:10)
      at Layer.handle_error (../m22-part3-route-writer/node_modules/express/lib/router/layer.js:67:12)
      at trim_prefix (../m22-part3-route-writer/node_modules/express/lib/router/index.js:326:13)
      at ../m22-part3-route-writer/node_modules/express/lib/router/index.js:286:9
      at router.process_params (../m22-part3-route-writer/node_modules/express/lib/router/index.js:346:12)
      at next (../m22-part3-route-writer/node_modules/express/lib/router/index.js:280:10)
      at Layer.handle_error (../m22-part3-route-writer/node_modules/express/lib/router/layer.js:67:12)
      at trim_prefix (../m22-part3-route-writer/node_modules/express/lib/router/index.js:326:13)
      at ../m22-part3-route-writer/node_modules/express/lib/router/index.js:286:9
      at router.process_params (../m22-part3-route-writer/node_modules/express/lib/router/index.js:346:12)
      at next (../m22-part3-route-writer/node_modules/express/lib/router/index.js:280:10)
      at Layer.handle_error (../m22-part3-route-writer/node_modules/express/lib/router/layer.js:67:12)
      at trim_prefix (../m22-part3-route-writer/node_modules/express/lib/router/index.js:326:13)
      at ../m22-part3-route-writer/node_modules/express/lib/router/index.js:286:9
      at router.process_params (../m22-part3-route-writer/node_modules/express/lib/router/index.js:346:12)
      at next (../m22-part3-route-writer/node_modules/express/lib/router/index.js:280:10)
      at next (src/scheduling/recommendationHttpBoundary.js:255:16)
      at ../m22-part3-route-writer/node_modules/body-parser/lib/read.js:137:5
      at invokeCallback (../m22-part3-route-writer/node_modules/raw-body/index.js:238:16)
      at done (../m22-part3-route-writer/node_modules/raw-body/index.js:227:7)
      at IncomingMessage.onEnd (../m22-part3-route-writer/node_modules/raw-body/index.js:287:7)

  console.error
    {
      component: 'http',
      event: 'request_failed',
      requestId: 'a8efe623-15ab-4fa7-9c95-f12b3437b6f2',
      methodClass: 'POST',
      statusCode: 400
    }

      176 |     ...safeFields(fields),
      177 |   };
    > 178 |   console[level](record);
          |                 ^
      179 |   return record;
      180 | }
      181 |

      at write (src/observability/safeLogger.js:178:17)
      at Object.write (src/observability/safeLogger.js:191:10)
      at error (src/middleware/errorHandler.js:22:14)
      at Layer.handle_error (../m22-part3-route-writer/node_modules/express/lib/router/layer.js:71:5)
      at trim_prefix (../m22-part3-route-writer/node_modules/express/lib/router/index.js:326:13)
      at ../m22-part3-route-writer/node_modules/express/lib/router/index.js:286:9
      at router.process_params (../m22-part3-route-writer/node_modules/express/lib/router/index.js:346:12)
      at next (../m22-part3-route-writer/node_modules/express/lib/router/index.js:280:10)
      at Layer.handle_error (../m22-part3-route-writer/node_modules/express/lib/router/layer.js:67:12)
      at trim_prefix (../m22-part3-route-writer/node_modules/express/lib/router/index.js:326:13)
      at ../m22-part3-route-writer/node_modules/express/lib/router/index.js:286:9
      at router.process_params (../m22-part3-route-writer/node_modules/express/lib/router/index.js:346:12)
      at next (../m22-part3-route-writer/node_modules/express/lib/router/index.js:280:10)
      at Layer.handle_error (../m22-part3-route-writer/node_modules/express/lib/router/layer.js:67:12)
      at trim_prefix (../m22-part3-route-writer/node_modules/express/lib/router/index.js:326:13)
      at ../m22-part3-route-writer/node_modules/express/lib/router/index.js:286:9
      at router.process_params (../m22-part3-route-writer/node_modules/express/lib/router/index.js:346:12)
      at next (../m22-part3-route-writer/node_modules/express/lib/router/index.js:280:10)
      at Layer.handle_error (../m22-part3-route-writer/node_modules/express/lib/router/layer.js:67:12)
      at trim_prefix (../m22-part3-route-writer/node_modules/express/lib/router/index.js:326:13)
      at ../m22-part3-route-writer/node_modules/express/lib/router/index.js:286:9
      at router.process_params (../m22-part3-route-writer/node_modules/express/lib/router/index.js:346:12)
      at next (../m22-part3-route-writer/node_modules/express/lib/router/index.js:280:10)
      at Layer.handle_error (../m22-part3-route-writer/node_modules/express/lib/router/layer.js:67:12)
      at trim_prefix (../m22-part3-route-writer/node_modules/express/lib/router/index.js:326:13)
      at ../m22-part3-route-writer/node_modules/express/lib/router/index.js:286:9
      at router.process_params (../m22-part3-route-writer/node_modules/express/lib/router/index.js:346:12)
      at next (../m22-part3-route-writer/node_modules/express/lib/router/index.js:280:10)
      at Layer.handle_error (../m22-part3-route-writer/node_modules/express/lib/router/layer.js:67:12)
      at trim_prefix (../m22-part3-route-writer/node_modules/express/lib/router/index.js:326:13)
      at ../m22-part3-route-writer/node_modules/express/lib/router/index.js:286:9
      at router.process_params (../m22-part3-route-writer/node_modules/express/lib/router/index.js:346:12)
      at next (../m22-part3-route-writer/node_modules/express/lib/router/index.js:280:10)
      at Layer.handle_error (../m22-part3-route-writer/node_modules/express/lib/router/layer.js:67:12)
      at trim_prefix (../m22-part3-route-writer/node_modules/express/lib/router/index.js:326:13)
      at ../m22-part3-route-writer/node_modules/express/lib/router/index.js:286:9
      at router.process_params (../m22-part3-route-writer/node_modules/express/lib/router/index.js:346:12)
      at next (../m22-part3-route-writer/node_modules/express/lib/router/index.js:280:10)
      at Layer.handle_error (../m22-part3-route-writer/node_modules/express/lib/router/layer.js:67:12)
      at trim_prefix (../m22-part3-route-writer/node_modules/express/lib/router/index.js:326:13)
      at ../m22-part3-route-writer/node_modules/express/lib/router/index.js:286:9
      at router.process_params (../m22-part3-route-writer/node_modules/express/lib/router/index.js:346:12)
      at next (../m22-part3-route-writer/node_modules/express/lib/router/index.js:280:10)
      at Layer.handle_error (../m22-part3-route-writer/node_modules/express/lib/router/layer.js:67:12)
      at trim_prefix (../m22-part3-route-writer/node_modules/express/lib/router/index.js:326:13)
      at ../m22-part3-route-writer/node_modules/express/lib/router/index.js:286:9
      at router.process_params (../m22-part3-route-writer/node_modules/express/lib/router/index.js:346:12)
      at next (../m22-part3-route-writer/node_modules/express/lib/router/index.js:280:10)
      at Layer.handle_error (../m22-part3-route-writer/node_modules/express/lib/router/layer.js:67:12)
      at trim_prefix (../m22-part3-route-writer/node_modules/express/lib/router/index.js:326:13)
      at ../m22-part3-route-writer/node_modules/express/lib/router/index.js:286:9
      at router.process_params (../m22-part3-route-writer/node_modules/express/lib/router/index.js:346:12)
      at next (../m22-part3-route-writer/node_modules/express/lib/router/index.js:280:10)
      at Layer.handle_error (../m22-part3-route-writer/node_modules/express/lib/router/layer.js:67:12)
      at trim_prefix (../m22-part3-route-writer/node_modules/express/lib/router/index.js:326:13)
      at ../m22-part3-route-writer/node_modules/express/lib/router/index.js:286:9
      at router.process_params (../m22-part3-route-writer/node_modules/express/lib/router/index.js:346:12)
      at next (../m22-part3-route-writer/node_modules/express/lib/router/index.js:280:10)
      at Layer.handle_error (../m22-part3-route-writer/node_modules/express/lib/router/layer.js:67:12)
      at trim_prefix (../m22-part3-route-writer/node_modules/express/lib/router/index.js:326:13)
      at ../m22-part3-route-writer/node_modules/express/lib/router/index.js:286:9
      at router.process_params (../m22-part3-route-writer/node_modules/express/lib/router/index.js:346:12)
      at next (../m22-part3-route-writer/node_modules/express/lib/router/index.js:280:10)
      at Layer.handle_error (../m22-part3-route-writer/node_modules/express/lib/router/layer.js:67:12)
      at trim_prefix (../m22-part3-route-writer/node_modules/express/lib/router/index.js:326:13)
      at ../m22-part3-route-writer/node_modules/express/lib/router/index.js:286:9
      at router.process_params (../m22-part3-route-writer/node_modules/express/lib/router/index.js:346:12)
      at next (../m22-part3-route-writer/node_modules/express/lib/router/index.js:280:10)
      at Layer.handle_error (../m22-part3-route-writer/node_modules/express/lib/router/layer.js:67:12)
      at trim_prefix (../m22-part3-route-writer/node_modules/express/lib/router/index.js:326:13)
      at ../m22-part3-route-writer/node_modules/express/lib/router/index.js:286:9
      at router.process_params (../m22-part3-route-writer/node_modules/express/lib/router/index.js:346:12)
      at next (../m22-part3-route-writer/node_modules/express/lib/router/index.js:280:10)
      at next (src/scheduling/recommendationHttpBoundary.js:255:16)
      at ../m22-part3-route-writer/node_modules/body-parser/lib/read.js:137:5
      at invokeCallback (../m22-part3-route-writer/node_modules/raw-body/index.js:238:16)
      at done (../m22-part3-route-writer/node_modules/raw-body/index.js:227:7)
      at IncomingMessage.onEnd (../m22-part3-route-writer/node_modules/raw-body/index.js:287:7)

  console.error
    {
      component: 'http',
      event: 'request_failed',
      requestId: '0912a31f-06bd-4e12-84d7-a76040a896b3',
      methodClass: 'POST',
      statusCode: 400
    }

      176 |     ...safeFields(fields),
      177 |   };
    > 178 |   console[level](record);
          |                 ^
      179 |   return record;
      180 | }
      181 |

      at write (src/observability/safeLogger.js:178:17)
      at Object.write (src/observability/safeLogger.js:191:10)
      at error (src/middleware/errorHandler.js:22:14)
      at Layer.handle_error (../m22-part3-route-writer/node_modules/express/lib/router/layer.js:71:5)
      at trim_prefix (../m22-part3-route-writer/node_modules/express/lib/router/index.js:326:13)
      at ../m22-part3-route-writer/node_modules/express/lib/router/index.js:286:9
      at router.process_params (../m22-part3-route-writer/node_modules/express/lib/router/index.js:346:12)
      at next (../m22-part3-route-writer/node_modules/express/lib/router/index.js:280:10)
      at Layer.handle_error (../m22-part3-route-writer/node_modules/express/lib/router/layer.js:67:12)
      at trim_prefix (../m22-part3-route-writer/node_modules/express/lib/router/index.js:326:13)
      at ../m22-part3-route-writer/node_modules/express/lib/router/index.js:286:9
      at router.process_params (../m22-part3-route-writer/node_modules/express/lib/router/index.js:346:12)
      at next (../m22-part3-route-writer/node_modules/express/lib/router/index.js:280:10)
      at Layer.handle_error (../m22-part3-route-writer/node_modules/express/lib/router/layer.js:67:12)
      at trim_prefix (../m22-part3-route-writer/node_modules/express/lib/router/index.js:326:13)
      at ../m22-part3-route-writer/node_modules/express/lib/router/index.js:286:9
      at router.process_params (../m22-part3-route-writer/node_modules/express/lib/router/index.js:346:12)
      at next (../m22-part3-route-writer/node_modules/express/lib/router/index.js:280:10)
      at Layer.handle_error (../m22-part3-route-writer/node_modules/express/lib/router/layer.js:67:12)
      at trim_prefix (../m22-part3-route-writer/node_modules/express/lib/router/index.js:326:13)
      at ../m22-part3-route-writer/node_modules/express/lib/router/index.js:286:9
      at router.process_params (../m22-part3-route-writer/node_modules/express/lib/router/index.js:346:12)
      at next (../m22-part3-route-writer/node_modules/express/lib/router/index.js:280:10)
      at Layer.handle_error (../m22-part3-route-writer/node_modules/express/lib/router/layer.js:67:12)
      at trim_prefix (../m22-part3-route-writer/node_modules/express/lib/router/index.js:326:13)
      at ../m22-part3-route-writer/node_modules/express/lib/router/index.js:286:9
      at router.process_params (../m22-part3-route-writer/node_modules/express/lib/router/index.js:346:12)
      at next (../m22-part3-route-writer/node_modules/express/lib/router/index.js:280:10)
      at Layer.handle_error (../m22-part3-route-writer/node_modules/express/lib/router/layer.js:67:12)
      at trim_prefix (../m22-part3-route-writer/node_modules/express/lib/router/index.js:326:13)
      at ../m22-part3-route-writer/node_modules/express/lib/router/index.js:286:9
      at router.process_params (../m22-part3-route-writer/node_modules/express/lib/router/index.js:346:12)
      at next (../m22-part3-route-writer/node_modules/express/lib/router/index.js:280:10)
      at Layer.handle_error (../m22-part3-route-writer/node_modules/express/lib/router/layer.js:67:12)
      at trim_prefix (../m22-part3-route-writer/node_modules/express/lib/router/index.js:326:13)
      at ../m22-part3-route-writer/node_modules/express/lib/router/index.js:286:9
      at router.process_params (../m22-part3-route-writer/node_modules/express/lib/router/index.js:346:12)
      at next (../m22-part3-route-writer/node_modules/express/lib/router/index.js:280:10)
      at Layer.handle_error (../m22-part3-route-writer/node_modules/express/lib/router/layer.js:67:12)
      at trim_prefix (../m22-part3-route-writer/node_modules/express/lib/router/index.js:326:13)
      at ../m22-part3-route-writer/node_modules/express/lib/router/index.js:286:9
      at router.process_params (../m22-part3-route-writer/node_modules/express/lib/router/index.js:346:12)
      at next (../m22-part3-route-writer/node_modules/express/lib/router/index.js:280:10)
      at Layer.handle_error (../m22-part3-route-writer/node_modules/express/lib/router/layer.js:67:12)
      at trim_prefix (../m22-part3-route-writer/node_modules/express/lib/router/index.js:326:13)
      at ../m22-part3-route-writer/node_modules/express/lib/router/index.js:286:9
      at router.process_params (../m22-part3-route-writer/node_modules/express/lib/router/index.js:346:12)
      at next (../m22-part3-route-writer/node_modules/express/lib/router/index.js:280:10)
      at Layer.handle_error (../m22-part3-route-writer/node_modules/express/lib/router/layer.js:67:12)
      at trim_prefix (../m22-part3-route-writer/node_modules/express/lib/router/index.js:326:13)
      at ../m22-part3-route-writer/node_modules/express/lib/router/index.js:286:9
      at router.process_params (../m22-part3-route-writer/node_modules/express/lib/router/index.js:346:12)
      at next (../m22-part3-route-writer/node_modules/express/lib/router/index.js:280:10)
      at Layer.handle_error (../m22-part3-route-writer/node_modules/express/lib/router/layer.js:67:12)
      at trim_prefix (../m22-part3-route-writer/node_modules/express/lib/router/index.js:326:13)
      at ../m22-part3-route-writer/node_modules/express/lib/router/index.js:286:9
      at router.process_params (../m22-part3-route-writer/node_modules/express/lib/router/index.js:346:12)
      at next (../m22-part3-route-writer/node_modules/express/lib/router/index.js:280:10)
      at Layer.handle_error (../m22-part3-route-writer/node_modules/express/lib/router/layer.js:67:12)
      at trim_prefix (../m22-part3-route-writer/node_modules/express/lib/router/index.js:326:13)
      at ../m22-part3-route-writer/node_modules/express/lib/router/index.js:286:9
      at router.process_params (../m22-part3-route-writer/node_modules/express/lib/router/index.js:346:12)
      at next (../m22-part3-route-writer/node_modules/express/lib/router/index.js:280:10)
      at Layer.handle_error (../m22-part3-route-writer/node_modules/express/lib/router/layer.js:67:12)
      at trim_prefix (../m22-part3-route-writer/node_modules/express/lib/router/index.js:326:13)
      at ../m22-part3-route-writer/node_modules/express/lib/router/index.js:286:9
      at router.process_params (../m22-part3-route-writer/node_modules/express/lib/router/index.js:346:12)
      at next (../m22-part3-route-writer/node_modules/express/lib/router/index.js:280:10)
      at Layer.handle_error (../m22-part3-route-writer/node_modules/express/lib/router/layer.js:67:12)
      at trim_prefix (../m22-part3-route-writer/node_modules/express/lib/router/index.js:326:13)
      at ../m22-part3-route-writer/node_modules/express/lib/router/index.js:286:9
      at router.process_params (../m22-part3-route-writer/node_modules/express/lib/router/index.js:346:12)
      at next (../m22-part3-route-writer/node_modules/express/lib/router/index.js:280:10)
      at next (src/scheduling/recommendationHttpBoundary.js:255:16)
      at ../m22-part3-route-writer/node_modules/body-parser/lib/read.js:137:5
      at invokeCallback (../m22-part3-route-writer/node_modules/raw-body/index.js:238:16)
      at done (../m22-part3-route-writer/node_modules/raw-body/index.js:227:7)
      at IncomingMessage.onEnd (../m22-part3-route-writer/node_modules/raw-body/index.js:287:7)

  console.error
    {
      component: 'http',
      event: 'request_failed',
      requestId: 'af89f739-0fe3-4a19-958f-f686d5c8a993',
      methodClass: 'POST',
      statusCode: 415
    }

      176 |     ...safeFields(fields),
      177 |   };
    > 178 |   console[level](record);
          |                 ^
      179 |   return record;
      180 | }
      181 |

      at write (src/observability/safeLogger.js:178:17)
      at Object.write (src/observability/safeLogger.js:191:10)
      at error (src/middleware/errorHandler.js:22:14)
      at Layer.handle_error (../m22-part3-route-writer/node_modules/express/lib/router/layer.js:71:5)
      at trim_prefix (../m22-part3-route-writer/node_modules/express/lib/router/index.js:326:13)
      at ../m22-part3-route-writer/node_modules/express/lib/router/index.js:286:9
      at router.process_params (../m22-part3-route-writer/node_modules/express/lib/router/index.js:346:12)
      at next (../m22-part3-route-writer/node_modules/express/lib/router/index.js:280:10)
      at Layer.handle_error (../m22-part3-route-writer/node_modules/express/lib/router/layer.js:67:12)
      at trim_prefix (../m22-part3-route-writer/node_modules/express/lib/router/index.js:326:13)
      at ../m22-part3-route-writer/node_modules/express/lib/router/index.js:286:9
      at router.process_params (../m22-part3-route-writer/node_modules/express/lib/router/index.js:346:12)
      at next (../m22-part3-route-writer/node_modules/express/lib/router/index.js:280:10)
      at Layer.handle_error (../m22-part3-route-writer/node_modules/express/lib/router/layer.js:67:12)
      at trim_prefix (../m22-part3-route-writer/node_modules/express/lib/router/index.js:326:13)
      at ../m22-part3-route-writer/node_modules/express/lib/router/index.js:286:9
      at router.process_params (../m22-part3-route-writer/node_modules/express/lib/router/index.js:346:12)
      at next (../m22-part3-route-writer/node_modules/express/lib/router/index.js:280:10)
      at Layer.handle_error (../m22-part3-route-writer/node_modules/express/lib/router/layer.js:67:12)
      at trim_prefix (../m22-part3-route-writer/node_modules/express/lib/router/index.js:326:13)
      at ../m22-part3-route-writer/node_modules/express/lib/router/index.js:286:9
      at router.process_params (../m22-part3-route-writer/node_modules/express/lib/router/index.js:346:12)
      at next (../m22-part3-route-writer/node_modules/express/lib/router/index.js:280:10)
      at Layer.handle_error (../m22-part3-route-writer/node_modules/express/lib/router/layer.js:67:12)
      at trim_prefix (../m22-part3-route-writer/node_modules/express/lib/router/index.js:326:13)
      at ../m22-part3-route-writer/node_modules/express/lib/router/index.js:286:9
      at router.process_params (../m22-part3-route-writer/node_modules/express/lib/router/index.js:346:12)
      at next (../m22-part3-route-writer/node_modules/express/lib/router/index.js:280:10)
      at Layer.handle_error (../m22-part3-route-writer/node_modules/express/lib/router/layer.js:67:12)
      at trim_prefix (../m22-part3-route-writer/node_modules/express/lib/router/index.js:326:13)
      at ../m22-part3-route-writer/node_modules/express/lib/router/index.js:286:9
      at router.process_params (../m22-part3-route-writer/node_modules/express/lib/router/index.js:346:12)
      at next (../m22-part3-route-writer/node_modules/express/lib/router/index.js:280:10)
      at Layer.handle_error (../m22-part3-route-writer/node_modules/express/lib/router/layer.js:67:12)
      at trim_prefix (../m22-part3-route-writer/node_modules/express/lib/router/index.js:326:13)
      at ../m22-part3-route-writer/node_modules/express/lib/router/index.js:286:9
      at router.process_params (../m22-part3-route-writer/node_modules/express/lib/router/index.js:346:12)
      at next (../m22-part3-route-writer/node_modules/express/lib/router/index.js:280:10)
      at Layer.handle_error (../m22-part3-route-writer/node_modules/express/lib/router/layer.js:67:12)
      at trim_prefix (../m22-part3-route-writer/node_modules/express/lib/router/index.js:326:13)
      at ../m22-part3-route-writer/node_modules/express/lib/router/index.js:286:9
      at router.process_params (../m22-part3-route-writer/node_modules/express/lib/router/index.js:346:12)
      at next (../m22-part3-route-writer/node_modules/express/lib/router/index.js:280:10)
      at Layer.handle_error (../m22-part3-route-writer/node_modules/express/lib/router/layer.js:67:12)
      at trim_prefix (../m22-part3-route-writer/node_modules/express/lib/router/index.js:326:13)
      at ../m22-part3-route-writer/node_modules/express/lib/router/index.js:286:9
      at router.process_params (../m22-part3-route-writer/node_modules/express/lib/router/index.js:346:12)
      at next (../m22-part3-route-writer/node_modules/express/lib/router/index.js:280:10)
      at Layer.handle_error (../m22-part3-route-writer/node_modules/express/lib/router/layer.js:67:12)
      at trim_prefix (../m22-part3-route-writer/node_modules/express/lib/router/index.js:326:13)
      at ../m22-part3-route-writer/node_modules/express/lib/router/index.js:286:9
      at router.process_params (../m22-part3-route-writer/node_modules/express/lib/router/index.js:346:12)
      at next (../m22-part3-route-writer/node_modules/express/lib/router/index.js:280:10)
      at Layer.handle_error (../m22-part3-route-writer/node_modules/express/lib/router/layer.js:67:12)
      at trim_prefix (../m22-part3-route-writer/node_modules/express/lib/router/index.js:326:13)
      at ../m22-part3-route-writer/node_modules/express/lib/router/index.js:286:9
      at router.process_params (../m22-part3-route-writer/node_modules/express/lib/router/index.js:346:12)
      at next (../m22-part3-route-writer/node_modules/express/lib/router/index.js:280:10)
      at Layer.handle_error (../m22-part3-route-writer/node_modules/express/lib/router/layer.js:67:12)
      at trim_prefix (../m22-part3-route-writer/node_modules/express/lib/router/index.js:326:13)
      at ../m22-part3-route-writer/node_modules/express/lib/router/index.js:286:9
      at router.process_params (../m22-part3-route-writer/node_modules/express/lib/router/index.js:346:12)
      at next (../m22-part3-route-writer/node_modules/express/lib/router/index.js:280:10)
      at Layer.handle_error (../m22-part3-route-writer/node_modules/express/lib/router/layer.js:67:12)
      at trim_prefix (../m22-part3-route-writer/node_modules/express/lib/router/index.js:326:13)
      at ../m22-part3-route-writer/node_modules/express/lib/router/index.js:286:9
      at router.process_params (../m22-part3-route-writer/node_modules/express/lib/router/index.js:346:12)
      at next (../m22-part3-route-writer/node_modules/express/lib/router/index.js:280:10)
      at Layer.handle_error (../m22-part3-route-writer/node_modules/express/lib/router/layer.js:67:12)
      at trim_prefix (../m22-part3-route-writer/node_modules/express/lib/router/index.js:326:13)
      at ../m22-part3-route-writer/node_modules/express/lib/router/index.js:286:9
      at router.process_params (../m22-part3-route-writer/node_modules/express/lib/router/index.js:346:12)
      at next (../m22-part3-route-writer/node_modules/express/lib/router/index.js:280:10)
      at next (src/scheduling/recommendationHttpBoundary.js:233:14)
      at next (src/middleware/security.js:52:3)
      at securityHeaders (src/scheduling/recommendationHttpBoundary.js:224:10)
      at Layer.handle [as handle_request] (../m22-part3-route-writer/node_modules/express/lib/router/layer.js:95:5)
      at trim_prefix (../m22-part3-route-writer/node_modules/express/lib/router/index.js:328:13)
      at ../m22-part3-route-writer/node_modules/express/lib/router/index.js:286:9
      at router.process_params (../m22-part3-route-writer/node_modules/express/lib/router/index.js:346:12)
      at next (../m22-part3-route-writer/node_modules/express/lib/router/index.js:280:10)
      at ../m22-part3-route-writer/node_modules/express/lib/router/index.js:646:15
      at next (../m22-part3-route-writer/node_modules/express/lib/router/index.js:265:14)
      at router.handle (../m22-part3-route-writer/node_modules/express/lib/router/index.js:175:3)
      at router (../m22-part3-route-writer/node_modules/express/lib/router/index.js:47:12)
      at Layer.handle [as handle_request] (../m22-part3-route-writer/node_modules/express/lib/router/layer.js:95:5)
      at trim_prefix (../m22-part3-route-writer/node_modules/express/lib/router/index.js:328:13)
      at ../m22-part3-route-writer/node_modules/express/lib/router/index.js:286:9
      at router.process_params (../m22-part3-route-writer/node_modules/express/lib/router/index.js:346:12)
      at next (../m22-part3-route-writer/node_modules/express/lib/router/index.js:280:10)
      at next (src/middleware/auditLog.js:25:3)
      at Layer.handle [as handle_request] (../m22-part3-route-writer/node_modules/express/lib/router/layer.js:95:5)
      at trim_prefix (../m22-part3-route-writer/node_modules/express/lib/router/index.js:328:13)
      at ../m22-part3-route-writer/node_modules/express/lib/router/index.js:286:9
      at router.process_params (../m22-part3-route-writer/node_modules/express/lib/router/index.js:346:12)
      at next (../m22-part3-route-writer/node_modules/express/lib/router/index.js:280:10)
      at cors (../m22-part3-route-writer/node_modules/cors/lib/index.js:188:7)

  console.error
    {
      component: 'http',
      event: 'request_failed',
      requestId: '01f4353a-dfc1-4fe8-b617-49e4b9ee0e44',
      methodClass: 'POST',
      statusCode: 415
    }

      176 |     ...safeFields(fields),
      177 |   };
    > 178 |   console[level](record);
          |                 ^
      179 |   return record;
      180 | }
      181 |

      at write (src/observability/safeLogger.js:178:17)
      at Object.write (src/observability/safeLogger.js:191:10)
      at error (src/middleware/errorHandler.js:22:14)
      at Layer.handle_error (../m22-part3-route-writer/node_modules/express/lib/router/layer.js:71:5)
      at trim_prefix (../m22-part3-route-writer/node_modules/express/lib/router/index.js:326:13)
      at ../m22-part3-route-writer/node_modules/express/lib/router/index.js:286:9
      at router.process_params (../m22-part3-route-writer/node_modules/express/lib/router/index.js:346:12)
      at next (../m22-part3-route-writer/node_modules/express/lib/router/index.js:280:10)
      at Layer.handle_error (../m22-part3-route-writer/node_modules/express/lib/router/layer.js:67:12)
      at trim_prefix (../m22-part3-route-writer/node_modules/express/lib/router/index.js:326:13)
      at ../m22-part3-route-writer/node_modules/express/lib/router/index.js:286:9
      at router.process_params (../m22-part3-route-writer/node_modules/express/lib/router/index.js:346:12)
      at next (../m22-part3-route-writer/node_modules/express/lib/router/index.js:280:10)
      at Layer.handle_error (../m22-part3-route-writer/node_modules/express/lib/router/layer.js:67:12)
      at trim_prefix (../m22-part3-route-writer/node_modules/express/lib/router/index.js:326:13)
      at ../m22-part3-route-writer/node_modules/express/lib/router/index.js:286:9
      at router.process_params (../m22-part3-route-writer/node_modules/express/lib/router/index.js:346:12)
      at next (../m22-part3-route-writer/node_modules/express/lib/router/index.js:280:10)
      at Layer.handle_error (../m22-part3-route-writer/node_modules/express/lib/router/layer.js:67:12)
      at trim_prefix (../m22-part3-route-writer/node_modules/express/lib/router/index.js:326:13)
      at ../m22-part3-route-writer/node_modules/express/lib/router/index.js:286:9
      at router.process_params (../m22-part3-route-writer/node_modules/express/lib/router/index.js:346:12)
      at next (../m22-part3-route-writer/node_modules/express/lib/router/index.js:280:10)
      at Layer.handle_error (../m22-part3-route-writer/node_modules/express/lib/router/layer.js:67:12)
      at trim_prefix (../m22-part3-route-writer/node_modules/express/lib/router/index.js:326:13)
      at ../m22-part3-route-writer/node_modules/express/lib/router/index.js:286:9
      at router.process_params (../m22-part3-route-writer/node_modules/express/lib/router/index.js:346:12)
      at next (../m22-part3-route-writer/node_modules/express/lib/router/index.js:280:10)
      at Layer.handle_error (../m22-part3-route-writer/node_modules/express/lib/router/layer.js:67:12)
      at trim_prefix (../m22-part3-route-writer/node_modules/express/lib/router/index.js:326:13)
      at ../m22-part3-route-writer/node_modules/express/lib/router/index.js:286:9
      at router.process_params (../m22-part3-route-writer/node_modules/express/lib/router/index.js:346:12)
      at next (../m22-part3-route-writer/node_modules/express/lib/router/index.js:280:10)
      at Layer.handle_error (../m22-part3-route-writer/node_modules/express/lib/router/layer.js:67:12)
      at trim_prefix (../m22-part3-route-writer/node_modules/express/lib/router/index.js:326:13)
      at ../m22-part3-route-writer/node_modules/express/lib/router/index.js:286:9
      at router.process_params (../m22-part3-route-writer/node_modules/express/lib/router/index.js:346:12)
      at next (../m22-part3-route-writer/node_modules/express/lib/router/index.js:280:10)
      at Layer.handle_error (../m22-part3-route-writer/node_modules/express/lib/router/layer.js:67:12)
      at trim_prefix (../m22-part3-route-writer/node_modules/express/lib/router/index.js:326:13)
      at ../m22-part3-route-writer/node_modules/express/lib/router/index.js:286:9
      at router.process_params (../m22-part3-route-writer/node_modules/express/lib/router/index.js:346:12)
      at next (../m22-part3-route-writer/node_modules/express/lib/router/index.js:280:10)
      at Layer.handle_error (../m22-part3-route-writer/node_modules/express/lib/router/layer.js:67:12)
      at trim_prefix (../m22-part3-route-writer/node_modules/express/lib/router/index.js:326:13)
      at ../m22-part3-route-writer/node_modules/express/lib/router/index.js:286:9
      at router.process_params (../m22-part3-route-writer/node_modules/express/lib/router/index.js:346:12)
      at next (../m22-part3-route-writer/node_modules/express/lib/router/index.js:280:10)
      at Layer.handle_error (../m22-part3-route-writer/node_modules/express/lib/router/layer.js:67:12)
      at trim_prefix (../m22-part3-route-writer/node_modules/express/lib/router/index.js:326:13)
      at ../m22-part3-route-writer/node_modules/express/lib/router/index.js:286:9
      at router.process_params (../m22-part3-route-writer/node_modules/express/lib/router/index.js:346:12)
      at next (../m22-part3-route-writer/node_modules/express/lib/router/index.js:280:10)
      at Layer.handle_error (../m22-part3-route-writer/node_modules/express/lib/router/layer.js:67:12)
      at trim_prefix (../m22-part3-route-writer/node_modules/express/lib/router/index.js:326:13)
      at ../m22-part3-route-writer/node_modules/express/lib/router/index.js:286:9
      at router.process_params (../m22-part3-route-writer/node_modules/express/lib/router/index.js:346:12)
      at next (../m22-part3-route-writer/node_modules/express/lib/router/index.js:280:10)
      at Layer.handle_error (../m22-part3-route-writer/node_modules/express/lib/router/layer.js:67:12)
      at trim_prefix (../m22-part3-route-writer/node_modules/express/lib/router/index.js:326:13)
      at ../m22-part3-route-writer/node_modules/express/lib/router/index.js:286:9
      at router.process_params (../m22-part3-route-writer/node_modules/express/lib/router/index.js:346:12)
      at next (../m22-part3-route-writer/node_modules/express/lib/router/index.js:280:10)
      at Layer.handle_error (../m22-part3-route-writer/node_modules/express/lib/router/layer.js:67:12)
      at trim_prefix (../m22-part3-route-writer/node_modules/express/lib/router/index.js:326:13)
      at ../m22-part3-route-writer/node_modules/express/lib/router/index.js:286:9
      at router.process_params (../m22-part3-route-writer/node_modules/express/lib/router/index.js:346:12)
      at next (../m22-part3-route-writer/node_modules/express/lib/router/index.js:280:10)
      at Layer.handle_error (../m22-part3-route-writer/node_modules/express/lib/router/layer.js:67:12)
      at trim_prefix (../m22-part3-route-writer/node_modules/express/lib/router/index.js:326:13)
      at ../m22-part3-route-writer/node_modules/express/lib/router/index.js:286:9
      at router.process_params (../m22-part3-route-writer/node_modules/express/lib/router/index.js:346:12)
      at next (../m22-part3-route-writer/node_modules/express/lib/router/index.js:280:10)
      at next (src/scheduling/recommendationHttpBoundary.js:233:14)
      at next (src/middleware/security.js:52:3)
      at securityHeaders (src/scheduling/recommendationHttpBoundary.js:224:10)
      at Layer.handle [as handle_request] (../m22-part3-route-writer/node_modules/express/lib/router/layer.js:95:5)
      at trim_prefix (../m22-part3-route-writer/node_modules/express/lib/router/index.js:328:13)
      at ../m22-part3-route-writer/node_modules/express/lib/router/index.js:286:9
      at router.process_params (../m22-part3-route-writer/node_modules/express/lib/router/index.js:346:12)
      at next (../m22-part3-route-writer/node_modules/express/lib/router/index.js:280:10)
      at ../m22-part3-route-writer/node_modules/express/lib/router/index.js:646:15
      at next (../m22-part3-route-writer/node_modules/express/lib/router/index.js:265:14)
      at router.handle (../m22-part3-route-writer/node_modules/express/lib/router/index.js:175:3)
      at router (../m22-part3-route-writer/node_modules/express/lib/router/index.js:47:12)
      at Layer.handle [as handle_request] (../m22-part3-route-writer/node_modules/express/lib/router/layer.js:95:5)
      at trim_prefix (../m22-part3-route-writer/node_modules/express/lib/router/index.js:328:13)
      at ../m22-part3-route-writer/node_modules/express/lib/router/index.js:286:9
      at router.process_params (../m22-part3-route-writer/node_modules/express/lib/router/index.js:346:12)
      at next (../m22-part3-route-writer/node_modules/express/lib/router/index.js:280:10)
      at next (src/middleware/auditLog.js:25:3)
      at Layer.handle [as handle_request] (../m22-part3-route-writer/node_modules/express/lib/router/layer.js:95:5)
      at trim_prefix (../m22-part3-route-writer/node_modules/express/lib/router/index.js:328:13)
      at ../m22-part3-route-writer/node_modules/express/lib/router/index.js:286:9
      at router.process_params (../m22-part3-route-writer/node_modules/express/lib/router/index.js:346:12)
      at next (../m22-part3-route-writer/node_modules/express/lib/router/index.js:280:10)
      at cors (../m22-part3-route-writer/node_modules/cors/lib/index.js:188:7)

  console.error
    {
      component: 'http',
      event: 'request_failed',
      requestId: '06c18fa5-ea95-4c58-b81b-54da9c62c70b',
      methodClass: 'POST',
      statusCode: 415
    }

      176 |     ...safeFields(fields),
      177 |   };
    > 178 |   console[level](record);
          |                 ^
      179 |   return record;
      180 | }
      181 |

      at write (src/observability/safeLogger.js:178:17)
      at Object.write (src/observability/safeLogger.js:191:10)
      at error (src/middleware/errorHandler.js:22:14)
      at Layer.handle_error (../m22-part3-route-writer/node_modules/express/lib/router/layer.js:71:5)
      at trim_prefix (../m22-part3-route-writer/node_modules/express/lib/router/index.js:326:13)
      at ../m22-part3-route-writer/node_modules/express/lib/router/index.js:286:9
      at router.process_params (../m22-part3-route-writer/node_modules/express/lib/router/index.js:346:12)
      at next (../m22-part3-route-writer/node_modules/express/lib/router/index.js:280:10)
      at Layer.handle_error (../m22-part3-route-writer/node_modules/express/lib/router/layer.js:67:12)
      at trim_prefix (../m22-part3-route-writer/node_modules/express/lib/router/index.js:326:13)
      at ../m22-part3-route-writer/node_modules/express/lib/router/index.js:286:9
      at router.process_params (../m22-part3-route-writer/node_modules/express/lib/router/index.js:346:12)
      at next (../m22-part3-route-writer/node_modules/express/lib/router/index.js:280:10)
      at Layer.handle_error (../m22-part3-route-writer/node_modules/express/lib/router/layer.js:67:12)
      at trim_prefix (../m22-part3-route-writer/node_modules/express/lib/router/index.js:326:13)
      at ../m22-part3-route-writer/node_modules/express/lib/router/index.js:286:9
      at router.process_params (../m22-part3-route-writer/node_modules/express/lib/router/index.js:346:12)
      at next (../m22-part3-route-writer/node_modules/express/lib/router/index.js:280:10)
      at Layer.handle_error (../m22-part3-route-writer/node_modules/express/lib/router/layer.js:67:12)
      at trim_prefix (../m22-part3-route-writer/node_modules/express/lib/router/index.js:326:13)
      at ../m22-part3-route-writer/node_modules/express/lib/router/index.js:286:9
      at router.process_params (../m22-part3-route-writer/node_modules/express/lib/router/index.js:346:12)
      at next (../m22-part3-route-writer/node_modules/express/lib/router/index.js:280:10)
      at Layer.handle_error (../m22-part3-route-writer/node_modules/express/lib/router/layer.js:67:12)
      at trim_prefix (../m22-part3-route-writer/node_modules/express/lib/router/index.js:326:13)
      at ../m22-part3-route-writer/node_modules/express/lib/router/index.js:286:9
      at router.process_params (../m22-part3-route-writer/node_modules/express/lib/router/index.js:346:12)
      at next (../m22-part3-route-writer/node_modules/express/lib/router/index.js:280:10)
      at Layer.handle_error (../m22-part3-route-writer/node_modules/express/lib/router/layer.js:67:12)
      at trim_prefix (../m22-part3-route-writer/node_modules/express/lib/router/index.js:326:13)
      at ../m22-part3-route-writer/node_modules/express/lib/router/index.js:286:9
      at router.process_params (../m22-part3-route-writer/node_modules/express/lib/router/index.js:346:12)
      at next (../m22-part3-route-writer/node_modules/express/lib/router/index.js:280:10)
      at Layer.handle_error (../m22-part3-route-writer/node_modules/express/lib/router/layer.js:67:12)
      at trim_prefix (../m22-part3-route-writer/node_modules/express/lib/router/index.js:326:13)
      at ../m22-part3-route-writer/node_modules/express/lib/router/index.js:286:9
      at router.process_params (../m22-part3-route-writer/node_modules/express/lib/router/index.js:346:12)
      at next (../m22-part3-route-writer/node_modules/express/lib/router/index.js:280:10)
      at Layer.handle_error (../m22-part3-route-writer/node_modules/express/lib/router/layer.js:67:12)
      at trim_prefix (../m22-part3-route-writer/node_modules/express/lib/router/index.js:326:13)
      at ../m22-part3-route-writer/node_modules/express/lib/router/index.js:286:9
      at router.process_params (../m22-part3-route-writer/node_modules/express/lib/router/index.js:346:12)
      at next (../m22-part3-route-writer/node_modules/express/lib/router/index.js:280:10)
      at Layer.handle_error (../m22-part3-route-writer/node_modules/express/lib/router/layer.js:67:12)
      at trim_prefix (../m22-part3-route-writer/node_modules/express/lib/router/index.js:326:13)
      at ../m22-part3-route-writer/node_modules/express/lib/router/index.js:286:9
      at router.process_params (../m22-part3-route-writer/node_modules/express/lib/router/index.js:346:12)
      at next (../m22-part3-route-writer/node_modules/express/lib/router/index.js:280:10)
      at Layer.handle_error (../m22-part3-route-writer/node_modules/express/lib/router/layer.js:67:12)
      at trim_prefix (../m22-part3-route-writer/node_modules/express/lib/router/index.js:326:13)
      at ../m22-part3-route-writer/node_modules/express/lib/router/index.js:286:9
      at router.process_params (../m22-part3-route-writer/node_modules/express/lib/router/index.js:346:12)
      at next (../m22-part3-route-writer/node_modules/express/lib/router/index.js:280:10)
      at Layer.handle_error (../m22-part3-route-writer/node_modules/express/lib/router/layer.js:67:12)
      at trim_prefix (../m22-part3-route-writer/node_modules/express/lib/router/index.js:326:13)
      at ../m22-part3-route-writer/node_modules/express/lib/router/index.js:286:9
      at router.process_params (../m22-part3-route-writer/node_modules/express/lib/router/index.js:346:12)
      at next (../m22-part3-route-writer/node_modules/express/lib/router/index.js:280:10)
      at Layer.handle_error (../m22-part3-route-writer/node_modules/express/lib/router/layer.js:67:12)
      at trim_prefix (../m22-part3-route-writer/node_modules/express/lib/router/index.js:326:13)
      at ../m22-part3-route-writer/node_modules/express/lib/router/index.js:286:9
      at router.process_params (../m22-part3-route-writer/node_modules/express/lib/router/index.js:346:12)
      at next (../m22-part3-route-writer/node_modules/express/lib/router/index.js:280:10)
      at Layer.handle_error (../m22-part3-route-writer/node_modules/express/lib/router/layer.js:67:12)
      at trim_prefix (../m22-part3-route-writer/node_modules/express/lib/router/index.js:326:13)
      at ../m22-part3-route-writer/node_modules/express/lib/router/index.js:286:9
      at router.process_params (../m22-part3-route-writer/node_modules/express/lib/router/index.js:346:12)
      at next (../m22-part3-route-writer/node_modules/express/lib/router/index.js:280:10)
      at Layer.handle_error (../m22-part3-route-writer/node_modules/express/lib/router/layer.js:67:12)
      at trim_prefix (../m22-part3-route-writer/node_modules/express/lib/router/index.js:326:13)
      at ../m22-part3-route-writer/node_modules/express/lib/router/index.js:286:9
      at router.process_params (../m22-part3-route-writer/node_modules/express/lib/router/index.js:346:12)
      at next (../m22-part3-route-writer/node_modules/express/lib/router/index.js:280:10)
      at next (src/scheduling/recommendationHttpBoundary.js:233:14)
      at next (src/middleware/security.js:52:3)
      at securityHeaders (src/scheduling/recommendationHttpBoundary.js:224:10)
      at Layer.handle [as handle_request] (../m22-part3-route-writer/node_modules/express/lib/router/layer.js:95:5)
      at trim_prefix (../m22-part3-route-writer/node_modules/express/lib/router/index.js:328:13)
      at ../m22-part3-route-writer/node_modules/express/lib/router/index.js:286:9
      at router.process_params (../m22-part3-route-writer/node_modules/express/lib/router/index.js:346:12)
      at next (../m22-part3-route-writer/node_modules/express/lib/router/index.js:280:10)
      at ../m22-part3-route-writer/node_modules/express/lib/router/index.js:646:15
      at next (../m22-part3-route-writer/node_modules/express/lib/router/index.js:265:14)
      at router.handle (../m22-part3-route-writer/node_modules/express/lib/router/index.js:175:3)
      at router (../m22-part3-route-writer/node_modules/express/lib/router/index.js:47:12)
      at Layer.handle [as handle_request] (../m22-part3-route-writer/node_modules/express/lib/router/layer.js:95:5)
      at trim_prefix (../m22-part3-route-writer/node_modules/express/lib/router/index.js:328:13)
      at ../m22-part3-route-writer/node_modules/express/lib/router/index.js:286:9
      at router.process_params (../m22-part3-route-writer/node_modules/express/lib/router/index.js:346:12)
      at next (../m22-part3-route-writer/node_modules/express/lib/router/index.js:280:10)
      at next (src/middleware/auditLog.js:25:3)
      at Layer.handle [as handle_request] (../m22-part3-route-writer/node_modules/express/lib/router/layer.js:95:5)
      at trim_prefix (../m22-part3-route-writer/node_modules/express/lib/router/index.js:328:13)
      at ../m22-part3-route-writer/node_modules/express/lib/router/index.js:286:9
      at router.process_params (../m22-part3-route-writer/node_modules/express/lib/router/index.js:346:12)
      at next (../m22-part3-route-writer/node_modules/express/lib/router/index.js:280:10)
      at cors (../m22-part3-route-writer/node_modules/cors/lib/index.js:188:7)

  console.error
    {
      component: 'http',
      event: 'request_failed',
      requestId: '12817f4d-f131-466a-9166-cde542aa22a8',
      methodClass: 'POST',
      statusCode: 415
    }

      176 |     ...safeFields(fields),
      177 |   };
    > 178 |   console[level](record);
          |                 ^
      179 |   return record;
      180 | }
      181 |

      at write (src/observability/safeLogger.js:178:17)
      at Object.write (src/observability/safeLogger.js:191:10)
      at error (src/middleware/errorHandler.js:22:14)
      at Layer.handle_error (../m22-part3-route-writer/node_modules/express/lib/router/layer.js:71:5)
      at trim_prefix (../m22-part3-route-writer/node_modules/express/lib/router/index.js:326:13)
      at ../m22-part3-route-writer/node_modules/express/lib/router/index.js:286:9
      at router.process_params (../m22-part3-route-writer/node_modules/express/lib/router/index.js:346:12)
      at next (../m22-part3-route-writer/node_modules/express/lib/router/index.js:280:10)
      at Layer.handle_error (../m22-part3-route-writer/node_modules/express/lib/router/layer.js:67:12)
      at trim_prefix (../m22-part3-route-writer/node_modules/express/lib/router/index.js:326:13)
      at ../m22-part3-route-writer/node_modules/express/lib/router/index.js:286:9
      at router.process_params (../m22-part3-route-writer/node_modules/express/lib/router/index.js:346:12)
      at next (../m22-part3-route-writer/node_modules/express/lib/router/index.js:280:10)
      at Layer.handle_error (../m22-part3-route-writer/node_modules/express/lib/router/layer.js:67:12)
      at trim_prefix (../m22-part3-route-writer/node_modules/express/lib/router/index.js:326:13)
      at ../m22-part3-route-writer/node_modules/express/lib/router/index.js:286:9
      at router.process_params (../m22-part3-route-writer/node_modules/express/lib/router/index.js:346:12)
      at next (../m22-part3-route-writer/node_modules/express/lib/router/index.js:280:10)
      at Layer.handle_error (../m22-part3-route-writer/node_modules/express/lib/router/layer.js:67:12)
      at trim_prefix (../m22-part3-route-writer/node_modules/express/lib/router/index.js:326:13)
      at ../m22-part3-route-writer/node_modules/express/lib/router/index.js:286:9
      at router.process_params (../m22-part3-route-writer/node_modules/express/lib/router/index.js:346:12)
      at next (../m22-part3-route-writer/node_modules/express/lib/router/index.js:280:10)
      at Layer.handle_error (../m22-part3-route-writer/node_modules/express/lib/router/layer.js:67:12)
      at trim_prefix (../m22-part3-route-writer/node_modules/express/lib/router/index.js:326:13)
      at ../m22-part3-route-writer/node_modules/express/lib/router/index.js:286:9
      at router.process_params (../m22-part3-route-writer/node_modules/express/lib/router/index.js:346:12)
      at next (../m22-part3-route-writer/node_modules/express/lib/router/index.js:280:10)
      at Layer.handle_error (../m22-part3-route-writer/node_modules/express/lib/router/layer.js:67:12)
      at trim_prefix (../m22-part3-route-writer/node_modules/express/lib/router/index.js:326:13)
      at ../m22-part3-route-writer/node_modules/express/lib/router/index.js:286:9
      at router.process_params (../m22-part3-route-writer/node_modules/express/lib/router/index.js:346:12)
      at next (../m22-part3-route-writer/node_modules/express/lib/router/index.js:280:10)
      at Layer.handle_error (../m22-part3-route-writer/node_modules/express/lib/router/layer.js:67:12)
      at trim_prefix (../m22-part3-route-writer/node_modules/express/lib/router/index.js:326:13)
      at ../m22-part3-route-writer/node_modules/express/lib/router/index.js:286:9
      at router.process_params (../m22-part3-route-writer/node_modules/express/lib/router/index.js:346:12)
      at next (../m22-part3-route-writer/node_modules/express/lib/router/index.js:280:10)
      at Layer.handle_error (../m22-part3-route-writer/node_modules/express/lib/router/layer.js:67:12)
      at trim_prefix (../m22-part3-route-writer/node_modules/express/lib/router/index.js:326:13)
      at ../m22-part3-route-writer/node_modules/express/lib/router/index.js:286:9
      at router.process_params (../m22-part3-route-writer/node_modules/express/lib/router/index.js:346:12)
      at next (../m22-part3-route-writer/node_modules/express/lib/router/index.js:280:10)
      at Layer.handle_error (../m22-part3-route-writer/node_modules/express/lib/router/layer.js:67:12)
      at trim_prefix (../m22-part3-route-writer/node_modules/express/lib/router/index.js:326:13)
      at ../m22-part3-route-writer/node_modules/express/lib/router/index.js:286:9
      at router.process_params (../m22-part3-route-writer/node_modules/express/lib/router/index.js:346:12)
      at next (../m22-part3-route-writer/node_modules/express/lib/router/index.js:280:10)
      at Layer.handle_error (../m22-part3-route-writer/node_modules/express/lib/router/layer.js:67:12)
      at trim_prefix (../m22-part3-route-writer/node_modules/express/lib/router/index.js:326:13)
      at ../m22-part3-route-writer/node_modules/express/lib/router/index.js:286:9
      at router.process_params (../m22-part3-route-writer/node_modules/express/lib/router/index.js:346:12)
      at next (../m22-part3-route-writer/node_modules/express/lib/router/index.js:280:10)
      at Layer.handle_error (../m22-part3-route-writer/node_modules/express/lib/router/layer.js:67:12)
      at trim_prefix (../m22-part3-route-writer/node_modules/express/lib/router/index.js:326:13)
      at ../m22-part3-route-writer/node_modules/express/lib/router/index.js:286:9
      at router.process_params (../m22-part3-route-writer/node_modules/express/lib/router/index.js:346:12)
      at next (../m22-part3-route-writer/node_modules/express/lib/router/index.js:280:10)
      at Layer.handle_error (../m22-part3-route-writer/node_modules/express/lib/router/layer.js:67:12)
      at trim_prefix (../m22-part3-route-writer/node_modules/express/lib/router/index.js:326:13)
      at ../m22-part3-route-writer/node_modules/express/lib/router/index.js:286:9
      at router.process_params (../m22-part3-route-writer/node_modules/express/lib/router/index.js:346:12)
      at next (../m22-part3-route-writer/node_modules/express/lib/router/index.js:280:10)
      at Layer.handle_error (../m22-part3-route-writer/node_modules/express/lib/router/layer.js:67:12)
      at trim_prefix (../m22-part3-route-writer/node_modules/express/lib/router/index.js:326:13)
      at ../m22-part3-route-writer/node_modules/express/lib/router/index.js:286:9
      at router.process_params (../m22-part3-route-writer/node_modules/express/lib/router/index.js:346:12)
      at next (../m22-part3-route-writer/node_modules/express/lib/router/index.js:280:10)
      at Layer.handle_error (../m22-part3-route-writer/node_modules/express/lib/router/layer.js:67:12)
      at trim_prefix (../m22-part3-route-writer/node_modules/express/lib/router/index.js:326:13)
      at ../m22-part3-route-writer/node_modules/express/lib/router/index.js:286:9
      at router.process_params (../m22-part3-route-writer/node_modules/express/lib/router/index.js:346:12)
      at next (../m22-part3-route-writer/node_modules/express/lib/router/index.js:280:10)
      at next (src/scheduling/recommendationHttpBoundary.js:233:14)
      at next (src/middleware/security.js:52:3)
      at securityHeaders (src/scheduling/recommendationHttpBoundary.js:224:10)
      at Layer.handle [as handle_request] (../m22-part3-route-writer/node_modules/express/lib/router/layer.js:95:5)
      at trim_prefix (../m22-part3-route-writer/node_modules/express/lib/router/index.js:328:13)
      at ../m22-part3-route-writer/node_modules/express/lib/router/index.js:286:9
      at router.process_params (../m22-part3-route-writer/node_modules/express/lib/router/index.js:346:12)
      at next (../m22-part3-route-writer/node_modules/express/lib/router/index.js:280:10)
      at ../m22-part3-route-writer/node_modules/express/lib/router/index.js:646:15
      at next (../m22-part3-route-writer/node_modules/express/lib/router/index.js:265:14)
      at router.handle (../m22-part3-route-writer/node_modules/express/lib/router/index.js:175:3)
      at router (../m22-part3-route-writer/node_modules/express/lib/router/index.js:47:12)
      at Layer.handle [as handle_request] (../m22-part3-route-writer/node_modules/express/lib/router/layer.js:95:5)
      at trim_prefix (../m22-part3-route-writer/node_modules/express/lib/router/index.js:328:13)
      at ../m22-part3-route-writer/node_modules/express/lib/router/index.js:286:9
      at router.process_params (../m22-part3-route-writer/node_modules/express/lib/router/index.js:346:12)
      at next (../m22-part3-route-writer/node_modules/express/lib/router/index.js:280:10)
      at next (src/middleware/auditLog.js:25:3)
      at Layer.handle [as handle_request] (../m22-part3-route-writer/node_modules/express/lib/router/layer.js:95:5)
      at trim_prefix (../m22-part3-route-writer/node_modules/express/lib/router/index.js:328:13)
      at ../m22-part3-route-writer/node_modules/express/lib/router/index.js:286:9
      at router.process_params (../m22-part3-route-writer/node_modules/express/lib/router/index.js:346:12)
      at next (../m22-part3-route-writer/node_modules/express/lib/router/index.js:280:10)
      at cors (../m22-part3-route-writer/node_modules/cors/lib/index.js:188:7)

  console.error
    {
      component: 'http',
      event: 'request_failed',
      requestId: '1fb62b3e-f6e1-4cb2-8740-abebcbc1fadb',
      methodClass: 'POST',
      statusCode: 415
    }

      176 |     ...safeFields(fields),
      177 |   };
    > 178 |   console[level](record);
          |                 ^
      179 |   return record;
      180 | }
      181 |

      at write (src/observability/safeLogger.js:178:17)
      at Object.write (src/observability/safeLogger.js:191:10)
      at error (src/middleware/errorHandler.js:22:14)
      at Layer.handle_error (../m22-part3-route-writer/node_modules/express/lib/router/layer.js:71:5)
      at trim_prefix (../m22-part3-route-writer/node_modules/express/lib/router/index.js:326:13)
      at ../m22-part3-route-writer/node_modules/express/lib/router/index.js:286:9
      at router.process_params (../m22-part3-route-writer/node_modules/express/lib/router/index.js:346:12)
      at next (../m22-part3-route-writer/node_modules/express/lib/router/index.js:280:10)
      at Layer.handle_error (../m22-part3-route-writer/node_modules/express/lib/router/layer.js:67:12)
      at trim_prefix (../m22-part3-route-writer/node_modules/express/lib/router/index.js:326:13)
      at ../m22-part3-route-writer/node_modules/express/lib/router/index.js:286:9
      at router.process_params (../m22-part3-route-writer/node_modules/express/lib/router/index.js:346:12)
      at next (../m22-part3-route-writer/node_modules/express/lib/router/index.js:280:10)
      at Layer.handle_error (../m22-part3-route-writer/node_modules/express/lib/router/layer.js:67:12)
      at trim_prefix (../m22-part3-route-writer/node_modules/express/lib/router/index.js:326:13)
      at ../m22-part3-route-writer/node_modules/express/lib/router/index.js:286:9
      at router.process_params (../m22-part3-route-writer/node_modules/express/lib/router/index.js:346:12)
      at next (../m22-part3-route-writer/node_modules/express/lib/router/index.js:280:10)
      at Layer.handle_error (../m22-part3-route-writer/node_modules/express/lib/router/layer.js:67:12)
      at trim_prefix (../m22-part3-route-writer/node_modules/express/lib/router/index.js:326:13)
      at ../m22-part3-route-writer/node_modules/express/lib/router/index.js:286:9
      at router.process_params (../m22-part3-route-writer/node_modules/express/lib/router/index.js:346:12)
      at next (../m22-part3-route-writer/node_modules/express/lib/router/index.js:280:10)
      at Layer.handle_error (../m22-part3-route-writer/node_modules/express/lib/router/layer.js:67:12)
      at trim_prefix (../m22-part3-route-writer/node_modules/express/lib/router/index.js:326:13)
      at ../m22-part3-route-writer/node_modules/express/lib/router/index.js:286:9
      at router.process_params (../m22-part3-route-writer/node_modules/express/lib/router/index.js:346:12)
      at next (../m22-part3-route-writer/node_modules/express/lib/router/index.js:280:10)
      at Layer.handle_error (../m22-part3-route-writer/node_modules/express/lib/router/layer.js:67:12)
      at trim_prefix (../m22-part3-route-writer/node_modules/express/lib/router/index.js:326:13)
      at ../m22-part3-route-writer/node_modules/express/lib/router/index.js:286:9
      at router.process_params (../m22-part3-route-writer/node_modules/express/lib/router/index.js:346:12)
      at next (../m22-part3-route-writer/node_modules/express/lib/router/index.js:280:10)
      at Layer.handle_error (../m22-part3-route-writer/node_modules/express/lib/router/layer.js:67:12)
      at trim_prefix (../m22-part3-route-writer/node_modules/express/lib/router/index.js:326:13)
      at ../m22-part3-route-writer/node_modules/express/lib/router/index.js:286:9
      at router.process_params (../m22-part3-route-writer/node_modules/express/lib/router/index.js:346:12)
      at next (../m22-part3-route-writer/node_modules/express/lib/router/index.js:280:10)
      at Layer.handle_error (../m22-part3-route-writer/node_modules/express/lib/router/layer.js:67:12)
      at trim_prefix (../m22-part3-route-writer/node_modules/express/lib/router/index.js:326:13)
      at ../m22-part3-route-writer/node_modules/express/lib/router/index.js:286:9
      at router.process_params (../m22-part3-route-writer/node_modules/express/lib/router/index.js:346:12)
      at next (../m22-part3-route-writer/node_modules/express/lib/router/index.js:280:10)
      at Layer.handle_error (../m22-part3-route-writer/node_modules/express/lib/router/layer.js:67:12)
      at trim_prefix (../m22-part3-route-writer/node_modules/express/lib/router/index.js:326:13)
      at ../m22-part3-route-writer/node_modules/express/lib/router/index.js:286:9
      at router.process_params (../m22-part3-route-writer/node_modules/express/lib/router/index.js:346:12)
      at next (../m22-part3-route-writer/node_modules/express/lib/router/index.js:280:10)
      at Layer.handle_error (../m22-part3-route-writer/node_modules/express/lib/router/layer.js:67:12)
      at trim_prefix (../m22-part3-route-writer/node_modules/express/lib/router/index.js:326:13)
      at ../m22-part3-route-writer/node_modules/express/lib/router/index.js:286:9
      at router.process_params (../m22-part3-route-writer/node_modules/express/lib/router/index.js:346:12)
      at next (../m22-part3-route-writer/node_modules/express/lib/router/index.js:280:10)
      at Layer.handle_error (../m22-part3-route-writer/node_modules/express/lib/router/layer.js:67:12)
      at trim_prefix (../m22-part3-route-writer/node_modules/express/lib/router/index.js:326:13)
      at ../m22-part3-route-writer/node_modules/express/lib/router/index.js:286:9
      at router.process_params (../m22-part3-route-writer/node_modules/express/lib/router/index.js:346:12)
      at next (../m22-part3-route-writer/node_modules/express/lib/router/index.js:280:10)
      at Layer.handle_error (../m22-part3-route-writer/node_modules/express/lib/router/layer.js:67:12)
      at trim_prefix (../m22-part3-route-writer/node_modules/express/lib/router/index.js:326:13)
      at ../m22-part3-route-writer/node_modules/express/lib/router/index.js:286:9
      at router.process_params (../m22-part3-route-writer/node_modules/express/lib/router/index.js:346:12)
      at next (../m22-part3-route-writer/node_modules/express/lib/router/index.js:280:10)
      at Layer.handle_error (../m22-part3-route-writer/node_modules/express/lib/router/layer.js:67:12)
      at trim_prefix (../m22-part3-route-writer/node_modules/express/lib/router/index.js:326:13)
      at ../m22-part3-route-writer/node_modules/express/lib/router/index.js:286:9
      at router.process_params (../m22-part3-route-writer/node_modules/express/lib/router/index.js:346:12)
      at next (../m22-part3-route-writer/node_modules/express/lib/router/index.js:280:10)
      at Layer.handle_error (../m22-part3-route-writer/node_modules/express/lib/router/layer.js:67:12)
      at trim_prefix (../m22-part3-route-writer/node_modules/express/lib/router/index.js:326:13)
      at ../m22-part3-route-writer/node_modules/express/lib/router/index.js:286:9
      at router.process_params (../m22-part3-route-writer/node_modules/express/lib/router/index.js:346:12)
      at next (../m22-part3-route-writer/node_modules/express/lib/router/index.js:280:10)
      at next (src/scheduling/recommendationHttpBoundary.js:237:14)
      at next (src/middleware/security.js:52:3)
      at securityHeaders (src/scheduling/recommendationHttpBoundary.js:224:10)
      at Layer.handle [as handle_request] (../m22-part3-route-writer/node_modules/express/lib/router/layer.js:95:5)
      at trim_prefix (../m22-part3-route-writer/node_modules/express/lib/router/index.js:328:13)
      at ../m22-part3-route-writer/node_modules/express/lib/router/index.js:286:9
      at router.process_params (../m22-part3-route-writer/node_modules/express/lib/router/index.js:346:12)
      at next (../m22-part3-route-writer/node_modules/express/lib/router/index.js:280:10)
      at ../m22-part3-route-writer/node_modules/express/lib/router/index.js:646:15
      at next (../m22-part3-route-writer/node_modules/express/lib/router/index.js:265:14)
      at router.handle (../m22-part3-route-writer/node_modules/express/lib/router/index.js:175:3)
      at router (../m22-part3-route-writer/node_modules/express/lib/router/index.js:47:12)
      at Layer.handle [as handle_request] (../m22-part3-route-writer/node_modules/express/lib/router/layer.js:95:5)
      at trim_prefix (../m22-part3-route-writer/node_modules/express/lib/router/index.js:328:13)
      at ../m22-part3-route-writer/node_modules/express/lib/router/index.js:286:9
      at router.process_params (../m22-part3-route-writer/node_modules/express/lib/router/index.js:346:12)
      at next (../m22-part3-route-writer/node_modules/express/lib/router/index.js:280:10)
      at next (src/middleware/auditLog.js:25:3)
      at Layer.handle [as handle_request] (../m22-part3-route-writer/node_modules/express/lib/router/layer.js:95:5)
      at trim_prefix (../m22-part3-route-writer/node_modules/express/lib/router/index.js:328:13)
      at ../m22-part3-route-writer/node_modules/express/lib/router/index.js:286:9
      at router.process_params (../m22-part3-route-writer/node_modules/express/lib/router/index.js:346:12)
      at next (../m22-part3-route-writer/node_modules/express/lib/router/index.js:280:10)
      at cors (../m22-part3-route-writer/node_modules/cors/lib/index.js:188:7)

  console.error
    {
      component: 'http',
      event: 'request_failed',
      requestId: 'c1fa9666-aecc-41da-90f6-d55f75ea6444',
      methodClass: 'POST',
      statusCode: 415
    }

      176 |     ...safeFields(fields),
      177 |   };
    > 178 |   console[level](record);
          |                 ^
      179 |   return record;
      180 | }
      181 |

      at write (src/observability/safeLogger.js:178:17)
      at Object.write (src/observability/safeLogger.js:191:10)
      at error (src/middleware/errorHandler.js:22:14)
      at Layer.handle_error (../m22-part3-route-writer/node_modules/express/lib/router/layer.js:71:5)
      at trim_prefix (../m22-part3-route-writer/node_modules/express/lib/router/index.js:326:13)
      at ../m22-part3-route-writer/node_modules/express/lib/router/index.js:286:9
      at router.process_params (../m22-part3-route-writer/node_modules/express/lib/router/index.js:346:12)
      at next (../m22-part3-route-writer/node_modules/express/lib/router/index.js:280:10)
      at Layer.handle_error (../m22-part3-route-writer/node_modules/express/lib/router/layer.js:67:12)
      at trim_prefix (../m22-part3-route-writer/node_modules/express/lib/router/index.js:326:13)
      at ../m22-part3-route-writer/node_modules/express/lib/router/index.js:286:9
      at router.process_params (../m22-part3-route-writer/node_modules/express/lib/router/index.js:346:12)
      at next (../m22-part3-route-writer/node_modules/express/lib/router/index.js:280:10)
      at Layer.handle_error (../m22-part3-route-writer/node_modules/express/lib/router/layer.js:67:12)
      at trim_prefix (../m22-part3-route-writer/node_modules/express/lib/router/index.js:326:13)
      at ../m22-part3-route-writer/node_modules/express/lib/router/index.js:286:9
      at router.process_params (../m22-part3-route-writer/node_modules/express/lib/router/index.js:346:12)
      at next (../m22-part3-route-writer/node_modules/express/lib/router/index.js:280:10)
      at Layer.handle_error (../m22-part3-route-writer/node_modules/express/lib/router/layer.js:67:12)
      at trim_prefix (../m22-part3-route-writer/node_modules/express/lib/router/index.js:326:13)
      at ../m22-part3-route-writer/node_modules/express/lib/router/index.js:286:9
      at router.process_params (../m22-part3-route-writer/node_modules/express/lib/router/index.js:346:12)
      at next (../m22-part3-route-writer/node_modules/express/lib/router/index.js:280:10)
      at Layer.handle_error (../m22-part3-route-writer/node_modules/express/lib/router/layer.js:67:12)
      at trim_prefix (../m22-part3-route-writer/node_modules/express/lib/router/index.js:326:13)
      at ../m22-part3-route-writer/node_modules/express/lib/router/index.js:286:9
      at router.process_params (../m22-part3-route-writer/node_modules/express/lib/router/index.js:346:12)
      at next (../m22-part3-route-writer/node_modules/express/lib/router/index.js:280:10)
      at Layer.handle_error (../m22-part3-route-writer/node_modules/express/lib/router/layer.js:67:12)
      at trim_prefix (../m22-part3-route-writer/node_modules/express/lib/router/index.js:326:13)
      at ../m22-part3-route-writer/node_modules/express/lib/router/index.js:286:9
      at router.process_params (../m22-part3-route-writer/node_modules/express/lib/router/index.js:346:12)
      at next (../m22-part3-route-writer/node_modules/express/lib/router/index.js:280:10)
      at Layer.handle_error (../m22-part3-route-writer/node_modules/express/lib/router/layer.js:67:12)
      at trim_prefix (../m22-part3-route-writer/node_modules/express/lib/router/index.js:326:13)
      at ../m22-part3-route-writer/node_modules/express/lib/router/index.js:286:9
      at router.process_params (../m22-part3-route-writer/node_modules/express/lib/router/index.js:346:12)
      at next (../m22-part3-route-writer/node_modules/express/lib/router/index.js:280:10)
      at Layer.handle_error (../m22-part3-route-writer/node_modules/express/lib/router/layer.js:67:12)
      at trim_prefix (../m22-part3-route-writer/node_modules/express/lib/router/index.js:326:13)
      at ../m22-part3-route-writer/node_modules/express/lib/router/index.js:286:9
      at router.process_params (../m22-part3-route-writer/node_modules/express/lib/router/index.js:346:12)
      at next (../m22-part3-route-writer/node_modules/express/lib/router/index.js:280:10)
      at Layer.handle_error (../m22-part3-route-writer/node_modules/express/lib/router/layer.js:67:12)
      at trim_prefix (../m22-part3-route-writer/node_modules/express/lib/router/index.js:326:13)
      at ../m22-part3-route-writer/node_modules/express/lib/router/index.js:286:9
      at router.process_params (../m22-part3-route-writer/node_modules/express/lib/router/index.js:346:12)
      at next (../m22-part3-route-writer/node_modules/express/lib/router/index.js:280:10)
      at Layer.handle_error (../m22-part3-route-writer/node_modules/express/lib/router/layer.js:67:12)
      at trim_prefix (../m22-part3-route-writer/node_modules/express/lib/router/index.js:326:13)
      at ../m22-part3-route-writer/node_modules/express/lib/router/index.js:286:9
      at router.process_params (../m22-part3-route-writer/node_modules/express/lib/router/index.js:346:12)
      at next (../m22-part3-route-writer/node_modules/express/lib/router/index.js:280:10)
      at Layer.handle_error (../m22-part3-route-writer/node_modules/express/lib/router/layer.js:67:12)
      at trim_prefix (../m22-part3-route-writer/node_modules/express/lib/router/index.js:326:13)
      at ../m22-part3-route-writer/node_modules/express/lib/router/index.js:286:9
      at router.process_params (../m22-part3-route-writer/node_modules/express/lib/router/index.js:346:12)
      at next (../m22-part3-route-writer/node_modules/express/lib/router/index.js:280:10)
      at Layer.handle_error (../m22-part3-route-writer/node_modules/express/lib/router/layer.js:67:12)
      at trim_prefix (../m22-part3-route-writer/node_modules/express/lib/router/index.js:326:13)
      at ../m22-part3-route-writer/node_modules/express/lib/router/index.js:286:9
      at router.process_params (../m22-part3-route-writer/node_modules/express/lib/router/index.js:346:12)
      at next (../m22-part3-route-writer/node_modules/express/lib/router/index.js:280:10)
      at Layer.handle_error (../m22-part3-route-writer/node_modules/express/lib/router/layer.js:67:12)
      at trim_prefix (../m22-part3-route-writer/node_modules/express/lib/router/index.js:326:13)
      at ../m22-part3-route-writer/node_modules/express/lib/router/index.js:286:9
      at router.process_params (../m22-part3-route-writer/node_modules/express/lib/router/index.js:346:12)
      at next (../m22-part3-route-writer/node_modules/express/lib/router/index.js:280:10)
      at Layer.handle_error (../m22-part3-route-writer/node_modules/express/lib/router/layer.js:67:12)
      at trim_prefix (../m22-part3-route-writer/node_modules/express/lib/router/index.js:326:13)
      at ../m22-part3-route-writer/node_modules/express/lib/router/index.js:286:9
      at router.process_params (../m22-part3-route-writer/node_modules/express/lib/router/index.js:346:12)
      at next (../m22-part3-route-writer/node_modules/express/lib/router/index.js:280:10)
      at next (src/scheduling/recommendationHttpBoundary.js:237:14)
      at next (src/middleware/security.js:52:3)
      at securityHeaders (src/scheduling/recommendationHttpBoundary.js:224:10)
      at Layer.handle [as handle_request] (../m22-part3-route-writer/node_modules/express/lib/router/layer.js:95:5)
      at trim_prefix (../m22-part3-route-writer/node_modules/express/lib/router/index.js:328:13)
      at ../m22-part3-route-writer/node_modules/express/lib/router/index.js:286:9
      at router.process_params (../m22-part3-route-writer/node_modules/express/lib/router/index.js:346:12)
      at next (../m22-part3-route-writer/node_modules/express/lib/router/index.js:280:10)
      at ../m22-part3-route-writer/node_modules/express/lib/router/index.js:646:15
      at next (../m22-part3-route-writer/node_modules/express/lib/router/index.js:265:14)
      at router.handle (../m22-part3-route-writer/node_modules/express/lib/router/index.js:175:3)
      at router (../m22-part3-route-writer/node_modules/express/lib/router/index.js:47:12)
      at Layer.handle [as handle_request] (../m22-part3-route-writer/node_modules/express/lib/router/layer.js:95:5)
      at trim_prefix (../m22-part3-route-writer/node_modules/express/lib/router/index.js:328:13)
      at ../m22-part3-route-writer/node_modules/express/lib/router/index.js:286:9
      at router.process_params (../m22-part3-route-writer/node_modules/express/lib/router/index.js:346:12)
      at next (../m22-part3-route-writer/node_modules/express/lib/router/index.js:280:10)
      at next (src/middleware/auditLog.js:25:3)
      at Layer.handle [as handle_request] (../m22-part3-route-writer/node_modules/express/lib/router/layer.js:95:5)
      at trim_prefix (../m22-part3-route-writer/node_modules/express/lib/router/index.js:328:13)
      at ../m22-part3-route-writer/node_modules/express/lib/router/index.js:286:9
      at router.process_params (../m22-part3-route-writer/node_modules/express/lib/router/index.js:346:12)
      at next (../m22-part3-route-writer/node_modules/express/lib/router/index.js:280:10)
      at cors (../m22-part3-route-writer/node_modules/cors/lib/index.js:188:7)

  console.error
    {
      component: 'http',
      event: 'request_failed',
      requestId: '3ad3d4d3-b082-42e5-bf2b-4b30212da808',
      methodClass: 'POST',
      statusCode: 415
    }

      176 |     ...safeFields(fields),
      177 |   };
    > 178 |   console[level](record);
          |                 ^
      179 |   return record;
      180 | }
      181 |

      at write (src/observability/safeLogger.js:178:17)
      at Object.write (src/observability/safeLogger.js:191:10)
      at error (src/middleware/errorHandler.js:22:14)
      at Layer.handle_error (../m22-part3-route-writer/node_modules/express/lib/router/layer.js:71:5)
      at trim_prefix (../m22-part3-route-writer/node_modules/express/lib/router/index.js:326:13)
      at ../m22-part3-route-writer/node_modules/express/lib/router/index.js:286:9
      at router.process_params (../m22-part3-route-writer/node_modules/express/lib/router/index.js:346:12)
      at next (../m22-part3-route-writer/node_modules/express/lib/router/index.js:280:10)
      at Layer.handle_error (../m22-part3-route-writer/node_modules/express/lib/router/layer.js:67:12)
      at trim_prefix (../m22-part3-route-writer/node_modules/express/lib/router/index.js:326:13)
      at ../m22-part3-route-writer/node_modules/express/lib/router/index.js:286:9
      at router.process_params (../m22-part3-route-writer/node_modules/express/lib/router/index.js:346:12)
      at next (../m22-part3-route-writer/node_modules/express/lib/router/index.js:280:10)
      at Layer.handle_error (../m22-part3-route-writer/node_modules/express/lib/router/layer.js:67:12)
      at trim_prefix (../m22-part3-route-writer/node_modules/express/lib/router/index.js:326:13)
      at ../m22-part3-route-writer/node_modules/express/lib/router/index.js:286:9
      at router.process_params (../m22-part3-route-writer/node_modules/express/lib/router/index.js:346:12)
      at next (../m22-part3-route-writer/node_modules/express/lib/router/index.js:280:10)
      at Layer.handle_error (../m22-part3-route-writer/node_modules/express/lib/router/layer.js:67:12)
      at trim_prefix (../m22-part3-route-writer/node_modules/express/lib/router/index.js:326:13)
      at ../m22-part3-route-writer/node_modules/express/lib/router/index.js:286:9
      at router.process_params (../m22-part3-route-writer/node_modules/express/lib/router/index.js:346:12)
      at next (../m22-part3-route-writer/node_modules/express/lib/router/index.js:280:10)
      at Layer.handle_error (../m22-part3-route-writer/node_modules/express/lib/router/layer.js:67:12)
      at trim_prefix (../m22-part3-route-writer/node_modules/express/lib/router/index.js:326:13)
      at ../m22-part3-route-writer/node_modules/express/lib/router/index.js:286:9
      at router.process_params (../m22-part3-route-writer/node_modules/express/lib/router/index.js:346:12)
      at next (../m22-part3-route-writer/node_modules/express/lib/router/index.js:280:10)
      at Layer.handle_error (../m22-part3-route-writer/node_modules/express/lib/router/layer.js:67:12)
      at trim_prefix (../m22-part3-route-writer/node_modules/express/lib/router/index.js:326:13)
      at ../m22-part3-route-writer/node_modules/express/lib/router/index.js:286:9
      at router.process_params (../m22-part3-route-writer/node_modules/express/lib/router/index.js:346:12)
      at next (../m22-part3-route-writer/node_modules/express/lib/router/index.js:280:10)
      at Layer.handle_error (../m22-part3-route-writer/node_modules/express/lib/router/layer.js:67:12)
      at trim_prefix (../m22-part3-route-writer/node_modules/express/lib/router/index.js:326:13)
      at ../m22-part3-route-writer/node_modules/express/lib/router/index.js:286:9
      at router.process_params (../m22-part3-route-writer/node_modules/express/lib/router/index.js:346:12)
      at next (../m22-part3-route-writer/node_modules/express/lib/router/index.js:280:10)
      at Layer.handle_error (../m22-part3-route-writer/node_modules/express/lib/router/layer.js:67:12)
      at trim_prefix (../m22-part3-route-writer/node_modules/express/lib/router/index.js:326:13)
      at ../m22-part3-route-writer/node_modules/express/lib/router/index.js:286:9
      at router.process_params (../m22-part3-route-writer/node_modules/express/lib/router/index.js:346:12)
      at next (../m22-part3-route-writer/node_modules/express/lib/router/index.js:280:10)
      at Layer.handle_error (../m22-part3-route-writer/node_modules/express/lib/router/layer.js:67:12)
      at trim_prefix (../m22-part3-route-writer/node_modules/express/lib/router/index.js:326:13)
      at ../m22-part3-route-writer/node_modules/express/lib/router/index.js:286:9
      at router.process_params (../m22-part3-route-writer/node_modules/express/lib/router/index.js:346:12)
      at next (../m22-part3-route-writer/node_modules/express/lib/router/index.js:280:10)
      at Layer.handle_error (../m22-part3-route-writer/node_modules/express/lib/router/layer.js:67:12)
      at trim_prefix (../m22-part3-route-writer/node_modules/express/lib/router/index.js:326:13)
      at ../m22-part3-route-writer/node_modules/express/lib/router/index.js:286:9
      at router.process_params (../m22-part3-route-writer/node_modules/express/lib/router/index.js:346:12)
      at next (../m22-part3-route-writer/node_modules/express/lib/router/index.js:280:10)
      at Layer.handle_error (../m22-part3-route-writer/node_modules/express/lib/router/layer.js:67:12)
      at trim_prefix (../m22-part3-route-writer/node_modules/express/lib/router/index.js:326:13)
      at ../m22-part3-route-writer/node_modules/express/lib/router/index.js:286:9
      at router.process_params (../m22-part3-route-writer/node_modules/express/lib/router/index.js:346:12)
      at next (../m22-part3-route-writer/node_modules/express/lib/router/index.js:280:10)
      at Layer.handle_error (../m22-part3-route-writer/node_modules/express/lib/router/layer.js:67:12)
      at trim_prefix (../m22-part3-route-writer/node_modules/express/lib/router/index.js:326:13)
      at ../m22-part3-route-writer/node_modules/express/lib/router/index.js:286:9
      at router.process_params (../m22-part3-route-writer/node_modules/express/lib/router/index.js:346:12)
      at next (../m22-part3-route-writer/node_modules/express/lib/router/index.js:280:10)
      at Layer.handle_error (../m22-part3-route-writer/node_modules/express/lib/router/layer.js:67:12)
      at trim_prefix (../m22-part3-route-writer/node_modules/express/lib/router/index.js:326:13)
      at ../m22-part3-route-writer/node_modules/express/lib/router/index.js:286:9
      at router.process_params (../m22-part3-route-writer/node_modules/express/lib/router/index.js:346:12)
      at next (../m22-part3-route-writer/node_modules/express/lib/router/index.js:280:10)
      at Layer.handle_error (../m22-part3-route-writer/node_modules/express/lib/router/layer.js:67:12)
      at trim_prefix (../m22-part3-route-writer/node_modules/express/lib/router/index.js:326:13)
      at ../m22-part3-route-writer/node_modules/express/lib/router/index.js:286:9
      at router.process_params (../m22-part3-route-writer/node_modules/express/lib/router/index.js:346:12)
      at next (../m22-part3-route-writer/node_modules/express/lib/router/index.js:280:10)
      at next (src/scheduling/recommendationHttpBoundary.js:237:14)
      at next (src/middleware/security.js:52:3)
      at securityHeaders (src/scheduling/recommendationHttpBoundary.js:224:10)
      at Layer.handle [as handle_request] (../m22-part3-route-writer/node_modules/express/lib/router/layer.js:95:5)
      at trim_prefix (../m22-part3-route-writer/node_modules/express/lib/router/index.js:328:13)
      at ../m22-part3-route-writer/node_modules/express/lib/router/index.js:286:9
      at router.process_params (../m22-part3-route-writer/node_modules/express/lib/router/index.js:346:12)
      at next (../m22-part3-route-writer/node_modules/express/lib/router/index.js:280:10)
      at ../m22-part3-route-writer/node_modules/express/lib/router/index.js:646:15
      at next (../m22-part3-route-writer/node_modules/express/lib/router/index.js:265:14)
      at router.handle (../m22-part3-route-writer/node_modules/express/lib/router/index.js:175:3)
      at router (../m22-part3-route-writer/node_modules/express/lib/router/index.js:47:12)
      at Layer.handle [as handle_request] (../m22-part3-route-writer/node_modules/express/lib/router/layer.js:95:5)
      at trim_prefix (../m22-part3-route-writer/node_modules/express/lib/router/index.js:328:13)
      at ../m22-part3-route-writer/node_modules/express/lib/router/index.js:286:9
      at router.process_params (../m22-part3-route-writer/node_modules/express/lib/router/index.js:346:12)
      at next (../m22-part3-route-writer/node_modules/express/lib/router/index.js:280:10)
      at next (src/middleware/auditLog.js:25:3)
      at Layer.handle [as handle_request] (../m22-part3-route-writer/node_modules/express/lib/router/layer.js:95:5)
      at trim_prefix (../m22-part3-route-writer/node_modules/express/lib/router/index.js:328:13)
      at ../m22-part3-route-writer/node_modules/express/lib/router/index.js:286:9
      at router.process_params (../m22-part3-route-writer/node_modules/express/lib/router/index.js:346:12)
      at next (../m22-part3-route-writer/node_modules/express/lib/router/index.js:280:10)
      at cors (../m22-part3-route-writer/node_modules/cors/lib/index.js:188:7)

  console.info
    {
      component: 'http',
      event: 'request_completed',
      requestId: 'd86a9ed3-c160-4329-af9c-cf982f33ea8c',
      methodClass: 'POST',
      durationMs: 57,
      statusCode: 200
    }

      at write (src/observability/safeLogger.js:178:17)

  console.info
    {
      component: 'http',
      event: 'request_completed',
      requestId: '69abbd95-aca8-4d61-b795-f8fa010626b2',
      methodClass: 'POST',
      durationMs: 59,
      statusCode: 200
    }

      at write (src/observability/safeLogger.js:178:17)

  console.info
    {
      component: 'http',
      event: 'request_completed',
      requestId: '2c74021e-d42d-4de3-8343-5b28de6cccf9',
      methodClass: 'POST',
      durationMs: 58,
      statusCode: 200
    }

      at write (src/observability/safeLogger.js:178:17)

  console.error
    {
      component: 'http',
      event: 'request_failed',
      requestId: 'f26ae9cd-2959-465c-8ccd-4900e0d53041',
      methodClass: 'POST',
      statusCode: 400
    }

      176 |     ...safeFields(fields),
      177 |   };
    > 178 |   console[level](record);
          |                 ^
      179 |   return record;
      180 | }
      181 |

      at write (src/observability/safeLogger.js:178:17)
      at Object.write (src/observability/safeLogger.js:191:10)
      at error (src/middleware/errorHandler.js:22:14)
      at Layer.handle_error (../m22-part3-route-writer/node_modules/express/lib/router/layer.js:71:5)
      at trim_prefix (../m22-part3-route-writer/node_modules/express/lib/router/index.js:326:13)
      at ../m22-part3-route-writer/node_modules/express/lib/router/index.js:286:9
      at router.process_params (../m22-part3-route-writer/node_modules/express/lib/router/index.js:346:12)
      at next (../m22-part3-route-writer/node_modules/express/lib/router/index.js:280:10)
      at Layer.handle_error (../m22-part3-route-writer/node_modules/express/lib/router/layer.js:67:12)
      at trim_prefix (../m22-part3-route-writer/node_modules/express/lib/router/index.js:326:13)
      at ../m22-part3-route-writer/node_modules/express/lib/router/index.js:286:9
      at router.process_params (../m22-part3-route-writer/node_modules/express/lib/router/index.js:346:12)
      at next (../m22-part3-route-writer/node_modules/express/lib/router/index.js:280:10)
      at Layer.handle_error (../m22-part3-route-writer/node_modules/express/lib/router/layer.js:67:12)
      at trim_prefix (../m22-part3-route-writer/node_modules/express/lib/router/index.js:326:13)
      at ../m22-part3-route-writer/node_modules/express/lib/router/index.js:286:9
      at router.process_params (../m22-part3-route-writer/node_modules/express/lib/router/index.js:346:12)
      at next (../m22-part3-route-writer/node_modules/express/lib/router/index.js:280:10)
      at Layer.handle_error (../m22-part3-route-writer/node_modules/express/lib/router/layer.js:67:12)
      at trim_prefix (../m22-part3-route-writer/node_modules/express/lib/router/index.js:326:13)
      at ../m22-part3-route-writer/node_modules/express/lib/router/index.js:286:9
      at router.process_params (../m22-part3-route-writer/node_modules/express/lib/router/index.js:346:12)
      at next (../m22-part3-route-writer/node_modules/express/lib/router/index.js:280:10)
      at Layer.handle_error (../m22-part3-route-writer/node_modules/express/lib/router/layer.js:67:12)
      at trim_prefix (../m22-part3-route-writer/node_modules/express/lib/router/index.js:326:13)
      at ../m22-part3-route-writer/node_modules/express/lib/router/index.js:286:9
      at router.process_params (../m22-part3-route-writer/node_modules/express/lib/router/index.js:346:12)
      at next (../m22-part3-route-writer/node_modules/express/lib/router/index.js:280:10)
      at Layer.handle_error (../m22-part3-route-writer/node_modules/express/lib/router/layer.js:67:12)
      at trim_prefix (../m22-part3-route-writer/node_modules/express/lib/router/index.js:326:13)
      at ../m22-part3-route-writer/node_modules/express/lib/router/index.js:286:9
      at router.process_params (../m22-part3-route-writer/node_modules/express/lib/router/index.js:346:12)
      at next (../m22-part3-route-writer/node_modules/express/lib/router/index.js:280:10)
      at Layer.handle_error (../m22-part3-route-writer/node_modules/express/lib/router/layer.js:67:12)
      at trim_prefix (../m22-part3-route-writer/node_modules/express/lib/router/index.js:326:13)
      at ../m22-part3-route-writer/node_modules/express/lib/router/index.js:286:9
      at router.process_params (../m22-part3-route-writer/node_modules/express/lib/router/index.js:346:12)
      at next (../m22-part3-route-writer/node_modules/express/lib/router/index.js:280:10)
      at Layer.handle_error (../m22-part3-route-writer/node_modules/express/lib/router/layer.js:67:12)
      at trim_prefix (../m22-part3-route-writer/node_modules/express/lib/router/index.js:326:13)
      at ../m22-part3-route-writer/node_modules/express/lib/router/index.js:286:9
      at router.process_params (../m22-part3-route-writer/node_modules/express/lib/router/index.js:346:12)
      at next (../m22-part3-route-writer/node_modules/express/lib/router/index.js:280:10)
      at Layer.handle_error (../m22-part3-route-writer/node_modules/express/lib/router/layer.js:67:12)
      at trim_prefix (../m22-part3-route-writer/node_modules/express/lib/router/index.js:326:13)
      at ../m22-part3-route-writer/node_modules/express/lib/router/index.js:286:9
      at router.process_params (../m22-part3-route-writer/node_modules/express/lib/router/index.js:346:12)
      at next (../m22-part3-route-writer/node_modules/express/lib/router/index.js:280:10)
      at Layer.handle_error (../m22-part3-route-writer/node_modules/express/lib/router/layer.js:67:12)
      at trim_prefix (../m22-part3-route-writer/node_modules/express/lib/router/index.js:326:13)
      at ../m22-part3-route-writer/node_modules/express/lib/router/index.js:286:9
      at router.process_params (../m22-part3-route-writer/node_modules/express/lib/router/index.js:346:12)
      at next (../m22-part3-route-writer/node_modules/express/lib/router/index.js:280:10)
      at Layer.handle_error (../m22-part3-route-writer/node_modules/express/lib/router/layer.js:67:12)
      at trim_prefix (../m22-part3-route-writer/node_modules/express/lib/router/index.js:326:13)
      at ../m22-part3-route-writer/node_modules/express/lib/router/index.js:286:9
      at router.process_params (../m22-part3-route-writer/node_modules/express/lib/router/index.js:346:12)
      at next (../m22-part3-route-writer/node_modules/express/lib/router/index.js:280:10)
      at Layer.handle_error (../m22-part3-route-writer/node_modules/express/lib/router/layer.js:67:12)
      at trim_prefix (../m22-part3-route-writer/node_modules/express/lib/router/index.js:326:13)
      at ../m22-part3-route-writer/node_modules/express/lib/router/index.js:286:9
      at router.process_params (../m22-part3-route-writer/node_modules/express/lib/router/index.js:346:12)
      at next (../m22-part3-route-writer/node_modules/express/lib/router/index.js:280:10)
      at Layer.handle_error (../m22-part3-route-writer/node_modules/express/lib/router/layer.js:67:12)
      at trim_prefix (../m22-part3-route-writer/node_modules/express/lib/router/index.js:326:13)
      at ../m22-part3-route-writer/node_modules/express/lib/router/index.js:286:9
      at router.process_params (../m22-part3-route-writer/node_modules/express/lib/router/index.js:346:12)
      at next (../m22-part3-route-writer/node_modules/express/lib/router/index.js:280:10)
      at Layer.handle_error (../m22-part3-route-writer/node_modules/express/lib/router/layer.js:67:12)
      at trim_prefix (../m22-part3-route-writer/node_modules/express/lib/router/index.js:326:13)
      at ../m22-part3-route-writer/node_modules/express/lib/router/index.js:286:9
      at router.process_params (../m22-part3-route-writer/node_modules/express/lib/router/index.js:346:12)
      at next (../m22-part3-route-writer/node_modules/express/lib/router/index.js:280:10)
      at next (src/scheduling/recommendationHttpBoundary.js:255:16)
      at ../m22-part3-route-writer/node_modules/body-parser/lib/read.js:137:5
      at invokeCallback (../m22-part3-route-writer/node_modules/raw-body/index.js:238:16)
      at done (../m22-part3-route-writer/node_modules/raw-body/index.js:227:7)
      at IncomingMessage.onEnd (../m22-part3-route-writer/node_modules/raw-body/index.js:287:7)

  console.info
    {
      component: 'http',
      event: 'request_completed',
      requestId: 'd7fee83b-aea4-4fa1-b698-727ea0fc10d7',
      methodClass: 'POST',
      durationMs: 0,
      statusCode: 401
    }

      at write (src/observability/safeLogger.js:178:17)

  console.info
    {
      component: 'http',
      event: 'request_completed',
      requestId: 'c7066848-4d48-4db3-92b4-c6e42d99a9d9',
      methodClass: 'POST',
      durationMs: 1,
      statusCode: 401
    }

      at write (src/observability/safeLogger.js:178:17)

  console.info
    {
      component: 'http',
      event: 'request_completed',
      requestId: 'd95a4726-d74e-42c8-9a25-e2ea1207d13c',
      methodClass: 'POST',
      durationMs: 1,
      statusCode: 401
    }

      at write (src/observability/safeLogger.js:178:17)

  console.info
    {
      component: 'http',
      event: 'request_completed',
      requestId: 'a5765659-93d4-4737-830c-c61a706055ad',
      methodClass: 'POST',
      durationMs: 1,
      statusCode: 401
    }

      at write (src/observability/safeLogger.js:178:17)

  console.info
    {
      component: 'http',
      event: 'request_completed',
      requestId: '22579cdd-0880-4d01-b366-d0f7423ac721',
      methodClass: 'POST',
      durationMs: 2,
      statusCode: 401
    }

      at write (src/observability/safeLogger.js:178:17)

  console.info
    {
      component: 'http',
      event: 'request_completed',
      requestId: 'a812d1e6-b3bd-4aa7-bdb3-6a36bc9f669e',
      methodClass: 'POST',
      durationMs: 1,
      statusCode: 401
    }

      at write (src/observability/safeLogger.js:178:17)

  console.info
    {
      component: 'http',
      event: 'request_completed',
      requestId: '923d097a-fdc3-43f0-a1ac-cb957e41b4c7',
      methodClass: 'POST',
      durationMs: 1,
      statusCode: 401
    }

      at write (src/observability/safeLogger.js:178:17)

  console.info
    {
      component: 'http',
      event: 'request_completed',
      requestId: '6519256c-c9fd-4aaf-b80a-913923690f7f',
      methodClass: 'POST',
      durationMs: 1,
      statusCode: 401
    }

      at write (src/observability/safeLogger.js:178:17)

  console.info
    {
      component: 'http',
      event: 'request_completed',
      requestId: '993cf0d9-4843-43f6-8e4a-6007f13ade4c',
      methodClass: 'POST',
      durationMs: 2,
      statusCode: 401
    }

      at write (src/observability/safeLogger.js:178:17)

  console.info
    {
      component: 'http',
      event: 'request_completed',
      requestId: '4b9f696b-3483-4eb9-bb55-2e9dd935e260',
      methodClass: 'POST',
      durationMs: 1,
      statusCode: 401
    }

      at write (src/observability/safeLogger.js:178:17)

  console.info
    {
      component: 'http',
      event: 'request_completed',
      requestId: 'fa4da86d-e42f-4a21-8a5f-c78379a77ce1',
      methodClass: 'POST',
      durationMs: 1,
      statusCode: 401
    }

      at write (src/observability/safeLogger.js:178:17)

  console.info
    {
      component: 'http',
      event: 'request_completed',
      requestId: '36991e17-225b-4ad2-b3a6-e950e3d144eb',
      methodClass: 'POST',
      durationMs: 1,
      statusCode: 401
    }

      at write (src/observability/safeLogger.js:178:17)

  console.info
    {
      component: 'http',
      event: 'request_completed',
      requestId: 'b794d91a-b447-41a3-80a2-605801430546',
      methodClass: 'POST',
      durationMs: 1,
      statusCode: 401
    }

      at write (src/observability/safeLogger.js:178:17)

  console.info
    {
      component: 'http',
      event: 'request_completed',
      requestId: 'f92466f1-3b03-4a69-ade4-a7dacfa3f9a7',
      methodClass: 'POST',
      durationMs: 1,
      statusCode: 401
    }

      at write (src/observability/safeLogger.js:178:17)

  console.info
    {
      component: 'http',
      event: 'request_completed',
      requestId: '3849d5f7-5b13-493e-a41b-ece4c5735169',
      methodClass: 'POST',
      durationMs: 1,
      statusCode: 401
    }

      at write (src/observability/safeLogger.js:178:17)

  console.info
    {
      component: 'http',
      event: 'request_completed',
      requestId: 'e7347f28-e4e1-4397-9692-424cae6343d3',
      methodClass: 'POST',
      durationMs: 1,
      statusCode: 401
    }

      at write (src/observability/safeLogger.js:178:17)

  console.info
    {
      component: 'http',
      event: 'request_completed',
      requestId: 'ab0cac71-8011-4761-8525-c92f2c50b6e0',
      methodClass: 'POST',
      durationMs: 1,
      statusCode: 401
    }

      at write (src/observability/safeLogger.js:178:17)

  console.info
    {
      component: 'http',
      event: 'request_completed',
      requestId: '81e40a4a-5fef-49fa-bacc-8bd112049fe2',
      methodClass: 'POST',
      durationMs: 1,
      statusCode: 404
    }

      at write (src/observability/safeLogger.js:178:17)

  console.info
    {
      component: 'http',
      event: 'request_completed',
      requestId: '0c1aaff3-df0e-4ccc-9c73-b7482a23b142',
      methodClass: 'POST',
      durationMs: 1,
      statusCode: 404
    }

      at write (src/observability/safeLogger.js:178:17)

  console.info
    {
      component: 'http',
      event: 'request_completed',
      requestId: '4662f337-b329-42f7-aa9b-1a477cfdb4c4',
      methodClass: 'POST',
      durationMs: 2,
      statusCode: 404
    }

      at write (src/observability/safeLogger.js:178:17)

  console.info
    {
      component: 'http',
      event: 'request_completed',
      requestId: '57cf9224-2d59-4263-86ac-f45b6cd75722',
      methodClass: 'POST',
      durationMs: 1,
      statusCode: 404
    }

      at write (src/observability/safeLogger.js:178:17)

  console.info
    {
      component: 'http',
      event: 'request_completed',
      requestId: '8eb8f455-331e-448d-96a4-ca4a4e7c95d7',
      methodClass: 'POST',
      durationMs: 2,
      statusCode: 404
    }

      at write (src/observability/safeLogger.js:178:17)

  console.error
    {
      component: 'http',
      event: 'request_failed',
      requestId: 'b5570552-562d-4ec5-9b42-feba55d91c4c',
      methodClass: 'POST',
      statusCode: 500
    }

      176 |     ...safeFields(fields),
      177 |   };
    > 178 |   console[level](record);
          |                 ^
      179 |   return record;
      180 | }
      181 |

      at write (src/observability/safeLogger.js:178:17)
      at Object.write (src/observability/safeLogger.js:191:10)
      at error (src/middleware/errorHandler.js:22:14)
      at Layer.handle_error (../m22-part3-route-writer/node_modules/express/lib/router/layer.js:71:5)
      at trim_prefix (../m22-part3-route-writer/node_modules/express/lib/router/index.js:326:13)
      at ../m22-part3-route-writer/node_modules/express/lib/router/index.js:286:9
      at router.process_params (../m22-part3-route-writer/node_modules/express/lib/router/index.js:346:12)
      at next (../m22-part3-route-writer/node_modules/express/lib/router/index.js:280:10)
      at Layer.handle_error (../m22-part3-route-writer/node_modules/express/lib/router/layer.js:67:12)
      at trim_prefix (../m22-part3-route-writer/node_modules/express/lib/router/index.js:326:13)
      at ../m22-part3-route-writer/node_modules/express/lib/router/index.js:286:9
      at router.process_params (../m22-part3-route-writer/node_modules/express/lib/router/index.js:346:12)
      at next (../m22-part3-route-writer/node_modules/express/lib/router/index.js:280:10)
      at Layer.handle_error (../m22-part3-route-writer/node_modules/express/lib/router/layer.js:67:12)
      at trim_prefix (../m22-part3-route-writer/node_modules/express/lib/router/index.js:326:13)
      at ../m22-part3-route-writer/node_modules/express/lib/router/index.js:286:9
      at router.process_params (../m22-part3-route-writer/node_modules/express/lib/router/index.js:346:12)
      at next (../m22-part3-route-writer/node_modules/express/lib/router/index.js:280:10)
      at Layer.handle_error (../m22-part3-route-writer/node_modules/express/lib/router/layer.js:67:12)
      at trim_prefix (../m22-part3-route-writer/node_modules/express/lib/router/index.js:326:13)
      at ../m22-part3-route-writer/node_modules/express/lib/router/index.js:286:9
      at router.process_params (../m22-part3-route-writer/node_modules/express/lib/router/index.js:346:12)
      at next (../m22-part3-route-writer/node_modules/express/lib/router/index.js:280:10)
      at Layer.handle_error (../m22-part3-route-writer/node_modules/express/lib/router/layer.js:67:12)
      at trim_prefix (../m22-part3-route-writer/node_modules/express/lib/router/index.js:326:13)
      at ../m22-part3-route-writer/node_modules/express/lib/router/index.js:286:9
      at router.process_params (../m22-part3-route-writer/node_modules/express/lib/router/index.js:346:12)
      at next (../m22-part3-route-writer/node_modules/express/lib/router/index.js:280:10)
      at Layer.handle_error (../m22-part3-route-writer/node_modules/express/lib/router/layer.js:67:12)
      at trim_prefix (../m22-part3-route-writer/node_modules/express/lib/router/index.js:326:13)
      at ../m22-part3-route-writer/node_modules/express/lib/router/index.js:286:9
      at router.process_params (../m22-part3-route-writer/node_modules/express/lib/router/index.js:346:12)
      at next (../m22-part3-route-writer/node_modules/express/lib/router/index.js:280:10)
      at Layer.handle_error (../m22-part3-route-writer/node_modules/express/lib/router/layer.js:67:12)
      at trim_prefix (../m22-part3-route-writer/node_modules/express/lib/router/index.js:326:13)
      at ../m22-part3-route-writer/node_modules/express/lib/router/index.js:286:9
      at router.process_params (../m22-part3-route-writer/node_modules/express/lib/router/index.js:346:12)
      at next (../m22-part3-route-writer/node_modules/express/lib/router/index.js:280:10)
      at Layer.handle_error (../m22-part3-route-writer/node_modules/express/lib/router/layer.js:67:12)
      at trim_prefix (../m22-part3-route-writer/node_modules/express/lib/router/index.js:326:13)
      at ../m22-part3-route-writer/node_modules/express/lib/router/index.js:286:9
      at router.process_params (../m22-part3-route-writer/node_modules/express/lib/router/index.js:346:12)
      at next (../m22-part3-route-writer/node_modules/express/lib/router/index.js:280:10)
      at ../m22-part3-route-writer/node_modules/express/lib/router/index.js:646:15
      at next (../m22-part3-route-writer/node_modules/express/lib/router/index.js:265:14)
      at next (../m22-part3-route-writer/node_modules/express/lib/router/route.js:141:14)
      at Layer.handle_error (../m22-part3-route-writer/node_modules/express/lib/router/layer.js:67:12)
      at next (../m22-part3-route-writer/node_modules/express/lib/router/route.js:147:13)
      at Layer.handle_error (../m22-part3-route-writer/node_modules/express/lib/router/layer.js:67:12)
      at next (../m22-part3-route-writer/node_modules/express/lib/router/route.js:147:13)
      at Layer.handle_error (../m22-part3-route-writer/node_modules/express/lib/router/layer.js:67:12)
      at next (../m22-part3-route-writer/node_modules/express/lib/router/route.js:147:13)
      at Layer.handle_error (../m22-part3-route-writer/node_modules/express/lib/router/layer.js:67:12)
      at next (../m22-part3-route-writer/node_modules/express/lib/router/route.js:147:13)
      at next (src/scheduling/recommendationHttpBoundary.js:268:10)
      at Layer.handle [as handle_request] (../m22-part3-route-writer/node_modules/express/lib/router/layer.js:95:5)
      at next (../m22-part3-route-writer/node_modules/express/lib/router/route.js:149:13)
      at Route.dispatch (../m22-part3-route-writer/node_modules/express/lib/router/route.js:119:3)
      at Layer.handle [as handle_request] (../m22-part3-route-writer/node_modules/express/lib/router/layer.js:95:5)
      at ../m22-part3-route-writer/node_modules/express/lib/router/index.js:284:15
      at param (../m22-part3-route-writer/node_modules/express/lib/router/index.js:365:14)
      at param (../m22-part3-route-writer/node_modules/express/lib/router/index.js:376:14)
      at router.process_params (../m22-part3-route-writer/node_modules/express/lib/router/index.js:421:3)
      at next (../m22-part3-route-writer/node_modules/express/lib/router/index.js:280:10)
      at router.handle (../m22-part3-route-writer/node_modules/express/lib/router/index.js:175:3)
      at router (../m22-part3-route-writer/node_modules/express/lib/router/index.js:47:12)
      at Layer.handle [as handle_request] (../m22-part3-route-writer/node_modules/express/lib/router/layer.js:95:5)
      at trim_prefix (../m22-part3-route-writer/node_modules/express/lib/router/index.js:328:13)
      at ../m22-part3-route-writer/node_modules/express/lib/router/index.js:286:9
      at router.process_params (../m22-part3-route-writer/node_modules/express/lib/router/index.js:346:12)
      at next (../m22-part3-route-writer/node_modules/express/lib/router/index.js:280:10)
      at ../m22-part3-route-writer/node_modules/express/lib/router/index.js:646:15
      at next (../m22-part3-route-writer/node_modules/express/lib/router/index.js:265:14)
      at router.handle (../m22-part3-route-writer/node_modules/express/lib/router/index.js:175:3)
      at router (../m22-part3-route-writer/node_modules/express/lib/router/index.js:47:12)
      at Layer.handle [as handle_request] (../m22-part3-route-writer/node_modules/express/lib/router/layer.js:95:5)
      at trim_prefix (../m22-part3-route-writer/node_modules/express/lib/router/index.js:328:13)
      at ../m22-part3-route-writer/node_modules/express/lib/router/index.js:286:9
      at router.process_params (../m22-part3-route-writer/node_modules/express/lib/router/index.js:346:12)
      at next (../m22-part3-route-writer/node_modules/express/lib/router/index.js:280:10)
      at next (src/middleware/auditLog.js:168:3)
      at Layer.handle [as handle_request] (../m22-part3-route-writer/node_modules/express/lib/router/layer.js:95:5)
      at trim_prefix (../m22-part3-route-writer/node_modules/express/lib/router/index.js:328:13)
      at ../m22-part3-route-writer/node_modules/express/lib/router/index.js:286:9
      at router.process_params (../m22-part3-route-writer/node_modules/express/lib/router/index.js:346:12)
      at next (../m22-part3-route-writer/node_modules/express/lib/router/index.js:280:10)
      at next (src/middleware/security.js:52:3)
      at Layer.handle [as handle_request] (../m22-part3-route-writer/node_modules/express/lib/router/layer.js:95:5)
      at trim_prefix (../m22-part3-route-writer/node_modules/express/lib/router/index.js:328:13)
      at ../m22-part3-route-writer/node_modules/express/lib/router/index.js:286:9
      at router.process_params (../m22-part3-route-writer/node_modules/express/lib/router/index.js:346:12)
      at next (../m22-part3-route-writer/node_modules/express/lib/router/index.js:280:10)
      at ../m22-part3-route-writer/node_modules/body-parser/lib/read.js:137:5
      at invokeCallback (../m22-part3-route-writer/node_modules/raw-body/index.js:238:16)
      at done (../m22-part3-route-writer/node_modules/raw-body/index.js:227:7)
      at IncomingMessage.onEnd (../m22-part3-route-writer/node_modules/raw-body/index.js:287:7)

  console.info
    {
      component: 'http',
      event: 'request_completed',
      requestId: 'b5570552-562d-4ec5-9b42-feba55d91c4c',
      methodClass: 'POST',
      durationMs: 13,
      statusCode: 500
    }

      at write (src/observability/safeLogger.js:178:17)

  console.error
    {
      component: 'http',
      event: 'request_failed',
      requestId: 'a9bae86c-20f9-48f9-b6f2-268edc9b8fee',
      methodClass: 'POST',
      statusCode: 500
    }

      176 |     ...safeFields(fields),
      177 |   };
    > 178 |   console[level](record);
          |                 ^
      179 |   return record;
      180 | }
      181 |

      at write (src/observability/safeLogger.js:178:17)
      at Object.write (src/observability/safeLogger.js:191:10)
      at error (src/middleware/errorHandler.js:22:14)
      at Layer.handle_error (../m22-part3-route-writer/node_modules/express/lib/router/layer.js:71:5)
      at trim_prefix (../m22-part3-route-writer/node_modules/express/lib/router/index.js:326:13)
      at ../m22-part3-route-writer/node_modules/express/lib/router/index.js:286:9
      at router.process_params (../m22-part3-route-writer/node_modules/express/lib/router/index.js:346:12)
      at next (../m22-part3-route-writer/node_modules/express/lib/router/index.js:280:10)
      at Layer.handle_error (../m22-part3-route-writer/node_modules/express/lib/router/layer.js:67:12)
      at trim_prefix (../m22-part3-route-writer/node_modules/express/lib/router/index.js:326:13)
      at ../m22-part3-route-writer/node_modules/express/lib/router/index.js:286:9
      at router.process_params (../m22-part3-route-writer/node_modules/express/lib/router/index.js:346:12)
      at next (../m22-part3-route-writer/node_modules/express/lib/router/index.js:280:10)
      at Layer.handle_error (../m22-part3-route-writer/node_modules/express/lib/router/layer.js:67:12)
      at trim_prefix (../m22-part3-route-writer/node_modules/express/lib/router/index.js:326:13)
      at ../m22-part3-route-writer/node_modules/express/lib/router/index.js:286:9
      at router.process_params (../m22-part3-route-writer/node_modules/express/lib/router/index.js:346:12)
      at next (../m22-part3-route-writer/node_modules/express/lib/router/index.js:280:10)
      at Layer.handle_error (../m22-part3-route-writer/node_modules/express/lib/router/layer.js:67:12)
      at trim_prefix (../m22-part3-route-writer/node_modules/express/lib/router/index.js:326:13)
      at ../m22-part3-route-writer/node_modules/express/lib/router/index.js:286:9
      at router.process_params (../m22-part3-route-writer/node_modules/express/lib/router/index.js:346:12)
      at next (../m22-part3-route-writer/node_modules/express/lib/router/index.js:280:10)
      at Layer.handle_error (../m22-part3-route-writer/node_modules/express/lib/router/layer.js:67:12)
      at trim_prefix (../m22-part3-route-writer/node_modules/express/lib/router/index.js:326:13)
      at ../m22-part3-route-writer/node_modules/express/lib/router/index.js:286:9
      at router.process_params (../m22-part3-route-writer/node_modules/express/lib/router/index.js:346:12)
      at next (../m22-part3-route-writer/node_modules/express/lib/router/index.js:280:10)
      at Layer.handle_error (../m22-part3-route-writer/node_modules/express/lib/router/layer.js:67:12)
      at trim_prefix (../m22-part3-route-writer/node_modules/express/lib/router/index.js:326:13)
      at ../m22-part3-route-writer/node_modules/express/lib/router/index.js:286:9
      at router.process_params (../m22-part3-route-writer/node_modules/express/lib/router/index.js:346:12)
      at next (../m22-part3-route-writer/node_modules/express/lib/router/index.js:280:10)
      at Layer.handle_error (../m22-part3-route-writer/node_modules/express/lib/router/layer.js:67:12)
      at trim_prefix (../m22-part3-route-writer/node_modules/express/lib/router/index.js:326:13)
      at ../m22-part3-route-writer/node_modules/express/lib/router/index.js:286:9
      at router.process_params (../m22-part3-route-writer/node_modules/express/lib/router/index.js:346:12)
      at next (../m22-part3-route-writer/node_modules/express/lib/router/index.js:280:10)
      at Layer.handle_error (../m22-part3-route-writer/node_modules/express/lib/router/layer.js:67:12)
      at trim_prefix (../m22-part3-route-writer/node_modules/express/lib/router/index.js:326:13)
      at ../m22-part3-route-writer/node_modules/express/lib/router/index.js:286:9
      at router.process_params (../m22-part3-route-writer/node_modules/express/lib/router/index.js:346:12)
      at next (../m22-part3-route-writer/node_modules/express/lib/router/index.js:280:10)
      at ../m22-part3-route-writer/node_modules/express/lib/router/index.js:646:15
      at next (../m22-part3-route-writer/node_modules/express/lib/router/index.js:265:14)
      at next (../m22-part3-route-writer/node_modules/express/lib/router/route.js:141:14)
      at Layer.handle_error (../m22-part3-route-writer/node_modules/express/lib/router/layer.js:67:12)
      at next (../m22-part3-route-writer/node_modules/express/lib/router/route.js:147:13)
      at Layer.handle_error (../m22-part3-route-writer/node_modules/express/lib/router/layer.js:67:12)
      at next (../m22-part3-route-writer/node_modules/express/lib/router/route.js:147:13)
      at Layer.handle_error (../m22-part3-route-writer/node_modules/express/lib/router/layer.js:67:12)
      at next (../m22-part3-route-writer/node_modules/express/lib/router/route.js:147:13)
      at Layer.handle_error (../m22-part3-route-writer/node_modules/express/lib/router/layer.js:67:12)
      at next (../m22-part3-route-writer/node_modules/express/lib/router/route.js:147:13)
      at next (src/scheduling/recommendationHttpBoundary.js:268:10)
      at Layer.handle [as handle_request] (../m22-part3-route-writer/node_modules/express/lib/router/layer.js:95:5)
      at next (../m22-part3-route-writer/node_modules/express/lib/router/route.js:149:13)
      at Route.dispatch (../m22-part3-route-writer/node_modules/express/lib/router/route.js:119:3)
      at Layer.handle [as handle_request] (../m22-part3-route-writer/node_modules/express/lib/router/layer.js:95:5)
      at ../m22-part3-route-writer/node_modules/express/lib/router/index.js:284:15
      at param (../m22-part3-route-writer/node_modules/express/lib/router/index.js:365:14)
      at param (../m22-part3-route-writer/node_modules/express/lib/router/index.js:376:14)
      at router.process_params (../m22-part3-route-writer/node_modules/express/lib/router/index.js:421:3)
      at next (../m22-part3-route-writer/node_modules/express/lib/router/index.js:280:10)
      at router.handle (../m22-part3-route-writer/node_modules/express/lib/router/index.js:175:3)
      at router (../m22-part3-route-writer/node_modules/express/lib/router/index.js:47:12)
      at Layer.handle [as handle_request] (../m22-part3-route-writer/node_modules/express/lib/router/layer.js:95:5)
      at trim_prefix (../m22-part3-route-writer/node_modules/express/lib/router/index.js:328:13)
      at ../m22-part3-route-writer/node_modules/express/lib/router/index.js:286:9
      at router.process_params (../m22-part3-route-writer/node_modules/express/lib/router/index.js:346:12)
      at next (../m22-part3-route-writer/node_modules/express/lib/router/index.js:280:10)
      at ../m22-part3-route-writer/node_modules/express/lib/router/index.js:646:15
      at next (../m22-part3-route-writer/node_modules/express/lib/router/index.js:265:14)
      at router.handle (../m22-part3-route-writer/node_modules/express/lib/router/index.js:175:3)
      at router (../m22-part3-route-writer/node_modules/express/lib/router/index.js:47:12)
      at Layer.handle [as handle_request] (../m22-part3-route-writer/node_modules/express/lib/router/layer.js:95:5)
      at trim_prefix (../m22-part3-route-writer/node_modules/express/lib/router/index.js:328:13)
      at ../m22-part3-route-writer/node_modules/express/lib/router/index.js:286:9
      at router.process_params (../m22-part3-route-writer/node_modules/express/lib/router/index.js:346:12)
      at next (../m22-part3-route-writer/node_modules/express/lib/router/index.js:280:10)
      at next (src/middleware/auditLog.js:168:3)
      at Layer.handle [as handle_request] (../m22-part3-route-writer/node_modules/express/lib/router/layer.js:95:5)
      at trim_prefix (../m22-part3-route-writer/node_modules/express/lib/router/index.js:328:13)
      at ../m22-part3-route-writer/node_modules/express/lib/router/index.js:286:9
      at router.process_params (../m22-part3-route-writer/node_modules/express/lib/router/index.js:346:12)
      at next (../m22-part3-route-writer/node_modules/express/lib/router/index.js:280:10)
      at next (src/middleware/security.js:52:3)
      at Layer.handle [as handle_request] (../m22-part3-route-writer/node_modules/express/lib/router/layer.js:95:5)
      at trim_prefix (../m22-part3-route-writer/node_modules/express/lib/router/index.js:328:13)
      at ../m22-part3-route-writer/node_modules/express/lib/router/index.js:286:9
      at router.process_params (../m22-part3-route-writer/node_modules/express/lib/router/index.js:346:12)
      at next (../m22-part3-route-writer/node_modules/express/lib/router/index.js:280:10)
      at ../m22-part3-route-writer/node_modules/body-parser/lib/read.js:137:5
      at invokeCallback (../m22-part3-route-writer/node_modules/raw-body/index.js:238:16)
      at done (../m22-part3-route-writer/node_modules/raw-body/index.js:227:7)
      at IncomingMessage.onEnd (../m22-part3-route-writer/node_modules/raw-body/index.js:287:7)

  console.info
    {
      component: 'http',
      event: 'request_completed',
      requestId: 'a9bae86c-20f9-48f9-b6f2-268edc9b8fee',
      methodClass: 'POST',
      durationMs: 10,
      statusCode: 500
    }

      at write (src/observability/safeLogger.js:178:17)

  console.error
    {
      component: 'http',
      event: 'request_failed',
      requestId: 'c6f1ba1f-f55d-4c21-bdcb-2905186cd997',
      methodClass: 'POST',
      statusCode: 500
    }

      176 |     ...safeFields(fields),
      177 |   };
    > 178 |   console[level](record);
          |                 ^
      179 |   return record;
      180 | }
      181 |

      at write (src/observability/safeLogger.js:178:17)
      at Object.write (src/observability/safeLogger.js:191:10)
      at error (src/middleware/errorHandler.js:22:14)
      at Layer.handle_error (../m22-part3-route-writer/node_modules/express/lib/router/layer.js:71:5)
      at trim_prefix (../m22-part3-route-writer/node_modules/express/lib/router/index.js:326:13)
      at ../m22-part3-route-writer/node_modules/express/lib/router/index.js:286:9
      at router.process_params (../m22-part3-route-writer/node_modules/express/lib/router/index.js:346:12)
      at next (../m22-part3-route-writer/node_modules/express/lib/router/index.js:280:10)
      at Layer.handle_error (../m22-part3-route-writer/node_modules/express/lib/router/layer.js:67:12)
      at trim_prefix (../m22-part3-route-writer/node_modules/express/lib/router/index.js:326:13)
      at ../m22-part3-route-writer/node_modules/express/lib/router/index.js:286:9
      at router.process_params (../m22-part3-route-writer/node_modules/express/lib/router/index.js:346:12)
      at next (../m22-part3-route-writer/node_modules/express/lib/router/index.js:280:10)
      at Layer.handle_error (../m22-part3-route-writer/node_modules/express/lib/router/layer.js:67:12)
      at trim_prefix (../m22-part3-route-writer/node_modules/express/lib/router/index.js:326:13)
      at ../m22-part3-route-writer/node_modules/express/lib/router/index.js:286:9
      at router.process_params (../m22-part3-route-writer/node_modules/express/lib/router/index.js:346:12)
      at next (../m22-part3-route-writer/node_modules/express/lib/router/index.js:280:10)
      at Layer.handle_error (../m22-part3-route-writer/node_modules/express/lib/router/layer.js:67:12)
      at trim_prefix (../m22-part3-route-writer/node_modules/express/lib/router/index.js:326:13)
      at ../m22-part3-route-writer/node_modules/express/lib/router/index.js:286:9
      at router.process_params (../m22-part3-route-writer/node_modules/express/lib/router/index.js:346:12)
      at next (../m22-part3-route-writer/node_modules/express/lib/router/index.js:280:10)
      at Layer.handle_error (../m22-part3-route-writer/node_modules/express/lib/router/layer.js:67:12)
      at trim_prefix (../m22-part3-route-writer/node_modules/express/lib/router/index.js:326:13)
      at ../m22-part3-route-writer/node_modules/express/lib/router/index.js:286:9
      at router.process_params (../m22-part3-route-writer/node_modules/express/lib/router/index.js:346:12)
      at next (../m22-part3-route-writer/node_modules/express/lib/router/index.js:280:10)
      at Layer.handle_error (../m22-part3-route-writer/node_modules/express/lib/router/layer.js:67:12)
      at trim_prefix (../m22-part3-route-writer/node_modules/express/lib/router/index.js:326:13)
      at ../m22-part3-route-writer/node_modules/express/lib/router/index.js:286:9
      at router.process_params (../m22-part3-route-writer/node_modules/express/lib/router/index.js:346:12)
      at next (../m22-part3-route-writer/node_modules/express/lib/router/index.js:280:10)
      at Layer.handle_error (../m22-part3-route-writer/node_modules/express/lib/router/layer.js:67:12)
      at trim_prefix (../m22-part3-route-writer/node_modules/express/lib/router/index.js:326:13)
      at ../m22-part3-route-writer/node_modules/express/lib/router/index.js:286:9
      at router.process_params (../m22-part3-route-writer/node_modules/express/lib/router/index.js:346:12)
      at next (../m22-part3-route-writer/node_modules/express/lib/router/index.js:280:10)
      at Layer.handle_error (../m22-part3-route-writer/node_modules/express/lib/router/layer.js:67:12)
      at trim_prefix (../m22-part3-route-writer/node_modules/express/lib/router/index.js:326:13)
      at ../m22-part3-route-writer/node_modules/express/lib/router/index.js:286:9
      at router.process_params (../m22-part3-route-writer/node_modules/express/lib/router/index.js:346:12)
      at next (../m22-part3-route-writer/node_modules/express/lib/router/index.js:280:10)
      at ../m22-part3-route-writer/node_modules/express/lib/router/index.js:646:15
      at next (../m22-part3-route-writer/node_modules/express/lib/router/index.js:265:14)
      at next (../m22-part3-route-writer/node_modules/express/lib/router/route.js:141:14)
      at Layer.handle_error (../m22-part3-route-writer/node_modules/express/lib/router/layer.js:67:12)
      at next (../m22-part3-route-writer/node_modules/express/lib/router/route.js:147:13)
      at Layer.handle_error (../m22-part3-route-writer/node_modules/express/lib/router/layer.js:67:12)
      at next (../m22-part3-route-writer/node_modules/express/lib/router/route.js:147:13)
      at Layer.handle_error (../m22-part3-route-writer/node_modules/express/lib/router/layer.js:67:12)
      at next (../m22-part3-route-writer/node_modules/express/lib/router/route.js:147:13)
      at Layer.handle_error (../m22-part3-route-writer/node_modules/express/lib/router/layer.js:67:12)
      at next (../m22-part3-route-writer/node_modules/express/lib/router/route.js:147:13)
      at next (src/scheduling/recommendationHttpBoundary.js:268:10)
      at Layer.handle [as handle_request] (../m22-part3-route-writer/node_modules/express/lib/router/layer.js:95:5)
      at next (../m22-part3-route-writer/node_modules/express/lib/router/route.js:149:13)
      at Route.dispatch (../m22-part3-route-writer/node_modules/express/lib/router/route.js:119:3)
      at Layer.handle [as handle_request] (../m22-part3-route-writer/node_modules/express/lib/router/layer.js:95:5)
      at ../m22-part3-route-writer/node_modules/express/lib/router/index.js:284:15
      at param (../m22-part3-route-writer/node_modules/express/lib/router/index.js:365:14)
      at param (../m22-part3-route-writer/node_modules/express/lib/router/index.js:376:14)
      at router.process_params (../m22-part3-route-writer/node_modules/express/lib/router/index.js:421:3)
      at next (../m22-part3-route-writer/node_modules/express/lib/router/index.js:280:10)
      at router.handle (../m22-part3-route-writer/node_modules/express/lib/router/index.js:175:3)
      at router (../m22-part3-route-writer/node_modules/express/lib/router/index.js:47:12)
      at Layer.handle [as handle_request] (../m22-part3-route-writer/node_modules/express/lib/router/layer.js:95:5)
      at trim_prefix (../m22-part3-route-writer/node_modules/express/lib/router/index.js:328:13)
      at ../m22-part3-route-writer/node_modules/express/lib/router/index.js:286:9
      at router.process_params (../m22-part3-route-writer/node_modules/express/lib/router/index.js:346:12)
      at next (../m22-part3-route-writer/node_modules/express/lib/router/index.js:280:10)
      at ../m22-part3-route-writer/node_modules/express/lib/router/index.js:646:15
      at next (../m22-part3-route-writer/node_modules/express/lib/router/index.js:265:14)
      at router.handle (../m22-part3-route-writer/node_modules/express/lib/router/index.js:175:3)
      at router (../m22-part3-route-writer/node_modules/express/lib/router/index.js:47:12)
      at Layer.handle [as handle_request] (../m22-part3-route-writer/node_modules/express/lib/router/layer.js:95:5)
      at trim_prefix (../m22-part3-route-writer/node_modules/express/lib/router/index.js:328:13)
      at ../m22-part3-route-writer/node_modules/express/lib/router/index.js:286:9
      at router.process_params (../m22-part3-route-writer/node_modules/express/lib/router/index.js:346:12)
      at next (../m22-part3-route-writer/node_modules/express/lib/router/index.js:280:10)
      at next (src/middleware/auditLog.js:168:3)
      at Layer.handle [as handle_request] (../m22-part3-route-writer/node_modules/express/lib/router/layer.js:95:5)
      at trim_prefix (../m22-part3-route-writer/node_modules/express/lib/router/index.js:328:13)
      at ../m22-part3-route-writer/node_modules/express/lib/router/index.js:286:9
      at router.process_params (../m22-part3-route-writer/node_modules/express/lib/router/index.js:346:12)
      at next (../m22-part3-route-writer/node_modules/express/lib/router/index.js:280:10)
      at next (src/middleware/security.js:52:3)
      at Layer.handle [as handle_request] (../m22-part3-route-writer/node_modules/express/lib/router/layer.js:95:5)
      at trim_prefix (../m22-part3-route-writer/node_modules/express/lib/router/index.js:328:13)
      at ../m22-part3-route-writer/node_modules/express/lib/router/index.js:286:9
      at router.process_params (../m22-part3-route-writer/node_modules/express/lib/router/index.js:346:12)
      at next (../m22-part3-route-writer/node_modules/express/lib/router/index.js:280:10)
      at ../m22-part3-route-writer/node_modules/body-parser/lib/read.js:137:5
      at invokeCallback (../m22-part3-route-writer/node_modules/raw-body/index.js:238:16)
      at done (../m22-part3-route-writer/node_modules/raw-body/index.js:227:7)
      at IncomingMessage.onEnd (../m22-part3-route-writer/node_modules/raw-body/index.js:287:7)

  console.info
    {
      component: 'http',
      event: 'request_completed',
      requestId: 'c6f1ba1f-f55d-4c21-bdcb-2905186cd997',
      methodClass: 'POST',
      durationMs: 12,
      statusCode: 500
    }

      at write (src/observability/safeLogger.js:178:17)

  console.error
    {
      component: 'http',
      event: 'request_failed',
      requestId: 'ae7f2a8d-2265-4785-84ee-ea3f0005bb7e',
      methodClass: 'POST',
      statusCode: 500
    }

      176 |     ...safeFields(fields),
      177 |   };
    > 178 |   console[level](record);
          |                 ^
      179 |   return record;
      180 | }
      181 |

      at write (src/observability/safeLogger.js:178:17)
      at Object.write (src/observability/safeLogger.js:191:10)
      at error (src/middleware/errorHandler.js:22:14)
      at Layer.handle_error (../m22-part3-route-writer/node_modules/express/lib/router/layer.js:71:5)
      at trim_prefix (../m22-part3-route-writer/node_modules/express/lib/router/index.js:326:13)
      at ../m22-part3-route-writer/node_modules/express/lib/router/index.js:286:9
      at router.process_params (../m22-part3-route-writer/node_modules/express/lib/router/index.js:346:12)
      at next (../m22-part3-route-writer/node_modules/express/lib/router/index.js:280:10)
      at Layer.handle_error (../m22-part3-route-writer/node_modules/express/lib/router/layer.js:67:12)
      at trim_prefix (../m22-part3-route-writer/node_modules/express/lib/router/index.js:326:13)
      at ../m22-part3-route-writer/node_modules/express/lib/router/index.js:286:9
      at router.process_params (../m22-part3-route-writer/node_modules/express/lib/router/index.js:346:12)
      at next (../m22-part3-route-writer/node_modules/express/lib/router/index.js:280:10)
      at Layer.handle_error (../m22-part3-route-writer/node_modules/express/lib/router/layer.js:67:12)
      at trim_prefix (../m22-part3-route-writer/node_modules/express/lib/router/index.js:326:13)
      at ../m22-part3-route-writer/node_modules/express/lib/router/index.js:286:9
      at router.process_params (../m22-part3-route-writer/node_modules/express/lib/router/index.js:346:12)
      at next (../m22-part3-route-writer/node_modules/express/lib/router/index.js:280:10)
      at Layer.handle_error (../m22-part3-route-writer/node_modules/express/lib/router/layer.js:67:12)
      at trim_prefix (../m22-part3-route-writer/node_modules/express/lib/router/index.js:326:13)
      at ../m22-part3-route-writer/node_modules/express/lib/router/index.js:286:9
      at router.process_params (../m22-part3-route-writer/node_modules/express/lib/router/index.js:346:12)
      at next (../m22-part3-route-writer/node_modules/express/lib/router/index.js:280:10)
      at Layer.handle_error (../m22-part3-route-writer/node_modules/express/lib/router/layer.js:67:12)
      at trim_prefix (../m22-part3-route-writer/node_modules/express/lib/router/index.js:326:13)
      at ../m22-part3-route-writer/node_modules/express/lib/router/index.js:286:9
      at router.process_params (../m22-part3-route-writer/node_modules/express/lib/router/index.js:346:12)
      at next (../m22-part3-route-writer/node_modules/express/lib/router/index.js:280:10)
      at Layer.handle_error (../m22-part3-route-writer/node_modules/express/lib/router/layer.js:67:12)
      at trim_prefix (../m22-part3-route-writer/node_modules/express/lib/router/index.js:326:13)
      at ../m22-part3-route-writer/node_modules/express/lib/router/index.js:286:9
      at router.process_params (../m22-part3-route-writer/node_modules/express/lib/router/index.js:346:12)
      at next (../m22-part3-route-writer/node_modules/express/lib/router/index.js:280:10)
      at Layer.handle_error (../m22-part3-route-writer/node_modules/express/lib/router/layer.js:67:12)
      at trim_prefix (../m22-part3-route-writer/node_modules/express/lib/router/index.js:326:13)
      at ../m22-part3-route-writer/node_modules/express/lib/router/index.js:286:9
      at router.process_params (../m22-part3-route-writer/node_modules/express/lib/router/index.js:346:12)
      at next (../m22-part3-route-writer/node_modules/express/lib/router/index.js:280:10)
      at Layer.handle_error (../m22-part3-route-writer/node_modules/express/lib/router/layer.js:67:12)
      at trim_prefix (../m22-part3-route-writer/node_modules/express/lib/router/index.js:326:13)
      at ../m22-part3-route-writer/node_modules/express/lib/router/index.js:286:9
      at router.process_params (../m22-part3-route-writer/node_modules/express/lib/router/index.js:346:12)
      at next (../m22-part3-route-writer/node_modules/express/lib/router/index.js:280:10)
      at ../m22-part3-route-writer/node_modules/express/lib/router/index.js:646:15
      at next (../m22-part3-route-writer/node_modules/express/lib/router/index.js:265:14)
      at next (../m22-part3-route-writer/node_modules/express/lib/router/route.js:141:14)
      at Layer.handle_error (../m22-part3-route-writer/node_modules/express/lib/router/layer.js:67:12)
      at next (../m22-part3-route-writer/node_modules/express/lib/router/route.js:147:13)
      at Layer.handle_error (../m22-part3-route-writer/node_modules/express/lib/router/layer.js:67:12)
      at next (../m22-part3-route-writer/node_modules/express/lib/router/route.js:147:13)
      at Layer.handle_error (../m22-part3-route-writer/node_modules/express/lib/router/layer.js:67:12)
      at next (../m22-part3-route-writer/node_modules/express/lib/router/route.js:147:13)
      at Layer.handle_error (../m22-part3-route-writer/node_modules/express/lib/router/layer.js:67:12)
      at next (../m22-part3-route-writer/node_modules/express/lib/router/route.js:147:13)
      at next (src/scheduling/recommendationHttpBoundary.js:268:10)
      at Layer.handle [as handle_request] (../m22-part3-route-writer/node_modules/express/lib/router/layer.js:95:5)
      at next (../m22-part3-route-writer/node_modules/express/lib/router/route.js:149:13)
      at Route.dispatch (../m22-part3-route-writer/node_modules/express/lib/router/route.js:119:3)
      at Layer.handle [as handle_request] (../m22-part3-route-writer/node_modules/express/lib/router/layer.js:95:5)
      at ../m22-part3-route-writer/node_modules/express/lib/router/index.js:284:15
      at param (../m22-part3-route-writer/node_modules/express/lib/router/index.js:365:14)
      at param (../m22-part3-route-writer/node_modules/express/lib/router/index.js:376:14)
      at router.process_params (../m22-part3-route-writer/node_modules/express/lib/router/index.js:421:3)
      at next (../m22-part3-route-writer/node_modules/express/lib/router/index.js:280:10)
      at router.handle (../m22-part3-route-writer/node_modules/express/lib/router/index.js:175:3)
      at router (../m22-part3-route-writer/node_modules/express/lib/router/index.js:47:12)
      at Layer.handle [as handle_request] (../m22-part3-route-writer/node_modules/express/lib/router/layer.js:95:5)
      at trim_prefix (../m22-part3-route-writer/node_modules/express/lib/router/index.js:328:13)
      at ../m22-part3-route-writer/node_modules/express/lib/router/index.js:286:9
      at router.process_params (../m22-part3-route-writer/node_modules/express/lib/router/index.js:346:12)
      at next (../m22-part3-route-writer/node_modules/express/lib/router/index.js:280:10)
      at ../m22-part3-route-writer/node_modules/express/lib/router/index.js:646:15
      at next (../m22-part3-route-writer/node_modules/express/lib/router/index.js:265:14)
      at router.handle (../m22-part3-route-writer/node_modules/express/lib/router/index.js:175:3)
      at router (../m22-part3-route-writer/node_modules/express/lib/router/index.js:47:12)
      at Layer.handle [as handle_request] (../m22-part3-route-writer/node_modules/express/lib/router/layer.js:95:5)
      at trim_prefix (../m22-part3-route-writer/node_modules/express/lib/router/index.js:328:13)
      at ../m22-part3-route-writer/node_modules/express/lib/router/index.js:286:9
      at router.process_params (../m22-part3-route-writer/node_modules/express/lib/router/index.js:346:12)
      at next (../m22-part3-route-writer/node_modules/express/lib/router/index.js:280:10)
      at next (src/middleware/auditLog.js:168:3)
      at Layer.handle [as handle_request] (../m22-part3-route-writer/node_modules/express/lib/router/layer.js:95:5)
      at trim_prefix (../m22-part3-route-writer/node_modules/express/lib/router/index.js:328:13)
      at ../m22-part3-route-writer/node_modules/express/lib/router/index.js:286:9
      at router.process_params (../m22-part3-route-writer/node_modules/express/lib/router/index.js:346:12)
      at next (../m22-part3-route-writer/node_modules/express/lib/router/index.js:280:10)
      at next (src/middleware/security.js:52:3)
      at Layer.handle [as handle_request] (../m22-part3-route-writer/node_modules/express/lib/router/layer.js:95:5)
      at trim_prefix (../m22-part3-route-writer/node_modules/express/lib/router/index.js:328:13)
      at ../m22-part3-route-writer/node_modules/express/lib/router/index.js:286:9
      at router.process_params (../m22-part3-route-writer/node_modules/express/lib/router/index.js:346:12)
      at next (../m22-part3-route-writer/node_modules/express/lib/router/index.js:280:10)
      at ../m22-part3-route-writer/node_modules/body-parser/lib/read.js:137:5
      at invokeCallback (../m22-part3-route-writer/node_modules/raw-body/index.js:238:16)
      at done (../m22-part3-route-writer/node_modules/raw-body/index.js:227:7)
      at IncomingMessage.onEnd (../m22-part3-route-writer/node_modules/raw-body/index.js:287:7)

  console.info
    {
      component: 'http',
      event: 'request_completed',
      requestId: 'ae7f2a8d-2265-4785-84ee-ea3f0005bb7e',
      methodClass: 'POST',
      durationMs: 11,
      statusCode: 500
    }

      at write (src/observability/safeLogger.js:178:17)

  console.error
    {
      component: 'http',
      event: 'request_failed',
      requestId: '199a2f93-acd2-4881-b751-8426c15fff01',
      methodClass: 'POST',
      statusCode: 500
    }

      176 |     ...safeFields(fields),
      177 |   };
    > 178 |   console[level](record);
          |                 ^
      179 |   return record;
      180 | }
      181 |

      at write (src/observability/safeLogger.js:178:17)
      at Object.write (src/observability/safeLogger.js:191:10)
      at error (src/middleware/errorHandler.js:22:14)
      at Layer.handle_error (../m22-part3-route-writer/node_modules/express/lib/router/layer.js:71:5)
      at trim_prefix (../m22-part3-route-writer/node_modules/express/lib/router/index.js:326:13)
      at ../m22-part3-route-writer/node_modules/express/lib/router/index.js:286:9
      at router.process_params (../m22-part3-route-writer/node_modules/express/lib/router/index.js:346:12)
      at next (../m22-part3-route-writer/node_modules/express/lib/router/index.js:280:10)
      at Layer.handle_error (../m22-part3-route-writer/node_modules/express/lib/router/layer.js:67:12)
      at trim_prefix (../m22-part3-route-writer/node_modules/express/lib/router/index.js:326:13)
      at ../m22-part3-route-writer/node_modules/express/lib/router/index.js:286:9
      at router.process_params (../m22-part3-route-writer/node_modules/express/lib/router/index.js:346:12)
      at next (../m22-part3-route-writer/node_modules/express/lib/router/index.js:280:10)
      at Layer.handle_error (../m22-part3-route-writer/node_modules/express/lib/router/layer.js:67:12)
      at trim_prefix (../m22-part3-route-writer/node_modules/express/lib/router/index.js:326:13)
      at ../m22-part3-route-writer/node_modules/express/lib/router/index.js:286:9
      at router.process_params (../m22-part3-route-writer/node_modules/express/lib/router/index.js:346:12)
      at next (../m22-part3-route-writer/node_modules/express/lib/router/index.js:280:10)
      at Layer.handle_error (../m22-part3-route-writer/node_modules/express/lib/router/layer.js:67:12)
      at trim_prefix (../m22-part3-route-writer/node_modules/express/lib/router/index.js:326:13)
      at ../m22-part3-route-writer/node_modules/express/lib/router/index.js:286:9
      at router.process_params (../m22-part3-route-writer/node_modules/express/lib/router/index.js:346:12)
      at next (../m22-part3-route-writer/node_modules/express/lib/router/index.js:280:10)
      at Layer.handle_error (../m22-part3-route-writer/node_modules/express/lib/router/layer.js:67:12)
      at trim_prefix (../m22-part3-route-writer/node_modules/express/lib/router/index.js:326:13)
      at ../m22-part3-route-writer/node_modules/express/lib/router/index.js:286:9
      at router.process_params (../m22-part3-route-writer/node_modules/express/lib/router/index.js:346:12)
      at next (../m22-part3-route-writer/node_modules/express/lib/router/index.js:280:10)
      at Layer.handle_error (../m22-part3-route-writer/node_modules/express/lib/router/layer.js:67:12)
      at trim_prefix (../m22-part3-route-writer/node_modules/express/lib/router/index.js:326:13)
      at ../m22-part3-route-writer/node_modules/express/lib/router/index.js:286:9
      at router.process_params (../m22-part3-route-writer/node_modules/express/lib/router/index.js:346:12)
      at next (../m22-part3-route-writer/node_modules/express/lib/router/index.js:280:10)
      at Layer.handle_error (../m22-part3-route-writer/node_modules/express/lib/router/layer.js:67:12)
      at trim_prefix (../m22-part3-route-writer/node_modules/express/lib/router/index.js:326:13)
      at ../m22-part3-route-writer/node_modules/express/lib/router/index.js:286:9
      at router.process_params (../m22-part3-route-writer/node_modules/express/lib/router/index.js:346:12)
      at next (../m22-part3-route-writer/node_modules/express/lib/router/index.js:280:10)
      at Layer.handle_error (../m22-part3-route-writer/node_modules/express/lib/router/layer.js:67:12)
      at trim_prefix (../m22-part3-route-writer/node_modules/express/lib/router/index.js:326:13)
      at ../m22-part3-route-writer/node_modules/express/lib/router/index.js:286:9
      at router.process_params (../m22-part3-route-writer/node_modules/express/lib/router/index.js:346:12)
      at next (../m22-part3-route-writer/node_modules/express/lib/router/index.js:280:10)
      at ../m22-part3-route-writer/node_modules/express/lib/router/index.js:646:15
      at next (../m22-part3-route-writer/node_modules/express/lib/router/index.js:265:14)
      at next (../m22-part3-route-writer/node_modules/express/lib/router/route.js:141:14)
      at Layer.handle_error (../m22-part3-route-writer/node_modules/express/lib/router/layer.js:67:12)
      at next (../m22-part3-route-writer/node_modules/express/lib/router/route.js:147:13)
      at Layer.handle_error (../m22-part3-route-writer/node_modules/express/lib/router/layer.js:67:12)
      at next (../m22-part3-route-writer/node_modules/express/lib/router/route.js:147:13)
      at Layer.handle_error (../m22-part3-route-writer/node_modules/express/lib/router/layer.js:67:12)
      at next (../m22-part3-route-writer/node_modules/express/lib/router/route.js:147:13)
      at Layer.handle_error (../m22-part3-route-writer/node_modules/express/lib/router/layer.js:67:12)
      at next (../m22-part3-route-writer/node_modules/express/lib/router/route.js:147:13)
      at next (src/scheduling/recommendationHttpBoundary.js:268:10)
      at Layer.handle [as handle_request] (../m22-part3-route-writer/node_modules/express/lib/router/layer.js:95:5)
      at next (../m22-part3-route-writer/node_modules/express/lib/router/route.js:149:13)
      at Route.dispatch (../m22-part3-route-writer/node_modules/express/lib/router/route.js:119:3)
      at Layer.handle [as handle_request] (../m22-part3-route-writer/node_modules/express/lib/router/layer.js:95:5)
      at ../m22-part3-route-writer/node_modules/express/lib/router/index.js:284:15
      at param (../m22-part3-route-writer/node_modules/express/lib/router/index.js:365:14)
      at param (../m22-part3-route-writer/node_modules/express/lib/router/index.js:376:14)
      at router.process_params (../m22-part3-route-writer/node_modules/express/lib/router/index.js:421:3)
      at next (../m22-part3-route-writer/node_modules/express/lib/router/index.js:280:10)
      at router.handle (../m22-part3-route-writer/node_modules/express/lib/router/index.js:175:3)
      at router (../m22-part3-route-writer/node_modules/express/lib/router/index.js:47:12)
      at Layer.handle [as handle_request] (../m22-part3-route-writer/node_modules/express/lib/router/layer.js:95:5)
      at trim_prefix (../m22-part3-route-writer/node_modules/express/lib/router/index.js:328:13)
      at ../m22-part3-route-writer/node_modules/express/lib/router/index.js:286:9
      at router.process_params (../m22-part3-route-writer/node_modules/express/lib/router/index.js:346:12)
      at next (../m22-part3-route-writer/node_modules/express/lib/router/index.js:280:10)
      at ../m22-part3-route-writer/node_modules/express/lib/router/index.js:646:15
      at next (../m22-part3-route-writer/node_modules/express/lib/router/index.js:265:14)
      at router.handle (../m22-part3-route-writer/node_modules/express/lib/router/index.js:175:3)
      at router (../m22-part3-route-writer/node_modules/express/lib/router/index.js:47:12)
      at Layer.handle [as handle_request] (../m22-part3-route-writer/node_modules/express/lib/router/layer.js:95:5)
      at trim_prefix (../m22-part3-route-writer/node_modules/express/lib/router/index.js:328:13)
      at ../m22-part3-route-writer/node_modules/express/lib/router/index.js:286:9
      at router.process_params (../m22-part3-route-writer/node_modules/express/lib/router/index.js:346:12)
      at next (../m22-part3-route-writer/node_modules/express/lib/router/index.js:280:10)
      at next (src/middleware/auditLog.js:168:3)
      at Layer.handle [as handle_request] (../m22-part3-route-writer/node_modules/express/lib/router/layer.js:95:5)
      at trim_prefix (../m22-part3-route-writer/node_modules/express/lib/router/index.js:328:13)
      at ../m22-part3-route-writer/node_modules/express/lib/router/index.js:286:9
      at router.process_params (../m22-part3-route-writer/node_modules/express/lib/router/index.js:346:12)
      at next (../m22-part3-route-writer/node_modules/express/lib/router/index.js:280:10)
      at next (src/middleware/security.js:52:3)
      at Layer.handle [as handle_request] (../m22-part3-route-writer/node_modules/express/lib/router/layer.js:95:5)
      at trim_prefix (../m22-part3-route-writer/node_modules/express/lib/router/index.js:328:13)
      at ../m22-part3-route-writer/node_modules/express/lib/router/index.js:286:9
      at router.process_params (../m22-part3-route-writer/node_modules/express/lib/router/index.js:346:12)
      at next (../m22-part3-route-writer/node_modules/express/lib/router/index.js:280:10)
      at ../m22-part3-route-writer/node_modules/body-parser/lib/read.js:137:5
      at invokeCallback (../m22-part3-route-writer/node_modules/raw-body/index.js:238:16)
      at done (../m22-part3-route-writer/node_modules/raw-body/index.js:227:7)
      at IncomingMessage.onEnd (../m22-part3-route-writer/node_modules/raw-body/index.js:287:7)

  console.info
    {
      component: 'http',
      event: 'request_completed',
      requestId: '199a2f93-acd2-4881-b751-8426c15fff01',
      methodClass: 'POST',
      durationMs: 12,
      statusCode: 500
    }

      at write (src/observability/safeLogger.js:178:17)

  console.error
    {
      component: 'http',
      event: 'request_failed',
      requestId: 'e7816532-a34f-46ab-9545-e26727104d1f',
      methodClass: 'POST',
      statusCode: 400
    }

      176 |     ...safeFields(fields),
      177 |   };
    > 178 |   console[level](record);
          |                 ^
      179 |   return record;
      180 | }
      181 |

      at write (src/observability/safeLogger.js:178:17)
      at Object.write (src/observability/safeLogger.js:191:10)
      at error (src/middleware/errorHandler.js:22:14)
      at Layer.handle_error (../m22-part3-route-writer/node_modules/express/lib/router/layer.js:71:5)
      at trim_prefix (../m22-part3-route-writer/node_modules/express/lib/router/index.js:326:13)
      at ../m22-part3-route-writer/node_modules/express/lib/router/index.js:286:9
      at router.process_params (../m22-part3-route-writer/node_modules/express/lib/router/index.js:346:12)
      at next (../m22-part3-route-writer/node_modules/express/lib/router/index.js:280:10)
      at Layer.handle_error (../m22-part3-route-writer/node_modules/express/lib/router/layer.js:67:12)
      at trim_prefix (../m22-part3-route-writer/node_modules/express/lib/router/index.js:326:13)
      at ../m22-part3-route-writer/node_modules/express/lib/router/index.js:286:9
      at router.process_params (../m22-part3-route-writer/node_modules/express/lib/router/index.js:346:12)
      at next (../m22-part3-route-writer/node_modules/express/lib/router/index.js:280:10)
      at Layer.handle_error (../m22-part3-route-writer/node_modules/express/lib/router/layer.js:67:12)
      at trim_prefix (../m22-part3-route-writer/node_modules/express/lib/router/index.js:326:13)
      at ../m22-part3-route-writer/node_modules/express/lib/router/index.js:286:9
      at router.process_params (../m22-part3-route-writer/node_modules/express/lib/router/index.js:346:12)
      at next (../m22-part3-route-writer/node_modules/express/lib/router/index.js:280:10)
      at Layer.handle_error (../m22-part3-route-writer/node_modules/express/lib/router/layer.js:67:12)
      at trim_prefix (../m22-part3-route-writer/node_modules/express/lib/router/index.js:326:13)
      at ../m22-part3-route-writer/node_modules/express/lib/router/index.js:286:9
      at router.process_params (../m22-part3-route-writer/node_modules/express/lib/router/index.js:346:12)
      at next (../m22-part3-route-writer/node_modules/express/lib/router/index.js:280:10)
      at Layer.handle_error (../m22-part3-route-writer/node_modules/express/lib/router/layer.js:67:12)
      at trim_prefix (../m22-part3-route-writer/node_modules/express/lib/router/index.js:326:13)
      at ../m22-part3-route-writer/node_modules/express/lib/router/index.js:286:9
      at router.process_params (../m22-part3-route-writer/node_modules/express/lib/router/index.js:346:12)
      at next (../m22-part3-route-writer/node_modules/express/lib/router/index.js:280:10)
      at Layer.handle_error (../m22-part3-route-writer/node_modules/express/lib/router/layer.js:67:12)
      at trim_prefix (../m22-part3-route-writer/node_modules/express/lib/router/index.js:326:13)
      at ../m22-part3-route-writer/node_modules/express/lib/router/index.js:286:9
      at router.process_params (../m22-part3-route-writer/node_modules/express/lib/router/index.js:346:12)
      at next (../m22-part3-route-writer/node_modules/express/lib/router/index.js:280:10)
      at Layer.handle_error (../m22-part3-route-writer/node_modules/express/lib/router/layer.js:67:12)
      at trim_prefix (../m22-part3-route-writer/node_modules/express/lib/router/index.js:326:13)
      at ../m22-part3-route-writer/node_modules/express/lib/router/index.js:286:9
      at router.process_params (../m22-part3-route-writer/node_modules/express/lib/router/index.js:346:12)
      at next (../m22-part3-route-writer/node_modules/express/lib/router/index.js:280:10)
      at Layer.handle_error (../m22-part3-route-writer/node_modules/express/lib/router/layer.js:67:12)
      at trim_prefix (../m22-part3-route-writer/node_modules/express/lib/router/index.js:326:13)
      at ../m22-part3-route-writer/node_modules/express/lib/router/index.js:286:9
      at router.process_params (../m22-part3-route-writer/node_modules/express/lib/router/index.js:346:12)
      at next (../m22-part3-route-writer/node_modules/express/lib/router/index.js:280:10)
      at ../m22-part3-route-writer/node_modules/express/lib/router/index.js:646:15
      at next (../m22-part3-route-writer/node_modules/express/lib/router/index.js:265:14)
      at router.handle (../m22-part3-route-writer/node_modules/express/lib/router/index.js:175:3)
      at router (../m22-part3-route-writer/node_modules/express/lib/router/index.js:47:12)
      at Layer.handle [as handle_request] (../m22-part3-route-writer/node_modules/express/lib/router/layer.js:95:5)
      at trim_prefix (../m22-part3-route-writer/node_modules/express/lib/router/index.js:328:13)
      at ../m22-part3-route-writer/node_modules/express/lib/router/index.js:286:9
      at router.process_params (../m22-part3-route-writer/node_modules/express/lib/router/index.js:346:12)
      at next (../m22-part3-route-writer/node_modules/express/lib/router/index.js:280:10)
      at ../m22-part3-route-writer/node_modules/express/lib/router/index.js:646:15
      at next (../m22-part3-route-writer/node_modules/express/lib/router/index.js:265:14)
      at router.handle (../m22-part3-route-writer/node_modules/express/lib/router/index.js:175:3)
      at router (../m22-part3-route-writer/node_modules/express/lib/router/index.js:47:12)
      at Layer.handle [as handle_request] (../m22-part3-route-writer/node_modules/express/lib/router/layer.js:95:5)
      at trim_prefix (../m22-part3-route-writer/node_modules/express/lib/router/index.js:328:13)
      at ../m22-part3-route-writer/node_modules/express/lib/router/index.js:286:9
      at router.process_params (../m22-part3-route-writer/node_modules/express/lib/router/index.js:346:12)
      at next (../m22-part3-route-writer/node_modules/express/lib/router/index.js:280:10)
      at next (src/middleware/auditLog.js:168:3)
      at Layer.handle [as handle_request] (../m22-part3-route-writer/node_modules/express/lib/router/layer.js:95:5)
      at trim_prefix (../m22-part3-route-writer/node_modules/express/lib/router/index.js:328:13)
      at ../m22-part3-route-writer/node_modules/express/lib/router/index.js:286:9
      at router.process_params (../m22-part3-route-writer/node_modules/express/lib/router/index.js:346:12)
      at next (../m22-part3-route-writer/node_modules/express/lib/router/index.js:280:10)
      at next (src/middleware/security.js:52:3)
      at Layer.handle [as handle_request] (../m22-part3-route-writer/node_modules/express/lib/router/layer.js:95:5)
      at trim_prefix (../m22-part3-route-writer/node_modules/express/lib/router/index.js:328:13)
      at ../m22-part3-route-writer/node_modules/express/lib/router/index.js:286:9
      at router.process_params (../m22-part3-route-writer/node_modules/express/lib/router/index.js:346:12)
      at next (../m22-part3-route-writer/node_modules/express/lib/router/index.js:280:10)
      at ../m22-part3-route-writer/node_modules/body-parser/lib/read.js:137:5
      at invokeCallback (../m22-part3-route-writer/node_modules/raw-body/index.js:238:16)
      at done (../m22-part3-route-writer/node_modules/raw-body/index.js:227:7)
      at IncomingMessage.onEnd (../m22-part3-route-writer/node_modules/raw-body/index.js:287:7)

  console.info
    {
      component: 'http',
      event: 'request_completed',
      requestId: 'e7816532-a34f-46ab-9545-e26727104d1f',
      methodClass: 'POST',
      durationMs: 12,
      statusCode: 400
    }

      at write (src/observability/safeLogger.js:178:17)

  console.error
    {
      component: 'http',
      event: 'request_failed',
      requestId: '302d7194-49ad-4ad5-bdfb-6c52ed42255e',
      methodClass: 'POST',
      statusCode: 413
    }

      176 |     ...safeFields(fields),
      177 |   };
    > 178 |   console[level](record);
          |                 ^
      179 |   return record;
      180 | }
      181 |

      at write (src/observability/safeLogger.js:178:17)
      at Object.write (src/observability/safeLogger.js:191:10)
      at error (src/middleware/errorHandler.js:22:14)
      at Layer.handle_error (../m22-part3-route-writer/node_modules/express/lib/router/layer.js:71:5)
      at trim_prefix (../m22-part3-route-writer/node_modules/express/lib/router/index.js:326:13)
      at ../m22-part3-route-writer/node_modules/express/lib/router/index.js:286:9
      at router.process_params (../m22-part3-route-writer/node_modules/express/lib/router/index.js:346:12)
      at next (../m22-part3-route-writer/node_modules/express/lib/router/index.js:280:10)
      at Layer.handle_error (../m22-part3-route-writer/node_modules/express/lib/router/layer.js:67:12)
      at trim_prefix (../m22-part3-route-writer/node_modules/express/lib/router/index.js:326:13)
      at ../m22-part3-route-writer/node_modules/express/lib/router/index.js:286:9
      at router.process_params (../m22-part3-route-writer/node_modules/express/lib/router/index.js:346:12)
      at next (../m22-part3-route-writer/node_modules/express/lib/router/index.js:280:10)
      at Layer.handle_error (../m22-part3-route-writer/node_modules/express/lib/router/layer.js:67:12)
      at trim_prefix (../m22-part3-route-writer/node_modules/express/lib/router/index.js:326:13)
      at ../m22-part3-route-writer/node_modules/express/lib/router/index.js:286:9
      at router.process_params (../m22-part3-route-writer/node_modules/express/lib/router/index.js:346:12)
      at next (../m22-part3-route-writer/node_modules/express/lib/router/index.js:280:10)
      at Layer.handle_error (../m22-part3-route-writer/node_modules/express/lib/router/layer.js:67:12)
      at trim_prefix (../m22-part3-route-writer/node_modules/express/lib/router/index.js:326:13)
      at ../m22-part3-route-writer/node_modules/express/lib/router/index.js:286:9
      at router.process_params (../m22-part3-route-writer/node_modules/express/lib/router/index.js:346:12)
      at next (../m22-part3-route-writer/node_modules/express/lib/router/index.js:280:10)
      at Layer.handle_error (../m22-part3-route-writer/node_modules/express/lib/router/layer.js:67:12)
      at trim_prefix (../m22-part3-route-writer/node_modules/express/lib/router/index.js:326:13)
      at ../m22-part3-route-writer/node_modules/express/lib/router/index.js:286:9
      at router.process_params (../m22-part3-route-writer/node_modules/express/lib/router/index.js:346:12)
      at next (../m22-part3-route-writer/node_modules/express/lib/router/index.js:280:10)
      at Layer.handle_error (../m22-part3-route-writer/node_modules/express/lib/router/layer.js:67:12)
      at trim_prefix (../m22-part3-route-writer/node_modules/express/lib/router/index.js:326:13)
      at ../m22-part3-route-writer/node_modules/express/lib/router/index.js:286:9
      at router.process_params (../m22-part3-route-writer/node_modules/express/lib/router/index.js:346:12)
      at next (../m22-part3-route-writer/node_modules/express/lib/router/index.js:280:10)
      at Layer.handle_error (../m22-part3-route-writer/node_modules/express/lib/router/layer.js:67:12)
      at trim_prefix (../m22-part3-route-writer/node_modules/express/lib/router/index.js:326:13)
      at ../m22-part3-route-writer/node_modules/express/lib/router/index.js:286:9
      at router.process_params (../m22-part3-route-writer/node_modules/express/lib/router/index.js:346:12)
      at next (../m22-part3-route-writer/node_modules/express/lib/router/index.js:280:10)
      at Layer.handle_error (../m22-part3-route-writer/node_modules/express/lib/router/layer.js:67:12)
      at trim_prefix (../m22-part3-route-writer/node_modules/express/lib/router/index.js:326:13)
      at ../m22-part3-route-writer/node_modules/express/lib/router/index.js:286:9
      at router.process_params (../m22-part3-route-writer/node_modules/express/lib/router/index.js:346:12)
      at next (../m22-part3-route-writer/node_modules/express/lib/router/index.js:280:10)
      at Layer.handle_error (../m22-part3-route-writer/node_modules/express/lib/router/layer.js:67:12)
      at trim_prefix (../m22-part3-route-writer/node_modules/express/lib/router/index.js:326:13)
      at ../m22-part3-route-writer/node_modules/express/lib/router/index.js:286:9
      at router.process_params (../m22-part3-route-writer/node_modules/express/lib/router/index.js:346:12)
      at next (../m22-part3-route-writer/node_modules/express/lib/router/index.js:280:10)
      at Layer.handle_error (../m22-part3-route-writer/node_modules/express/lib/router/layer.js:67:12)
      at trim_prefix (../m22-part3-route-writer/node_modules/express/lib/router/index.js:326:13)
      at ../m22-part3-route-writer/node_modules/express/lib/router/index.js:286:9
      at router.process_params (../m22-part3-route-writer/node_modules/express/lib/router/index.js:346:12)
      at next (../m22-part3-route-writer/node_modules/express/lib/router/index.js:280:10)
      at Layer.handle_error (../m22-part3-route-writer/node_modules/express/lib/router/layer.js:67:12)
      at trim_prefix (../m22-part3-route-writer/node_modules/express/lib/router/index.js:326:13)
      at ../m22-part3-route-writer/node_modules/express/lib/router/index.js:286:9
      at router.process_params (../m22-part3-route-writer/node_modules/express/lib/router/index.js:346:12)
      at next (../m22-part3-route-writer/node_modules/express/lib/router/index.js:280:10)
      at Layer.handle_error (../m22-part3-route-writer/node_modules/express/lib/router/layer.js:67:12)
      at trim_prefix (../m22-part3-route-writer/node_modules/express/lib/router/index.js:326:13)
      at ../m22-part3-route-writer/node_modules/express/lib/router/index.js:286:9
      at router.process_params (../m22-part3-route-writer/node_modules/express/lib/router/index.js:346:12)
      at next (../m22-part3-route-writer/node_modules/express/lib/router/index.js:280:10)
      at Layer.handle_error (../m22-part3-route-writer/node_modules/express/lib/router/layer.js:67:12)
      at trim_prefix (../m22-part3-route-writer/node_modules/express/lib/router/index.js:326:13)
      at ../m22-part3-route-writer/node_modules/express/lib/router/index.js:286:9
      at router.process_params (../m22-part3-route-writer/node_modules/express/lib/router/index.js:346:12)
      at next (../m22-part3-route-writer/node_modules/express/lib/router/index.js:280:10)
      at Layer.handle_error (../m22-part3-route-writer/node_modules/express/lib/router/layer.js:67:12)
      at trim_prefix (../m22-part3-route-writer/node_modules/express/lib/router/index.js:326:13)
      at ../m22-part3-route-writer/node_modules/express/lib/router/index.js:286:9
      at router.process_params (../m22-part3-route-writer/node_modules/express/lib/router/index.js:346:12)
      at next (../m22-part3-route-writer/node_modules/express/lib/router/index.js:280:10)
      at next (src/scheduling/recommendationHttpBoundary.js:241:25)
      at onfinished (../m22-part3-route-writer/node_modules/body-parser/lib/read.js:102:9)
      at listener (../m22-part3-route-writer/node_modules/on-finished/index.js:170:15)
      at onFinish (../m22-part3-route-writer/node_modules/on-finished/index.js:101:5)
      at callback (../m22-part3-route-writer/node_modules/ee-first/index.js:55:10)
      at IncomingMessage.onevent (../m22-part3-route-writer/node_modules/ee-first/index.js:93:5)

  console.error
    {
      component: 'http',
      event: 'request_failed',
      requestId: 'f19b6e97-e45d-4234-89bd-e4668c8ef6c5',
      methodClass: 'POST',
      statusCode: 400
    }

      176 |     ...safeFields(fields),
      177 |   };
    > 178 |   console[level](record);
          |                 ^
      179 |   return record;
      180 | }
      181 |

      at write (src/observability/safeLogger.js:178:17)
      at Object.write (src/observability/safeLogger.js:191:10)
      at error (src/middleware/errorHandler.js:22:14)
      at Layer.handle_error (../m22-part3-route-writer/node_modules/express/lib/router/layer.js:71:5)
      at trim_prefix (../m22-part3-route-writer/node_modules/express/lib/router/index.js:326:13)
      at ../m22-part3-route-writer/node_modules/express/lib/router/index.js:286:9
      at router.process_params (../m22-part3-route-writer/node_modules/express/lib/router/index.js:346:12)
      at next (../m22-part3-route-writer/node_modules/express/lib/router/index.js:280:10)
      at Layer.handle_error (../m22-part3-route-writer/node_modules/express/lib/router/layer.js:67:12)
      at trim_prefix (../m22-part3-route-writer/node_modules/express/lib/router/index.js:326:13)
      at ../m22-part3-route-writer/node_modules/express/lib/router/index.js:286:9
      at router.process_params (../m22-part3-route-writer/node_modules/express/lib/router/index.js:346:12)
      at next (../m22-part3-route-writer/node_modules/express/lib/router/index.js:280:10)
      at Layer.handle_error (../m22-part3-route-writer/node_modules/express/lib/router/layer.js:67:12)
      at trim_prefix (../m22-part3-route-writer/node_modules/express/lib/router/index.js:326:13)
      at ../m22-part3-route-writer/node_modules/express/lib/router/index.js:286:9
      at router.process_params (../m22-part3-route-writer/node_modules/express/lib/router/index.js:346:12)
      at next (../m22-part3-route-writer/node_modules/express/lib/router/index.js:280:10)
      at Layer.handle_error (../m22-part3-route-writer/node_modules/express/lib/router/layer.js:67:12)
      at trim_prefix (../m22-part3-route-writer/node_modules/express/lib/router/index.js:326:13)
      at ../m22-part3-route-writer/node_modules/express/lib/router/index.js:286:9
      at router.process_params (../m22-part3-route-writer/node_modules/express/lib/router/index.js:346:12)
      at next (../m22-part3-route-writer/node_modules/express/lib/router/index.js:280:10)
      at Layer.handle_error (../m22-part3-route-writer/node_modules/express/lib/router/layer.js:67:12)
      at trim_prefix (../m22-part3-route-writer/node_modules/express/lib/router/index.js:326:13)
      at ../m22-part3-route-writer/node_modules/express/lib/router/index.js:286:9
      at router.process_params (../m22-part3-route-writer/node_modules/express/lib/router/index.js:346:12)
      at next (../m22-part3-route-writer/node_modules/express/lib/router/index.js:280:10)
      at Layer.handle_error (../m22-part3-route-writer/node_modules/express/lib/router/layer.js:67:12)
      at trim_prefix (../m22-part3-route-writer/node_modules/express/lib/router/index.js:326:13)
      at ../m22-part3-route-writer/node_modules/express/lib/router/index.js:286:9
      at router.process_params (../m22-part3-route-writer/node_modules/express/lib/router/index.js:346:12)
      at next (../m22-part3-route-writer/node_modules/express/lib/router/index.js:280:10)
      at Layer.handle_error (../m22-part3-route-writer/node_modules/express/lib/router/layer.js:67:12)
      at trim_prefix (../m22-part3-route-writer/node_modules/express/lib/router/index.js:326:13)
      at ../m22-part3-route-writer/node_modules/express/lib/router/index.js:286:9
      at router.process_params (../m22-part3-route-writer/node_modules/express/lib/router/index.js:346:12)
      at next (../m22-part3-route-writer/node_modules/express/lib/router/index.js:280:10)
      at Layer.handle_error (../m22-part3-route-writer/node_modules/express/lib/router/layer.js:67:12)
      at trim_prefix (../m22-part3-route-writer/node_modules/express/lib/router/index.js:326:13)
      at ../m22-part3-route-writer/node_modules/express/lib/router/index.js:286:9
      at router.process_params (../m22-part3-route-writer/node_modules/express/lib/router/index.js:346:12)
      at next (../m22-part3-route-writer/node_modules/express/lib/router/index.js:280:10)
      at Layer.handle_error (../m22-part3-route-writer/node_modules/express/lib/router/layer.js:67:12)
      at trim_prefix (../m22-part3-route-writer/node_modules/express/lib/router/index.js:326:13)
      at ../m22-part3-route-writer/node_modules/express/lib/router/index.js:286:9
      at router.process_params (../m22-part3-route-writer/node_modules/express/lib/router/index.js:346:12)
      at next (../m22-part3-route-writer/node_modules/express/lib/router/index.js:280:10)
      at Layer.handle_error (../m22-part3-route-writer/node_modules/express/lib/router/layer.js:67:12)
      at trim_prefix (../m22-part3-route-writer/node_modules/express/lib/router/index.js:326:13)
      at ../m22-part3-route-writer/node_modules/express/lib/router/index.js:286:9
      at router.process_params (../m22-part3-route-writer/node_modules/express/lib/router/index.js:346:12)
      at next (../m22-part3-route-writer/node_modules/express/lib/router/index.js:280:10)
      at Layer.handle_error (../m22-part3-route-writer/node_modules/express/lib/router/layer.js:67:12)
      at trim_prefix (../m22-part3-route-writer/node_modules/express/lib/router/index.js:326:13)
      at ../m22-part3-route-writer/node_modules/express/lib/router/index.js:286:9
      at router.process_params (../m22-part3-route-writer/node_modules/express/lib/router/index.js:346:12)
      at next (../m22-part3-route-writer/node_modules/express/lib/router/index.js:280:10)
      at Layer.handle_error (../m22-part3-route-writer/node_modules/express/lib/router/layer.js:67:12)
      at trim_prefix (../m22-part3-route-writer/node_modules/express/lib/router/index.js:326:13)
      at ../m22-part3-route-writer/node_modules/express/lib/router/index.js:286:9
      at router.process_params (../m22-part3-route-writer/node_modules/express/lib/router/index.js:346:12)
      at next (../m22-part3-route-writer/node_modules/express/lib/router/index.js:280:10)
      at Layer.handle_error (../m22-part3-route-writer/node_modules/express/lib/router/layer.js:67:12)
      at trim_prefix (../m22-part3-route-writer/node_modules/express/lib/router/index.js:326:13)
      at ../m22-part3-route-writer/node_modules/express/lib/router/index.js:286:9
      at router.process_params (../m22-part3-route-writer/node_modules/express/lib/router/index.js:346:12)
      at next (../m22-part3-route-writer/node_modules/express/lib/router/index.js:280:10)
      at Layer.handle_error (../m22-part3-route-writer/node_modules/express/lib/router/layer.js:67:12)
      at trim_prefix (../m22-part3-route-writer/node_modules/express/lib/router/index.js:326:13)
      at ../m22-part3-route-writer/node_modules/express/lib/router/index.js:286:9
      at router.process_params (../m22-part3-route-writer/node_modules/express/lib/router/index.js:346:12)
      at next (../m22-part3-route-writer/node_modules/express/lib/router/index.js:280:10)
      at next (src/scheduling/recommendationHttpBoundary.js:255:16)
      at ../m22-part3-route-writer/node_modules/body-parser/lib/read.js:137:5
      at invokeCallback (../m22-part3-route-writer/node_modules/raw-body/index.js:238:16)
      at done (../m22-part3-route-writer/node_modules/raw-body/index.js:227:7)
      at IncomingMessage.onEnd (../m22-part3-route-writer/node_modules/raw-body/index.js:287:7)

  console.info
    {
      component: 'http',
      event: 'request_completed',
      requestId: '48ffbe6d-4ac0-48f5-b8b8-7014054af4d3',
      methodClass: 'POST',
      durationMs: 0,
      statusCode: 401
    }

      at write (src/observability/safeLogger.js:178:17)

  console.info
    {
      component: 'http',
      event: 'request_completed',
      requestId: '72c4c17e-dfab-4856-835e-5ac1e73b4bf9',
      methodClass: 'POST',
      durationMs: 200,
      statusCode: 200
    }

      at write (src/observability/safeLogger.js:178:17)

  console.info
    {
      component: 'http',
      event: 'request_completed',
      requestId: '2a1ad646-2333-4d47-b2f9-89db55c637f9',
      methodClass: 'POST',
      durationMs: 203,
      statusCode: 200
    }

      at write (src/observability/safeLogger.js:178:17)

  console.info
    {
      component: 'http',
      event: 'request_completed',
      requestId: '9a4f7f1d-a2b9-4e5a-9575-24c047896b90',
      methodClass: 'POST',
      durationMs: 217,
      statusCode: 400
    }

      at write (src/observability/safeLogger.js:178:17)

  console.info
    {
      component: 'http',
      event: 'request_completed',
      requestId: '1046ed17-b60f-4bdd-adc9-046d1bd85dde',
      methodClass: 'POST',
      durationMs: 232,
      statusCode: 409
    }

      at write (src/observability/safeLogger.js:178:17)

  console.info
    {
      component: 'http',
      event: 'request_completed',
      requestId: '8b8de2e9-d1f9-4d22-9ab6-6a8781f7a0a9',
      methodClass: 'POST',
      durationMs: 392,
      statusCode: 200
    }

      at write (src/observability/safeLogger.js:178:17)

  console.info
    {
      component: 'http',
      event: 'request_completed',
      requestId: '5e920173-04d8-4306-b106-b94a4fb404bb',
      methodClass: 'POST',
      durationMs: 393,
      statusCode: 200
    }

      at write (src/observability/safeLogger.js:178:17)

  console.info
    {
      component: 'http',
      event: 'request_completed',
      requestId: '42ef97c6-9494-4b34-8ee9-b76cd6395004',
      methodClass: 'POST',
      durationMs: 491,
      statusCode: 200
    }

      at write (src/observability/safeLogger.js:178:17)

  console.info
    {
      component: 'http',
      event: 'request_completed',
      requestId: 'a6e9e88e-f9b4-47af-8861-c1fcbb17e016',
      methodClass: 'POST',
      durationMs: 501,
      statusCode: 200
    }

      at write (src/observability/safeLogger.js:178:17)

  console.info
    {
      component: 'http',
      event: 'request_completed',
      requestId: 'dc414284-84f6-4c07-9003-2186cb5b6e8a',
      methodClass: 'POST',
      durationMs: 551,
      statusCode: 200
    }

      at write (src/observability/safeLogger.js:178:17)

  console.info
    {
      component: 'http',
      event: 'request_completed',
      requestId: '1e07c326-b04c-48fb-ba52-970c295ffc09',
      methodClass: 'POST',
      durationMs: 650,
      statusCode: 200
    }

      at write (src/observability/safeLogger.js:178:17)

  console.info
    {
      component: 'http',
      event: 'request_completed',
      requestId: '1557fd4d-483d-4a3e-98d0-5689487cfea9',
      methodClass: 'POST',
      durationMs: 651,
      statusCode: 200
    }

      at write (src/observability/safeLogger.js:178:17)

  console.info
    {
      component: 'http',
      event: 'request_completed',
      requestId: 'b7cc55eb-e583-466a-98ae-e3d7ee2fad56',
      methodClass: 'POST',
      durationMs: 813,
      statusCode: 200
    }

      at write (src/observability/safeLogger.js:178:17)

  console.info
    {
      component: 'http',
      event: 'request_completed',
      requestId: '9990d1f8-9b15-4994-86d9-75ae8e33057a',
      methodClass: 'POST',
      durationMs: 2,
      statusCode: 428
    }

      at write (src/observability/safeLogger.js:178:17)

  console.info
    {
      component: 'http',
      event: 'request_completed',
      requestId: '4498dbf1-4aa7-432c-b4e5-536269bce799',
      methodClass: 'POST',
      durationMs: 133,
      statusCode: 200
    }

      at write (src/observability/safeLogger.js:178:17)

  console.info
    {
      component: 'http',
      event: 'request_completed',
      requestId: 'f19b0698-5756-462f-b1ed-c468dec74442',
      methodClass: 'POST',
      durationMs: 0,
      statusCode: 401
    }

      at write (src/observability/safeLogger.js:178:17)

  console.info
    {
      component: 'http',
      event: 'request_completed',
      requestId: '193c9117-b75f-446c-92b0-ee19aed1cb64',
      methodClass: 'POST',
      durationMs: 4,
      statusCode: 403
    }

      at write (src/observability/safeLogger.js:178:17)

  console.info
    {
      component: 'http',
      event: 'request_completed',
      requestId: 'd0309420-4619-4e39-8cab-2b89f4f4986d',
      methodClass: 'POST',
      durationMs: 5,
      statusCode: 403
    }

      at write (src/observability/safeLogger.js:178:17)

  console.info
    {
      component: 'http',
      event: 'request_completed',
      requestId: '6c6b8f75-e1f5-468e-b11a-0966e560c26e',
      methodClass: 'POST',
      durationMs: 6,
      statusCode: 404
    }

      at write (src/observability/safeLogger.js:178:17)

  console.info
    {
      component: 'http',
      event: 'request_completed',
      requestId: '0aa1435e-dc20-4f09-92db-8d983ac0c485',
      methodClass: 'POST',
      durationMs: 6,
      statusCode: 404
    }

      at write (src/observability/safeLogger.js:178:17)

  console.info
    {
      component: 'http',
      event: 'request_completed',
      requestId: 'a4f25273-7fbf-46ac-bad2-91cf9f0a8a67',
      methodClass: 'POST',
      durationMs: 5,
      statusCode: 404
    }

      at write (src/observability/safeLogger.js:178:17)

  console.info
    {
      component: 'http',
      event: 'request_completed',
      requestId: 'ae9a61ab-a87c-403d-b7cc-2f8ef72a3a69',
      methodClass: 'POST',
      durationMs: 6,
      statusCode: 404
    }

      at write (src/observability/safeLogger.js:178:17)

  console.info
    {
      component: 'http',
      event: 'request_completed',
      requestId: 'd3697e5e-609f-4f38-8611-47164335785b',
      methodClass: 'POST',
      durationMs: 5,
      statusCode: 404
    }

      at write (src/observability/safeLogger.js:178:17)

  console.info
    {
      component: 'http',
      event: 'request_completed',
      requestId: '4020384a-87c3-4b7a-b083-e055f9ef71ed',
      methodClass: 'POST',
      durationMs: 6,
      statusCode: 404
    }

      at write (src/observability/safeLogger.js:178:17)

  console.info
    {
      component: 'http',
      event: 'request_completed',
      requestId: '7061c182-92c1-4a61-a283-e02e3759a007',
      methodClass: 'POST',
      durationMs: 5,
      statusCode: 404
    }

      at write (src/observability/safeLogger.js:178:17)

  console.info
    {
      component: 'http',
      event: 'request_completed',
      requestId: '38ffaa3c-ed0b-4e25-bb94-45b9cb441334',
      methodClass: 'POST',
      durationMs: 5,
      statusCode: 404
    }

      at write (src/observability/safeLogger.js:178:17)

  console.info
    {
      component: 'http',
      event: 'request_completed',
      requestId: '5f91c938-152f-4182-b4ff-dcbfff296bf1',
      methodClass: 'POST',
      durationMs: 55,
      statusCode: 200
    }

      at write (src/observability/safeLogger.js:178:17)

  console.info
    {
      component: 'http',
      event: 'request_completed',
      requestId: '0ba6e3f9-c4ba-43ae-91b3-fd9c0b3d5e7a',
      methodClass: 'POST',
      durationMs: 2,
      statusCode: 400
    }

      at write (src/observability/safeLogger.js:178:17)

  console.info
    {
      component: 'http',
      event: 'request_completed',
      requestId: '81d6872e-1d03-4494-ae07-4553f0f2cbc9',
      methodClass: 'POST',
      durationMs: 2,
      statusCode: 400
    }

      at write (src/observability/safeLogger.js:178:17)

  console.info
    {
      component: 'http',
      event: 'request_completed',
      requestId: 'dccc8c8c-f40f-477b-bb10-23bd139a0452',
      methodClass: 'POST',
      durationMs: 2,
      statusCode: 400
    }

      at write (src/observability/safeLogger.js:178:17)

  console.info
    {
      component: 'http',
      event: 'request_completed',
      requestId: 'cda70c8c-4558-41cb-94f9-00878dcc5f18',
      methodClass: 'POST',
      durationMs: 2,
      statusCode: 400
    }

      at write (src/observability/safeLogger.js:178:17)

  console.info
    {
      component: 'http',
      event: 'request_completed',
      requestId: '30cb74d8-61fb-43d8-9214-28e09c171527',
      methodClass: 'POST',
      durationMs: 2,
      statusCode: 400
    }

      at write (src/observability/safeLogger.js:178:17)

  console.info
    {
      component: 'http',
      event: 'request_completed',
      requestId: '505bf398-d516-4f1d-9344-abfdcf7f4fb8',
      methodClass: 'POST',
      durationMs: 2,
      statusCode: 400
    }

      at write (src/observability/safeLogger.js:178:17)

  console.info
    {
      component: 'http',
      event: 'request_completed',
      requestId: '8484a290-804a-465e-b4fd-f1e5e61afdcc',
      methodClass: 'POST',
      durationMs: 2,
      statusCode: 400
    }

      at write (src/observability/safeLogger.js:178:17)

  console.info
    {
      component: 'http',
      event: 'request_completed',
      requestId: 'e016311d-5f0b-4553-9b6b-3b3a39fa8144',
      methodClass: 'POST',
      durationMs: 3,
      statusCode: 400
    }

      at write (src/observability/safeLogger.js:178:17)

  console.info
    {
      component: 'http',
      event: 'request_completed',
      requestId: '9ddea282-3163-4647-aee0-45e3428c2cbc',
      methodClass: 'POST',
      durationMs: 3,
      statusCode: 400
    }

      at write (src/observability/safeLogger.js:178:17)

  console.error
    {
      component: 'http',
      event: 'request_failed',
      requestId: '69bc7a60-fbe6-469f-8a7d-ebcea91fa486',
      methodClass: 'POST',
      statusCode: 413
    }

      176 |     ...safeFields(fields),
      177 |   };
    > 178 |   console[level](record);
          |                 ^
      179 |   return record;
      180 | }
      181 |

      at write (src/observability/safeLogger.js:178:17)
      at Object.write (src/observability/safeLogger.js:191:10)
      at error (src/middleware/errorHandler.js:22:14)
      at Layer.handle_error (../m22-part3-route-writer/node_modules/express/lib/router/layer.js:71:5)
      at trim_prefix (../m22-part3-route-writer/node_modules/express/lib/router/index.js:326:13)
      at ../m22-part3-route-writer/node_modules/express/lib/router/index.js:286:9
      at router.process_params (../m22-part3-route-writer/node_modules/express/lib/router/index.js:346:12)
      at next (../m22-part3-route-writer/node_modules/express/lib/router/index.js:280:10)
      at Layer.handle_error (../m22-part3-route-writer/node_modules/express/lib/router/layer.js:67:12)
      at trim_prefix (../m22-part3-route-writer/node_modules/express/lib/router/index.js:326:13)
      at ../m22-part3-route-writer/node_modules/express/lib/router/index.js:286:9
      at router.process_params (../m22-part3-route-writer/node_modules/express/lib/router/index.js:346:12)
      at next (../m22-part3-route-writer/node_modules/express/lib/router/index.js:280:10)
      at Layer.handle_error (../m22-part3-route-writer/node_modules/express/lib/router/layer.js:67:12)
      at trim_prefix (../m22-part3-route-writer/node_modules/express/lib/router/index.js:326:13)
      at ../m22-part3-route-writer/node_modules/express/lib/router/index.js:286:9
      at router.process_params (../m22-part3-route-writer/node_modules/express/lib/router/index.js:346:12)
      at next (../m22-part3-route-writer/node_modules/express/lib/router/index.js:280:10)
      at Layer.handle_error (../m22-part3-route-writer/node_modules/express/lib/router/layer.js:67:12)
      at trim_prefix (../m22-part3-route-writer/node_modules/express/lib/router/index.js:326:13)
      at ../m22-part3-route-writer/node_modules/express/lib/router/index.js:286:9
      at router.process_params (../m22-part3-route-writer/node_modules/express/lib/router/index.js:346:12)
      at next (../m22-part3-route-writer/node_modules/express/lib/router/index.js:280:10)
      at Layer.handle_error (../m22-part3-route-writer/node_modules/express/lib/router/layer.js:67:12)
      at trim_prefix (../m22-part3-route-writer/node_modules/express/lib/router/index.js:326:13)
      at ../m22-part3-route-writer/node_modules/express/lib/router/index.js:286:9
      at router.process_params (../m22-part3-route-writer/node_modules/express/lib/router/index.js:346:12)
      at next (../m22-part3-route-writer/node_modules/express/lib/router/index.js:280:10)
      at Layer.handle_error (../m22-part3-route-writer/node_modules/express/lib/router/layer.js:67:12)
      at trim_prefix (../m22-part3-route-writer/node_modules/express/lib/router/index.js:326:13)
      at ../m22-part3-route-writer/node_modules/express/lib/router/index.js:286:9
      at router.process_params (../m22-part3-route-writer/node_modules/express/lib/router/index.js:346:12)
      at next (../m22-part3-route-writer/node_modules/express/lib/router/index.js:280:10)
      at Layer.handle_error (../m22-part3-route-writer/node_modules/express/lib/router/layer.js:67:12)
      at trim_prefix (../m22-part3-route-writer/node_modules/express/lib/router/index.js:326:13)
      at ../m22-part3-route-writer/node_modules/express/lib/router/index.js:286:9
      at router.process_params (../m22-part3-route-writer/node_modules/express/lib/router/index.js:346:12)
      at next (../m22-part3-route-writer/node_modules/express/lib/router/index.js:280:10)
      at Layer.handle_error (../m22-part3-route-writer/node_modules/express/lib/router/layer.js:67:12)
      at trim_prefix (../m22-part3-route-writer/node_modules/express/lib/router/index.js:326:13)
      at ../m22-part3-route-writer/node_modules/express/lib/router/index.js:286:9
      at router.process_params (../m22-part3-route-writer/node_modules/express/lib/router/index.js:346:12)
      at next (../m22-part3-route-writer/node_modules/express/lib/router/index.js:280:10)
      at Layer.handle_error (../m22-part3-route-writer/node_modules/express/lib/router/layer.js:67:12)
      at trim_prefix (../m22-part3-route-writer/node_modules/express/lib/router/index.js:326:13)
      at ../m22-part3-route-writer/node_modules/express/lib/router/index.js:286:9
      at router.process_params (../m22-part3-route-writer/node_modules/express/lib/router/index.js:346:12)
      at next (../m22-part3-route-writer/node_modules/express/lib/router/index.js:280:10)
      at Layer.handle_error (../m22-part3-route-writer/node_modules/express/lib/router/layer.js:67:12)
      at trim_prefix (../m22-part3-route-writer/node_modules/express/lib/router/index.js:326:13)
      at ../m22-part3-route-writer/node_modules/express/lib/router/index.js:286:9
      at router.process_params (../m22-part3-route-writer/node_modules/express/lib/router/index.js:346:12)
      at next (../m22-part3-route-writer/node_modules/express/lib/router/index.js:280:10)
      at Layer.handle_error (../m22-part3-route-writer/node_modules/express/lib/router/layer.js:67:12)
      at trim_prefix (../m22-part3-route-writer/node_modules/express/lib/router/index.js:326:13)
      at ../m22-part3-route-writer/node_modules/express/lib/router/index.js:286:9
      at router.process_params (../m22-part3-route-writer/node_modules/express/lib/router/index.js:346:12)
      at next (../m22-part3-route-writer/node_modules/express/lib/router/index.js:280:10)
      at Layer.handle_error (../m22-part3-route-writer/node_modules/express/lib/router/layer.js:67:12)
      at trim_prefix (../m22-part3-route-writer/node_modules/express/lib/router/index.js:326:13)
      at ../m22-part3-route-writer/node_modules/express/lib/router/index.js:286:9
      at router.process_params (../m22-part3-route-writer/node_modules/express/lib/router/index.js:346:12)
      at next (../m22-part3-route-writer/node_modules/express/lib/router/index.js:280:10)
      at Layer.handle_error (../m22-part3-route-writer/node_modules/express/lib/router/layer.js:67:12)
      at trim_prefix (../m22-part3-route-writer/node_modules/express/lib/router/index.js:326:13)
      at ../m22-part3-route-writer/node_modules/express/lib/router/index.js:286:9
      at router.process_params (../m22-part3-route-writer/node_modules/express/lib/router/index.js:346:12)
      at next (../m22-part3-route-writer/node_modules/express/lib/router/index.js:280:10)
      at Layer.handle_error (../m22-part3-route-writer/node_modules/express/lib/router/layer.js:67:12)
      at trim_prefix (../m22-part3-route-writer/node_modules/express/lib/router/index.js:326:13)
      at ../m22-part3-route-writer/node_modules/express/lib/router/index.js:286:9
      at router.process_params (../m22-part3-route-writer/node_modules/express/lib/router/index.js:346:12)
      at next (../m22-part3-route-writer/node_modules/express/lib/router/index.js:280:10)
      at next (src/scheduling/recommendationHttpBoundary.js:241:25)
      at onfinished (../m22-part3-route-writer/node_modules/body-parser/lib/read.js:102:9)
      at listener (../m22-part3-route-writer/node_modules/on-finished/index.js:170:15)
      at onFinish (../m22-part3-route-writer/node_modules/on-finished/index.js:101:5)
      at callback (../m22-part3-route-writer/node_modules/ee-first/index.js:55:10)
      at IncomingMessage.onevent (../m22-part3-route-writer/node_modules/ee-first/index.js:93:5)

  console.info
    {
      component: 'http',
      event: 'request_completed',
      requestId: '9046c369-ade7-42ad-bdd5-7dcc0536c5d6',
      methodClass: 'POST',
      durationMs: 4,
      statusCode: 403
    }

      at write (src/observability/safeLogger.js:178:17)

  console.info
    {
      component: 'http',
      event: 'request_completed',
      requestId: '53596fde-6c16-43fc-919b-b8ab4b03c5ee',
      methodClass: 'POST',
      durationMs: 3,
      statusCode: 403
    }

      at write (src/observability/safeLogger.js:178:17)

  console.info
    {
      component: 'http',
      event: 'request_completed',
      requestId: '652bbe78-d688-48e0-95fc-53914a2c2855',
      methodClass: 'POST',
      durationMs: 2,
      statusCode: 401
    }

      at write (src/observability/safeLogger.js:178:17)

  console.info
    {
      component: 'http',
      event: 'request_completed',
      requestId: 'a0961619-a5d1-4b99-87cd-e3dc7e6aa838',
      methodClass: 'POST',
      durationMs: 3,
      statusCode: 401
    }

      at write (src/observability/safeLogger.js:178:17)

  console.info
    {
      component: 'http',
      event: 'request_completed',
      requestId: 'c0717f81-94ee-40be-88fc-8d7fd06d94ac',
      methodClass: 'POST',
      durationMs: 5,
      statusCode: 409
    }

      at write (src/observability/safeLogger.js:178:17)

  console.info
    {
      component: 'http',
      event: 'request_completed',
      requestId: 'd316e9ed-490b-4ce7-b63c-bb25190fc86c',
      methodClass: 'POST',
      durationMs: 4,
      statusCode: 409
    }

      at write (src/observability/safeLogger.js:178:17)

  console.info
    {
      component: 'http',
      event: 'request_completed',
      requestId: 'c169c468-d9ff-472b-86bf-8a9ec7f57dd8',
      methodClass: 'POST',
      durationMs: 5,
      statusCode: 404
    }

      at write (src/observability/safeLogger.js:178:17)

  console.info
    {
      component: 'http',
      event: 'request_completed',
      requestId: '7ebe4875-a4fc-43d6-b096-8f2101e8e1b8',
      methodClass: 'POST',
      durationMs: 2,
      statusCode: 404
    }

      at write (src/observability/safeLogger.js:178:17)

  console.info
    {
      component: 'http',
      event: 'request_completed',
      requestId: '2fbd5cf7-8be0-42b4-ab5d-b8440e93250c',
      methodClass: 'POST',
      durationMs: 88,
      statusCode: 200
    }

      at write (src/observability/safeLogger.js:178:17)

  console.info
    {
      component: 'http',
      event: 'request_completed',
      requestId: '4650590f-2758-4871-871d-51d96ecf35a7',
      methodClass: 'POST',
      durationMs: 57,
      statusCode: 200
    }

      at write (src/observability/safeLogger.js:178:17)

  console.info
    {
      component: 'http',
      event: 'request_completed',
      requestId: '74c7848e-301d-4c0e-ad76-4d88995993c3',
      methodClass: 'POST',
      durationMs: 55,
      statusCode: 200
    }

      at write (src/observability/safeLogger.js:178:17)

  console.info
    {
      component: 'http',
      event: 'request_completed',
      requestId: '87c9a656-bd2e-4d29-a00e-73eaaae63a18',
      methodClass: 'POST',
      durationMs: 54,
      statusCode: 200
    }

      at write (src/observability/safeLogger.js:178:17)

  console.log
    [DB] Migration applied: 001_initial_schema.sql

      at log (src/db.js:1312:42)

  console.log
    [DB] Migration applied: 002_seed_data.sql

      at log (src/db.js:1312:42)

  console.log
    [DB] Migration applied: 003_voice_sessions.sql

      at log (src/db.js:1312:42)

  console.log
    [DB] Migration applied: 004_canonical_persistence_v2.sql

      at log (src/db.js:1312:42)

  console.log
    [DB] Migration applied: 005_canonical_organization_authority.sql

      at log (src/db.js:1312:42)

  console.log
    [DB] Migration applied: 006_canonical_voice_sessions.sql

      at log (src/db.js:1312:42)

  console.log
    [DB] Migration applied: 007_canonical_tax_authority.sql

      at log (src/db.js:1312:42)

  console.log
    [DB] Migration applied: 008_canonical_demo_authority.sql

      at log (src/db.js:1312:42)

  console.log
    [DB] Migration applied: 009_canonical_voice_provider_identity.sql

      at log (src/db.js:1312:42)

  console.log
    [DB] Migration applied: 010_account_session_authority.sql

      at log (src/db.js:1312:42)

  console.log
    [DB] Migration applied: 011_oauth_authorization_states.sql

      at log (src/db.js:1312:42)

  console.log
    [DB] Migration applied: 012_account_verification_trial.sql

      at log (src/db.js:1312:42)

  console.log
    [DB] Migration applied: 015_workforce_authority.sql

      at log (src/db.js:1312:42)

  console.log
    [DB] Migration applied: 016_tenant_asset_catalogue.sql

      at log (src/db.js:1312:42)

  console.log
    [DB] Migration applied: 017_retell_webhook_replay_authority.sql

      at log (src/db.js:1312:42)

  console.log
    [DB] Migration applied: 018_canonical_map_preferences.sql

      at log (src/db.js:1312:42)

  console.log
    [DB] Migration applied: 019_account_email_outbox.sql

      at log (src/db.js:1312:42)

  console.log
    [DB] Migration applied: 020_canonical_workforce_access_roles.sql

      at log (src/db.js:1312:42)

  console.log
    [DB] Migration applied: 021_bounded_api_observability.sql

      at log (src/db.js:1312:42)

  console.log
    [DB] Migration applied: 022_demo_command_center_sessions.sql

      at log (src/db.js:1312:42)

  console.log
    [DB] Migration applied: 023_homepage_demo_admission.sql

      at log (src/db.js:1312:42)

  console.log
    [DB] Migration applied: 024_homepage_verified_purge_receipt.sql

      at log (src/db.js:1312:42)

  console.log
    [DB] Migration applied: 025_provider_agnostic_knowledge_registry.sql

      at log (src/db.js:1312:42)

  console.log
    [DB] Migration applied: 026_canonical_knowledge_review_publication.sql

      at log (src/db.js:1312:42)

  console.log
    [DB] Migration applied: 027_canonical_knowledge_audit_graph_authority.sql

      at log (src/db.js:1312:42)

  console.log
    [DB] Migration applied: 028_canonical_knowledge_immutable_lifecycle.sql

      at log (src/db.js:1312:42)

  console.log
    [DB] Migration applied: 029_canonical_knowledge_transactional_sync.sql

      at log (src/db.js:1312:42)

  console.log
    [DB] Migration applied: 030_canonical_knowledge_sync_revocation.sql

      at log (src/db.js:1312:42)

  console.log
    [DB] Migration applied: 031_canonical_knowledge_sync_recovery_lifecycle.sql

      at log (src/db.js:1312:42)

  console.log
    [DB] Migration applied: 032_canonical_schedule_assignment_authority.sql

      at log (src/db.js:1312:42)

  console.log
    [DB] Migration applied: 033_canonical_schedule_time_evidence.sql

      at log (src/db.js:1312:42)

  console.log
    [DB] Migration applied: 034_schedule_availability_conflict_authority.sql

      at log (src/db.js:1312:42)

  console.log
    [DB] Migration applied: 035_schedule_human_preview_approval.sql

      at log (src/db.js:1312:42)

  console.log
    [DB] Migration applied: 001_initial_schema.sql

      at log (src/db.js:1312:42)

  console.log
    [DB] Migration applied: 002_seed_data.sql

      at log (src/db.js:1312:42)

  console.log
    [DB] Migration applied: 003_voice_sessions.sql

      at log (src/db.js:1312:42)

  console.log
    [DB] Migration applied: 004_canonical_persistence_v2.sql

      at log (src/db.js:1312:42)

  console.log
    [DB] Migration applied: 005_canonical_organization_authority.sql

      at log (src/db.js:1312:42)

  console.log
    [DB] Migration applied: 006_canonical_voice_sessions.sql

      at log (src/db.js:1312:42)

  console.log
    [DB] Migration applied: 007_canonical_tax_authority.sql

      at log (src/db.js:1312:42)

  console.log
    [DB] Migration applied: 008_canonical_demo_authority.sql

      at log (src/db.js:1312:42)

  console.log
    [DB] Migration applied: 009_canonical_voice_provider_identity.sql

      at log (src/db.js:1312:42)

  console.log
    [DB] Migration applied: 010_account_session_authority.sql

      at log (src/db.js:1312:42)

  console.log
    [DB] Migration applied: 011_oauth_authorization_states.sql

      at log (src/db.js:1312:42)

  console.log
    [DB] Migration applied: 012_account_verification_trial.sql

      at log (src/db.js:1312:42)

  console.log
    [DB] Migration applied: 015_workforce_authority.sql

      at log (src/db.js:1312:42)

  console.log
    [DB] Migration applied: 016_tenant_asset_catalogue.sql

      at log (src/db.js:1312:42)

  console.log
    [DB] Migration applied: 017_retell_webhook_replay_authority.sql

      at log (src/db.js:1312:42)

  console.log
    [DB] Migration applied: 018_canonical_map_preferences.sql

      at log (src/db.js:1312:42)

  console.log
    [DB] Migration applied: 019_account_email_outbox.sql

      at log (src/db.js:1312:42)

  console.log
    [DB] Migration applied: 020_canonical_workforce_access_roles.sql

      at log (src/db.js:1312:42)

  console.log
    [DB] Migration applied: 021_bounded_api_observability.sql

      at log (src/db.js:1312:42)

  console.log
    [DB] Migration applied: 022_demo_command_center_sessions.sql

      at log (src/db.js:1312:42)

  console.log
    [DB] Migration applied: 023_homepage_demo_admission.sql

      at log (src/db.js:1312:42)

  console.log
    [DB] Migration applied: 024_homepage_verified_purge_receipt.sql

      at log (src/db.js:1312:42)

  console.log
    [DB] Migration applied: 025_provider_agnostic_knowledge_registry.sql

      at log (src/db.js:1312:42)

  console.log
    [DB] Migration applied: 026_canonical_knowledge_review_publication.sql

      at log (src/db.js:1312:42)

  console.log
    [DB] Migration applied: 027_canonical_knowledge_audit_graph_authority.sql

      at log (src/db.js:1312:42)

  console.log
    [DB] Migration applied: 028_canonical_knowledge_immutable_lifecycle.sql

      at log (src/db.js:1312:42)

  console.log
    [DB] Migration applied: 029_canonical_knowledge_transactional_sync.sql

      at log (src/db.js:1312:42)

  console.log
    [DB] Migration applied: 030_canonical_knowledge_sync_revocation.sql

      at log (src/db.js:1312:42)

  console.log
    [DB] Migration applied: 031_canonical_knowledge_sync_recovery_lifecycle.sql

      at log (src/db.js:1312:42)

  console.log
    [DB] Migration applied: 032_canonical_schedule_assignment_authority.sql

      at log (src/db.js:1312:42)

  console.log
    [DB] Migration applied: 033_canonical_schedule_time_evidence.sql

      at log (src/db.js:1312:42)

  console.log
    [DB] Migration applied: 034_schedule_availability_conflict_authority.sql

      at log (src/db.js:1312:42)

  console.log
    [DB] Migration applied: 035_schedule_human_preview_approval.sql

      at log (src/db.js:1312:42)

  console.warn
    {
      component: 'email',
      event: 'outbox_delivery_failed',
      category: 'delivery_failed',
      attempt: 1
    }

      176 |     ...safeFields(fields),
      177 |   };
    > 178 |   console[level](record);
          |                 ^
      179 |   return record;
      180 | }
      181 |

      at write (src/observability/safeLogger.js:178:17)
      at Object.write [as warn] (src/observability/safeLogger.js:187:10)
      at AccountEmailOutboxWorker.warn [as deliver] (src/email/outbox.js:86:18)
      at AccountEmailOutboxWorker.drainOnce (src/email/outbox.js:124:22)
      at Object.<anonymous> (tests/api/account-lifecycle-b1-postgres.test.js:347:5)

  console.error
    [Auth] Request failed: { requestId: 'unavailable', event: 'verification_failed' }

      23 |     return failure(req, res, 503, 'account_authority_unavailable', 'Account service is temporarily unavailable');
      24 |   }
    > 25 |   console.error('[Auth] Request failed:', { requestId: requestId(req), event });
         |           ^
      26 |   return failure(req, res, 500, 'auth_request_failed', 'Authentication request failed');
      27 | }
      28 |

      at error (src/routes/auth.js:25:11)
      at handleError (src/routes/auth.js:117:14)

  console.error
    [Auth] Request failed: { requestId: 'unavailable', event: 'password_reset_failed' }

      23 |     return failure(req, res, 503, 'account_authority_unavailable', 'Account service is temporarily unavailable');
      24 |   }
    > 25 |   console.error('[Auth] Request failed:', { requestId: requestId(req), event });
         |           ^
      26 |   return failure(req, res, 500, 'auth_request_failed', 'Authentication request failed');
      27 | }
      28 |

      at error (src/routes/auth.js:25:11)
      at handleError (src/routes/auth.js:170:14)

  console.log
    [DB] Migration applied: 001_initial_schema.sql

      at log (src/db.js:1312:42)

  console.log
    [DB] Migration applied: 002_seed_data.sql

      at log (src/db.js:1312:42)

  console.log
    [DB] Migration applied: 003_voice_sessions.sql

      at log (src/db.js:1312:42)

  console.log
    [DB] Migration applied: 004_canonical_persistence_v2.sql

      at log (src/db.js:1312:42)

  console.log
    [DB] Migration applied: 005_canonical_organization_authority.sql

      at log (src/db.js:1312:42)

  console.log
    [DB] Migration applied: 006_canonical_voice_sessions.sql

      at log (src/db.js:1312:42)

  console.log
    [DB] Migration applied: 007_canonical_tax_authority.sql

      at log (src/db.js:1312:42)

  console.log
    [DB] Migration applied: 008_canonical_demo_authority.sql

      at log (src/db.js:1312:42)

  console.log
    [DB] Migration applied: 009_canonical_voice_provider_identity.sql

      at log (src/db.js:1312:42)

  console.log
    [DB] Migration applied: 010_account_session_authority.sql

      at log (src/db.js:1312:42)

  console.log
    [DB] Migration applied: 011_oauth_authorization_states.sql

      at log (src/db.js:1312:42)

  console.log
    [DB] Migration applied: 012_account_verification_trial.sql

      at log (src/db.js:1312:42)

  console.log
    [DB] Migration applied: 015_workforce_authority.sql

      at log (src/db.js:1312:42)

  console.log
    [DB] Migration applied: 016_tenant_asset_catalogue.sql

      at log (src/db.js:1312:42)

  console.log
    [DB] Migration applied: 017_retell_webhook_replay_authority.sql

      at log (src/db.js:1312:42)

  console.log
    [DB] Migration applied: 018_canonical_map_preferences.sql

      at log (src/db.js:1312:42)

  console.log
    [DB] Migration applied: 019_account_email_outbox.sql

      at log (src/db.js:1312:42)

  console.log
    [DB] Migration applied: 020_canonical_workforce_access_roles.sql

      at log (src/db.js:1312:42)

  console.log
    [DB] Migration applied: 021_bounded_api_observability.sql

      at log (src/db.js:1312:42)

  console.log
    [DB] Migration applied: 022_demo_command_center_sessions.sql

      at log (src/db.js:1312:42)

  console.log
    [DB] Migration applied: 023_homepage_demo_admission.sql

      at log (src/db.js:1312:42)

  console.log
    [DB] Migration applied: 024_homepage_verified_purge_receipt.sql

      at log (src/db.js:1312:42)

  console.log
    [DB] Migration applied: 025_provider_agnostic_knowledge_registry.sql

      at log (src/db.js:1312:42)

  console.log
    [DB] Migration applied: 026_canonical_knowledge_review_publication.sql

      at log (src/db.js:1312:42)

  console.log
    [DB] Migration applied: 027_canonical_knowledge_audit_graph_authority.sql

      at log (src/db.js:1312:42)

  console.log
    [DB] Migration applied: 028_canonical_knowledge_immutable_lifecycle.sql

      at log (src/db.js:1312:42)

  console.log
    [DB] Migration applied: 029_canonical_knowledge_transactional_sync.sql

      at log (src/db.js:1312:42)

  console.log
    [DB] Migration applied: 030_canonical_knowledge_sync_revocation.sql

      at log (src/db.js:1312:42)

  console.log
    [DB] Migration applied: 031_canonical_knowledge_sync_recovery_lifecycle.sql

      at log (src/db.js:1312:42)

  console.log
    [DB] Migration applied: 032_canonical_schedule_assignment_authority.sql

      at log (src/db.js:1312:42)

  console.log
    [DB] Migration applied: 033_canonical_schedule_time_evidence.sql

      at log (src/db.js:1312:42)

  console.log
    [DB] Migration applied: 034_schedule_availability_conflict_authority.sql

      at log (src/db.js:1312:42)

  console.log
    [DB] Migration applied: 035_schedule_human_preview_approval.sql

      at log (src/db.js:1312:42)

  console.error
    [Auth] Request failed: {
      requestId: 'signup-ratification-7642546d-0de9-431b-941c-42ac83756d27',
      event: 'signup_failed'
    }

      23 |     return failure(req, res, 503, 'account_authority_unavailable', 'Account service is temporarily unavailable');
      24 |   }
    > 25 |   console.error('[Auth] Request failed:', { requestId: requestId(req), event });
         |           ^
      26 |   return failure(req, res, 500, 'auth_request_failed', 'Authentication request failed');
      27 | }
      28 |

      at error (src/routes/auth.js:25:11)
      at handleError (src/routes/auth.js:46:14)

  console.error
    [Auth] Request failed: {
      requestId: 'signup-ratification-92c693da-9945-4881-b4c8-41e5918b64ac',
      event: 'signup_failed'
    }

      23 |     return failure(req, res, 503, 'account_authority_unavailable', 'Account service is temporarily unavailable');
      24 |   }
    > 25 |   console.error('[Auth] Request failed:', { requestId: requestId(req), event });
         |           ^
      26 |   return failure(req, res, 500, 'auth_request_failed', 'Authentication request failed');
      27 | }
      28 |

      at error (src/routes/auth.js:25:11)
      at handleError (src/routes/auth.js:46:14)

  console.error
    [Auth] Request failed: {
      requestId: 'signup-ratification-74aac984-ff00-456c-bc69-ea8c59ceb10a',
      event: 'signup_failed'
    }

      23 |     return failure(req, res, 503, 'account_authority_unavailable', 'Account service is temporarily unavailable');
      24 |   }
    > 25 |   console.error('[Auth] Request failed:', { requestId: requestId(req), event });
         |           ^
      26 |   return failure(req, res, 500, 'auth_request_failed', 'Authentication request failed');
      27 | }
      28 |

      at error (src/routes/auth.js:25:11)
      at handleError (src/routes/auth.js:46:14)

  console.error
    [Auth] Request failed: {
      requestId: 'signup-ratification-1d51135a-602d-4e1f-8277-29449f4f2957',
      event: 'signup_failed'
    }

      23 |     return failure(req, res, 503, 'account_authority_unavailable', 'Account service is temporarily unavailable');
      24 |   }
    > 25 |   console.error('[Auth] Request failed:', { requestId: requestId(req), event });
         |           ^
      26 |   return failure(req, res, 500, 'auth_request_failed', 'Authentication request failed');
      27 | }
      28 |

      at error (src/routes/auth.js:25:11)
      at handleError (src/routes/auth.js:46:14)

  console.error
    [Auth] Request failed: {
      requestId: 'signup-ratification-45ede3f5-8074-4b9a-ad3b-71f07865fb8d',
      event: 'signup_failed'
    }

      23 |     return failure(req, res, 503, 'account_authority_unavailable', 'Account service is temporarily unavailable');
      24 |   }
    > 25 |   console.error('[Auth] Request failed:', { requestId: requestId(req), event });
         |           ^
      26 |   return failure(req, res, 500, 'auth_request_failed', 'Authentication request failed');
      27 | }
      28 |

      at error (src/routes/auth.js:25:11)
      at handleError (src/routes/auth.js:46:14)

  console.error
    [Auth] Request failed: {
      requestId: 'signup-ratification-d4b14bce-5529-4132-bfb8-aa5fad1a5ce4',
      event: 'signup_failed'
    }

      23 |     return failure(req, res, 503, 'account_authority_unavailable', 'Account service is temporarily unavailable');
      24 |   }
    > 25 |   console.error('[Auth] Request failed:', { requestId: requestId(req), event });
         |           ^
      26 |   return failure(req, res, 500, 'auth_request_failed', 'Authentication request failed');
      27 | }
      28 |

      at error (src/routes/auth.js:25:11)
      at handleError (src/routes/auth.js:46:14)

  console.error
    [Auth] Request failed: {
      requestId: 'signup-ratification-2d38373f-2d8c-4c9c-9729-2b0f6c85f8dd',
      event: 'signup_failed'
    }

      23 |     return failure(req, res, 503, 'account_authority_unavailable', 'Account service is temporarily unavailable');
      24 |   }
    > 25 |   console.error('[Auth] Request failed:', { requestId: requestId(req), event });
         |           ^
      26 |   return failure(req, res, 500, 'auth_request_failed', 'Authentication request failed');
      27 | }
      28 |

      at error (src/routes/auth.js:25:11)
      at handleError (src/routes/auth.js:46:14)

  console.error
    [Auth] Request failed: {
      requestId: 'signup-ratification-5d5d9e29-5392-4c85-aaa9-d6dac0c04ba9',
      event: 'signup_failed'
    }

      23 |     return failure(req, res, 503, 'account_authority_unavailable', 'Account service is temporarily unavailable');
      24 |   }
    > 25 |   console.error('[Auth] Request failed:', { requestId: requestId(req), event });
         |           ^
      26 |   return failure(req, res, 500, 'auth_request_failed', 'Authentication request failed');
      27 | }
      28 |

      at error (src/routes/auth.js:25:11)
      at handleError (src/routes/auth.js:46:14)

  console.error
    [Auth] Request failed: {
      requestId: 'signup-ratification-0ff11faa-ba93-4154-9df7-91c8b2b8b524',
      event: 'signup_failed'
    }

      23 |     return failure(req, res, 503, 'account_authority_unavailable', 'Account service is temporarily unavailable');
      24 |   }
    > 25 |   console.error('[Auth] Request failed:', { requestId: requestId(req), event });
         |           ^
      26 |   return failure(req, res, 500, 'auth_request_failed', 'Authentication request failed');
      27 | }
      28 |

      at error (src/routes/auth.js:25:11)
      at handleError (src/routes/auth.js:46:14)

  console.log
    [DB] Migration applied: 001_initial_schema.sql

      at Object.log [as runMigrations] (src/db.js:1312:42)

  console.log
    [DB] Migration applied: 002_seed_data.sql

      at Object.log [as runMigrations] (src/db.js:1312:42)

  console.log
    [DB] Migration applied: 003_voice_sessions.sql

      at Object.log [as runMigrations] (src/db.js:1312:42)

  console.log
    [DB] Migration applied: 004_canonical_persistence_v2.sql

      at Object.log [as runMigrations] (src/db.js:1312:42)

  console.log
    [DB] Migration applied: 005_canonical_organization_authority.sql

      at Object.log [as runMigrations] (src/db.js:1312:42)

  console.log
    [DB] Migration applied: 006_canonical_voice_sessions.sql

      at Object.log [as runMigrations] (src/db.js:1312:42)

  console.log
    [DB] Migration applied: 007_canonical_tax_authority.sql

      at Object.log [as runMigrations] (src/db.js:1312:42)

  console.log
    [DB] Migration applied: 008_canonical_demo_authority.sql

      at Object.log [as runMigrations] (src/db.js:1312:42)

  console.log
    [DB] Migration applied: 009_canonical_voice_provider_identity.sql

      at Object.log [as runMigrations] (src/db.js:1312:42)

  console.log
    [DB] Migration applied: 010_account_session_authority.sql

      at Object.log [as runMigrations] (src/db.js:1312:42)

  console.log
    [DB] Migration applied: 011_oauth_authorization_states.sql

      at Object.log [as runMigrations] (src/db.js:1312:42)

  console.log
    [DB] Migration applied: 012_account_verification_trial.sql

      at Object.log [as runMigrations] (src/db.js:1312:42)

  console.log
    [DB] Migration applied: 015_workforce_authority.sql

      at Object.log [as runMigrations] (src/db.js:1312:42)

  console.log
    [DB] Migration applied: 016_tenant_asset_catalogue.sql

      at Object.log [as runMigrations] (src/db.js:1312:42)

  console.log
    [DB] Migration applied: 017_retell_webhook_replay_authority.sql

      at Object.log [as runMigrations] (src/db.js:1312:42)

  console.log
    [DB] Migration applied: 018_canonical_map_preferences.sql

      at Object.log [as runMigrations] (src/db.js:1312:42)

  console.log
    [DB] Migration applied: 019_account_email_outbox.sql

      at Object.log [as runMigrations] (src/db.js:1312:42)

  console.log
    [DB] Migration applied: 020_canonical_workforce_access_roles.sql

      at Object.log [as runMigrations] (src/db.js:1312:42)

  console.log
    [DB] Migration applied: 021_bounded_api_observability.sql

      at Object.log [as runMigrations] (src/db.js:1312:42)

  console.log
    [DB] Migration applied: 022_demo_command_center_sessions.sql

      at Object.log [as runMigrations] (src/db.js:1312:42)

  console.log
    [DB] Migration applied: 023_homepage_demo_admission.sql

      at Object.log [as runMigrations] (src/db.js:1312:42)

  console.log
    [DB] Migration applied: 024_homepage_verified_purge_receipt.sql

      at Object.log [as runMigrations] (src/db.js:1312:42)

  console.log
    [DB] Migration applied: 025_provider_agnostic_knowledge_registry.sql

      at Object.log [as runMigrations] (src/db.js:1312:42)

  console.log
    [DB] Migration applied: 026_canonical_knowledge_review_publication.sql

      at Object.log [as runMigrations] (src/db.js:1312:42)

  console.log
    [DB] Migration applied: 027_canonical_knowledge_audit_graph_authority.sql

      at Object.log [as runMigrations] (src/db.js:1312:42)

  console.log
    [DB] Migration applied: 001_initial_schema.sql

      at Object.log [as runMigrations] (src/db.js:1312:42)

  console.log
    [DB] Migration applied: 002_seed_data.sql

      at Object.log [as runMigrations] (src/db.js:1312:42)

  console.log
    [DB] Migration applied: 003_voice_sessions.sql

      at Object.log [as runMigrations] (src/db.js:1312:42)

  console.log
    [DB] Migration applied: 004_canonical_persistence_v2.sql

      at Object.log [as runMigrations] (src/db.js:1312:42)

  console.log
    [DB] Migration applied: 005_canonical_organization_authority.sql

      at Object.log [as runMigrations] (src/db.js:1312:42)

  console.log
    [DB] Migration applied: 006_canonical_voice_sessions.sql

      at Object.log [as runMigrations] (src/db.js:1312:42)

  console.log
    [DB] Migration applied: 007_canonical_tax_authority.sql

      at Object.log [as runMigrations] (src/db.js:1312:42)

  console.log
    [DB] Migration applied: 008_canonical_demo_authority.sql

      at Object.log [as runMigrations] (src/db.js:1312:42)

  console.log
    [DB] Migration applied: 009_canonical_voice_provider_identity.sql

      at Object.log [as runMigrations] (src/db.js:1312:42)

  console.log
    [DB] Migration applied: 010_account_session_authority.sql

      at Object.log [as runMigrations] (src/db.js:1312:42)

  console.log
    [DB] Migration applied: 011_oauth_authorization_states.sql

      at Object.log [as runMigrations] (src/db.js:1312:42)

  console.log
    [DB] Migration applied: 012_account_verification_trial.sql

      at Object.log [as runMigrations] (src/db.js:1312:42)

  console.log
    [DB] Migration applied: 015_workforce_authority.sql

      at Object.log [as runMigrations] (src/db.js:1312:42)

  console.log
    [DB] Migration applied: 016_tenant_asset_catalogue.sql

      at Object.log [as runMigrations] (src/db.js:1312:42)

  console.log
    [DB] Migration applied: 017_retell_webhook_replay_authority.sql

      at Object.log [as runMigrations] (src/db.js:1312:42)

  console.log
    [DB] Migration applied: 018_canonical_map_preferences.sql

      at Object.log [as runMigrations] (src/db.js:1312:42)

  console.log
    [DB] Migration applied: 019_account_email_outbox.sql

      at Object.log [as runMigrations] (src/db.js:1312:42)

  console.log
    [DB] Migration applied: 020_canonical_workforce_access_roles.sql

      at Object.log [as runMigrations] (src/db.js:1312:42)

  console.log
    [DB] Migration applied: 021_bounded_api_observability.sql

      at Object.log [as runMigrations] (src/db.js:1312:42)

  console.log
    [DB] Migration applied: 022_demo_command_center_sessions.sql

      at Object.log [as runMigrations] (src/db.js:1312:42)

  console.log
    [DB] Migration applied: 023_homepage_demo_admission.sql

      at Object.log [as runMigrations] (src/db.js:1312:42)

  console.log
    [DB] Migration applied: 024_homepage_verified_purge_receipt.sql

      at Object.log [as runMigrations] (src/db.js:1312:42)

  console.log
    [DB] Migration applied: 025_provider_agnostic_knowledge_registry.sql

      at Object.log [as runMigrations] (src/db.js:1312:42)

  console.log
    [DB] Migration applied: 026_canonical_knowledge_review_publication.sql

      at Object.log [as runMigrations] (src/db.js:1312:42)

  console.log
    [DB] Migration applied: 027_canonical_knowledge_audit_graph_authority.sql

      at Object.log [as runMigrations] (src/db.js:1312:42)

  console.log
    [DB] Migration applied: 001_initial_schema.sql

      at Object.log [as runMigrations] (src/db.js:1312:42)

  console.log
    [DB] Migration applied: 002_seed_data.sql

      at Object.log [as runMigrations] (src/db.js:1312:42)

  console.log
    [DB] Migration applied: 003_voice_sessions.sql

      at Object.log [as runMigrations] (src/db.js:1312:42)

  console.log
    [DB] Migration applied: 004_canonical_persistence_v2.sql

      at Object.log [as runMigrations] (src/db.js:1312:42)

  console.log
    [DB] Migration applied: 005_canonical_organization_authority.sql

      at Object.log [as runMigrations] (src/db.js:1312:42)

  console.log
    [DB] Migration applied: 006_canonical_voice_sessions.sql

      at Object.log [as runMigrations] (src/db.js:1312:42)

  console.log
    [DB] Migration applied: 007_canonical_tax_authority.sql

      at Object.log [as runMigrations] (src/db.js:1312:42)

  console.log
    [DB] Migration applied: 008_canonical_demo_authority.sql

      at Object.log [as runMigrations] (src/db.js:1312:42)

  console.log
    [DB] Migration applied: 009_canonical_voice_provider_identity.sql

      at Object.log [as runMigrations] (src/db.js:1312:42)

  console.log
    [DB] Migration applied: 010_account_session_authority.sql

      at Object.log [as runMigrations] (src/db.js:1312:42)

  console.log
    [DB] Migration applied: 011_oauth_authorization_states.sql

      at Object.log [as runMigrations] (src/db.js:1312:42)

  console.log
    [DB] Migration applied: 012_account_verification_trial.sql

      at Object.log [as runMigrations] (src/db.js:1312:42)

  console.log
    [DB] Migration applied: 015_workforce_authority.sql

      at Object.log [as runMigrations] (src/db.js:1312:42)

  console.log
    [DB] Migration applied: 016_tenant_asset_catalogue.sql

      at Object.log [as runMigrations] (src/db.js:1312:42)

  console.log
    [DB] Migration applied: 017_retell_webhook_replay_authority.sql

      at Object.log [as runMigrations] (src/db.js:1312:42)

  console.log
    [DB] Migration applied: 018_canonical_map_preferences.sql

      at Object.log [as runMigrations] (src/db.js:1312:42)

  console.log
    [DB] Migration applied: 019_account_email_outbox.sql

      at Object.log [as runMigrations] (src/db.js:1312:42)

  console.log
    [DB] Migration applied: 020_canonical_workforce_access_roles.sql

      at Object.log [as runMigrations] (src/db.js:1312:42)

  console.log
    [DB] Migration applied: 021_bounded_api_observability.sql

      at Object.log [as runMigrations] (src/db.js:1312:42)

  console.log
    [DB] Migration applied: 022_demo_command_center_sessions.sql

      at Object.log [as runMigrations] (src/db.js:1312:42)

  console.log
    [DB] Migration applied: 023_homepage_demo_admission.sql

      at Object.log [as runMigrations] (src/db.js:1312:42)

  console.log
    [DB] Migration applied: 024_homepage_verified_purge_receipt.sql

      at Object.log [as runMigrations] (src/db.js:1312:42)

  console.log
    [DB] Migration applied: 025_provider_agnostic_knowledge_registry.sql

      at Object.log [as runMigrations] (src/db.js:1312:42)

  console.log
    [DB] Migration applied: 026_canonical_knowledge_review_publication.sql

      at Object.log [as runMigrations] (src/db.js:1312:42)

  console.log
    [DB] Migration applied: 027_canonical_knowledge_audit_graph_authority.sql

      at Object.log [as runMigrations] (src/db.js:1312:42)

  console.log
    [DB] Migration applied: 001_initial_schema.sql

      at Object.log [as runMigrations] (src/db.js:1312:42)

  console.log
    [DB] Migration applied: 002_seed_data.sql

      at Object.log [as runMigrations] (src/db.js:1312:42)

  console.log
    [DB] Migration applied: 003_voice_sessions.sql

      at Object.log [as runMigrations] (src/db.js:1312:42)

  console.log
    [DB] Migration applied: 004_canonical_persistence_v2.sql

      at Object.log [as runMigrations] (src/db.js:1312:42)

  console.log
    [DB] Migration applied: 005_canonical_organization_authority.sql

      at Object.log [as runMigrations] (src/db.js:1312:42)

  console.log
    [DB] Migration applied: 006_canonical_voice_sessions.sql

      at Object.log [as runMigrations] (src/db.js:1312:42)

  console.log
    [DB] Migration applied: 007_canonical_tax_authority.sql

      at Object.log [as runMigrations] (src/db.js:1312:42)

  console.log
    [DB] Migration applied: 008_canonical_demo_authority.sql

      at Object.log [as runMigrations] (src/db.js:1312:42)

  console.log
    [DB] Migration applied: 009_canonical_voice_provider_identity.sql

      at Object.log [as runMigrations] (src/db.js:1312:42)

  console.log
    [DB] Migration applied: 010_account_session_authority.sql

      at Object.log [as runMigrations] (src/db.js:1312:42)

  console.log
    [DB] Migration applied: 011_oauth_authorization_states.sql

      at Object.log [as runMigrations] (src/db.js:1312:42)

  console.log
    [DB] Migration applied: 012_account_verification_trial.sql

      at Object.log [as runMigrations] (src/db.js:1312:42)

  console.log
    [DB] Migration applied: 015_workforce_authority.sql

      at Object.log [as runMigrations] (src/db.js:1312:42)

  console.log
    [DB] Migration applied: 016_tenant_asset_catalogue.sql

      at Object.log [as runMigrations] (src/db.js:1312:42)

  console.log
    [DB] Migration applied: 017_retell_webhook_replay_authority.sql

      at Object.log [as runMigrations] (src/db.js:1312:42)

  console.log
    [DB] Migration applied: 018_canonical_map_preferences.sql

      at Object.log [as runMigrations] (src/db.js:1312:42)

  console.log
    [DB] Migration applied: 019_account_email_outbox.sql

      at Object.log [as runMigrations] (src/db.js:1312:42)

  console.log
    [DB] Migration applied: 020_canonical_workforce_access_roles.sql

      at Object.log [as runMigrations] (src/db.js:1312:42)

  console.log
    [DB] Migration applied: 021_bounded_api_observability.sql

      at Object.log [as runMigrations] (src/db.js:1312:42)

  console.log
    [DB] Migration applied: 022_demo_command_center_sessions.sql

      at Object.log [as runMigrations] (src/db.js:1312:42)

  console.log
    [DB] Migration applied: 023_homepage_demo_admission.sql

      at Object.log [as runMigrations] (src/db.js:1312:42)

  console.log
    [DB] Migration applied: 024_homepage_verified_purge_receipt.sql

      at Object.log [as runMigrations] (src/db.js:1312:42)

  console.log
    [DB] Migration applied: 025_provider_agnostic_knowledge_registry.sql

      at Object.log [as runMigrations] (src/db.js:1312:42)

  console.log
    [DB] Migration applied: 026_canonical_knowledge_review_publication.sql

      at Object.log [as runMigrations] (src/db.js:1312:42)

  console.log
    [DB] Migration applied: 001_initial_schema.sql

      at Object.log [as runMigrations] (src/db.js:1312:42)

  console.log
    [DB] Migration applied: 002_seed_data.sql

      at Object.log [as runMigrations] (src/db.js:1312:42)

  console.log
    [DB] Migration applied: 003_voice_sessions.sql

      at Object.log [as runMigrations] (src/db.js:1312:42)

  console.log
    [DB] Migration applied: 004_canonical_persistence_v2.sql

      at Object.log [as runMigrations] (src/db.js:1312:42)

  console.log
    [DB] Migration applied: 005_canonical_organization_authority.sql

      at Object.log [as runMigrations] (src/db.js:1312:42)

  console.log
    [DB] Migration applied: 006_canonical_voice_sessions.sql

      at Object.log [as runMigrations] (src/db.js:1312:42)

  console.log
    [DB] Migration applied: 007_canonical_tax_authority.sql

      at Object.log [as runMigrations] (src/db.js:1312:42)

  console.log
    [DB] Migration applied: 008_canonical_demo_authority.sql

      at Object.log [as runMigrations] (src/db.js:1312:42)

  console.log
    [DB] Migration applied: 009_canonical_voice_provider_identity.sql

      at Object.log [as runMigrations] (src/db.js:1312:42)

  console.log
    [DB] Migration applied: 010_account_session_authority.sql

      at Object.log [as runMigrations] (src/db.js:1312:42)

  console.log
    [DB] Migration applied: 011_oauth_authorization_states.sql

      at Object.log [as runMigrations] (src/db.js:1312:42)

  console.log
    [DB] Migration applied: 012_account_verification_trial.sql

      at Object.log [as runMigrations] (src/db.js:1312:42)

  console.log
    [DB] Migration applied: 015_workforce_authority.sql

      at Object.log [as runMigrations] (src/db.js:1312:42)

  console.log
    [DB] Migration applied: 016_tenant_asset_catalogue.sql

      at Object.log [as runMigrations] (src/db.js:1312:42)

  console.log
    [DB] Migration applied: 017_retell_webhook_replay_authority.sql

      at Object.log [as runMigrations] (src/db.js:1312:42)

  console.log
    [DB] Migration applied: 018_canonical_map_preferences.sql

      at Object.log [as runMigrations] (src/db.js:1312:42)

  console.log
    [DB] Migration applied: 019_account_email_outbox.sql

      at Object.log [as runMigrations] (src/db.js:1312:42)

  console.log
    [DB] Migration applied: 020_canonical_workforce_access_roles.sql

      at Object.log [as runMigrations] (src/db.js:1312:42)

  console.log
    [DB] Migration applied: 021_bounded_api_observability.sql

      at Object.log [as runMigrations] (src/db.js:1312:42)

  console.log
    [DB] Migration applied: 022_demo_command_center_sessions.sql

      at Object.log [as runMigrations] (src/db.js:1312:42)

  console.log
    [DB] Migration applied: 023_homepage_demo_admission.sql

      at Object.log [as runMigrations] (src/db.js:1312:42)

  console.log
    [DB] Migration applied: 024_homepage_verified_purge_receipt.sql

      at Object.log [as runMigrations] (src/db.js:1312:42)

  console.log
    [DB] Migration applied: 025_provider_agnostic_knowledge_registry.sql

      at Object.log [as runMigrations] (src/db.js:1312:42)

  console.log
    [DB] Migration applied: 026_canonical_knowledge_review_publication.sql

      at Object.log [as runMigrations] (src/db.js:1312:42)

  console.log
    [DB] Migration applied: 001_initial_schema.sql

      at Object.log [as runMigrations] (src/db.js:1312:42)

  console.log
    [DB] Migration applied: 002_seed_data.sql

      at Object.log [as runMigrations] (src/db.js:1312:42)

  console.log
    [DB] Migration applied: 003_voice_sessions.sql

      at Object.log [as runMigrations] (src/db.js:1312:42)

  console.log
    [DB] Migration applied: 004_canonical_persistence_v2.sql

      at Object.log [as runMigrations] (src/db.js:1312:42)

  console.log
    [DB] Migration applied: 005_canonical_organization_authority.sql

      at Object.log [as runMigrations] (src/db.js:1312:42)

  console.log
    [DB] Migration applied: 006_canonical_voice_sessions.sql

      at Object.log [as runMigrations] (src/db.js:1312:42)

  console.log
    [DB] Migration applied: 007_canonical_tax_authority.sql

      at Object.log [as runMigrations] (src/db.js:1312:42)

  console.log
    [DB] Migration applied: 008_canonical_demo_authority.sql

      at Object.log [as runMigrations] (src/db.js:1312:42)

  console.log
    [DB] Migration applied: 009_canonical_voice_provider_identity.sql

      at Object.log [as runMigrations] (src/db.js:1312:42)

  console.log
    [DB] Migration applied: 010_account_session_authority.sql

      at Object.log [as runMigrations] (src/db.js:1312:42)

  console.log
    [DB] Migration applied: 011_oauth_authorization_states.sql

      at Object.log [as runMigrations] (src/db.js:1312:42)

  console.log
    [DB] Migration applied: 012_account_verification_trial.sql

      at Object.log [as runMigrations] (src/db.js:1312:42)

  console.log
    [DB] Migration applied: 015_workforce_authority.sql

      at Object.log [as runMigrations] (src/db.js:1312:42)

  console.log
    [DB] Migration applied: 016_tenant_asset_catalogue.sql

      at Object.log [as runMigrations] (src/db.js:1312:42)

  console.log
    [DB] Migration applied: 017_retell_webhook_replay_authority.sql

      at Object.log [as runMigrations] (src/db.js:1312:42)

  console.log
    [DB] Migration applied: 018_canonical_map_preferences.sql

      at Object.log [as runMigrations] (src/db.js:1312:42)

  console.log
    [DB] Migration applied: 019_account_email_outbox.sql

      at Object.log [as runMigrations] (src/db.js:1312:42)

  console.log
    [DB] Migration applied: 020_canonical_workforce_access_roles.sql

      at Object.log [as runMigrations] (src/db.js:1312:42)

  console.log
    [DB] Migration applied: 021_bounded_api_observability.sql

      at Object.log [as runMigrations] (src/db.js:1312:42)

  console.log
    [DB] Migration applied: 022_demo_command_center_sessions.sql

      at Object.log [as runMigrations] (src/db.js:1312:42)

  console.log
    [DB] Migration applied: 023_homepage_demo_admission.sql

      at Object.log [as runMigrations] (src/db.js:1312:42)

  console.log
    [DB] Migration applied: 024_homepage_verified_purge_receipt.sql

      at Object.log [as runMigrations] (src/db.js:1312:42)

  console.log
    [DB] Migration applied: 025_provider_agnostic_knowledge_registry.sql

      at Object.log [as runMigrations] (src/db.js:1312:42)

  console.log
    [DB] Migration applied: 026_canonical_knowledge_review_publication.sql

      at Object.log [as runMigrations] (src/db.js:1312:42)

  console.log
    [DB] Migration applied: 001_initial_schema.sql

      at Object.log [as runMigrations] (src/db.js:1312:42)

  console.log
    [DB] Migration applied: 002_seed_data.sql

      at Object.log [as runMigrations] (src/db.js:1312:42)

  console.log
    [DB] Migration applied: 003_voice_sessions.sql

      at Object.log [as runMigrations] (src/db.js:1312:42)

  console.log
    [DB] Migration applied: 004_canonical_persistence_v2.sql

      at Object.log [as runMigrations] (src/db.js:1312:42)

  console.log
    [DB] Migration applied: 005_canonical_organization_authority.sql

      at Object.log [as runMigrations] (src/db.js:1312:42)

  console.log
    [DB] Migration applied: 006_canonical_voice_sessions.sql

      at Object.log [as runMigrations] (src/db.js:1312:42)

  console.log
    [DB] Migration applied: 007_canonical_tax_authority.sql

      at Object.log [as runMigrations] (src/db.js:1312:42)

  console.log
    [DB] Migration applied: 008_canonical_demo_authority.sql

      at Object.log [as runMigrations] (src/db.js:1312:42)

  console.log
    [DB] Migration applied: 009_canonical_voice_provider_identity.sql

      at Object.log [as runMigrations] (src/db.js:1312:42)

  console.log
    [DB] Migration applied: 010_account_session_authority.sql

      at Object.log [as runMigrations] (src/db.js:1312:42)

  console.log
    [DB] Migration applied: 011_oauth_authorization_states.sql

      at Object.log [as runMigrations] (src/db.js:1312:42)

  console.log
    [DB] Migration applied: 012_account_verification_trial.sql

      at Object.log [as runMigrations] (src/db.js:1312:42)

  console.log
    [DB] Migration applied: 015_workforce_authority.sql

      at Object.log [as runMigrations] (src/db.js:1312:42)

  console.log
    [DB] Migration applied: 016_tenant_asset_catalogue.sql

      at Object.log [as runMigrations] (src/db.js:1312:42)

  console.log
    [DB] Migration applied: 017_retell_webhook_replay_authority.sql

      at Object.log [as runMigrations] (src/db.js:1312:42)

  console.log
    [DB] Migration applied: 018_canonical_map_preferences.sql

      at Object.log [as runMigrations] (src/db.js:1312:42)

  console.log
    [DB] Migration applied: 019_account_email_outbox.sql

      at Object.log [as runMigrations] (src/db.js:1312:42)

  console.log
    [DB] Migration applied: 020_canonical_workforce_access_roles.sql

      at Object.log [as runMigrations] (src/db.js:1312:42)

  console.log
    [DB] Migration applied: 021_bounded_api_observability.sql

      at Object.log [as runMigrations] (src/db.js:1312:42)

  console.log
    [DB] Migration applied: 022_demo_command_center_sessions.sql

      at Object.log [as runMigrations] (src/db.js:1312:42)

  console.log
    [DB] Migration applied: 023_homepage_demo_admission.sql

      at Object.log [as runMigrations] (src/db.js:1312:42)

  console.log
    [DB] Migration applied: 024_homepage_verified_purge_receipt.sql

      at Object.log [as runMigrations] (src/db.js:1312:42)

  console.log
    [DB] Migration applied: 025_provider_agnostic_knowledge_registry.sql

      at Object.log [as runMigrations] (src/db.js:1312:42)

  console.log
    [DB] Migration applied: 026_canonical_knowledge_review_publication.sql

      at Object.log [as runMigrations] (src/db.js:1312:42)

  console.log
    [DB] Migration applied: 027_canonical_knowledge_audit_graph_authority.sql

      at Object.log [as runMigrations] (src/db.js:1312:42)

  console.log
    [DB] Migration applied: 028_canonical_knowledge_immutable_lifecycle.sql

      at Object.log [as runMigrations] (src/db.js:1312:42)

  console.log
    [DB] Migration applied: 029_canonical_knowledge_transactional_sync.sql

      at Object.log [as runMigrations] (src/db.js:1312:42)

  console.log
    [DB] Migration applied: 030_canonical_knowledge_sync_revocation.sql

      at Object.log [as runMigrations] (src/db.js:1312:42)

  console.log
    [DB] Migration applied: 031_canonical_knowledge_sync_recovery_lifecycle.sql

      at Object.log [as runMigrations] (src/db.js:1312:42)

  console.log
    [DB] Migration applied: 032_canonical_schedule_assignment_authority.sql

      at Object.log [as runMigrations] (src/db.js:1312:42)

  console.log
    [DB] Migration applied: 033_canonical_schedule_time_evidence.sql

      at Object.log [as runMigrations] (src/db.js:1312:42)

  console.log
    [DB] Migration applied: 001_initial_schema.sql

      at Object.log [as runMigrations] (src/db.js:1312:42)

  console.log
    [DB] Migration applied: 002_seed_data.sql

      at Object.log [as runMigrations] (src/db.js:1312:42)

  console.log
    [DB] Migration applied: 003_voice_sessions.sql

      at Object.log [as runMigrations] (src/db.js:1312:42)

  console.log
    [DB] Migration applied: 004_canonical_persistence_v2.sql

      at Object.log [as runMigrations] (src/db.js:1312:42)

  console.log
    [DB] Migration applied: 005_canonical_organization_authority.sql

      at Object.log [as runMigrations] (src/db.js:1312:42)

  console.log
    [DB] Migration applied: 006_canonical_voice_sessions.sql

      at Object.log [as runMigrations] (src/db.js:1312:42)

  console.log
    [DB] Migration applied: 007_canonical_tax_authority.sql

      at Object.log [as runMigrations] (src/db.js:1312:42)

  console.log
    [DB] Migration applied: 008_canonical_demo_authority.sql

      at Object.log [as runMigrations] (src/db.js:1312:42)

  console.log
    [DB] Migration applied: 009_canonical_voice_provider_identity.sql

      at Object.log [as runMigrations] (src/db.js:1312:42)

  console.log
    [DB] Migration applied: 010_account_session_authority.sql

      at Object.log [as runMigrations] (src/db.js:1312:42)

  console.log
    [DB] Migration applied: 011_oauth_authorization_states.sql

      at Object.log [as runMigrations] (src/db.js:1312:42)

  console.log
    [DB] Migration applied: 012_account_verification_trial.sql

      at Object.log [as runMigrations] (src/db.js:1312:42)

  console.log
    [DB] Migration applied: 015_workforce_authority.sql

      at Object.log [as runMigrations] (src/db.js:1312:42)

  console.log
    [DB] Migration applied: 016_tenant_asset_catalogue.sql

      at Object.log [as runMigrations] (src/db.js:1312:42)

  console.log
    [DB] Migration applied: 017_retell_webhook_replay_authority.sql

      at Object.log [as runMigrations] (src/db.js:1312:42)

  console.log
    [DB] Migration applied: 018_canonical_map_preferences.sql

      at Object.log [as runMigrations] (src/db.js:1312:42)

  console.log
    [DB] Migration applied: 019_account_email_outbox.sql

      at Object.log [as runMigrations] (src/db.js:1312:42)

  console.log
    [DB] Migration applied: 020_canonical_workforce_access_roles.sql

      at Object.log [as runMigrations] (src/db.js:1312:42)

  console.log
    [DB] Migration applied: 021_bounded_api_observability.sql

      at Object.log [as runMigrations] (src/db.js:1312:42)

  console.log
    [DB] Migration applied: 022_demo_command_center_sessions.sql

      at Object.log [as runMigrations] (src/db.js:1312:42)

  console.log
    [DB] Migration applied: 023_homepage_demo_admission.sql

      at Object.log [as runMigrations] (src/db.js:1312:42)

  console.log
    [DB] Migration applied: 024_homepage_verified_purge_receipt.sql

      at Object.log [as runMigrations] (src/db.js:1312:42)

  console.log
    [DB] Migration applied: 025_provider_agnostic_knowledge_registry.sql

      at Object.log [as runMigrations] (src/db.js:1312:42)

  console.log
    [DB] Migration applied: 026_canonical_knowledge_review_publication.sql

      at Object.log [as runMigrations] (src/db.js:1312:42)

  console.log
    [DB] Migration applied: 027_canonical_knowledge_audit_graph_authority.sql

      at Object.log [as runMigrations] (src/db.js:1312:42)

  console.log
    [DB] Migration applied: 028_canonical_knowledge_immutable_lifecycle.sql

      at Object.log [as runMigrations] (src/db.js:1312:42)

  console.log
    [DB] Migration applied: 029_canonical_knowledge_transactional_sync.sql

      at Object.log [as runMigrations] (src/db.js:1312:42)

  console.log
    [DB] Migration applied: 030_canonical_knowledge_sync_revocation.sql

      at Object.log [as runMigrations] (src/db.js:1312:42)

  console.log
    [DB] Migration applied: 031_canonical_knowledge_sync_recovery_lifecycle.sql

      at Object.log [as runMigrations] (src/db.js:1312:42)

  console.log
    [DB] Migration applied: 032_canonical_schedule_assignment_authority.sql

      at Object.log [as runMigrations] (src/db.js:1312:42)

  console.log
    [DB] Migration applied: 033_canonical_schedule_time_evidence.sql

      at Object.log [as runMigrations] (src/db.js:1312:42)

  console.log
    [DB] Migration applied: 001_initial_schema.sql

      at Object.log [as runMigrations] (src/db.js:1312:42)

  console.log
    [DB] Migration applied: 002_seed_data.sql

      at Object.log [as runMigrations] (src/db.js:1312:42)

  console.log
    [DB] Migration applied: 003_voice_sessions.sql

      at Object.log [as runMigrations] (src/db.js:1312:42)

  console.log
    [DB] Migration applied: 004_canonical_persistence_v2.sql

      at Object.log [as runMigrations] (src/db.js:1312:42)

  console.log
    [DB] Migration applied: 005_canonical_organization_authority.sql

      at Object.log [as runMigrations] (src/db.js:1312:42)

  console.log
    [DB] Migration applied: 006_canonical_voice_sessions.sql

      at Object.log [as runMigrations] (src/db.js:1312:42)

  console.log
    [DB] Migration applied: 007_canonical_tax_authority.sql

      at Object.log [as runMigrations] (src/db.js:1312:42)

  console.log
    [DB] Migration applied: 008_canonical_demo_authority.sql

      at Object.log [as runMigrations] (src/db.js:1312:42)

  console.log
    [DB] Migration applied: 009_canonical_voice_provider_identity.sql

      at Object.log [as runMigrations] (src/db.js:1312:42)

  console.log
    [DB] Migration applied: 010_account_session_authority.sql

      at Object.log [as runMigrations] (src/db.js:1312:42)

  console.log
    [DB] Migration applied: 011_oauth_authorization_states.sql

      at Object.log [as runMigrations] (src/db.js:1312:42)

  console.log
    [DB] Migration applied: 012_account_verification_trial.sql

      at Object.log [as runMigrations] (src/db.js:1312:42)

  console.log
    [DB] Migration applied: 015_workforce_authority.sql

      at Object.log [as runMigrations] (src/db.js:1312:42)

  console.log
    [DB] Migration applied: 016_tenant_asset_catalogue.sql

      at Object.log [as runMigrations] (src/db.js:1312:42)

  console.log
    [DB] Migration applied: 017_retell_webhook_replay_authority.sql

      at Object.log [as runMigrations] (src/db.js:1312:42)

  console.log
    [DB] Migration applied: 018_canonical_map_preferences.sql

      at Object.log [as runMigrations] (src/db.js:1312:42)

  console.log
    [DB] Migration applied: 019_account_email_outbox.sql

      at Object.log [as runMigrations] (src/db.js:1312:42)

  console.log
    [DB] Migration applied: 020_canonical_workforce_access_roles.sql

      at Object.log [as runMigrations] (src/db.js:1312:42)

  console.log
    [DB] Migration applied: 021_bounded_api_observability.sql

      at Object.log [as runMigrations] (src/db.js:1312:42)

  console.log
    [DB] Migration applied: 022_demo_command_center_sessions.sql

      at Object.log [as runMigrations] (src/db.js:1312:42)

  console.log
    [DB] Migration applied: 023_homepage_demo_admission.sql

      at Object.log [as runMigrations] (src/db.js:1312:42)

  console.log
    [DB] Migration applied: 024_homepage_verified_purge_receipt.sql

      at Object.log [as runMigrations] (src/db.js:1312:42)

  console.log
    [DB] Migration applied: 025_provider_agnostic_knowledge_registry.sql

      at Object.log [as runMigrations] (src/db.js:1312:42)

  console.log
    [DB] Migration applied: 026_canonical_knowledge_review_publication.sql

      at Object.log [as runMigrations] (src/db.js:1312:42)

  console.log
    [DB] Migration applied: 027_canonical_knowledge_audit_graph_authority.sql

      at Object.log [as runMigrations] (src/db.js:1312:42)

  console.log
    [DB] Migration applied: 028_canonical_knowledge_immutable_lifecycle.sql

      at Object.log [as runMigrations] (src/db.js:1312:42)

  console.log
    [DB] Migration applied: 029_canonical_knowledge_transactional_sync.sql

      at Object.log [as runMigrations] (src/db.js:1312:42)

  console.log
    [DB] Migration applied: 030_canonical_knowledge_sync_revocation.sql

      at Object.log [as runMigrations] (src/db.js:1312:42)

  console.log
    [DB] Migration applied: 031_canonical_knowledge_sync_recovery_lifecycle.sql

      at Object.log [as runMigrations] (src/db.js:1312:42)

  console.log
    [DB] Migration applied: 032_canonical_schedule_assignment_authority.sql

      at Object.log [as runMigrations] (src/db.js:1312:42)

  console.log
    [DB] Migration applied: 033_canonical_schedule_time_evidence.sql

      at Object.log [as runMigrations] (src/db.js:1312:42)

  console.log
    [DB] Migration applied: 001_initial_schema.sql

      at log (src/db.js:1312:42)

  console.log
    [DB] Migration applied: 002_seed_data.sql

      at log (src/db.js:1312:42)

  console.log
    [DB] Migration applied: 003_voice_sessions.sql

      at log (src/db.js:1312:42)

  console.log
    [DB] Migration applied: 004_canonical_persistence_v2.sql

      at log (src/db.js:1312:42)

  console.log
    [DB] Migration applied: 005_canonical_organization_authority.sql

      at log (src/db.js:1312:42)

  console.log
    [DB] Migration applied: 006_canonical_voice_sessions.sql

      at log (src/db.js:1312:42)

  console.log
    [DB] Migration applied: 007_canonical_tax_authority.sql

      at log (src/db.js:1312:42)

  console.log
    [DB] Migration applied: 008_canonical_demo_authority.sql

      at log (src/db.js:1312:42)

  console.log
    [DB] Migration applied: 009_canonical_voice_provider_identity.sql

      at log (src/db.js:1312:42)

  console.log
    [DB] Migration applied: 010_account_session_authority.sql

      at log (src/db.js:1312:42)

  console.log
    [DB] Migration applied: 011_oauth_authorization_states.sql

      at log (src/db.js:1312:42)

  console.log
    [DB] Migration applied: 012_account_verification_trial.sql

      at log (src/db.js:1312:42)

  console.log
    [DB] Migration applied: 015_workforce_authority.sql

      at log (src/db.js:1312:42)

  console.log
    [DB] Migration applied: 016_tenant_asset_catalogue.sql

      at log (src/db.js:1312:42)

  console.log
    [DB] Migration applied: 017_retell_webhook_replay_authority.sql

      at log (src/db.js:1312:42)

  console.log
    [DB] Migration applied: 018_canonical_map_preferences.sql

      at log (src/db.js:1312:42)

  console.log
    [DB] Migration applied: 019_account_email_outbox.sql

      at log (src/db.js:1312:42)

  console.log
    [DB] Migration applied: 020_canonical_workforce_access_roles.sql

      at log (src/db.js:1312:42)

  console.log
    [DB] Migration applied: 021_bounded_api_observability.sql

      at log (src/db.js:1312:42)

  console.log
    [DB] Migration applied: 022_demo_command_center_sessions.sql

      at log (src/db.js:1312:42)

  console.log
    [DB] Migration applied: 023_homepage_demo_admission.sql

      at log (src/db.js:1312:42)

  console.log
    [DB] Migration applied: 024_homepage_verified_purge_receipt.sql

      at log (src/db.js:1312:42)

  console.log
    [DB] Migration applied: 025_provider_agnostic_knowledge_registry.sql

      at log (src/db.js:1312:42)

  console.log
    [DB] Migration applied: 026_canonical_knowledge_review_publication.sql

      at log (src/db.js:1312:42)

  console.log
    [DB] Migration applied: 027_canonical_knowledge_audit_graph_authority.sql

      at log (src/db.js:1312:42)

  console.log
    [DB] Migration applied: 028_canonical_knowledge_immutable_lifecycle.sql

      at log (src/db.js:1312:42)

  console.log
    [DB] Migration applied: 029_canonical_knowledge_transactional_sync.sql

      at log (src/db.js:1312:42)

  console.log
    [DB] Migration applied: 030_canonical_knowledge_sync_revocation.sql

      at log (src/db.js:1312:42)

  console.log
    [DB] Migration applied: 031_canonical_knowledge_sync_recovery_lifecycle.sql

      at log (src/db.js:1312:42)

  console.log
    [DB] Migration applied: 032_canonical_schedule_assignment_authority.sql

      at log (src/db.js:1312:42)

  console.log
    [DB] Migration applied: 033_canonical_schedule_time_evidence.sql

      at log (src/db.js:1312:42)

  console.log
    [DB] Migration applied: 034_schedule_availability_conflict_authority.sql

      at log (src/db.js:1312:42)

  console.log
    [DB] Migration applied: 035_schedule_human_preview_approval.sql

      at log (src/db.js:1312:42)

  console.info
    {
      component: 'http',
      event: 'request_completed',
      requestId: '52250cce-5bdf-42e0-92e7-12a2a301ff6d',
      methodClass: 'PUT',
      durationMs: 162,
      statusCode: 200
    }

      at write (src/observability/safeLogger.js:178:17)

  console.info
    {
      component: 'http',
      event: 'request_completed',
      requestId: 'f3f6027b-58f7-458a-834a-1e070c302172',
      methodClass: 'PUT',
      durationMs: 47,
      statusCode: 200
    }

      at write (src/observability/safeLogger.js:178:17)

  console.info
    {
      component: 'http',
      event: 'request_completed',
      requestId: '8900d263-691f-4be6-8ba9-79b167e9b236',
      methodClass: 'PUT',
      durationMs: 2,
      statusCode: 403
    }

      at write (src/observability/safeLogger.js:178:17)

  console.info
    {
      component: 'http',
      event: 'request_completed',
      requestId: 'b966d837-925d-4500-bb63-23ce6f61f807',
      methodClass: 'PUT',
      durationMs: 5,
      statusCode: 403
    }

      at write (src/observability/safeLogger.js:178:17)

  console.info
    {
      component: 'http',
      event: 'request_completed',
      requestId: '697a982b-1a86-4b9f-b504-f99aaeec5a1b',
      methodClass: 'PUT',
      durationMs: 123,
      statusCode: 200
    }

      at write (src/observability/safeLogger.js:178:17)

  console.info
    {
      component: 'http',
      event: 'request_completed',
      requestId: '48b83654-14e6-4e4a-9c5d-627c829e014b',
      methodClass: 'PUT',
      durationMs: 119,
      statusCode: 200
    }

      at write (src/observability/safeLogger.js:178:17)

  console.info
    {
      component: 'http',
      event: 'request_completed',
      requestId: '8fb09a10-119a-4c4f-a86b-7c80b05d0185',
      methodClass: 'PUT',
      durationMs: 47,
      statusCode: 200
    }

      at write (src/observability/safeLogger.js:178:17)

  console.info
    {
      component: 'http',
      event: 'request_completed',
      requestId: '9750ce3c-c89b-4649-ad8b-deed06fe6117',
      methodClass: 'PUT',
      durationMs: 5,
      statusCode: 409
    }

      at write (src/observability/safeLogger.js:178:17)

  console.info
    {
      component: 'http',
      event: 'request_completed',
      requestId: '7f6e9562-ba95-49d1-ba44-f2ee7c585c1e',
      methodClass: 'PUT',
      durationMs: 105,
      statusCode: 200
    }

      at write (src/observability/safeLogger.js:178:17)

  console.info
    {
      component: 'http',
      event: 'request_completed',
      requestId: '64ab4e39-208f-41cd-8444-a07988c90d5a',
      methodClass: 'PUT',
      durationMs: 111,
      statusCode: 200
    }

      at write (src/observability/safeLogger.js:178:17)

  console.info
    {
      component: 'http',
      event: 'request_completed',
      requestId: 'c96923ea-1a7b-453e-95ea-635e212ef71a',
      methodClass: 'PUT',
      durationMs: 6,
      statusCode: 200
    }

      at write (src/observability/safeLogger.js:178:17)

  console.info
    {
      component: 'http',
      event: 'request_completed',
      requestId: '9241a88d-ea9f-43d5-ae04-70144eb71b8f',
      methodClass: 'PUT',
      durationMs: 116,
      statusCode: 400
    }

      at write (src/observability/safeLogger.js:178:17)

  console.info
    {
      component: 'http',
      event: 'request_completed',
      requestId: '3780bc34-7495-4270-bdce-4cebf5ff9604',
      methodClass: 'PUT',
      durationMs: 110,
      statusCode: 200
    }

      at write (src/observability/safeLogger.js:178:17)

  console.info
    {
      component: 'http',
      event: 'request_completed',
      requestId: '8cce55e3-2927-46e3-8d0e-a478cb0c9416',
      methodClass: 'PUT',
      durationMs: 6,
      statusCode: 404
    }

      at write (src/observability/safeLogger.js:178:17)

  console.info
    {
      component: 'http',
      event: 'request_completed',
      requestId: '0ade8240-5ef9-4ed8-9b5f-60891d2e3248',
      methodClass: 'PUT',
      durationMs: 5,
      statusCode: 404
    }

      at write (src/observability/safeLogger.js:178:17)

  console.info
    {
      component: 'http',
      event: 'request_completed',
      requestId: 'd417ddf2-a23c-4e0b-bf24-0387f6753e81',
      methodClass: 'POST',
      durationMs: 7,
      statusCode: 404
    }

      at write (src/observability/safeLogger.js:178:17)

  console.info
    {
      component: 'http',
      event: 'request_completed',
      requestId: '06db5f38-8653-4637-b5fa-a75a5ddb89ad',
      methodClass: 'POST',
      durationMs: 7,
      statusCode: 404
    }

      at write (src/observability/safeLogger.js:178:17)

  console.info
    {
      component: 'http',
      event: 'request_completed',
      requestId: '68c3b081-0c02-440d-84d8-6a249a0935c6',
      methodClass: 'POST',
      durationMs: 9,
      statusCode: 200
    }

      at write (src/observability/safeLogger.js:178:17)

  console.info
    {
      component: 'http',
      event: 'request_completed',
      requestId: 'c82cbc81-4e9c-4547-8e4a-d90e469de8b1',
      methodClass: 'POST',
      durationMs: 8,
      statusCode: 200
    }

      at write (src/observability/safeLogger.js:178:17)

  console.info
    {
      component: 'http',
      event: 'request_completed',
      requestId: '0f128f7b-f8b6-4153-b516-96b5ffa0230c',
      methodClass: 'POST',
      durationMs: 20,
      statusCode: 200
    }

      at write (src/observability/safeLogger.js:178:17)

  console.info
    {
      component: 'http',
      event: 'request_completed',
      requestId: 'd3504573-5c86-4070-a39a-335eeab28698',
      methodClass: 'POST',
      durationMs: 18,
      statusCode: 200
    }

      at write (src/observability/safeLogger.js:178:17)

  console.info
    {
      component: 'http',
      event: 'request_completed',
      requestId: '8dee3d2e-26d6-4616-86a3-395bf4698950',
      methodClass: 'POST',
      durationMs: 3,
      statusCode: 400
    }

      at write (src/observability/safeLogger.js:178:17)

  console.info
    {
      component: 'http',
      event: 'request_completed',
      requestId: '6369facc-7b4b-419d-84b4-b8b49e619af2',
      methodClass: 'POST',
      durationMs: 19,
      statusCode: 200
    }

      at write (src/observability/safeLogger.js:178:17)

  console.info
    {
      component: 'http',
      event: 'request_completed',
      requestId: '86f9f1d5-8a4d-450f-9a2c-2c777ab04203',
      methodClass: 'POST',
      durationMs: 18,
      statusCode: 200
    }

      at write (src/observability/safeLogger.js:178:17)

  console.info
    {
      component: 'http',
      event: 'request_completed',
      requestId: '721f0f65-de82-4fc6-ada3-dcf86703adca',
      methodClass: 'POST',
      durationMs: 25,
      statusCode: 200
    }

      at write (src/observability/safeLogger.js:178:17)

  console.info
    {
      component: 'http',
      event: 'request_completed',
      requestId: '39387c8c-cef1-4965-bbbe-3403e265d029',
      methodClass: 'POST',
      durationMs: 25,
      statusCode: 200
    }

      at write (src/observability/safeLogger.js:178:17)

  console.info
    {
      component: 'http',
      event: 'request_completed',
      requestId: 'a0e8d059-f18e-4d23-9361-d960173c58ea',
      methodClass: 'PUT',
      durationMs: 166,
      statusCode: 200
    }

      at write (src/observability/safeLogger.js:178:17)

  console.info
    {
      component: 'http',
      event: 'request_completed',
      requestId: '38233495-1936-46c1-9017-52c13855a6d8',
      methodClass: 'POST',
      durationMs: 19,
      statusCode: 200
    }

      at write (src/observability/safeLogger.js:178:17)

  console.info
    {
      component: 'http',
      event: 'request_completed',
      requestId: '616d78c8-6efe-4945-9008-6300a7dd79b5',
      methodClass: 'POST',
      durationMs: 18,
      statusCode: 200
    }

      at write (src/observability/safeLogger.js:178:17)

  console.info
    {
      component: 'http',
      event: 'request_completed',
      requestId: '942938de-b18c-4b1a-bf6f-af58345a471f',
      methodClass: 'POST',
      durationMs: 18,
      statusCode: 200
    }

      at write (src/observability/safeLogger.js:178:17)

  console.info
    {
      component: 'http',
      event: 'request_completed',
      requestId: '68d925c6-174b-4c3e-be44-856520bce34a',
      methodClass: 'POST',
      durationMs: 18,
      statusCode: 200
    }

      at write (src/observability/safeLogger.js:178:17)

  console.info
    {
      component: 'http',
      event: 'request_completed',
      requestId: '06962f7a-2fe8-4903-b624-d2ccdef29c01',
      methodClass: 'POST',
      durationMs: 19,
      statusCode: 200
    }

      at write (src/observability/safeLogger.js:178:17)

  console.info
    {
      component: 'http',
      event: 'request_completed',
      requestId: 'a46d9f34-ba5c-4a26-bf3e-e45996fdb1fc',
      methodClass: 'POST',
      durationMs: 20,
      statusCode: 200
    }

      at write (src/observability/safeLogger.js:178:17)

  console.info
    {
      component: 'http',
      event: 'request_completed',
      requestId: '658b86cc-1f5c-40fd-bdfe-575210ff4d2a',
      methodClass: 'POST',
      durationMs: 18,
      statusCode: 200
    }

      at write (src/observability/safeLogger.js:178:17)

  console.info
    {
      component: 'http',
      event: 'request_completed',
      requestId: '615432d7-42bb-42d9-a050-d69fc4d40dde',
      methodClass: 'POST',
      durationMs: 20,
      statusCode: 200
    }

      at write (src/observability/safeLogger.js:178:17)

  console.info
    {
      component: 'http',
      event: 'request_completed',
      requestId: '73778a74-ef5f-42fb-ba01-44d582d1d219',
      methodClass: 'POST',
      durationMs: 19,
      statusCode: 200
    }

      at write (src/observability/safeLogger.js:178:17)

  console.info
    {
      component: 'http',
      event: 'request_completed',
      requestId: '80645908-a7e0-42aa-8d57-21df3c41c8ab',
      methodClass: 'POST',
      durationMs: 18,
      statusCode: 200
    }

      at write (src/observability/safeLogger.js:178:17)

  console.info
    {
      component: 'http',
      event: 'request_completed',
      requestId: 'e8cff34a-cc47-4598-8c1c-a5a1463dcdb4',
      methodClass: 'POST',
      durationMs: 19,
      statusCode: 200
    }

      at write (src/observability/safeLogger.js:178:17)

  console.info
    {
      component: 'http',
      event: 'request_completed',
      requestId: '4c7948da-02cf-4253-bfc1-b858176b8fec',
      methodClass: 'POST',
      durationMs: 18,
      statusCode: 200
    }

      at write (src/observability/safeLogger.js:178:17)

  console.info
    {
      component: 'http',
      event: 'request_completed',
      requestId: '0f4e5e39-b078-46db-af96-e1186bef7fb1',
      methodClass: 'POST',
      durationMs: 22,
      statusCode: 200
    }

      at write (src/observability/safeLogger.js:178:17)

  console.info
    {
      component: 'http',
      event: 'request_completed',
      requestId: 'ce84be14-a32b-49f5-8001-ab1fca311c69',
      methodClass: 'POST',
      durationMs: 23,
      statusCode: 200
    }

      at write (src/observability/safeLogger.js:178:17)

  console.info
    {
      component: 'http',
      event: 'request_completed',
      requestId: '759f57b4-b0c9-4e7f-b8d0-92d7fe46f420',
      methodClass: 'PUT',
      durationMs: 131,
      statusCode: 200
    }

      at write (src/observability/safeLogger.js:178:17)

  console.info
    {
      component: 'http',
      event: 'request_completed',
      requestId: '4462db0f-546a-4636-86e8-74adad37b376',
      methodClass: 'PUT',
      durationMs: 139,
      statusCode: 409
    }

      at write (src/observability/safeLogger.js:178:17)

  console.info
    {
      component: 'http',
      event: 'request_completed',
      requestId: '001e0359-7701-4e37-95af-5e23197aad17',
      methodClass: 'PUT',
      durationMs: 4,
      statusCode: 400
    }

      at write (src/observability/safeLogger.js:178:17)

  console.info
    {
      component: 'http',
      event: 'request_completed',
      requestId: 'c69cff8c-5f8a-41c5-a7d3-c89ab37a33dd',
      methodClass: 'POST',
      durationMs: 3,
      statusCode: 400
    }

      at write (src/observability/safeLogger.js:178:17)

  console.info
    {
      component: 'http',
      event: 'request_completed',
      requestId: 'dec618b3-3d09-49f7-8246-c8045320069a',
      methodClass: 'POST',
      durationMs: 2,
      statusCode: 401
    }

      at write (src/observability/safeLogger.js:178:17)

  console.info
    {
      component: 'http',
      event: 'request_completed',
      requestId: '296515a6-6313-4ac5-9170-707e38c2de09',
      methodClass: 'POST',
      durationMs: 3,
      statusCode: 403
    }

      at write (src/observability/safeLogger.js:178:17)

  console.info
    {
      component: 'http',
      event: 'request_completed',
      requestId: '8eedfcc6-052a-436d-b558-561e9d439230',
      methodClass: 'POST',
      durationMs: 5,
      statusCode: 403
    }

      at write (src/observability/safeLogger.js:178:17)

  console.info
    {
      component: 'http',
      event: 'request_completed',
      requestId: '2a16a624-071a-4e6e-98da-540dbf7fa99c',
      methodClass: 'POST',
      durationMs: 4,
      statusCode: 409
    }

      at write (src/observability/safeLogger.js:178:17)

  console.log
    [DB] Migration applied: 001_initial_schema.sql

      at Object.log [as runMigrations] (src/db.js:1312:42)

  console.log
    [DB] Migration applied: 002_seed_data.sql

      at Object.log [as runMigrations] (src/db.js:1312:42)

  console.log
    [DB] Migration applied: 003_voice_sessions.sql

      at Object.log [as runMigrations] (src/db.js:1312:42)

  console.log
    [DB] Migration applied: 004_canonical_persistence_v2.sql

      at Object.log [as runMigrations] (src/db.js:1312:42)

  console.log
    [DB] Migration applied: 005_canonical_organization_authority.sql

      at Object.log [as runMigrations] (src/db.js:1312:42)

  console.log
    [DB] Migration applied: 006_canonical_voice_sessions.sql

      at Object.log [as runMigrations] (src/db.js:1312:42)

  console.log
    [DB] Migration applied: 007_canonical_tax_authority.sql

      at Object.log [as runMigrations] (src/db.js:1312:42)

  console.log
    [DB] Migration applied: 008_canonical_demo_authority.sql

      at Object.log [as runMigrations] (src/db.js:1312:42)

  console.log
    [DB] Migration applied: 009_canonical_voice_provider_identity.sql

      at Object.log [as runMigrations] (src/db.js:1312:42)

  console.log
    [DB] Migration applied: 010_account_session_authority.sql

      at Object.log [as runMigrations] (src/db.js:1312:42)

  console.log
    [DB] Migration applied: 011_oauth_authorization_states.sql

      at Object.log [as runMigrations] (src/db.js:1312:42)

  console.log
    [DB] Migration applied: 012_account_verification_trial.sql

      at Object.log [as runMigrations] (src/db.js:1312:42)

  console.log
    [DB] Migration applied: 015_workforce_authority.sql

      at Object.log [as runMigrations] (src/db.js:1312:42)

  console.log
    [DB] Migration applied: 016_tenant_asset_catalogue.sql

      at Object.log [as runMigrations] (src/db.js:1312:42)

  console.log
    [DB] Migration applied: 017_retell_webhook_replay_authority.sql

      at Object.log [as runMigrations] (src/db.js:1312:42)

  console.log
    [DB] Migration applied: 018_canonical_map_preferences.sql

      at Object.log [as runMigrations] (src/db.js:1312:42)

  console.log
    [DB] Migration applied: 019_account_email_outbox.sql

      at Object.log [as runMigrations] (src/db.js:1312:42)

  console.log
    [DB] Migration applied: 020_canonical_workforce_access_roles.sql

      at Object.log [as runMigrations] (src/db.js:1312:42)

  console.log
    [DB] Migration applied: 021_bounded_api_observability.sql

      at Object.log [as runMigrations] (src/db.js:1312:42)

  console.log
    [DB] Migration applied: 022_demo_command_center_sessions.sql

      at Object.log [as runMigrations] (src/db.js:1312:42)

  console.log
    [DB] Migration applied: 023_homepage_demo_admission.sql

      at Object.log [as runMigrations] (src/db.js:1312:42)

  console.log
    [DB] Migration applied: 024_homepage_verified_purge_receipt.sql

      at Object.log [as runMigrations] (src/db.js:1312:42)

  console.log
    [DB] Migration applied: 025_provider_agnostic_knowledge_registry.sql

      at Object.log [as runMigrations] (src/db.js:1312:42)

  console.log
    [DB] Migration applied: 026_canonical_knowledge_review_publication.sql

      at Object.log [as runMigrations] (src/db.js:1312:42)

  console.log
    [DB] Migration applied: 027_canonical_knowledge_audit_graph_authority.sql

      at Object.log [as runMigrations] (src/db.js:1312:42)

  console.log
    [DB] Migration applied: 028_canonical_knowledge_immutable_lifecycle.sql

      at Object.log [as runMigrations] (src/db.js:1312:42)

  console.log
    [DB] Migration applied: 029_canonical_knowledge_transactional_sync.sql

      at Object.log [as runMigrations] (src/db.js:1312:42)

  console.log
    [DB] Migration applied: 030_canonical_knowledge_sync_revocation.sql

      at Object.log [as runMigrations] (src/db.js:1312:42)

  console.log
    [DB] Migration applied: 031_canonical_knowledge_sync_recovery_lifecycle.sql

      at Object.log [as runMigrations] (src/db.js:1312:42)

  console.log
    [DB] Migration applied: 032_canonical_schedule_assignment_authority.sql

      at Object.log [as runMigrations] (src/db.js:1312:42)

  console.log
    [DB] Migration applied: 033_canonical_schedule_time_evidence.sql

      at Object.log [as runMigrations] (src/db.js:1312:42)

  console.log
    [DB] Migration applied: 034_schedule_availability_conflict_authority.sql

      at Object.log [as runMigrations] (src/db.js:1312:42)

  console.log
    [DB] Migration applied: 035_schedule_human_preview_approval.sql

      at Object.log [as runMigrations] (src/db.js:1312:42)

  console.log
    [DB] Migration applied: 001_initial_schema.sql

      at log (src/db.js:1312:42)

  console.log
    [DB] Migration applied: 002_seed_data.sql

      at log (src/db.js:1312:42)

  console.log
    [DB] Migration applied: 003_voice_sessions.sql

      at log (src/db.js:1312:42)

  console.log
    [DB] Migration applied: 004_canonical_persistence_v2.sql

      at log (src/db.js:1312:42)

  console.log
    [DB] Migration applied: 005_canonical_organization_authority.sql

      at log (src/db.js:1312:42)

  console.log
    [DB] Migration applied: 006_canonical_voice_sessions.sql

      at log (src/db.js:1312:42)

  console.log
    [DB] Migration applied: 007_canonical_tax_authority.sql

      at log (src/db.js:1312:42)

  console.log
    [DB] Migration applied: 008_canonical_demo_authority.sql

      at log (src/db.js:1312:42)

  console.log
    [DB] Migration applied: 009_canonical_voice_provider_identity.sql

      at log (src/db.js:1312:42)

  console.log
    [DB] Migration applied: 010_account_session_authority.sql

      at log (src/db.js:1312:42)

  console.log
    [DB] Migration applied: 011_oauth_authorization_states.sql

      at log (src/db.js:1312:42)

  console.log
    [DB] Migration applied: 012_account_verification_trial.sql

      at log (src/db.js:1312:42)

  console.log
    [DB] Migration applied: 015_workforce_authority.sql

      at log (src/db.js:1312:42)

  console.log
    [DB] Migration applied: 016_tenant_asset_catalogue.sql

      at log (src/db.js:1312:42)

  console.log
    [DB] Migration applied: 017_retell_webhook_replay_authority.sql

      at log (src/db.js:1312:42)

  console.log
    [DB] Migration applied: 018_canonical_map_preferences.sql

      at log (src/db.js:1312:42)

  console.log
    [DB] Migration applied: 019_account_email_outbox.sql

      at log (src/db.js:1312:42)

  console.log
    [DB] Migration applied: 020_canonical_workforce_access_roles.sql

      at log (src/db.js:1312:42)

  console.log
    [DB] Migration applied: 021_bounded_api_observability.sql

      at log (src/db.js:1312:42)

  console.log
    [DB] Migration applied: 022_demo_command_center_sessions.sql

      at log (src/db.js:1312:42)

  console.log
    [DB] Migration applied: 023_homepage_demo_admission.sql

      at log (src/db.js:1312:42)

  console.log
    [DB] Migration applied: 024_homepage_verified_purge_receipt.sql

      at log (src/db.js:1312:42)

  console.log
    [DB] Migration applied: 025_provider_agnostic_knowledge_registry.sql

      at log (src/db.js:1312:42)

  console.log
    [DB] Migration applied: 026_canonical_knowledge_review_publication.sql

      at log (src/db.js:1312:42)

  console.log
    [DB] Migration applied: 027_canonical_knowledge_audit_graph_authority.sql

      at log (src/db.js:1312:42)

  console.log
    [DB] Migration applied: 028_canonical_knowledge_immutable_lifecycle.sql

      at log (src/db.js:1312:42)

  console.log
    [DB] Migration applied: 029_canonical_knowledge_transactional_sync.sql

      at log (src/db.js:1312:42)

  console.log
    [DB] Migration applied: 030_canonical_knowledge_sync_revocation.sql

      at log (src/db.js:1312:42)

  console.log
    [DB] Migration applied: 031_canonical_knowledge_sync_recovery_lifecycle.sql

      at log (src/db.js:1312:42)

  console.log
    [DB] Migration applied: 032_canonical_schedule_assignment_authority.sql

      at log (src/db.js:1312:42)

  console.log
    [DB] Migration applied: 033_canonical_schedule_time_evidence.sql

      at log (src/db.js:1312:42)

  console.log
    [DB] Migration applied: 034_schedule_availability_conflict_authority.sql

      at log (src/db.js:1312:42)

  console.log
    [DB] Migration applied: 035_schedule_human_preview_approval.sql

      at log (src/db.js:1312:42)

  console.log
    [DB] Migration applied: 001_initial_schema.sql

      at log (src/db.js:1312:42)

  console.log
    [DB] Migration applied: 002_seed_data.sql

      at log (src/db.js:1312:42)

  console.log
    [DB] Migration applied: 003_voice_sessions.sql

      at log (src/db.js:1312:42)

  console.log
    [DB] Migration applied: 004_canonical_persistence_v2.sql

      at log (src/db.js:1312:42)

  console.log
    [DB] Migration applied: 005_canonical_organization_authority.sql

      at log (src/db.js:1312:42)

  console.log
    [DB] Migration applied: 006_canonical_voice_sessions.sql

      at log (src/db.js:1312:42)

  console.log
    [DB] Migration applied: 007_canonical_tax_authority.sql

      at log (src/db.js:1312:42)

  console.log
    [DB] Migration applied: 008_canonical_demo_authority.sql

      at log (src/db.js:1312:42)

  console.log
    [DB] Migration applied: 009_canonical_voice_provider_identity.sql

      at log (src/db.js:1312:42)

  console.log
    [DB] Migration applied: 010_account_session_authority.sql

      at log (src/db.js:1312:42)

  console.log
    [DB] Migration applied: 011_oauth_authorization_states.sql

      at log (src/db.js:1312:42)

  console.log
    [DB] Migration applied: 012_account_verification_trial.sql

      at log (src/db.js:1312:42)

  console.log
    [DB] Migration applied: 015_workforce_authority.sql

      at log (src/db.js:1312:42)

  console.log
    [DB] Migration applied: 016_tenant_asset_catalogue.sql

      at log (src/db.js:1312:42)

  console.log
    [DB] Migration applied: 017_retell_webhook_replay_authority.sql

      at log (src/db.js:1312:42)

  console.log
    [DB] Migration applied: 018_canonical_map_preferences.sql

      at log (src/db.js:1312:42)

  console.log
    [DB] Migration applied: 019_account_email_outbox.sql

      at log (src/db.js:1312:42)

  console.log
    [DB] Migration applied: 020_canonical_workforce_access_roles.sql

      at log (src/db.js:1312:42)

  console.log
    [DB] Migration applied: 021_bounded_api_observability.sql

      at log (src/db.js:1312:42)

  console.log
    [DB] Migration applied: 022_demo_command_center_sessions.sql

      at log (src/db.js:1312:42)

  console.log
    [DB] Migration applied: 023_homepage_demo_admission.sql

      at log (src/db.js:1312:42)

  console.log
    [DB] Migration applied: 024_homepage_verified_purge_receipt.sql

      at log (src/db.js:1312:42)

  console.log
    [DB] Migration applied: 025_provider_agnostic_knowledge_registry.sql

      at log (src/db.js:1312:42)

  console.log
    [DB] Migration applied: 026_canonical_knowledge_review_publication.sql

      at log (src/db.js:1312:42)

  console.log
    [DB] Migration applied: 027_canonical_knowledge_audit_graph_authority.sql

      at log (src/db.js:1312:42)

  console.log
    [DB] Migration applied: 028_canonical_knowledge_immutable_lifecycle.sql

      at log (src/db.js:1312:42)

  console.log
    [DB] Migration applied: 029_canonical_knowledge_transactional_sync.sql

      at log (src/db.js:1312:42)

  console.log
    [DB] Migration applied: 030_canonical_knowledge_sync_revocation.sql

      at log (src/db.js:1312:42)

  console.log
    [DB] Migration applied: 031_canonical_knowledge_sync_recovery_lifecycle.sql

      at log (src/db.js:1312:42)

  console.log
    [DB] Migration applied: 032_canonical_schedule_assignment_authority.sql

      at log (src/db.js:1312:42)

  console.log
    [DB] Migration applied: 033_canonical_schedule_time_evidence.sql

      at log (src/db.js:1312:42)

  console.log
    [DB] Migration applied: 034_schedule_availability_conflict_authority.sql

      at log (src/db.js:1312:42)

  console.log
    [DB] Migration applied: 035_schedule_human_preview_approval.sql

      at log (src/db.js:1312:42)

  console.log
    [DB] Migration applied: 001_initial_schema.sql

      at Object.log [as runMigrations] (src/db.js:1312:42)

  console.log
    [DB] Migration applied: 002_seed_data.sql

      at Object.log [as runMigrations] (src/db.js:1312:42)

  console.log
    [DB] Migration applied: 003_voice_sessions.sql

      at Object.log [as runMigrations] (src/db.js:1312:42)

  console.log
    [DB] Migration applied: 004_canonical_persistence_v2.sql

      at Object.log [as runMigrations] (src/db.js:1312:42)

  console.log
    [DB] Migration applied: 005_canonical_organization_authority.sql

      at Object.log [as runMigrations] (src/db.js:1312:42)

  console.log
    [DB] Migration applied: 006_canonical_voice_sessions.sql

      at Object.log [as runMigrations] (src/db.js:1312:42)

  console.log
    [DB] Migration applied: 007_canonical_tax_authority.sql

      at Object.log [as runMigrations] (src/db.js:1312:42)

  console.log
    [DB] Migration applied: 008_canonical_demo_authority.sql

      at Object.log [as runMigrations] (src/db.js:1312:42)

  console.log
    [DB] Migration applied: 009_canonical_voice_provider_identity.sql

      at Object.log [as runMigrations] (src/db.js:1312:42)

  console.log
    [DB] Migration applied: 010_account_session_authority.sql

      at Object.log [as runMigrations] (src/db.js:1312:42)

  console.log
    [DB] Migration applied: 011_oauth_authorization_states.sql

      at Object.log [as runMigrations] (src/db.js:1312:42)

  console.log
    [DB] Migration applied: 012_account_verification_trial.sql

      at Object.log [as runMigrations] (src/db.js:1312:42)

  console.log
    [DB] Migration applied: 015_workforce_authority.sql

      at Object.log [as runMigrations] (src/db.js:1312:42)

  console.log
    [DB] Migration applied: 016_tenant_asset_catalogue.sql

      at Object.log [as runMigrations] (src/db.js:1312:42)

  console.log
    [DB] Migration applied: 017_retell_webhook_replay_authority.sql

      at Object.log [as runMigrations] (src/db.js:1312:42)

  console.log
    [DB] Migration applied: 018_canonical_map_preferences.sql

      at Object.log [as runMigrations] (src/db.js:1312:42)

  console.log
    [DB] Migration applied: 019_account_email_outbox.sql

      at Object.log [as runMigrations] (src/db.js:1312:42)

  console.log
    [DB] Migration applied: 020_canonical_workforce_access_roles.sql

      at Object.log [as runMigrations] (src/db.js:1312:42)

  console.log
    [DB] Migration applied: 022_demo_command_center_sessions.sql

      at Object.log [as runMigrations] (src/db.js:1312:42)

  console.log
    [DB] Migration applied: 023_homepage_demo_admission.sql

      at Object.log [as runMigrations] (src/db.js:1312:42)

  console.log
    [DB] Migration applied: 024_homepage_verified_purge_receipt.sql

      at Object.log [as runMigrations] (src/db.js:1312:42)

  console.log
    [DB] Migration applied: 025_provider_agnostic_knowledge_registry.sql

      at Object.log [as runMigrations] (src/db.js:1312:42)

  console.log
    [DB] Migration applied: 026_canonical_knowledge_review_publication.sql

      at Object.log [as runMigrations] (src/db.js:1312:42)

  console.log
    [DB] Migration applied: 027_canonical_knowledge_audit_graph_authority.sql

      at Object.log [as runMigrations] (src/db.js:1312:42)

  console.log
    [DB] Migration applied: 028_canonical_knowledge_immutable_lifecycle.sql

      at Object.log [as runMigrations] (src/db.js:1312:42)

  console.log
    [DB] Migration applied: 029_canonical_knowledge_transactional_sync.sql

      at Object.log [as runMigrations] (src/db.js:1312:42)

  console.log
    [DB] Migration applied: 030_canonical_knowledge_sync_revocation.sql

      at Object.log [as runMigrations] (src/db.js:1312:42)

  console.log
    [DB] Migration applied: 031_canonical_knowledge_sync_recovery_lifecycle.sql

      at Object.log [as runMigrations] (src/db.js:1312:42)

  console.log
    [DB] Migration applied: 032_canonical_schedule_assignment_authority.sql

      at Object.log [as runMigrations] (src/db.js:1312:42)

  console.log
    [DB] Migration applied: 033_canonical_schedule_time_evidence.sql

      at Object.log [as runMigrations] (src/db.js:1312:42)

  console.log
    [DB] Migration applied: 034_schedule_availability_conflict_authority.sql

      at Object.log [as runMigrations] (src/db.js:1312:42)

  console.log
    [DB] Migration applied: 035_schedule_human_preview_approval.sql

      at Object.log [as runMigrations] (src/db.js:1312:42)

  console.log
    [DB] Migration applied: 021_bounded_api_observability.sql

      at Object.log [as runMigrations] (src/db.js:1312:42)

  console.log
    [DB] Migration applied: 001_initial_schema.sql

      at log (src/db.js:1312:42)

  console.log
    [DB] Migration applied: 002_seed_data.sql

      at log (src/db.js:1312:42)

  console.log
    [DB] Migration applied: 003_voice_sessions.sql

      at log (src/db.js:1312:42)

  console.log
    [DB] Migration applied: 004_canonical_persistence_v2.sql

      at log (src/db.js:1312:42)

  console.log
    [DB] Migration applied: 005_canonical_organization_authority.sql

      at log (src/db.js:1312:42)

  console.log
    [DB] Migration applied: 006_canonical_voice_sessions.sql

      at log (src/db.js:1312:42)

  console.log
    [DB] Migration applied: 007_canonical_tax_authority.sql

      at log (src/db.js:1312:42)

  console.log
    [DB] Migration applied: 008_canonical_demo_authority.sql

      at log (src/db.js:1312:42)

  console.log
    [DB] Migration applied: 009_canonical_voice_provider_identity.sql

      at log (src/db.js:1312:42)

  console.log
    [DB] Migration applied: 010_account_session_authority.sql

      at log (src/db.js:1312:42)

  console.log
    [DB] Migration applied: 011_oauth_authorization_states.sql

      at log (src/db.js:1312:42)

  console.log
    [DB] Migration applied: 012_account_verification_trial.sql

      at log (src/db.js:1312:42)

  console.log
    [DB] Migration applied: 015_workforce_authority.sql

      at log (src/db.js:1312:42)

  console.log
    [DB] Migration applied: 016_tenant_asset_catalogue.sql

      at log (src/db.js:1312:42)

  console.log
    [DB] Migration applied: 017_retell_webhook_replay_authority.sql

      at log (src/db.js:1312:42)

  console.log
    [DB] Migration applied: 018_canonical_map_preferences.sql

      at log (src/db.js:1312:42)

  console.log
    [DB] Migration applied: 019_account_email_outbox.sql

      at log (src/db.js:1312:42)

  console.log
    [DB] Migration applied: 020_canonical_workforce_access_roles.sql

      at log (src/db.js:1312:42)

  console.log
    [DB] Migration applied: 021_bounded_api_observability.sql

      at log (src/db.js:1312:42)

  console.log
    [DB] Migration applied: 022_demo_command_center_sessions.sql

      at log (src/db.js:1312:42)

  console.log
    [DB] Migration applied: 023_homepage_demo_admission.sql

      at log (src/db.js:1312:42)

  console.log
    [DB] Migration applied: 024_homepage_verified_purge_receipt.sql

      at log (src/db.js:1312:42)

  console.log
    [DB] Migration applied: 025_provider_agnostic_knowledge_registry.sql

      at log (src/db.js:1312:42)

  console.log
    [DB] Migration applied: 026_canonical_knowledge_review_publication.sql

      at log (src/db.js:1312:42)

  console.log
    [DB] Migration applied: 027_canonical_knowledge_audit_graph_authority.sql

      at log (src/db.js:1312:42)

  console.log
    [DB] Migration applied: 028_canonical_knowledge_immutable_lifecycle.sql

      at log (src/db.js:1312:42)

  console.log
    [DB] Migration applied: 029_canonical_knowledge_transactional_sync.sql

      at log (src/db.js:1312:42)

  console.log
    [DB] Migration applied: 030_canonical_knowledge_sync_revocation.sql

      at log (src/db.js:1312:42)

  console.log
    [DB] Migration applied: 031_canonical_knowledge_sync_recovery_lifecycle.sql

      at log (src/db.js:1312:42)

  console.log
    [DB] Migration applied: 032_canonical_schedule_assignment_authority.sql

      at log (src/db.js:1312:42)

  console.log
    [DB] Migration applied: 033_canonical_schedule_time_evidence.sql

      at log (src/db.js:1312:42)

  console.log
    [DB] Migration applied: 034_schedule_availability_conflict_authority.sql

      at log (src/db.js:1312:42)

  console.log
    [DB] Migration applied: 035_schedule_human_preview_approval.sql

      at log (src/db.js:1312:42)

  console.warn
    [Auth] PostgreSQL account authority unavailable: {
      requestId: 'account-preferences-53b444ed-5190-4348-8182-af50ce21517f',
      event: 'logout_failed'
    }

      20 |   }
      21 |   if (error instanceof AccountPersistenceError || (error && error.name === 'AccountPersistenceError')) {
    > 22 |     console.warn('[Auth] PostgreSQL account authority unavailable:', { requestId: requestId(req), event });
         |             ^
      23 |     return failure(req, res, 503, 'account_authority_unavailable', 'Account service is temporarily unavailable');
      24 |   }
      25 |   console.error('[Auth] Request failed:', { requestId: requestId(req), event });

      at warn (src/routes/auth.js:22:13)
      at handleError (src/routes/auth.js:87:14)

  console.warn
    [Auth] PostgreSQL account authority unavailable: {
      requestId: 'account-preferences-582b1454-43e2-47d7-ae4d-32e0ff6f63aa',
      event: 'logout_failed'
    }

      20 |   }
      21 |   if (error instanceof AccountPersistenceError || (error && error.name === 'AccountPersistenceError')) {
    > 22 |     console.warn('[Auth] PostgreSQL account authority unavailable:', { requestId: requestId(req), event });
         |             ^
      23 |     return failure(req, res, 503, 'account_authority_unavailable', 'Account service is temporarily unavailable');
      24 |   }
      25 |   console.error('[Auth] Request failed:', { requestId: requestId(req), event });

      at warn (src/routes/auth.js:22:13)
      at handleError (src/routes/auth.js:87:14)

  console.log
    [DB] Migration applied: 001_initial_schema.sql

      at log (src/db.js:1312:42)

  console.log
    [DB] Migration applied: 002_seed_data.sql

      at log (src/db.js:1312:42)

  console.log
    [DB] Migration applied: 003_voice_sessions.sql

      at log (src/db.js:1312:42)

  console.log
    [DB] Migration applied: 004_canonical_persistence_v2.sql

      at log (src/db.js:1312:42)

  console.log
    [DB] Migration applied: 005_canonical_organization_authority.sql

      at log (src/db.js:1312:42)

  console.log
    [DB] Migration applied: 006_canonical_voice_sessions.sql

      at log (src/db.js:1312:42)

  console.log
    [DB] Migration applied: 007_canonical_tax_authority.sql

      at log (src/db.js:1312:42)

  console.log
    [DB] Migration applied: 008_canonical_demo_authority.sql

      at log (src/db.js:1312:42)

  console.log
    [DB] Migration applied: 009_canonical_voice_provider_identity.sql

      at log (src/db.js:1312:42)

  console.log
    [DB] Migration applied: 010_account_session_authority.sql

      at log (src/db.js:1312:42)

  console.log
    [DB] Migration applied: 011_oauth_authorization_states.sql

      at log (src/db.js:1312:42)

  console.log
    [DB] Migration applied: 012_account_verification_trial.sql

      at log (src/db.js:1312:42)

  console.log
    [DB] Migration applied: 015_workforce_authority.sql

      at log (src/db.js:1312:42)

  console.log
    [DB] Migration applied: 016_tenant_asset_catalogue.sql

      at log (src/db.js:1312:42)

  console.log
    [DB] Migration applied: 017_retell_webhook_replay_authority.sql

      at log (src/db.js:1312:42)

  console.log
    [DB] Migration applied: 018_canonical_map_preferences.sql

      at log (src/db.js:1312:42)

  console.log
    [DB] Migration applied: 019_account_email_outbox.sql

      at log (src/db.js:1312:42)

  console.log
    [DB] Migration applied: 020_canonical_workforce_access_roles.sql

      at log (src/db.js:1312:42)

  console.log
    [DB] Migration applied: 021_bounded_api_observability.sql

      at log (src/db.js:1312:42)

  console.log
    [DB] Migration applied: 022_demo_command_center_sessions.sql

      at log (src/db.js:1312:42)

  console.log
    [DB] Migration applied: 023_homepage_demo_admission.sql

      at log (src/db.js:1312:42)

  console.log
    [DB] Migration applied: 024_homepage_verified_purge_receipt.sql

      at log (src/db.js:1312:42)

  console.log
    [DB] Migration applied: 025_provider_agnostic_knowledge_registry.sql

      at log (src/db.js:1312:42)

  console.log
    [DB] Migration applied: 026_canonical_knowledge_review_publication.sql

      at log (src/db.js:1312:42)

  console.log
    [DB] Migration applied: 027_canonical_knowledge_audit_graph_authority.sql

      at log (src/db.js:1312:42)

  console.log
    [DB] Migration applied: 028_canonical_knowledge_immutable_lifecycle.sql

      at log (src/db.js:1312:42)

  console.log
    [DB] Migration applied: 029_canonical_knowledge_transactional_sync.sql

      at log (src/db.js:1312:42)

  console.log
    [DB] Migration applied: 030_canonical_knowledge_sync_revocation.sql

      at log (src/db.js:1312:42)

  console.log
    [DB] Migration applied: 031_canonical_knowledge_sync_recovery_lifecycle.sql

      at log (src/db.js:1312:42)

  console.log
    [DB] Migration applied: 032_canonical_schedule_assignment_authority.sql

      at log (src/db.js:1312:42)

  console.log
    [DB] Migration applied: 033_canonical_schedule_time_evidence.sql

      at log (src/db.js:1312:42)

  console.log
    [DB] Migration applied: 034_schedule_availability_conflict_authority.sql

      at log (src/db.js:1312:42)

  console.log
    [DB] Migration applied: 035_schedule_human_preview_approval.sql

      at log (src/db.js:1312:42)

  console.info
    {
      component: 'http',
      event: 'request_completed',
      requestId: '715e9d7b-3b85-4465-9b71-b990ded45828',
      methodClass: 'POST',
      durationMs: 168,
      statusCode: 201
    }

      at write (src/observability/safeLogger.js:178:17)

  console.info
    {
      component: 'http',
      event: 'request_completed',
      requestId: 'ba000bcf-0b6b-4e05-8108-43d5e331a725',
      methodClass: 'POST',
      durationMs: 245,
      statusCode: 200
    }

      at write (src/observability/safeLogger.js:178:17)

  console.info
    {
      component: 'http',
      event: 'request_completed',
      requestId: 'ee75067a-b29f-4fb5-91a7-ba1470e8f1c6',
      methodClass: 'POST',
      durationMs: 156,
      statusCode: 201
    }

      at write (src/observability/safeLogger.js:178:17)

  console.info
    {
      component: 'http',
      event: 'request_completed',
      requestId: 'fe5a1128-047c-4fdf-9854-bfb0935eb755',
      methodClass: 'POST',
      durationMs: 242,
      statusCode: 200
    }

      at write (src/observability/safeLogger.js:178:17)

  console.info
    {
      component: 'http',
      event: 'request_completed',
      requestId: '97f43442-c052-440a-9266-f38e9140a445',
      methodClass: 'POST',
      durationMs: 151,
      statusCode: 201
    }

      at write (src/observability/safeLogger.js:178:17)

  console.info
    {
      component: 'http',
      event: 'request_completed',
      requestId: '0e48230f-9715-4982-b3a0-d9f25d87457c',
      methodClass: 'POST',
      durationMs: 192,
      statusCode: 200
    }

      at write (src/observability/safeLogger.js:178:17)

  console.info
    {
      component: 'http',
      event: 'request_completed',
      requestId: '31d3f3a0-14dc-418a-a064-449304843e4d',
      methodClass: 'POST',
      durationMs: 158,
      statusCode: 201
    }

      at write (src/observability/safeLogger.js:178:17)

  console.info
    {
      component: 'http',
      event: 'request_completed',
      requestId: '08a3b9f4-7b08-403c-ad53-d9019c06d2ed',
      methodClass: 'POST',
      durationMs: 194,
      statusCode: 200
    }

      at write (src/observability/safeLogger.js:178:17)

  console.info
    {
      component: 'http',
      event: 'request_completed',
      requestId: '8a16311b-017f-45f4-9ec6-53026813d7aa',
      methodClass: 'POST',
      durationMs: 157,
      statusCode: 201
    }

      at write (src/observability/safeLogger.js:178:17)

  console.info
    {
      component: 'http',
      event: 'request_completed',
      requestId: '689baeca-9b24-4f91-8ed3-2bf9a77c4a8d',
      methodClass: 'POST',
      durationMs: 167,
      statusCode: 200
    }

      at write (src/observability/safeLogger.js:178:17)

  console.info
    {
      component: 'http',
      event: 'request_completed',
      requestId: '3bd22762-117d-4234-9c4d-906daa9c732f',
      methodClass: 'POST',
      durationMs: 156,
      statusCode: 201
    }

      at write (src/observability/safeLogger.js:178:17)

  console.info
    {
      component: 'http',
      event: 'request_completed',
      requestId: 'cb799322-c0e9-43fd-86e3-368420d00caa',
      methodClass: 'POST',
      durationMs: 194,
      statusCode: 200
    }

      at write (src/observability/safeLogger.js:178:17)

  console.info
    {
      component: 'http',
      event: 'request_completed',
      requestId: '6966eff3-71bf-458e-b08c-b4ccbb986609',
      methodClass: 'POST',
      durationMs: 163,
      statusCode: 201
    }

      at write (src/observability/safeLogger.js:178:17)

  console.info
    {
      component: 'http',
      event: 'request_completed',
      requestId: '7e77390b-7ac6-4aa2-ad3d-206df741d411',
      methodClass: 'POST',
      durationMs: 183,
      statusCode: 200
    }

      at write (src/observability/safeLogger.js:178:17)

  console.info
    {
      component: 'http',
      event: 'request_completed',
      requestId: 'd9b76cd9-1f9c-4c07-87c6-714ae50a8a9e',
      methodClass: 'GET',
      durationMs: 18,
      statusCode: 200
    }

      at write (src/observability/safeLogger.js:178:17)

  console.info
    {
      component: 'http',
      event: 'request_completed',
      requestId: 'b775aeb6-da9a-4848-a99c-ff574dd5d3d5',
      methodClass: 'GET',
      durationMs: 2,
      statusCode: 400
    }

      at write (src/observability/safeLogger.js:178:17)

  console.info
    {
      component: 'http',
      event: 'request_completed',
      requestId: '678ac051-f3ca-4902-8aba-8d9686d9ffc1',
      methodClass: 'POST',
      durationMs: 1,
      statusCode: 404
    }

      at write (src/observability/safeLogger.js:178:17)

  console.info
    {
      component: 'http',
      event: 'request_completed',
      requestId: '762c0ba0-77ca-471c-9801-cf638b14ed79',
      methodClass: 'GET',
      durationMs: 17,
      statusCode: 200
    }

      at write (src/observability/safeLogger.js:178:17)

  console.info
    {
      component: 'http',
      event: 'request_completed',
      requestId: '7d3ac504-3c78-4afa-a813-164ad8ef4d2c',
      methodClass: 'GET',
      durationMs: 17,
      statusCode: 200
    }

      at write (src/observability/safeLogger.js:178:17)

  console.info
    {
      component: 'http',
      event: 'request_completed',
      requestId: 'e54d7ab3-9deb-443c-84fb-338e20edb20d',
      methodClass: 'GET',
      durationMs: 17,
      statusCode: 200
    }

      at write (src/observability/safeLogger.js:178:17)

  console.info
    {
      component: 'http',
      event: 'request_completed',
      requestId: '89b58a31-ca55-495c-997a-35e1151b7397',
      methodClass: 'GET',
      durationMs: 2,
      statusCode: 401
    }

      at write (src/observability/safeLogger.js:178:17)

  console.info
    {
      component: 'http',
      event: 'request_completed',
      requestId: 'a7550e8d-6baa-41c1-ba28-d387ac0294c8',
      methodClass: 'GET',
      durationMs: 2,
      statusCode: 403
    }

      at write (src/observability/safeLogger.js:178:17)

  console.info
    {
      component: 'http',
      event: 'request_completed',
      requestId: 'b0f0efcd-f910-4a5e-8395-ef5b6834ccc9',
      methodClass: 'GET',
      durationMs: 2,
      statusCode: 403
    }

      at write (src/observability/safeLogger.js:178:17)

  console.info
    {
      component: 'http',
      event: 'request_completed',
      requestId: '582ec679-bcdc-470a-86ae-343388583269',
      methodClass: 'GET',
      durationMs: 17,
      statusCode: 200
    }

      at write (src/observability/safeLogger.js:178:17)

  console.log
    [DB] Migration applied: 001_initial_schema.sql

      at Object.log [as runMigrations] (src/db.js:1312:42)

  console.log
    [DB] Migration applied: 002_seed_data.sql

      at Object.log [as runMigrations] (src/db.js:1312:42)

  console.log
    [DB] Migration applied: 003_voice_sessions.sql

      at Object.log [as runMigrations] (src/db.js:1312:42)

  console.log
    [DB] Migration applied: 004_canonical_persistence_v2.sql

      at Object.log [as runMigrations] (src/db.js:1312:42)

  console.log
    [DB] Migration applied: 005_canonical_organization_authority.sql

      at Object.log [as runMigrations] (src/db.js:1312:42)

  console.log
    [DB] Migration applied: 006_canonical_voice_sessions.sql

      at Object.log [as runMigrations] (src/db.js:1312:42)

  console.log
    [DB] Migration applied: 007_canonical_tax_authority.sql

      at Object.log [as runMigrations] (src/db.js:1312:42)

  console.log
    [DB] Migration applied: 008_canonical_demo_authority.sql

      at Object.log [as runMigrations] (src/db.js:1312:42)

  console.log
    [DB] Migration applied: 009_canonical_voice_provider_identity.sql

      at Object.log [as runMigrations] (src/db.js:1312:42)

  console.log
    [DB] Migration applied: 010_account_session_authority.sql

      at Object.log [as runMigrations] (src/db.js:1312:42)

  console.log
    [DB] Migration applied: 011_oauth_authorization_states.sql

      at Object.log [as runMigrations] (src/db.js:1312:42)

  console.log
    [DB] Migration applied: 012_account_verification_trial.sql

      at Object.log [as runMigrations] (src/db.js:1312:42)

  console.log
    [DB] Migration applied: 015_workforce_authority.sql

      at Object.log [as runMigrations] (src/db.js:1312:42)

  console.log
    [DB] Migration applied: 016_tenant_asset_catalogue.sql

      at Object.log [as runMigrations] (src/db.js:1312:42)

  console.log
    [DB] Migration applied: 017_retell_webhook_replay_authority.sql

      at Object.log [as runMigrations] (src/db.js:1312:42)

  console.log
    [DB] Migration applied: 018_canonical_map_preferences.sql

      at Object.log [as runMigrations] (src/db.js:1312:42)

  console.log
    [DB] Migration applied: 019_account_email_outbox.sql

      at Object.log [as runMigrations] (src/db.js:1312:42)

  console.log
    [DB] Migration applied: 020_canonical_workforce_access_roles.sql

      at Object.log [as runMigrations] (src/db.js:1312:42)

  console.log
    [DB] Migration applied: 021_bounded_api_observability.sql

      at Object.log [as runMigrations] (src/db.js:1312:42)

  console.log
    [DB] Migration applied: 022_demo_command_center_sessions.sql

      at Object.log [as runMigrations] (src/db.js:1312:42)

  console.log
    [DB] Migration applied: 023_homepage_demo_admission.sql

      at Object.log [as runMigrations] (src/db.js:1312:42)

  console.log
    [DB] Migration applied: 024_homepage_verified_purge_receipt.sql

      at Object.log [as runMigrations] (src/db.js:1312:42)

  console.log
    [DB] Migration applied: 025_provider_agnostic_knowledge_registry.sql

      at Object.log [as runMigrations] (src/db.js:1312:42)

  console.log
    [DB] Migration applied: 026_canonical_knowledge_review_publication.sql

      at Object.log [as runMigrations] (src/db.js:1312:42)

  console.log
    [DB] Migration applied: 027_canonical_knowledge_audit_graph_authority.sql

      at Object.log [as runMigrations] (src/db.js:1312:42)

  console.log
    [DB] Migration applied: 028_canonical_knowledge_immutable_lifecycle.sql

      at Object.log [as runMigrations] (src/db.js:1312:42)

  console.log
    [DB] Migration applied: 029_canonical_knowledge_transactional_sync.sql

      at Object.log [as runMigrations] (src/db.js:1312:42)

  console.log
    [DB] Migration applied: 030_canonical_knowledge_sync_revocation.sql

      at Object.log [as runMigrations] (src/db.js:1312:42)

  console.log
    [DB] Migration applied: 031_canonical_knowledge_sync_recovery_lifecycle.sql

      at Object.log [as runMigrations] (src/db.js:1312:42)

  console.log
    [DB] Migration applied: 032_canonical_schedule_assignment_authority.sql

      at Object.log [as runMigrations] (src/db.js:1312:42)

  console.log
    [DB] Migration applied: 033_canonical_schedule_time_evidence.sql

      at Object.log [as runMigrations] (src/db.js:1312:42)

  console.log
    [DB] Migration applied: 034_schedule_availability_conflict_authority.sql

      at Object.log [as runMigrations] (src/db.js:1312:42)

  console.log
    [DB] Migration applied: 035_schedule_human_preview_approval.sql

      at Object.log [as runMigrations] (src/db.js:1312:42)

  console.log
    [DB] Migration applied: 001_initial_schema.sql

      at log (src/db.js:1312:42)

  console.log
    [DB] Migration applied: 002_seed_data.sql

      at log (src/db.js:1312:42)

  console.log
    [DB] Migration applied: 003_voice_sessions.sql

      at log (src/db.js:1312:42)

  console.log
    [DB] Migration applied: 004_canonical_persistence_v2.sql

      at log (src/db.js:1312:42)

  console.log
    [DB] Migration applied: 005_canonical_organization_authority.sql

      at log (src/db.js:1312:42)

  console.log
    [DB] Migration applied: 006_canonical_voice_sessions.sql

      at log (src/db.js:1312:42)

  console.log
    [DB] Migration applied: 007_canonical_tax_authority.sql

      at log (src/db.js:1312:42)

  console.log
    [DB] Migration applied: 008_canonical_demo_authority.sql

      at log (src/db.js:1312:42)

  console.log
    [DB] Migration applied: 009_canonical_voice_provider_identity.sql

      at log (src/db.js:1312:42)

  console.log
    [DB] Migration applied: 010_account_session_authority.sql

      at log (src/db.js:1312:42)

  console.log
    [DB] Migration applied: 011_oauth_authorization_states.sql

      at log (src/db.js:1312:42)

  console.log
    [DB] Migration applied: 012_account_verification_trial.sql

      at log (src/db.js:1312:42)

  console.log
    [DB] Migration applied: 015_workforce_authority.sql

      at log (src/db.js:1312:42)

  console.log
    [DB] Migration applied: 016_tenant_asset_catalogue.sql

      at log (src/db.js:1312:42)

  console.log
    [DB] Migration applied: 017_retell_webhook_replay_authority.sql

      at log (src/db.js:1312:42)

  console.log
    [DB] Migration applied: 018_canonical_map_preferences.sql

      at log (src/db.js:1312:42)

  console.log
    [DB] Migration applied: 019_account_email_outbox.sql

      at log (src/db.js:1312:42)

  console.log
    [DB] Migration applied: 020_canonical_workforce_access_roles.sql

      at log (src/db.js:1312:42)

  console.log
    [DB] Migration applied: 021_bounded_api_observability.sql

      at log (src/db.js:1312:42)

  console.log
    [DB] Migration applied: 022_demo_command_center_sessions.sql

      at log (src/db.js:1312:42)

  console.log
    [DB] Migration applied: 023_homepage_demo_admission.sql

      at log (src/db.js:1312:42)

  console.log
    [DB] Migration applied: 024_homepage_verified_purge_receipt.sql

      at log (src/db.js:1312:42)

  console.log
    [DB] Migration applied: 025_provider_agnostic_knowledge_registry.sql

      at log (src/db.js:1312:42)

  console.log
    [DB] Migration applied: 026_canonical_knowledge_review_publication.sql

      at log (src/db.js:1312:42)

  console.log
    [DB] Migration applied: 027_canonical_knowledge_audit_graph_authority.sql

      at log (src/db.js:1312:42)

  console.log
    [DB] Migration applied: 028_canonical_knowledge_immutable_lifecycle.sql

      at log (src/db.js:1312:42)

  console.log
    [DB] Migration applied: 029_canonical_knowledge_transactional_sync.sql

      at log (src/db.js:1312:42)

  console.log
    [DB] Migration applied: 030_canonical_knowledge_sync_revocation.sql

      at log (src/db.js:1312:42)

  console.log
    [DB] Migration applied: 031_canonical_knowledge_sync_recovery_lifecycle.sql

      at log (src/db.js:1312:42)

  console.log
    [DB] Migration applied: 032_canonical_schedule_assignment_authority.sql

      at log (src/db.js:1312:42)

  console.log
    [DB] Migration applied: 033_canonical_schedule_time_evidence.sql

      at log (src/db.js:1312:42)

  console.log
    [DB] Migration applied: 034_schedule_availability_conflict_authority.sql

      at log (src/db.js:1312:42)

  console.log
    [DB] Migration applied: 035_schedule_human_preview_approval.sql

      at log (src/db.js:1312:42)

  console.info
    {
      component: 'http',
      event: 'request_completed',
      requestId: '91b29262-4393-4b5a-9a99-97b185c56fca',
      methodClass: 'GET',
      durationMs: 137,
      statusCode: 200
    }

      at write (src/observability/safeLogger.js:178:17)

  console.info
    {
      component: 'http',
      event: 'request_completed',
      requestId: '72436878-8ae9-4a4f-8bcc-2c3f2ae34934',
      methodClass: 'GET',
      durationMs: 7,
      statusCode: 200
    }

      at write (src/observability/safeLogger.js:178:17)

  console.info
    {
      component: 'http',
      event: 'request_completed',
      requestId: 'adfab3f6-043f-4820-826f-90e91a419c7a',
      methodClass: 'GET',
      durationMs: 6,
      statusCode: 200
    }

      at write (src/observability/safeLogger.js:178:17)

  console.info
    {
      component: 'http',
      event: 'request_completed',
      requestId: 'ed302f70-de6f-48bb-a3cf-134070360bba',
      methodClass: 'GET',
      durationMs: 7,
      statusCode: 200
    }

      at write (src/observability/safeLogger.js:178:17)

  console.info
    {
      component: 'http',
      event: 'request_completed',
      requestId: 'ce0e217d-1565-499e-80db-1c8d4a12d464',
      methodClass: 'GET',
      durationMs: 4,
      statusCode: 200
    }

      at write (src/observability/safeLogger.js:178:17)

  console.info
    {
      component: 'http',
      event: 'request_completed',
      requestId: '79627531-9fc8-403a-adc4-1440cdc9544b',
      methodClass: 'GET',
      durationMs: 0,
      statusCode: 401
    }

      at write (src/observability/safeLogger.js:178:17)

  console.info
    {
      component: 'http',
      event: 'request_completed',
      requestId: 'd7b98cca-1031-411d-9d42-b0380198729d',
      methodClass: 'GET',
      durationMs: 0,
      statusCode: 401
    }

      at write (src/observability/safeLogger.js:178:17)

  console.info
    {
      component: 'http',
      event: 'request_completed',
      requestId: 'f59bf73b-312e-4437-a653-d0dda8dec02e',
      methodClass: 'POST',
      durationMs: 6,
      statusCode: 201
    }

      at write (src/observability/safeLogger.js:178:17)

  console.info
    {
      component: 'http',
      event: 'request_completed',
      requestId: 'a1dedbb7-229d-4719-9147-b6c773589551',
      methodClass: 'POST',
      durationMs: 4,
      statusCode: 403
    }

      at write (src/observability/safeLogger.js:178:17)

  console.info
    {
      component: 'http',
      event: 'request_completed',
      requestId: '89130a3d-acd0-4b1c-aebc-1da99ba94977',
      methodClass: 'POST',
      durationMs: 2,
      statusCode: 403
    }

      at write (src/observability/safeLogger.js:178:17)

  console.info
    {
      component: 'http',
      event: 'request_completed',
      requestId: '2a1cfbac-56ca-458d-abc9-6c7dd891a294',
      methodClass: 'POST',
      durationMs: 5,
      statusCode: 201
    }

      at write (src/observability/safeLogger.js:178:17)

  console.info
    {
      component: 'http',
      event: 'request_completed',
      requestId: '7376b8b9-75ca-424f-8219-bc82f0d23f7b',
      methodClass: 'POST',
      durationMs: 4,
      statusCode: 400
    }

      at write (src/observability/safeLogger.js:178:17)

  console.info
    {
      component: 'http',
      event: 'request_completed',
      requestId: '6a2fb80a-86a6-4a8e-934f-b67a0cc51d00',
      methodClass: 'POST',
      durationMs: 3,
      statusCode: 403
    }

      at write (src/observability/safeLogger.js:178:17)

  console.info
    {
      component: 'http',
      event: 'request_completed',
      requestId: 'b0a9c469-1724-49ef-aef2-c28b8da6f332',
      methodClass: 'POST',
      durationMs: 9,
      statusCode: 202
    }

      at write (src/observability/safeLogger.js:178:17)

  console.info
    {
      component: 'http',
      event: 'request_completed',
      requestId: 'f1b53322-6fc1-4e29-a35d-45eaed65cd91',
      methodClass: 'GET',
      durationMs: 5,
      statusCode: 200
    }

      at write (src/observability/safeLogger.js:178:17)

  console.info
    {
      component: 'http',
      event: 'request_completed',
      requestId: '0160281e-63a2-42ce-9eb4-52b05788b79c',
      methodClass: 'GET',
      durationMs: 6,
      statusCode: 200
    }

      at write (src/observability/safeLogger.js:178:17)

  console.info
    {
      component: 'http',
      event: 'request_completed',
      requestId: '057c9943-93e0-435b-9898-7fa7424c6ab9',
      methodClass: 'GET',
      durationMs: 4,
      statusCode: 200
    }

      at write (src/observability/safeLogger.js:178:17)

  console.info
    {
      component: 'http',
      event: 'request_completed',
      requestId: '4f67e84e-04b0-4c13-b978-78e262ff04a8',
      methodClass: 'GET',
      durationMs: 5,
      statusCode: 200
    }

      at write (src/observability/safeLogger.js:178:17)

  console.info
    {
      component: 'http',
      event: 'request_completed',
      requestId: 'ebed72de-89aa-4f7b-b3b3-d87248509bbb',
      methodClass: 'POST',
      durationMs: 404,
      statusCode: 401
    }

      at write (src/observability/safeLogger.js:178:17)

  console.info
    {
      component: 'http',
      event: 'request_completed',
      requestId: '658971df-1ac0-4bd4-8d32-2e339f14c6c3',
      methodClass: 'POST',
      durationMs: 8,
      statusCode: 202
    }

      at write (src/observability/safeLogger.js:178:17)

  console.info
    {
      component: 'http',
      event: 'request_completed',
      requestId: '1fb11ea9-3b6f-41f5-b672-e3c8dc59e6d9',
      methodClass: 'POST',
      durationMs: 221,
      statusCode: 400
    }

      at write (src/observability/safeLogger.js:178:17)

  console.info
    {
      component: 'http',
      event: 'request_completed',
      requestId: 'eba3d26d-5002-407a-8eab-31ec8518f71c',
      methodClass: 'POST',
      durationMs: 195,
      statusCode: 200
    }

      at write (src/observability/safeLogger.js:178:17)

  console.info
    {
      component: 'http',
      event: 'request_completed',
      requestId: 'ea2d5933-83d4-460f-9242-04549e593b22',
      methodClass: 'POST',
      durationMs: 187,
      statusCode: 400
    }

      at write (src/observability/safeLogger.js:178:17)

  console.info
    {
      component: 'http',
      event: 'request_completed',
      requestId: 'fe5ae060-5234-4d49-be85-051f6ceccd44',
      methodClass: 'POST',
      durationMs: 195,
      statusCode: 200
    }

      at write (src/observability/safeLogger.js:178:17)

  console.info
    {
      component: 'http',
      event: 'request_completed',
      requestId: '4354e806-4441-4cd5-8fe3-bcaf24a851f9',
      methodClass: 'GET',
      durationMs: 4,
      statusCode: 200
    }

      at write (src/observability/safeLogger.js:178:17)

  console.info
    {
      component: 'http',
      event: 'request_completed',
      requestId: '15341c2a-5ae9-4dc0-b0ba-ebb61db44e07',
      methodClass: 'PUT',
      durationMs: 5,
      statusCode: 400
    }

      at write (src/observability/safeLogger.js:178:17)

  console.info
    {
      component: 'http',
      event: 'request_completed',
      requestId: 'da9eeff4-fe4f-4a16-acc9-f764c9082a37',
      methodClass: 'PUT',
      durationMs: 4,
      statusCode: 400
    }

      at write (src/observability/safeLogger.js:178:17)

  console.info
    {
      component: 'http',
      event: 'request_completed',
      requestId: 'b5e3a6b5-b85e-45b1-841e-7ec9298d6d38',
      methodClass: 'POST',
      durationMs: 8,
      statusCode: 201
    }

      at write (src/observability/safeLogger.js:178:17)

  console.info
    {
      component: 'http',
      event: 'request_completed',
      requestId: 'de413a89-bb2b-4920-97ac-5398507f28eb',
      methodClass: 'GET',
      durationMs: 4,
      statusCode: 200
    }

      at write (src/observability/safeLogger.js:178:17)

  console.info
    {
      component: 'http',
      event: 'request_completed',
      requestId: 'e4d47ee2-3985-4cfb-8dfc-f7124f4de505',
      methodClass: 'PUT',
      durationMs: 3,
      statusCode: 400
    }

      at write (src/observability/safeLogger.js:178:17)

  console.info
    {
      component: 'http',
      event: 'request_completed',
      requestId: 'a2062c38-5041-4c78-95f9-b345fa30536e',
      methodClass: 'PUT',
      durationMs: 9,
      statusCode: 200
    }

      at write (src/observability/safeLogger.js:178:17)

  console.info
    {
      component: 'http',
      event: 'request_completed',
      requestId: '5abbe3ef-b88b-464c-a336-54e1ff5333cb',
      methodClass: 'PUT',
      durationMs: 2,
      statusCode: 403
    }

      at write (src/observability/safeLogger.js:178:17)

  console.info
    {
      component: 'http',
      event: 'request_completed',
      requestId: '038a00e9-c500-4cd4-b498-45b4feb092a0',
      methodClass: 'PATCH',
      durationMs: 4,
      statusCode: 200
    }

      at write (src/observability/safeLogger.js:178:17)

  console.info
    {
      component: 'http',
      event: 'request_completed',
      requestId: '6185899a-4183-4d6d-b37f-d7ecc1806832',
      methodClass: 'PATCH',
      durationMs: 5,
      statusCode: 200
    }

      at write (src/observability/safeLogger.js:178:17)

  console.info
    {
      component: 'http',
      event: 'request_completed',
      requestId: '74009618-3bb8-4ec1-8c2f-0061bef1a534',
      methodClass: 'GET',
      durationMs: 2,
      statusCode: 401
    }

      at write (src/observability/safeLogger.js:178:17)

  console.info
    {
      component: 'http',
      event: 'request_completed',
      requestId: 'fc0b1c35-dc2c-49d2-b4fe-a8e91812e7b3',
      methodClass: 'GET',
      durationMs: 4,
      statusCode: 200
    }

      at write (src/observability/safeLogger.js:178:17)

  console.info
    {
      component: 'http',
      event: 'request_completed',
      requestId: '6a442808-0f68-44e8-9df7-e996b0b08ac0',
      methodClass: 'POST',
      durationMs: 5,
      statusCode: 202
    }

      at write (src/observability/safeLogger.js:178:17)

  console.info
    {
      component: 'http',
      event: 'request_completed',
      requestId: '09063d63-22ad-4d28-aa46-3260b76c2d9d',
      methodClass: 'POST',
      durationMs: 6,
      statusCode: 202
    }

      at write (src/observability/safeLogger.js:178:17)

  console.info
    {
      component: 'http',
      event: 'request_completed',
      requestId: 'a2f21c81-9255-4f27-ac45-a3ec0f6c01cb',
      methodClass: 'POST',
      durationMs: 4,
      statusCode: 409
    }

      at write (src/observability/safeLogger.js:178:17)

  console.info
    {
      component: 'http',
      event: 'request_completed',
      requestId: '211b37cc-14ca-4bd8-9477-7b9a2be9af5a',
      methodClass: 'POST',
      durationMs: 3,
      statusCode: 400
    }

      at write (src/observability/safeLogger.js:178:17)

  console.info
    {
      component: 'http',
      event: 'request_completed',
      requestId: '740baafc-5900-4b55-a841-cef901e57c53',
      methodClass: 'POST',
      durationMs: 4,
      statusCode: 409
    }

      at write (src/observability/safeLogger.js:178:17)

  console.info
    {
      component: 'http',
      event: 'request_completed',
      requestId: '6fa44db3-8946-4e65-8dcf-4ca6f0d58aba',
      methodClass: 'POST',
      durationMs: 5,
      statusCode: 202
    }

      at write (src/observability/safeLogger.js:178:17)

  console.info
    {
      component: 'http',
      event: 'request_completed',
      requestId: '0b5b7764-e3f3-4380-b5dc-4ff22f34ee17',
      methodClass: 'GET',
      durationMs: 4,
      statusCode: 200
    }

      at write (src/observability/safeLogger.js:178:17)

  console.info
    {
      component: 'http',
      event: 'request_completed',
      requestId: '5dae92f4-97d4-4b5b-b205-2d40ffdfa6ed',
      methodClass: 'GET',
      durationMs: 3,
      statusCode: 200
    }

      at write (src/observability/safeLogger.js:178:17)

  console.info
    {
      component: 'http',
      event: 'request_completed',
      requestId: 'c6e75a19-3cf7-4733-83c9-4f109d33290e',
      methodClass: 'POST',
      durationMs: 192,
      statusCode: 400
    }

      at write (src/observability/safeLogger.js:178:17)

  console.info
    {
      component: 'http',
      event: 'request_completed',
      requestId: '0d91c131-a66e-4ec0-81f0-30506550d8f9',
      methodClass: 'POST',
      durationMs: 5,
      statusCode: 202
    }

      at write (src/observability/safeLogger.js:178:17)

  console.info
    {
      component: 'http',
      event: 'request_completed',
      requestId: '207b9d4d-a976-49dc-8b1d-609754f888f3',
      methodClass: 'POST',
      durationMs: 5,
      statusCode: 200
    }

      at write (src/observability/safeLogger.js:178:17)

  console.info
    {
      component: 'http',
      event: 'request_completed',
      requestId: 'c4eb1141-39ba-4bd1-bd6b-96ab4bbb8ad6',
      methodClass: 'GET',
      durationMs: 3,
      statusCode: 200
    }

      at write (src/observability/safeLogger.js:178:17)

  console.info
    {
      component: 'http',
      event: 'request_completed',
      requestId: '7519f063-1418-4287-a166-012c72750809',
      methodClass: 'GET',
      durationMs: 1,
      statusCode: 401
    }

      at write (src/observability/safeLogger.js:178:17)

  console.log
    [DB] Migration applied: 001_initial_schema.sql

      at log (src/db.js:1312:42)

  console.log
    [DB] Migration applied: 002_seed_data.sql

      at log (src/db.js:1312:42)

  console.log
    [DB] Migration applied: 003_voice_sessions.sql

      at log (src/db.js:1312:42)

  console.log
    [DB] Migration applied: 004_canonical_persistence_v2.sql

      at log (src/db.js:1312:42)

  console.log
    [DB] Migration applied: 005_canonical_organization_authority.sql

      at log (src/db.js:1312:42)

  console.log
    [DB] Migration applied: 006_canonical_voice_sessions.sql

      at log (src/db.js:1312:42)

  console.log
    [DB] Migration applied: 007_canonical_tax_authority.sql

      at log (src/db.js:1312:42)

  console.log
    [DB] Migration applied: 008_canonical_demo_authority.sql

      at log (src/db.js:1312:42)

  console.log
    [DB] Migration applied: 009_canonical_voice_provider_identity.sql

      at log (src/db.js:1312:42)

  console.log
    [DB] Migration applied: 010_account_session_authority.sql

      at log (src/db.js:1312:42)

  console.log
    [DB] Migration applied: 011_oauth_authorization_states.sql

      at log (src/db.js:1312:42)

  console.log
    [DB] Migration applied: 012_account_verification_trial.sql

      at log (src/db.js:1312:42)

  console.log
    [DB] Migration applied: 015_workforce_authority.sql

      at log (src/db.js:1312:42)

  console.log
    [DB] Migration applied: 016_tenant_asset_catalogue.sql

      at log (src/db.js:1312:42)

  console.log
    [DB] Migration applied: 017_retell_webhook_replay_authority.sql

      at log (src/db.js:1312:42)

  console.log
    [DB] Migration applied: 018_canonical_map_preferences.sql

      at log (src/db.js:1312:42)

  console.log
    [DB] Migration applied: 019_account_email_outbox.sql

      at log (src/db.js:1312:42)

  console.log
    [DB] Migration applied: 020_canonical_workforce_access_roles.sql

      at log (src/db.js:1312:42)

  console.log
    [DB] Migration applied: 021_bounded_api_observability.sql

      at log (src/db.js:1312:42)

  console.log
    [DB] Migration applied: 022_demo_command_center_sessions.sql

      at log (src/db.js:1312:42)

  console.log
    [DB] Migration applied: 023_homepage_demo_admission.sql

      at log (src/db.js:1312:42)

  console.log
    [DB] Migration applied: 024_homepage_verified_purge_receipt.sql

      at log (src/db.js:1312:42)

  console.log
    [DB] Migration applied: 025_provider_agnostic_knowledge_registry.sql

      at log (src/db.js:1312:42)

  console.log
    [DB] Migration applied: 026_canonical_knowledge_review_publication.sql

      at log (src/db.js:1312:42)

  console.log
    [DB] Migration applied: 027_canonical_knowledge_audit_graph_authority.sql

      at log (src/db.js:1312:42)

  console.log
    [DB] Migration applied: 028_canonical_knowledge_immutable_lifecycle.sql

      at log (src/db.js:1312:42)

  console.log
    [DB] Migration applied: 029_canonical_knowledge_transactional_sync.sql

      at log (src/db.js:1312:42)

  console.log
    [DB] Migration applied: 030_canonical_knowledge_sync_revocation.sql

      at log (src/db.js:1312:42)

  console.log
    [DB] Migration applied: 031_canonical_knowledge_sync_recovery_lifecycle.sql

      at log (src/db.js:1312:42)

  console.log
    [DB] Migration applied: 032_canonical_schedule_assignment_authority.sql

      at log (src/db.js:1312:42)

  console.log
    [DB] Migration applied: 033_canonical_schedule_time_evidence.sql

      at log (src/db.js:1312:42)

  console.log
    [DB] Migration applied: 034_schedule_availability_conflict_authority.sql

      at log (src/db.js:1312:42)

  console.log
    [DB] Migration applied: 035_schedule_human_preview_approval.sql

      at log (src/db.js:1312:42)

  console.log
    [DB] Migration applied: 001_initial_schema.sql

      at log (src/db.js:1312:42)

  console.log
    [DB] Migration applied: 002_seed_data.sql

      at log (src/db.js:1312:42)

  console.log
    [DB] Migration applied: 003_voice_sessions.sql

      at log (src/db.js:1312:42)

  console.log
    [DB] Migration applied: 004_canonical_persistence_v2.sql

      at log (src/db.js:1312:42)

  console.log
    [DB] Migration applied: 005_canonical_organization_authority.sql

      at log (src/db.js:1312:42)

  console.log
    [DB] Migration applied: 006_canonical_voice_sessions.sql

      at log (src/db.js:1312:42)

  console.log
    [DB] Migration applied: 007_canonical_tax_authority.sql

      at log (src/db.js:1312:42)

  console.log
    [DB] Migration applied: 008_canonical_demo_authority.sql

      at log (src/db.js:1312:42)

  console.log
    [DB] Migration applied: 009_canonical_voice_provider_identity.sql

      at log (src/db.js:1312:42)

  console.log
    [DB] Migration applied: 010_account_session_authority.sql

      at log (src/db.js:1312:42)

  console.log
    [DB] Migration applied: 011_oauth_authorization_states.sql

      at log (src/db.js:1312:42)

  console.log
    [DB] Migration applied: 012_account_verification_trial.sql

      at log (src/db.js:1312:42)

  console.log
    [DB] Migration applied: 015_workforce_authority.sql

      at log (src/db.js:1312:42)

  console.log
    [DB] Migration applied: 016_tenant_asset_catalogue.sql

      at log (src/db.js:1312:42)

  console.log
    [DB] Migration applied: 017_retell_webhook_replay_authority.sql

      at log (src/db.js:1312:42)

  console.log
    [DB] Migration applied: 018_canonical_map_preferences.sql

      at log (src/db.js:1312:42)

  console.log
    [DB] Migration applied: 019_account_email_outbox.sql

      at log (src/db.js:1312:42)

  console.log
    [DB] Migration applied: 020_canonical_workforce_access_roles.sql

      at log (src/db.js:1312:42)

  console.log
    [DB] Migration applied: 021_bounded_api_observability.sql

      at log (src/db.js:1312:42)

  console.log
    [DB] Migration applied: 022_demo_command_center_sessions.sql

      at log (src/db.js:1312:42)

  console.log
    [DB] Migration applied: 023_homepage_demo_admission.sql

      at log (src/db.js:1312:42)

  console.log
    [DB] Migration applied: 024_homepage_verified_purge_receipt.sql

      at log (src/db.js:1312:42)

  console.log
    [DB] Migration applied: 025_provider_agnostic_knowledge_registry.sql

      at log (src/db.js:1312:42)

  console.log
    [DB] Migration applied: 026_canonical_knowledge_review_publication.sql

      at log (src/db.js:1312:42)

  console.log
    [DB] Migration applied: 027_canonical_knowledge_audit_graph_authority.sql

      at log (src/db.js:1312:42)

  console.log
    [DB] Migration applied: 028_canonical_knowledge_immutable_lifecycle.sql

      at log (src/db.js:1312:42)

  console.log
    [DB] Migration applied: 029_canonical_knowledge_transactional_sync.sql

      at log (src/db.js:1312:42)

  console.log
    [DB] Migration applied: 030_canonical_knowledge_sync_revocation.sql

      at log (src/db.js:1312:42)

  console.log
    [DB] Migration applied: 031_canonical_knowledge_sync_recovery_lifecycle.sql

      at log (src/db.js:1312:42)

  console.log
    [DB] Migration applied: 032_canonical_schedule_assignment_authority.sql

      at log (src/db.js:1312:42)

  console.log
    [DB] Migration applied: 033_canonical_schedule_time_evidence.sql

      at log (src/db.js:1312:42)

  console.log
    [DB] Migration applied: 034_schedule_availability_conflict_authority.sql

      at log (src/db.js:1312:42)

  console.log
    [DB] Migration applied: 035_schedule_human_preview_approval.sql

      at log (src/db.js:1312:42)

  console.info
    {
      component: 'http',
      event: 'request_completed',
      requestId: '6f9ecbc2-6f9c-40d3-9981-1f8f60ef4cb4',
      methodClass: 'GET',
      durationMs: 6,
      statusCode: 200
    }

      at write (src/observability/safeLogger.js:178:17)

  console.info
    {
      component: 'http',
      event: 'request_completed',
      requestId: '7c85b1bc-3ec0-4c0d-bae6-fc49704348c4',
      methodClass: 'PUT',
      durationMs: 8,
      statusCode: 200
    }

      at write (src/observability/safeLogger.js:178:17)

  console.info
    {
      component: 'http',
      event: 'request_completed',
      requestId: '0ddcefc0-2482-4558-a282-8d9edefb4421',
      methodClass: 'GET',
      durationMs: 5,
      statusCode: 200
    }

      at write (src/observability/safeLogger.js:178:17)

  console.info
    {
      component: 'http',
      event: 'request_completed',
      requestId: '4e1636f3-9f3a-4ba5-a680-c124ae50b358',
      methodClass: 'PUT',
      durationMs: 2,
      statusCode: 400
    }

      at write (src/observability/safeLogger.js:178:17)

  console.info
    {
      component: 'http',
      event: 'request_completed',
      requestId: '2404c176-d313-482f-ab80-30001d269a7f',
      methodClass: 'PUT',
      durationMs: 3,
      statusCode: 400
    }

      at write (src/observability/safeLogger.js:178:17)

  console.info
    {
      component: 'http',
      event: 'request_completed',
      requestId: '3baebb7f-6152-4f8c-bc08-23e5e0a70ecd',
      methodClass: 'PUT',
      durationMs: 2,
      statusCode: 400
    }

      at write (src/observability/safeLogger.js:178:17)

  console.info
    {
      component: 'http',
      event: 'request_completed',
      requestId: 'cac2dfe9-b5b8-43e7-9886-87987ac70aed',
      methodClass: 'PUT',
      durationMs: 2,
      statusCode: 400
    }

      at write (src/observability/safeLogger.js:178:17)

  console.info
    {
      component: 'http',
      event: 'request_completed',
      requestId: '625efece-0a83-4c38-b64d-25ba2831fe07',
      methodClass: 'PUT',
      durationMs: 3,
      statusCode: 400
    }

      at write (src/observability/safeLogger.js:178:17)

  console.info
    {
      component: 'http',
      event: 'request_completed',
      requestId: '375d37e1-4b68-4abb-8cb9-c3e8019157f1',
      methodClass: 'PUT',
      durationMs: 3,
      statusCode: 400
    }

      at write (src/observability/safeLogger.js:178:17)

  console.info
    {
      component: 'http',
      event: 'request_completed',
      requestId: '81c8dd69-3253-4407-b8ed-611938a8fa5e',
      methodClass: 'PUT',
      durationMs: 3,
      statusCode: 400
    }

      at write (src/observability/safeLogger.js:178:17)

  console.info
    {
      component: 'http',
      event: 'request_completed',
      requestId: '6b9488ef-ff53-4ea7-bba7-8edf98a3db6a',
      methodClass: 'PUT',
      durationMs: 2,
      statusCode: 400
    }

      at write (src/observability/safeLogger.js:178:17)

  console.info
    {
      component: 'http',
      event: 'request_completed',
      requestId: 'ec0e5565-f119-431b-ba88-1394540c954a',
      methodClass: 'PUT',
      durationMs: 2,
      statusCode: 400
    }

      at write (src/observability/safeLogger.js:178:17)

  console.info
    {
      component: 'http',
      event: 'request_completed',
      requestId: '7a0a7545-6f1d-4b7f-a9dc-c9897a79f0ba',
      methodClass: 'PUT',
      durationMs: 2,
      statusCode: 400
    }

      at write (src/observability/safeLogger.js:178:17)

  console.info
    {
      component: 'http',
      event: 'request_completed',
      requestId: 'c878ee3b-a1a3-49b2-bf8d-4710c7d929d3',
      methodClass: 'PUT',
      durationMs: 3,
      statusCode: 400
    }

      at write (src/observability/safeLogger.js:178:17)

  console.info
    {
      component: 'http',
      event: 'request_completed',
      requestId: 'a2348c59-0acf-410f-ba2c-89f1bab596db',
      methodClass: 'PUT',
      durationMs: 2,
      statusCode: 400
    }

      at write (src/observability/safeLogger.js:178:17)

  console.info
    {
      component: 'http',
      event: 'request_completed',
      requestId: 'a8fd4677-a1a3-4aee-8a98-db2dd6a22901',
      methodClass: 'PUT',
      durationMs: 2,
      statusCode: 400
    }

      at write (src/observability/safeLogger.js:178:17)

  console.info
    {
      component: 'http',
      event: 'request_completed',
      requestId: 'd93ba87c-99e6-40e9-a015-fc8751df7c0c',
      methodClass: 'PUT',
      durationMs: 2,
      statusCode: 400
    }

      at write (src/observability/safeLogger.js:178:17)

  console.info
    {
      component: 'http',
      event: 'request_completed',
      requestId: 'e3faf5cc-bb67-4a78-8a37-79445e85a761',
      methodClass: 'PUT',
      durationMs: 3,
      statusCode: 400
    }

      at write (src/observability/safeLogger.js:178:17)

  console.info
    {
      component: 'http',
      event: 'request_completed',
      requestId: 'bba92f24-c0aa-4dd2-96bf-5fb4e82ac141',
      methodClass: 'PUT',
      durationMs: 2,
      statusCode: 400
    }

      at write (src/observability/safeLogger.js:178:17)

  console.info
    {
      component: 'http',
      event: 'request_completed',
      requestId: 'd08ec79a-68d4-40ff-b900-a754637bd46d',
      methodClass: 'GET',
      durationMs: 2,
      statusCode: 200
    }

      at write (src/observability/safeLogger.js:178:17)

  console.info
    {
      component: 'http',
      event: 'request_completed',
      requestId: '41e9f14d-350d-4c45-b72b-20e76e1db380',
      methodClass: 'PUT',
      durationMs: 2,
      statusCode: 403
    }

      at write (src/observability/safeLogger.js:178:17)

  console.info
    {
      component: 'http',
      event: 'request_completed',
      requestId: 'e871f17b-77c2-46ac-9bbb-d02f8f5fee4b',
      methodClass: 'GET',
      durationMs: 3,
      statusCode: 200
    }

      at write (src/observability/safeLogger.js:178:17)

  console.info
    {
      component: 'http',
      event: 'request_completed',
      requestId: '3a419908-ae68-4610-873d-9e3338c77cba',
      methodClass: 'PUT',
      durationMs: 2,
      statusCode: 403
    }

      at write (src/observability/safeLogger.js:178:17)

  console.info
    {
      component: 'http',
      event: 'request_completed',
      requestId: '788b7b37-da01-47fc-a05a-0bf0c19ebc42',
      methodClass: 'PUT',
      durationMs: 0,
      statusCode: 401
    }

      at write (src/observability/safeLogger.js:178:17)

  console.info
    {
      component: 'http',
      event: 'request_completed',
      requestId: '61e7f0d2-371b-4f03-a5a8-2af2c6f37d26',
      methodClass: 'PUT',
      durationMs: 3,
      statusCode: 403
    }

      at write (src/observability/safeLogger.js:178:17)

  console.info
    {
      component: 'http',
      event: 'request_completed',
      requestId: '01453ffd-7fce-42e1-9b92-f087d11e9e6b',
      methodClass: 'GET',
      durationMs: 2,
      statusCode: 200
    }

      at write (src/observability/safeLogger.js:178:17)

  console.info
    {
      component: 'http',
      event: 'request_completed',
      requestId: '78329c7e-5e45-4932-946a-fee926d892d4',
      methodClass: 'PUT',
      durationMs: 7,
      statusCode: 200
    }

      at write (src/observability/safeLogger.js:178:17)

  console.info
    {
      component: 'http',
      event: 'request_completed',
      requestId: '49c40368-2957-4b1d-b7c9-73f38339bbab',
      methodClass: 'PUT',
      durationMs: 4,
      statusCode: 409
    }

      at write (src/observability/safeLogger.js:178:17)

  console.info
    {
      component: 'http',
      event: 'request_completed',
      requestId: 'cd51c316-8349-46bb-ac3c-1a314af790f9',
      methodClass: 'PUT',
      durationMs: 9,
      statusCode: 200
    }

      at write (src/observability/safeLogger.js:178:17)

  console.info
    {
      component: 'http',
      event: 'request_completed',
      requestId: 'b859f428-abaf-4fca-a7f7-70e1d3e6ba3c',
      methodClass: 'PUT',
      durationMs: 11,
      statusCode: 409
    }

      at write (src/observability/safeLogger.js:178:17)

  console.info
    {
      component: 'http',
      event: 'request_completed',
      requestId: '935e8f5a-a232-489b-adc4-010e11200856',
      methodClass: 'GET',
      durationMs: 4,
      statusCode: 200
    }

      at write (src/observability/safeLogger.js:178:17)

  console.info
    {
      component: 'http',
      event: 'request_completed',
      requestId: '3bd4c94f-2699-47f0-b634-5d82697710bf',
      methodClass: 'PUT',
      durationMs: 7,
      statusCode: 200
    }

      at write (src/observability/safeLogger.js:178:17)

  console.info
    {
      component: 'http',
      event: 'request_completed',
      requestId: 'e17bd188-d9a0-44c0-92d3-4161286eae36',
      methodClass: 'GET',
      durationMs: 3,
      statusCode: 200
    }

      at write (src/observability/safeLogger.js:178:17)

  console.info
    {
      component: 'http',
      event: 'request_completed',
      requestId: 'f27947c0-2cf7-4ae0-9a9d-6731fb7eeb66',
      methodClass: 'GET',
      durationMs: 4,
      statusCode: 200
    }

      at write (src/observability/safeLogger.js:178:17)

  console.info
    {
      component: 'http',
      event: 'request_completed',
      requestId: 'f20e3a4e-b37b-4a1f-9489-3d83c1f58de7',
      methodClass: 'PUT',
      durationMs: 8,
      statusCode: 200
    }

      at write (src/observability/safeLogger.js:178:17)

  console.info
    {
      component: 'http',
      event: 'request_completed',
      requestId: '8436d569-1bc8-4dc7-9e90-a92390e7b984',
      methodClass: 'GET',
      durationMs: 3,
      statusCode: 200
    }

      at write (src/observability/safeLogger.js:178:17)

  console.info
    {
      component: 'http',
      event: 'request_completed',
      requestId: '120fb021-dbef-4b0b-9c45-1748d0e104c4',
      methodClass: 'PUT',
      durationMs: 7,
      statusCode: 200
    }

      at write (src/observability/safeLogger.js:178:17)

  console.info
    {
      component: 'http',
      event: 'request_completed',
      requestId: '5a131c40-cd16-478d-b950-ec030c3022a5',
      methodClass: 'GET',
      durationMs: 6,
      statusCode: 200
    }

      at write (src/observability/safeLogger.js:178:17)

  console.info
    {
      component: 'http',
      event: 'request_completed',
      requestId: '8797a7c9-1762-446e-9f83-4b0fcb0a4244',
      methodClass: 'GET',
      durationMs: 3,
      statusCode: 200
    }

      at write (src/observability/safeLogger.js:178:17)

  console.info
    {
      component: 'http',
      event: 'request_completed',
      requestId: '5641bacb-bbf5-44f6-b894-9b66a5bd2461',
      methodClass: 'PUT',
      durationMs: 4,
      statusCode: 409
    }

      at write (src/observability/safeLogger.js:178:17)

  console.info
    {
      component: 'http',
      event: 'request_completed',
      requestId: 'dd460c0a-afe4-49fd-8e4c-50fe7f3c7848',
      methodClass: 'PUT',
      durationMs: 4,
      statusCode: 409
    }

      at write (src/observability/safeLogger.js:178:17)

  console.info
    {
      component: 'http',
      event: 'request_completed',
      requestId: 'cd94d96e-ac48-4e97-a717-db5e11098e7c',
      methodClass: 'PUT',
      durationMs: 4,
      statusCode: 409
    }

      at write (src/observability/safeLogger.js:178:17)

  console.info
    {
      component: 'http',
      event: 'request_completed',
      requestId: '52c1261d-d452-4737-82f4-a024bcbb2b44',
      methodClass: 'PUT',
      durationMs: 5,
      statusCode: 200
    }

      at write (src/observability/safeLogger.js:178:17)

  console.info
    {
      component: 'http',
      event: 'request_completed',
      requestId: 'ba934793-68f7-4b35-8fc7-7fe05eb42533',
      methodClass: 'GET',
      durationMs: 3,
      statusCode: 200
    }

      at write (src/observability/safeLogger.js:178:17)

  console.info
    {
      component: 'http',
      event: 'request_completed',
      requestId: '7dcd8f96-b74c-4c9b-86d1-b172fb4a998a',
      methodClass: 'PUT',
      durationMs: 5,
      statusCode: 200
    }

      at write (src/observability/safeLogger.js:178:17)

  console.info
    {
      component: 'http',
      event: 'request_completed',
      requestId: '5e276212-a4b8-4633-8e5a-1fd39a9428e6',
      methodClass: 'GET',
      durationMs: 3,
      statusCode: 200
    }

      at write (src/observability/safeLogger.js:178:17)

  console.info
    {
      component: 'http',
      event: 'request_completed',
      requestId: 'af9d4675-42a0-480c-b9c6-5f3fe54c7fc6',
      methodClass: 'GET',
      durationMs: 3,
      statusCode: 200
    }

      at write (src/observability/safeLogger.js:178:17)

  console.info
    {
      component: 'http',
      event: 'request_completed',
      requestId: 'b9e7d23d-a28f-4014-b5d3-758052902906',
      methodClass: 'PUT',
      durationMs: 8,
      statusCode: 200
    }

      at write (src/observability/safeLogger.js:178:17)

  console.info
    {
      component: 'http',
      event: 'request_completed',
      requestId: '87e35a74-b1ef-4236-8905-1e21b627fab5',
      methodClass: 'GET',
      durationMs: 3,
      statusCode: 200
    }

      at write (src/observability/safeLogger.js:178:17)

  console.info
    {
      component: 'http',
      event: 'request_completed',
      requestId: '0e92397a-3f9e-4298-aab7-38bdae68b1ca',
      methodClass: 'PUT',
      durationMs: 7,
      statusCode: 200
    }

      at write (src/observability/safeLogger.js:178:17)

  console.info
    {
      component: 'http',
      event: 'request_completed',
      requestId: '650c3ba4-9199-4a84-b442-5dc6a4e1ba8d',
      methodClass: 'GET',
      durationMs: 2,
      statusCode: 200
    }

      at write (src/observability/safeLogger.js:178:17)

  console.info
    {
      component: 'http',
      event: 'request_completed',
      requestId: 'c9ad49e8-4a81-4edd-a60e-f84224378f37',
      methodClass: 'PUT',
      durationMs: 5,
      statusCode: 409
    }

      at write (src/observability/safeLogger.js:178:17)

  console.info
    {
      component: 'http',
      event: 'request_completed',
      requestId: '76d174c0-9b26-4f87-9e67-c3c063987dd7',
      methodClass: 'PUT',
      durationMs: 6,
      statusCode: 200
    }

      at write (src/observability/safeLogger.js:178:17)

  console.info
    {
      component: 'http',
      event: 'request_completed',
      requestId: '9a73816f-94da-4611-8340-8b3c6053b5d4',
      methodClass: 'GET',
      durationMs: 3,
      statusCode: 200
    }

      at write (src/observability/safeLogger.js:178:17)

  console.info
    {
      component: 'http',
      event: 'request_completed',
      requestId: 'c41001d8-6a45-4d5c-bc75-19b393190526',
      methodClass: 'PUT',
      durationMs: 7,
      statusCode: 200
    }

      at write (src/observability/safeLogger.js:178:17)

  console.info
    {
      component: 'http',
      event: 'request_completed',
      requestId: '7ecf7fec-7427-49c7-85e1-f14021d40712',
      methodClass: 'GET',
      durationMs: 2,
      statusCode: 200
    }

      at write (src/observability/safeLogger.js:178:17)

  console.info
    {
      component: 'http',
      event: 'request_completed',
      requestId: 'ac9358a7-bd9d-49ea-88b8-e5dbea3e3225',
      methodClass: 'PUT',
      durationMs: 7,
      statusCode: 200
    }

      at write (src/observability/safeLogger.js:178:17)

  console.info
    {
      component: 'http',
      event: 'request_completed',
      requestId: '61f9bdc1-5b0b-45ee-92e7-4973681ceccf',
      methodClass: 'GET',
      durationMs: 3,
      statusCode: 200
    }

      at write (src/observability/safeLogger.js:178:17)

  console.info
    {
      component: 'http',
      event: 'request_completed',
      requestId: 'ee8e944f-d584-46a0-90b2-c8840ceda16c',
      methodClass: 'PUT',
      durationMs: 7,
      statusCode: 200
    }

      at write (src/observability/safeLogger.js:178:17)

  console.info
    {
      component: 'http',
      event: 'request_completed',
      requestId: '5dca1062-e366-46d1-8537-5f622b65218c',
      methodClass: 'GET',
      durationMs: 3,
      statusCode: 200
    }

      at write (src/observability/safeLogger.js:178:17)

  console.info
    {
      component: 'http',
      event: 'request_completed',
      requestId: 'd2d30c2e-5db5-4459-8ccd-e4d98fdc186e',
      methodClass: 'PUT',
      durationMs: 7,
      statusCode: 200
    }

      at write (src/observability/safeLogger.js:178:17)

  console.info
    {
      component: 'http',
      event: 'request_completed',
      requestId: 'f548908a-911c-4187-b21e-5101417a3725',
      methodClass: 'GET',
      durationMs: 2,
      statusCode: 200
    }

      at write (src/observability/safeLogger.js:178:17)

  console.info
    {
      component: 'http',
      event: 'request_completed',
      requestId: 'aa27e5a2-7436-44ef-b86b-fb43b659ccbf',
      methodClass: 'GET',
      durationMs: 3,
      statusCode: 200
    }

      at write (src/observability/safeLogger.js:178:17)

  console.info
    {
      component: 'http',
      event: 'request_completed',
      requestId: '7e5a2455-317f-4f31-86f7-5ef742a177ca',
      methodClass: 'PUT',
      durationMs: 6,
      statusCode: 200
    }

      at write (src/observability/safeLogger.js:178:17)

  console.info
    {
      component: 'http',
      event: 'request_completed',
      requestId: 'bfe8bd7a-bba3-4404-a95c-93eb82d63cb6',
      methodClass: 'PUT',
      durationMs: 5,
      statusCode: 409
    }

      at write (src/observability/safeLogger.js:178:17)

  console.info
    {
      component: 'http',
      event: 'request_completed',
      requestId: 'ca762ecb-acbf-4c57-a595-84b1481adcc7',
      methodClass: 'GET',
      durationMs: 3,
      statusCode: 200
    }

      at write (src/observability/safeLogger.js:178:17)

  console.info
    {
      component: 'http',
      event: 'request_completed',
      requestId: '54d8ba84-2b83-4f79-b1fe-efd1a6e259ea',
      methodClass: 'PUT',
      durationMs: 6,
      statusCode: 200
    }

      at write (src/observability/safeLogger.js:178:17)

  console.info
    {
      component: 'http',
      event: 'request_completed',
      requestId: '9ee4adf6-46c7-4ffd-9d67-b120957a718b',
      methodClass: 'PUT',
      durationMs: 6,
      statusCode: 200
    }

      at write (src/observability/safeLogger.js:178:17)

  console.info
    {
      component: 'http',
      event: 'request_completed',
      requestId: 'd289bba3-5519-41c6-aeed-bc924b43a1ce',
      methodClass: 'PUT',
      durationMs: 3,
      statusCode: 409
    }

      at write (src/observability/safeLogger.js:178:17)

  console.info
    {
      component: 'http',
      event: 'request_completed',
      requestId: '1dd45eb0-610e-440e-9466-d23a8545e857',
      methodClass: 'PUT',
      durationMs: 3,
      statusCode: 409
    }

      at write (src/observability/safeLogger.js:178:17)

  console.info
    {
      component: 'http',
      event: 'request_completed',
      requestId: 'b6ddb1a7-0e19-4a9b-9aac-c5089f88b4ac',
      methodClass: 'PUT',
      durationMs: 3,
      statusCode: 409
    }

      at write (src/observability/safeLogger.js:178:17)

  console.info
    {
      component: 'http',
      event: 'request_completed',
      requestId: '6b8ad67a-63e2-4fde-8909-a02a6e559457',
      methodClass: 'PUT',
      durationMs: 2,
      statusCode: 409
    }

      at write (src/observability/safeLogger.js:178:17)

  console.info
    {
      component: 'http',
      event: 'request_completed',
      requestId: '2e14cfee-b637-4e64-8de9-d759c5208cc6',
      methodClass: 'PUT',
      durationMs: 2,
      statusCode: 409
    }

      at write (src/observability/safeLogger.js:178:17)

  console.info
    {
      component: 'http',
      event: 'request_completed',
      requestId: 'f09a0cc9-ffdb-4e6f-aa9c-ba6adad17756',
      methodClass: 'PUT',
      durationMs: 3,
      statusCode: 409
    }

      at write (src/observability/safeLogger.js:178:17)

  console.info
    {
      component: 'http',
      event: 'request_completed',
      requestId: '7e9be7cb-80be-4538-a615-37772f055eae',
      methodClass: 'PUT',
      durationMs: 7,
      statusCode: 200
    }

      at write (src/observability/safeLogger.js:178:17)

  console.info
    {
      component: 'http',
      event: 'request_completed',
      requestId: 'ed76d9af-7aa1-4ea9-bf20-612330d6a8f1',
      methodClass: 'PUT',
      durationMs: 7,
      statusCode: 200
    }

      at write (src/observability/safeLogger.js:178:17)

  console.info
    {
      component: 'http',
      event: 'request_completed',
      requestId: 'b5b0f9c7-3395-4b74-880f-4390acb7e83e',
      methodClass: 'PUT',
      durationMs: 7,
      statusCode: 200
    }

      at write (src/observability/safeLogger.js:178:17)

  console.info
    {
      component: 'http',
      event: 'request_completed',
      requestId: '0a859660-693a-4741-8e01-99f4a5782855',
      methodClass: 'PUT',
      durationMs: 2,
      statusCode: 409
    }

      at write (src/observability/safeLogger.js:178:17)

  console.info
    {
      component: 'http',
      event: 'request_completed',
      requestId: '1b484148-8720-4172-8107-c36491db4375',
      methodClass: 'PUT',
      durationMs: 3,
      statusCode: 400
    }

      at write (src/observability/safeLogger.js:178:17)

  console.info
    {
      component: 'http',
      event: 'request_completed',
      requestId: '2d4640db-5156-4f53-ab2d-319585cb4c9e',
      methodClass: 'PUT',
      durationMs: 4,
      statusCode: 409
    }

      at write (src/observability/safeLogger.js:178:17)

  console.info
    {
      component: 'http',
      event: 'request_completed',
      requestId: '5ea8acf4-a1fb-408e-acfb-5c197a4ddecb',
      methodClass: 'PUT',
      durationMs: 6,
      statusCode: 200
    }

      at write (src/observability/safeLogger.js:178:17)

  console.info
    {
      component: 'http',
      event: 'request_completed',
      requestId: '50f348f5-b936-4c8a-807b-b2e7f9a018c8',
      methodClass: 'PUT',
      durationMs: 7,
      statusCode: 200
    }

      at write (src/observability/safeLogger.js:178:17)

  console.info
    {
      component: 'http',
      event: 'request_completed',
      requestId: '1950e7d0-f372-4141-b15c-da038c0ee7b9',
      methodClass: 'GET',
      durationMs: 3,
      statusCode: 200
    }

      at write (src/observability/safeLogger.js:178:17)

  console.info
    {
      component: 'http',
      event: 'request_completed',
      requestId: 'd194ab83-093b-4b63-a34e-8781ee4d799d',
      methodClass: 'PUT',
      durationMs: 7,
      statusCode: 200
    }

      at write (src/observability/safeLogger.js:178:17)

  console.info
    {
      component: 'http',
      event: 'request_completed',
      requestId: 'eeb06fbe-b7d4-4772-a18a-5d95cbfa8497',
      methodClass: 'PUT',
      durationMs: 6,
      statusCode: 200
    }

      at write (src/observability/safeLogger.js:178:17)

  console.info
    {
      component: 'http',
      event: 'request_completed',
      requestId: '0fcd1c14-1bcc-4b76-b55f-8526bfe56e81',
      methodClass: 'PUT',
      durationMs: 6,
      statusCode: 200
    }

      at write (src/observability/safeLogger.js:178:17)

  console.info
    {
      component: 'http',
      event: 'request_completed',
      requestId: '79333c9a-3be4-4cbb-beb7-80b61ab09b4f',
      methodClass: 'PUT',
      durationMs: 6,
      statusCode: 200
    }

      at write (src/observability/safeLogger.js:178:17)

  console.info
    {
      component: 'http',
      event: 'request_completed',
      requestId: '069f3cc3-ea77-491f-92aa-b7a27b1246d5',
      methodClass: 'GET',
      durationMs: 2,
      statusCode: 200
    }

      at write (src/observability/safeLogger.js:178:17)

  console.info
    {
      component: 'http',
      event: 'request_completed',
      requestId: '52e54d93-daf4-488d-a6e9-d419bd4a0eba',
      methodClass: 'PUT',
      durationMs: 9,
      statusCode: 200
    }

      at write (src/observability/safeLogger.js:178:17)

  console.info
    {
      component: 'http',
      event: 'request_completed',
      requestId: 'b871218c-1b62-42f9-9d0a-ea810a4eacaf',
      methodClass: 'PUT',
      durationMs: 7,
      statusCode: 200
    }

      at write (src/observability/safeLogger.js:178:17)

  console.log
    [Simulations] Canonical graph committed: {"operationId":"b126ff7a-bc0b-449d-8181-7c42a353e20e","service":"fence","replayed":false}

      at log (src/routes/simulations.js:131:11)

  console.info
    {
      component: 'http',
      event: 'request_completed',
      requestId: '5b53e11a-d502-4e00-abf4-c5d6b3d7df8b',
      methodClass: 'POST',
      durationMs: 32,
      statusCode: 201
    }

      at write (src/observability/safeLogger.js:178:17)

  console.info
    {
      component: 'http',
      event: 'request_completed',
      requestId: '77a1b051-f0d8-45dc-b3d1-c756ee602272',
      methodClass: 'GET',
      durationMs: 4,
      statusCode: 200
    }

      at write (src/observability/safeLogger.js:178:17)

  console.info
    {
      component: 'http',
      event: 'request_completed',
      requestId: '08c34a49-9199-4d0d-b825-29a4d6571c9c',
      methodClass: 'PUT',
      durationMs: 6,
      statusCode: 200
    }

      at write (src/observability/safeLogger.js:178:17)

  console.log
    [Simulations] Canonical graph committed: {"operationId":"be5f99a9-c41d-486d-b09f-e8b30496c771","service":"fence","replayed":false}

      at log (src/routes/simulations.js:131:11)

  console.info
    {
      component: 'http',
      event: 'request_completed',
      requestId: 'f8218d34-e55a-47fb-9d0c-91acb5b428a5',
      methodClass: 'POST',
      durationMs: 31,
      statusCode: 201
    }

      at write (src/observability/safeLogger.js:178:17)

  console.info
    {
      component: 'http',
      event: 'request_completed',
      requestId: 'eb9da8c4-6c59-4bf9-af66-7bfb07689a9f',
      methodClass: 'PUT',
      durationMs: 7,
      statusCode: 200
    }

      at write (src/observability/safeLogger.js:178:17)

  console.log
    [Simulations] Canonical graph committed: {"operationId":"68e63e01-86df-43b7-ab74-d278f3607c50","service":"fence","replayed":false}

      at log (src/routes/simulations.js:131:11)

  console.info
    {
      component: 'http',
      event: 'request_completed',
      requestId: '9d8873c8-dbda-496a-8e13-533df748695d',
      methodClass: 'POST',
      durationMs: 29,
      statusCode: 201
    }

      at write (src/observability/safeLogger.js:178:17)

  console.info
    {
      component: 'http',
      event: 'request_completed',
      requestId: '71771f16-168f-4fe2-b4dd-b315fa812939',
      methodClass: 'PUT',
      durationMs: 6,
      statusCode: 200
    }

      at write (src/observability/safeLogger.js:178:17)

  console.info
    {
      component: 'http',
      event: 'request_completed',
      requestId: '5f0884b4-3402-4cc7-b5a6-4688d699a9f7',
      methodClass: 'GET',
      durationMs: 6,
      statusCode: 200
    }

      at write (src/observability/safeLogger.js:178:17)

  console.info
    {
      component: 'http',
      event: 'request_completed',
      requestId: '45bb0477-47ad-4a57-9f8e-97c32aa5aac8',
      methodClass: 'PUT',
      durationMs: 7,
      statusCode: 200
    }

      at write (src/observability/safeLogger.js:178:17)

  console.log
    [Simulations] Canonical graph committed: {"operationId":"57082776-1800-450e-bd86-70e81b95cd0f","service":"fence","replayed":false}

      at log (src/routes/simulations.js:131:11)

  console.info
    {
      component: 'http',
      event: 'request_completed',
      requestId: '59ab50e1-99b8-443c-abf4-fc22f016e032',
      methodClass: 'POST',
      durationMs: 29,
      statusCode: 201
    }

      at write (src/observability/safeLogger.js:178:17)

  console.info
    {
      component: 'http',
      event: 'request_completed',
      requestId: '01800bfc-d749-40ee-9c3c-c8c34eaab701',
      methodClass: 'GET',
      durationMs: 3,
      statusCode: 200
    }

      at write (src/observability/safeLogger.js:178:17)

  console.info
    {
      component: 'http',
      event: 'request_completed',
      requestId: '9fa2d1ba-7552-4a58-b994-ca35459e9539',
      methodClass: 'PUT',
      durationMs: 3,
      statusCode: 400
    }

      at write (src/observability/safeLogger.js:178:17)

  console.info
    {
      component: 'http',
      event: 'request_completed',
      requestId: 'e1ca9ff1-52d3-4772-a075-ca477022a536',
      methodClass: 'PUT',
      durationMs: 4,
      statusCode: 400
    }

      at write (src/observability/safeLogger.js:178:17)

  console.info
    {
      component: 'http',
      event: 'request_completed',
      requestId: 'd92f7105-df84-4a16-bfde-3348ff1ea407',
      methodClass: 'PUT',
      durationMs: 3,
      statusCode: 400
    }

      at write (src/observability/safeLogger.js:178:17)

  console.info
    {
      component: 'http',
      event: 'request_completed',
      requestId: '16c9f016-8260-4d8c-8231-0299efcc00be',
      methodClass: 'GET',
      durationMs: 3,
      statusCode: 200
    }

      at write (src/observability/safeLogger.js:178:17)

  console.info
    {
      component: 'http',
      event: 'request_completed',
      requestId: 'ddf00760-46c7-43b5-b5a8-45fdecc50adb',
      methodClass: 'PUT',
      durationMs: 7,
      statusCode: 200
    }

      at write (src/observability/safeLogger.js:178:17)

  console.info
    {
      component: 'http',
      event: 'request_completed',
      requestId: '15563d5c-70e6-46b9-93d4-42259b5bd676',
      methodClass: 'GET',
      durationMs: 3,
      statusCode: 200
    }

      at write (src/observability/safeLogger.js:178:17)

  console.info
    {
      component: 'http',
      event: 'request_completed',
      requestId: 'afdf290b-cdbd-4c60-a953-73fd755f73c9',
      methodClass: 'GET',
      durationMs: 2,
      statusCode: 200
    }

      at write (src/observability/safeLogger.js:178:17)

  console.info
    {
      component: 'http',
      event: 'request_completed',
      requestId: 'e9f28405-c9a8-4597-bc82-120848ba3f13',
      methodClass: 'PUT',
      durationMs: 6,
      statusCode: 200
    }

      at write (src/observability/safeLogger.js:178:17)

  console.info
    {
      component: 'http',
      event: 'request_completed',
      requestId: 'b0b0b486-7247-46ff-8a87-9ee775330640',
      methodClass: 'PUT',
      durationMs: 5,
      statusCode: 409
    }

      at write (src/observability/safeLogger.js:178:17)

  console.log
    [DB] Migration applied: 001_initial_schema.sql

      at Object.log [as runMigrations] (src/db.js:1312:42)

  console.log
    [DB] Migration applied: 002_seed_data.sql

      at Object.log [as runMigrations] (src/db.js:1312:42)

  console.log
    [DB] Migration applied: 003_voice_sessions.sql

      at Object.log [as runMigrations] (src/db.js:1312:42)

  console.log
    [DB] Migration applied: 004_canonical_persistence_v2.sql

      at Object.log [as runMigrations] (src/db.js:1312:42)

  console.log
    [DB] Migration applied: 005_canonical_organization_authority.sql

      at Object.log [as runMigrations] (src/db.js:1312:42)

  console.log
    [DB] Migration applied: 006_canonical_voice_sessions.sql

      at Object.log [as runMigrations] (src/db.js:1312:42)

  console.log
    [DB] Migration applied: 007_canonical_tax_authority.sql

      at Object.log [as runMigrations] (src/db.js:1312:42)

  console.log
    [DB] Migration applied: 008_canonical_demo_authority.sql

      at Object.log [as runMigrations] (src/db.js:1312:42)

  console.log
    [DB] Migration applied: 009_canonical_voice_provider_identity.sql

      at Object.log [as runMigrations] (src/db.js:1312:42)

  console.log
    [DB] Migration applied: 010_account_session_authority.sql

      at Object.log [as runMigrations] (src/db.js:1312:42)

  console.log
    [DB] Migration applied: 011_oauth_authorization_states.sql

      at Object.log [as runMigrations] (src/db.js:1312:42)

  console.log
    [DB] Migration applied: 012_account_verification_trial.sql

      at Object.log [as runMigrations] (src/db.js:1312:42)

  console.log
    [DB] Migration applied: 015_workforce_authority.sql

      at Object.log [as runMigrations] (src/db.js:1312:42)

  console.log
    [DB] Migration applied: 016_tenant_asset_catalogue.sql

      at Object.log [as runMigrations] (src/db.js:1312:42)

  console.log
    [DB] Migration applied: 017_retell_webhook_replay_authority.sql

      at Object.log [as runMigrations] (src/db.js:1312:42)

  console.log
    [DB] Migration applied: 018_canonical_map_preferences.sql

      at Object.log [as runMigrations] (src/db.js:1312:42)

  console.log
    [DB] Migration applied: 019_account_email_outbox.sql

      at Object.log [as runMigrations] (src/db.js:1312:42)

  console.log
    [DB] Migration applied: 020_canonical_workforce_access_roles.sql

      at Object.log [as runMigrations] (src/db.js:1312:42)

  console.log
    [DB] Migration applied: 021_bounded_api_observability.sql

      at Object.log [as runMigrations] (src/db.js:1312:42)

  console.log
    [DB] Migration applied: 022_demo_command_center_sessions.sql

      at Object.log [as runMigrations] (src/db.js:1312:42)

  console.log
    [DB] Migration applied: 023_homepage_demo_admission.sql

      at Object.log [as runMigrations] (src/db.js:1312:42)

  console.log
    [DB] Migration applied: 024_homepage_verified_purge_receipt.sql

      at Object.log [as runMigrations] (src/db.js:1312:42)

  console.log
    [DB] Migration applied: 025_provider_agnostic_knowledge_registry.sql

      at Object.log [as runMigrations] (src/db.js:1312:42)

  console.log
    [DB] Migration applied: 026_canonical_knowledge_review_publication.sql

      at Object.log [as runMigrations] (src/db.js:1312:42)

  console.log
    [DB] Migration applied: 027_canonical_knowledge_audit_graph_authority.sql

      at Object.log [as runMigrations] (src/db.js:1312:42)

  console.log
    [DB] Migration applied: 028_canonical_knowledge_immutable_lifecycle.sql

      at Object.log [as runMigrations] (src/db.js:1312:42)

  console.log
    [DB] Migration applied: 001_initial_schema.sql

      at Object.log [as runMigrations] (src/db.js:1312:42)

  console.log
    [DB] Migration applied: 002_seed_data.sql

      at Object.log [as runMigrations] (src/db.js:1312:42)

  console.log
    [DB] Migration applied: 003_voice_sessions.sql

      at Object.log [as runMigrations] (src/db.js:1312:42)

  console.log
    [DB] Migration applied: 004_canonical_persistence_v2.sql

      at Object.log [as runMigrations] (src/db.js:1312:42)

  console.log
    [DB] Migration applied: 005_canonical_organization_authority.sql

      at Object.log [as runMigrations] (src/db.js:1312:42)

  console.log
    [DB] Migration applied: 006_canonical_voice_sessions.sql

      at Object.log [as runMigrations] (src/db.js:1312:42)

  console.log
    [DB] Migration applied: 007_canonical_tax_authority.sql

      at Object.log [as runMigrations] (src/db.js:1312:42)

  console.log
    [DB] Migration applied: 008_canonical_demo_authority.sql

      at Object.log [as runMigrations] (src/db.js:1312:42)

  console.log
    [DB] Migration applied: 009_canonical_voice_provider_identity.sql

      at Object.log [as runMigrations] (src/db.js:1312:42)

  console.log
    [DB] Migration applied: 010_account_session_authority.sql

      at Object.log [as runMigrations] (src/db.js:1312:42)

  console.log
    [DB] Migration applied: 011_oauth_authorization_states.sql

      at Object.log [as runMigrations] (src/db.js:1312:42)

  console.log
    [DB] Migration applied: 012_account_verification_trial.sql

      at Object.log [as runMigrations] (src/db.js:1312:42)

  console.log
    [DB] Migration applied: 015_workforce_authority.sql

      at Object.log [as runMigrations] (src/db.js:1312:42)

  console.log
    [DB] Migration applied: 016_tenant_asset_catalogue.sql

      at Object.log [as runMigrations] (src/db.js:1312:42)

  console.log
    [DB] Migration applied: 017_retell_webhook_replay_authority.sql

      at Object.log [as runMigrations] (src/db.js:1312:42)

  console.log
    [DB] Migration applied: 018_canonical_map_preferences.sql

      at Object.log [as runMigrations] (src/db.js:1312:42)

  console.log
    [DB] Migration applied: 019_account_email_outbox.sql

      at Object.log [as runMigrations] (src/db.js:1312:42)

  console.log
    [DB] Migration applied: 020_canonical_workforce_access_roles.sql

      at Object.log [as runMigrations] (src/db.js:1312:42)

  console.log
    [DB] Migration applied: 021_bounded_api_observability.sql

      at Object.log [as runMigrations] (src/db.js:1312:42)

  console.log
    [DB] Migration applied: 022_demo_command_center_sessions.sql

      at Object.log [as runMigrations] (src/db.js:1312:42)

  console.log
    [DB] Migration applied: 023_homepage_demo_admission.sql

      at Object.log [as runMigrations] (src/db.js:1312:42)

  console.log
    [DB] Migration applied: 024_homepage_verified_purge_receipt.sql

      at Object.log [as runMigrations] (src/db.js:1312:42)

  console.log
    [DB] Migration applied: 025_provider_agnostic_knowledge_registry.sql

      at Object.log [as runMigrations] (src/db.js:1312:42)

  console.log
    [DB] Migration applied: 026_canonical_knowledge_review_publication.sql

      at Object.log [as runMigrations] (src/db.js:1312:42)

  console.log
    [DB] Migration applied: 027_canonical_knowledge_audit_graph_authority.sql

      at Object.log [as runMigrations] (src/db.js:1312:42)

  console.log
    [DB] Migration applied: 028_canonical_knowledge_immutable_lifecycle.sql

      at Object.log [as runMigrations] (src/db.js:1312:42)

  console.log
    [DB] Migration applied: 001_initial_schema.sql

      at log (src/db.js:1312:42)

  console.log
    [DB] Migration applied: 002_seed_data.sql

      at log (src/db.js:1312:42)

  console.log
    [DB] Migration applied: 003_voice_sessions.sql

      at log (src/db.js:1312:42)

  console.log
    [DB] Migration applied: 004_canonical_persistence_v2.sql

      at log (src/db.js:1312:42)

  console.log
    [DB] Migration applied: 005_canonical_organization_authority.sql

      at log (src/db.js:1312:42)

  console.log
    [DB] Migration applied: 006_canonical_voice_sessions.sql

      at log (src/db.js:1312:42)

  console.log
    [DB] Migration applied: 007_canonical_tax_authority.sql

      at log (src/db.js:1312:42)

  console.log
    [DB] Migration applied: 008_canonical_demo_authority.sql

      at log (src/db.js:1312:42)

  console.log
    [DB] Migration applied: 009_canonical_voice_provider_identity.sql

      at log (src/db.js:1312:42)

  console.log
    [DB] Migration applied: 010_account_session_authority.sql

      at log (src/db.js:1312:42)

  console.log
    [DB] Migration applied: 011_oauth_authorization_states.sql

      at log (src/db.js:1312:42)

  console.log
    [DB] Migration applied: 012_account_verification_trial.sql

      at log (src/db.js:1312:42)

  console.log
    [DB] Migration applied: 015_workforce_authority.sql

      at log (src/db.js:1312:42)

  console.log
    [DB] Migration applied: 016_tenant_asset_catalogue.sql

      at log (src/db.js:1312:42)

  console.log
    [DB] Migration applied: 017_retell_webhook_replay_authority.sql

      at log (src/db.js:1312:42)

  console.log
    [DB] Migration applied: 018_canonical_map_preferences.sql

      at log (src/db.js:1312:42)

  console.log
    [DB] Migration applied: 019_account_email_outbox.sql

      at log (src/db.js:1312:42)

  console.log
    [DB] Migration applied: 020_canonical_workforce_access_roles.sql

      at log (src/db.js:1312:42)

  console.log
    [DB] Migration applied: 021_bounded_api_observability.sql

      at log (src/db.js:1312:42)

  console.log
    [DB] Migration applied: 022_demo_command_center_sessions.sql

      at log (src/db.js:1312:42)

  console.log
    [DB] Migration applied: 023_homepage_demo_admission.sql

      at log (src/db.js:1312:42)

  console.log
    [DB] Migration applied: 024_homepage_verified_purge_receipt.sql

      at log (src/db.js:1312:42)

  console.log
    [DB] Migration applied: 025_provider_agnostic_knowledge_registry.sql

      at log (src/db.js:1312:42)

  console.log
    [DB] Migration applied: 026_canonical_knowledge_review_publication.sql

      at log (src/db.js:1312:42)

  console.log
    [DB] Migration applied: 027_canonical_knowledge_audit_graph_authority.sql

      at log (src/db.js:1312:42)

  console.log
    [DB] Migration applied: 028_canonical_knowledge_immutable_lifecycle.sql

      at log (src/db.js:1312:42)

  console.log
    [DB] Migration applied: 029_canonical_knowledge_transactional_sync.sql

      at log (src/db.js:1312:42)

  console.log
    [DB] Migration applied: 030_canonical_knowledge_sync_revocation.sql

      at log (src/db.js:1312:42)

  console.log
    [DB] Migration applied: 031_canonical_knowledge_sync_recovery_lifecycle.sql

      at log (src/db.js:1312:42)

  console.log
    [DB] Migration applied: 032_canonical_schedule_assignment_authority.sql

      at log (src/db.js:1312:42)

  console.log
    [DB] Migration applied: 033_canonical_schedule_time_evidence.sql

      at log (src/db.js:1312:42)

  console.log
    [DB] Migration applied: 034_schedule_availability_conflict_authority.sql

      at log (src/db.js:1312:42)

  console.log
    [DB] Migration applied: 035_schedule_human_preview_approval.sql

      at log (src/db.js:1312:42)

  console.info
    {
      component: 'http',
      event: 'request_completed',
      requestId: 'b34d008f-87cc-4852-a0ac-402b21dacdda',
      methodClass: 'GET',
      durationMs: 5,
      statusCode: 200
    }

      at write (src/observability/safeLogger.js:178:17)

  console.info
    {
      component: 'http',
      event: 'request_completed',
      requestId: '4e2d7e10-cb81-4105-85e2-fad70f66194f',
      methodClass: 'PUT',
      durationMs: 8,
      statusCode: 200
    }

      at write (src/observability/safeLogger.js:178:17)

  console.info
    {
      component: 'http',
      event: 'request_completed',
      requestId: '503b5540-a0e0-4d4e-b9dc-220e8a1ad011',
      methodClass: 'GET',
      durationMs: 41,
      statusCode: 200
    }

      at write (src/observability/safeLogger.js:178:17)

  console.info
    {
      component: 'http',
      event: 'request_completed',
      requestId: '73d3ec63-377f-4267-9157-aaf0470e7514',
      methodClass: 'PUT',
      durationMs: 8,
      statusCode: 200
    }

      at write (src/observability/safeLogger.js:178:17)

  console.info
    {
      component: 'http',
      event: 'request_completed',
      requestId: 'b6bbac1c-2f5e-4a21-b24d-19b3038be33f',
      methodClass: 'GET',
      durationMs: 3,
      statusCode: 200
    }

      at write (src/observability/safeLogger.js:178:17)

  console.log
    [Simulations] Canonical graph committed: {"operationId":"6e3d6a9d-9811-47f7-abcb-d37c645c5e18","service":"fence","replayed":false}

      at log (src/routes/simulations.js:131:11)

  console.info
    {
      component: 'http',
      event: 'request_completed',
      requestId: 'a9150568-4fa7-49d8-a11a-e7a13c698a31',
      methodClass: 'POST',
      durationMs: 31,
      statusCode: 201
    }

      at write (src/observability/safeLogger.js:178:17)

  console.info
    {
      component: 'http',
      event: 'request_completed',
      requestId: '2a65cf75-4a91-40b9-8915-17cc507ba0da',
      methodClass: 'GET',
      durationMs: 3,
      statusCode: 200
    }

      at write (src/observability/safeLogger.js:178:17)

  console.info
    {
      component: 'http',
      event: 'request_completed',
      requestId: '13d12ea2-d8d7-441b-9e4b-5f6059d163f8',
      methodClass: 'PUT',
      durationMs: 8,
      statusCode: 200
    }

      at write (src/observability/safeLogger.js:178:17)

  console.log
    [Simulations] Canonical graph committed: {"operationId":"36b4a6ee-6713-487b-815e-33fee976e270","service":"fence","replayed":false}

      at log (src/routes/simulations.js:131:11)

  console.info
    {
      component: 'http',
      event: 'request_completed',
      requestId: 'daa8daba-1065-46bf-b54f-35f22b672ad9',
      methodClass: 'POST',
      durationMs: 35,
      statusCode: 201
    }

      at write (src/observability/safeLogger.js:178:17)

  console.info
    {
      component: 'http',
      event: 'request_completed',
      requestId: '0a264389-ec25-48a7-b2bf-0a0fe8b7eb74',
      methodClass: 'PUT',
      durationMs: 3,
      statusCode: 400
    }

      at write (src/observability/safeLogger.js:178:17)

  console.info
    {
      component: 'http',
      event: 'request_completed',
      requestId: 'd0d882a9-bfea-42a5-87e6-41f9fbc7d9c0',
      methodClass: 'GET',
      durationMs: 3,
      statusCode: 200
    }

      at write (src/observability/safeLogger.js:178:17)

  console.info
    {
      component: 'http',
      event: 'request_completed',
      requestId: '350d9a42-c27d-41dc-a079-ab291e869654',
      methodClass: 'PUT',
      durationMs: 3,
      statusCode: 403
    }

      at write (src/observability/safeLogger.js:178:17)

  console.info
    {
      component: 'http',
      event: 'request_completed',
      requestId: '18191b52-f968-4464-b301-2fbbdead7fb2',
      methodClass: 'GET',
      durationMs: 4,
      statusCode: 200
    }

      at write (src/observability/safeLogger.js:178:17)

  console.info
    {
      component: 'http',
      event: 'request_completed',
      requestId: '529f887e-dd3d-43d6-8274-ca19a7c778f3',
      methodClass: 'PUT',
      durationMs: 3,
      statusCode: 400
    }

      at write (src/observability/safeLogger.js:178:17)

  console.info
    {
      component: 'http',
      event: 'request_completed',
      requestId: '17e5c7e1-f142-45d7-992f-d6292c50711d',
      methodClass: 'PUT',
      durationMs: 2,
      statusCode: 400
    }

      at write (src/observability/safeLogger.js:178:17)

  console.info
    {
      component: 'http',
      event: 'request_completed',
      requestId: 'eb955e4e-ec4c-463c-92a4-60fa84d6eec3',
      methodClass: 'PUT',
      durationMs: 3,
      statusCode: 400
    }

      at write (src/observability/safeLogger.js:178:17)

  console.info
    {
      component: 'http',
      event: 'request_completed',
      requestId: '6b438292-ce81-4a5f-9329-df0076780de0',
      methodClass: 'PUT',
      durationMs: 2,
      statusCode: 400
    }

      at write (src/observability/safeLogger.js:178:17)

  console.info
    {
      component: 'http',
      event: 'request_completed',
      requestId: '7832a93b-fe90-4cf6-89cd-990c8530aa7f',
      methodClass: 'PUT',
      durationMs: 3,
      statusCode: 400
    }

      at write (src/observability/safeLogger.js:178:17)

  console.info
    {
      component: 'http',
      event: 'request_completed',
      requestId: '43ea2be2-acc7-4e72-9310-4a1e96efdba1',
      methodClass: 'PUT',
      durationMs: 2,
      statusCode: 400
    }

      at write (src/observability/safeLogger.js:178:17)

  console.info
    {
      component: 'http',
      event: 'request_completed',
      requestId: '0ac38bd1-1381-428b-b243-3fa1d802fea2',
      methodClass: 'PUT',
      durationMs: 2,
      statusCode: 400
    }

      at write (src/observability/safeLogger.js:178:17)

  console.info
    {
      component: 'http',
      event: 'request_completed',
      requestId: 'b600f89e-ba22-4845-9c6e-0dffeefa656d',
      methodClass: 'PUT',
      durationMs: 3,
      statusCode: 400
    }

      at write (src/observability/safeLogger.js:178:17)

  console.info
    {
      component: 'http',
      event: 'request_completed',
      requestId: 'befacce7-b648-4fcc-827e-d116e4a6eec7',
      methodClass: 'PUT',
      durationMs: 3,
      statusCode: 400
    }

      at write (src/observability/safeLogger.js:178:17)

  console.info
    {
      component: 'http',
      event: 'request_completed',
      requestId: '3feca1d6-b616-46be-9b5b-1224c0ad3d0d',
      methodClass: 'PUT',
      durationMs: 2,
      statusCode: 400
    }

      at write (src/observability/safeLogger.js:178:17)

  console.info
    {
      component: 'http',
      event: 'request_completed',
      requestId: 'a2bbbe08-9f87-4325-8280-179636ad0057',
      methodClass: 'PUT',
      durationMs: 2,
      statusCode: 400
    }

      at write (src/observability/safeLogger.js:178:17)

  console.info
    {
      component: 'http',
      event: 'request_completed',
      requestId: '71ebb810-e80c-43aa-a24e-988689edb477',
      methodClass: 'PUT',
      durationMs: 2,
      statusCode: 400
    }

      at write (src/observability/safeLogger.js:178:17)

  console.info
    {
      component: 'http',
      event: 'request_completed',
      requestId: '80ad006b-59eb-4a71-b1a4-0184707c8e80',
      methodClass: 'PUT',
      durationMs: 3,
      statusCode: 400
    }

      at write (src/observability/safeLogger.js:178:17)

  console.info
    {
      component: 'http',
      event: 'request_completed',
      requestId: 'f80ba4f5-e6d6-4463-a160-d1211e0878db',
      methodClass: 'PUT',
      durationMs: 2,
      statusCode: 400
    }

      at write (src/observability/safeLogger.js:178:17)

  console.info
    {
      component: 'http',
      event: 'request_completed',
      requestId: '19b0a276-cdb3-49f0-9f34-324e4aed3be6',
      methodClass: 'PUT',
      durationMs: 2,
      statusCode: 400
    }

      at write (src/observability/safeLogger.js:178:17)

  console.info
    {
      component: 'http',
      event: 'request_completed',
      requestId: 'd72b005e-3971-42e6-9ab1-d15e5c4dab44',
      methodClass: 'PUT',
      durationMs: 3,
      statusCode: 400
    }

      at write (src/observability/safeLogger.js:178:17)

  console.info
    {
      component: 'http',
      event: 'request_completed',
      requestId: 'b105757d-7a73-4508-aa27-dd296b0a03f8',
      methodClass: 'PUT',
      durationMs: 2,
      statusCode: 400
    }

      at write (src/observability/safeLogger.js:178:17)

  console.info
    {
      component: 'http',
      event: 'request_completed',
      requestId: '072be66e-458d-4047-8e33-7c6fb8c321bc',
      methodClass: 'PUT',
      durationMs: 3,
      statusCode: 400
    }

      at write (src/observability/safeLogger.js:178:17)

  console.info
    {
      component: 'http',
      event: 'request_completed',
      requestId: '1156b3ec-12b9-48e8-85fb-a70f8a9e2492',
      methodClass: 'PUT',
      durationMs: 3,
      statusCode: 400
    }

      at write (src/observability/safeLogger.js:178:17)

  console.info
    {
      component: 'http',
      event: 'request_completed',
      requestId: '5d1db4cf-a22d-4a13-8d49-1376f362487a',
      methodClass: 'PUT',
      durationMs: 2,
      statusCode: 400
    }

      at write (src/observability/safeLogger.js:178:17)

  console.info
    {
      component: 'http',
      event: 'request_completed',
      requestId: 'd102d5c0-d19e-4179-8dae-dac1ba4f21a3',
      methodClass: 'GET',
      durationMs: 3,
      statusCode: 200
    }

      at write (src/observability/safeLogger.js:178:17)

  console.info
    {
      component: 'http',
      event: 'request_completed',
      requestId: 'e4ac9d4b-0fc1-48d2-8cda-47151eecc64d',
      methodClass: 'GET',
      durationMs: 3,
      statusCode: 200
    }

      at write (src/observability/safeLogger.js:178:17)

  console.info
    {
      component: 'http',
      event: 'request_completed',
      requestId: '3534189c-57a8-4d90-9c02-76262b9fa583',
      methodClass: 'PUT',
      durationMs: 7,
      statusCode: 200
    }

      at write (src/observability/safeLogger.js:178:17)

  console.info
    {
      component: 'http',
      event: 'request_completed',
      requestId: 'ff03bd8d-2c24-407b-8847-14ef50bbc68b',
      methodClass: 'GET',
      durationMs: 3,
      statusCode: 200
    }

      at write (src/observability/safeLogger.js:178:17)

  console.info
    {
      component: 'http',
      event: 'request_completed',
      requestId: '92a9ff41-4b18-4a6f-910d-410d83b825f5',
      methodClass: 'GET',
      durationMs: 3,
      statusCode: 200
    }

      at write (src/observability/safeLogger.js:178:17)

  console.info
    {
      component: 'http',
      event: 'request_completed',
      requestId: '63922949-7276-42be-bffc-24a3bc9a3a8c',
      methodClass: 'PUT',
      durationMs: 2,
      statusCode: 403
    }

      at write (src/observability/safeLogger.js:178:17)

  console.info
    {
      component: 'http',
      event: 'request_completed',
      requestId: '924c343b-8dfd-4e63-bc49-eafa2dfc500c',
      methodClass: 'PUT',
      durationMs: 14,
      statusCode: 200
    }

      at write (src/observability/safeLogger.js:178:17)

  console.info
    {
      component: 'http',
      event: 'request_completed',
      requestId: '7ea644cd-0957-44e0-89e9-4062e8ab217a',
      methodClass: 'GET',
      durationMs: 3,
      statusCode: 200
    }

      at write (src/observability/safeLogger.js:178:17)

  console.info
    {
      component: 'http',
      event: 'request_completed',
      requestId: '2769a8c0-e97a-41bc-bc40-faa7511ac1c2',
      methodClass: 'GET',
      durationMs: 3,
      statusCode: 200
    }

      at write (src/observability/safeLogger.js:178:17)

  console.info
    {
      component: 'http',
      event: 'request_completed',
      requestId: '5efa8e3e-8324-4a5b-9af9-8201cc85dbf4',
      methodClass: 'GET',
      durationMs: 2,
      statusCode: 200
    }

      at write (src/observability/safeLogger.js:178:17)

  console.info
    {
      component: 'http',
      event: 'request_completed',
      requestId: '70f75fd5-c5ac-4a33-88e0-8fcba15f9364',
      methodClass: 'PUT',
      durationMs: 8,
      statusCode: 200
    }

      at write (src/observability/safeLogger.js:178:17)

  console.info
    {
      component: 'http',
      event: 'request_completed',
      requestId: 'c9df65ec-aefe-44f3-840d-488281dd721b',
      methodClass: 'PUT',
      durationMs: 3,
      statusCode: 400
    }

      at write (src/observability/safeLogger.js:178:17)

  console.info
    {
      component: 'http',
      event: 'request_completed',
      requestId: '36982f40-4546-4652-ad07-176100ac977a',
      methodClass: 'PUT',
      durationMs: 3,
      statusCode: 400
    }

      at write (src/observability/safeLogger.js:178:17)

  console.info
    {
      component: 'http',
      event: 'request_completed',
      requestId: '2a022cae-78bd-4e3e-aa86-a6f5fec4355c',
      methodClass: 'PUT',
      durationMs: 3,
      statusCode: 400
    }

      at write (src/observability/safeLogger.js:178:17)

  console.info
    {
      component: 'http',
      event: 'request_completed',
      requestId: 'ef854b67-96bf-4bea-a3d4-75a55b7d99fa',
      methodClass: 'PUT',
      durationMs: 3,
      statusCode: 400
    }

      at write (src/observability/safeLogger.js:178:17)

  console.info
    {
      component: 'http',
      event: 'request_completed',
      requestId: '9fbc9219-ef05-4c1a-a340-98b18416059f',
      methodClass: 'PUT',
      durationMs: 3,
      statusCode: 400
    }

      at write (src/observability/safeLogger.js:178:17)

  console.info
    {
      component: 'http',
      event: 'request_completed',
      requestId: '827a70d7-93c3-42c2-a581-f6a05bceb1ac',
      methodClass: 'PUT',
      durationMs: 2,
      statusCode: 403
    }

      at write (src/observability/safeLogger.js:178:17)

  console.info
    {
      component: 'http',
      event: 'request_completed',
      requestId: '2b08ff78-8c4d-4c7f-ae0a-3bb06f323f79',
      methodClass: 'PUT',
      durationMs: 7,
      statusCode: 200
    }

      at write (src/observability/safeLogger.js:178:17)

  console.info
    {
      component: 'http',
      event: 'request_completed',
      requestId: '882cd960-f82e-452d-b91c-70d60455bf86',
      methodClass: 'GET',
      durationMs: 3,
      statusCode: 200
    }

      at write (src/observability/safeLogger.js:178:17)

  console.info
    {
      component: 'http',
      event: 'request_completed',
      requestId: 'ab9379dc-6edd-4653-8584-fc427a00a22c',
      methodClass: 'GET',
      durationMs: 2,
      statusCode: 200
    }

      at write (src/observability/safeLogger.js:178:17)

  console.info
    {
      component: 'http',
      event: 'request_completed',
      requestId: '674041b4-f10b-4a70-9c48-c06eb21a46ef',
      methodClass: 'GET',
      durationMs: 3,
      statusCode: 200
    }

      at write (src/observability/safeLogger.js:178:17)

  console.info
    {
      component: 'http',
      event: 'request_completed',
      requestId: '256cb9b7-0448-4c08-a725-4dddbd7fe292',
      methodClass: 'GET',
      durationMs: 2,
      statusCode: 200
    }

      at write (src/observability/safeLogger.js:178:17)

  console.info
    {
      component: 'http',
      event: 'request_completed',
      requestId: '8d61d631-c007-4700-98d9-7ddba04cba3f',
      methodClass: 'PUT',
      durationMs: 7,
      statusCode: 200
    }

      at write (src/observability/safeLogger.js:178:17)

  console.info
    {
      component: 'http',
      event: 'request_completed',
      requestId: '1b84e077-5dec-4f21-b8da-f1c4e1e76351',
      methodClass: 'GET',
      durationMs: 3,
      statusCode: 200
    }

      at write (src/observability/safeLogger.js:178:17)

  console.info
    {
      component: 'http',
      event: 'request_completed',
      requestId: 'ece6c563-9ca7-4dba-8e35-9e9fe613f852',
      methodClass: 'GET',
      durationMs: 3,
      statusCode: 200
    }

      at write (src/observability/safeLogger.js:178:17)

  console.info
    {
      component: 'http',
      event: 'request_completed',
      requestId: '7ef35529-343d-4c6d-995b-b7faf2c80180',
      methodClass: 'GET',
      durationMs: 2,
      statusCode: 200
    }

      at write (src/observability/safeLogger.js:178:17)

  console.info
    {
      component: 'http',
      event: 'request_completed',
      requestId: '566e90ff-a032-4b34-beff-91605560bc51',
      methodClass: 'PUT',
      durationMs: 3,
      statusCode: 400
    }

      at write (src/observability/safeLogger.js:178:17)

  console.info
    {
      component: 'http',
      event: 'request_completed',
      requestId: 'aa4c8a12-e36a-460f-85bf-304539ea714c',
      methodClass: 'PUT',
      durationMs: 3,
      statusCode: 400
    }

      at write (src/observability/safeLogger.js:178:17)

  console.info
    {
      component: 'http',
      event: 'request_completed',
      requestId: '0dac570f-654f-4884-a956-aa0c97aa1827',
      methodClass: 'PUT',
      durationMs: 3,
      statusCode: 400
    }

      at write (src/observability/safeLogger.js:178:17)

  console.info
    {
      component: 'http',
      event: 'request_completed',
      requestId: '5e68d759-28eb-48f5-ad98-0c27e0f88aca',
      methodClass: 'PUT',
      durationMs: 3,
      statusCode: 403
    }

      at write (src/observability/safeLogger.js:178:17)

  console.log
    [DB] Migration applied: 001_initial_schema.sql

      at log (src/db.js:1312:42)

  console.log
    [DB] Migration applied: 002_seed_data.sql

      at log (src/db.js:1312:42)

  console.log
    [DB] Migration applied: 003_voice_sessions.sql

      at log (src/db.js:1312:42)

  console.log
    [DB] Migration applied: 004_canonical_persistence_v2.sql

      at log (src/db.js:1312:42)

  console.log
    [DB] Migration applied: 005_canonical_organization_authority.sql

      at log (src/db.js:1312:42)

  console.log
    [DB] Migration applied: 006_canonical_voice_sessions.sql

      at log (src/db.js:1312:42)

  console.log
    [DB] Migration applied: 007_canonical_tax_authority.sql

      at log (src/db.js:1312:42)

  console.log
    [DB] Migration applied: 008_canonical_demo_authority.sql

      at log (src/db.js:1312:42)

  console.log
    [DB] Migration applied: 009_canonical_voice_provider_identity.sql

      at log (src/db.js:1312:42)

  console.log
    [DB] Migration applied: 010_account_session_authority.sql

      at log (src/db.js:1312:42)

  console.log
    [DB] Migration applied: 011_oauth_authorization_states.sql

      at log (src/db.js:1312:42)

  console.log
    [DB] Migration applied: 012_account_verification_trial.sql

      at log (src/db.js:1312:42)

  console.log
    [DB] Migration applied: 015_workforce_authority.sql

      at log (src/db.js:1312:42)

  console.log
    [DB] Migration applied: 016_tenant_asset_catalogue.sql

      at log (src/db.js:1312:42)

  console.log
    [DB] Migration applied: 017_retell_webhook_replay_authority.sql

      at log (src/db.js:1312:42)

  console.log
    [DB] Migration applied: 018_canonical_map_preferences.sql

      at log (src/db.js:1312:42)

  console.log
    [DB] Migration applied: 019_account_email_outbox.sql

      at log (src/db.js:1312:42)

  console.log
    [DB] Migration applied: 020_canonical_workforce_access_roles.sql

      at log (src/db.js:1312:42)

  console.log
    [DB] Migration applied: 021_bounded_api_observability.sql

      at log (src/db.js:1312:42)

  console.log
    [DB] Migration applied: 022_demo_command_center_sessions.sql

      at log (src/db.js:1312:42)

  console.log
    [DB] Migration applied: 023_homepage_demo_admission.sql

      at log (src/db.js:1312:42)

  console.log
    [DB] Migration applied: 024_homepage_verified_purge_receipt.sql

      at log (src/db.js:1312:42)

  console.log
    [DB] Migration applied: 025_provider_agnostic_knowledge_registry.sql

      at log (src/db.js:1312:42)

  console.log
    [DB] Migration applied: 026_canonical_knowledge_review_publication.sql

      at log (src/db.js:1312:42)

  console.log
    [DB] Migration applied: 027_canonical_knowledge_audit_graph_authority.sql

      at log (src/db.js:1312:42)

  console.log
    [DB] Migration applied: 028_canonical_knowledge_immutable_lifecycle.sql

      at log (src/db.js:1312:42)

  console.log
    [DB] Migration applied: 029_canonical_knowledge_transactional_sync.sql

      at log (src/db.js:1312:42)

  console.log
    [DB] Migration applied: 030_canonical_knowledge_sync_revocation.sql

      at log (src/db.js:1312:42)

  console.log
    [DB] Migration applied: 031_canonical_knowledge_sync_recovery_lifecycle.sql

      at log (src/db.js:1312:42)

  console.log
    [DB] Migration applied: 032_canonical_schedule_assignment_authority.sql

      at log (src/db.js:1312:42)

  console.log
    [DB] Migration applied: 033_canonical_schedule_time_evidence.sql

      at log (src/db.js:1312:42)

  console.log
    [DB] Migration applied: 034_schedule_availability_conflict_authority.sql

      at log (src/db.js:1312:42)

  console.log
    [DB] Migration applied: 035_schedule_human_preview_approval.sql

      at log (src/db.js:1312:42)

  console.info
    {
      component: 'http',
      event: 'request_completed',
      requestId: '638d0e9b-29b7-4c75-8a92-595154e939c7',
      methodClass: 'GET',
      durationMs: 6,
      statusCode: 200
    }

      at write (src/observability/safeLogger.js:178:17)

  console.info
    {
      component: 'http',
      event: 'request_completed',
      requestId: 'ab122d2c-2da4-4a36-9fd8-7a8c9e2bca3b',
      methodClass: 'GET',
      durationMs: 3,
      statusCode: 200
    }

      at write (src/observability/safeLogger.js:178:17)

  console.info
    {
      component: 'http',
      event: 'request_completed',
      requestId: '27db4905-c591-46fe-834c-f6d43017517a',
      methodClass: 'GET',
      durationMs: 3,
      statusCode: 200
    }

      at write (src/observability/safeLogger.js:178:17)

  console.info
    {
      component: 'http',
      event: 'request_completed',
      requestId: 'cd18b384-4769-4aad-b254-283a424f0dc8',
      methodClass: 'GET',
      durationMs: 3,
      statusCode: 200
    }

      at write (src/observability/safeLogger.js:178:17)

  console.info
    {
      component: 'http',
      event: 'request_completed',
      requestId: '54628148-cbe3-48d5-b2cc-d85033a6df0a',
      methodClass: 'GET',
      durationMs: 3,
      statusCode: 200
    }

      at write (src/observability/safeLogger.js:178:17)

  console.info
    {
      component: 'http',
      event: 'request_completed',
      requestId: '49f28a9b-aea9-4603-84b8-9876e8aa58d5',
      methodClass: 'GET',
      durationMs: 3,
      statusCode: 200
    }

      at write (src/observability/safeLogger.js:178:17)

  console.info
    {
      component: 'http',
      event: 'request_completed',
      requestId: 'cb56d546-9c77-4c3d-a3b3-aba244f70ef9',
      methodClass: 'PUT',
      durationMs: 3,
      statusCode: 403
    }

      at write (src/observability/safeLogger.js:178:17)

  console.info
    {
      component: 'http',
      event: 'request_completed',
      requestId: '95e646e2-7d55-416a-be4c-4cac85f38dc5',
      methodClass: 'PUT',
      durationMs: 5,
      statusCode: 403
    }

      at write (src/observability/safeLogger.js:178:17)

  console.info
    {
      component: 'http',
      event: 'request_completed',
      requestId: '078a7ffc-e7ab-49f5-8313-6011df8ea23b',
      methodClass: 'PUT',
      durationMs: 8,
      statusCode: 200
    }

      at write (src/observability/safeLogger.js:178:17)

  console.info
    {
      component: 'http',
      event: 'request_completed',
      requestId: 'bdbf8dbb-b6ca-43fc-a52c-44f1b97b4f5e',
      methodClass: 'GET',
      durationMs: 3,
      statusCode: 200
    }

      at write (src/observability/safeLogger.js:178:17)

  console.info
    {
      component: 'http',
      event: 'request_completed',
      requestId: 'ce534227-6eb8-4611-bebe-a565af6f8a67',
      methodClass: 'PUT',
      durationMs: 2,
      statusCode: 400
    }

      at write (src/observability/safeLogger.js:178:17)

  console.info
    {
      component: 'http',
      event: 'request_completed',
      requestId: 'f1e2efbc-3171-43ac-b1de-ff767b195316',
      methodClass: 'PUT',
      durationMs: 2,
      statusCode: 400
    }

      at write (src/observability/safeLogger.js:178:17)

  console.info
    {
      component: 'http',
      event: 'request_completed',
      requestId: '90eaa3f3-1dc9-4c0e-9c9e-097ac5f3df3e',
      methodClass: 'PUT',
      durationMs: 2,
      statusCode: 400
    }

      at write (src/observability/safeLogger.js:178:17)

  console.info
    {
      component: 'http',
      event: 'request_completed',
      requestId: '53380be6-1913-41e0-af30-1243b427cc23',
      methodClass: 'PUT',
      durationMs: 2,
      statusCode: 400
    }

      at write (src/observability/safeLogger.js:178:17)

  console.info
    {
      component: 'http',
      event: 'request_completed',
      requestId: 'cc5eb62c-f52a-4cb8-9fa7-3c58d1abf56b',
      methodClass: 'PUT',
      durationMs: 2,
      statusCode: 400
    }

      at write (src/observability/safeLogger.js:178:17)

  console.info
    {
      component: 'http',
      event: 'request_completed',
      requestId: '81bfe478-dbca-4336-9031-0cc216693819',
      methodClass: 'PUT',
      durationMs: 2,
      statusCode: 400
    }

      at write (src/observability/safeLogger.js:178:17)

  console.info
    {
      component: 'http',
      event: 'request_completed',
      requestId: '06d22581-d548-4de2-87f6-1d1c94fc740d',
      methodClass: 'PUT',
      durationMs: 2,
      statusCode: 400
    }

      at write (src/observability/safeLogger.js:178:17)

  console.info
    {
      component: 'http',
      event: 'request_completed',
      requestId: '9c029fed-6cf6-4978-973b-fae813843775',
      methodClass: 'PUT',
      durationMs: 2,
      statusCode: 400
    }

      at write (src/observability/safeLogger.js:178:17)

  console.info
    {
      component: 'http',
      event: 'request_completed',
      requestId: '40facfea-5dc6-4c15-928c-bd36822d6e82',
      methodClass: 'PUT',
      durationMs: 4,
      statusCode: 400
    }

      at write (src/observability/safeLogger.js:178:17)

  console.info
    {
      component: 'http',
      event: 'request_completed',
      requestId: '1ee362fc-5a28-40a5-9855-ee466acae69a',
      methodClass: 'PUT',
      durationMs: 3,
      statusCode: 400
    }

      at write (src/observability/safeLogger.js:178:17)

  console.info
    {
      component: 'http',
      event: 'request_completed',
      requestId: '9e05194d-aac7-49e3-b3f0-60415c18978e',
      methodClass: 'PUT',
      durationMs: 6,
      statusCode: 200
    }

      at write (src/observability/safeLogger.js:178:17)

  console.info
    {
      component: 'http',
      event: 'request_completed',
      requestId: 'd2c63613-dd4a-4b01-b69b-6cf2b6c4c5ff',
      methodClass: 'PUT',
      durationMs: 8,
      statusCode: 200
    }

      at write (src/observability/safeLogger.js:178:17)

  console.info
    {
      component: 'http',
      event: 'request_completed',
      requestId: '9c47c1aa-b6fa-4c85-830b-9c379d02ea4a',
      methodClass: 'GET',
      durationMs: 3,
      statusCode: 200
    }

      at write (src/observability/safeLogger.js:178:17)

  console.info
    {
      component: 'http',
      event: 'request_completed',
      requestId: 'aa896743-9e48-48f2-b46c-30299268a1c8',
      methodClass: 'PUT',
      durationMs: 6,
      statusCode: 200
    }

      at write (src/observability/safeLogger.js:178:17)

  console.info
    {
      component: 'http',
      event: 'request_completed',
      requestId: '539b81a8-da00-412f-b1b0-8575cef4bc04',
      methodClass: 'PUT',
      durationMs: 8,
      statusCode: 200
    }

      at write (src/observability/safeLogger.js:178:17)

  console.info
    {
      component: 'http',
      event: 'request_completed',
      requestId: '318c3ca2-75e1-4616-9b20-afefb6b9abee',
      methodClass: 'PUT',
      durationMs: 3,
      statusCode: 409
    }

      at write (src/observability/safeLogger.js:178:17)

  console.info
    {
      component: 'http',
      event: 'request_completed',
      requestId: 'd342764a-4b14-4c0c-acb5-ec314d18b217',
      methodClass: 'PUT',
      durationMs: 6,
      statusCode: 200
    }

      at write (src/observability/safeLogger.js:178:17)

  console.info
    {
      component: 'http',
      event: 'request_completed',
      requestId: '4b371758-e2da-4416-a077-122d3d8f85ef',
      methodClass: 'PUT',
      durationMs: 7,
      statusCode: 200
    }

      at write (src/observability/safeLogger.js:178:17)

  console.info
    {
      component: 'http',
      event: 'request_completed',
      requestId: '6fc08f96-fefd-4be3-8b5b-860296f2f64b',
      methodClass: 'GET',
      durationMs: 3,
      statusCode: 200
    }

      at write (src/observability/safeLogger.js:178:17)

  console.info
    {
      component: 'http',
      event: 'request_completed',
      requestId: '84bc5136-8589-4dd5-b7ec-0afef4a88347',
      methodClass: 'PUT',
      durationMs: 7,
      statusCode: 200
    }

      at write (src/observability/safeLogger.js:178:17)

  console.info
    {
      component: 'http',
      event: 'request_completed',
      requestId: 'c46df933-6ae0-4984-8731-2faacb46be95',
      methodClass: 'PUT',
      durationMs: 3,
      statusCode: 400
    }

      at write (src/observability/safeLogger.js:178:17)

  console.info
    {
      component: 'http',
      event: 'request_completed',
      requestId: 'dc711f26-6890-4aac-9235-ab7c40684fde',
      methodClass: 'PUT',
      durationMs: 7,
      statusCode: 200
    }

      at write (src/observability/safeLogger.js:178:17)

  console.info
    {
      component: 'http',
      event: 'request_completed',
      requestId: '15c9e67b-f59a-4339-80da-0a4c2cdce1d3',
      methodClass: 'PUT',
      durationMs: 6,
      statusCode: 200
    }

      at write (src/observability/safeLogger.js:178:17)

  console.info
    {
      component: 'http',
      event: 'request_completed',
      requestId: 'c5a92d1c-9089-4330-9a2d-1203c3cc054a',
      methodClass: 'PUT',
      durationMs: 7,
      statusCode: 200
    }

      at write (src/observability/safeLogger.js:178:17)

  console.info
    {
      component: 'http',
      event: 'request_completed',
      requestId: 'a14dcb95-50dc-40fd-97ab-a21de214216a',
      methodClass: 'GET',
      durationMs: 3,
      statusCode: 200
    }

      at write (src/observability/safeLogger.js:178:17)

  console.info
    {
      component: 'http',
      event: 'request_completed',
      requestId: '5a7c861a-f79b-463d-b3ee-ec48cef0668f',
      methodClass: 'PUT',
      durationMs: 4,
      statusCode: 400
    }

      at write (src/observability/safeLogger.js:178:17)

  console.info
    {
      component: 'http',
      event: 'request_completed',
      requestId: 'b08969f2-ae83-48d8-8211-3d61034aee75',
      methodClass: 'PUT',
      durationMs: 7,
      statusCode: 200
    }

      at write (src/observability/safeLogger.js:178:17)

  console.info
    {
      component: 'http',
      event: 'request_completed',
      requestId: 'ce142b92-1e43-42ce-82d4-eb72f30426d6',
      methodClass: 'GET',
      durationMs: 4,
      statusCode: 200
    }

      at write (src/observability/safeLogger.js:178:17)

  console.info
    {
      component: 'http',
      event: 'request_completed',
      requestId: 'cb34bd86-7ade-4467-b395-3528239f7e24',
      methodClass: 'PUT',
      durationMs: 7,
      statusCode: 200
    }

      at write (src/observability/safeLogger.js:178:17)

  console.info
    {
      component: 'http',
      event: 'request_completed',
      requestId: '01d2347a-e4c1-4504-af77-088bef48c69e',
      methodClass: 'PUT',
      durationMs: 3,
      statusCode: 409
    }

      at write (src/observability/safeLogger.js:178:17)

  console.info
    {
      component: 'http',
      event: 'request_completed',
      requestId: '197b62f4-aa12-41d9-a45f-09f98edcaec9',
      methodClass: 'PUT',
      durationMs: 6,
      statusCode: 200
    }

      at write (src/observability/safeLogger.js:178:17)

  console.info
    {
      component: 'http',
      event: 'request_completed',
      requestId: '57071c06-8ba7-44e6-87e9-e75df52f1973',
      methodClass: 'PUT',
      durationMs: 5,
      statusCode: 200
    }

      at write (src/observability/safeLogger.js:178:17)

  console.info
    {
      component: 'http',
      event: 'request_completed',
      requestId: 'd560f84a-c55f-4a1f-8495-03b6fef87069',
      methodClass: 'PUT',
      durationMs: 3,
      statusCode: 409
    }

      at write (src/observability/safeLogger.js:178:17)

  console.info
    {
      component: 'http',
      event: 'request_completed',
      requestId: '80fae844-7f56-4add-b848-8335348546e3',
      methodClass: 'PUT',
      durationMs: 6,
      statusCode: 200
    }

      at write (src/observability/safeLogger.js:178:17)

  console.info
    {
      component: 'http',
      event: 'request_completed',
      requestId: '37add68d-19ee-414e-a268-f3a4c1c54f83',
      methodClass: 'PUT',
      durationMs: 9,
      statusCode: 409
    }

      at write (src/observability/safeLogger.js:178:17)

  console.info
    {
      component: 'http',
      event: 'request_completed',
      requestId: 'e08cb6ca-8787-4da4-89a9-b31ed6cb1e80',
      methodClass: 'PUT',
      durationMs: 6,
      statusCode: 200
    }

      at write (src/observability/safeLogger.js:178:17)

  console.info
    {
      component: 'http',
      event: 'request_completed',
      requestId: '2a1422b0-01e7-4ca7-9387-afb81ded762a',
      methodClass: 'PUT',
      durationMs: 6,
      statusCode: 200
    }

      at write (src/observability/safeLogger.js:178:17)

  console.info
    {
      component: 'http',
      event: 'request_completed',
      requestId: 'e106d1d1-06c6-480d-8cca-6df9e018bf5c',
      methodClass: 'PUT',
      durationMs: 8,
      statusCode: 200
    }

      at write (src/observability/safeLogger.js:178:17)

  console.info
    {
      component: 'http',
      event: 'request_completed',
      requestId: '5909d19b-0d24-440a-8888-59cf795deda1',
      methodClass: 'PUT',
      durationMs: 7,
      statusCode: 200
    }

      at write (src/observability/safeLogger.js:178:17)

  console.info
    {
      component: 'http',
      event: 'request_completed',
      requestId: '26fd71d6-0104-4c4a-8c56-84cfaa3ffdb5',
      methodClass: 'PUT',
      durationMs: 7,
      statusCode: 200
    }

      at write (src/observability/safeLogger.js:178:17)

  console.info
    {
      component: 'http',
      event: 'request_completed',
      requestId: '16a08438-0080-492e-a648-702e4563036b',
      methodClass: 'GET',
      durationMs: 3,
      statusCode: 200
    }

      at write (src/observability/safeLogger.js:178:17)

  console.info
    {
      component: 'http',
      event: 'request_completed',
      requestId: '2820b739-afb2-47ac-aeee-4bb21ec9c2b3',
      methodClass: 'PUT',
      durationMs: 7,
      statusCode: 200
    }

      at write (src/observability/safeLogger.js:178:17)

  console.info
    {
      component: 'http',
      event: 'request_completed',
      requestId: '0f3b1959-139c-4eb9-af9d-12d590cafad2',
      methodClass: 'PUT',
      durationMs: 8,
      statusCode: 200
    }

      at write (src/observability/safeLogger.js:178:17)

  console.info
    {
      component: 'http',
      event: 'request_completed',
      requestId: '7bbc94dc-46d9-4a3b-9ca5-cee495095049',
      methodClass: 'PUT',
      durationMs: 3,
      statusCode: 409
    }

      at write (src/observability/safeLogger.js:178:17)

  console.info
    {
      component: 'http',
      event: 'request_completed',
      requestId: 'ec7dc613-de80-4fdb-94d6-f1dc8419cf69',
      methodClass: 'PUT',
      durationMs: 7,
      statusCode: 200
    }

      at write (src/observability/safeLogger.js:178:17)

  console.info
    {
      component: 'http',
      event: 'request_completed',
      requestId: 'f18ec3a7-6916-4276-8c1a-d3584088c9d0',
      methodClass: 'PUT',
      durationMs: 3,
      statusCode: 409
    }

      at write (src/observability/safeLogger.js:178:17)

  console.info
    {
      component: 'http',
      event: 'request_completed',
      requestId: 'a14363f2-6b3a-4a43-89de-39cf3a3bd370',
      methodClass: 'PUT',
      durationMs: 7,
      statusCode: 200
    }

      at write (src/observability/safeLogger.js:178:17)

  console.info
    {
      component: 'http',
      event: 'request_completed',
      requestId: '4ed610bd-836f-4eeb-a2f7-b89a1fe51b88',
      methodClass: 'PUT',
      durationMs: 9,
      statusCode: 409
    }

      at write (src/observability/safeLogger.js:178:17)

  console.info
    {
      component: 'http',
      event: 'request_completed',
      requestId: '835c703f-e47e-4dc6-bfbf-6c6d635eab7b',
      methodClass: 'PUT',
      durationMs: 6,
      statusCode: 200
    }

      at write (src/observability/safeLogger.js:178:17)

  console.info
    {
      component: 'http',
      event: 'request_completed',
      requestId: '40dd070d-cd35-428e-8971-5f34fd985540',
      methodClass: 'PUT',
      durationMs: 8,
      statusCode: 200
    }

      at write (src/observability/safeLogger.js:178:17)

  console.info
    {
      component: 'http',
      event: 'request_completed',
      requestId: '0c6e52ee-3ffe-4256-af8d-b8279946fdd4',
      methodClass: 'GET',
      durationMs: 3,
      statusCode: 200
    }

      at write (src/observability/safeLogger.js:178:17)

  console.info
    {
      component: 'http',
      event: 'request_completed',
      requestId: '10a0626a-0a74-4638-ad89-cf6fce2b5b0e',
      methodClass: 'PUT',
      durationMs: 6,
      statusCode: 200
    }

      at write (src/observability/safeLogger.js:178:17)

  console.info
    {
      component: 'http',
      event: 'request_completed',
      requestId: 'ec6825ba-647c-4a78-8dc6-d8652081fa6a',
      methodClass: 'PUT',
      durationMs: 7,
      statusCode: 200
    }

      at write (src/observability/safeLogger.js:178:17)

  console.info
    {
      component: 'http',
      event: 'request_completed',
      requestId: 'f0d0ebfa-f0d6-4ed8-a695-b50c106faac7',
      methodClass: 'GET',
      durationMs: 4,
      statusCode: 200
    }

      at write (src/observability/safeLogger.js:178:17)

  console.info
    {
      component: 'http',
      event: 'request_completed',
      requestId: 'ce930ba0-000a-4776-8a9a-f858041c4108',
      methodClass: 'PUT',
      durationMs: 7,
      statusCode: 200
    }

      at write (src/observability/safeLogger.js:178:17)

  console.info
    {
      component: 'http',
      event: 'request_completed',
      requestId: '73452819-b135-4c73-b267-7720c5247496',
      methodClass: 'PUT',
      durationMs: 6,
      statusCode: 200
    }

      at write (src/observability/safeLogger.js:178:17)

  console.info
    {
      component: 'http',
      event: 'request_completed',
      requestId: 'c6cae634-6a04-40e8-adcf-9e19506949cc',
      methodClass: 'PUT',
      durationMs: 8,
      statusCode: 200
    }

      at write (src/observability/safeLogger.js:178:17)

  console.info
    {
      component: 'http',
      event: 'request_completed',
      requestId: 'b6558cd3-9ca1-4744-b1e9-3ae10ddd3fc8',
      methodClass: 'PUT',
      durationMs: 7,
      statusCode: 200
    }

      at write (src/observability/safeLogger.js:178:17)

  console.info
    {
      component: 'http',
      event: 'request_completed',
      requestId: '75c2969a-f29d-4af4-8b9d-ad3846ceab46',
      methodClass: 'GET',
      durationMs: 4,
      statusCode: 200
    }

      at write (src/observability/safeLogger.js:178:17)

  console.info
    {
      component: 'http',
      event: 'request_completed',
      requestId: 'f3fed698-ec6c-4959-927c-9befda087aa0',
      methodClass: 'PUT',
      durationMs: 6,
      statusCode: 200
    }

      at write (src/observability/safeLogger.js:178:17)

  console.info
    {
      component: 'http',
      event: 'request_completed',
      requestId: 'a9d18b54-1093-485c-82f0-8bf1c1d90b1c',
      methodClass: 'PUT',
      durationMs: 7,
      statusCode: 200
    }

      at write (src/observability/safeLogger.js:178:17)

  console.info
    {
      component: 'http',
      event: 'request_completed',
      requestId: '591200aa-7a8e-4965-83ec-7cd6b7b5e1ed',
      methodClass: 'GET',
      durationMs: 3,
      statusCode: 200
    }

      at write (src/observability/safeLogger.js:178:17)

  console.info
    {
      component: 'http',
      event: 'request_completed',
      requestId: '8e9c4407-c30b-4822-9fdd-ce6147bb35cf',
      methodClass: 'GET',
      durationMs: 3,
      statusCode: 200
    }

      at write (src/observability/safeLogger.js:178:17)

  console.info
    {
      component: 'http',
      event: 'request_completed',
      requestId: 'd6fc77d6-edb8-4bcf-b08e-01ade932cc63',
      methodClass: 'PUT',
      durationMs: 6,
      statusCode: 200
    }

      at write (src/observability/safeLogger.js:178:17)

  console.info
    {
      component: 'http',
      event: 'request_completed',
      requestId: 'eb8dbddc-ee0e-415e-95ba-e61492cce837',
      methodClass: 'PUT',
      durationMs: 8,
      statusCode: 200
    }

      at write (src/observability/safeLogger.js:178:17)

  console.info
    {
      component: 'http',
      event: 'request_completed',
      requestId: '205b04a6-4023-4e2e-8ebe-11ec4816335e',
      methodClass: 'PUT',
      durationMs: 6,
      statusCode: 200
    }

      at write (src/observability/safeLogger.js:178:17)

  console.info
    {
      component: 'http',
      event: 'request_completed',
      requestId: '3f3fd01b-53cf-4373-80e3-cd3fcd0c076b',
      methodClass: 'GET',
      durationMs: 3,
      statusCode: 200
    }

      at write (src/observability/safeLogger.js:178:17)

  console.info
    {
      component: 'http',
      event: 'request_completed',
      requestId: 'ec74d53f-65f8-4a19-b4da-b367b1ce8d1f',
      methodClass: 'GET',
      durationMs: 4,
      statusCode: 200
    }

      at write (src/observability/safeLogger.js:178:17)

  console.info
    {
      component: 'http',
      event: 'request_completed',
      requestId: '272ed90d-7939-4614-909f-415064216edb',
      methodClass: 'PUT',
      durationMs: 6,
      statusCode: 200
    }

      at write (src/observability/safeLogger.js:178:17)

  console.info
    {
      component: 'http',
      event: 'request_completed',
      requestId: 'e23e2575-4dbd-4834-8905-9976706e4a14',
      methodClass: 'PUT',
      durationMs: 7,
      statusCode: 200
    }

      at write (src/observability/safeLogger.js:178:17)

  console.info
    {
      component: 'http',
      event: 'request_completed',
      requestId: 'cdb536ad-67bf-4a71-9ce3-58c31110f341',
      methodClass: 'GET',
      durationMs: 4,
      statusCode: 200
    }

      at write (src/observability/safeLogger.js:178:17)

  console.info
    {
      component: 'http',
      event: 'request_completed',
      requestId: 'f1330918-8ea7-428f-a2b9-67cfdc48c30c',
      methodClass: 'PUT',
      durationMs: 3,
      statusCode: 400
    }

      at write (src/observability/safeLogger.js:178:17)

  console.info
    {
      component: 'http',
      event: 'request_completed',
      requestId: 'c4d54977-4255-4a80-8297-cab31c867eb0',
      methodClass: 'PUT',
      durationMs: 7,
      statusCode: 200
    }

      at write (src/observability/safeLogger.js:178:17)

  console.info
    {
      component: 'http',
      event: 'request_completed',
      requestId: '039e7f75-01ea-40e6-95a5-5b5e3b917265',
      methodClass: 'GET',
      durationMs: 3,
      statusCode: 200
    }

      at write (src/observability/safeLogger.js:178:17)

  console.info
    {
      component: 'http',
      event: 'request_completed',
      requestId: '2d6b2677-aa4a-42f6-8337-0d126fc0042e',
      methodClass: 'PUT',
      durationMs: 7,
      statusCode: 200
    }

      at write (src/observability/safeLogger.js:178:17)

  console.info
    {
      component: 'http',
      event: 'request_completed',
      requestId: 'c5e65a9c-324e-465d-850b-10e910518067',
      methodClass: 'GET',
      durationMs: 3,
      statusCode: 200
    }

      at write (src/observability/safeLogger.js:178:17)

  console.info
    {
      component: 'http',
      event: 'request_completed',
      requestId: '6197ef29-6d1f-4e35-8278-e99341d50626',
      methodClass: 'PUT',
      durationMs: 6,
      statusCode: 200
    }

      at write (src/observability/safeLogger.js:178:17)

  console.info
    {
      component: 'http',
      event: 'request_completed',
      requestId: '529be691-a0a1-4716-801c-5d78685f8b5b',
      methodClass: 'GET',
      durationMs: 3,
      statusCode: 200
    }

      at write (src/observability/safeLogger.js:178:17)

  console.info
    {
      component: 'http',
      event: 'request_completed',
      requestId: '65ddf367-96ef-4451-bca4-5b6188d811fa',
      methodClass: 'PUT',
      durationMs: 8,
      statusCode: 200
    }

      at write (src/observability/safeLogger.js:178:17)

  console.info
    {
      component: 'http',
      event: 'request_completed',
      requestId: '18f25321-879b-4319-a893-43654849d1c2',
      methodClass: 'PUT',
      durationMs: 9,
      statusCode: 409
    }

      at write (src/observability/safeLogger.js:178:17)

  console.info
    {
      component: 'http',
      event: 'request_completed',
      requestId: 'a9aec4a6-4297-4807-b1f3-33265a75acff',
      methodClass: 'GET',
      durationMs: 3,
      statusCode: 200
    }

      at write (src/observability/safeLogger.js:178:17)

  console.info
    {
      component: 'http',
      event: 'request_completed',
      requestId: '67337899-904a-4db4-90f6-3b767edf6d79',
      methodClass: 'PUT',
      durationMs: 7,
      statusCode: 200
    }

      at write (src/observability/safeLogger.js:178:17)

  console.info
    {
      component: 'http',
      event: 'request_completed',
      requestId: '070ddb01-c17d-4e58-a205-2c6f7218220b',
      methodClass: 'PUT',
      durationMs: 5,
      statusCode: 200
    }

      at write (src/observability/safeLogger.js:178:17)

  console.info
    {
      component: 'http',
      event: 'request_completed',
      requestId: '367d94f0-f622-4acb-b023-d1435da9b195',
      methodClass: 'PUT',
      durationMs: 7,
      statusCode: 200
    }

      at write (src/observability/safeLogger.js:178:17)

  console.info
    {
      component: 'http',
      event: 'request_completed',
      requestId: 'b4818c9a-4455-4d20-b542-d16ab131478d',
      methodClass: 'GET',
      durationMs: 3,
      statusCode: 200
    }

      at write (src/observability/safeLogger.js:178:17)

  console.info
    {
      component: 'http',
      event: 'request_completed',
      requestId: '3fca9819-a2dd-4f8a-a8e1-c5c30c8324d3',
      methodClass: 'PUT',
      durationMs: 7,
      statusCode: 200
    }

      at write (src/observability/safeLogger.js:178:17)

  console.info
    {
      component: 'http',
      event: 'request_completed',
      requestId: 'a197a483-0854-4c2f-9bfe-b3217a40ec63',
      methodClass: 'PUT',
      durationMs: 6,
      statusCode: 200
    }

      at write (src/observability/safeLogger.js:178:17)

  console.info
    {
      component: 'http',
      event: 'request_completed',
      requestId: '07d2c395-a9c9-44db-83f9-73e070eafe07',
      methodClass: 'PUT',
      durationMs: 7,
      statusCode: 200
    }

      at write (src/observability/safeLogger.js:178:17)

  console.info
    {
      component: 'http',
      event: 'request_completed',
      requestId: '6be6a63f-3293-4fcd-a0aa-d8c6311fbc28',
      methodClass: 'PUT',
      durationMs: 7,
      statusCode: 200
    }

      at write (src/observability/safeLogger.js:178:17)

  console.info
    {
      component: 'http',
      event: 'request_completed',
      requestId: 'd4f28cd6-bc2a-4aa1-ad82-68ab8454f26c',
      methodClass: 'GET',
      durationMs: 4,
      statusCode: 200
    }

      at write (src/observability/safeLogger.js:178:17)

  console.info
    {
      component: 'http',
      event: 'request_completed',
      requestId: '7ab1b2f8-baaf-4635-a252-3101e3304b36',
      methodClass: 'PUT',
      durationMs: 3,
      statusCode: 400
    }

      at write (src/observability/safeLogger.js:178:17)

  console.info
    {
      component: 'http',
      event: 'request_completed',
      requestId: 'bb1ea2c4-c786-4c37-aef4-0eee1e0f3801',
      methodClass: 'PUT',
      durationMs: 6,
      statusCode: 200
    }

      at write (src/observability/safeLogger.js:178:17)

  console.info
    {
      component: 'http',
      event: 'request_completed',
      requestId: '245cffa1-b07d-4490-b3ee-bff4b271bcc5',
      methodClass: 'PUT',
      durationMs: 7,
      statusCode: 200
    }

      at write (src/observability/safeLogger.js:178:17)

  console.log
    [DB] Migration applied: 001_initial_schema.sql

      at Object.log [as runMigrations] (src/db.js:1312:42)

  console.log
    [DB] Migration applied: 002_seed_data.sql

      at Object.log [as runMigrations] (src/db.js:1312:42)

  console.log
    [DB] Migration applied: 003_voice_sessions.sql

      at Object.log [as runMigrations] (src/db.js:1312:42)

  console.log
    [DB] Migration applied: 004_canonical_persistence_v2.sql

      at Object.log [as runMigrations] (src/db.js:1312:42)

  console.log
    [DB] Migration applied: 005_canonical_organization_authority.sql

      at Object.log [as runMigrations] (src/db.js:1312:42)

  console.log
    [DB] Migration applied: 006_canonical_voice_sessions.sql

      at Object.log [as runMigrations] (src/db.js:1312:42)

  console.log
    [DB] Migration applied: 007_canonical_tax_authority.sql

      at Object.log [as runMigrations] (src/db.js:1312:42)

  console.log
    [DB] Migration applied: 008_canonical_demo_authority.sql

      at Object.log [as runMigrations] (src/db.js:1312:42)

  console.log
    [DB] Migration applied: 009_canonical_voice_provider_identity.sql

      at Object.log [as runMigrations] (src/db.js:1312:42)

  console.log
    [DB] Migration applied: 010_account_session_authority.sql

      at Object.log [as runMigrations] (src/db.js:1312:42)

  console.log
    [DB] Migration applied: 011_oauth_authorization_states.sql

      at Object.log [as runMigrations] (src/db.js:1312:42)

  console.log
    [DB] Migration applied: 012_account_verification_trial.sql

      at Object.log [as runMigrations] (src/db.js:1312:42)

  console.log
    [DB] Migration applied: 015_workforce_authority.sql

      at Object.log [as runMigrations] (src/db.js:1312:42)

  console.log
    [DB] Migration applied: 016_tenant_asset_catalogue.sql

      at Object.log [as runMigrations] (src/db.js:1312:42)

  console.log
    [DB] Migration applied: 017_retell_webhook_replay_authority.sql

      at Object.log [as runMigrations] (src/db.js:1312:42)

  console.log
    [DB] Migration applied: 018_canonical_map_preferences.sql

      at Object.log [as runMigrations] (src/db.js:1312:42)

  console.log
    [DB] Migration applied: 019_account_email_outbox.sql

      at Object.log [as runMigrations] (src/db.js:1312:42)

  console.log
    [DB] Migration applied: 020_canonical_workforce_access_roles.sql

      at Object.log [as runMigrations] (src/db.js:1312:42)

  console.log
    [DB] Migration applied: 021_bounded_api_observability.sql

      at Object.log [as runMigrations] (src/db.js:1312:42)

  console.log
    [DB] Migration applied: 022_demo_command_center_sessions.sql

      at Object.log [as runMigrations] (src/db.js:1312:42)

  console.log
    [DB] Migration applied: 023_homepage_demo_admission.sql

      at Object.log [as runMigrations] (src/db.js:1312:42)

  console.log
    [DB] Migration applied: 024_homepage_verified_purge_receipt.sql

      at Object.log [as runMigrations] (src/db.js:1312:42)

  console.log
    [DB] Migration applied: 025_provider_agnostic_knowledge_registry.sql

      at Object.log [as runMigrations] (src/db.js:1312:42)

  console.log
    [DB] Migration applied: 026_canonical_knowledge_review_publication.sql

      at Object.log [as runMigrations] (src/db.js:1312:42)

  console.log
    [DB] Migration applied: 027_canonical_knowledge_audit_graph_authority.sql

      at Object.log [as runMigrations] (src/db.js:1312:42)

  console.log
    [DB] Migration applied: 028_canonical_knowledge_immutable_lifecycle.sql

      at Object.log [as runMigrations] (src/db.js:1312:42)

  console.log
    [DB] Migration applied: 029_canonical_knowledge_transactional_sync.sql

      at Object.log [as runMigrations] (src/db.js:1312:42)

  console.log
    [DB] Migration applied: 030_canonical_knowledge_sync_revocation.sql

      at Object.log [as runMigrations] (src/db.js:1312:42)

  console.log
    [DB] Migration applied: 031_canonical_knowledge_sync_recovery_lifecycle.sql

      at Object.log [as runMigrations] (src/db.js:1312:42)

  console.log
    [DB] Migration applied: 032_canonical_schedule_assignment_authority.sql

      at Object.log [as runMigrations] (src/db.js:1312:42)

  console.log
    [DB] Migration applied: 033_canonical_schedule_time_evidence.sql

      at Object.log [as runMigrations] (src/db.js:1312:42)

  console.log
    [DB] Migration applied: 034_schedule_availability_conflict_authority.sql

      at Object.log [as runMigrations] (src/db.js:1312:42)

  console.log
    [DB] Migration applied: 035_schedule_human_preview_approval.sql

      at Object.log [as runMigrations] (src/db.js:1312:42)

  console.log
    [DB] Migration applied: 001_initial_schema.sql

      at Object.log [as runMigrations] (src/db.js:1312:42)

  console.log
    [DB] Migration applied: 002_seed_data.sql

      at Object.log [as runMigrations] (src/db.js:1312:42)

  console.log
    [DB] Migration applied: 003_voice_sessions.sql

      at Object.log [as runMigrations] (src/db.js:1312:42)

  console.log
    [DB] Migration applied: 004_canonical_persistence_v2.sql

      at Object.log [as runMigrations] (src/db.js:1312:42)

  console.log
    [DB] Migration applied: 005_canonical_organization_authority.sql

      at Object.log [as runMigrations] (src/db.js:1312:42)

  console.log
    [DB] Migration applied: 006_canonical_voice_sessions.sql

      at Object.log [as runMigrations] (src/db.js:1312:42)

  console.log
    [DB] Migration applied: 007_canonical_tax_authority.sql

      at Object.log [as runMigrations] (src/db.js:1312:42)

  console.log
    [DB] Migration applied: 008_canonical_demo_authority.sql

      at Object.log [as runMigrations] (src/db.js:1312:42)

  console.log
    [DB] Migration applied: 009_canonical_voice_provider_identity.sql

      at Object.log [as runMigrations] (src/db.js:1312:42)

  console.log
    [DB] Migration applied: 010_account_session_authority.sql

      at Object.log [as runMigrations] (src/db.js:1312:42)

  console.log
    [DB] Migration applied: 011_oauth_authorization_states.sql

      at Object.log [as runMigrations] (src/db.js:1312:42)

  console.log
    [DB] Migration applied: 012_account_verification_trial.sql

      at Object.log [as runMigrations] (src/db.js:1312:42)

  console.log
    [DB] Migration applied: 015_workforce_authority.sql

      at Object.log [as runMigrations] (src/db.js:1312:42)

  console.log
    [DB] Migration applied: 016_tenant_asset_catalogue.sql

      at Object.log [as runMigrations] (src/db.js:1312:42)

  console.log
    [DB] Migration applied: 017_retell_webhook_replay_authority.sql

      at Object.log [as runMigrations] (src/db.js:1312:42)

  console.log
    [DB] Migration applied: 018_canonical_map_preferences.sql

      at Object.log [as runMigrations] (src/db.js:1312:42)

  console.log
    [DB] Migration applied: 020_canonical_workforce_access_roles.sql

      at Object.log [as runMigrations] (src/db.js:1312:42)

  console.log
    [DB] Migration applied: 021_bounded_api_observability.sql

      at Object.log [as runMigrations] (src/db.js:1312:42)

  console.log
    [DB] Migration applied: 022_demo_command_center_sessions.sql

      at Object.log [as runMigrations] (src/db.js:1312:42)

  console.log
    [DB] Migration applied: 023_homepage_demo_admission.sql

      at Object.log [as runMigrations] (src/db.js:1312:42)

  console.log
    [DB] Migration applied: 024_homepage_verified_purge_receipt.sql

      at Object.log [as runMigrations] (src/db.js:1312:42)

  console.log
    [DB] Migration applied: 025_provider_agnostic_knowledge_registry.sql

      at Object.log [as runMigrations] (src/db.js:1312:42)

  console.log
    [DB] Migration applied: 026_canonical_knowledge_review_publication.sql

      at Object.log [as runMigrations] (src/db.js:1312:42)

  console.log
    [DB] Migration applied: 027_canonical_knowledge_audit_graph_authority.sql

      at Object.log [as runMigrations] (src/db.js:1312:42)

  console.log
    [DB] Migration applied: 028_canonical_knowledge_immutable_lifecycle.sql

      at Object.log [as runMigrations] (src/db.js:1312:42)

  console.log
    [DB] Migration applied: 029_canonical_knowledge_transactional_sync.sql

      at Object.log [as runMigrations] (src/db.js:1312:42)

  console.log
    [DB] Migration applied: 030_canonical_knowledge_sync_revocation.sql

      at Object.log [as runMigrations] (src/db.js:1312:42)

  console.log
    [DB] Migration applied: 031_canonical_knowledge_sync_recovery_lifecycle.sql

      at Object.log [as runMigrations] (src/db.js:1312:42)

  console.log
    [DB] Migration applied: 032_canonical_schedule_assignment_authority.sql

      at Object.log [as runMigrations] (src/db.js:1312:42)

  console.log
    [DB] Migration applied: 033_canonical_schedule_time_evidence.sql

      at Object.log [as runMigrations] (src/db.js:1312:42)

  console.log
    [DB] Migration applied: 034_schedule_availability_conflict_authority.sql

      at Object.log [as runMigrations] (src/db.js:1312:42)

  console.log
    [DB] Migration applied: 035_schedule_human_preview_approval.sql

      at Object.log [as runMigrations] (src/db.js:1312:42)

  console.log
    [DB] Migration applied: 019_account_email_outbox.sql

      at Object.log [as runMigrations] (src/db.js:1312:42)

  console.log
    [DB] Migration applied: 001_initial_schema.sql

      at Object.log [as runMigrations] (src/db.js:1312:42)

  console.log
    [DB] Migration applied: 002_seed_data.sql

      at Object.log [as runMigrations] (src/db.js:1312:42)

  console.log
    [DB] Migration applied: 003_voice_sessions.sql

      at Object.log [as runMigrations] (src/db.js:1312:42)

  console.log
    [DB] Migration applied: 004_canonical_persistence_v2.sql

      at Object.log [as runMigrations] (src/db.js:1312:42)

  console.log
    [DB] Migration applied: 005_canonical_organization_authority.sql

      at Object.log [as runMigrations] (src/db.js:1312:42)

  console.log
    [DB] Migration applied: 006_canonical_voice_sessions.sql

      at Object.log [as runMigrations] (src/db.js:1312:42)

  console.log
    [DB] Migration applied: 007_canonical_tax_authority.sql

      at Object.log [as runMigrations] (src/db.js:1312:42)

  console.log
    [DB] Migration applied: 008_canonical_demo_authority.sql

      at Object.log [as runMigrations] (src/db.js:1312:42)

  console.log
    [DB] Migration applied: 009_canonical_voice_provider_identity.sql

      at Object.log [as runMigrations] (src/db.js:1312:42)

  console.log
    [DB] Migration applied: 010_account_session_authority.sql

      at Object.log [as runMigrations] (src/db.js:1312:42)

  console.log
    [DB] Migration applied: 011_oauth_authorization_states.sql

      at Object.log [as runMigrations] (src/db.js:1312:42)

  console.log
    [DB] Migration applied: 012_account_verification_trial.sql

      at Object.log [as runMigrations] (src/db.js:1312:42)

  console.log
    [DB] Migration applied: 015_workforce_authority.sql

      at Object.log [as runMigrations] (src/db.js:1312:42)

  console.log
    [DB] Migration applied: 016_tenant_asset_catalogue.sql

      at Object.log [as runMigrations] (src/db.js:1312:42)

  console.log
    [DB] Migration applied: 017_retell_webhook_replay_authority.sql

      at Object.log [as runMigrations] (src/db.js:1312:42)

  console.log
    [DB] Migration applied: 018_canonical_map_preferences.sql

      at Object.log [as runMigrations] (src/db.js:1312:42)

  console.log
    [DB] Migration applied: 019_account_email_outbox.sql

      at Object.log [as runMigrations] (src/db.js:1312:42)

  console.log
    [DB] Migration applied: 020_canonical_workforce_access_roles.sql

      at Object.log [as runMigrations] (src/db.js:1312:42)

  console.log
    [DB] Migration applied: 021_bounded_api_observability.sql

      at Object.log [as runMigrations] (src/db.js:1312:42)

  console.log
    [DB] Migration applied: 022_demo_command_center_sessions.sql

      at Object.log [as runMigrations] (src/db.js:1312:42)

  console.log
    [DB] Migration applied: 023_homepage_demo_admission.sql

      at Object.log [as runMigrations] (src/db.js:1312:42)

  console.log
    [DB] Migration applied: 024_homepage_verified_purge_receipt.sql

      at Object.log [as runMigrations] (src/db.js:1312:42)

  console.log
    [DB] Migration applied: 025_provider_agnostic_knowledge_registry.sql

      at Object.log [as runMigrations] (src/db.js:1312:42)

  console.log
    [DB] Migration applied: 026_canonical_knowledge_review_publication.sql

      at Object.log [as runMigrations] (src/db.js:1312:42)

  console.log
    [DB] Migration applied: 027_canonical_knowledge_audit_graph_authority.sql

      at Object.log [as runMigrations] (src/db.js:1312:42)

  console.log
    [DB] Migration applied: 028_canonical_knowledge_immutable_lifecycle.sql

      at Object.log [as runMigrations] (src/db.js:1312:42)

  console.log
    [DB] Migration applied: 029_canonical_knowledge_transactional_sync.sql

      at Object.log [as runMigrations] (src/db.js:1312:42)

  console.log
    [DB] Migration applied: 030_canonical_knowledge_sync_revocation.sql

      at Object.log [as runMigrations] (src/db.js:1312:42)

  console.log
    [DB] Migration applied: 031_canonical_knowledge_sync_recovery_lifecycle.sql

      at Object.log [as runMigrations] (src/db.js:1312:42)

  console.log
    [DB] Migration applied: 032_canonical_schedule_assignment_authority.sql

      at Object.log [as runMigrations] (src/db.js:1312:42)

  console.log
    [DB] Migration applied: 033_canonical_schedule_time_evidence.sql

      at Object.log [as runMigrations] (src/db.js:1312:42)

  console.log
    [DB] Migration applied: 034_schedule_availability_conflict_authority.sql

      at Object.log [as runMigrations] (src/db.js:1312:42)

  console.log
    [DB] Migration applied: 035_schedule_human_preview_approval.sql

      at Object.log [as runMigrations] (src/db.js:1312:42)

  console.info
    {
      component: 'http',
      event: 'request_completed',
      requestId: '175bca9d-5bbd-4744-a295-73321bbb3e9d',
      methodClass: 'GET',
      durationMs: 19,
      statusCode: 200
    }

      at write (src/observability/safeLogger.js:178:17)

  console.info
    {
      component: 'http',
      event: 'request_completed',
      requestId: 'f0c41c2d-14e0-4ab2-932a-3a6bb591f0cb',
      methodClass: 'GET',
      durationMs: 10,
      statusCode: 200
    }

      at write (src/observability/safeLogger.js:178:17)

  console.info
    {
      component: 'http',
      event: 'request_completed',
      requestId: 'aab6bebe-98b8-4ee8-aa02-0078166c87d6',
      methodClass: 'GET',
      durationMs: 10,
      statusCode: 200
    }

      at write (src/observability/safeLogger.js:178:17)

  console.info
    {
      component: 'http',
      event: 'request_completed',
      requestId: '411f2edb-c8e7-4cda-8d8b-d8b8aaa287c4',
      methodClass: 'GET',
      durationMs: 10,
      statusCode: 200
    }

      at write (src/observability/safeLogger.js:178:17)

  console.info
    {
      component: 'http',
      event: 'request_completed',
      requestId: '3379f705-6369-4538-b8c8-269efc90e397',
      methodClass: 'GET',
      durationMs: 3,
      statusCode: 403
    }

      at write (src/observability/safeLogger.js:178:17)

  console.info
    {
      component: 'http',
      event: 'request_completed',
      requestId: 'a9fa6232-1c7f-4c70-b62e-c05147aa2542',
      methodClass: 'GET',
      durationMs: 37,
      statusCode: 401
    }

      at write (src/observability/safeLogger.js:178:17)

  console.info
    {
      component: 'http',
      event: 'request_completed',
      requestId: '745f969b-51db-4e32-bafd-587f4b07c7d0',
      methodClass: 'GET',
      durationMs: 0,
      statusCode: 401
    }

      at write (src/observability/safeLogger.js:178:17)

  console.info
    {
      component: 'http',
      event: 'request_completed',
      requestId: '3f6f3662-59b2-4ca8-8980-f4faea2d4c08',
      methodClass: 'GET',
      durationMs: 5,
      statusCode: 404
    }

      at write (src/observability/safeLogger.js:178:17)

  console.info
    {
      component: 'http',
      event: 'request_completed',
      requestId: '43d9c8b6-d642-4438-9461-4c2399463be3',
      methodClass: 'GET',
      durationMs: 10,
      statusCode: 200
    }

      at write (src/observability/safeLogger.js:178:17)

  console.info
    {
      component: 'http',
      event: 'request_completed',
      requestId: 'c849652a-cf39-4f3b-ab59-141e00a8a731',
      methodClass: 'POST',
      durationMs: 3,
      statusCode: 403
    }

      at write (src/observability/safeLogger.js:178:17)

  console.info
    {
      component: 'http',
      event: 'request_completed',
      requestId: '27adecb1-cb51-49a2-ac6f-ec5db20b3d52',
      methodClass: 'POST',
      durationMs: 2,
      statusCode: 403
    }

      at write (src/observability/safeLogger.js:178:17)

  console.info
    {
      component: 'http',
      event: 'request_completed',
      requestId: '2fe14560-1aea-4dd7-b3eb-1571655820f5',
      methodClass: 'POST',
      durationMs: 2,
      statusCode: 400
    }

      at write (src/observability/safeLogger.js:178:17)

  console.info
    {
      component: 'http',
      event: 'request_completed',
      requestId: '3c2fc4a9-3b5f-4b08-ad0b-e4e51cb16311',
      methodClass: 'GET',
      durationMs: 11,
      statusCode: 200
    }

      at write (src/observability/safeLogger.js:178:17)

  console.info
    {
      component: 'http',
      event: 'request_completed',
      requestId: 'c6f4555a-d8e6-456c-ae7e-4a487bf9a7f5',
      methodClass: 'POST',
      durationMs: 26,
      statusCode: 201
    }

      at write (src/observability/safeLogger.js:178:17)

  console.info
    {
      component: 'http',
      event: 'request_completed',
      requestId: '0f52cb3f-5ea4-45f2-989d-04e2d9fa9dce',
      methodClass: 'POST',
      durationMs: 22,
      statusCode: 201
    }

      at write (src/observability/safeLogger.js:178:17)

  console.info
    {
      component: 'http',
      event: 'request_completed',
      requestId: '579a3ed9-0c01-4ce5-8cfd-e66d669c9380',
      methodClass: 'POST',
      durationMs: 4,
      statusCode: 409
    }

      at write (src/observability/safeLogger.js:178:17)

  console.info
    {
      component: 'http',
      event: 'request_completed',
      requestId: '648ff3e3-4926-4d2e-9b9e-975494213733',
      methodClass: 'POST',
      durationMs: 19,
      statusCode: 201
    }

      at write (src/observability/safeLogger.js:178:17)

  console.info
    {
      component: 'http',
      event: 'request_completed',
      requestId: 'e5a5ef8e-3698-4c3d-8f91-926043608271',
      methodClass: 'POST',
      durationMs: 14,
      statusCode: 201
    }

      at write (src/observability/safeLogger.js:178:17)

  console.info
    {
      component: 'http',
      event: 'request_completed',
      requestId: '69fdf604-71cd-4980-914d-a562f2720055',
      methodClass: 'POST',
      durationMs: 12,
      statusCode: 201
    }

      at write (src/observability/safeLogger.js:178:17)

  console.info
    {
      component: 'http',
      event: 'request_completed',
      requestId: '35db5db9-8a23-4f68-9b41-6176a69ab5da',
      methodClass: 'POST',
      durationMs: 28,
      statusCode: 201
    }

      at write (src/observability/safeLogger.js:178:17)

  console.info
    {
      component: 'http',
      event: 'request_completed',
      requestId: '3d7d87f7-7082-4d8e-b16e-cee1d972c04a',
      methodClass: 'POST',
      durationMs: 21,
      statusCode: 201
    }

      at write (src/observability/safeLogger.js:178:17)

  console.info
    {
      component: 'http',
      event: 'request_completed',
      requestId: '4554d9d4-4707-4cc6-9194-0b2985ad0dad',
      methodClass: 'POST',
      durationMs: 16,
      statusCode: 201
    }

      at write (src/observability/safeLogger.js:178:17)

  console.info
    {
      component: 'http',
      event: 'request_completed',
      requestId: 'd953fb94-3ea6-4d84-8039-a887f4c5a9e4',
      methodClass: 'POST',
      durationMs: 27,
      statusCode: 201
    }

      at write (src/observability/safeLogger.js:178:17)

  console.info
    {
      component: 'http',
      event: 'request_completed',
      requestId: '990bd9ab-a8fc-45a7-89ab-6514344cceb8',
      methodClass: 'POST',
      durationMs: 28,
      statusCode: 201
    }

      at write (src/observability/safeLogger.js:178:17)

  console.info
    {
      component: 'http',
      event: 'request_completed',
      requestId: '85df02cb-3334-48f0-b2a8-cb70aef82da9',
      methodClass: 'POST',
      durationMs: 19,
      statusCode: 201
    }

      at write (src/observability/safeLogger.js:178:17)

  console.info
    {
      component: 'http',
      event: 'request_completed',
      requestId: '239cccdf-7f7b-4aca-b96d-bc76f8437c93',
      methodClass: 'POST',
      durationMs: 16,
      statusCode: 201
    }

      at write (src/observability/safeLogger.js:178:17)

  console.info
    {
      component: 'http',
      event: 'request_completed',
      requestId: '1d1ae70b-e04d-4ff6-91f9-38aa5c4fee07',
      methodClass: 'POST',
      durationMs: 24,
      statusCode: 201
    }

      at write (src/observability/safeLogger.js:178:17)

  console.info
    {
      component: 'http',
      event: 'request_completed',
      requestId: 'd68a2687-a9a8-4980-8c29-2b679e0a18c3',
      methodClass: 'GET',
      durationMs: 10,
      statusCode: 200
    }

      at write (src/observability/safeLogger.js:178:17)

  console.info
    {
      component: 'http',
      event: 'request_completed',
      requestId: '937503c5-d172-488a-b0e8-8c05829ef83e',
      methodClass: 'GET',
      durationMs: 8,
      statusCode: 200
    }

      at write (src/observability/safeLogger.js:178:17)

  console.info
    {
      component: 'http',
      event: 'request_completed',
      requestId: '3437a2f6-fb3a-4164-8818-b001c354f0e6',
      methodClass: 'POST',
      durationMs: 18,
      statusCode: 201
    }

      at write (src/observability/safeLogger.js:178:17)

  console.info
    {
      component: 'http',
      event: 'request_completed',
      requestId: 'b33d5c24-437b-451e-a12d-e7872c760c3d',
      methodClass: 'POST',
      durationMs: 13,
      statusCode: 201
    }

      at write (src/observability/safeLogger.js:178:17)

  console.info
    {
      component: 'http',
      event: 'request_completed',
      requestId: 'a5fd4919-1907-441f-b92d-1e4ffdef0099',
      methodClass: 'POST',
      durationMs: 23,
      statusCode: 201
    }

      at write (src/observability/safeLogger.js:178:17)

  console.log
    [DB] Migration applied: 001_initial_schema.sql

      at Object.log [as runMigrations] (src/db.js:1312:42)

  console.log
    [DB] Migration applied: 002_seed_data.sql

      at Object.log [as runMigrations] (src/db.js:1312:42)

  console.log
    [DB] Migration applied: 003_voice_sessions.sql

      at Object.log [as runMigrations] (src/db.js:1312:42)

  console.log
    [DB] Migration applied: 004_canonical_persistence_v2.sql

      at Object.log [as runMigrations] (src/db.js:1312:42)

  console.log
    [DB] Migration applied: 005_canonical_organization_authority.sql

      at Object.log [as runMigrations] (src/db.js:1312:42)

  console.log
    [DB] Migration applied: 006_canonical_voice_sessions.sql

      at Object.log [as runMigrations] (src/db.js:1312:42)

  console.log
    [DB] Migration applied: 007_canonical_tax_authority.sql

      at Object.log [as runMigrations] (src/db.js:1312:42)

  console.log
    [DB] Migration applied: 008_canonical_demo_authority.sql

      at Object.log [as runMigrations] (src/db.js:1312:42)

  console.log
    [DB] Migration applied: 009_canonical_voice_provider_identity.sql

      at Object.log [as runMigrations] (src/db.js:1312:42)

  console.log
    [DB] Migration applied: 010_account_session_authority.sql

      at Object.log [as runMigrations] (src/db.js:1312:42)

  console.log
    [DB] Migration applied: 011_oauth_authorization_states.sql

      at Object.log [as runMigrations] (src/db.js:1312:42)

  console.log
    [DB] Migration applied: 012_account_verification_trial.sql

      at Object.log [as runMigrations] (src/db.js:1312:42)

  console.log
    [DB] Migration applied: 015_workforce_authority.sql

      at Object.log [as runMigrations] (src/db.js:1312:42)

  console.log
    [DB] Migration applied: 016_tenant_asset_catalogue.sql

      at Object.log [as runMigrations] (src/db.js:1312:42)

  console.log
    [DB] Migration applied: 017_retell_webhook_replay_authority.sql

      at Object.log [as runMigrations] (src/db.js:1312:42)

  console.log
    [DB] Migration applied: 018_canonical_map_preferences.sql

      at Object.log [as runMigrations] (src/db.js:1312:42)

  console.log
    [DB] Migration applied: 019_account_email_outbox.sql

      at Object.log [as runMigrations] (src/db.js:1312:42)

  console.log
    [DB] Migration applied: 020_canonical_workforce_access_roles.sql

      at Object.log [as runMigrations] (src/db.js:1312:42)

  console.log
    [DB] Migration applied: 021_bounded_api_observability.sql

      at Object.log [as runMigrations] (src/db.js:1312:42)

  console.log
    [DB] Migration applied: 022_demo_command_center_sessions.sql

      at Object.log [as runMigrations] (src/db.js:1312:42)

  console.log
    [DB] Migration applied: 023_homepage_demo_admission.sql

      at Object.log [as runMigrations] (src/db.js:1312:42)

  console.log
    [DB] Migration applied: 024_homepage_verified_purge_receipt.sql

      at Object.log [as runMigrations] (src/db.js:1312:42)

  console.log
    [DB] Migration applied: 025_provider_agnostic_knowledge_registry.sql

      at Object.log [as runMigrations] (src/db.js:1312:42)

  console.log
    [DB] Migration applied: 026_canonical_knowledge_review_publication.sql

      at Object.log [as runMigrations] (src/db.js:1312:42)

  console.log
    [DB] Migration applied: 027_canonical_knowledge_audit_graph_authority.sql

      at Object.log [as runMigrations] (src/db.js:1312:42)

  console.log
    [DB] Migration applied: 028_canonical_knowledge_immutable_lifecycle.sql

      at Object.log [as runMigrations] (src/db.js:1312:42)

  console.log
    [DB] Migration applied: 001_initial_schema.sql

      at Object.log [as runMigrations] (src/db.js:1312:42)

  console.log
    [DB] Migration applied: 002_seed_data.sql

      at Object.log [as runMigrations] (src/db.js:1312:42)

  console.log
    [DB] Migration applied: 003_voice_sessions.sql

      at Object.log [as runMigrations] (src/db.js:1312:42)

  console.log
    [DB] Migration applied: 004_canonical_persistence_v2.sql

      at Object.log [as runMigrations] (src/db.js:1312:42)

  console.log
    [DB] Migration applied: 005_canonical_organization_authority.sql

      at Object.log [as runMigrations] (src/db.js:1312:42)

  console.log
    [DB] Migration applied: 006_canonical_voice_sessions.sql

      at Object.log [as runMigrations] (src/db.js:1312:42)

  console.log
    [DB] Migration applied: 007_canonical_tax_authority.sql

      at Object.log [as runMigrations] (src/db.js:1312:42)

  console.log
    [DB] Migration applied: 008_canonical_demo_authority.sql

      at Object.log [as runMigrations] (src/db.js:1312:42)

  console.log
    [DB] Migration applied: 009_canonical_voice_provider_identity.sql

      at Object.log [as runMigrations] (src/db.js:1312:42)

  console.log
    [DB] Migration applied: 010_account_session_authority.sql

      at Object.log [as runMigrations] (src/db.js:1312:42)

  console.log
    [DB] Migration applied: 011_oauth_authorization_states.sql

      at Object.log [as runMigrations] (src/db.js:1312:42)

  console.log
    [DB] Migration applied: 012_account_verification_trial.sql

      at Object.log [as runMigrations] (src/db.js:1312:42)

  console.log
    [DB] Migration applied: 015_workforce_authority.sql

      at Object.log [as runMigrations] (src/db.js:1312:42)

  console.log
    [DB] Migration applied: 016_tenant_asset_catalogue.sql

      at Object.log [as runMigrations] (src/db.js:1312:42)

  console.log
    [DB] Migration applied: 017_retell_webhook_replay_authority.sql

      at Object.log [as runMigrations] (src/db.js:1312:42)

  console.log
    [DB] Migration applied: 018_canonical_map_preferences.sql

      at Object.log [as runMigrations] (src/db.js:1312:42)

  console.log
    [DB] Migration applied: 019_account_email_outbox.sql

      at Object.log [as runMigrations] (src/db.js:1312:42)

  console.log
    [DB] Migration applied: 020_canonical_workforce_access_roles.sql

      at Object.log [as runMigrations] (src/db.js:1312:42)

  console.log
    [DB] Migration applied: 021_bounded_api_observability.sql

      at Object.log [as runMigrations] (src/db.js:1312:42)

  console.log
    [DB] Migration applied: 022_demo_command_center_sessions.sql

      at Object.log [as runMigrations] (src/db.js:1312:42)

  console.log
    [DB] Migration applied: 023_homepage_demo_admission.sql

      at Object.log [as runMigrations] (src/db.js:1312:42)

  console.log
    [DB] Migration applied: 024_homepage_verified_purge_receipt.sql

      at Object.log [as runMigrations] (src/db.js:1312:42)

  console.log
    [DB] Migration applied: 025_provider_agnostic_knowledge_registry.sql

      at Object.log [as runMigrations] (src/db.js:1312:42)

  console.log
    [DB] Migration applied: 026_canonical_knowledge_review_publication.sql

      at Object.log [as runMigrations] (src/db.js:1312:42)

  console.log
    [DB] Migration applied: 027_canonical_knowledge_audit_graph_authority.sql

      at Object.log [as runMigrations] (src/db.js:1312:42)

  console.log
    [DB] Migration applied: 028_canonical_knowledge_immutable_lifecycle.sql

      at Object.log [as runMigrations] (src/db.js:1312:42)

  console.log
    [DB] Migration applied: 001_initial_schema.sql

      at Object.log [as runMigrations] (src/db.js:1312:42)

  console.log
    [DB] Migration applied: 002_seed_data.sql

      at Object.log [as runMigrations] (src/db.js:1312:42)

  console.log
    [DB] Migration applied: 003_voice_sessions.sql

      at Object.log [as runMigrations] (src/db.js:1312:42)

  console.log
    [DB] Migration applied: 004_canonical_persistence_v2.sql

      at Object.log [as runMigrations] (src/db.js:1312:42)

  console.log
    [DB] Migration applied: 005_canonical_organization_authority.sql

      at Object.log [as runMigrations] (src/db.js:1312:42)

  console.log
    [DB] Migration applied: 006_canonical_voice_sessions.sql

      at Object.log [as runMigrations] (src/db.js:1312:42)

  console.log
    [DB] Migration applied: 007_canonical_tax_authority.sql

      at Object.log [as runMigrations] (src/db.js:1312:42)

  console.log
    [DB] Migration applied: 008_canonical_demo_authority.sql

      at Object.log [as runMigrations] (src/db.js:1312:42)

  console.log
    [DB] Migration applied: 009_canonical_voice_provider_identity.sql

      at Object.log [as runMigrations] (src/db.js:1312:42)

  console.log
    [DB] Migration applied: 010_account_session_authority.sql

      at Object.log [as runMigrations] (src/db.js:1312:42)

  console.log
    [DB] Migration applied: 011_oauth_authorization_states.sql

      at Object.log [as runMigrations] (src/db.js:1312:42)

  console.log
    [DB] Migration applied: 012_account_verification_trial.sql

      at Object.log [as runMigrations] (src/db.js:1312:42)

  console.log
    [DB] Migration applied: 015_workforce_authority.sql

      at Object.log [as runMigrations] (src/db.js:1312:42)

  console.log
    [DB] Migration applied: 016_tenant_asset_catalogue.sql

      at Object.log [as runMigrations] (src/db.js:1312:42)

  console.log
    [DB] Migration applied: 017_retell_webhook_replay_authority.sql

      at Object.log [as runMigrations] (src/db.js:1312:42)

  console.log
    [DB] Migration applied: 018_canonical_map_preferences.sql

      at Object.log [as runMigrations] (src/db.js:1312:42)

  console.log
    [DB] Migration applied: 019_account_email_outbox.sql

      at Object.log [as runMigrations] (src/db.js:1312:42)

  console.log
    [DB] Migration applied: 020_canonical_workforce_access_roles.sql

      at Object.log [as runMigrations] (src/db.js:1312:42)

  console.log
    [DB] Migration applied: 021_bounded_api_observability.sql

      at Object.log [as runMigrations] (src/db.js:1312:42)

  console.log
    [DB] Migration applied: 022_demo_command_center_sessions.sql

      at Object.log [as runMigrations] (src/db.js:1312:42)

  console.log
    [DB] Migration applied: 023_homepage_demo_admission.sql

      at Object.log [as runMigrations] (src/db.js:1312:42)

  console.log
    [DB] Migration applied: 024_homepage_verified_purge_receipt.sql

      at Object.log [as runMigrations] (src/db.js:1312:42)

  console.log
    [DB] Migration applied: 025_provider_agnostic_knowledge_registry.sql

      at Object.log [as runMigrations] (src/db.js:1312:42)

  console.log
    [DB] Migration applied: 026_canonical_knowledge_review_publication.sql

      at Object.log [as runMigrations] (src/db.js:1312:42)

  console.log
    [DB] Migration applied: 027_canonical_knowledge_audit_graph_authority.sql

      at Object.log [as runMigrations] (src/db.js:1312:42)

  console.log
    [DB] Migration applied: 028_canonical_knowledge_immutable_lifecycle.sql

      at Object.log [as runMigrations] (src/db.js:1312:42)

  console.log
    [DB] Migration applied: 029_canonical_knowledge_transactional_sync.sql

      at Object.log [as runMigrations] (src/db.js:1312:42)

  console.log
    [DB] Migration applied: 030_canonical_knowledge_sync_revocation.sql

      at Object.log [as runMigrations] (src/db.js:1312:42)

  console.log
    [DB] Migration applied: 031_canonical_knowledge_sync_recovery_lifecycle.sql

      at Object.log [as runMigrations] (src/db.js:1312:42)

  console.log
    [DB] Migration applied: 032_canonical_schedule_assignment_authority.sql

      at Object.log [as runMigrations] (src/db.js:1312:42)

  console.log
    [DB] Migration applied: 033_canonical_schedule_time_evidence.sql

      at Object.log [as runMigrations] (src/db.js:1312:42)

  console.log
    [DB] Migration applied: 034_schedule_availability_conflict_authority.sql

      at Object.log [as runMigrations] (src/db.js:1312:42)

  console.log
    [DB] Migration applied: 035_schedule_human_preview_approval.sql

      at Object.log [as runMigrations] (src/db.js:1312:42)

  console.log
    [DB] Migration applied: 001_initial_schema.sql

      at Object.log [as runMigrations] (src/db.js:1312:42)

  console.log
    [DB] Migration applied: 002_seed_data.sql

      at Object.log [as runMigrations] (src/db.js:1312:42)

  console.log
    [DB] Migration applied: 003_voice_sessions.sql

      at Object.log [as runMigrations] (src/db.js:1312:42)

  console.log
    [DB] Migration applied: 004_canonical_persistence_v2.sql

      at Object.log [as runMigrations] (src/db.js:1312:42)

  console.log
    [DB] Migration applied: 005_canonical_organization_authority.sql

      at Object.log [as runMigrations] (src/db.js:1312:42)

  console.log
    [DB] Migration applied: 006_canonical_voice_sessions.sql

      at Object.log [as runMigrations] (src/db.js:1312:42)

  console.log
    [DB] Migration applied: 007_canonical_tax_authority.sql

      at Object.log [as runMigrations] (src/db.js:1312:42)

  console.log
    [DB] Migration applied: 008_canonical_demo_authority.sql

      at Object.log [as runMigrations] (src/db.js:1312:42)

  console.log
    [DB] Migration applied: 009_canonical_voice_provider_identity.sql

      at Object.log [as runMigrations] (src/db.js:1312:42)

  console.log
    [DB] Migration applied: 010_account_session_authority.sql

      at Object.log [as runMigrations] (src/db.js:1312:42)

  console.log
    [DB] Migration applied: 011_oauth_authorization_states.sql

      at Object.log [as runMigrations] (src/db.js:1312:42)

  console.log
    [DB] Migration applied: 012_account_verification_trial.sql

      at Object.log [as runMigrations] (src/db.js:1312:42)

  console.log
    [DB] Migration applied: 015_workforce_authority.sql

      at Object.log [as runMigrations] (src/db.js:1312:42)

  console.log
    [DB] Migration applied: 016_tenant_asset_catalogue.sql

      at Object.log [as runMigrations] (src/db.js:1312:42)

  console.log
    [DB] Migration applied: 018_canonical_map_preferences.sql

      at Object.log [as runMigrations] (src/db.js:1312:42)

  console.log
    [DB] Migration applied: 019_account_email_outbox.sql

      at Object.log [as runMigrations] (src/db.js:1312:42)

  console.log
    [DB] Migration applied: 020_canonical_workforce_access_roles.sql

      at Object.log [as runMigrations] (src/db.js:1312:42)

  console.log
    [DB] Migration applied: 021_bounded_api_observability.sql

      at Object.log [as runMigrations] (src/db.js:1312:42)

  console.log
    [DB] Migration applied: 022_demo_command_center_sessions.sql

      at Object.log [as runMigrations] (src/db.js:1312:42)

  console.log
    [DB] Migration applied: 023_homepage_demo_admission.sql

      at Object.log [as runMigrations] (src/db.js:1312:42)

  console.log
    [DB] Migration applied: 024_homepage_verified_purge_receipt.sql

      at Object.log [as runMigrations] (src/db.js:1312:42)

  console.log
    [DB] Migration applied: 025_provider_agnostic_knowledge_registry.sql

      at Object.log [as runMigrations] (src/db.js:1312:42)

  console.log
    [DB] Migration applied: 026_canonical_knowledge_review_publication.sql

      at Object.log [as runMigrations] (src/db.js:1312:42)

  console.log
    [DB] Migration applied: 027_canonical_knowledge_audit_graph_authority.sql

      at Object.log [as runMigrations] (src/db.js:1312:42)

  console.log
    [DB] Migration applied: 028_canonical_knowledge_immutable_lifecycle.sql

      at Object.log [as runMigrations] (src/db.js:1312:42)

  console.log
    [DB] Migration applied: 029_canonical_knowledge_transactional_sync.sql

      at Object.log [as runMigrations] (src/db.js:1312:42)

  console.log
    [DB] Migration applied: 030_canonical_knowledge_sync_revocation.sql

      at Object.log [as runMigrations] (src/db.js:1312:42)

  console.log
    [DB] Migration applied: 031_canonical_knowledge_sync_recovery_lifecycle.sql

      at Object.log [as runMigrations] (src/db.js:1312:42)

  console.log
    [DB] Migration applied: 032_canonical_schedule_assignment_authority.sql

      at Object.log [as runMigrations] (src/db.js:1312:42)

  console.log
    [DB] Migration applied: 033_canonical_schedule_time_evidence.sql

      at Object.log [as runMigrations] (src/db.js:1312:42)

  console.log
    [DB] Migration applied: 034_schedule_availability_conflict_authority.sql

      at Object.log [as runMigrations] (src/db.js:1312:42)

  console.log
    [DB] Migration applied: 035_schedule_human_preview_approval.sql

      at Object.log [as runMigrations] (src/db.js:1312:42)

  console.log
    [DB] Migration applied: 017_retell_webhook_replay_authority.sql

      at Object.log [as runMigrations] (src/db.js:1312:42)

  console.log
    [DB] Migration applied: 001_initial_schema.sql

      at log (src/db.js:1312:42)

  console.log
    [DB] Migration applied: 002_seed_data.sql

      at log (src/db.js:1312:42)

  console.log
    [DB] Migration applied: 003_voice_sessions.sql

      at log (src/db.js:1312:42)

  console.log
    [DB] Migration applied: 004_canonical_persistence_v2.sql

      at log (src/db.js:1312:42)

  console.log
    [DB] Migration applied: 005_canonical_organization_authority.sql

      at log (src/db.js:1312:42)

  console.log
    [DB] Migration applied: 006_canonical_voice_sessions.sql

      at log (src/db.js:1312:42)

  console.log
    [DB] Migration applied: 007_canonical_tax_authority.sql

      at log (src/db.js:1312:42)

  console.log
    [DB] Migration applied: 008_canonical_demo_authority.sql

      at log (src/db.js:1312:42)

  console.log
    [DB] Migration applied: 009_canonical_voice_provider_identity.sql

      at log (src/db.js:1312:42)

  console.log
    [DB] Migration applied: 010_account_session_authority.sql

      at log (src/db.js:1312:42)

  console.log
    [DB] Migration applied: 011_oauth_authorization_states.sql

      at log (src/db.js:1312:42)

  console.log
    [DB] Migration applied: 012_account_verification_trial.sql

      at log (src/db.js:1312:42)

  console.log
    [DB] Migration applied: 015_workforce_authority.sql

      at log (src/db.js:1312:42)

  console.log
    [DB] Migration applied: 016_tenant_asset_catalogue.sql

      at log (src/db.js:1312:42)

  console.log
    [DB] Migration applied: 017_retell_webhook_replay_authority.sql

      at log (src/db.js:1312:42)

  console.log
    [DB] Migration applied: 018_canonical_map_preferences.sql

      at log (src/db.js:1312:42)

  console.log
    [DB] Migration applied: 019_account_email_outbox.sql

      at log (src/db.js:1312:42)

  console.log
    [DB] Migration applied: 020_canonical_workforce_access_roles.sql

      at log (src/db.js:1312:42)

  console.log
    [DB] Migration applied: 021_bounded_api_observability.sql

      at log (src/db.js:1312:42)

  console.log
    [DB] Migration applied: 022_demo_command_center_sessions.sql

      at log (src/db.js:1312:42)

  console.log
    [DB] Migration applied: 023_homepage_demo_admission.sql

      at log (src/db.js:1312:42)

  console.log
    [DB] Migration applied: 024_homepage_verified_purge_receipt.sql

      at log (src/db.js:1312:42)

  console.log
    [DB] Migration applied: 025_provider_agnostic_knowledge_registry.sql

      at log (src/db.js:1312:42)

  console.log
    [DB] Migration applied: 026_canonical_knowledge_review_publication.sql

      at log (src/db.js:1312:42)

  console.log
    [DB] Migration applied: 027_canonical_knowledge_audit_graph_authority.sql

      at log (src/db.js:1312:42)

  console.log
    [DB] Migration applied: 028_canonical_knowledge_immutable_lifecycle.sql

      at log (src/db.js:1312:42)

  console.log
    [DB] Migration applied: 029_canonical_knowledge_transactional_sync.sql

      at log (src/db.js:1312:42)

  console.log
    [DB] Migration applied: 030_canonical_knowledge_sync_revocation.sql

      at log (src/db.js:1312:42)

  console.log
    [DB] Migration applied: 031_canonical_knowledge_sync_recovery_lifecycle.sql

      at log (src/db.js:1312:42)

  console.log
    [DB] Migration applied: 032_canonical_schedule_assignment_authority.sql

      at log (src/db.js:1312:42)

  console.log
    [DB] Migration applied: 033_canonical_schedule_time_evidence.sql

      at log (src/db.js:1312:42)

  console.log
    [DB] Migration applied: 034_schedule_availability_conflict_authority.sql

      at log (src/db.js:1312:42)

  console.log
    [DB] Migration applied: 035_schedule_human_preview_approval.sql

      at log (src/db.js:1312:42)

  console.log
    [DB] Migration applied: 001_initial_schema.sql

      at log (src/db.js:1312:42)

  console.log
    [DB] Migration applied: 002_seed_data.sql

      at log (src/db.js:1312:42)

  console.log
    [DB] Migration applied: 003_voice_sessions.sql

      at log (src/db.js:1312:42)

  console.log
    [DB] Migration applied: 004_canonical_persistence_v2.sql

      at log (src/db.js:1312:42)

  console.log
    [DB] Migration applied: 005_canonical_organization_authority.sql

      at log (src/db.js:1312:42)

  console.log
    [DB] Migration applied: 006_canonical_voice_sessions.sql

      at log (src/db.js:1312:42)

  console.log
    [DB] Migration applied: 007_canonical_tax_authority.sql

      at log (src/db.js:1312:42)

  console.log
    [DB] Migration applied: 008_canonical_demo_authority.sql

      at log (src/db.js:1312:42)

  console.log
    [DB] Migration applied: 009_canonical_voice_provider_identity.sql

      at log (src/db.js:1312:42)

  console.log
    [DB] Migration applied: 010_account_session_authority.sql

      at log (src/db.js:1312:42)

  console.log
    [DB] Migration applied: 011_oauth_authorization_states.sql

      at log (src/db.js:1312:42)

  console.log
    [DB] Migration applied: 012_account_verification_trial.sql

      at log (src/db.js:1312:42)

  console.log
    [DB] Migration applied: 015_workforce_authority.sql

      at log (src/db.js:1312:42)

  console.log
    [DB] Migration applied: 016_tenant_asset_catalogue.sql

      at log (src/db.js:1312:42)

  console.log
    [DB] Migration applied: 017_retell_webhook_replay_authority.sql

      at log (src/db.js:1312:42)

  console.log
    [DB] Migration applied: 018_canonical_map_preferences.sql

      at log (src/db.js:1312:42)

  console.log
    [DB] Migration applied: 019_account_email_outbox.sql

      at log (src/db.js:1312:42)

  console.log
    [DB] Migration applied: 020_canonical_workforce_access_roles.sql

      at log (src/db.js:1312:42)

  console.log
    [DB] Migration applied: 021_bounded_api_observability.sql

      at log (src/db.js:1312:42)

  console.log
    [DB] Migration applied: 022_demo_command_center_sessions.sql

      at log (src/db.js:1312:42)

  console.log
    [DB] Migration applied: 023_homepage_demo_admission.sql

      at log (src/db.js:1312:42)

  console.log
    [DB] Migration applied: 024_homepage_verified_purge_receipt.sql

      at log (src/db.js:1312:42)

  console.log
    [DB] Migration applied: 025_provider_agnostic_knowledge_registry.sql

      at log (src/db.js:1312:42)

  console.log
    [DB] Migration applied: 026_canonical_knowledge_review_publication.sql

      at log (src/db.js:1312:42)

  console.log
    [DB] Migration applied: 027_canonical_knowledge_audit_graph_authority.sql

      at log (src/db.js:1312:42)

  console.log
    [DB] Migration applied: 028_canonical_knowledge_immutable_lifecycle.sql

      at log (src/db.js:1312:42)

  console.log
    [DB] Migration applied: 029_canonical_knowledge_transactional_sync.sql

      at log (src/db.js:1312:42)

  console.log
    [DB] Migration applied: 030_canonical_knowledge_sync_revocation.sql

      at log (src/db.js:1312:42)

  console.log
    [DB] Migration applied: 031_canonical_knowledge_sync_recovery_lifecycle.sql

      at log (src/db.js:1312:42)

  console.log
    [DB] Migration applied: 032_canonical_schedule_assignment_authority.sql

      at log (src/db.js:1312:42)

  console.log
    [DB] Migration applied: 033_canonical_schedule_time_evidence.sql

      at log (src/db.js:1312:42)

  console.log
    [DB] Migration applied: 034_schedule_availability_conflict_authority.sql

      at log (src/db.js:1312:42)

  console.log
    [DB] Migration applied: 035_schedule_human_preview_approval.sql

      at log (src/db.js:1312:42)

  console.info
    {
      component: 'http',
      event: 'request_completed',
      requestId: '279beb8f-937c-4f3f-944c-d704bbdff088',
      methodClass: 'POST',
      durationMs: 29,
      statusCode: 201
    }

      at write (src/observability/safeLogger.js:178:17)

  console.info
    {
      component: 'http',
      event: 'request_completed',
      requestId: 'abd3758e-97f7-45d8-b79f-79eda43241bf',
      methodClass: 'POST',
      durationMs: 62,
      statusCode: 201
    }

      at write (src/observability/safeLogger.js:178:17)

  console.info
    {
      component: 'http',
      event: 'request_completed',
      requestId: '8de8bbfe-bd53-4308-a1ed-75b315206b4b',
      methodClass: 'POST',
      durationMs: 11,
      statusCode: 201
    }

      at write (src/observability/safeLogger.js:178:17)

  console.info
    {
      component: 'http',
      event: 'request_completed',
      requestId: '19495417-b2e3-4f16-9211-71607148a761',
      methodClass: 'POST',
      durationMs: 3,
      statusCode: 403
    }

      at write (src/observability/safeLogger.js:178:17)

  console.info
    {
      component: 'http',
      event: 'request_completed',
      requestId: '04f1a572-4b2c-47d3-a184-8c5c324b477a',
      methodClass: 'POST',
      durationMs: 2,
      statusCode: 403
    }

      at write (src/observability/safeLogger.js:178:17)

  console.info
    {
      component: 'http',
      event: 'request_completed',
      requestId: '647a2c15-c2ad-413a-b7a9-b98c285a6e68',
      methodClass: 'POST',
      durationMs: 0,
      statusCode: 401
    }

      at write (src/observability/safeLogger.js:178:17)

  console.info
    {
      component: 'http',
      event: 'request_completed',
      requestId: '94e01a80-1a9f-4934-bba0-3af8593d972d',
      methodClass: 'POST',
      durationMs: 0,
      statusCode: 401
    }

      at write (src/observability/safeLogger.js:178:17)

  console.warn
    [Auth] Session lookup warning: {
      requestId: '18b6f7ca-d4a5-445c-bac9-309ec8d2b2ec',
      event: 'authorization_persistence_unavailable'
    }

      112 |     return true;
      113 |   } catch (_error) {
    > 114 |     console.warn('[Auth] Session lookup warning:', {
          |             ^
      115 |       requestId: requestId(req),
      116 |       event: 'authorization_persistence_unavailable',
      117 |     });

      at warn (src/auth/middleware.js:114:13)
      at requireSession (src/auth/middleware.js:130:22)

  console.info
    {
      component: 'http',
      event: 'request_completed',
      requestId: '18b6f7ca-d4a5-445c-bac9-309ec8d2b2ec',
      methodClass: 'POST',
      durationMs: 2,
      statusCode: 503
    }

      at write (src/observability/safeLogger.js:178:17)

  console.log
    [Simulations] Canonical graph committed: {"operationId":"4e79598a-cba4-4c52-8758-b7bfbfbac249","service":"fence","replayed":false}

      at log (src/routes/simulations.js:131:11)

  console.info
    {
      component: 'http',
      event: 'request_completed',
      requestId: '9cefec91-a636-4403-a548-9e31844d5cde',
      methodClass: 'POST',
      durationMs: 22,
      statusCode: 201
    }

      at write (src/observability/safeLogger.js:178:17)

  console.log
    [Simulations] Canonical graph committed: {"operationId":"7a4c4fbd-f1e7-4d64-af36-6ee90cb1a1f6","service":"fence","replayed":false}

      at log (src/routes/simulations.js:131:11)

  console.info
    {
      component: 'http',
      event: 'request_completed',
      requestId: '0d17657d-5a86-4245-8269-334a6ff6fd92',
      methodClass: 'POST',
      durationMs: 17,
      statusCode: 201
    }

      at write (src/observability/safeLogger.js:178:17)

  console.info
    {
      component: 'http',
      event: 'request_completed',
      requestId: '62e07591-7586-4321-a28e-55649a14dad6',
      methodClass: 'POST',
      durationMs: 2,
      statusCode: 403
    }

      at write (src/observability/safeLogger.js:178:17)

  console.info
    {
      component: 'http',
      event: 'request_completed',
      requestId: 'bb42a772-016b-4e4b-8345-537b7d79dd78',
      methodClass: 'PATCH',
      durationMs: 3,
      statusCode: 403
    }

      at write (src/observability/safeLogger.js:178:17)

  console.info
    {
      component: 'http',
      event: 'request_completed',
      requestId: '098638ed-f014-4dc3-8bcd-506109302043',
      methodClass: 'PATCH',
      durationMs: 3,
      statusCode: 428
    }

      at write (src/observability/safeLogger.js:178:17)

  console.info
    {
      component: 'http',
      event: 'request_completed',
      requestId: 'ff45ac98-f9f3-4020-bae1-7645044c61ca',
      methodClass: 'PATCH',
      durationMs: 3,
      statusCode: 428
    }

      at write (src/observability/safeLogger.js:178:17)

  console.info
    {
      component: 'http',
      event: 'request_completed',
      requestId: '874f406d-b8a8-4a8a-9509-9808a9d95c2e',
      methodClass: 'PATCH',
      durationMs: 2,
      statusCode: 428
    }

      at write (src/observability/safeLogger.js:178:17)

  console.info
    {
      component: 'http',
      event: 'request_completed',
      requestId: 'e535b5f3-8de3-48ca-9f61-48421794d7f2',
      methodClass: 'PATCH',
      durationMs: 3,
      statusCode: 428
    }

      at write (src/observability/safeLogger.js:178:17)

  console.info
    {
      component: 'http',
      event: 'request_completed',
      requestId: 'd32f1d2e-f9ad-4b51-8df2-bf070c185d40',
      methodClass: 'PATCH',
      durationMs: 2,
      statusCode: 428
    }

      at write (src/observability/safeLogger.js:178:17)

  console.info
    {
      component: 'http',
      event: 'request_completed',
      requestId: 'adcd91c5-a72a-4489-9a2f-139981ee2777',
      methodClass: 'PATCH',
      durationMs: 2,
      statusCode: 428
    }

      at write (src/observability/safeLogger.js:178:17)

  console.info
    {
      component: 'http',
      event: 'request_completed',
      requestId: '12dd965c-faa7-402f-9fb0-e8f49a9965f4',
      methodClass: 'PATCH',
      durationMs: 2,
      statusCode: 428
    }

      at write (src/observability/safeLogger.js:178:17)

  console.info
    {
      component: 'http',
      event: 'request_completed',
      requestId: '98973b50-00c6-4a66-a8f6-5ea160b43f20',
      methodClass: 'PATCH',
      durationMs: 2,
      statusCode: 428
    }

      at write (src/observability/safeLogger.js:178:17)

  console.info
    {
      component: 'http',
      event: 'request_completed',
      requestId: '5c1c10e2-c85b-428b-b168-7a4dfd41dabf',
      methodClass: 'PATCH',
      durationMs: 3,
      statusCode: 428
    }

      at write (src/observability/safeLogger.js:178:17)

  console.info
    { component: 'voice', event: 'webhook_event_received', routed: true }

      at write (src/observability/safeLogger.js:178:17)

  console.info
    {
      component: 'voice',
      event: 'webhook_event_completed',
      durationMs: 20
    }

      at write (src/observability/safeLogger.js:178:17)

  console.info
    {
      component: 'http',
      event: 'request_completed',
      requestId: 'f293f928-f394-4eb5-8bca-088a0e32185d',
      methodClass: 'POST',
      durationMs: 22,
      statusCode: 201
    }

      at write (src/observability/safeLogger.js:178:17)

  console.info
    { component: 'voice', event: 'webhook_event_received', routed: true }

      at write (src/observability/safeLogger.js:178:17)

  console.info
    { component: 'voice', event: 'webhook_event_completed', durationMs: 7 }

      at write (src/observability/safeLogger.js:178:17)

  console.info
    {
      component: 'http',
      event: 'request_completed',
      requestId: 'cea09795-74a0-40fd-8b47-93b9399510b8',
      methodClass: 'POST',
      durationMs: 8,
      statusCode: 201
    }

      at write (src/observability/safeLogger.js:178:17)

  console.info
    { component: 'voice', event: 'webhook_event_received', routed: true }

      at write (src/observability/safeLogger.js:178:17)

  console.info
    {
      component: 'http',
      event: 'request_completed',
      requestId: '39f5b02b-1ad8-4de7-98bc-043c02b2d42c',
      methodClass: 'POST',
      durationMs: 4,
      statusCode: 404
    }

      at write (src/observability/safeLogger.js:178:17)

  console.info
    { component: 'voice', event: 'webhook_event_received', routed: true }

      at write (src/observability/safeLogger.js:178:17)

  console.info
    {
      component: 'voice',
      event: 'webhook_event_completed',
      durationMs: 14
    }

      at write (src/observability/safeLogger.js:178:17)

  console.info
    {
      component: 'http',
      event: 'request_completed',
      requestId: 'b682df97-1a01-40b3-8d1f-ef9798efe2be',
      methodClass: 'POST',
      durationMs: 15,
      statusCode: 201
    }

      at write (src/observability/safeLogger.js:178:17)

  console.info
    {
      component: 'http',
      event: 'request_completed',
      requestId: 'c7beda5d-4f2d-4ebf-971a-3c196ffdec48',
      methodClass: 'POST',
      durationMs: 2,
      statusCode: 422
    }

      at write (src/observability/safeLogger.js:178:17)

  console.info
    {
      component: 'http',
      event: 'request_completed',
      requestId: '04b6ee54-f1e3-4ad1-a57e-e9d5d4ce2be7',
      methodClass: 'POST',
      durationMs: 2,
      statusCode: 422
    }

      at write (src/observability/safeLogger.js:178:17)

  console.info
    {
      component: 'http',
      event: 'request_completed',
      requestId: '95155aa9-7e7e-4c1e-8a53-490193abea59',
      methodClass: 'POST',
      durationMs: 2,
      statusCode: 422
    }

      at write (src/observability/safeLogger.js:178:17)

  console.info
    {
      component: 'http',
      event: 'request_completed',
      requestId: 'df8cbeff-d854-4f55-8465-7e61348d0511',
      methodClass: 'POST',
      durationMs: 2,
      statusCode: 422
    }

      at write (src/observability/safeLogger.js:178:17)

  console.log
    [Simulations] Canonical graph committed: {"operationId":"277ddd8c-b580-42c3-a540-565087a8e709","service":"fence","replayed":false}

      at log (src/routes/simulations.js:131:11)

  console.info
    {
      component: 'http',
      event: 'request_completed',
      requestId: '80619f57-1e8e-4749-8fe2-c336cd97e82b',
      methodClass: 'POST',
      durationMs: 16,
      statusCode: 201
    }

      at write (src/observability/safeLogger.js:178:17)

  console.log
    [Simulations] Canonical graph committed: {"operationId":"d7191da5-7498-448d-a8a1-b92f7d6de182","service":"plumbing","replayed":false}

      at log (src/routes/simulations.js:131:11)

  console.info
    {
      component: 'http',
      event: 'request_completed',
      requestId: '0609433f-6c79-475f-9ea4-2ce2b09853dc',
      methodClass: 'POST',
      durationMs: 14,
      statusCode: 201
    }

      at write (src/observability/safeLogger.js:178:17)

  console.info
    {
      component: 'retell',
      event: 'create_call_prepared',
      variableCount: 20
    }

      at write (src/observability/safeLogger.js:178:17)

  console.info
    {
      component: 'retell',
      event: 'request_started',
      methodClass: 'POST',
      attempt: 1
    }

      at write (src/observability/safeLogger.js:178:17)

  console.info
    {
      component: 'retell',
      event: 'response_received',
      attempt: 1,
      statusCode: 200
    }

      at write (src/observability/safeLogger.js:178:17)

  console.info
    {
      component: 'retell',
      event: 'create_call_succeeded',
      attempt: 1,
      maxAttempts: 3
    }

      at write (src/observability/safeLogger.js:178:17)

  console.info
    {
      component: 'http',
      event: 'request_completed',
      requestId: 'd810f7a3-33b2-4d55-8d3d-abd9012cd8d7',
      methodClass: 'POST',
      durationMs: 19,
      statusCode: 200
    }

      at write (src/observability/safeLogger.js:178:17)

  console.info
    {
      component: 'retell',
      event: 'create_call_prepared',
      variableCount: 20
    }

      at write (src/observability/safeLogger.js:178:17)

  console.info
    {
      component: 'retell',
      event: 'request_started',
      methodClass: 'POST',
      attempt: 1
    }

      at write (src/observability/safeLogger.js:178:17)

  console.info
    {
      component: 'retell',
      event: 'response_received',
      attempt: 1,
      statusCode: 200
    }

      at write (src/observability/safeLogger.js:178:17)

  console.info
    {
      component: 'retell',
      event: 'create_call_succeeded',
      attempt: 1,
      maxAttempts: 3
    }

      at write (src/observability/safeLogger.js:178:17)

  console.info
    {
      component: 'http',
      event: 'request_completed',
      requestId: '23cbc800-3ca3-4e96-a3ef-af852584204a',
      methodClass: 'POST',
      durationMs: 14,
      statusCode: 200
    }

      at write (src/observability/safeLogger.js:178:17)

  console.info
    {
      component: 'http',
      event: 'request_completed',
      requestId: '0f696adc-479e-4864-8b3e-f4ef2de0ad4e',
      methodClass: 'POST',
      durationMs: 2,
      statusCode: 403
    }

      at write (src/observability/safeLogger.js:178:17)

  console.error
    {
      component: 'retell',
      event: 'create_call_failed',
      requestId: '42b53a6d-1131-4394-ba00-ebe9d349fc97',
      statusCode: 502
    }

      176 |     ...safeFields(fields),
      177 |   };
    > 178 |   console[level](record);
          |                 ^
      179 |   return record;
      180 | }
      181 |

      at write (src/observability/safeLogger.js:178:17)
      at Object.write (src/observability/safeLogger.js:191:10)
      at error (src/routes/api.js:417:16)

  console.info
    {
      component: 'http',
      event: 'request_completed',
      requestId: '42b53a6d-1131-4394-ba00-ebe9d349fc97',
      methodClass: 'POST',
      durationMs: 8,
      statusCode: 502
    }

      at write (src/observability/safeLogger.js:178:17)

  console.info
    {
      component: 'http',
      event: 'request_completed',
      requestId: 'b0324016-3a89-4e45-9144-a8d0b3320b08',
      methodClass: 'POST',
      durationMs: 0,
      statusCode: 410
    }

      at write (src/observability/safeLogger.js:178:17)

  console.info
    {
      component: 'http',
      event: 'request_completed',
      requestId: '63d9fe5d-fde6-4709-9750-ab9ce8ccf8e4',
      methodClass: 'POST',
      durationMs: 0,
      statusCode: 410
    }

      at write (src/observability/safeLogger.js:178:17)

  console.info
    {
      component: 'http',
      event: 'request_completed',
      requestId: 'c1fa0df6-7368-40df-872a-de78bc1412d8',
      methodClass: 'POST',
      durationMs: 0,
      statusCode: 410
    }

      at write (src/observability/safeLogger.js:178:17)

  console.info
    {
      component: 'http',
      event: 'request_completed',
      requestId: 'b18f488d-c814-488f-9484-6b0d1c437c8e',
      methodClass: 'GET',
      durationMs: 3,
      statusCode: 404
    }

      at write (src/observability/safeLogger.js:178:17)

  console.info
    {
      component: 'http',
      event: 'request_completed',
      requestId: 'e54d8dd7-fd63-4386-9972-8ac178ebb4fd',
      methodClass: 'GET',
      durationMs: 2,
      statusCode: 404
    }

      at write (src/observability/safeLogger.js:178:17)

  console.info
    {
      component: 'http',
      event: 'request_completed',
      requestId: '5efb4439-946c-4721-b39a-4ff4196f9c5e',
      methodClass: 'GET',
      durationMs: 1,
      statusCode: 404
    }

      at write (src/observability/safeLogger.js:178:17)

  console.info
    {
      component: 'http',
      event: 'request_completed',
      requestId: '4bac9bfb-249c-453d-9d60-c74b9f91fc23',
      methodClass: 'GET',
      durationMs: 1,
      statusCode: 404
    }

      at write (src/observability/safeLogger.js:178:17)

  console.info
    {
      component: 'http',
      event: 'request_completed',
      requestId: '3b025d0a-f064-4e16-a7fa-9cbb3094e7f4',
      methodClass: 'GET',
      durationMs: 4,
      statusCode: 200
    }

      at write (src/observability/safeLogger.js:178:17)

  console.info
    {
      component: 'http',
      event: 'request_completed',
      requestId: 'c31d8458-fc09-4ba8-8a16-8741ed99a81a',
      methodClass: 'GET',
      durationMs: 3,
      statusCode: 200
    }

      at write (src/observability/safeLogger.js:178:17)

  console.info
    {
      component: 'http',
      event: 'request_completed',
      requestId: '765cb1c8-38d7-432c-b24f-a471bb2774d0',
      methodClass: 'GET',
      durationMs: 3,
      statusCode: 200
    }

      at write (src/observability/safeLogger.js:178:17)

  console.info
    {
      component: 'http',
      event: 'request_completed',
      requestId: '572f5abd-be0b-442a-9083-cb8622a381cf',
      methodClass: 'GET',
      durationMs: 3,
      statusCode: 200
    }

      at write (src/observability/safeLogger.js:178:17)

  console.info
    {
      component: 'http',
      event: 'request_completed',
      requestId: 'aff9331f-861e-425c-b076-424a7882b278',
      methodClass: 'GET',
      durationMs: 3,
      statusCode: 200
    }

      at write (src/observability/safeLogger.js:178:17)

  console.info
    {
      component: 'http',
      event: 'request_completed',
      requestId: '26691978-24b0-41df-aeb5-5ac676a17775',
      methodClass: 'GET',
      durationMs: 3,
      statusCode: 200
    }

      at write (src/observability/safeLogger.js:178:17)

  console.info
    {
      component: 'http',
      event: 'request_completed',
      requestId: '9c7a71fd-c188-4f94-8602-f287039442ac',
      methodClass: 'GET',
      durationMs: 4,
      statusCode: 200
    }

      at write (src/observability/safeLogger.js:178:17)

  console.info
    {
      component: 'http',
      event: 'request_completed',
      requestId: 'f24864ee-24c7-478b-93b1-ef51a6f4a292',
      methodClass: 'GET',
      durationMs: 3,
      statusCode: 200
    }

      at write (src/observability/safeLogger.js:178:17)

  console.info
    {
      component: 'http',
      event: 'request_completed',
      requestId: '461b8b83-2e67-4a70-8458-eaff26fdbf55',
      methodClass: 'GET',
      durationMs: 3,
      statusCode: 200
    }

      at write (src/observability/safeLogger.js:178:17)

  console.info
    {
      component: 'http',
      event: 'request_completed',
      requestId: '2222b9f9-c3e5-4cde-a73c-bb6fad5dbe6e',
      methodClass: 'GET',
      durationMs: 3,
      statusCode: 404
    }

      at write (src/observability/safeLogger.js:178:17)

  console.info
    {
      component: 'http',
      event: 'request_completed',
      requestId: '9fa78bee-a210-4318-b5c1-a40f058f367d',
      methodClass: 'POST',
      durationMs: 3,
      statusCode: 403
    }

      at write (src/observability/safeLogger.js:178:17)

  console.info
    {
      component: 'http',
      event: 'request_completed',
      requestId: '0e1f5bd1-6a82-47d4-be40-d322a636d975',
      methodClass: 'POST',
      durationMs: 2,
      statusCode: 403
    }

      at write (src/observability/safeLogger.js:178:17)

  console.info
    {
      component: 'http',
      event: 'request_completed',
      requestId: '3d85883b-e8d1-4464-83d7-c762cd2d2815',
      methodClass: 'POST',
      durationMs: 4,
      statusCode: 200
    }

      at write (src/observability/safeLogger.js:178:17)

  console.info
    {
      component: 'http',
      event: 'request_completed',
      requestId: 'c7d5f794-2f39-4933-a05c-3e6cce00a668',
      methodClass: 'POST',
      durationMs: 4,
      statusCode: 200
    }

      at write (src/observability/safeLogger.js:178:17)

  console.info
    {
      component: 'http',
      event: 'request_completed',
      requestId: 'c4358ba7-12b6-4502-a941-d07e7159c287',
      methodClass: 'POST',
      durationMs: 3,
      statusCode: 503
    }

      at write (src/observability/safeLogger.js:178:17)

  console.info
    {
      component: 'http',
      event: 'request_completed',
      requestId: '11e12250-04d7-44ac-b524-6dd509784551',
      methodClass: 'GET',
      durationMs: 21,
      statusCode: 200
    }

      at write (src/observability/safeLogger.js:178:17)

  console.info
    {
      component: 'http',
      event: 'request_completed',
      requestId: 'f5ddcab5-b7c0-4c08-aedb-0b4587949b0d',
      methodClass: 'POST',
      durationMs: 11,
      statusCode: 201
    }

      at write (src/observability/safeLogger.js:178:17)

  console.info
    {
      component: 'http',
      event: 'request_completed',
      requestId: '741942a9-11d2-452d-ab13-152a8536f07a',
      methodClass: 'GET',
      durationMs: 21,
      statusCode: 200
    }

      at write (src/observability/safeLogger.js:178:17)

  console.info
    {
      component: 'http',
      event: 'request_completed',
      requestId: 'db29c625-820c-4750-a887-0029cfb2d17f',
      methodClass: 'POST',
      durationMs: 11,
      statusCode: 201
    }

      at write (src/observability/safeLogger.js:178:17)

  console.info
    {
      component: 'http',
      event: 'request_completed',
      requestId: 'f1a4ee6d-8e9b-438f-826b-bf0ba19ce29e',
      methodClass: 'GET',
      durationMs: 18,
      statusCode: 200
    }

      at write (src/observability/safeLogger.js:178:17)

  console.info
    {
      component: 'http',
      event: 'request_completed',
      requestId: 'a0bd8e9e-9af1-4f74-9ab2-3cea56c75bc7',
      methodClass: 'GET',
      durationMs: 16,
      statusCode: 200
    }

      at write (src/observability/safeLogger.js:178:17)

  console.info
    {
      component: 'http',
      event: 'request_completed',
      requestId: 'da54aaef-7195-4d72-b895-df08ce29c6b6',
      methodClass: 'GET',
      durationMs: 5,
      statusCode: 503
    }

      at write (src/observability/safeLogger.js:178:17)

  console.info
    {
      component: 'http',
      event: 'request_completed',
      requestId: '8d63472e-09a4-47ac-812e-1035495303a9',
      methodClass: 'GET',
      durationMs: 0,
      statusCode: 410
    }

      at write (src/observability/safeLogger.js:178:17)

  console.info
    {
      component: 'http',
      event: 'request_completed',
      requestId: '2ec0b132-dde9-4b3f-849c-ac79ffd806e4',
      methodClass: 'POST',
      durationMs: 2,
      statusCode: 410
    }

      at write (src/observability/safeLogger.js:178:17)

  console.info
    {
      component: 'http',
      event: 'request_completed',
      requestId: 'c683f5a0-031a-4e3c-888b-718dcb373433',
      methodClass: 'GET',
      durationMs: 7,
      statusCode: 200
    }

      at write (src/observability/safeLogger.js:178:17)

  console.info
    {
      component: 'http',
      event: 'request_completed',
      requestId: 'b9ef9032-e3f9-41b9-bce8-67bdff10e1a0',
      methodClass: 'GET',
      durationMs: 2,
      statusCode: 410
    }

      at write (src/observability/safeLogger.js:178:17)

  console.info
    {
      component: 'http',
      event: 'request_completed',
      requestId: 'bd3f8a7a-b74e-4682-90ab-71898fe4523e',
      methodClass: 'POST',
      durationMs: 3,
      statusCode: 410
    }

      at write (src/observability/safeLogger.js:178:17)

  console.info
    {
      component: 'http',
      event: 'request_completed',
      requestId: 'b5e05fad-e4bf-4a8d-9b5e-e74ea0eaa3ed',
      methodClass: 'PUT',
      durationMs: 3,
      statusCode: 410
    }

      at write (src/observability/safeLogger.js:178:17)

  console.info
    {
      component: 'http',
      event: 'request_completed',
      requestId: '50a2c37a-3c0b-45eb-8c71-c2362b3a3c51',
      methodClass: 'PATCH',
      durationMs: 2,
      statusCode: 410
    }

      at write (src/observability/safeLogger.js:178:17)

  console.info
    {
      component: 'http',
      event: 'request_completed',
      requestId: 'bafc4841-338b-4f67-8134-5fec614bf8ca',
      methodClass: 'DELETE',
      durationMs: 3,
      statusCode: 410
    }

      at write (src/observability/safeLogger.js:178:17)

  console.log
    [Simulations] Canonical graph committed: {"operationId":"b802a2fc-5fa3-43b0-ac31-3c9b435a61b1","service":"fence","replayed":false}

      at log (src/routes/simulations.js:131:11)

  console.info
    {
      component: 'http',
      event: 'request_completed',
      requestId: 'de65cba2-822d-4c86-9b8c-031735cfb9c8',
      methodClass: 'POST',
      durationMs: 13,
      statusCode: 201
    }

      at write (src/observability/safeLogger.js:178:17)

  console.info
    {
      component: 'http',
      event: 'request_completed',
      requestId: '94ebc2cf-50bc-4985-855f-79c15a9f3b12',
      methodClass: 'GET',
      durationMs: 3,
      statusCode: 200
    }

      at write (src/observability/safeLogger.js:178:17)

  console.info
    {
      component: 'http',
      event: 'request_completed',
      requestId: '7f430b90-9287-443b-996d-5f0e8422537a',
      methodClass: 'GET',
      durationMs: 11,
      statusCode: 200
    }

      at write (src/observability/safeLogger.js:178:17)

  console.info
    {
      component: 'http',
      event: 'request_completed',
      requestId: 'f0a089dc-962e-4aaa-87a4-0336f0154e29',
      methodClass: 'PUT',
      durationMs: 2,
      statusCode: 403
    }

      at write (src/observability/safeLogger.js:178:17)

  console.log
    [Simulations] Canonical graph committed: {"operationId":"37de9d0c-c018-4873-8539-381a66d6864e","service":"fence","replayed":false}

      at log (src/routes/simulations.js:131:11)

  console.info
    {
      component: 'http',
      event: 'request_completed',
      requestId: '16f93338-1fbc-4ee5-9c6e-c66d9030dedd',
      methodClass: 'POST',
      durationMs: 16,
      statusCode: 201
    }

      at write (src/observability/safeLogger.js:178:17)

  console.log
    [Simulations] Canonical graph committed: {"operationId":"37de9d0c-c018-4873-8539-381a66d6864e","service":"fence","replayed":true}

      at log (src/routes/simulations.js:131:11)

  console.info
    {
      component: 'http',
      event: 'request_completed',
      requestId: '42608781-fccf-4464-84a4-aff25e3944ff',
      methodClass: 'POST',
      durationMs: 5,
      statusCode: 201
    }

      at write (src/observability/safeLogger.js:178:17)

  console.log
    [Simulations] Canonical graph committed: {"operationId":"37de9d0c-c018-4873-8539-381a66d6864e","service":"fence","replayed":true}

      at log (src/routes/simulations.js:131:11)

  console.info
    {
      component: 'http',
      event: 'request_completed',
      requestId: 'baeebce7-71de-49c4-92b6-63e8694f52bf',
      methodClass: 'POST',
      durationMs: 4,
      statusCode: 201
    }

      at write (src/observability/safeLogger.js:178:17)

  console.info
    {
      component: 'http',
      event: 'request_completed',
      requestId: '68e17f75-6d6e-439a-9362-01615a365888',
      methodClass: 'POST',
      durationMs: 5,
      statusCode: 409
    }

      at write (src/observability/safeLogger.js:178:17)

  console.log
    [DB] Migration applied: 001_initial_schema.sql

      at Object.log [as runMigrations] (src/db.js:1312:42)

  console.log
    [DB] Migration applied: 002_seed_data.sql

      at Object.log [as runMigrations] (src/db.js:1312:42)

  console.log
    [DB] Migration applied: 003_voice_sessions.sql

      at Object.log [as runMigrations] (src/db.js:1312:42)

  console.log
    [DB] Migration applied: 004_canonical_persistence_v2.sql

      at Object.log [as runMigrations] (src/db.js:1312:42)

  console.log
    [DB] Migration applied: 005_canonical_organization_authority.sql

      at Object.log [as runMigrations] (src/db.js:1312:42)

  console.log
    [DB] Migration applied: 006_canonical_voice_sessions.sql

      at Object.log [as runMigrations] (src/db.js:1312:42)

  console.log
    [DB] Migration applied: 007_canonical_tax_authority.sql

      at Object.log [as runMigrations] (src/db.js:1312:42)

  console.log
    [DB] Migration applied: 008_canonical_demo_authority.sql

      at Object.log [as runMigrations] (src/db.js:1312:42)

  console.log
    [DB] Migration applied: 009_canonical_voice_provider_identity.sql

      at Object.log [as runMigrations] (src/db.js:1312:42)

  console.log
    [DB] Migration applied: 010_account_session_authority.sql

      at Object.log [as runMigrations] (src/db.js:1312:42)

  console.log
    [DB] Migration applied: 011_oauth_authorization_states.sql

      at Object.log [as runMigrations] (src/db.js:1312:42)

  console.log
    [DB] Migration applied: 012_account_verification_trial.sql

      at Object.log [as runMigrations] (src/db.js:1312:42)

  console.log
    [DB] Migration applied: 015_workforce_authority.sql

      at Object.log [as runMigrations] (src/db.js:1312:42)

  console.log
    [DB] Migration applied: 016_tenant_asset_catalogue.sql

      at Object.log [as runMigrations] (src/db.js:1312:42)

  console.log
    [DB] Migration applied: 017_retell_webhook_replay_authority.sql

      at Object.log [as runMigrations] (src/db.js:1312:42)

  console.log
    [DB] Migration applied: 018_canonical_map_preferences.sql

      at Object.log [as runMigrations] (src/db.js:1312:42)

  console.log
    [DB] Migration applied: 019_account_email_outbox.sql

      at Object.log [as runMigrations] (src/db.js:1312:42)

  console.log
    [DB] Migration applied: 020_canonical_workforce_access_roles.sql

      at Object.log [as runMigrations] (src/db.js:1312:42)

  console.log
    [DB] Migration applied: 021_bounded_api_observability.sql

      at Object.log [as runMigrations] (src/db.js:1312:42)

  console.log
    [DB] Migration applied: 022_demo_command_center_sessions.sql

      at Object.log [as runMigrations] (src/db.js:1312:42)

  console.log
    [DB] Migration applied: 023_homepage_demo_admission.sql

      at Object.log [as runMigrations] (src/db.js:1312:42)

  console.log
    [DB] Migration applied: 024_homepage_verified_purge_receipt.sql

      at Object.log [as runMigrations] (src/db.js:1312:42)

  console.log
    [DB] Migration applied: 025_provider_agnostic_knowledge_registry.sql

      at Object.log [as runMigrations] (src/db.js:1312:42)

  console.log
    [DB] Migration applied: 001_initial_schema.sql

      at Object.log [as runMigrations] (src/db.js:1312:42)

  console.log
    [DB] Migration applied: 002_seed_data.sql

      at Object.log [as runMigrations] (src/db.js:1312:42)

  console.log
    [DB] Migration applied: 003_voice_sessions.sql

      at Object.log [as runMigrations] (src/db.js:1312:42)

  console.log
    [DB] Migration applied: 004_canonical_persistence_v2.sql

      at Object.log [as runMigrations] (src/db.js:1312:42)

  console.log
    [DB] Migration applied: 005_canonical_organization_authority.sql

      at Object.log [as runMigrations] (src/db.js:1312:42)

  console.log
    [DB] Migration applied: 006_canonical_voice_sessions.sql

      at Object.log [as runMigrations] (src/db.js:1312:42)

  console.log
    [DB] Migration applied: 007_canonical_tax_authority.sql

      at Object.log [as runMigrations] (src/db.js:1312:42)

  console.log
    [DB] Migration applied: 008_canonical_demo_authority.sql

      at Object.log [as runMigrations] (src/db.js:1312:42)

  console.log
    [DB] Migration applied: 009_canonical_voice_provider_identity.sql

      at Object.log [as runMigrations] (src/db.js:1312:42)

  console.log
    [DB] Migration applied: 010_account_session_authority.sql

      at Object.log [as runMigrations] (src/db.js:1312:42)

  console.log
    [DB] Migration applied: 011_oauth_authorization_states.sql

      at Object.log [as runMigrations] (src/db.js:1312:42)

  console.log
    [DB] Migration applied: 012_account_verification_trial.sql

      at Object.log [as runMigrations] (src/db.js:1312:42)

  console.log
    [DB] Migration applied: 015_workforce_authority.sql

      at Object.log [as runMigrations] (src/db.js:1312:42)

  console.log
    [DB] Migration applied: 016_tenant_asset_catalogue.sql

      at Object.log [as runMigrations] (src/db.js:1312:42)

  console.log
    [DB] Migration applied: 017_retell_webhook_replay_authority.sql

      at Object.log [as runMigrations] (src/db.js:1312:42)

  console.log
    [DB] Migration applied: 018_canonical_map_preferences.sql

      at Object.log [as runMigrations] (src/db.js:1312:42)

  console.log
    [DB] Migration applied: 019_account_email_outbox.sql

      at Object.log [as runMigrations] (src/db.js:1312:42)

  console.log
    [DB] Migration applied: 020_canonical_workforce_access_roles.sql

      at Object.log [as runMigrations] (src/db.js:1312:42)

  console.log
    [DB] Migration applied: 021_bounded_api_observability.sql

      at Object.log [as runMigrations] (src/db.js:1312:42)

  console.log
    [DB] Migration applied: 022_demo_command_center_sessions.sql

      at Object.log [as runMigrations] (src/db.js:1312:42)

  console.log
    [DB] Migration applied: 023_homepage_demo_admission.sql

      at Object.log [as runMigrations] (src/db.js:1312:42)

  console.log
    [DB] Migration applied: 024_homepage_verified_purge_receipt.sql

      at Object.log [as runMigrations] (src/db.js:1312:42)

  console.log
    [DB] Migration applied: 025_provider_agnostic_knowledge_registry.sql

      at Object.log [as runMigrations] (src/db.js:1312:42)

  console.log
    [DB] Migration applied: 001_initial_schema.sql

      at log (src/db.js:1312:42)

  console.log
    [DB] Migration applied: 002_seed_data.sql

      at log (src/db.js:1312:42)

  console.log
    [DB] Migration applied: 003_voice_sessions.sql

      at log (src/db.js:1312:42)

  console.log
    [DB] Migration applied: 004_canonical_persistence_v2.sql

      at log (src/db.js:1312:42)

  console.log
    [DB] Migration applied: 005_canonical_organization_authority.sql

      at log (src/db.js:1312:42)

  console.log
    [DB] Migration applied: 006_canonical_voice_sessions.sql

      at log (src/db.js:1312:42)

  console.log
    [DB] Migration applied: 007_canonical_tax_authority.sql

      at log (src/db.js:1312:42)

  console.log
    [DB] Migration applied: 008_canonical_demo_authority.sql

      at log (src/db.js:1312:42)

  console.log
    [DB] Migration applied: 009_canonical_voice_provider_identity.sql

      at log (src/db.js:1312:42)

  console.log
    [DB] Migration applied: 010_account_session_authority.sql

      at log (src/db.js:1312:42)

  console.log
    [DB] Migration applied: 011_oauth_authorization_states.sql

      at log (src/db.js:1312:42)

  console.log
    [DB] Migration applied: 012_account_verification_trial.sql

      at log (src/db.js:1312:42)

  console.log
    [DB] Migration applied: 015_workforce_authority.sql

      at log (src/db.js:1312:42)

  console.log
    [DB] Migration applied: 016_tenant_asset_catalogue.sql

      at log (src/db.js:1312:42)

  console.log
    [DB] Migration applied: 017_retell_webhook_replay_authority.sql

      at log (src/db.js:1312:42)

  console.log
    [DB] Migration applied: 018_canonical_map_preferences.sql

      at log (src/db.js:1312:42)

  console.log
    [DB] Migration applied: 019_account_email_outbox.sql

      at log (src/db.js:1312:42)

  console.log
    [DB] Migration applied: 020_canonical_workforce_access_roles.sql

      at log (src/db.js:1312:42)

  console.log
    [DB] Migration applied: 021_bounded_api_observability.sql

      at log (src/db.js:1312:42)

  console.log
    [DB] Migration applied: 022_demo_command_center_sessions.sql

      at log (src/db.js:1312:42)

  console.log
    [DB] Migration applied: 023_homepage_demo_admission.sql

      at log (src/db.js:1312:42)

  console.log
    [DB] Migration applied: 024_homepage_verified_purge_receipt.sql

      at log (src/db.js:1312:42)

  console.log
    [DB] Migration applied: 025_provider_agnostic_knowledge_registry.sql

      at log (src/db.js:1312:42)

  console.log
    [DB] Migration applied: 026_canonical_knowledge_review_publication.sql

      at log (src/db.js:1312:42)

  console.log
    [DB] Migration applied: 027_canonical_knowledge_audit_graph_authority.sql

      at log (src/db.js:1312:42)

  console.log
    [DB] Migration applied: 028_canonical_knowledge_immutable_lifecycle.sql

      at log (src/db.js:1312:42)

  console.log
    [DB] Migration applied: 029_canonical_knowledge_transactional_sync.sql

      at log (src/db.js:1312:42)

  console.log
    [DB] Migration applied: 030_canonical_knowledge_sync_revocation.sql

      at log (src/db.js:1312:42)

  console.log
    [DB] Migration applied: 031_canonical_knowledge_sync_recovery_lifecycle.sql

      at log (src/db.js:1312:42)

  console.log
    [DB] Migration applied: 032_canonical_schedule_assignment_authority.sql

      at log (src/db.js:1312:42)

  console.log
    [DB] Migration applied: 033_canonical_schedule_time_evidence.sql

      at log (src/db.js:1312:42)

  console.log
    [DB] Migration applied: 034_schedule_availability_conflict_authority.sql

      at log (src/db.js:1312:42)

  console.log
    [DB] Migration applied: 035_schedule_human_preview_approval.sql

      at log (src/db.js:1312:42)

  console.info
    {
      component: 'http',
      event: 'request_completed',
      requestId: 'f0f098bd-f809-46f6-ad3b-02c78cefa8e1',
      methodClass: 'GET',
      durationMs: 8,
      statusCode: 200
    }

      at write (src/observability/safeLogger.js:178:17)

  console.info
    {
      component: 'http',
      event: 'request_completed',
      requestId: 'b2740f6b-a5ea-4893-a14a-12625b943d4f',
      methodClass: 'POST',
      durationMs: 1,
      statusCode: 403
    }

      at write (src/observability/safeLogger.js:178:17)

  console.info
    {
      component: 'http',
      event: 'request_completed',
      requestId: '4e8220e1-0a87-4d47-bf4b-31fdfd8693ad',
      methodClass: 'GET',
      durationMs: 4,
      statusCode: 200
    }

      at write (src/observability/safeLogger.js:178:17)

  console.info
    {
      component: 'http',
      event: 'request_completed',
      requestId: '8ccec690-ed46-44db-ae48-854e1073bfdc',
      methodClass: 'POST',
      durationMs: 16,
      statusCode: 201
    }

      at write (src/observability/safeLogger.js:178:17)

  console.info
    {
      component: 'http',
      event: 'request_completed',
      requestId: '8704d716-461a-4c51-abf7-89bcdc46fe13',
      methodClass: 'GET',
      durationMs: 6,
      statusCode: 200
    }

      at write (src/observability/safeLogger.js:178:17)

  console.info
    {
      component: 'http',
      event: 'request_completed',
      requestId: 'c67ddba7-fc34-4793-a496-f12d72080d7c',
      methodClass: 'GET',
      durationMs: 4,
      statusCode: 200
    }

      at write (src/observability/safeLogger.js:178:17)

  console.info
    {
      component: 'http',
      event: 'request_completed',
      requestId: '3e2d6c0b-939c-4670-b2cd-b6ed49686bc7',
      methodClass: 'GET',
      durationMs: 4,
      statusCode: 200
    }

      at write (src/observability/safeLogger.js:178:17)

  console.info
    {
      component: 'http',
      event: 'request_completed',
      requestId: 'b8429070-a77e-4e4b-942d-9004debb55aa',
      methodClass: 'GET',
      durationMs: 5,
      statusCode: 200
    }

      at write (src/observability/safeLogger.js:178:17)

  console.info
    {
      component: 'http',
      event: 'request_completed',
      requestId: 'ce75d266-12ce-455b-a934-fab5812ae4a3',
      methodClass: 'POST',
      durationMs: 5,
      statusCode: 200
    }

      at write (src/observability/safeLogger.js:178:17)

  console.info
    {
      component: 'http',
      event: 'request_completed',
      requestId: 'bdbf2c27-5ca1-44ca-a8a0-0dbf1ad6c03a',
      methodClass: 'POST',
      durationMs: 2,
      statusCode: 409
    }

      at write (src/observability/safeLogger.js:178:17)

  console.info
    {
      component: 'http',
      event: 'request_completed',
      requestId: 'fd758d26-4585-47c7-ba38-d2cbb30c3781',
      methodClass: 'GET',
      durationMs: 3,
      statusCode: 200
    }

      at write (src/observability/safeLogger.js:178:17)

  console.info
    {
      component: 'http',
      event: 'request_completed',
      requestId: '32dccc9b-49ab-464c-939c-4a50a3c76e22',
      methodClass: 'GET',
      durationMs: 4,
      statusCode: 200
    }

      at write (src/observability/safeLogger.js:178:17)

  console.info
    {
      component: 'http',
      event: 'request_completed',
      requestId: '8dc7c927-4872-4aae-8f5a-871f56c74bea',
      methodClass: 'GET',
      durationMs: 4,
      statusCode: 200
    }

      at write (src/observability/safeLogger.js:178:17)

  console.info
    {
      component: 'http',
      event: 'request_completed',
      requestId: '1fafa8fb-673d-4ccf-9f92-7b78fd6d043f',
      methodClass: 'GET',
      durationMs: 3,
      statusCode: 200
    }

      at write (src/observability/safeLogger.js:178:17)

  console.info
    {
      component: 'http',
      event: 'request_completed',
      requestId: '3129962f-cd56-4aa2-af31-1069e145fb53',
      methodClass: 'POST',
      durationMs: 7,
      statusCode: 200
    }

      at write (src/observability/safeLogger.js:178:17)

  console.info
    {
      component: 'http',
      event: 'request_completed',
      requestId: 'e66daf60-484d-447f-bccc-93a0854f12bc',
      methodClass: 'POST',
      durationMs: 2,
      statusCode: 409
    }

      at write (src/observability/safeLogger.js:178:17)

  console.info
    {
      component: 'http',
      event: 'request_completed',
      requestId: '37ad3048-cfbc-41b0-9338-afa751761506',
      methodClass: 'GET',
      durationMs: 3,
      statusCode: 200
    }

      at write (src/observability/safeLogger.js:178:17)

  console.info
    {
      component: 'http',
      event: 'request_completed',
      requestId: '986f8176-93d9-463e-989c-132b41d3bcbc',
      methodClass: 'POST',
      durationMs: 12,
      statusCode: 201
    }

      at write (src/observability/safeLogger.js:178:17)

  console.info
    {
      component: 'http',
      event: 'request_completed',
      requestId: '4f62bf64-0c17-48d5-ab7f-f165956a43fe',
      methodClass: 'POST',
      durationMs: 6,
      statusCode: 200
    }

      at write (src/observability/safeLogger.js:178:17)

  console.info
    {
      component: 'http',
      event: 'request_completed',
      requestId: '5635795c-451f-498c-a660-6a47a3e90947',
      methodClass: 'POST',
      durationMs: 2,
      statusCode: 409
    }

      at write (src/observability/safeLogger.js:178:17)

  console.info
    {
      component: 'http',
      event: 'request_completed',
      requestId: '697d17e4-3d21-487d-b449-01ec00b77509',
      methodClass: 'GET',
      durationMs: 3,
      statusCode: 200
    }

      at write (src/observability/safeLogger.js:178:17)

  console.info
    {
      component: 'http',
      event: 'request_completed',
      requestId: '07b42b29-c62a-4606-90dc-1c3dae2751f3',
      methodClass: 'POST',
      durationMs: 1,
      statusCode: 404
    }

      at write (src/observability/safeLogger.js:178:17)

  console.info
    {
      component: 'http',
      event: 'request_completed',
      requestId: '8e9fccd7-1cbb-44ab-a84f-c1b74ab30728',
      methodClass: 'GET',
      durationMs: 3,
      statusCode: 200
    }

      at write (src/observability/safeLogger.js:178:17)

  console.info
    {
      component: 'http',
      event: 'request_completed',
      requestId: '838653bd-5e8a-4267-9c22-fa6f03257c37',
      methodClass: 'POST',
      durationMs: 14,
      statusCode: 201
    }

      at write (src/observability/safeLogger.js:178:17)

  console.info
    {
      component: 'http',
      event: 'request_completed',
      requestId: '1afaac5f-068d-4667-83e8-ecfdbe9d3901',
      methodClass: 'GET',
      durationMs: 3,
      statusCode: 200
    }

      at write (src/observability/safeLogger.js:178:17)

  console.info
    {
      component: 'http',
      event: 'request_completed',
      requestId: 'dc8fb4b9-0a37-4391-85af-475ce3de62e3',
      methodClass: 'POST',
      durationMs: 0,
      statusCode: 403
    }

      at write (src/observability/safeLogger.js:178:17)

  console.log
    [DB] Migration applied: 001_initial_schema.sql

      at log (src/db.js:1312:42)

  console.log
    [DB] Migration applied: 002_seed_data.sql

      at log (src/db.js:1312:42)

  console.log
    [DB] Migration applied: 003_voice_sessions.sql

      at log (src/db.js:1312:42)

  console.log
    [DB] Migration applied: 004_canonical_persistence_v2.sql

      at log (src/db.js:1312:42)

  console.log
    [DB] Migration applied: 005_canonical_organization_authority.sql

      at log (src/db.js:1312:42)

  console.log
    [DB] Migration applied: 006_canonical_voice_sessions.sql

      at log (src/db.js:1312:42)

  console.log
    [DB] Migration applied: 007_canonical_tax_authority.sql

      at log (src/db.js:1312:42)

  console.log
    [DB] Migration applied: 008_canonical_demo_authority.sql

      at log (src/db.js:1312:42)

  console.log
    [DB] Migration applied: 009_canonical_voice_provider_identity.sql

      at log (src/db.js:1312:42)

  console.log
    [DB] Migration applied: 010_account_session_authority.sql

      at log (src/db.js:1312:42)

  console.log
    [DB] Migration applied: 011_oauth_authorization_states.sql

      at log (src/db.js:1312:42)

  console.log
    [DB] Migration applied: 012_account_verification_trial.sql

      at log (src/db.js:1312:42)

  console.log
    [DB] Migration applied: 015_workforce_authority.sql

      at log (src/db.js:1312:42)

  console.log
    [DB] Migration applied: 016_tenant_asset_catalogue.sql

      at log (src/db.js:1312:42)

  console.log
    [DB] Migration applied: 017_retell_webhook_replay_authority.sql

      at log (src/db.js:1312:42)

  console.log
    [DB] Migration applied: 018_canonical_map_preferences.sql

      at log (src/db.js:1312:42)

  console.log
    [DB] Migration applied: 019_account_email_outbox.sql

      at log (src/db.js:1312:42)

  console.log
    [DB] Migration applied: 020_canonical_workforce_access_roles.sql

      at log (src/db.js:1312:42)

  console.log
    [DB] Migration applied: 021_bounded_api_observability.sql

      at log (src/db.js:1312:42)

  console.log
    [DB] Migration applied: 022_demo_command_center_sessions.sql

      at log (src/db.js:1312:42)

  console.log
    [DB] Migration applied: 023_homepage_demo_admission.sql

      at log (src/db.js:1312:42)

  console.log
    [DB] Migration applied: 024_homepage_verified_purge_receipt.sql

      at log (src/db.js:1312:42)

  console.log
    [DB] Migration applied: 025_provider_agnostic_knowledge_registry.sql

      at log (src/db.js:1312:42)

  console.log
    [DB] Migration applied: 026_canonical_knowledge_review_publication.sql

      at log (src/db.js:1312:42)

  console.log
    [DB] Migration applied: 027_canonical_knowledge_audit_graph_authority.sql

      at log (src/db.js:1312:42)

  console.log
    [DB] Migration applied: 028_canonical_knowledge_immutable_lifecycle.sql

      at log (src/db.js:1312:42)

  console.log
    [DB] Migration applied: 029_canonical_knowledge_transactional_sync.sql

      at log (src/db.js:1312:42)

  console.log
    [DB] Migration applied: 030_canonical_knowledge_sync_revocation.sql

      at log (src/db.js:1312:42)

  console.log
    [DB] Migration applied: 031_canonical_knowledge_sync_recovery_lifecycle.sql

      at log (src/db.js:1312:42)

  console.log
    [DB] Migration applied: 032_canonical_schedule_assignment_authority.sql

      at log (src/db.js:1312:42)

  console.log
    [DB] Migration applied: 033_canonical_schedule_time_evidence.sql

      at log (src/db.js:1312:42)

  console.log
    [DB] Migration applied: 034_schedule_availability_conflict_authority.sql

      at log (src/db.js:1312:42)

  console.log
    [DB] Migration applied: 035_schedule_human_preview_approval.sql

      at log (src/db.js:1312:42)

  console.info
    {
      component: 'http',
      event: 'request_completed',
      requestId: 'a80d2cf4-e48c-4bdc-82db-e95d8671f7bd',
      methodClass: 'GET',
      durationMs: 5,
      statusCode: 200
    }

      at write (src/observability/safeLogger.js:178:17)

  console.info
    {
      component: 'http',
      event: 'request_completed',
      requestId: '341ad096-ef75-4d2a-aecd-7da00d54d848',
      methodClass: 'GET',
      durationMs: 3,
      statusCode: 200
    }

      at write (src/observability/safeLogger.js:178:17)

  console.info
    {
      component: 'http',
      event: 'request_completed',
      requestId: 'c27e1dee-a33f-44a5-905a-f6a0afe20704',
      methodClass: 'GET',
      durationMs: 3,
      statusCode: 200
    }

      at write (src/observability/safeLogger.js:178:17)

  console.info
    {
      component: 'http',
      event: 'request_completed',
      requestId: 'bc9f71e0-ac4d-4d31-a59f-85544207f440',
      methodClass: 'GET',
      durationMs: 3,
      statusCode: 200
    }

      at write (src/observability/safeLogger.js:178:17)

  console.info
    {
      component: 'http',
      event: 'request_completed',
      requestId: '4d1286ec-375f-4561-9239-5b38766b352e',
      methodClass: 'GET',
      durationMs: 3,
      statusCode: 200
    }

      at write (src/observability/safeLogger.js:178:17)

  console.info
    {
      component: 'http',
      event: 'request_completed',
      requestId: '1ccdfe22-fecb-4333-aef9-ba76ca4a5b86',
      methodClass: 'PUT',
      durationMs: 3,
      statusCode: 403
    }

      at write (src/observability/safeLogger.js:178:17)

  console.info
    {
      component: 'http',
      event: 'request_completed',
      requestId: 'f46d4eb9-13de-4f81-92f2-8f301ef8f335',
      methodClass: 'PUT',
      durationMs: 39,
      statusCode: 403
    }

      at write (src/observability/safeLogger.js:178:17)

  console.info
    {
      component: 'http',
      event: 'request_completed',
      requestId: 'dd773c0d-59a7-49f2-ac0d-7a6f719f8558',
      methodClass: 'PUT',
      durationMs: 2,
      statusCode: 403
    }

      at write (src/observability/safeLogger.js:178:17)

  console.info
    {
      component: 'http',
      event: 'request_completed',
      requestId: 'd79d3439-9f65-481c-9245-2f8f4e65d509',
      methodClass: 'PUT',
      durationMs: 5,
      statusCode: 200
    }

      at write (src/observability/safeLogger.js:178:17)

  console.info
    {
      component: 'http',
      event: 'request_completed',
      requestId: '5618dd4e-1f3e-433e-a870-d346e36334a7',
      methodClass: 'PUT',
      durationMs: 3,
      statusCode: 200
    }

      at write (src/observability/safeLogger.js:178:17)

  console.info
    {
      component: 'http',
      event: 'request_completed',
      requestId: '8428f25a-f04e-4cdb-b0fd-5135b27dbef6',
      methodClass: 'PUT',
      durationMs: 4,
      statusCode: 409
    }

      at write (src/observability/safeLogger.js:178:17)

  console.info
    {
      component: 'http',
      event: 'request_completed',
      requestId: '2a554bd1-8a78-40c1-946c-a1d100abb049',
      methodClass: 'PUT',
      durationMs: 3,
      statusCode: 400
    }

      at write (src/observability/safeLogger.js:178:17)

  console.info
    {
      component: 'http',
      event: 'request_completed',
      requestId: 'c265974a-eb4b-4955-a3ff-11a5522df790',
      methodClass: 'PUT',
      durationMs: 2,
      statusCode: 400
    }

      at write (src/observability/safeLogger.js:178:17)

  console.info
    {
      component: 'http',
      event: 'request_completed',
      requestId: '51a95ddd-6eb4-47d2-b399-7ba0527a338e',
      methodClass: 'PUT',
      durationMs: 2,
      statusCode: 400
    }

      at write (src/observability/safeLogger.js:178:17)

  console.info
    {
      component: 'http',
      event: 'request_completed',
      requestId: '1c7d099c-44c8-47a1-8214-8fd1a47c42d7',
      methodClass: 'PUT',
      durationMs: 3,
      statusCode: 400
    }

      at write (src/observability/safeLogger.js:178:17)

  console.info
    {
      component: 'http',
      event: 'request_completed',
      requestId: '635255c2-da59-42bb-93a2-206a99739baf',
      methodClass: 'PUT',
      durationMs: 4,
      statusCode: 200
    }

      at write (src/observability/safeLogger.js:178:17)

  console.info
    {
      component: 'http',
      event: 'request_completed',
      requestId: '76787660-66dd-4fbe-b965-b4d80abef721',
      methodClass: 'PUT',
      durationMs: 6,
      statusCode: 409
    }

      at write (src/observability/safeLogger.js:178:17)

  console.info
    {
      component: 'http',
      event: 'request_completed',
      requestId: 'b4713ded-0047-41ec-a0f7-f3b25630233c',
      methodClass: 'PUT',
      durationMs: 8,
      statusCode: 200
    }

      at write (src/observability/safeLogger.js:178:17)

  console.info
    {
      component: 'http',
      event: 'request_completed',
      requestId: '158d620d-fb43-4bda-9152-cd68bdd223dc',
      methodClass: 'PUT',
      durationMs: 5,
      statusCode: 200
    }

      at write (src/observability/safeLogger.js:178:17)

  console.info
    {
      component: 'http',
      event: 'request_completed',
      requestId: 'fb4fe636-bfe6-46a1-af6e-6881e8d986ea',
      methodClass: 'PUT',
      durationMs: 4,
      statusCode: 200
    }

      at write (src/observability/safeLogger.js:178:17)

  console.info
    {
      component: 'http',
      event: 'request_completed',
      requestId: '7af461dc-d1d8-45a9-a5e9-d00ac93eefd1',
      methodClass: 'PUT',
      durationMs: 4,
      statusCode: 200
    }

      at write (src/observability/safeLogger.js:178:17)

  console.info
    {
      component: 'http',
      event: 'request_completed',
      requestId: '198ad4c9-805d-432a-bd07-7a9beef560a6',
      methodClass: 'PUT',
      durationMs: 2,
      statusCode: 400
    }

      at write (src/observability/safeLogger.js:178:17)

  console.info
    {
      component: 'http',
      event: 'request_completed',
      requestId: 'db395fd7-b21e-4ea1-97bf-a215d681ab60',
      methodClass: 'PUT',
      durationMs: 4,
      statusCode: 200
    }

      at write (src/observability/safeLogger.js:178:17)

  console.info
    {
      component: 'http',
      event: 'request_completed',
      requestId: '10a40adf-9a4e-43b0-add3-3f82e1915267',
      methodClass: 'PUT',
      durationMs: 4,
      statusCode: 200
    }

      at write (src/observability/safeLogger.js:178:17)

  console.info
    {
      component: 'http',
      event: 'request_completed',
      requestId: 'd9aed437-29b9-471b-9e1c-c15209ce2b61',
      methodClass: 'PUT',
      durationMs: 4,
      statusCode: 409
    }

      at write (src/observability/safeLogger.js:178:17)

  console.info
    {
      component: 'http',
      event: 'request_completed',
      requestId: '02357964-67ad-46fc-a50a-cda761cd411c',
      methodClass: 'PUT',
      durationMs: 4,
      statusCode: 200
    }

      at write (src/observability/safeLogger.js:178:17)

  console.info
    {
      component: 'http',
      event: 'request_completed',
      requestId: '28adfa2d-9f7e-46d9-9a8b-4747af241684',
      methodClass: 'PUT',
      durationMs: 6,
      statusCode: 409
    }

      at write (src/observability/safeLogger.js:178:17)

  console.info
    {
      component: 'http',
      event: 'request_completed',
      requestId: '611afc37-6a02-4a74-a3cb-6d6cb16ae81c',
      methodClass: 'GET',
      durationMs: 0,
      statusCode: 401
    }

      at write (src/observability/safeLogger.js:178:17)

  console.info
    {
      component: 'http',
      event: 'request_completed',
      requestId: 'd8ced808-6c4e-4460-a9ec-14f4b933e28b',
      methodClass: 'PUT',
      durationMs: 1,
      statusCode: 401
    }

      at write (src/observability/safeLogger.js:178:17)

  console.info
    {
      component: 'http',
      event: 'request_completed',
      requestId: '833cdb2a-fa66-43a2-857b-de7044f2bfa1',
      methodClass: 'PUT',
      durationMs: 2,
      statusCode: 400
    }

      at write (src/observability/safeLogger.js:178:17)

  console.warn
    [MapPreferences] Canonical authority unavailable: {
      event: 'map_preferences_authority_unavailable',
      requestId: 'unavailable'
    }

      24 |     });
      25 |   }
    > 26 |   console.warn('[MapPreferences] Canonical authority unavailable:', {
         |           ^
      27 |     event: 'map_preferences_authority_unavailable',
      28 |     requestId: requestId(req),
      29 |   });

      at warn (src/routes/mapPreferences.js:26:11)
      at failure (src/routes/mapPreferences.js:59:14)

  console.warn
    [MapPreferences] Canonical authority unavailable: {
      event: 'map_preferences_authority_unavailable',
      requestId: 'unavailable'
    }

      24 |     });
      25 |   }
    > 26 |   console.warn('[MapPreferences] Canonical authority unavailable:', {
         |           ^
      27 |     event: 'map_preferences_authority_unavailable',
      28 |     requestId: requestId(req),
      29 |   });

      at warn (src/routes/mapPreferences.js:26:11)
      at failure (src/routes/mapPreferences.js:83:16)

  console.info
    {
      component: 'http',
      event: 'request_completed',
      requestId: 'd7c25e61-d1d1-4d89-b736-23306bce942e',
      methodClass: 'GET',
      durationMs: 4,
      statusCode: 200
    }

      at write (src/observability/safeLogger.js:178:17)

  console.info
    {
      component: 'http',
      event: 'request_completed',
      requestId: '94483499-52d4-4fce-b8ef-1daf3a034555',
      methodClass: 'GET',
      durationMs: 2,
      statusCode: 200
    }

      at write (src/observability/safeLogger.js:178:17)

  console.info
    {
      component: 'http',
      event: 'request_completed',
      requestId: 'e7e4dcf4-d632-43d6-a7b2-5f2b8595c17a',
      methodClass: 'PUT',
      durationMs: 4,
      statusCode: 200
    }

      at write (src/observability/safeLogger.js:178:17)

  console.info
    {
      component: 'http',
      event: 'request_completed',
      requestId: '9ec6dfd6-49f7-4939-8d08-61b6d683e6a4',
      methodClass: 'GET',
      durationMs: 3,
      statusCode: 200
    }

      at write (src/observability/safeLogger.js:178:17)

  console.info
    {
      component: 'http',
      event: 'request_completed',
      requestId: '5ad92c01-c770-43c3-abe0-c92b91910da9',
      methodClass: 'GET',
      durationMs: 3,
      statusCode: 200
    }

      at write (src/observability/safeLogger.js:178:17)

  console.warn
    [MapPreferences] Canonical authority unavailable: {
      event: 'map_preferences_authority_unavailable',
      requestId: 'unavailable'
    }

      24 |     });
      25 |   }
    > 26 |   console.warn('[MapPreferences] Canonical authority unavailable:', {
         |           ^
      27 |     event: 'map_preferences_authority_unavailable',
      28 |     requestId: requestId(req),
      29 |   });

      at warn (src/routes/mapPreferences.js:26:11)
      at failure (src/routes/mapPreferences.js:83:16)

  console.info
    {
      component: 'http',
      event: 'request_completed',
      requestId: 'c5ed23c0-2308-4fd0-8268-c2ae03ac5842',
      methodClass: 'GET',
      durationMs: 3,
      statusCode: 200
    }

      at write (src/observability/safeLogger.js:178:17)

  console.warn
    [MapPreferences] Canonical authority unavailable: {
      event: 'map_preferences_authority_unavailable',
      requestId: 'unavailable'
    }

      24 |     });
      25 |   }
    > 26 |   console.warn('[MapPreferences] Canonical authority unavailable:', {
         |           ^
      27 |     event: 'map_preferences_authority_unavailable',
      28 |     requestId: requestId(req),
      29 |   });

      at warn (src/routes/mapPreferences.js:26:11)
      at failure (src/routes/mapPreferences.js:104:14)

  console.info
    {
      component: 'http',
      event: 'request_completed',
      requestId: '0e633b4b-bac0-4170-baef-69167f776467',
      methodClass: 'GET',
      durationMs: 3,
      statusCode: 200
    }

      at write (src/observability/safeLogger.js:178:17)

  console.info
    {
      component: 'http',
      event: 'request_completed',
      requestId: 'a8d0cd8f-0cbd-498d-ac96-1373e9b148af',
      methodClass: 'PUT',
      durationMs: 4,
      statusCode: 200
    }

      at write (src/observability/safeLogger.js:178:17)

  console.info
    {
      component: 'http',
      event: 'request_completed',
      requestId: '17df04bb-38a7-45ff-b0dd-4c1b3e6119f8',
      methodClass: 'PUT',
      durationMs: 6,
      statusCode: 409
    }

      at write (src/observability/safeLogger.js:178:17)

  console.info
    {
      component: 'http',
      event: 'request_completed',
      requestId: 'dc903bae-e86c-4435-ba47-bf575ec8e30e',
      methodClass: 'PUT',
      durationMs: 3,
      statusCode: 200
    }

      at write (src/observability/safeLogger.js:178:17)

  console.info
    {
      component: 'http',
      event: 'request_completed',
      requestId: '2df348f5-5181-41c8-ba53-b202055a41e6',
      methodClass: 'PUT',
      durationMs: 7,
      statusCode: 200
    }

      at write (src/observability/safeLogger.js:178:17)

  console.log
    [DB] Migration applied: 001_initial_schema.sql

      at log (src/db.js:1312:42)

  console.log
    [DB] Migration applied: 002_seed_data.sql

      at log (src/db.js:1312:42)

  console.log
    [DB] Migration applied: 003_voice_sessions.sql

      at log (src/db.js:1312:42)

  console.log
    [DB] Migration applied: 004_canonical_persistence_v2.sql

      at log (src/db.js:1312:42)

  console.log
    [DB] Migration applied: 005_canonical_organization_authority.sql

      at log (src/db.js:1312:42)

  console.log
    [DB] Migration applied: 006_canonical_voice_sessions.sql

      at log (src/db.js:1312:42)

  console.log
    [DB] Migration applied: 007_canonical_tax_authority.sql

      at log (src/db.js:1312:42)

  console.log
    [DB] Migration applied: 008_canonical_demo_authority.sql

      at log (src/db.js:1312:42)

  console.log
    [DB] Migration applied: 009_canonical_voice_provider_identity.sql

      at log (src/db.js:1312:42)

  console.log
    [DB] Migration applied: 010_account_session_authority.sql

      at log (src/db.js:1312:42)

  console.log
    [DB] Migration applied: 011_oauth_authorization_states.sql

      at log (src/db.js:1312:42)

  console.log
    [DB] Migration applied: 012_account_verification_trial.sql

      at log (src/db.js:1312:42)

  console.log
    [DB] Migration applied: 015_workforce_authority.sql

      at log (src/db.js:1312:42)

  console.log
    [DB] Migration applied: 016_tenant_asset_catalogue.sql

      at log (src/db.js:1312:42)

  console.log
    [DB] Migration applied: 017_retell_webhook_replay_authority.sql

      at log (src/db.js:1312:42)

  console.log
    [DB] Migration applied: 018_canonical_map_preferences.sql

      at log (src/db.js:1312:42)

  console.log
    [DB] Migration applied: 019_account_email_outbox.sql

      at log (src/db.js:1312:42)

  console.log
    [DB] Migration applied: 020_canonical_workforce_access_roles.sql

      at log (src/db.js:1312:42)

  console.log
    [DB] Migration applied: 021_bounded_api_observability.sql

      at log (src/db.js:1312:42)

  console.log
    [DB] Migration applied: 022_demo_command_center_sessions.sql

      at log (src/db.js:1312:42)

  console.log
    [DB] Migration applied: 023_homepage_demo_admission.sql

      at log (src/db.js:1312:42)

  console.log
    [DB] Migration applied: 024_homepage_verified_purge_receipt.sql

      at log (src/db.js:1312:42)

  console.log
    [DB] Migration applied: 025_provider_agnostic_knowledge_registry.sql

      at log (src/db.js:1312:42)

  console.log
    [DB] Migration applied: 026_canonical_knowledge_review_publication.sql

      at log (src/db.js:1312:42)

  console.log
    [DB] Migration applied: 027_canonical_knowledge_audit_graph_authority.sql

      at log (src/db.js:1312:42)

  console.log
    [DB] Migration applied: 028_canonical_knowledge_immutable_lifecycle.sql

      at log (src/db.js:1312:42)

  console.log
    [DB] Migration applied: 029_canonical_knowledge_transactional_sync.sql

      at log (src/db.js:1312:42)

  console.log
    [DB] Migration applied: 030_canonical_knowledge_sync_revocation.sql

      at log (src/db.js:1312:42)

  console.log
    [DB] Migration applied: 031_canonical_knowledge_sync_recovery_lifecycle.sql

      at log (src/db.js:1312:42)

  console.log
    [DB] Migration applied: 032_canonical_schedule_assignment_authority.sql

      at log (src/db.js:1312:42)

  console.log
    [DB] Migration applied: 033_canonical_schedule_time_evidence.sql

      at log (src/db.js:1312:42)

  console.log
    [DB] Migration applied: 034_schedule_availability_conflict_authority.sql

      at log (src/db.js:1312:42)

  console.log
    [DB] Migration applied: 035_schedule_human_preview_approval.sql

      at log (src/db.js:1312:42)

  console.log
    [DB] Migration applied: 001_initial_schema.sql

      at log (src/db.js:1312:42)

  console.log
    [DB] Migration applied: 002_seed_data.sql

      at log (src/db.js:1312:42)

  console.log
    [DB] Migration applied: 003_voice_sessions.sql

      at log (src/db.js:1312:42)

  console.log
    [DB] Migration applied: 004_canonical_persistence_v2.sql

      at log (src/db.js:1312:42)

  console.log
    [DB] Migration applied: 005_canonical_organization_authority.sql

      at log (src/db.js:1312:42)

  console.log
    [DB] Migration applied: 006_canonical_voice_sessions.sql

      at log (src/db.js:1312:42)

  console.log
    [DB] Migration applied: 007_canonical_tax_authority.sql

      at log (src/db.js:1312:42)

  console.log
    [DB] Migration applied: 008_canonical_demo_authority.sql

      at log (src/db.js:1312:42)

  console.log
    [DB] Migration applied: 009_canonical_voice_provider_identity.sql

      at log (src/db.js:1312:42)

  console.log
    [DB] Migration applied: 010_account_session_authority.sql

      at log (src/db.js:1312:42)

  console.log
    [DB] Migration applied: 011_oauth_authorization_states.sql

      at log (src/db.js:1312:42)

  console.log
    [DB] Migration applied: 012_account_verification_trial.sql

      at log (src/db.js:1312:42)

  console.log
    [DB] Migration applied: 015_workforce_authority.sql

      at log (src/db.js:1312:42)

  console.log
    [DB] Migration applied: 016_tenant_asset_catalogue.sql

      at log (src/db.js:1312:42)

  console.log
    [DB] Migration applied: 017_retell_webhook_replay_authority.sql

      at log (src/db.js:1312:42)

  console.log
    [DB] Migration applied: 018_canonical_map_preferences.sql

      at log (src/db.js:1312:42)

  console.log
    [DB] Migration applied: 019_account_email_outbox.sql

      at log (src/db.js:1312:42)

  console.log
    [DB] Migration applied: 020_canonical_workforce_access_roles.sql

      at log (src/db.js:1312:42)

  console.log
    [DB] Migration applied: 021_bounded_api_observability.sql

      at log (src/db.js:1312:42)

  console.log
    [DB] Migration applied: 022_demo_command_center_sessions.sql

      at log (src/db.js:1312:42)

  console.log
    [DB] Migration applied: 023_homepage_demo_admission.sql

      at log (src/db.js:1312:42)

  console.log
    [DB] Migration applied: 024_homepage_verified_purge_receipt.sql

      at log (src/db.js:1312:42)

  console.log
    [DB] Migration applied: 025_provider_agnostic_knowledge_registry.sql

      at log (src/db.js:1312:42)

  console.log
    [DB] Migration applied: 026_canonical_knowledge_review_publication.sql

      at log (src/db.js:1312:42)

  console.log
    [DB] Migration applied: 027_canonical_knowledge_audit_graph_authority.sql

      at log (src/db.js:1312:42)

  console.log
    [DB] Migration applied: 028_canonical_knowledge_immutable_lifecycle.sql

      at log (src/db.js:1312:42)

  console.log
    [DB] Migration applied: 029_canonical_knowledge_transactional_sync.sql

      at log (src/db.js:1312:42)

  console.log
    [DB] Migration applied: 030_canonical_knowledge_sync_revocation.sql

      at log (src/db.js:1312:42)

  console.log
    [DB] Migration applied: 031_canonical_knowledge_sync_recovery_lifecycle.sql

      at log (src/db.js:1312:42)

  console.log
    [DB] Migration applied: 032_canonical_schedule_assignment_authority.sql

      at log (src/db.js:1312:42)

  console.log
    [DB] Migration applied: 033_canonical_schedule_time_evidence.sql

      at log (src/db.js:1312:42)

  console.log
    [DB] Migration applied: 034_schedule_availability_conflict_authority.sql

      at log (src/db.js:1312:42)

  console.log
    [DB] Migration applied: 035_schedule_human_preview_approval.sql

      at log (src/db.js:1312:42)

  console.info
    {
      component: 'http',
      event: 'request_completed',
      requestId: 'a84d522c-8e6a-457a-82a7-3424662e7e7e',
      methodClass: 'POST',
      durationMs: 47,
      statusCode: 201
    }

      at write (src/observability/safeLogger.js:178:17)

  console.info
    {
      component: 'http',
      event: 'request_completed',
      requestId: '2c62ad5a-bb41-49b5-b188-f9e01c0337fb',
      methodClass: 'GET',
      durationMs: 26,
      statusCode: 200
    }

      at write (src/observability/safeLogger.js:178:17)

  console.info
    {
      component: 'http',
      event: 'request_completed',
      requestId: '0bdeb60e-4607-4b0e-ab46-e27f5948fa7f',
      methodClass: 'GET',
      durationMs: 17,
      statusCode: 200
    }

      at write (src/observability/safeLogger.js:178:17)

  console.info
    {
      component: 'http',
      event: 'request_completed',
      requestId: '25fab880-3ce6-40b0-ab1e-a4718083097b',
      methodClass: 'GET',
      durationMs: 18,
      statusCode: 200
    }

      at write (src/observability/safeLogger.js:178:17)

  console.info
    {
      component: 'http',
      event: 'request_completed',
      requestId: '63572115-2e31-468b-8729-3969ae7489d7',
      methodClass: 'GET',
      durationMs: 18,
      statusCode: 200
    }

      at write (src/observability/safeLogger.js:178:17)

  console.info
    {
      component: 'http',
      event: 'request_completed',
      requestId: 'f9f2e494-6dc6-45de-8346-da132d10518b',
      methodClass: 'POST',
      durationMs: 17,
      statusCode: 201
    }

      at write (src/observability/safeLogger.js:178:17)

  console.info
    {
      component: 'http',
      event: 'request_completed',
      requestId: 'e774e4dd-8662-443c-8485-2ce2a3762345',
      methodClass: 'POST',
      durationMs: 13,
      statusCode: 201
    }

      at write (src/observability/safeLogger.js:178:17)

  console.info
    {
      component: 'http',
      event: 'request_completed',
      requestId: 'ebdf44a8-715c-4fdc-8a03-ca87efb764b6',
      methodClass: 'POST',
      durationMs: 11,
      statusCode: 201
    }

      at write (src/observability/safeLogger.js:178:17)

  console.info
    {
      component: 'http',
      event: 'request_completed',
      requestId: '2528468a-69ee-4d1a-bf87-e842a1729de5',
      methodClass: 'POST',
      durationMs: 10,
      statusCode: 201
    }

      at write (src/observability/safeLogger.js:178:17)

  console.info
    {
      component: 'http',
      event: 'request_completed',
      requestId: 'bfe85f11-714b-42c4-bb14-e1d746a311f2',
      methodClass: 'POST',
      durationMs: 10,
      statusCode: 201
    }

      at write (src/observability/safeLogger.js:178:17)

  console.info
    {
      component: 'http',
      event: 'request_completed',
      requestId: 'eee259e2-7b0b-4004-9134-a174080c603b',
      methodClass: 'POST',
      durationMs: 10,
      statusCode: 201
    }

      at write (src/observability/safeLogger.js:178:17)

  console.info
    {
      component: 'http',
      event: 'request_completed',
      requestId: '7692e610-29e4-464d-80be-f9fcfa2c088a',
      methodClass: 'POST',
      durationMs: 10,
      statusCode: 201
    }

      at write (src/observability/safeLogger.js:178:17)

  console.info
    {
      component: 'http',
      event: 'request_completed',
      requestId: '50e2362a-7b41-43b2-820e-159b568bc3f0',
      methodClass: 'POST',
      durationMs: 12,
      statusCode: 201
    }

      at write (src/observability/safeLogger.js:178:17)

  console.info
    {
      component: 'http',
      event: 'request_completed',
      requestId: '81bb816c-69b9-457b-83ff-b5d5cf219972',
      methodClass: 'POST',
      durationMs: 10,
      statusCode: 201
    }

      at write (src/observability/safeLogger.js:178:17)

  console.info
    {
      component: 'http',
      event: 'request_completed',
      requestId: 'b1c071f1-52e2-4c11-bbd1-30a7abc94da6',
      methodClass: 'POST',
      durationMs: 10,
      statusCode: 201
    }

      at write (src/observability/safeLogger.js:178:17)

  console.info
    {
      component: 'http',
      event: 'request_completed',
      requestId: '1606e9f8-64e0-4694-8f16-4cfdcda1de58',
      methodClass: 'POST',
      durationMs: 12,
      statusCode: 201
    }

      at write (src/observability/safeLogger.js:178:17)

  console.info
    {
      component: 'http',
      event: 'request_completed',
      requestId: 'e9df8540-53a0-4df6-8ae9-3958f7cfc09a',
      methodClass: 'POST',
      durationMs: 10,
      statusCode: 201
    }

      at write (src/observability/safeLogger.js:178:17)

  console.info
    {
      component: 'http',
      event: 'request_completed',
      requestId: '32e93895-54b5-46ce-8bff-cf9cff64df56',
      methodClass: 'POST',
      durationMs: 9,
      statusCode: 201
    }

      at write (src/observability/safeLogger.js:178:17)

  console.info
    {
      component: 'http',
      event: 'request_completed',
      requestId: 'c4a96111-70a6-4c76-b736-44dc0a100c3d',
      methodClass: 'POST',
      durationMs: 11,
      statusCode: 201
    }

      at write (src/observability/safeLogger.js:178:17)

  console.info
    {
      component: 'http',
      event: 'request_completed',
      requestId: '81fa8b70-8c1a-41f0-a204-8534f8288221',
      methodClass: 'POST',
      durationMs: 8,
      statusCode: 201
    }

      at write (src/observability/safeLogger.js:178:17)

  console.info
    {
      component: 'http',
      event: 'request_completed',
      requestId: '35756d1e-72a5-4ebb-afec-0688ed3dc329',
      methodClass: 'POST',
      durationMs: 10,
      statusCode: 201
    }

      at write (src/observability/safeLogger.js:178:17)

  console.info
    {
      component: 'http',
      event: 'request_completed',
      requestId: '16ca7c13-52e7-4b20-a132-a26557fcda9b',
      methodClass: 'POST',
      durationMs: 9,
      statusCode: 201
    }

      at write (src/observability/safeLogger.js:178:17)

  console.info
    {
      component: 'http',
      event: 'request_completed',
      requestId: '1c04d8b4-db57-40a4-83b4-111885b328ed',
      methodClass: 'GET',
      durationMs: 21,
      statusCode: 200
    }

      at write (src/observability/safeLogger.js:178:17)

  console.log
    [DB] Migration applied: 001_initial_schema.sql

      at log (src/db.js:1312:42)

  console.log
    [DB] Migration applied: 002_seed_data.sql

      at log (src/db.js:1312:42)

  console.log
    [DB] Migration applied: 003_voice_sessions.sql

      at log (src/db.js:1312:42)

  console.log
    [DB] Migration applied: 004_canonical_persistence_v2.sql

      at log (src/db.js:1312:42)

  console.log
    [DB] Migration applied: 005_canonical_organization_authority.sql

      at log (src/db.js:1312:42)

  console.log
    [DB] Migration applied: 006_canonical_voice_sessions.sql

      at log (src/db.js:1312:42)

  console.log
    [DB] Migration applied: 007_canonical_tax_authority.sql

      at log (src/db.js:1312:42)

  console.log
    [DB] Migration applied: 008_canonical_demo_authority.sql

      at log (src/db.js:1312:42)

  console.log
    [DB] Migration applied: 009_canonical_voice_provider_identity.sql

      at log (src/db.js:1312:42)

  console.log
    [DB] Migration applied: 010_account_session_authority.sql

      at log (src/db.js:1312:42)

  console.log
    [DB] Migration applied: 011_oauth_authorization_states.sql

      at log (src/db.js:1312:42)

  console.log
    [DB] Migration applied: 012_account_verification_trial.sql

      at log (src/db.js:1312:42)

  console.log
    [DB] Migration applied: 015_workforce_authority.sql

      at log (src/db.js:1312:42)

  console.log
    [DB] Migration applied: 016_tenant_asset_catalogue.sql

      at log (src/db.js:1312:42)

  console.log
    [DB] Migration applied: 017_retell_webhook_replay_authority.sql

      at log (src/db.js:1312:42)

  console.log
    [DB] Migration applied: 018_canonical_map_preferences.sql

      at log (src/db.js:1312:42)

  console.log
    [DB] Migration applied: 019_account_email_outbox.sql

      at log (src/db.js:1312:42)

  console.log
    [DB] Migration applied: 020_canonical_workforce_access_roles.sql

      at log (src/db.js:1312:42)

  console.log
    [DB] Migration applied: 021_bounded_api_observability.sql

      at log (src/db.js:1312:42)

  console.log
    [DB] Migration applied: 022_demo_command_center_sessions.sql

      at log (src/db.js:1312:42)

  console.log
    [DB] Migration applied: 023_homepage_demo_admission.sql

      at log (src/db.js:1312:42)

  console.log
    [DB] Migration applied: 024_homepage_verified_purge_receipt.sql

      at log (src/db.js:1312:42)

  console.log
    [DB] Migration applied: 025_provider_agnostic_knowledge_registry.sql

      at log (src/db.js:1312:42)

  console.log
    [DB] Migration applied: 026_canonical_knowledge_review_publication.sql

      at log (src/db.js:1312:42)

  console.log
    [DB] Migration applied: 027_canonical_knowledge_audit_graph_authority.sql

      at log (src/db.js:1312:42)

  console.log
    [DB] Migration applied: 028_canonical_knowledge_immutable_lifecycle.sql

      at log (src/db.js:1312:42)

  console.log
    [DB] Migration applied: 029_canonical_knowledge_transactional_sync.sql

      at log (src/db.js:1312:42)

  console.log
    [DB] Migration applied: 030_canonical_knowledge_sync_revocation.sql

      at log (src/db.js:1312:42)

  console.log
    [DB] Migration applied: 031_canonical_knowledge_sync_recovery_lifecycle.sql

      at log (src/db.js:1312:42)

  console.log
    [DB] Migration applied: 032_canonical_schedule_assignment_authority.sql

      at log (src/db.js:1312:42)

  console.log
    [DB] Migration applied: 033_canonical_schedule_time_evidence.sql

      at log (src/db.js:1312:42)

  console.log
    [DB] Migration applied: 034_schedule_availability_conflict_authority.sql

      at log (src/db.js:1312:42)

  console.log
    [DB] Migration applied: 035_schedule_human_preview_approval.sql

      at log (src/db.js:1312:42)

  console.log
    [DB] Migration applied: 001_initial_schema.sql

      at Object.log [as runMigrations] (src/db.js:1312:42)

  console.log
    [DB] Migration applied: 002_seed_data.sql

      at Object.log [as runMigrations] (src/db.js:1312:42)

  console.log
    [DB] Migration applied: 003_voice_sessions.sql

      at Object.log [as runMigrations] (src/db.js:1312:42)

  console.log
    [DB] Migration applied: 004_canonical_persistence_v2.sql

      at Object.log [as runMigrations] (src/db.js:1312:42)

  console.log
    [DB] Migration applied: 005_canonical_organization_authority.sql

      at Object.log [as runMigrations] (src/db.js:1312:42)

  console.log
    [DB] Migration applied: 006_canonical_voice_sessions.sql

      at Object.log [as runMigrations] (src/db.js:1312:42)

  console.log
    [DB] Migration applied: 007_canonical_tax_authority.sql

      at Object.log [as runMigrations] (src/db.js:1312:42)

  console.log
    [DB] Migration applied: 008_canonical_demo_authority.sql

      at Object.log [as runMigrations] (src/db.js:1312:42)

  console.log
    [DB] Migration applied: 009_canonical_voice_provider_identity.sql

      at Object.log [as runMigrations] (src/db.js:1312:42)

  console.log
    [DB] Migration applied: 010_account_session_authority.sql

      at Object.log [as runMigrations] (src/db.js:1312:42)

  console.log
    [DB] Migration applied: 011_oauth_authorization_states.sql

      at Object.log [as runMigrations] (src/db.js:1312:42)

  console.log
    [DB] Migration applied: 012_account_verification_trial.sql

      at Object.log [as runMigrations] (src/db.js:1312:42)

  console.log
    [DB] Migration applied: 015_workforce_authority.sql

      at Object.log [as runMigrations] (src/db.js:1312:42)

  console.log
    [DB] Migration applied: 016_tenant_asset_catalogue.sql

      at Object.log [as runMigrations] (src/db.js:1312:42)

  console.log
    [DB] Migration applied: 017_retell_webhook_replay_authority.sql

      at Object.log [as runMigrations] (src/db.js:1312:42)

  console.log
    [DB] Migration applied: 018_canonical_map_preferences.sql

      at Object.log [as runMigrations] (src/db.js:1312:42)

  console.log
    [DB] Migration applied: 019_account_email_outbox.sql

      at Object.log [as runMigrations] (src/db.js:1312:42)

  console.log
    [DB] Migration applied: 020_canonical_workforce_access_roles.sql

      at Object.log [as runMigrations] (src/db.js:1312:42)

  console.log
    [DB] Migration applied: 021_bounded_api_observability.sql

      at Object.log [as runMigrations] (src/db.js:1312:42)

  console.log
    [DB] Migration applied: 022_demo_command_center_sessions.sql

      at Object.log [as runMigrations] (src/db.js:1312:42)

  console.log
    [DB] Migration applied: 023_homepage_demo_admission.sql

      at Object.log [as runMigrations] (src/db.js:1312:42)

  console.log
    [DB] Migration applied: 024_homepage_verified_purge_receipt.sql

      at Object.log [as runMigrations] (src/db.js:1312:42)

  console.log
    [DB] Migration applied: 025_provider_agnostic_knowledge_registry.sql

      at Object.log [as runMigrations] (src/db.js:1312:42)

  console.log
    [DB] Migration applied: 026_canonical_knowledge_review_publication.sql

      at Object.log [as runMigrations] (src/db.js:1312:42)

  console.log
    [DB] Migration applied: 027_canonical_knowledge_audit_graph_authority.sql

      at Object.log [as runMigrations] (src/db.js:1312:42)

  console.log
    [DB] Migration applied: 028_canonical_knowledge_immutable_lifecycle.sql

      at Object.log [as runMigrations] (src/db.js:1312:42)

  console.log
    [DB] Migration applied: 029_canonical_knowledge_transactional_sync.sql

      at Object.log [as runMigrations] (src/db.js:1312:42)

  console.log
    [DB] Migration applied: 030_canonical_knowledge_sync_revocation.sql

      at Object.log [as runMigrations] (src/db.js:1312:42)

  console.log
    [DB] Migration applied: 031_canonical_knowledge_sync_recovery_lifecycle.sql

      at Object.log [as runMigrations] (src/db.js:1312:42)

  console.log
    [DB] Migration applied: 032_canonical_schedule_assignment_authority.sql

      at Object.log [as runMigrations] (src/db.js:1312:42)

  console.log
    [DB] Migration applied: 033_canonical_schedule_time_evidence.sql

      at Object.log [as runMigrations] (src/db.js:1312:42)

  console.log
    [DB] Migration applied: 034_schedule_availability_conflict_authority.sql

      at Object.log [as runMigrations] (src/db.js:1312:42)

  console.log
    [DB] Migration applied: 035_schedule_human_preview_approval.sql

      at Object.log [as runMigrations] (src/db.js:1312:42)

  console.log
    [DB] Migration applied: 001_initial_schema.sql

      at log (src/db.js:1312:42)

  console.log
    [DB] Migration applied: 002_seed_data.sql

      at log (src/db.js:1312:42)

  console.log
    [DB] Migration applied: 003_voice_sessions.sql

      at log (src/db.js:1312:42)

  console.log
    [DB] Migration applied: 004_canonical_persistence_v2.sql

      at log (src/db.js:1312:42)

  console.log
    [DB] Migration applied: 005_canonical_organization_authority.sql

      at log (src/db.js:1312:42)

  console.log
    [DB] Migration applied: 006_canonical_voice_sessions.sql

      at log (src/db.js:1312:42)

  console.log
    [DB] Migration applied: 007_canonical_tax_authority.sql

      at log (src/db.js:1312:42)

  console.log
    [DB] Migration applied: 008_canonical_demo_authority.sql

      at log (src/db.js:1312:42)

  console.log
    [DB] Migration applied: 009_canonical_voice_provider_identity.sql

      at log (src/db.js:1312:42)

  console.log
    [DB] Migration applied: 010_account_session_authority.sql

      at log (src/db.js:1312:42)

  console.log
    [DB] Migration applied: 011_oauth_authorization_states.sql

      at log (src/db.js:1312:42)

  console.log
    [DB] Migration applied: 012_account_verification_trial.sql

      at log (src/db.js:1312:42)

  console.log
    [DB] Migration applied: 015_workforce_authority.sql

      at log (src/db.js:1312:42)

  console.log
    [DB] Migration applied: 016_tenant_asset_catalogue.sql

      at log (src/db.js:1312:42)

  console.log
    [DB] Migration applied: 017_retell_webhook_replay_authority.sql

      at log (src/db.js:1312:42)

  console.log
    [DB] Migration applied: 018_canonical_map_preferences.sql

      at log (src/db.js:1312:42)

  console.log
    [DB] Migration applied: 019_account_email_outbox.sql

      at log (src/db.js:1312:42)

  console.log
    [DB] Migration applied: 020_canonical_workforce_access_roles.sql

      at log (src/db.js:1312:42)

  console.log
    [DB] Migration applied: 021_bounded_api_observability.sql

      at log (src/db.js:1312:42)

  console.log
    [DB] Migration applied: 022_demo_command_center_sessions.sql

      at log (src/db.js:1312:42)

  console.log
    [DB] Migration applied: 023_homepage_demo_admission.sql

      at log (src/db.js:1312:42)

  console.log
    [DB] Migration applied: 024_homepage_verified_purge_receipt.sql

      at log (src/db.js:1312:42)

  console.log
    [DB] Migration applied: 025_provider_agnostic_knowledge_registry.sql

      at log (src/db.js:1312:42)

  console.log
    [DB] Migration applied: 026_canonical_knowledge_review_publication.sql

      at log (src/db.js:1312:42)

  console.log
    [DB] Migration applied: 027_canonical_knowledge_audit_graph_authority.sql

      at log (src/db.js:1312:42)

  console.log
    [DB] Migration applied: 028_canonical_knowledge_immutable_lifecycle.sql

      at log (src/db.js:1312:42)

  console.log
    [DB] Migration applied: 029_canonical_knowledge_transactional_sync.sql

      at log (src/db.js:1312:42)

  console.log
    [DB] Migration applied: 030_canonical_knowledge_sync_revocation.sql

      at log (src/db.js:1312:42)

  console.log
    [DB] Migration applied: 031_canonical_knowledge_sync_recovery_lifecycle.sql

      at log (src/db.js:1312:42)

  console.log
    [DB] Migration applied: 032_canonical_schedule_assignment_authority.sql

      at log (src/db.js:1312:42)

  console.log
    [DB] Migration applied: 033_canonical_schedule_time_evidence.sql

      at log (src/db.js:1312:42)

  console.log
    [DB] Migration applied: 034_schedule_availability_conflict_authority.sql

      at log (src/db.js:1312:42)

  console.log
    [DB] Migration applied: 035_schedule_human_preview_approval.sql

      at log (src/db.js:1312:42)

  console.info
    {
      component: 'http',
      event: 'request_completed',
      requestId: '78c089a3-6d27-4d1b-a301-bc94557ebb6d',
      methodClass: 'GET',
      durationMs: 5,
      statusCode: 200
    }

      at write (src/observability/safeLogger.js:178:17)

  console.info
    {
      component: 'http',
      event: 'request_completed',
      requestId: '3fcff67e-45ef-4a51-b0f1-19bb5bfc4d10',
      methodClass: 'PUT',
      durationMs: 9,
      statusCode: 200
    }

      at write (src/observability/safeLogger.js:178:17)

  console.info
    {
      component: 'http',
      event: 'request_completed',
      requestId: '13c7f9de-f6a2-43c5-b905-40e29cfe66b2',
      methodClass: 'GET',
      durationMs: 5,
      statusCode: 200
    }

      at write (src/observability/safeLogger.js:178:17)

  console.info
    {
      component: 'http',
      event: 'request_completed',
      requestId: '806a5f5e-2d5b-4636-9279-452d27055c9a',
      methodClass: 'PUT',
      durationMs: 2,
      statusCode: 400
    }

      at write (src/observability/safeLogger.js:178:17)

  console.info
    {
      component: 'http',
      event: 'request_completed',
      requestId: '5a0c4547-9c5d-4362-913f-a9e9d8d60278',
      methodClass: 'PUT',
      durationMs: 2,
      statusCode: 400
    }

      at write (src/observability/safeLogger.js:178:17)

  console.info
    {
      component: 'http',
      event: 'request_completed',
      requestId: '643d589c-69fb-47cb-8f63-0ef60180f3fc',
      methodClass: 'PUT',
      durationMs: 2,
      statusCode: 400
    }

      at write (src/observability/safeLogger.js:178:17)

  console.info
    {
      component: 'http',
      event: 'request_completed',
      requestId: 'c95d7612-0498-4601-bba0-c7e4f2da86b2',
      methodClass: 'PUT',
      durationMs: 3,
      statusCode: 400
    }

      at write (src/observability/safeLogger.js:178:17)

  console.info
    {
      component: 'http',
      event: 'request_completed',
      requestId: '0eca20da-4c6e-44cd-8710-5c82de45b5ab',
      methodClass: 'PUT',
      durationMs: 2,
      statusCode: 400
    }

      at write (src/observability/safeLogger.js:178:17)

  console.info
    {
      component: 'http',
      event: 'request_completed',
      requestId: '9e3deb27-f5b6-44a7-bcd0-a2b8bfec0741',
      methodClass: 'PUT',
      durationMs: 2,
      statusCode: 400
    }

      at write (src/observability/safeLogger.js:178:17)

  console.info
    {
      component: 'http',
      event: 'request_completed',
      requestId: '6a09aefe-2cf2-4c54-b7f4-b8f981ce9b3e',
      methodClass: 'PUT',
      durationMs: 2,
      statusCode: 400
    }

      at write (src/observability/safeLogger.js:178:17)

  console.info
    {
      component: 'http',
      event: 'request_completed',
      requestId: 'c9296f44-6d05-4785-a93b-df590631a520',
      methodClass: 'PUT',
      durationMs: 2,
      statusCode: 400
    }

      at write (src/observability/safeLogger.js:178:17)

  console.info
    {
      component: 'http',
      event: 'request_completed',
      requestId: 'cff8dedf-7f00-4736-8757-230d0cc37e25',
      methodClass: 'PUT',
      durationMs: 2,
      statusCode: 400
    }

      at write (src/observability/safeLogger.js:178:17)

  console.info
    {
      component: 'http',
      event: 'request_completed',
      requestId: 'ee87653c-da51-492e-bda5-e770782f56d8',
      methodClass: 'PUT',
      durationMs: 3,
      statusCode: 400
    }

      at write (src/observability/safeLogger.js:178:17)

  console.info
    {
      component: 'http',
      event: 'request_completed',
      requestId: '19ff8bc2-cd80-4842-9c3a-fccf1c9969cc',
      methodClass: 'PUT',
      durationMs: 2,
      statusCode: 400
    }

      at write (src/observability/safeLogger.js:178:17)

  console.info
    {
      component: 'http',
      event: 'request_completed',
      requestId: 'a192d4a3-222e-4cac-a35e-bf1f44395cd5',
      methodClass: 'PUT',
      durationMs: 3,
      statusCode: 400
    }

      at write (src/observability/safeLogger.js:178:17)

  console.info
    {
      component: 'http',
      event: 'request_completed',
      requestId: 'b44798c9-b5b2-4316-8f33-a09b0c5bc01a',
      methodClass: 'GET',
      durationMs: 3,
      statusCode: 200
    }

      at write (src/observability/safeLogger.js:178:17)

  console.info
    {
      component: 'http',
      event: 'request_completed',
      requestId: 'da6468f7-c3f0-41da-be25-693c0fe50688',
      methodClass: 'PUT',
      durationMs: 2,
      statusCode: 403
    }

      at write (src/observability/safeLogger.js:178:17)

  console.info
    {
      component: 'http',
      event: 'request_completed',
      requestId: 'b48bb4a5-9217-4bc8-88f9-6236b5c89cdc',
      methodClass: 'GET',
      durationMs: 3,
      statusCode: 200
    }

      at write (src/observability/safeLogger.js:178:17)

  console.info
    {
      component: 'http',
      event: 'request_completed',
      requestId: '51cc1022-18a5-4e1b-9ba9-b1430a6168a2',
      methodClass: 'PUT',
      durationMs: 2,
      statusCode: 403
    }

      at write (src/observability/safeLogger.js:178:17)

  console.info
    {
      component: 'http',
      event: 'request_completed',
      requestId: 'dcef8c97-dccc-48db-9c11-03c8f7667130',
      methodClass: 'PUT',
      durationMs: 0,
      statusCode: 401
    }

      at write (src/observability/safeLogger.js:178:17)

  console.info
    {
      component: 'http',
      event: 'request_completed',
      requestId: '21aa331c-33f8-4d8d-bf9c-2a4b721054c5',
      methodClass: 'PUT',
      durationMs: 2,
      statusCode: 403
    }

      at write (src/observability/safeLogger.js:178:17)

  console.info
    {
      component: 'http',
      event: 'request_completed',
      requestId: 'd027a774-7414-4d13-a99b-502c9b68a87c',
      methodClass: 'PUT',
      durationMs: 18,
      statusCode: 200
    }

      at write (src/observability/safeLogger.js:178:17)

  console.info
    {
      component: 'http',
      event: 'request_completed',
      requestId: '3d8f46f4-b199-4a37-9fed-5e6ee867ce15',
      methodClass: 'PUT',
      durationMs: 4,
      statusCode: 409
    }

      at write (src/observability/safeLogger.js:178:17)

  console.info
    {
      component: 'http',
      event: 'request_completed',
      requestId: 'f5d1bf9e-bb30-4c45-9989-11eeba4aedce',
      methodClass: 'PUT',
      durationMs: 9,
      statusCode: 200
    }

      at write (src/observability/safeLogger.js:178:17)

  console.info
    {
      component: 'http',
      event: 'request_completed',
      requestId: '8a475b2e-f04d-48c7-bd81-8281ecaf73a0',
      methodClass: 'PUT',
      durationMs: 10,
      statusCode: 409
    }

      at write (src/observability/safeLogger.js:178:17)

  console.info
    {
      component: 'http',
      event: 'request_completed',
      requestId: 'f741334f-c9cd-4ed7-98a6-e0302231e32d',
      methodClass: 'GET',
      durationMs: 5,
      statusCode: 200
    }

      at write (src/observability/safeLogger.js:178:17)

  console.info
    {
      component: 'http',
      event: 'request_completed',
      requestId: 'da35e2a3-7458-4dc9-92fc-abdaff97dd06',
      methodClass: 'PUT',
      durationMs: 2,
      statusCode: 400
    }

      at write (src/observability/safeLogger.js:178:17)

  console.info
    {
      component: 'http',
      event: 'request_completed',
      requestId: '1d78e77a-44aa-4941-a419-fcbfc943773f',
      methodClass: 'PUT',
      durationMs: 7,
      statusCode: 200
    }

      at write (src/observability/safeLogger.js:178:17)

  console.info
    {
      component: 'http',
      event: 'request_completed',
      requestId: '59c3f9c0-1acc-4adc-a8b4-c65175b9dd79',
      methodClass: 'PUT',
      durationMs: 3,
      statusCode: 400
    }

      at write (src/observability/safeLogger.js:178:17)

  console.info
    {
      component: 'http',
      event: 'request_completed',
      requestId: '0cf35667-b65e-4288-9d91-e7ad7fa3a7b9',
      methodClass: 'PUT',
      durationMs: 7,
      statusCode: 200
    }

      at write (src/observability/safeLogger.js:178:17)

  console.info
    {
      component: 'http',
      event: 'request_completed',
      requestId: '22cfd667-3c6b-41d1-9c12-285e56e04c0c',
      methodClass: 'PUT',
      durationMs: 7,
      statusCode: 200
    }

      at write (src/observability/safeLogger.js:178:17)

  console.info
    {
      component: 'http',
      event: 'request_completed',
      requestId: 'b751d5af-e964-4fa9-9a1b-371682a50029',
      methodClass: 'PUT',
      durationMs: 4,
      statusCode: 409
    }

      at write (src/observability/safeLogger.js:178:17)

  console.info
    {
      component: 'http',
      event: 'request_completed',
      requestId: '522e085e-ea24-4aad-85e6-fad06ecc8985',
      methodClass: 'PUT',
      durationMs: 2,
      statusCode: 400
    }

      at write (src/observability/safeLogger.js:178:17)

  console.info
    {
      component: 'http',
      event: 'request_completed',
      requestId: '49c86b2f-a8dd-4540-9bc9-395ec968d29d',
      methodClass: 'PUT',
      durationMs: 2,
      statusCode: 400
    }

      at write (src/observability/safeLogger.js:178:17)

  console.info
    {
      component: 'http',
      event: 'request_completed',
      requestId: '1ce7cce3-d0ac-475d-b9a2-c01c4eeea760',
      methodClass: 'PUT',
      durationMs: 2,
      statusCode: 400
    }

      at write (src/observability/safeLogger.js:178:17)

  console.info
    {
      component: 'http',
      event: 'request_completed',
      requestId: '841ef899-ae21-4f81-b5fb-73293698490b',
      methodClass: 'PUT',
      durationMs: 2,
      statusCode: 400
    }

      at write (src/observability/safeLogger.js:178:17)

  console.info
    {
      component: 'http',
      event: 'request_completed',
      requestId: 'c0a8070b-ba79-4acc-8136-d79728828ac7',
      methodClass: 'GET',
      durationMs: 3,
      statusCode: 200
    }

      at write (src/observability/safeLogger.js:178:17)

  console.log
    [DB] Migration applied: 001_initial_schema.sql

      at log (src/db.js:1312:42)

  console.log
    [DB] Migration applied: 002_seed_data.sql

      at log (src/db.js:1312:42)

  console.log
    [DB] Migration applied: 003_voice_sessions.sql

      at log (src/db.js:1312:42)

  console.log
    [DB] Migration applied: 004_canonical_persistence_v2.sql

      at log (src/db.js:1312:42)

  console.log
    [DB] Migration applied: 005_canonical_organization_authority.sql

      at log (src/db.js:1312:42)

  console.log
    [DB] Migration applied: 006_canonical_voice_sessions.sql

      at log (src/db.js:1312:42)

  console.log
    [DB] Migration applied: 007_canonical_tax_authority.sql

      at log (src/db.js:1312:42)

  console.log
    [DB] Migration applied: 008_canonical_demo_authority.sql

      at log (src/db.js:1312:42)

  console.log
    [DB] Migration applied: 009_canonical_voice_provider_identity.sql

      at log (src/db.js:1312:42)

  console.log
    [DB] Migration applied: 010_account_session_authority.sql

      at log (src/db.js:1312:42)

  console.log
    [DB] Migration applied: 011_oauth_authorization_states.sql

      at log (src/db.js:1312:42)

  console.log
    [DB] Migration applied: 012_account_verification_trial.sql

      at log (src/db.js:1312:42)

  console.log
    [DB] Migration applied: 015_workforce_authority.sql

      at log (src/db.js:1312:42)

  console.log
    [DB] Migration applied: 016_tenant_asset_catalogue.sql

      at log (src/db.js:1312:42)

  console.log
    [DB] Migration applied: 017_retell_webhook_replay_authority.sql

      at log (src/db.js:1312:42)

  console.log
    [DB] Migration applied: 018_canonical_map_preferences.sql

      at log (src/db.js:1312:42)

  console.log
    [DB] Migration applied: 019_account_email_outbox.sql

      at log (src/db.js:1312:42)

  console.log
    [DB] Migration applied: 020_canonical_workforce_access_roles.sql

      at log (src/db.js:1312:42)

  console.log
    [DB] Migration applied: 021_bounded_api_observability.sql

      at log (src/db.js:1312:42)

  console.log
    [DB] Migration applied: 022_demo_command_center_sessions.sql

      at log (src/db.js:1312:42)

  console.log
    [DB] Migration applied: 023_homepage_demo_admission.sql

      at log (src/db.js:1312:42)

  console.log
    [DB] Migration applied: 024_homepage_verified_purge_receipt.sql

      at log (src/db.js:1312:42)

  console.log
    [DB] Migration applied: 025_provider_agnostic_knowledge_registry.sql

      at log (src/db.js:1312:42)

  console.log
    [DB] Migration applied: 026_canonical_knowledge_review_publication.sql

      at log (src/db.js:1312:42)

  console.log
    [DB] Migration applied: 027_canonical_knowledge_audit_graph_authority.sql

      at log (src/db.js:1312:42)

  console.log
    [DB] Migration applied: 028_canonical_knowledge_immutable_lifecycle.sql

      at log (src/db.js:1312:42)

  console.log
    [DB] Migration applied: 029_canonical_knowledge_transactional_sync.sql

      at log (src/db.js:1312:42)

  console.log
    [DB] Migration applied: 030_canonical_knowledge_sync_revocation.sql

      at log (src/db.js:1312:42)

  console.log
    [DB] Migration applied: 031_canonical_knowledge_sync_recovery_lifecycle.sql

      at log (src/db.js:1312:42)

  console.log
    [DB] Migration applied: 032_canonical_schedule_assignment_authority.sql

      at log (src/db.js:1312:42)

  console.log
    [DB] Migration applied: 033_canonical_schedule_time_evidence.sql

      at log (src/db.js:1312:42)

  console.log
    [DB] Migration applied: 034_schedule_availability_conflict_authority.sql

      at log (src/db.js:1312:42)

  console.log
    [DB] Migration applied: 035_schedule_human_preview_approval.sql

      at log (src/db.js:1312:42)

  console.info
    {
      component: 'http',
      event: 'request_completed',
      requestId: 'b2822f14-082b-463b-94f3-526e958365cd',
      methodClass: 'GET',
      durationMs: 5,
      statusCode: 200
    }

      at write (src/observability/safeLogger.js:178:17)

  console.info
    {
      component: 'http',
      event: 'request_completed',
      requestId: 'bb021708-ce01-4449-a084-d1a01d2c02e8',
      methodClass: 'PUT',
      durationMs: 7,
      statusCode: 200
    }

      at write (src/observability/safeLogger.js:178:17)

  console.info
    {
      component: 'http',
      event: 'request_completed',
      requestId: '7badcb80-8ac7-45cc-a7bf-c55db4dd9fcb',
      methodClass: 'PUT',
      durationMs: 47,
      statusCode: 200
    }

      at write (src/observability/safeLogger.js:178:17)

  console.info
    {
      component: 'http',
      event: 'request_completed',
      requestId: '88ecf955-bb2b-4437-828a-7338661e1eba',
      methodClass: 'PUT',
      durationMs: 8,
      statusCode: 200
    }

      at write (src/observability/safeLogger.js:178:17)

  console.info
    {
      component: 'http',
      event: 'request_completed',
      requestId: 'b86d073e-624a-4e69-95e1-346fe8345329',
      methodClass: 'PUT',
      durationMs: 8,
      statusCode: 200
    }

      at write (src/observability/safeLogger.js:178:17)

  console.info
    {
      component: 'http',
      event: 'request_completed',
      requestId: '46a5af1b-abc3-4c7c-a7be-abb6d836af63',
      methodClass: 'PUT',
      durationMs: 5,
      statusCode: 409
    }

      at write (src/observability/safeLogger.js:178:17)

  console.info
    {
      component: 'http',
      event: 'request_completed',
      requestId: '9238c164-3dfc-4a66-aeab-7d0b047187fd',
      methodClass: 'PUT',
      durationMs: 8,
      statusCode: 200
    }

      at write (src/observability/safeLogger.js:178:17)

  console.info
    {
      component: 'http',
      event: 'request_completed',
      requestId: 'ef31075c-53da-4a74-8c30-1836b2283053',
      methodClass: 'PUT',
      durationMs: 10,
      statusCode: 409
    }

      at write (src/observability/safeLogger.js:178:17)

  console.info
    {
      component: 'http',
      event: 'request_completed',
      requestId: 'b335e60d-60fa-41a1-bb90-62fe7d671e09',
      methodClass: 'GET',
      durationMs: 5,
      statusCode: 200
    }

      at write (src/observability/safeLogger.js:178:17)

  console.info
    {
      component: 'http',
      event: 'request_completed',
      requestId: '7b62ef9a-8177-4509-8abc-84d32c9bf95f',
      methodClass: 'PUT',
      durationMs: 9,
      statusCode: 200
    }

      at write (src/observability/safeLogger.js:178:17)

  console.info
    {
      component: 'http',
      event: 'request_completed',
      requestId: 'e1773260-63fd-4bc1-85ea-c9187f4df043',
      methodClass: 'GET',
      durationMs: 4,
      statusCode: 200
    }

      at write (src/observability/safeLogger.js:178:17)

  console.info
    {
      component: 'http',
      event: 'request_completed',
      requestId: '56da03b3-a261-4360-a60a-4b92e2cbf406',
      methodClass: 'PUT',
      durationMs: 2,
      statusCode: 400
    }

      at write (src/observability/safeLogger.js:178:17)

  console.info
    {
      component: 'http',
      event: 'request_completed',
      requestId: '6bbe5aac-50e3-4234-965e-b462181e36b2',
      methodClass: 'PUT',
      durationMs: 3,
      statusCode: 400
    }

      at write (src/observability/safeLogger.js:178:17)

  console.info
    {
      component: 'http',
      event: 'request_completed',
      requestId: '9a8e3800-55a4-4729-a653-2967cf005315',
      methodClass: 'PUT',
      durationMs: 2,
      statusCode: 400
    }

      at write (src/observability/safeLogger.js:178:17)

  console.info
    {
      component: 'http',
      event: 'request_completed',
      requestId: '9cb287fa-f3e0-4a25-9d8b-f9aa15581bca',
      methodClass: 'PUT',
      durationMs: 3,
      statusCode: 400
    }

      at write (src/observability/safeLogger.js:178:17)

  console.info
    {
      component: 'http',
      event: 'request_completed',
      requestId: '8cd552a9-a713-4c75-a0c5-8c70d0af1272',
      methodClass: 'PUT',
      durationMs: 2,
      statusCode: 400
    }

      at write (src/observability/safeLogger.js:178:17)

  console.info
    {
      component: 'http',
      event: 'request_completed',
      requestId: '46b9e803-622c-4391-ab2d-98e9a27c661b',
      methodClass: 'PUT',
      durationMs: 3,
      statusCode: 400
    }

      at write (src/observability/safeLogger.js:178:17)

  console.info
    {
      component: 'http',
      event: 'request_completed',
      requestId: '4c57eee6-9cd2-4534-b2a2-f3e35e4c75e4',
      methodClass: 'PUT',
      durationMs: 2,
      statusCode: 403
    }

      at write (src/observability/safeLogger.js:178:17)

  console.info
    {
      component: 'http',
      event: 'request_completed',
      requestId: '6f5aa5c8-3498-444f-a6d8-151dd3801ee1',
      methodClass: 'PUT',
      durationMs: 2,
      statusCode: 403
    }

      at write (src/observability/safeLogger.js:178:17)

  console.info
    {
      component: 'http',
      event: 'request_completed',
      requestId: 'c8da5eac-bf46-416f-b084-ffc862795214',
      methodClass: 'PUT',
      durationMs: 0,
      statusCode: 401
    }

      at write (src/observability/safeLogger.js:178:17)

  console.info
    {
      component: 'http',
      event: 'request_completed',
      requestId: '4576ed81-10bd-4a18-9b47-de16f643d036',
      methodClass: 'PUT',
      durationMs: 2,
      statusCode: 403
    }

      at write (src/observability/safeLogger.js:178:17)

  console.info
    {
      component: 'http',
      event: 'request_completed',
      requestId: '4be93a96-65ab-4241-934d-dbeda7ca74ba',
      methodClass: 'GET',
      durationMs: 3,
      statusCode: 200
    }

      at write (src/observability/safeLogger.js:178:17)

  console.info
    {
      component: 'http',
      event: 'request_completed',
      requestId: '27740456-180a-4c39-8b93-923e0bb675f1',
      methodClass: 'GET',
      durationMs: 4,
      statusCode: 200
    }

      at write (src/observability/safeLogger.js:178:17)

  console.info
    {
      component: 'http',
      event: 'request_completed',
      requestId: 'a743cda5-714e-4560-95a2-78a70ffb952a',
      methodClass: 'PUT',
      durationMs: 4,
      statusCode: 200
    }

      at write (src/observability/safeLogger.js:178:17)

  console.info
    {
      component: 'http',
      event: 'request_completed',
      requestId: '23df49b9-0601-4c33-8344-241d1b3fff97',
      methodClass: 'GET',
      durationMs: 3,
      statusCode: 200
    }

      at write (src/observability/safeLogger.js:178:17)

  console.info
    {
      component: 'http',
      event: 'request_completed',
      requestId: 'edbe33af-a86d-4e81-8557-04b07ba87864',
      methodClass: 'POST',
      durationMs: 3,
      statusCode: 410
    }

      at write (src/observability/safeLogger.js:178:17)

  console.info
    {
      component: 'http',
      event: 'request_completed',
      requestId: 'fe19a5e7-ec90-4d5c-b6cb-cfc595bf8617',
      methodClass: 'POST',
      durationMs: 2,
      statusCode: 410
    }

      at write (src/observability/safeLogger.js:178:17)

  console.info
    {
      component: 'http',
      event: 'request_completed',
      requestId: 'b7a4d711-cdf7-43ae-a393-a8fec80aa6b7',
      methodClass: 'POST',
      durationMs: 3,
      statusCode: 403
    }

      at write (src/observability/safeLogger.js:178:17)

  console.info
    {
      component: 'http',
      event: 'request_completed',
      requestId: '1396cf98-4d63-417d-a829-7b8d765f1aca',
      methodClass: 'POST',
      durationMs: 2,
      statusCode: 403
    }

      at write (src/observability/safeLogger.js:178:17)

  console.log
    [DB] Migration applied: 001_initial_schema.sql

      at log (src/db.js:1312:42)

  console.log
    [DB] Migration applied: 002_seed_data.sql

      at log (src/db.js:1312:42)

  console.log
    [DB] Migration applied: 003_voice_sessions.sql

      at log (src/db.js:1312:42)

  console.log
    [DB] Migration applied: 004_canonical_persistence_v2.sql

      at log (src/db.js:1312:42)

  console.log
    [DB] Migration applied: 005_canonical_organization_authority.sql

      at log (src/db.js:1312:42)

  console.log
    [DB] Migration applied: 006_canonical_voice_sessions.sql

      at log (src/db.js:1312:42)

  console.log
    [DB] Migration applied: 007_canonical_tax_authority.sql

      at log (src/db.js:1312:42)

  console.log
    [DB] Migration applied: 008_canonical_demo_authority.sql

      at log (src/db.js:1312:42)

  console.log
    [DB] Migration applied: 009_canonical_voice_provider_identity.sql

      at log (src/db.js:1312:42)

  console.log
    [DB] Migration applied: 010_account_session_authority.sql

      at log (src/db.js:1312:42)

  console.log
    [DB] Migration applied: 011_oauth_authorization_states.sql

      at log (src/db.js:1312:42)

  console.log
    [DB] Migration applied: 012_account_verification_trial.sql

      at log (src/db.js:1312:42)

  console.log
    [DB] Migration applied: 015_workforce_authority.sql

      at log (src/db.js:1312:42)

  console.log
    [DB] Migration applied: 016_tenant_asset_catalogue.sql

      at log (src/db.js:1312:42)

  console.log
    [DB] Migration applied: 017_retell_webhook_replay_authority.sql

      at log (src/db.js:1312:42)

  console.log
    [DB] Migration applied: 018_canonical_map_preferences.sql

      at log (src/db.js:1312:42)

  console.log
    [DB] Migration applied: 019_account_email_outbox.sql

      at log (src/db.js:1312:42)

  console.log
    [DB] Migration applied: 020_canonical_workforce_access_roles.sql

      at log (src/db.js:1312:42)

  console.log
    [DB] Migration applied: 021_bounded_api_observability.sql

      at log (src/db.js:1312:42)

  console.log
    [DB] Migration applied: 022_demo_command_center_sessions.sql

      at log (src/db.js:1312:42)

  console.log
    [DB] Migration applied: 023_homepage_demo_admission.sql

      at log (src/db.js:1312:42)

  console.log
    [DB] Migration applied: 024_homepage_verified_purge_receipt.sql

      at log (src/db.js:1312:42)

  console.log
    [DB] Migration applied: 025_provider_agnostic_knowledge_registry.sql

      at log (src/db.js:1312:42)

  console.log
    [DB] Migration applied: 026_canonical_knowledge_review_publication.sql

      at log (src/db.js:1312:42)

  console.log
    [DB] Migration applied: 027_canonical_knowledge_audit_graph_authority.sql

      at log (src/db.js:1312:42)

  console.log
    [DB] Migration applied: 028_canonical_knowledge_immutable_lifecycle.sql

      at log (src/db.js:1312:42)

  console.log
    [DB] Migration applied: 029_canonical_knowledge_transactional_sync.sql

      at log (src/db.js:1312:42)

  console.log
    [DB] Migration applied: 030_canonical_knowledge_sync_revocation.sql

      at log (src/db.js:1312:42)

  console.log
    [DB] Migration applied: 031_canonical_knowledge_sync_recovery_lifecycle.sql

      at log (src/db.js:1312:42)

  console.log
    [DB] Migration applied: 032_canonical_schedule_assignment_authority.sql

      at log (src/db.js:1312:42)

  console.log
    [DB] Migration applied: 033_canonical_schedule_time_evidence.sql

      at log (src/db.js:1312:42)

  console.log
    [DB] Migration applied: 034_schedule_availability_conflict_authority.sql

      at log (src/db.js:1312:42)

  console.log
    [DB] Migration applied: 035_schedule_human_preview_approval.sql

      at log (src/db.js:1312:42)

  console.info
    {
      component: 'http',
      event: 'request_completed',
      requestId: '336805f4-8e1e-4150-beb5-2045093e80f7',
      methodClass: 'GET',
      durationMs: 7,
      statusCode: 200
    }

      at write (src/observability/safeLogger.js:178:17)

  console.info
    {
      component: 'http',
      event: 'request_completed',
      requestId: '816b15b8-f696-4dc2-8888-af2f0492cdef',
      methodClass: 'GET',
      durationMs: 4,
      statusCode: 200
    }

      at write (src/observability/safeLogger.js:178:17)

  console.info
    {
      component: 'http',
      event: 'request_completed',
      requestId: '8fdfc7a7-9d20-431e-9f5a-99df77fbd47a',
      methodClass: 'GET',
      durationMs: 4,
      statusCode: 200
    }

      at write (src/observability/safeLogger.js:178:17)

  console.info
    {
      component: 'http',
      event: 'request_completed',
      requestId: '47556a00-be9b-4d15-a13d-0ea0359fbe54',
      methodClass: 'GET',
      durationMs: 4,
      statusCode: 200
    }

      at write (src/observability/safeLogger.js:178:17)

  console.info
    {
      component: 'http',
      event: 'request_completed',
      requestId: '0ac9d660-f668-4f06-8e43-eca716389457',
      methodClass: 'GET',
      durationMs: 4,
      statusCode: 200
    }

      at write (src/observability/safeLogger.js:178:17)

  console.info
    {
      component: 'http',
      event: 'request_completed',
      requestId: 'b6bdcce1-3594-43b4-aab8-31f116932509',
      methodClass: 'GET',
      durationMs: 1,
      statusCode: 401
    }

      at write (src/observability/safeLogger.js:178:17)

  console.info
    {
      component: 'http',
      event: 'request_completed',
      requestId: 'd60ad1ed-decc-4012-963a-370b506ddc92',
      methodClass: 'GET',
      durationMs: 0,
      statusCode: 401
    }

      at write (src/observability/safeLogger.js:178:17)

  console.info
    {
      component: 'http',
      event: 'request_completed',
      requestId: '1cdb0187-cc91-406c-b372-915ebcabbf3b',
      methodClass: 'GET',
      durationMs: 2,
      statusCode: 410
    }

      at write (src/observability/safeLogger.js:178:17)

  console.info
    {
      component: 'http',
      event: 'request_completed',
      requestId: '42b53992-1370-4d08-ae30-10eba78e42ae',
      methodClass: 'POST',
      durationMs: 51,
      statusCode: 201
    }

      at write (src/observability/safeLogger.js:178:17)

  console.info
    {
      component: 'http',
      event: 'request_completed',
      requestId: '84a53721-17d4-49fe-a5cd-8f0dacde6d51',
      methodClass: 'POST',
      durationMs: 9,
      statusCode: 201
    }

      at write (src/observability/safeLogger.js:178:17)

  console.info
    {
      component: 'http',
      event: 'request_completed',
      requestId: '50600792-c344-4921-9a9d-7f7da66a4d7c',
      methodClass: 'POST',
      durationMs: 2,
      statusCode: 403
    }

      at write (src/observability/safeLogger.js:178:17)

  console.info
    {
      component: 'http',
      event: 'request_completed',
      requestId: 'b0ec8028-366e-4edc-9995-084e1442f9fe',
      methodClass: 'POST',
      durationMs: 3,
      statusCode: 403
    }

      at write (src/observability/safeLogger.js:178:17)

  console.info
    {
      component: 'http',
      event: 'request_completed',
      requestId: '3c83ffed-41c4-491d-8174-b9906c78c15c',
      methodClass: 'POST',
      durationMs: 5,
      statusCode: 201
    }

      at write (src/observability/safeLogger.js:178:17)

  console.info
    {
      component: 'http',
      event: 'request_completed',
      requestId: '7fd16ae5-9331-4ba2-9cc0-ade86f98a85c',
      methodClass: 'GET',
      durationMs: 4,
      statusCode: 200
    }

      at write (src/observability/safeLogger.js:178:17)

  console.info
    {
      component: 'http',
      event: 'request_completed',
      requestId: 'ee0f566a-40c0-41a7-887f-6bda832d6559',
      methodClass: 'GET',
      durationMs: 4,
      statusCode: 200
    }

      at write (src/observability/safeLogger.js:178:17)

  console.info
    {
      component: 'http',
      event: 'request_completed',
      requestId: '11f9e441-fe59-460e-8fdb-b2b8769511cc',
      methodClass: 'PUT',
      durationMs: 5,
      statusCode: 200
    }

      at write (src/observability/safeLogger.js:178:17)

  console.info
    {
      component: 'http',
      event: 'request_completed',
      requestId: '63b38aae-33a1-438f-99fe-9b5a4f2d52da',
      methodClass: 'PUT',
      durationMs: 3,
      statusCode: 409
    }

      at write (src/observability/safeLogger.js:178:17)

  console.info
    {
      component: 'http',
      event: 'request_completed',
      requestId: '12756c9f-ade7-4b82-a422-4fbd1e19b72b',
      methodClass: 'PATCH',
      durationMs: 2,
      statusCode: 403
    }

      at write (src/observability/safeLogger.js:178:17)

  console.info
    {
      component: 'http',
      event: 'request_completed',
      requestId: '2e8d54a9-210a-4502-a6a9-49700bfd1c07',
      methodClass: 'PATCH',
      durationMs: 5,
      statusCode: 200
    }

      at write (src/observability/safeLogger.js:178:17)

  console.info
    {
      component: 'http',
      event: 'request_completed',
      requestId: 'e6e6fc93-ae14-4ba5-bef8-6210e5f1707b',
      methodClass: 'PATCH',
      durationMs: 5,
      statusCode: 200
    }

      at write (src/observability/safeLogger.js:178:17)

  console.info
    {
      component: 'http',
      event: 'request_completed',
      requestId: 'f769d439-4686-43a1-a21b-3ada45f66407',
      methodClass: 'POST',
      durationMs: 4,
      statusCode: 409
    }

      at write (src/observability/safeLogger.js:178:17)

  console.info
    {
      component: 'http',
      event: 'request_completed',
      requestId: 'fc24810f-7b6e-4093-9d3b-f4177a46b2bc',
      methodClass: 'POST',
      durationMs: 3,
      statusCode: 400
    }

      at write (src/observability/safeLogger.js:178:17)

  console.info
    {
      component: 'http',
      event: 'request_completed',
      requestId: '2e7e1dd5-8382-46c1-85cb-ffe414925923',
      methodClass: 'POST',
      durationMs: 3,
      statusCode: 400
    }

      at write (src/observability/safeLogger.js:178:17)

  console.info
    {
      component: 'http',
      event: 'request_completed',
      requestId: '873c33dc-b34e-4c95-a9fe-f5ce57fa9cfc',
      methodClass: 'PUT',
      durationMs: 4,
      statusCode: 404
    }

      at write (src/observability/safeLogger.js:178:17)

  console.info
    {
      component: 'http',
      event: 'request_completed',
      requestId: 'db6533d4-f4ba-4eee-b1c1-7573ac36953b',
      methodClass: 'POST',
      durationMs: 2,
      statusCode: 400
    }

      at write (src/observability/safeLogger.js:178:17)

  console.info
    {
      component: 'http',
      event: 'request_completed',
      requestId: '97c093c2-8962-4367-86dc-74f74542125b',
      methodClass: 'POST',
      durationMs: 2,
      statusCode: 400
    }

      at write (src/observability/safeLogger.js:178:17)

  console.info
    {
      component: 'http',
      event: 'request_completed',
      requestId: 'c13a7c99-d16b-4e02-b6c3-9b970f888e38',
      methodClass: 'POST',
      durationMs: 2,
      statusCode: 400
    }

      at write (src/observability/safeLogger.js:178:17)

  console.info
    {
      component: 'http',
      event: 'request_completed',
      requestId: '515864e2-3107-4e85-baaf-1d046aa112d2',
      methodClass: 'POST',
      durationMs: 2,
      statusCode: 400
    }

      at write (src/observability/safeLogger.js:178:17)

  console.info
    {
      component: 'http',
      event: 'request_completed',
      requestId: '692e6aaa-85b5-4088-ad07-e9bc5b4f8e75',
      methodClass: 'POST',
      durationMs: 2,
      statusCode: 400
    }

      at write (src/observability/safeLogger.js:178:17)

  console.info
    {
      component: 'http',
      event: 'request_completed',
      requestId: '43a0f20f-b7e4-4b73-84c2-044bc8900101',
      methodClass: 'POST',
      durationMs: 2,
      statusCode: 400
    }

      at write (src/observability/safeLogger.js:178:17)

  console.info
    {
      component: 'http',
      event: 'request_completed',
      requestId: '9884aa88-f4e3-4f86-84cb-11ce0f059679',
      methodClass: 'POST',
      durationMs: 5,
      statusCode: 201
    }

      at write (src/observability/safeLogger.js:178:17)

  console.info
    {
      component: 'http',
      event: 'request_completed',
      requestId: 'dfbdc2c9-0447-4eb5-8e3f-609159cf4b94',
      methodClass: 'PATCH',
      durationMs: 3,
      statusCode: 200
    }

      at write (src/observability/safeLogger.js:178:17)

  console.info
    {
      component: 'http',
      event: 'request_completed',
      requestId: '7e0168ca-55a6-4a0a-9615-812be5403ec9',
      methodClass: 'POST',
      durationMs: 4,
      statusCode: 201
    }

      at write (src/observability/safeLogger.js:178:17)

  console.info
    {
      component: 'http',
      event: 'request_completed',
      requestId: '3f6e7eab-9556-4242-8c35-f0c5a2fc11a5',
      methodClass: 'PATCH',
      durationMs: 4,
      statusCode: 200
    }

      at write (src/observability/safeLogger.js:178:17)

  console.info
    {
      component: 'http',
      event: 'request_completed',
      requestId: '7dd04ad6-d3a2-4a18-8d8a-a734f6a964de',
      methodClass: 'PATCH',
      durationMs: 14,
      statusCode: 409
    }

      at write (src/observability/safeLogger.js:178:17)

  console.info
    {
      component: 'http',
      event: 'request_completed',
      requestId: 'f06d41e5-a0b8-454b-8b62-66cc5b1c63bc',
      methodClass: 'PATCH',
      durationMs: 4,
      statusCode: 409
    }

      at write (src/observability/safeLogger.js:178:17)

  console.info
    {
      component: 'http',
      event: 'request_completed',
      requestId: '1ce52e82-734d-4b63-9c24-cdaf4ccbaebd',
      methodClass: 'PUT',
      durationMs: 5,
      statusCode: 200
    }

      at write (src/observability/safeLogger.js:178:17)

  console.info
    {
      component: 'http',
      event: 'request_completed',
      requestId: '7bb2da65-8fc9-4fc2-b10b-30f9eb66e9cf',
      methodClass: 'PATCH',
      durationMs: 4,
      statusCode: 200
    }

      at write (src/observability/safeLogger.js:178:17)

  console.log
    [DB] Migration applied: 001_initial_schema.sql

      at Object.log [as runMigrations] (src/db.js:1312:42)

  console.log
    [DB] Migration applied: 002_seed_data.sql

      at Object.log [as runMigrations] (src/db.js:1312:42)

  console.log
    [DB] Migration applied: 003_voice_sessions.sql

      at Object.log [as runMigrations] (src/db.js:1312:42)

  console.log
    [DB] Migration applied: 004_canonical_persistence_v2.sql

      at Object.log [as runMigrations] (src/db.js:1312:42)

  console.log
    [DB] Migration applied: 005_canonical_organization_authority.sql

      at Object.log [as runMigrations] (src/db.js:1312:42)

  console.log
    [DB] Migration applied: 006_canonical_voice_sessions.sql

      at Object.log [as runMigrations] (src/db.js:1312:42)

  console.log
    [DB] Migration applied: 007_canonical_tax_authority.sql

      at Object.log [as runMigrations] (src/db.js:1312:42)

  console.log
    [DB] Migration applied: 008_canonical_demo_authority.sql

      at Object.log [as runMigrations] (src/db.js:1312:42)

  console.log
    [DB] Migration applied: 009_canonical_voice_provider_identity.sql

      at Object.log [as runMigrations] (src/db.js:1312:42)

  console.log
    [DB] Migration applied: 010_account_session_authority.sql

      at Object.log [as runMigrations] (src/db.js:1312:42)

  console.log
    [DB] Migration applied: 011_oauth_authorization_states.sql

      at Object.log [as runMigrations] (src/db.js:1312:42)

  console.log
    [DB] Migration applied: 012_account_verification_trial.sql

      at Object.log [as runMigrations] (src/db.js:1312:42)

  console.log
    [DB] Migration applied: 015_workforce_authority.sql

      at Object.log [as runMigrations] (src/db.js:1312:42)

  console.log
    [DB] Migration applied: 016_tenant_asset_catalogue.sql

      at Object.log [as runMigrations] (src/db.js:1312:42)

  console.log
    [DB] Migration applied: 017_retell_webhook_replay_authority.sql

      at Object.log [as runMigrations] (src/db.js:1312:42)

  console.log
    [DB] Migration applied: 018_canonical_map_preferences.sql

      at Object.log [as runMigrations] (src/db.js:1312:42)

  console.log
    [DB] Migration applied: 019_account_email_outbox.sql

      at Object.log [as runMigrations] (src/db.js:1312:42)

  console.log
    [DB] Migration applied: 021_bounded_api_observability.sql

      at Object.log [as runMigrations] (src/db.js:1312:42)

  console.log
    [DB] Migration applied: 022_demo_command_center_sessions.sql

      at Object.log [as runMigrations] (src/db.js:1312:42)

  console.log
    [DB] Migration applied: 023_homepage_demo_admission.sql

      at Object.log [as runMigrations] (src/db.js:1312:42)

  console.log
    [DB] Migration applied: 024_homepage_verified_purge_receipt.sql

      at Object.log [as runMigrations] (src/db.js:1312:42)

  console.log
    [DB] Migration applied: 025_provider_agnostic_knowledge_registry.sql

      at Object.log [as runMigrations] (src/db.js:1312:42)

  console.log
    [DB] Migration applied: 026_canonical_knowledge_review_publication.sql

      at Object.log [as runMigrations] (src/db.js:1312:42)

  console.log
    [DB] Migration applied: 027_canonical_knowledge_audit_graph_authority.sql

      at Object.log [as runMigrations] (src/db.js:1312:42)

  console.log
    [DB] Migration applied: 028_canonical_knowledge_immutable_lifecycle.sql

      at Object.log [as runMigrations] (src/db.js:1312:42)

  console.log
    [DB] Migration applied: 029_canonical_knowledge_transactional_sync.sql

      at Object.log [as runMigrations] (src/db.js:1312:42)

  console.log
    [DB] Migration applied: 030_canonical_knowledge_sync_revocation.sql

      at Object.log [as runMigrations] (src/db.js:1312:42)

  console.log
    [DB] Migration applied: 031_canonical_knowledge_sync_recovery_lifecycle.sql

      at Object.log [as runMigrations] (src/db.js:1312:42)

  console.log
    [DB] Migration applied: 032_canonical_schedule_assignment_authority.sql

      at Object.log [as runMigrations] (src/db.js:1312:42)

  console.log
    [DB] Migration applied: 033_canonical_schedule_time_evidence.sql

      at Object.log [as runMigrations] (src/db.js:1312:42)

  console.log
    [DB] Migration applied: 034_schedule_availability_conflict_authority.sql

      at Object.log [as runMigrations] (src/db.js:1312:42)

  console.log
    [DB] Migration applied: 035_schedule_human_preview_approval.sql

      at Object.log [as runMigrations] (src/db.js:1312:42)

  console.log
    [DB] Migration applied: 020_canonical_workforce_access_roles.sql

      at Object.log [as runMigrations] (src/db.js:1312:42)

  console.info
    {
      component: 'http',
      event: 'request_completed',
      requestId: 'b8dbaf27-bd3f-45d6-97de-f2d96a287a57',
      methodClass: 'GET',
      durationMs: 5,
      statusCode: 200
    }

      at write (src/observability/safeLogger.js:178:17)

  console.info
    {
      component: 'http',
      event: 'request_completed',
      requestId: 'b76679ed-05a8-4fba-b62d-003f10763756',
      methodClass: 'GET',
      durationMs: 102,
      statusCode: 200
    }

      at write (src/observability/safeLogger.js:178:17)

  console.info
    {
      component: 'http',
      event: 'request_completed',
      requestId: '6c38f85a-0db8-4d46-af17-d3060d7d41e4',
      methodClass: 'POST',
      durationMs: 5,
      statusCode: 403
    }

      at write (src/observability/safeLogger.js:178:17)

  console.info
    {
      component: 'http',
      event: 'request_completed',
      requestId: '5ca1e8dc-c3b5-4112-aa61-6b83a1fe8de5',
      methodClass: 'POST',
      durationMs: 5,
      statusCode: 403
    }

      at write (src/observability/safeLogger.js:178:17)

  console.info
    {
      component: 'http',
      event: 'request_completed',
      requestId: 'c4c2af17-5c8a-45e3-9e86-9d8fe0de9988',
      methodClass: 'GET',
      durationMs: 2,
      statusCode: 200
    }

      at write (src/observability/safeLogger.js:178:17)

  console.info
    {
      component: 'http',
      event: 'request_completed',
      requestId: '2847cf01-28f8-4deb-bc56-401daeb9a63e',
      methodClass: 'GET',
      durationMs: 4,
      statusCode: 200
    }

      at write (src/observability/safeLogger.js:178:17)

  console.info
    {
      component: 'http',
      event: 'request_completed',
      requestId: 'b8bddcaa-edc6-4d9b-a392-d40daaf95517',
      methodClass: 'POST',
      durationMs: 2,
      statusCode: 403
    }

      at write (src/observability/safeLogger.js:178:17)

  console.info
    {
      component: 'http',
      event: 'request_completed',
      requestId: '378a906b-2a63-4064-bafb-4cd6383bd623',
      methodClass: 'POST',
      durationMs: 5,
      statusCode: 403
    }

      at write (src/observability/safeLogger.js:178:17)

  console.info
    {
      component: 'http',
      event: 'request_completed',
      requestId: '84d317c2-a037-4dd2-b2ef-3c3aea87580f',
      methodClass: 'GET',
      durationMs: 0,
      statusCode: 410
    }

      at write (src/observability/safeLogger.js:178:17)

  console.info
    {
      component: 'http',
      event: 'request_completed',
      requestId: 'bb7430aa-6cc0-4c88-a0c7-0d4b02b9e6f9',
      methodClass: 'GET',
      durationMs: 0,
      statusCode: 401
    }

      at write (src/observability/safeLogger.js:178:17)

  console.info
    {
      component: 'http',
      event: 'request_completed',
      requestId: '0692040d-f6d8-4a47-8023-f701714991fb',
      methodClass: 'POST',
      durationMs: 1,
      statusCode: 401
    }

      at write (src/observability/safeLogger.js:178:17)

  console.info
    {
      component: 'http',
      event: 'request_completed',
      requestId: '71e408da-8a7b-493e-a4fb-d8181516f52d',
      methodClass: 'POST',
      durationMs: 0,
      statusCode: 401
    }

      at write (src/observability/safeLogger.js:178:17)

  console.info
    {
      component: 'http',
      event: 'request_completed',
      requestId: 'ce817d70-94bf-4378-8b39-1d6465236af8',
      methodClass: 'GET',
      durationMs: 0,
      statusCode: 401
    }

      at write (src/observability/safeLogger.js:178:17)

  console.info
    {
      component: 'http',
      event: 'request_completed',
      requestId: 'b18be80c-a82a-4961-88f3-7f40b2b0739e',
      methodClass: 'POST',
      durationMs: 0,
      statusCode: 401
    }

      at write (src/observability/safeLogger.js:178:17)

  console.info
    {
      component: 'http',
      event: 'request_completed',
      requestId: '3b8d2518-20db-4296-8e13-7e0dae25e270',
      methodClass: 'GET',
      durationMs: 0,
      statusCode: 401
    }

      at write (src/observability/safeLogger.js:178:17)

  console.info
    {
      component: 'http',
      event: 'request_completed',
      requestId: 'd1f7b446-d5f2-4bee-bc91-d42679ad4754',
      methodClass: 'PUT',
      durationMs: 0,
      statusCode: 401
    }

      at write (src/observability/safeLogger.js:178:17)

  console.info
    {
      component: 'http',
      event: 'request_completed',
      requestId: 'f5628c9b-5ce5-40ab-a32a-67b0e8b43a12',
      methodClass: 'GET',
      durationMs: 1,
      statusCode: 401
    }

      at write (src/observability/safeLogger.js:178:17)

  console.info
    {
      component: 'http',
      event: 'request_completed',
      requestId: '34e67272-d629-405f-820a-40bee4c97032',
      methodClass: 'GET',
      durationMs: 1,
      statusCode: 401
    }

      at write (src/observability/safeLogger.js:178:17)

  console.info
    {
      component: 'http',
      event: 'request_completed',
      requestId: '7b258985-7783-454f-ac8f-a9cda85d5e21',
      methodClass: 'POST',
      durationMs: 1,
      statusCode: 401
    }

      at write (src/observability/safeLogger.js:178:17)

  console.info
    {
      component: 'http',
      event: 'request_completed',
      requestId: 'e974e78f-726b-447d-92c9-df36d6b11ee0',
      methodClass: 'GET',
      durationMs: 0,
      statusCode: 401
    }

      at write (src/observability/safeLogger.js:178:17)

  console.info
    {
      component: 'http',
      event: 'request_completed',
      requestId: 'f7bd9836-0201-4ae9-a290-8e60608ad880',
      methodClass: 'GET',
      durationMs: 0,
      statusCode: 401
    }

      at write (src/observability/safeLogger.js:178:17)

  console.info
    {
      component: 'http',
      event: 'request_completed',
      requestId: 'f28bbeb3-18d2-4151-b6b2-45d802dc8f35',
      methodClass: 'POST',
      durationMs: 0,
      statusCode: 401
    }

      at write (src/observability/safeLogger.js:178:17)

  console.info
    {
      component: 'http',
      event: 'request_completed',
      requestId: '0fc4b866-d6a5-49e2-955e-ded743fcab86',
      methodClass: 'POST',
      durationMs: 0,
      statusCode: 401
    }

      at write (src/observability/safeLogger.js:178:17)

  console.info
    {
      component: 'http',
      event: 'request_completed',
      requestId: '98db2ede-5110-494c-850d-8b02c17e1171',
      methodClass: 'GET',
      durationMs: 0,
      statusCode: 401
    }

      at write (src/observability/safeLogger.js:178:17)

  console.info
    {
      component: 'http',
      event: 'request_completed',
      requestId: '68e0882e-1e74-48ed-b388-4248e4fe6711',
      methodClass: 'POST',
      durationMs: 1,
      statusCode: 401
    }

      at write (src/observability/safeLogger.js:178:17)

  console.info
    {
      component: 'http',
      event: 'request_completed',
      requestId: 'c7efa44f-ce12-48e0-beb1-8665c5e9b205',
      methodClass: 'GET',
      durationMs: 1,
      statusCode: 401
    }

      at write (src/observability/safeLogger.js:178:17)

  console.info
    {
      component: 'http',
      event: 'request_completed',
      requestId: 'fedf747b-7ecc-4bc0-b813-957d337befec',
      methodClass: 'POST',
      durationMs: 0,
      statusCode: 401
    }

      at write (src/observability/safeLogger.js:178:17)

  console.info
    {
      component: 'http',
      event: 'request_completed',
      requestId: '019cf843-b828-4e7b-aa53-c34cb61f84f6',
      methodClass: 'GET',
      durationMs: 1,
      statusCode: 401
    }

      at write (src/observability/safeLogger.js:178:17)

  console.info
    {
      component: 'http',
      event: 'request_completed',
      requestId: 'a4822983-975e-446f-bd08-8c5c1fbee40f',
      methodClass: 'PUT',
      durationMs: 1,
      statusCode: 401
    }

      at write (src/observability/safeLogger.js:178:17)

  console.info
    {
      component: 'http',
      event: 'request_completed',
      requestId: 'e30e02b8-ced7-46cb-ae9b-cb4f8bb7af5d',
      methodClass: 'GET',
      durationMs: 0,
      statusCode: 401
    }

      at write (src/observability/safeLogger.js:178:17)

  console.info
    {
      component: 'http',
      event: 'request_completed',
      requestId: 'd39a2cdb-0bde-4892-9641-34889a571d36',
      methodClass: 'GET',
      durationMs: 0,
      statusCode: 401
    }

      at write (src/observability/safeLogger.js:178:17)

  console.info
    {
      component: 'http',
      event: 'request_completed',
      requestId: '842d9615-d40d-426d-9e59-e10ac2983f50',
      methodClass: 'GET',
      durationMs: 0,
      statusCode: 401
    }

      at write (src/observability/safeLogger.js:178:17)

  console.info
    {
      component: 'http',
      event: 'request_completed',
      requestId: 'c3d1c49e-fcec-4f69-8f9c-84da2ccf9814',
      methodClass: 'GET',
      durationMs: 0,
      statusCode: 401
    }

      at write (src/observability/safeLogger.js:178:17)

  console.warn
    [Auth] PostgreSQL account authority unavailable: {
      requestId: '9e284243-d919-4e55-bf51-5ad7f93360f6',
      event: 'login_failed'
    }

      20 |   }
      21 |   if (error instanceof AccountPersistenceError || (error && error.name === 'AccountPersistenceError')) {
    > 22 |     console.warn('[Auth] PostgreSQL account authority unavailable:', { requestId: requestId(req), event });
         |             ^
      23 |     return failure(req, res, 503, 'account_authority_unavailable', 'Account service is temporarily unavailable');
      24 |   }
      25 |   console.error('[Auth] Request failed:', { requestId: requestId(req), event });

      at warn (src/routes/auth.js:22:13)
      at handleError (src/routes/auth.js:56:14)

  console.info
    {
      component: 'http',
      event: 'request_completed',
      requestId: '9e284243-d919-4e55-bf51-5ad7f93360f6',
      methodClass: 'POST',
      durationMs: 1,
      statusCode: 503
    }

      at write (src/observability/safeLogger.js:178:17)

  console.info
    {
      component: 'http',
      event: 'request_completed',
      requestId: '9bf66cb0-d033-4a43-8bd9-996a72838d0c',
      methodClass: 'GET',
      durationMs: 0,
      statusCode: 401
    }

      at write (src/observability/safeLogger.js:178:17)

  console.info
    {
      component: 'http',
      event: 'request_completed',
      requestId: 'b16f876e-7337-4734-bbc5-e88801f9d9fb',
      methodClass: 'GET',
      durationMs: 0,
      statusCode: 503
    }

      at write (src/observability/safeLogger.js:178:17)

  console.log
    [DB] Migration applied: 001_initial_schema.sql

      at log (src/db.js:1312:42)

  console.log
    [DB] Migration applied: 002_seed_data.sql

      at log (src/db.js:1312:42)

  console.log
    [DB] Migration applied: 003_voice_sessions.sql

      at log (src/db.js:1312:42)

  console.log
    [DB] Migration applied: 004_canonical_persistence_v2.sql

      at log (src/db.js:1312:42)

  console.log
    [DB] Migration applied: 005_canonical_organization_authority.sql

      at log (src/db.js:1312:42)

  console.log
    [DB] Migration applied: 006_canonical_voice_sessions.sql

      at log (src/db.js:1312:42)

  console.log
    [DB] Migration applied: 007_canonical_tax_authority.sql

      at log (src/db.js:1312:42)

  console.log
    [DB] Migration applied: 008_canonical_demo_authority.sql

      at log (src/db.js:1312:42)

  console.log
    [DB] Migration applied: 009_canonical_voice_provider_identity.sql

      at log (src/db.js:1312:42)

  console.log
    [DB] Migration applied: 010_account_session_authority.sql

      at log (src/db.js:1312:42)

  console.log
    [DB] Migration applied: 011_oauth_authorization_states.sql

      at log (src/db.js:1312:42)

  console.log
    [DB] Migration applied: 012_account_verification_trial.sql

      at log (src/db.js:1312:42)

  console.log
    [DB] Migration applied: 015_workforce_authority.sql

      at log (src/db.js:1312:42)

  console.log
    [DB] Migration applied: 016_tenant_asset_catalogue.sql

      at log (src/db.js:1312:42)

  console.log
    [DB] Migration applied: 017_retell_webhook_replay_authority.sql

      at log (src/db.js:1312:42)

  console.log
    [DB] Migration applied: 018_canonical_map_preferences.sql

      at log (src/db.js:1312:42)

  console.log
    [DB] Migration applied: 019_account_email_outbox.sql

      at log (src/db.js:1312:42)

  console.log
    [DB] Migration applied: 020_canonical_workforce_access_roles.sql

      at log (src/db.js:1312:42)

  console.log
    [DB] Migration applied: 021_bounded_api_observability.sql

      at log (src/db.js:1312:42)

  console.log
    [DB] Migration applied: 022_demo_command_center_sessions.sql

      at log (src/db.js:1312:42)

  console.log
    [DB] Migration applied: 023_homepage_demo_admission.sql

      at log (src/db.js:1312:42)

  console.log
    [DB] Migration applied: 024_homepage_verified_purge_receipt.sql

      at log (src/db.js:1312:42)

  console.log
    [DB] Migration applied: 025_provider_agnostic_knowledge_registry.sql

      at log (src/db.js:1312:42)

  console.log
    [DB] Migration applied: 026_canonical_knowledge_review_publication.sql

      at log (src/db.js:1312:42)

  console.log
    [DB] Migration applied: 027_canonical_knowledge_audit_graph_authority.sql

      at log (src/db.js:1312:42)

  console.log
    [DB] Migration applied: 028_canonical_knowledge_immutable_lifecycle.sql

      at log (src/db.js:1312:42)

  console.log
    [DB] Migration applied: 029_canonical_knowledge_transactional_sync.sql

      at log (src/db.js:1312:42)

  console.log
    [DB] Migration applied: 030_canonical_knowledge_sync_revocation.sql

      at log (src/db.js:1312:42)

  console.log
    [DB] Migration applied: 031_canonical_knowledge_sync_recovery_lifecycle.sql

      at log (src/db.js:1312:42)

  console.log
    [DB] Migration applied: 032_canonical_schedule_assignment_authority.sql

      at log (src/db.js:1312:42)

  console.log
    [DB] Migration applied: 033_canonical_schedule_time_evidence.sql

      at log (src/db.js:1312:42)

  console.log
    [DB] Migration applied: 034_schedule_availability_conflict_authority.sql

      at log (src/db.js:1312:42)

  console.log
    [DB] Migration applied: 035_schedule_human_preview_approval.sql

      at log (src/db.js:1312:42)

  console.info
    {
      component: 'http',
      event: 'request_completed',
      requestId: 'bb2f32c0-cde1-43da-9278-4ccc738bef15',
      methodClass: 'GET',
      durationMs: 1,
      statusCode: 200
    }

      at write (src/observability/safeLogger.js:178:17)

  console.info
    {
      component: 'http',
      event: 'request_completed',
      requestId: 'd12cf956-4ebc-451e-8698-0124fb9eb06e',
      methodClass: 'GET',
      durationMs: 0,
      statusCode: 401
    }

      at write (src/observability/safeLogger.js:178:17)

  console.log
    [DB] Migration applied: 001_initial_schema.sql

      at log (src/db.js:1312:42)

  console.log
    [DB] Migration applied: 002_seed_data.sql

      at log (src/db.js:1312:42)

  console.log
    [DB] Migration applied: 003_voice_sessions.sql

      at log (src/db.js:1312:42)

  console.log
    [DB] Migration applied: 004_canonical_persistence_v2.sql

      at log (src/db.js:1312:42)

  console.log
    [DB] Migration applied: 005_canonical_organization_authority.sql

      at log (src/db.js:1312:42)

  console.log
    [DB] Migration applied: 006_canonical_voice_sessions.sql

      at log (src/db.js:1312:42)

  console.log
    [DB] Migration applied: 007_canonical_tax_authority.sql

      at log (src/db.js:1312:42)

  console.log
    [DB] Migration applied: 008_canonical_demo_authority.sql

      at log (src/db.js:1312:42)

  console.log
    [DB] Migration applied: 009_canonical_voice_provider_identity.sql

      at log (src/db.js:1312:42)

  console.log
    [DB] Migration applied: 010_account_session_authority.sql

      at log (src/db.js:1312:42)

  console.log
    [DB] Migration applied: 011_oauth_authorization_states.sql

      at log (src/db.js:1312:42)

  console.log
    [DB] Migration applied: 012_account_verification_trial.sql

      at log (src/db.js:1312:42)

  console.log
    [DB] Migration applied: 015_workforce_authority.sql

      at log (src/db.js:1312:42)

  console.log
    [DB] Migration applied: 016_tenant_asset_catalogue.sql

      at log (src/db.js:1312:42)

  console.log
    [DB] Migration applied: 017_retell_webhook_replay_authority.sql

      at log (src/db.js:1312:42)

  console.log
    [DB] Migration applied: 018_canonical_map_preferences.sql

      at log (src/db.js:1312:42)

  console.log
    [DB] Migration applied: 019_account_email_outbox.sql

      at log (src/db.js:1312:42)

  console.log
    [DB] Migration applied: 020_canonical_workforce_access_roles.sql

      at log (src/db.js:1312:42)

  console.log
    [DB] Migration applied: 021_bounded_api_observability.sql

      at log (src/db.js:1312:42)

  console.log
    [DB] Migration applied: 022_demo_command_center_sessions.sql

      at log (src/db.js:1312:42)

  console.log
    [DB] Migration applied: 023_homepage_demo_admission.sql

      at log (src/db.js:1312:42)

  console.log
    [DB] Migration applied: 024_homepage_verified_purge_receipt.sql

      at log (src/db.js:1312:42)

  console.log
    [DB] Migration applied: 025_provider_agnostic_knowledge_registry.sql

      at log (src/db.js:1312:42)

  console.log
    [DB] Migration applied: 026_canonical_knowledge_review_publication.sql

      at log (src/db.js:1312:42)

  console.log
    [DB] Migration applied: 027_canonical_knowledge_audit_graph_authority.sql

      at log (src/db.js:1312:42)

  console.log
    [DB] Migration applied: 028_canonical_knowledge_immutable_lifecycle.sql

      at log (src/db.js:1312:42)

  console.log
    [DB] Migration applied: 029_canonical_knowledge_transactional_sync.sql

      at log (src/db.js:1312:42)

  console.log
    [DB] Migration applied: 030_canonical_knowledge_sync_revocation.sql

      at log (src/db.js:1312:42)

  console.log
    [DB] Migration applied: 031_canonical_knowledge_sync_recovery_lifecycle.sql

      at log (src/db.js:1312:42)

  console.log
    [DB] Migration applied: 032_canonical_schedule_assignment_authority.sql

      at log (src/db.js:1312:42)

  console.log
    [DB] Migration applied: 033_canonical_schedule_time_evidence.sql

      at log (src/db.js:1312:42)

  console.log
    [DB] Migration applied: 034_schedule_availability_conflict_authority.sql

      at log (src/db.js:1312:42)

  console.log
    [DB] Migration applied: 035_schedule_human_preview_approval.sql

      at log (src/db.js:1312:42)

  console.log
    [DB] Migration applied: 001_initial_schema.sql

      at log (src/db.js:1312:42)

  console.log
    [DB] Migration applied: 002_seed_data.sql

      at log (src/db.js:1312:42)

  console.log
    [DB] Migration applied: 003_voice_sessions.sql

      at log (src/db.js:1312:42)

  console.log
    [DB] Migration applied: 004_canonical_persistence_v2.sql

      at log (src/db.js:1312:42)

  console.log
    [DB] Migration applied: 005_canonical_organization_authority.sql

      at log (src/db.js:1312:42)

  console.log
    [DB] Migration applied: 006_canonical_voice_sessions.sql

      at log (src/db.js:1312:42)

  console.log
    [DB] Migration applied: 007_canonical_tax_authority.sql

      at log (src/db.js:1312:42)

  console.log
    [DB] Migration applied: 008_canonical_demo_authority.sql

      at log (src/db.js:1312:42)

  console.log
    [DB] Migration applied: 009_canonical_voice_provider_identity.sql

      at log (src/db.js:1312:42)

  console.log
    [DB] Migration applied: 010_account_session_authority.sql

      at log (src/db.js:1312:42)

  console.log
    [DB] Migration applied: 011_oauth_authorization_states.sql

      at log (src/db.js:1312:42)

  console.log
    [DB] Migration applied: 012_account_verification_trial.sql

      at log (src/db.js:1312:42)

  console.log
    [DB] Migration applied: 015_workforce_authority.sql

      at log (src/db.js:1312:42)

  console.log
    [DB] Migration applied: 016_tenant_asset_catalogue.sql

      at log (src/db.js:1312:42)

  console.log
    [DB] Migration applied: 017_retell_webhook_replay_authority.sql

      at log (src/db.js:1312:42)

  console.log
    [DB] Migration applied: 018_canonical_map_preferences.sql

      at log (src/db.js:1312:42)

  console.log
    [DB] Migration applied: 019_account_email_outbox.sql

      at log (src/db.js:1312:42)

  console.log
    [DB] Migration applied: 020_canonical_workforce_access_roles.sql

      at log (src/db.js:1312:42)

  console.log
    [DB] Migration applied: 021_bounded_api_observability.sql

      at log (src/db.js:1312:42)

  console.log
    [DB] Migration applied: 022_demo_command_center_sessions.sql

      at log (src/db.js:1312:42)

  console.log
    [DB] Migration applied: 023_homepage_demo_admission.sql

      at log (src/db.js:1312:42)

  console.log
    [DB] Migration applied: 024_homepage_verified_purge_receipt.sql

      at log (src/db.js:1312:42)

  console.log
    [DB] Migration applied: 025_provider_agnostic_knowledge_registry.sql

      at log (src/db.js:1312:42)

  console.log
    [DB] Migration applied: 026_canonical_knowledge_review_publication.sql

      at log (src/db.js:1312:42)

  console.log
    [DB] Migration applied: 027_canonical_knowledge_audit_graph_authority.sql

      at log (src/db.js:1312:42)

  console.log
    [DB] Migration applied: 028_canonical_knowledge_immutable_lifecycle.sql

      at log (src/db.js:1312:42)

  console.log
    [DB] Migration applied: 029_canonical_knowledge_transactional_sync.sql

      at log (src/db.js:1312:42)

  console.log
    [DB] Migration applied: 030_canonical_knowledge_sync_revocation.sql

      at log (src/db.js:1312:42)

  console.log
    [DB] Migration applied: 031_canonical_knowledge_sync_recovery_lifecycle.sql

      at log (src/db.js:1312:42)

  console.log
    [DB] Migration applied: 032_canonical_schedule_assignment_authority.sql

      at log (src/db.js:1312:42)

  console.log
    [DB] Migration applied: 033_canonical_schedule_time_evidence.sql

      at log (src/db.js:1312:42)

  console.log
    [DB] Migration applied: 034_schedule_availability_conflict_authority.sql

      at log (src/db.js:1312:42)

  console.log
    [DB] Migration applied: 035_schedule_human_preview_approval.sql

      at log (src/db.js:1312:42)

  console.info
    {
      component: 'http',
      event: 'request_completed',
      requestId: 'dea5815c-1ba0-46f3-89b8-efcaa52e2012',
      methodClass: 'GET',
      durationMs: 5,
      statusCode: 200
    }

      at write (src/observability/safeLogger.js:178:17)

  console.info
    {
      component: 'http',
      event: 'request_completed',
      requestId: 'b27a8de7-62f5-44f9-9a2d-04f3b1e1569b',
      methodClass: 'GET',
      durationMs: 3,
      statusCode: 200
    }

      at write (src/observability/safeLogger.js:178:17)

  console.info
    {
      component: 'http',
      event: 'request_completed',
      requestId: '772436b9-17e2-4e4f-b35a-aeeddc1d899f',
      methodClass: 'GET',
      durationMs: 3,
      statusCode: 200
    }

      at write (src/observability/safeLogger.js:178:17)

  console.info
    {
      component: 'http',
      event: 'request_completed',
      requestId: '9e12b653-681b-465d-b443-e9a0f47f5dc3',
      methodClass: 'GET',
      durationMs: 3,
      statusCode: 200
    }

      at write (src/observability/safeLogger.js:178:17)

  console.info
    {
      component: 'http',
      event: 'request_completed',
      requestId: '9ccb104d-0416-49f8-94d7-3b908d2acfa4',
      methodClass: 'GET',
      durationMs: 1,
      statusCode: 401
    }

      at write (src/observability/safeLogger.js:178:17)

  console.info
    {
      component: 'http',
      event: 'request_completed',
      requestId: 'ff5d4ee9-4251-4d47-a0b6-c9c7a057ce79',
      methodClass: 'PUT',
      durationMs: 43,
      statusCode: 200
    }

      at write (src/observability/safeLogger.js:178:17)

  console.info
    {
      component: 'http',
      event: 'request_completed',
      requestId: 'a33e1e7d-8ec3-4986-a76c-a44cb5257e63',
      methodClass: 'PUT',
      durationMs: 3,
      statusCode: 200
    }

      at write (src/observability/safeLogger.js:178:17)

  console.info
    {
      component: 'http',
      event: 'request_completed',
      requestId: '20a6c86f-1446-40a7-b7c2-2850284a8efc',
      methodClass: 'PUT',
      durationMs: 2,
      statusCode: 403
    }

      at write (src/observability/safeLogger.js:178:17)

  console.info
    {
      component: 'http',
      event: 'request_completed',
      requestId: '98c5e35c-ef80-44a9-8e84-4691df334df0',
      methodClass: 'PUT',
      durationMs: 3,
      statusCode: 403
    }

      at write (src/observability/safeLogger.js:178:17)

  console.info
    {
      component: 'http',
      event: 'request_completed',
      requestId: '2c9d7349-9f98-4bbc-a048-d4ca80792810',
      methodClass: 'PUT',
      durationMs: 2,
      statusCode: 400
    }

      at write (src/observability/safeLogger.js:178:17)

  console.info
    {
      component: 'http',
      event: 'request_completed',
      requestId: 'd326c9db-c366-4c8c-90e1-d772c7a560fb',
      methodClass: 'PUT',
      durationMs: 2,
      statusCode: 400
    }

      at write (src/observability/safeLogger.js:178:17)

  console.info
    {
      component: 'http',
      event: 'request_completed',
      requestId: '622c78cf-c91c-4e4b-b539-53ff2c2d2162',
      methodClass: 'PUT',
      durationMs: 3,
      statusCode: 400
    }

      at write (src/observability/safeLogger.js:178:17)

  console.info
    {
      component: 'http',
      event: 'request_completed',
      requestId: '0bbc1138-e921-4323-b4da-99851c2e98b3',
      methodClass: 'PUT',
      durationMs: 2,
      statusCode: 400
    }

      at write (src/observability/safeLogger.js:178:17)

  console.info
    {
      component: 'http',
      event: 'request_completed',
      requestId: 'b2925fbe-fc08-4b08-90b4-3876393ea277',
      methodClass: 'PUT',
      durationMs: 2,
      statusCode: 400
    }

      at write (src/observability/safeLogger.js:178:17)

  console.info
    {
      component: 'http',
      event: 'request_completed',
      requestId: '64d2620d-43c4-437d-bc75-79c8a11a2ceb',
      methodClass: 'PUT',
      durationMs: 2,
      statusCode: 400
    }

      at write (src/observability/safeLogger.js:178:17)

  console.info
    {
      component: 'http',
      event: 'request_completed',
      requestId: '7046acba-e26f-45a0-8d08-e03bb6a893b6',
      methodClass: 'PUT',
      durationMs: 3,
      statusCode: 400
    }

      at write (src/observability/safeLogger.js:178:17)

  console.info
    {
      component: 'http',
      event: 'request_completed',
      requestId: '43bea45c-9347-4080-9502-d49c89fcd598',
      methodClass: 'PUT',
      durationMs: 2,
      statusCode: 400
    }

      at write (src/observability/safeLogger.js:178:17)

  console.info
    {
      component: 'http',
      event: 'request_completed',
      requestId: 'da444096-7787-4c35-9d19-ea27ad8c9c8b',
      methodClass: 'PUT',
      durationMs: 2,
      statusCode: 400
    }

      at write (src/observability/safeLogger.js:178:17)

  console.info
    {
      component: 'http',
      event: 'request_completed',
      requestId: '12bc7b43-bf84-4902-a13f-707a449a7164',
      methodClass: 'GET',
      durationMs: 3,
      statusCode: 200
    }

      at write (src/observability/safeLogger.js:178:17)

  console.info
    {
      component: 'http',
      event: 'request_completed',
      requestId: '7a553599-03b5-4fca-ae30-6e52f4c7577b',
      methodClass: 'PUT',
      durationMs: 7,
      statusCode: 200
    }

      at write (src/observability/safeLogger.js:178:17)

  console.log
    [DB] Migration applied: 001_initial_schema.sql

      at log (src/db.js:1312:42)

  console.log
    [DB] Migration applied: 002_seed_data.sql

      at log (src/db.js:1312:42)

  console.log
    [DB] Migration applied: 003_voice_sessions.sql

      at log (src/db.js:1312:42)

  console.log
    [DB] Migration applied: 004_canonical_persistence_v2.sql

      at log (src/db.js:1312:42)

  console.log
    [DB] Migration applied: 005_canonical_organization_authority.sql

      at log (src/db.js:1312:42)

  console.log
    [DB] Migration applied: 006_canonical_voice_sessions.sql

      at log (src/db.js:1312:42)

  console.log
    [DB] Migration applied: 007_canonical_tax_authority.sql

      at log (src/db.js:1312:42)

  console.log
    [DB] Migration applied: 008_canonical_demo_authority.sql

      at log (src/db.js:1312:42)

  console.log
    [DB] Migration applied: 009_canonical_voice_provider_identity.sql

      at log (src/db.js:1312:42)

  console.log
    [DB] Migration applied: 010_account_session_authority.sql

      at log (src/db.js:1312:42)

  console.log
    [DB] Migration applied: 011_oauth_authorization_states.sql

      at log (src/db.js:1312:42)

  console.log
    [DB] Migration applied: 012_account_verification_trial.sql

      at log (src/db.js:1312:42)

  console.log
    [DB] Migration applied: 015_workforce_authority.sql

      at log (src/db.js:1312:42)

  console.log
    [DB] Migration applied: 016_tenant_asset_catalogue.sql

      at log (src/db.js:1312:42)

  console.log
    [DB] Migration applied: 017_retell_webhook_replay_authority.sql

      at log (src/db.js:1312:42)

  console.log
    [DB] Migration applied: 018_canonical_map_preferences.sql

      at log (src/db.js:1312:42)

  console.log
    [DB] Migration applied: 019_account_email_outbox.sql

      at log (src/db.js:1312:42)

  console.log
    [DB] Migration applied: 020_canonical_workforce_access_roles.sql

      at log (src/db.js:1312:42)

  console.log
    [DB] Migration applied: 021_bounded_api_observability.sql

      at log (src/db.js:1312:42)

  console.log
    [DB] Migration applied: 022_demo_command_center_sessions.sql

      at log (src/db.js:1312:42)

  console.log
    [DB] Migration applied: 023_homepage_demo_admission.sql

      at log (src/db.js:1312:42)

  console.log
    [DB] Migration applied: 024_homepage_verified_purge_receipt.sql

      at log (src/db.js:1312:42)

  console.log
    [DB] Migration applied: 025_provider_agnostic_knowledge_registry.sql

      at log (src/db.js:1312:42)

  console.log
    [DB] Migration applied: 026_canonical_knowledge_review_publication.sql

      at log (src/db.js:1312:42)

  console.log
    [DB] Migration applied: 027_canonical_knowledge_audit_graph_authority.sql

      at log (src/db.js:1312:42)

  console.log
    [DB] Migration applied: 028_canonical_knowledge_immutable_lifecycle.sql

      at log (src/db.js:1312:42)

  console.log
    [DB] Migration applied: 029_canonical_knowledge_transactional_sync.sql

      at log (src/db.js:1312:42)

  console.log
    [DB] Migration applied: 030_canonical_knowledge_sync_revocation.sql

      at log (src/db.js:1312:42)

  console.log
    [DB] Migration applied: 031_canonical_knowledge_sync_recovery_lifecycle.sql

      at log (src/db.js:1312:42)

  console.log
    [DB] Migration applied: 032_canonical_schedule_assignment_authority.sql

      at log (src/db.js:1312:42)

  console.log
    [DB] Migration applied: 033_canonical_schedule_time_evidence.sql

      at log (src/db.js:1312:42)

  console.log
    [DB] Migration applied: 034_schedule_availability_conflict_authority.sql

      at log (src/db.js:1312:42)

  console.log
    [DB] Migration applied: 035_schedule_human_preview_approval.sql

      at log (src/db.js:1312:42)

  console.info
    {
      component: 'http',
      event: 'request_completed',
      requestId: 'f9493877-7f28-4eac-a36a-3a02bf6bff95',
      methodClass: 'GET',
      durationMs: 5,
      statusCode: 200
    }

      at write (src/observability/safeLogger.js:178:17)

  console.info
    {
      component: 'http',
      event: 'request_completed',
      requestId: 'c1988950-e7fc-49f7-89b3-72c6a72841f0',
      methodClass: 'GET',
      durationMs: 19,
      statusCode: 200
    }

      at write (src/observability/safeLogger.js:178:17)

  console.info
    {
      component: 'http',
      event: 'request_completed',
      requestId: '14780338-6f93-4dfe-9be3-3066092c592c',
      methodClass: 'GET',
      durationMs: 4,
      statusCode: 200
    }

      at write (src/observability/safeLogger.js:178:17)

  console.info
    {
      component: 'http',
      event: 'request_completed',
      requestId: '5f33fa7c-f13e-41f1-a7de-01ae19c6dabc',
      methodClass: 'GET',
      durationMs: 16,
      statusCode: 200
    }

      at write (src/observability/safeLogger.js:178:17)

  console.info
    {
      component: 'http',
      event: 'request_completed',
      requestId: '44fc2e4e-a363-43a4-844d-7af0893e94fd',
      methodClass: 'GET',
      durationMs: 3,
      statusCode: 200
    }

      at write (src/observability/safeLogger.js:178:17)

  console.info
    {
      component: 'http',
      event: 'request_completed',
      requestId: '75c7e106-bc82-449c-8f5f-e6752e1218e5',
      methodClass: 'GET',
      durationMs: 3,
      statusCode: 403
    }

      at write (src/observability/safeLogger.js:178:17)

  console.info
    {
      component: 'http',
      event: 'request_completed',
      requestId: '3564db69-2def-4eff-aff8-705f30b8e4c6',
      methodClass: 'GET',
      durationMs: 39,
      statusCode: 200
    }

      at write (src/observability/safeLogger.js:178:17)

  console.info
    {
      component: 'http',
      event: 'request_completed',
      requestId: 'b61cb33f-c587-472e-ad4f-2f183b0836de',
      methodClass: 'GET',
      durationMs: 4,
      statusCode: 403
    }

      at write (src/observability/safeLogger.js:178:17)

  console.info
    {
      component: 'http',
      event: 'request_completed',
      requestId: '09146a40-e651-4737-a89b-90ee14008373',
      methodClass: 'GET',
      durationMs: 15,
      statusCode: 200
    }

      at write (src/observability/safeLogger.js:178:17)

  console.info
    {
      component: 'http',
      event: 'request_completed',
      requestId: '07848930-f92e-42e7-9249-477c834ab54f',
      methodClass: 'GET',
      durationMs: 0,
      statusCode: 401
    }

      at write (src/observability/safeLogger.js:178:17)

  console.info
    {
      component: 'http',
      event: 'request_completed',
      requestId: '4cd8c603-6913-4ad7-8af5-7975b708a281',
      methodClass: 'GET',
      durationMs: 0,
      statusCode: 401
    }

      at write (src/observability/safeLogger.js:178:17)

  console.info
    {
      component: 'http',
      event: 'request_completed',
      requestId: 'ca73536f-d67e-49f2-8693-55d6fb255333',
      methodClass: 'GET',
      durationMs: 2,
      statusCode: 400
    }

      at write (src/observability/safeLogger.js:178:17)

  console.log
    [DB] Migration applied: 001_initial_schema.sql

      at log (src/db.js:1312:42)

  console.log
    [DB] Migration applied: 002_seed_data.sql

      at log (src/db.js:1312:42)

  console.log
    [DB] Migration applied: 003_voice_sessions.sql

      at log (src/db.js:1312:42)

  console.log
    [DB] Migration applied: 004_canonical_persistence_v2.sql

      at log (src/db.js:1312:42)

  console.log
    [DB] Migration applied: 005_canonical_organization_authority.sql

      at log (src/db.js:1312:42)

  console.log
    [DB] Migration applied: 006_canonical_voice_sessions.sql

      at log (src/db.js:1312:42)

  console.log
    [DB] Migration applied: 007_canonical_tax_authority.sql

      at log (src/db.js:1312:42)

  console.log
    [DB] Migration applied: 008_canonical_demo_authority.sql

      at log (src/db.js:1312:42)

  console.log
    [DB] Migration applied: 009_canonical_voice_provider_identity.sql

      at log (src/db.js:1312:42)

  console.log
    [DB] Migration applied: 010_account_session_authority.sql

      at log (src/db.js:1312:42)

  console.log
    [DB] Migration applied: 011_oauth_authorization_states.sql

      at log (src/db.js:1312:42)

  console.log
    [DB] Migration applied: 012_account_verification_trial.sql

      at log (src/db.js:1312:42)

  console.log
    [DB] Migration applied: 015_workforce_authority.sql

      at log (src/db.js:1312:42)

  console.log
    [DB] Migration applied: 016_tenant_asset_catalogue.sql

      at log (src/db.js:1312:42)

  console.log
    [DB] Migration applied: 017_retell_webhook_replay_authority.sql

      at log (src/db.js:1312:42)

  console.log
    [DB] Migration applied: 018_canonical_map_preferences.sql

      at log (src/db.js:1312:42)

  console.log
    [DB] Migration applied: 019_account_email_outbox.sql

      at log (src/db.js:1312:42)

  console.log
    [DB] Migration applied: 020_canonical_workforce_access_roles.sql

      at log (src/db.js:1312:42)

  console.log
    [DB] Migration applied: 021_bounded_api_observability.sql

      at log (src/db.js:1312:42)

  console.log
    [DB] Migration applied: 022_demo_command_center_sessions.sql

      at log (src/db.js:1312:42)

  console.log
    [DB] Migration applied: 023_homepage_demo_admission.sql

      at log (src/db.js:1312:42)

  console.log
    [DB] Migration applied: 024_homepage_verified_purge_receipt.sql

      at log (src/db.js:1312:42)

  console.log
    [DB] Migration applied: 025_provider_agnostic_knowledge_registry.sql

      at log (src/db.js:1312:42)

  console.log
    [DB] Migration applied: 026_canonical_knowledge_review_publication.sql

      at log (src/db.js:1312:42)

  console.log
    [DB] Migration applied: 027_canonical_knowledge_audit_graph_authority.sql

      at log (src/db.js:1312:42)

  console.log
    [DB] Migration applied: 028_canonical_knowledge_immutable_lifecycle.sql

      at log (src/db.js:1312:42)

  console.log
    [DB] Migration applied: 029_canonical_knowledge_transactional_sync.sql

      at log (src/db.js:1312:42)

  console.log
    [DB] Migration applied: 030_canonical_knowledge_sync_revocation.sql

      at log (src/db.js:1312:42)

  console.log
    [DB] Migration applied: 031_canonical_knowledge_sync_recovery_lifecycle.sql

      at log (src/db.js:1312:42)

  console.log
    [DB] Migration applied: 032_canonical_schedule_assignment_authority.sql

      at log (src/db.js:1312:42)

  console.log
    [DB] Migration applied: 033_canonical_schedule_time_evidence.sql

      at log (src/db.js:1312:42)

  console.log
    [DB] Migration applied: 034_schedule_availability_conflict_authority.sql

      at log (src/db.js:1312:42)

  console.log
    [DB] Migration applied: 035_schedule_human_preview_approval.sql

      at log (src/db.js:1312:42)

  console.info
    {
      component: 'http',
      event: 'request_completed',
      requestId: '30e81804-1309-4e5c-a277-cf0520cc4fda',
      methodClass: 'GET',
      durationMs: 6,
      statusCode: 200
    }

      at write (src/observability/safeLogger.js:178:17)

  console.info
    {
      component: 'http',
      event: 'request_completed',
      requestId: 'e20e441c-0ac7-4942-935a-9c00ac1f9c0a',
      methodClass: 'GET',
      durationMs: 3,
      statusCode: 200
    }

      at write (src/observability/safeLogger.js:178:17)

  console.info
    {
      component: 'http',
      event: 'request_completed',
      requestId: 'ca20f5eb-a48a-47da-b5e4-f5fc3daefbb7',
      methodClass: 'GET',
      durationMs: 3,
      statusCode: 200
    }

      at write (src/observability/safeLogger.js:178:17)

  console.info
    {
      component: 'http',
      event: 'request_completed',
      requestId: '3e0fff39-39e2-4f2e-999d-9ac2eebad751',
      methodClass: 'GET',
      durationMs: 1,
      statusCode: 401
    }

      at write (src/observability/safeLogger.js:178:17)

  console.info
    {
      component: 'http',
      event: 'request_completed',
      requestId: '5f308c69-6bbf-499d-a011-af5badeefa02',
      methodClass: 'GET',
      durationMs: 43,
      statusCode: 200
    }

      at write (src/observability/safeLogger.js:178:17)

  console.info
    {
      component: 'http',
      event: 'request_completed',
      requestId: 'fa6b4d2c-66b1-49fc-bdfd-f75c321eb2fa',
      methodClass: 'GET',
      durationMs: 3,
      statusCode: 200
    }

      at write (src/observability/safeLogger.js:178:17)

  console.info
    {
      component: 'http',
      event: 'request_completed',
      requestId: '7af680eb-6199-4ef5-8ef1-e1329517c990',
      methodClass: 'GET',
      durationMs: 3,
      statusCode: 200
    }

      at write (src/observability/safeLogger.js:178:17)

  console.info
    {
      component: 'http',
      event: 'request_completed',
      requestId: '07dcb911-1fa1-4726-9785-555eb5aff327',
      methodClass: 'GET',
      durationMs: 4,
      statusCode: 200
    }

      at write (src/observability/safeLogger.js:178:17)

  console.info
    {
      component: 'http',
      event: 'request_completed',
      requestId: '8c856c5c-d970-4316-88b3-82c5fba412f7',
      methodClass: 'PUT',
      durationMs: 9,
      statusCode: 200
    }

      at write (src/observability/safeLogger.js:178:17)

  console.info
    {
      component: 'http',
      event: 'request_completed',
      requestId: '6bc0695f-1282-41c0-8c92-8e8f1e18f47a',
      methodClass: 'GET',
      durationMs: 3,
      statusCode: 200
    }

      at write (src/observability/safeLogger.js:178:17)

  console.log
    [DB] Migration applied: 001_initial_schema.sql

      at log (src/db.js:1312:42)

  console.log
    [DB] Migration applied: 002_seed_data.sql

      at log (src/db.js:1312:42)

  console.log
    [DB] Migration applied: 003_voice_sessions.sql

      at log (src/db.js:1312:42)

  console.log
    [DB] Migration applied: 004_canonical_persistence_v2.sql

      at log (src/db.js:1312:42)

  console.log
    [DB] Migration applied: 005_canonical_organization_authority.sql

      at log (src/db.js:1312:42)

  console.log
    [DB] Migration applied: 006_canonical_voice_sessions.sql

      at log (src/db.js:1312:42)

  console.log
    [DB] Migration applied: 007_canonical_tax_authority.sql

      at log (src/db.js:1312:42)

  console.log
    [DB] Migration applied: 008_canonical_demo_authority.sql

      at log (src/db.js:1312:42)

  console.log
    [DB] Migration applied: 009_canonical_voice_provider_identity.sql

      at log (src/db.js:1312:42)

  console.log
    [DB] Migration applied: 010_account_session_authority.sql

      at log (src/db.js:1312:42)

  console.log
    [DB] Migration applied: 011_oauth_authorization_states.sql

      at log (src/db.js:1312:42)

  console.log
    [DB] Migration applied: 012_account_verification_trial.sql

      at log (src/db.js:1312:42)

  console.log
    [DB] Migration applied: 015_workforce_authority.sql

      at log (src/db.js:1312:42)

  console.log
    [DB] Migration applied: 016_tenant_asset_catalogue.sql

      at log (src/db.js:1312:42)

  console.log
    [DB] Migration applied: 017_retell_webhook_replay_authority.sql

      at log (src/db.js:1312:42)

  console.log
    [DB] Migration applied: 018_canonical_map_preferences.sql

      at log (src/db.js:1312:42)

  console.log
    [DB] Migration applied: 019_account_email_outbox.sql

      at log (src/db.js:1312:42)

  console.log
    [DB] Migration applied: 020_canonical_workforce_access_roles.sql

      at log (src/db.js:1312:42)

  console.log
    [DB] Migration applied: 021_bounded_api_observability.sql

      at log (src/db.js:1312:42)

  console.log
    [DB] Migration applied: 022_demo_command_center_sessions.sql

      at log (src/db.js:1312:42)

  console.log
    [DB] Migration applied: 023_homepage_demo_admission.sql

      at log (src/db.js:1312:42)

  console.log
    [DB] Migration applied: 024_homepage_verified_purge_receipt.sql

      at log (src/db.js:1312:42)

  console.log
    [DB] Migration applied: 025_provider_agnostic_knowledge_registry.sql

      at log (src/db.js:1312:42)

  console.log
    [DB] Migration applied: 026_canonical_knowledge_review_publication.sql

      at log (src/db.js:1312:42)

  console.log
    [DB] Migration applied: 027_canonical_knowledge_audit_graph_authority.sql

      at log (src/db.js:1312:42)

  console.log
    [DB] Migration applied: 028_canonical_knowledge_immutable_lifecycle.sql

      at log (src/db.js:1312:42)

  console.log
    [DB] Migration applied: 029_canonical_knowledge_transactional_sync.sql

      at log (src/db.js:1312:42)

  console.log
    [DB] Migration applied: 030_canonical_knowledge_sync_revocation.sql

      at log (src/db.js:1312:42)

  console.log
    [DB] Migration applied: 031_canonical_knowledge_sync_recovery_lifecycle.sql

      at log (src/db.js:1312:42)

  console.log
    [DB] Migration applied: 032_canonical_schedule_assignment_authority.sql

      at log (src/db.js:1312:42)

  console.log
    [DB] Migration applied: 033_canonical_schedule_time_evidence.sql

      at log (src/db.js:1312:42)

  console.log
    [DB] Migration applied: 034_schedule_availability_conflict_authority.sql

      at log (src/db.js:1312:42)

  console.log
    [DB] Migration applied: 035_schedule_human_preview_approval.sql

      at log (src/db.js:1312:42)

  console.info
    {
      component: 'http',
      event: 'request_completed',
      requestId: '43fef6e4-1dbe-4bad-b600-4cf2aefb909e',
      methodClass: 'GET',
      durationMs: 6,
      statusCode: 200
    }

      at write (src/observability/safeLogger.js:178:17)

  console.info
    {
      component: 'http',
      event: 'request_completed',
      requestId: '7974dc55-19a5-4741-9eb2-12efc3da2339',
      methodClass: 'PUT',
      durationMs: 8,
      statusCode: 200
    }

      at write (src/observability/safeLogger.js:178:17)

  console.info
    {
      component: 'http',
      event: 'request_completed',
      requestId: '4dfa76bb-b8f5-4ae0-97ba-62b77771b8e5',
      methodClass: 'PUT',
      durationMs: 45,
      statusCode: 200
    }

      at write (src/observability/safeLogger.js:178:17)

  console.info
    {
      component: 'http',
      event: 'request_completed',
      requestId: '7013e6a3-e770-400c-9a6e-1f721b43e9c1',
      methodClass: 'PUT',
      durationMs: 3,
      statusCode: 403
    }

      at write (src/observability/safeLogger.js:178:17)

  console.info
    {
      component: 'http',
      event: 'request_completed',
      requestId: '305d1869-6434-429f-a2b3-9dc859a5bef4',
      methodClass: 'PUT',
      durationMs: 3,
      statusCode: 400
    }

      at write (src/observability/safeLogger.js:178:17)

  console.info
    {
      component: 'http',
      event: 'request_completed',
      requestId: 'e9c1d523-2f70-495d-afe1-2f9f398d4ea6',
      methodClass: 'PUT',
      durationMs: 3,
      statusCode: 400
    }

      at write (src/observability/safeLogger.js:178:17)

  console.info
    {
      component: 'http',
      event: 'request_completed',
      requestId: '05d345ff-bf6d-413d-86e0-5329316a734d',
      methodClass: 'PUT',
      durationMs: 2,
      statusCode: 400
    }

      at write (src/observability/safeLogger.js:178:17)

  console.info
    {
      component: 'http',
      event: 'request_completed',
      requestId: 'a57bdeb9-0273-4265-a2dd-dcf4716c931b',
      methodClass: 'PUT',
      durationMs: 3,
      statusCode: 400
    }

      at write (src/observability/safeLogger.js:178:17)

  console.info
    {
      component: 'http',
      event: 'request_completed',
      requestId: 'a83c6090-3bc7-4b3a-acc9-1fdfb1f869e8',
      methodClass: 'POST',
      durationMs: 2,
      statusCode: 403
    }

      at write (src/observability/safeLogger.js:178:17)

  console.info
    {
      component: 'retell',
      event: 'create_call_prepared',
      variableCount: 20
    }

      at write (src/observability/safeLogger.js:178:17)

  console.info
    {
      component: 'retell',
      event: 'request_started',
      methodClass: 'POST',
      attempt: 1
    }

      at write (src/observability/safeLogger.js:178:17)

  console.info
    {
      component: 'retell',
      event: 'response_received',
      attempt: 1,
      statusCode: 200
    }

      at write (src/observability/safeLogger.js:178:17)

  console.info
    {
      component: 'retell',
      event: 'create_call_succeeded',
      attempt: 1,
      maxAttempts: 3
    }

      at write (src/observability/safeLogger.js:178:17)

  console.info
    {
      component: 'http',
      event: 'request_completed',
      requestId: 'c47a7c7b-0b90-4e5c-962f-ace124b1ad7f',
      methodClass: 'POST',
      durationMs: 15,
      statusCode: 200
    }

      at write (src/observability/safeLogger.js:178:17)

  console.log
    [DB] Migration applied: 001_initial_schema.sql

      at log (src/db.js:1312:42)

  console.log
    [DB] Migration applied: 002_seed_data.sql

      at log (src/db.js:1312:42)

  console.log
    [DB] Migration applied: 003_voice_sessions.sql

      at log (src/db.js:1312:42)

  console.log
    [DB] Migration applied: 004_canonical_persistence_v2.sql

      at log (src/db.js:1312:42)

  console.log
    [DB] Migration applied: 005_canonical_organization_authority.sql

      at log (src/db.js:1312:42)

  console.log
    [DB] Migration applied: 006_canonical_voice_sessions.sql

      at log (src/db.js:1312:42)

  console.log
    [DB] Migration applied: 007_canonical_tax_authority.sql

      at log (src/db.js:1312:42)

  console.log
    [DB] Migration applied: 008_canonical_demo_authority.sql

      at log (src/db.js:1312:42)

  console.log
    [DB] Migration applied: 009_canonical_voice_provider_identity.sql

      at log (src/db.js:1312:42)

  console.log
    [DB] Migration applied: 010_account_session_authority.sql

      at log (src/db.js:1312:42)

  console.log
    [DB] Migration applied: 011_oauth_authorization_states.sql

      at log (src/db.js:1312:42)

  console.log
    [DB] Migration applied: 012_account_verification_trial.sql

      at log (src/db.js:1312:42)

  console.log
    [DB] Migration applied: 015_workforce_authority.sql

      at log (src/db.js:1312:42)

  console.log
    [DB] Migration applied: 016_tenant_asset_catalogue.sql

      at log (src/db.js:1312:42)

  console.log
    [DB] Migration applied: 017_retell_webhook_replay_authority.sql

      at log (src/db.js:1312:42)

  console.log
    [DB] Migration applied: 018_canonical_map_preferences.sql

      at log (src/db.js:1312:42)

  console.log
    [DB] Migration applied: 019_account_email_outbox.sql

      at log (src/db.js:1312:42)

  console.log
    [DB] Migration applied: 020_canonical_workforce_access_roles.sql

      at log (src/db.js:1312:42)

  console.log
    [DB] Migration applied: 021_bounded_api_observability.sql

      at log (src/db.js:1312:42)

  console.log
    [DB] Migration applied: 022_demo_command_center_sessions.sql

      at log (src/db.js:1312:42)

  console.log
    [DB] Migration applied: 023_homepage_demo_admission.sql

      at log (src/db.js:1312:42)

  console.log
    [DB] Migration applied: 024_homepage_verified_purge_receipt.sql

      at log (src/db.js:1312:42)

  console.log
    [DB] Migration applied: 025_provider_agnostic_knowledge_registry.sql

      at log (src/db.js:1312:42)

  console.log
    [DB] Migration applied: 026_canonical_knowledge_review_publication.sql

      at log (src/db.js:1312:42)

  console.log
    [DB] Migration applied: 027_canonical_knowledge_audit_graph_authority.sql

      at log (src/db.js:1312:42)

  console.log
    [DB] Migration applied: 028_canonical_knowledge_immutable_lifecycle.sql

      at log (src/db.js:1312:42)

  console.log
    [DB] Migration applied: 029_canonical_knowledge_transactional_sync.sql

      at log (src/db.js:1312:42)

  console.log
    [DB] Migration applied: 030_canonical_knowledge_sync_revocation.sql

      at log (src/db.js:1312:42)

  console.log
    [DB] Migration applied: 031_canonical_knowledge_sync_recovery_lifecycle.sql

      at log (src/db.js:1312:42)

  console.log
    [DB] Migration applied: 032_canonical_schedule_assignment_authority.sql

      at log (src/db.js:1312:42)

  console.log
    [DB] Migration applied: 033_canonical_schedule_time_evidence.sql

      at log (src/db.js:1312:42)

  console.log
    [DB] Migration applied: 034_schedule_availability_conflict_authority.sql

      at log (src/db.js:1312:42)

  console.log
    [DB] Migration applied: 035_schedule_human_preview_approval.sql

      at log (src/db.js:1312:42)

  console.info
    {
      component: 'http',
      event: 'request_completed',
      requestId: '7594bae2-4cfa-4a62-93e2-5f842d7a877b',
      methodClass: 'GET',
      durationMs: 5,
      statusCode: 200
    }

      at write (src/observability/safeLogger.js:178:17)

  console.info
    {
      component: 'http',
      event: 'request_completed',
      requestId: '71f3b67f-2a1b-45e7-b0bd-71b729be912a',
      methodClass: 'GET',
      durationMs: 3,
      statusCode: 200
    }

      at write (src/observability/safeLogger.js:178:17)

  console.info
    {
      component: 'http',
      event: 'request_completed',
      requestId: '2ebc90b6-5233-4cd0-aea1-49d04023e18a',
      methodClass: 'GET',
      durationMs: 3,
      statusCode: 200
    }

      at write (src/observability/safeLogger.js:178:17)

  console.info
    {
      component: 'http',
      event: 'request_completed',
      requestId: '672c1a25-096a-4092-aa40-821c41e255ce',
      methodClass: 'GET',
      durationMs: 3,
      statusCode: 200
    }

      at write (src/observability/safeLogger.js:178:17)

  console.info
    {
      component: 'http',
      event: 'request_completed',
      requestId: 'eb944506-d34a-44af-ae4d-1c67b27d54a6',
      methodClass: 'GET',
      durationMs: 3,
      statusCode: 200
    }

      at write (src/observability/safeLogger.js:178:17)

  console.info
    {
      component: 'http',
      event: 'request_completed',
      requestId: '620db431-2137-4ae0-95de-f05c8b4715c2',
      methodClass: 'GET',
      durationMs: 0,
      statusCode: 401
    }

      at write (src/observability/safeLogger.js:178:17)

  console.info
    {
      component: 'http',
      event: 'request_completed',
      requestId: 'd7e72549-3d6d-4a5d-a309-75f24cb04d48',
      methodClass: 'GET',
      durationMs: 41,
      statusCode: 200
    }

      at write (src/observability/safeLogger.js:178:17)

  console.info
    {
      component: 'http',
      event: 'request_completed',
      requestId: '513214cd-fed9-47bf-84f1-e7fdd2386bcd',
      methodClass: 'GET',
      durationMs: 2,
      statusCode: 200
    }

      at write (src/observability/safeLogger.js:178:17)

  console.log
    [DB] Migration applied: 001_initial_schema.sql

      at Object.log [as runMigrations] (src/db.js:1312:42)

  console.log
    [DB] Migration applied: 002_seed_data.sql

      at Object.log [as runMigrations] (src/db.js:1312:42)

  console.log
    [DB] Migration applied: 003_voice_sessions.sql

      at Object.log [as runMigrations] (src/db.js:1312:42)

  console.log
    [DB] Migration applied: 004_canonical_persistence_v2.sql

      at Object.log [as runMigrations] (src/db.js:1312:42)

  console.log
    [DB] Migration applied: 005_canonical_organization_authority.sql

      at Object.log [as runMigrations] (src/db.js:1312:42)

  console.log
    [DB] Migration applied: 006_canonical_voice_sessions.sql

      at Object.log [as runMigrations] (src/db.js:1312:42)

  console.log
    [DB] Migration applied: 007_canonical_tax_authority.sql

      at Object.log [as runMigrations] (src/db.js:1312:42)

  console.log
    [DB] Migration applied: 008_canonical_demo_authority.sql

      at Object.log [as runMigrations] (src/db.js:1312:42)

  console.log
    [DB] Migration applied: 009_canonical_voice_provider_identity.sql

      at Object.log [as runMigrations] (src/db.js:1312:42)

  console.log
    [DB] Migration applied: 010_account_session_authority.sql

      at Object.log [as runMigrations] (src/db.js:1312:42)

  console.log
    [DB] Migration applied: 011_oauth_authorization_states.sql

      at Object.log [as runMigrations] (src/db.js:1312:42)

  console.log
    [DB] Migration applied: 012_account_verification_trial.sql

      at Object.log [as runMigrations] (src/db.js:1312:42)

  console.log
    [DB] Migration applied: 016_tenant_asset_catalogue.sql

      at Object.log [as runMigrations] (src/db.js:1312:42)

  console.log
    [DB] Migration applied: 017_retell_webhook_replay_authority.sql

      at Object.log [as runMigrations] (src/db.js:1312:42)

  console.log
    [DB] Migration applied: 018_canonical_map_preferences.sql

      at Object.log [as runMigrations] (src/db.js:1312:42)

  console.log
    [DB] Migration applied: 019_account_email_outbox.sql

      at Object.log [as runMigrations] (src/db.js:1312:42)

  console.log
    [DB] Migration applied: 021_bounded_api_observability.sql

      at Object.log [as runMigrations] (src/db.js:1312:42)

  console.log
    [DB] Migration applied: 022_demo_command_center_sessions.sql

      at Object.log [as runMigrations] (src/db.js:1312:42)

  console.log
    [DB] Migration applied: 023_homepage_demo_admission.sql

      at Object.log [as runMigrations] (src/db.js:1312:42)

  console.log
    [DB] Migration applied: 024_homepage_verified_purge_receipt.sql

      at Object.log [as runMigrations] (src/db.js:1312:42)

  console.log
    [DB] Migration applied: 025_provider_agnostic_knowledge_registry.sql

      at Object.log [as runMigrations] (src/db.js:1312:42)

  console.log
    [DB] Migration applied: 026_canonical_knowledge_review_publication.sql

      at Object.log [as runMigrations] (src/db.js:1312:42)

  console.log
    [DB] Migration applied: 027_canonical_knowledge_audit_graph_authority.sql

      at Object.log [as runMigrations] (src/db.js:1312:42)

  console.log
    [DB] Migration applied: 028_canonical_knowledge_immutable_lifecycle.sql

      at Object.log [as runMigrations] (src/db.js:1312:42)

  console.log
    [DB] Migration applied: 029_canonical_knowledge_transactional_sync.sql

      at Object.log [as runMigrations] (src/db.js:1312:42)

  console.log
    [DB] Migration applied: 030_canonical_knowledge_sync_revocation.sql

      at Object.log [as runMigrations] (src/db.js:1312:42)

  console.log
    [DB] Migration applied: 031_canonical_knowledge_sync_recovery_lifecycle.sql

      at Object.log [as runMigrations] (src/db.js:1312:42)

  console.log
    [DB] Migration applied: 015_workforce_authority.sql

      at Object.log [as runMigrations] (src/db.js:1312:42)

  console.log
    [DB] Migration applied: 020_canonical_workforce_access_roles.sql

      at Object.log [as runMigrations] (src/db.js:1312:42)

  console.log
    [DB] Migration applied: 032_canonical_schedule_assignment_authority.sql

      at Object.log [as runMigrations] (src/db.js:1312:42)

  console.log
    [DB] Migration applied: 033_canonical_schedule_time_evidence.sql

      at Object.log [as runMigrations] (src/db.js:1312:42)

  console.log
    [DB] Migration applied: 034_schedule_availability_conflict_authority.sql

      at Object.log [as runMigrations] (src/db.js:1312:42)

  console.log
    [DB] Migration applied: 035_schedule_human_preview_approval.sql

      at Object.log [as runMigrations] (src/db.js:1312:42)

  console.log
    [DB] Migration applied: 001_initial_schema.sql

      at Object.log [as runMigrations] (src/db.js:1312:42)

  console.log
    [DB] Migration applied: 002_seed_data.sql

      at Object.log [as runMigrations] (src/db.js:1312:42)

  console.log
    [DB] Migration applied: 003_voice_sessions.sql

      at Object.log [as runMigrations] (src/db.js:1312:42)

  console.log
    [DB] Migration applied: 004_canonical_persistence_v2.sql

      at Object.log [as runMigrations] (src/db.js:1312:42)

  console.log
    [DB] Migration applied: 005_canonical_organization_authority.sql

      at Object.log [as runMigrations] (src/db.js:1312:42)

  console.log
    [DB] Migration applied: 006_canonical_voice_sessions.sql

      at Object.log [as runMigrations] (src/db.js:1312:42)

  console.log
    [DB] Migration applied: 007_canonical_tax_authority.sql

      at Object.log [as runMigrations] (src/db.js:1312:42)

  console.log
    [DB] Migration applied: 008_canonical_demo_authority.sql

      at Object.log [as runMigrations] (src/db.js:1312:42)

  console.log
    [DB] Migration applied: 009_canonical_voice_provider_identity.sql

      at Object.log [as runMigrations] (src/db.js:1312:42)

  console.log
    [DB] Migration applied: 010_account_session_authority.sql

      at Object.log [as runMigrations] (src/db.js:1312:42)

  console.log
    [DB] Migration applied: 011_oauth_authorization_states.sql

      at Object.log [as runMigrations] (src/db.js:1312:42)

  console.log
    [DB] Migration applied: 012_account_verification_trial.sql

      at Object.log [as runMigrations] (src/db.js:1312:42)

  console.log
    [DB] Migration applied: 015_workforce_authority.sql

      at Object.log [as runMigrations] (src/db.js:1312:42)

  console.log
    [DB] Migration applied: 017_retell_webhook_replay_authority.sql

      at Object.log [as runMigrations] (src/db.js:1312:42)

  console.log
    [DB] Migration applied: 018_canonical_map_preferences.sql

      at Object.log [as runMigrations] (src/db.js:1312:42)

  console.log
    [DB] Migration applied: 019_account_email_outbox.sql

      at Object.log [as runMigrations] (src/db.js:1312:42)

  console.log
    [DB] Migration applied: 020_canonical_workforce_access_roles.sql

      at Object.log [as runMigrations] (src/db.js:1312:42)

  console.log
    [DB] Migration applied: 021_bounded_api_observability.sql

      at Object.log [as runMigrations] (src/db.js:1312:42)

  console.log
    [DB] Migration applied: 022_demo_command_center_sessions.sql

      at Object.log [as runMigrations] (src/db.js:1312:42)

  console.log
    [DB] Migration applied: 023_homepage_demo_admission.sql

      at Object.log [as runMigrations] (src/db.js:1312:42)

  console.log
    [DB] Migration applied: 024_homepage_verified_purge_receipt.sql

      at Object.log [as runMigrations] (src/db.js:1312:42)

  console.log
    [DB] Migration applied: 025_provider_agnostic_knowledge_registry.sql

      at Object.log [as runMigrations] (src/db.js:1312:42)

  console.log
    [DB] Migration applied: 026_canonical_knowledge_review_publication.sql

      at Object.log [as runMigrations] (src/db.js:1312:42)

  console.log
    [DB] Migration applied: 027_canonical_knowledge_audit_graph_authority.sql

      at Object.log [as runMigrations] (src/db.js:1312:42)

  console.log
    [DB] Migration applied: 028_canonical_knowledge_immutable_lifecycle.sql

      at Object.log [as runMigrations] (src/db.js:1312:42)

  console.log
    [DB] Migration applied: 029_canonical_knowledge_transactional_sync.sql

      at Object.log [as runMigrations] (src/db.js:1312:42)

  console.log
    [DB] Migration applied: 030_canonical_knowledge_sync_revocation.sql

      at Object.log [as runMigrations] (src/db.js:1312:42)

  console.log
    [DB] Migration applied: 031_canonical_knowledge_sync_recovery_lifecycle.sql

      at Object.log [as runMigrations] (src/db.js:1312:42)

  console.log
    [DB] Migration applied: 032_canonical_schedule_assignment_authority.sql

      at Object.log [as runMigrations] (src/db.js:1312:42)

  console.log
    [DB] Migration applied: 033_canonical_schedule_time_evidence.sql

      at Object.log [as runMigrations] (src/db.js:1312:42)

  console.log
    [DB] Migration applied: 034_schedule_availability_conflict_authority.sql

      at Object.log [as runMigrations] (src/db.js:1312:42)

  console.log
    [DB] Migration applied: 035_schedule_human_preview_approval.sql

      at Object.log [as runMigrations] (src/db.js:1312:42)

  console.log
    [DB] Migration applied: 016_tenant_asset_catalogue.sql

      at Object.log [as runMigrations] (src/db.js:1312:42)

  console.log
    [DB] Migration applied: 001_initial_schema.sql

      at Object.log [as runMigrations] (src/db.js:1312:42)

  console.log
    [DB] Migration applied: 002_seed_data.sql

      at Object.log [as runMigrations] (src/db.js:1312:42)

  console.log
    [DB] Migration applied: 003_voice_sessions.sql

      at Object.log [as runMigrations] (src/db.js:1312:42)

  console.log
    [DB] Migration applied: 004_canonical_persistence_v2.sql

      at Object.log [as runMigrations] (src/db.js:1312:42)

  console.log
    [DB] Migration applied: 005_canonical_organization_authority.sql

      at Object.log [as runMigrations] (src/db.js:1312:42)

  console.log
    [DB] Migration applied: 006_canonical_voice_sessions.sql

      at Object.log [as runMigrations] (src/db.js:1312:42)

  console.log
    [DB] Migration applied: 007_canonical_tax_authority.sql

      at Object.log [as runMigrations] (src/db.js:1312:42)

  console.log
    [DB] Migration applied: 008_canonical_demo_authority.sql

      at Object.log [as runMigrations] (src/db.js:1312:42)

  console.log
    [DB] Migration applied: 009_canonical_voice_provider_identity.sql

      at Object.log [as runMigrations] (src/db.js:1312:42)

  console.log
    [DB] Migration applied: 010_account_session_authority.sql

      at Object.log [as runMigrations] (src/db.js:1312:42)

  console.log
    [DB] Migration applied: 011_oauth_authorization_states.sql

      at Object.log [as runMigrations] (src/db.js:1312:42)

  console.log
    [DB] Migration applied: 012_account_verification_trial.sql

      at Object.log [as runMigrations] (src/db.js:1312:42)

  console.log
    [DB] Migration applied: 015_workforce_authority.sql

      at Object.log [as runMigrations] (src/db.js:1312:42)

  console.log
    [DB] Migration applied: 016_tenant_asset_catalogue.sql

      at Object.log [as runMigrations] (src/db.js:1312:42)

  console.log
    [DB] Migration applied: 017_retell_webhook_replay_authority.sql

      at Object.log [as runMigrations] (src/db.js:1312:42)

  console.log
    [DB] Migration applied: 018_canonical_map_preferences.sql

      at Object.log [as runMigrations] (src/db.js:1312:42)

  console.log
    [DB] Migration applied: 019_account_email_outbox.sql

      at Object.log [as runMigrations] (src/db.js:1312:42)

  console.log
    [DB] Migration applied: 020_canonical_workforce_access_roles.sql

      at Object.log [as runMigrations] (src/db.js:1312:42)

  console.log
    [DB] Migration applied: 021_bounded_api_observability.sql

      at Object.log [as runMigrations] (src/db.js:1312:42)

  console.log
    [DB] Migration applied: 022_demo_command_center_sessions.sql

      at Object.log [as runMigrations] (src/db.js:1312:42)

  console.log
    [DB] Migration applied: 023_homepage_demo_admission.sql

      at Object.log [as runMigrations] (src/db.js:1312:42)

  console.log
    [DB] Migration applied: 025_provider_agnostic_knowledge_registry.sql

      at Object.log [as runMigrations] (src/db.js:1312:42)

  console.log
    [DB] Migration applied: 026_canonical_knowledge_review_publication.sql

      at Object.log [as runMigrations] (src/db.js:1312:42)

  console.log
    [DB] Migration applied: 027_canonical_knowledge_audit_graph_authority.sql

      at Object.log [as runMigrations] (src/db.js:1312:42)

  console.log
    [DB] Migration applied: 028_canonical_knowledge_immutable_lifecycle.sql

      at Object.log [as runMigrations] (src/db.js:1312:42)

  console.log
    [DB] Migration applied: 029_canonical_knowledge_transactional_sync.sql

      at Object.log [as runMigrations] (src/db.js:1312:42)

  console.log
    [DB] Migration applied: 030_canonical_knowledge_sync_revocation.sql

      at Object.log [as runMigrations] (src/db.js:1312:42)

  console.log
    [DB] Migration applied: 031_canonical_knowledge_sync_recovery_lifecycle.sql

      at Object.log [as runMigrations] (src/db.js:1312:42)

  console.log
    [DB] Migration applied: 032_canonical_schedule_assignment_authority.sql

      at Object.log [as runMigrations] (src/db.js:1312:42)

  console.log
    [DB] Migration applied: 033_canonical_schedule_time_evidence.sql

      at Object.log [as runMigrations] (src/db.js:1312:42)

  console.log
    [DB] Migration applied: 034_schedule_availability_conflict_authority.sql

      at Object.log [as runMigrations] (src/db.js:1312:42)

  console.log
    [DB] Migration applied: 035_schedule_human_preview_approval.sql

      at Object.log [as runMigrations] (src/db.js:1312:42)

  console.log
    [DB] Migration applied: 024_homepage_verified_purge_receipt.sql

      at Object.log [as runMigrations] (src/db.js:1312:42)

  console.log
    [DB] Migration applied: 001_initial_schema.sql

      at log (src/db.js:1312:42)

  console.log
    [DB] Migration applied: 002_seed_data.sql

      at log (src/db.js:1312:42)

  console.log
    [DB] Migration applied: 003_voice_sessions.sql

      at log (src/db.js:1312:42)

  console.log
    [DB] Migration applied: 004_canonical_persistence_v2.sql

      at log (src/db.js:1312:42)

  console.log
    [DB] Migration applied: 005_canonical_organization_authority.sql

      at log (src/db.js:1312:42)

  console.log
    [DB] Migration applied: 006_canonical_voice_sessions.sql

      at log (src/db.js:1312:42)

  console.log
    [DB] Migration applied: 007_canonical_tax_authority.sql

      at log (src/db.js:1312:42)

  console.log
    [DB] Migration applied: 008_canonical_demo_authority.sql

      at log (src/db.js:1312:42)

  console.log
    [DB] Migration applied: 009_canonical_voice_provider_identity.sql

      at log (src/db.js:1312:42)

  console.log
    [DB] Migration applied: 010_account_session_authority.sql

      at log (src/db.js:1312:42)

  console.log
    [DB] Migration applied: 011_oauth_authorization_states.sql

      at log (src/db.js:1312:42)

  console.log
    [DB] Migration applied: 012_account_verification_trial.sql

      at log (src/db.js:1312:42)

  console.log
    [DB] Migration applied: 015_workforce_authority.sql

      at log (src/db.js:1312:42)

  console.log
    [DB] Migration applied: 016_tenant_asset_catalogue.sql

      at log (src/db.js:1312:42)

  console.log
    [DB] Migration applied: 017_retell_webhook_replay_authority.sql

      at log (src/db.js:1312:42)

  console.log
    [DB] Migration applied: 018_canonical_map_preferences.sql

      at log (src/db.js:1312:42)

  console.log
    [DB] Migration applied: 019_account_email_outbox.sql

      at log (src/db.js:1312:42)

  console.log
    [DB] Migration applied: 020_canonical_workforce_access_roles.sql

      at log (src/db.js:1312:42)

  console.log
    [DB] Migration applied: 021_bounded_api_observability.sql

      at log (src/db.js:1312:42)

  console.log
    [DB] Migration applied: 022_demo_command_center_sessions.sql

      at log (src/db.js:1312:42)

  console.log
    [DB] Migration applied: 023_homepage_demo_admission.sql

      at log (src/db.js:1312:42)

  console.log
    [DB] Migration applied: 024_homepage_verified_purge_receipt.sql

      at log (src/db.js:1312:42)

  console.log
    [DB] Migration applied: 025_provider_agnostic_knowledge_registry.sql

      at log (src/db.js:1312:42)

  console.log
    [DB] Migration applied: 026_canonical_knowledge_review_publication.sql

      at log (src/db.js:1312:42)

  console.log
    [DB] Migration applied: 027_canonical_knowledge_audit_graph_authority.sql

      at log (src/db.js:1312:42)

  console.log
    [DB] Migration applied: 028_canonical_knowledge_immutable_lifecycle.sql

      at log (src/db.js:1312:42)

  console.log
    [DB] Migration applied: 029_canonical_knowledge_transactional_sync.sql

      at log (src/db.js:1312:42)

  console.log
    [DB] Migration applied: 030_canonical_knowledge_sync_revocation.sql

      at log (src/db.js:1312:42)

  console.log
    [DB] Migration applied: 031_canonical_knowledge_sync_recovery_lifecycle.sql

      at log (src/db.js:1312:42)

  console.log
    [DB] Migration applied: 032_canonical_schedule_assignment_authority.sql

      at log (src/db.js:1312:42)

  console.log
    [DB] Migration applied: 033_canonical_schedule_time_evidence.sql

      at log (src/db.js:1312:42)

  console.log
    [DB] Migration applied: 034_schedule_availability_conflict_authority.sql

      at log (src/db.js:1312:42)

  console.log
    [DB] Migration applied: 035_schedule_human_preview_approval.sql

      at log (src/db.js:1312:42)

  console.log
    [DB] Migration applied: 001_initial_schema.sql

      at Object.log [as runMigrations] (src/db.js:1312:42)

  console.log
    [DB] Migration applied: 002_seed_data.sql

      at Object.log [as runMigrations] (src/db.js:1312:42)

  console.log
    [DB] Migration applied: 003_voice_sessions.sql

      at Object.log [as runMigrations] (src/db.js:1312:42)

  console.log
    [DB] Migration applied: 004_canonical_persistence_v2.sql

      at Object.log [as runMigrations] (src/db.js:1312:42)

  console.log
    [DB] Migration applied: 005_canonical_organization_authority.sql

      at Object.log [as runMigrations] (src/db.js:1312:42)

  console.log
    [DB] Migration applied: 006_canonical_voice_sessions.sql

      at Object.log [as runMigrations] (src/db.js:1312:42)

  console.log
    [DB] Migration applied: 007_canonical_tax_authority.sql

      at Object.log [as runMigrations] (src/db.js:1312:42)

  console.log
    [DB] Migration applied: 008_canonical_demo_authority.sql

      at Object.log [as runMigrations] (src/db.js:1312:42)

  console.log
    [DB] Migration applied: 009_canonical_voice_provider_identity.sql

      at Object.log [as runMigrations] (src/db.js:1312:42)

  console.log
    [DB] Migration applied: 010_account_session_authority.sql

      at Object.log [as runMigrations] (src/db.js:1312:42)

  console.log
    [DB] Migration applied: 011_oauth_authorization_states.sql

      at Object.log [as runMigrations] (src/db.js:1312:42)

  console.log
    [DB] Migration applied: 012_account_verification_trial.sql

      at Object.log [as runMigrations] (src/db.js:1312:42)

  console.log
    [DB] Migration applied: 015_workforce_authority.sql

      at Object.log [as runMigrations] (src/db.js:1312:42)

  console.log
    [DB] Migration applied: 016_tenant_asset_catalogue.sql

      at Object.log [as runMigrations] (src/db.js:1312:42)

  console.log
    [DB] Migration applied: 017_retell_webhook_replay_authority.sql

      at Object.log [as runMigrations] (src/db.js:1312:42)

  console.log
    [DB] Migration applied: 018_canonical_map_preferences.sql

      at Object.log [as runMigrations] (src/db.js:1312:42)

  console.log
    [DB] Migration applied: 019_account_email_outbox.sql

      at Object.log [as runMigrations] (src/db.js:1312:42)

  console.log
    [DB] Migration applied: 020_canonical_workforce_access_roles.sql

      at Object.log [as runMigrations] (src/db.js:1312:42)

  console.log
    [DB] Migration applied: 021_bounded_api_observability.sql

      at Object.log [as runMigrations] (src/db.js:1312:42)

  console.log
    [DB] Migration applied: 022_demo_command_center_sessions.sql

      at Object.log [as runMigrations] (src/db.js:1312:42)

  console.log
    [DB] Migration applied: 023_homepage_demo_admission.sql

      at Object.log [as runMigrations] (src/db.js:1312:42)

  console.log
    [DB] Migration applied: 024_homepage_verified_purge_receipt.sql

      at Object.log [as runMigrations] (src/db.js:1312:42)

  console.log
    [DB] Migration applied: 025_provider_agnostic_knowledge_registry.sql

      at Object.log [as runMigrations] (src/db.js:1312:42)

  console.info
    {
      component: 'http',
      event: 'request_completed',
      requestId: 'be96e141-692d-4411-a6d5-d39e5137fcc8',
      methodClass: 'GET',
      durationMs: 1,
      statusCode: 503
    }

      at write (src/observability/safeLogger.js:178:17)

  console.info
    {
      component: 'http',
      event: 'request_completed',
      requestId: '29fb3450-1672-4451-8897-f19c30446375',
      methodClass: 'GET',
      durationMs: 1,
      statusCode: 410
    }

      at write (src/observability/safeLogger.js:178:17)

  console.info
    {
      component: 'http',
      event: 'request_completed',
      requestId: 'b7c707da-60bf-4d4a-8345-48a10748eb28',
      methodClass: 'GET',
      durationMs: 1,
      statusCode: 401
    }

      at write (src/observability/safeLogger.js:178:17)

  console.info
    {
      component: 'http',
      event: 'request_completed',
      requestId: 'aa1541b9-bf9f-470d-8bbd-d6712d80e63b',
      methodClass: 'POST',
      durationMs: 0,
      statusCode: 401
    }

      at write (src/observability/safeLogger.js:178:17)

  console.info
    {
      component: 'http',
      event: 'request_completed',
      requestId: '7c320c51-1b54-4a2c-a0bf-5fe8648af53e',
      methodClass: 'GET',
      durationMs: 1,
      statusCode: 503
    }

      at write (src/observability/safeLogger.js:178:17)

  console.info
    {
      component: 'http',
      event: 'request_completed',
      requestId: 'b7cb3cfb-402c-405a-8d33-1694645c5e18',
      methodClass: 'GET',
      durationMs: 1,
      statusCode: 401
    }

      at write (src/observability/safeLogger.js:178:17)

  console.info
    {
      component: 'http',
      event: 'request_completed',
      requestId: '2915e5be-24fc-43e6-a4b1-4dab4cb9d8e8',
      methodClass: 'GET',
      durationMs: 1,
      statusCode: 503
    }

      at write (src/observability/safeLogger.js:178:17)

  console.info
    {
      component: 'http',
      event: 'request_completed',
      requestId: 'f686984a-6f8c-484b-9af8-5ad3178425a9',
      methodClass: 'GET',
      durationMs: 0,
      statusCode: 401
    }

      at write (src/observability/safeLogger.js:178:17)

  console.info
    {
      component: 'http',
      event: 'request_completed',
      requestId: '384237b2-e64d-4407-bc81-9427a0e0295a',
      methodClass: 'GET',
      durationMs: 0,
      statusCode: 410
    }

      at write (src/observability/safeLogger.js:178:17)

  console.info
    {
      component: 'http',
      event: 'request_completed',
      requestId: '3e5a6d34-d942-40c8-95e7-3bbbccf9dc6a',
      methodClass: 'GET',
      durationMs: 0,
      statusCode: 503
    }

      at write (src/observability/safeLogger.js:178:17)

  console.info
    {
      component: 'http',
      event: 'request_completed',
      requestId: 'bd4cfc7b-8eef-44fd-b7fd-c4c8aa3d3bcf',
      methodClass: 'POST',
      durationMs: 0,
      statusCode: 400
    }

      at write (src/observability/safeLogger.js:178:17)

  console.info
    {
      component: 'http',
      event: 'request_completed',
      requestId: '8a771589-b1ac-47cd-b178-888fa0daff24',
      methodClass: 'POST',
      durationMs: 1,
      statusCode: 400
    }

      at write (src/observability/safeLogger.js:178:17)

  console.info
    {
      component: 'http',
      event: 'request_completed',
      requestId: '2257339f-1599-48ac-989e-791d8307fddb',
      methodClass: 'POST',
      durationMs: 1,
      statusCode: 413
    }

      at write (src/observability/safeLogger.js:178:17)

  console.info
    {
      component: 'product_telemetry',
      event: 'aggregate_updated',
      eventClass: 'page_view',
      surface: 'public',
      routeClass: 'home',
      action: 'none',
      elapsedBucket: 'under_15s',
      count: 2
    }

      at info (src/observability/productTelemetry.js:53:11)

  console.info
    {
      component: 'http',
      event: 'request_completed',
      requestId: 'effe7e1f-d37b-41af-8ae8-f13e2db54eaf',
      methodClass: 'POST',
      durationMs: 2,
      statusCode: 202
    }

      at write (src/observability/safeLogger.js:178:17)

  console.info
    {
      component: 'http',
      event: 'request_completed',
      requestId: '79802ab7-c24d-4145-92d4-b267590d9c82',
      methodClass: 'GET',
      durationMs: 1,
      statusCode: 401
    }

      at write (src/observability/safeLogger.js:178:17)

  console.info
    {
      component: 'http',
      event: 'request_completed',
      requestId: '9c9ecaeb-1a8c-4b0d-819b-a8d7c8870025',
      methodClass: 'GET',
      durationMs: 0,
      statusCode: 401
    }

      at write (src/observability/safeLogger.js:178:17)

  console.warn
    [Auth] PostgreSQL account authority unavailable: {
      requestId: '3d179140-01ab-4a53-9e86-a2edfa4ec203',
      event: 'login_failed'
    }

      20 |   }
      21 |   if (error instanceof AccountPersistenceError || (error && error.name === 'AccountPersistenceError')) {
    > 22 |     console.warn('[Auth] PostgreSQL account authority unavailable:', { requestId: requestId(req), event });
         |             ^
      23 |     return failure(req, res, 503, 'account_authority_unavailable', 'Account service is temporarily unavailable');
      24 |   }
      25 |   console.error('[Auth] Request failed:', { requestId: requestId(req), event });

      at warn (src/routes/auth.js:22:13)
      at handleError (src/routes/auth.js:56:14)

  console.info
    {
      component: 'http',
      event: 'request_completed',
      requestId: '3d179140-01ab-4a53-9e86-a2edfa4ec203',
      methodClass: 'POST',
      durationMs: 2,
      statusCode: 503
    }

      at write (src/observability/safeLogger.js:178:17)

  console.info
    {
      component: 'http',
      event: 'request_completed',
      requestId: '09045c4b-8903-4f0f-b530-69c9acb935b6',
      methodClass: 'GET',
      durationMs: 0,
      statusCode: 401
    }

      at write (src/observability/safeLogger.js:178:17)

  console.info
    {
      component: 'retell',
      event: 'create_call_prepared',
      variableCount: 20
    }

      at write (src/observability/safeLogger.js:178:17)

  console.info
    {
      component: 'retell',
      event: 'request_started',
      methodClass: 'POST',
      attempt: 1
    }

      at write (src/observability/safeLogger.js:178:17)

  console.info
    {
      component: 'retell',
      event: 'response_received',
      attempt: 1,
      statusCode: 200
    }

      at write (src/observability/safeLogger.js:178:17)

  console.info
    {
      component: 'retell',
      event: 'create_call_succeeded',
      attempt: 1,
      maxAttempts: 3
    }

      at write (src/observability/safeLogger.js:178:17)

  console.info
    { component: 'voice', event: 'business_event_emitting' }

      at write (src/observability/safeLogger.js:178:17)

  console.info
    { component: 'voice', event: 'business_event_emitting' }

      at write (src/observability/safeLogger.js:178:17)

  console.info
    { component: 'voice', event: 'business_event_emitting' }

      at write (src/observability/safeLogger.js:178:17)

  console.info
    {
      component: 'voice',
      event: 'business_event_unhandled',
      handlerCount: 0
    }

      at write (src/observability/safeLogger.js:178:17)

  console.info
    { component: 'voice', event: 'business_event_emitting' }

      at write (src/observability/safeLogger.js:178:17)

  console.info
    { component: 'voice', event: 'business_event_emitting' }

      at write (src/observability/safeLogger.js:178:17)

  console.info
    { component: 'voice', event: 'business_event_emitting' }

      at write (src/observability/safeLogger.js:178:17)

  console.info
    {
      component: 'voice',
      event: 'business_event_unhandled',
      handlerCount: 0
    }

      at write (src/observability/safeLogger.js:178:17)

  console.info
    { component: 'voice', event: 'business_event_emitting' }

      at write (src/observability/safeLogger.js:178:17)

  console.info
    {
      component: 'voice',
      event: 'business_event_unhandled',
      handlerCount: 0
    }

      at write (src/observability/safeLogger.js:178:17)

  console.info
    { component: 'voice', event: 'business_event_emitting' }

      at write (src/observability/safeLogger.js:178:17)

  console.error
    { component: 'voice', event: 'business_event_handler_failed' }

      176 |     ...safeFields(fields),
      177 |   };
    > 178 |   console[level](record);
          |                 ^
      179 |   return record;
      180 | }
      181 |

      at write (src/observability/safeLogger.js:178:17)
      at Object.write (src/observability/safeLogger.js:191:10)
      at error (src/voice/businessEvents.js:161:20)
          at async Promise.all (index 0)
      at EventBus.emit (src/voice/businessEvents.js:165:5)
      at Object.<anonymous> (tests/unit/voice/businessEvents.test.js:202:22)

  console.info
    { component: 'voice', event: 'business_event_emitting' }

      at write (src/observability/safeLogger.js:178:17)

  console.info
    { component: 'voice', event: 'business_event_emitting' }

      at write (src/observability/safeLogger.js:178:17)

  console.info
    {
      component: 'voice',
      event: 'business_event_unhandled',
      handlerCount: 0
    }

      at write (src/observability/safeLogger.js:178:17)

  console.info
    { component: 'voice', event: 'business_event_emitting' }

      at write (src/observability/safeLogger.js:178:17)

  console.info
    {
      component: 'voice',
      event: 'business_event_unhandled',
      handlerCount: 0
    }

      at write (src/observability/safeLogger.js:178:17)

  console.info
    { component: 'voice', event: 'business_event_emitting' }

      at write (src/observability/safeLogger.js:178:17)

  console.info
    {
      component: 'voice',
      event: 'business_event_unhandled',
      handlerCount: 0
    }

      at write (src/observability/safeLogger.js:178:17)

  console.info
    { component: 'voice', event: 'business_event_emitting' }

      at write (src/observability/safeLogger.js:178:17)

  console.info
    {
      component: 'voice',
      event: 'business_event_unhandled',
      handlerCount: 0
    }

      at write (src/observability/safeLogger.js:178:17)

  console.info
    { component: 'voice', event: 'business_event_emitting' }

      at write (src/observability/safeLogger.js:178:17)

  console.info
    {
      component: 'voice',
      event: 'business_event_unhandled',
      handlerCount: 0
    }

      at write (src/observability/safeLogger.js:178:17)

  console.info
    { component: 'voice', event: 'business_event_emitting' }

      at write (src/observability/safeLogger.js:178:17)

  console.info
    {
      component: 'voice',
      event: 'business_event_unhandled',
      handlerCount: 0
    }

      at write (src/observability/safeLogger.js:178:17)

  console.info
    { component: 'voice', event: 'business_event_emitting' }

      at write (src/observability/safeLogger.js:178:17)

  console.info
    {
      component: 'voice',
      event: 'business_event_unhandled',
      handlerCount: 0
    }

      at write (src/observability/safeLogger.js:178:17)

  console.info
    { component: 'voice', event: 'business_event_emitting' }

      at write (src/observability/safeLogger.js:178:17)

  console.info
    {
      component: 'voice',
      event: 'business_event_unhandled',
      handlerCount: 0
    }

      at write (src/observability/safeLogger.js:178:17)

  console.info
    { component: 'voice', event: 'business_event_emitting' }

      at write (src/observability/safeLogger.js:178:17)

  console.info
    {
      component: 'voice',
      event: 'business_event_unhandled',
      handlerCount: 0
    }

      at write (src/observability/safeLogger.js:178:17)

  console.info
    { component: 'voice', event: 'business_event_emitting' }

      at write (src/observability/safeLogger.js:178:17)

  console.info
    {
      component: 'voice',
      event: 'business_event_unhandled',
      handlerCount: 0
    }

      at write (src/observability/safeLogger.js:178:17)

  console.info
    { component: 'voice', event: 'business_event_emitting' }

      at write (src/observability/safeLogger.js:178:17)

  console.info
    {
      component: 'voice',
      event: 'business_event_unhandled',
      handlerCount: 0
    }

      at write (src/observability/safeLogger.js:178:17)

  console.info
    { component: 'voice', event: 'business_event_emitting' }

      at write (src/observability/safeLogger.js:178:17)

  console.info
    {
      component: 'voice',
      event: 'business_event_unhandled',
      handlerCount: 0
    }

      at write (src/observability/safeLogger.js:178:17)

  console.info
    { component: 'voice', event: 'business_event_emitting' }

      at write (src/observability/safeLogger.js:178:17)

  console.info
    {
      component: 'voice',
      event: 'business_event_unhandled',
      handlerCount: 0
    }

      at write (src/observability/safeLogger.js:178:17)

  console.info
    { component: 'voice', event: 'business_event_emitting' }

      at write (src/observability/safeLogger.js:178:17)

  console.info
    {
      component: 'voice',
      event: 'business_event_unhandled',
      handlerCount: 0
    }

      at write (src/observability/safeLogger.js:178:17)

  console.info
    { component: 'voice', event: 'business_event_emitting' }

      at write (src/observability/safeLogger.js:178:17)

  console.warn
    {
      component: 'voice',
      event: 'signature_validation_unavailable',
      configured: false
    }

      176 |     ...safeFields(fields),
      177 |   };
    > 178 |   console[level](record);
          |                 ^
      179 |   return record;
      180 | }
      181 |

      at write (src/observability/safeLogger.js:178:17)
      at Object.write [as warn] (src/observability/safeLogger.js:187:10)
      at Object.warn [as validateSignature] (src/voice/webhook.js:167:16)
      at Object.validateSignature (tests/unit/voice/webhook.test.js:63:22)

  console.warn
    { component: 'voice', event: 'signature_missing' }

      176 |     ...safeFields(fields),
      177 |   };
    > 178 |   console[level](record);
          |                 ^
      179 |   return record;
      180 | }
      181 |

      at write (src/observability/safeLogger.js:178:17)
      at Object.write [as warn] (src/observability/safeLogger.js:187:10)
      at Object.warn [as validateSignature] (src/voice/webhook.js:172:16)
      at Object.validateSignature (tests/unit/voice/webhook.test.js:67:22)

  console.warn
    { component: 'voice', event: 'signature_missing' }

      176 |     ...safeFields(fields),
      177 |   };
    > 178 |   console[level](record);
          |                 ^
      179 |   return record;
      180 | }
      181 |

      at write (src/observability/safeLogger.js:178:17)
      at Object.write [as warn] (src/observability/safeLogger.js:187:10)
      at Object.warn [as validateSignature] (src/voice/webhook.js:172:16)
      at Object.validateSignature (tests/unit/voice/webhook.test.js:87:22)

  console.warn
    { component: 'voice', event: 'signature_missing' }

      176 |     ...safeFields(fields),
      177 |   };
    > 178 |   console[level](record);
          |                 ^
      179 |   return record;
      180 | }
      181 |

      at write (src/observability/safeLogger.js:178:17)
      at Object.write [as warn] (src/observability/safeLogger.js:187:10)
      at Object.warn [as validateSignature] (src/voice/webhook.js:172:16)
      at Object.validateSignature (tests/unit/voice/webhook.test.js:88:22)

  console.warn
    { component: 'voice', event: 'signature_missing' }

      176 |     ...safeFields(fields),
      177 |   };
    > 178 |   console[level](record);
          |                 ^
      179 |   return record;
      180 | }
      181 |

      at write (src/observability/safeLogger.js:178:17)
      at Object.write [as warn] (src/observability/safeLogger.js:187:10)
      at Object.warn [as validateSignature] (src/voice/webhook.js:172:16)
      at Object.validateSignature (tests/unit/voice/webhook.test.js:89:22)

  console.warn
    { component: 'voice', event: 'signature_missing' }

      176 |     ...safeFields(fields),
      177 |   };
    > 178 |   console[level](record);
          |                 ^
      179 |   return record;
      180 | }
      181 |

      at write (src/observability/safeLogger.js:178:17)
      at Object.write [as warn] (src/observability/safeLogger.js:187:10)
      at Object.warn [as validateSignature] (src/voice/webhook.js:172:16)
      at Object.validateSignature (tests/unit/voice/webhook.test.js:90:22)

  console.warn
    { component: 'voice', event: 'signature_missing' }

      176 |     ...safeFields(fields),
      177 |   };
    > 178 |   console[level](record);
          |                 ^
      179 |   return record;
      180 | }
      181 |

      at write (src/observability/safeLogger.js:178:17)
      at Object.write [as warn] (src/observability/safeLogger.js:187:10)
      at Object.warn [as validateSignature] (src/voice/webhook.js:172:16)
      at Object.validateSignature (tests/unit/voice/webhook.test.js:91:22)

  console.warn
    { component: 'voice', event: 'timestamp_missing' }

      176 |     ...safeFields(fields),
      177 |   };
    > 178 |   console[level](record);
          |                 ^
      179 |   return record;
      180 | }
      181 |

      at write (src/observability/safeLogger.js:178:17)
      at Object.write [as warn] (src/observability/safeLogger.js:187:10)
      at Object.warn [as validateTimestamp] (src/voice/webhook.js:202:16)
      at Object.validateTimestamp (tests/unit/voice/webhook.test.js:111:22)

  console.warn
    { component: 'voice', event: 'timestamp_missing' }

      176 |     ...safeFields(fields),
      177 |   };
    > 178 |   console[level](record);
          |                 ^
      179 |   return record;
      180 | }
      181 |

      at write (src/observability/safeLogger.js:178:17)
      at Object.write [as warn] (src/observability/safeLogger.js:187:10)
      at Object.warn [as validateTimestamp] (src/voice/webhook.js:202:16)
      at Object.validateTimestamp (tests/unit/voice/webhook.test.js:112:22)

  console.warn
    { component: 'voice', event: 'timestamp_missing' }

      176 |     ...safeFields(fields),
      177 |   };
    > 178 |   console[level](record);
          |                 ^
      179 |   return record;
      180 | }
      181 |

      at write (src/observability/safeLogger.js:178:17)
      at Object.write [as warn] (src/observability/safeLogger.js:187:10)
      at Object.warn [as validateTimestamp] (src/voice/webhook.js:202:16)
      at Object.validateTimestamp (tests/unit/voice/webhook.test.js:113:22)

  console.warn
    {
      component: 'voice',
      event: 'timestamp_outside_window',
      clockSkewMs: 600000
    }

      176 |     ...safeFields(fields),
      177 |   };
    > 178 |   console[level](record);
          |                 ^
      179 |   return record;
      180 | }
      181 |

      at write (src/observability/safeLogger.js:178:17)
      at Object.write [as warn] (src/observability/safeLogger.js:187:10)
      at Object.warn [as validateTimestamp] (src/voice/webhook.js:212:16)
      at Object.validateTimestamp (tests/unit/voice/webhook.test.js:129:22)

  console.warn
    {
      component: 'voice',
      event: 'timestamp_outside_window',
      clockSkewMs: 600000
    }

      176 |     ...safeFields(fields),
      177 |   };
    > 178 |   console[level](record);
          |                 ^
      179 |   return record;
      180 | }
      181 |

      at write (src/observability/safeLogger.js:178:17)
      at Object.write [as warn] (src/observability/safeLogger.js:187:10)
      at Object.warn [as validateTimestamp] (src/voice/webhook.js:212:16)
      at Object.validateTimestamp (tests/unit/voice/webhook.test.js:134:22)

  console.warn
    {
      component: 'voice',
      event: 'timestamp_outside_window',
      clockSkewMs: 1786092523501
    }

      176 |     ...safeFields(fields),
      177 |   };
    > 178 |   console[level](record);
          |                 ^
      179 |   return record;
      180 | }
      181 |

      at write (src/observability/safeLogger.js:178:17)
      at Object.write [as warn] (src/observability/safeLogger.js:187:10)
      at Object.warn [as validateTimestamp] (src/voice/webhook.js:212:16)
      at Object.validateTimestamp (tests/unit/voice/webhook.test.js:138:22)

  console.warn
    { component: 'voice', event: 'timestamp_missing' }

      176 |     ...safeFields(fields),
      177 |   };
    > 178 |   console[level](record);
          |                 ^
      179 |   return record;
      180 | }
      181 |

      at write (src/observability/safeLogger.js:178:17)
      at Object.write [as warn] (src/observability/safeLogger.js:187:10)
      at Object.warn [as validateTimestamp] (src/voice/webhook.js:202:16)
      at Object.validateTimestamp (tests/unit/voice/webhook.test.js:139:22)

  console.warn
    { component: 'voice', event: 'timestamp_missing' }

      176 |     ...safeFields(fields),
      177 |   };
    > 178 |   console[level](record);
          |                 ^
      179 |   return record;
      180 | }
      181 |

      at write (src/observability/safeLogger.js:178:17)
      at Object.write [as warn] (src/observability/safeLogger.js:187:10)
      at Object.warn [as validateTimestamp] (src/voice/webhook.js:202:16)
      at Object.validateTimestamp (tests/unit/voice/webhook.test.js:140:22)

  console.warn
    { component: 'voice', event: 'timestamp_missing' }

      176 |     ...safeFields(fields),
      177 |   };
    > 178 |   console[level](record);
          |                 ^
      179 |   return record;
      180 | }
      181 |

      at write (src/observability/safeLogger.js:178:17)
      at Object.write [as warn] (src/observability/safeLogger.js:187:10)
      at Object.warn [as validateTimestamp] (src/voice/webhook.js:202:16)
      at Object.validateTimestamp (tests/unit/voice/webhook.test.js:141:22)

  console.warn
    { component: 'voice', event: 'timestamp_missing' }

      176 |     ...safeFields(fields),
      177 |   };
    > 178 |   console[level](record);
          |                 ^
      179 |   return record;
      180 | }
      181 |

      at write (src/observability/safeLogger.js:178:17)
      at Object.write [as warn] (src/observability/safeLogger.js:187:10)
      at Object.warn [as validateTimestamp] (src/voice/webhook.js:202:16)
      at Object.validateTimestamp (tests/unit/voice/webhook.test.js:142:22)

  console.warn
    {
      component: 'voice',
      event: 'webhook_event_unsupported',
      routed: false
    }

      176 |     ...safeFields(fields),
      177 |   };
    > 178 |   console[level](record);
          |                 ^
      179 |   return record;
      180 | }
      181 |

      at write (src/observability/safeLogger.js:178:17)
      at Object.write [as warn] (src/observability/safeLogger.js:187:10)
      at Object.warn [as routeEvent] (src/voice/webhook.js:252:16)
      at Object.routeEvent (tests/unit/voice/webhook.test.js:217:36)

  console.warn
    {
      component: 'voice',
      event: 'webhook_event_unsupported',
      routed: false
    }

      176 |     ...safeFields(fields),
      177 |   };
    > 178 |   console[level](record);
          |                 ^
      179 |   return record;
      180 | }
      181 |

      at write (src/observability/safeLogger.js:178:17)
      at Object.write [as warn] (src/observability/safeLogger.js:187:10)
      at Object.warn [as routeEvent] (src/voice/webhook.js:252:16)
      at Object.routeEvent (tests/unit/voice/webhook.test.js:224:36)

  console.info
    { component: 'voice', event: 'webhook_event_routing', routed: true }

      at write (src/observability/safeLogger.js:178:17)

  console.info
    { component: 'voice', event: 'webhook_event_routing', routed: true }

      at write (src/observability/safeLogger.js:178:17)

  console.info
    { component: 'voice', event: 'webhook_event_routing', routed: true }

      at write (src/observability/safeLogger.js:178:17)

  console.info
    { component: 'voice', event: 'webhook_event_routing', routed: true }

      at write (src/observability/safeLogger.js:178:17)

  console.info
    { component: 'voice', event: 'webhook_event_routing', routed: true }

      at write (src/observability/safeLogger.js:178:17)

  console.info
    { component: 'voice', event: 'webhook_event_routing', routed: true }

      at write (src/observability/safeLogger.js:178:17)

  console.info
    { component: 'voice', event: 'webhook_event_routing', routed: true }

      at write (src/observability/safeLogger.js:178:17)

  console.info
    { component: 'voice', event: 'webhook_event_routing', routed: true }

      at write (src/observability/safeLogger.js:178:17)

  console.info
    { component: 'voice', event: 'webhook_event_routing', routed: true }

      at write (src/observability/safeLogger.js:178:17)

  console.info
    { component: 'voice', event: 'webhook_event_routing', routed: true }

      at write (src/observability/safeLogger.js:178:17)

  console.info
    { component: 'voice', event: 'webhook_event_routing', routed: true }

      at write (src/observability/safeLogger.js:178:17)

  console.info
    { component: 'voice', event: 'webhook_event_routing', routed: true }

      at write (src/observability/safeLogger.js:178:17)

  console.error
    { component: 'voice', event: 'webhook_fatal_error' }

      176 |     ...safeFields(fields),
      177 |   };
    > 178 |   console[level](record);
          |                 ^
      179 |   return record;
      180 | }
      181 |

      at write (src/observability/safeLogger.js:178:17)
      at Object.write (src/observability/safeLogger.js:191:10)
      at error (src/voice/webhook.js:522:16)
      at Object.<anonymous> (tests/unit/voice/webhook.test.js:531:7)

  console.warn
    {
      component: 'voice',
      event: 'timestamp_outside_window',
      clockSkewMs: 1200000
    }

      176 |     ...safeFields(fields),
      177 |   };
    > 178 |   console[level](record);
          |                 ^
      179 |   return record;
      180 | }
      181 |

      at write (src/observability/safeLogger.js:178:17)
      at Object.write [as warn] (src/observability/safeLogger.js:187:10)
      at warn (src/voice/webhook.js:212:16)
      at validateTimestamp (src/voice/webhook.js:432:10)
      at Object.handleSignedWebhook [as handleWebhook] (src/voice/webhook.js:537:10)
      at Object.handleWebhook (tests/unit/voice/webhook.test.js:545:21)

  console.info
    {
      component: 'voice',
      event: 'intelligence_guidance_generated',
      voiceEvent: 'emergency_detected'
    }

      at write (src/observability/safeLogger.js:178:17)

  console.info
    { component: 'voice', event: 'tool_schedule_stub_invoked' }

      at write (src/observability/safeLogger.js:178:17)

  console.info
    { component: 'voice', event: 'tool_schedule_stub_invoked' }

      at write (src/observability/safeLogger.js:178:17)

  console.info
    { component: 'voice', event: 'tool_availability_stub_invoked' }

      at write (src/observability/safeLogger.js:178:17)

  console.info
    { component: 'voice', event: 'tool_availability_stub_invoked' }

      at write (src/observability/safeLogger.js:178:17)

  console.log
    [CustomerRepo] Initialized (empty)

      at log (src/polaris/customerRepository.js:77:15)

  console.info
    { component: 'voice', event: 'escalation_initiated' }

      at write (src/observability/safeLogger.js:178:17)

  console.info
    { component: 'voice', event: 'escalation_initiated' }

      at write (src/observability/safeLogger.js:178:17)

  console.info
    { component: 'voice', event: 'escalation_initiated' }

      at write (src/observability/safeLogger.js:178:17)

  console.info
    { component: 'voice', event: 'escalation_resolved' }

      at write (src/observability/safeLogger.js:178:17)

  console.info
    { component: 'voice', event: 'escalation_initiated' }

      at write (src/observability/safeLogger.js:178:17)

  console.info
    { component: 'voice', event: 'escalation_initiated' }

      at write (src/observability/safeLogger.js:178:17)

  console.info
    { component: 'voice', event: 'escalation_initiated' }

      at write (src/observability/safeLogger.js:178:17)

  console.info
    { component: 'voice', event: 'escalation_resolved' }

      at write (src/observability/safeLogger.js:178:17)

  console.info
    { component: 'voice', event: 'escalation_initiated' }

      at write (src/observability/safeLogger.js:178:17)

  console.info
    { component: 'voice', event: 'escalation_resolved' }

      at write (src/observability/safeLogger.js:178:17)

  console.info
    { component: 'voice', event: 'escalation_initiated' }

      at write (src/observability/safeLogger.js:178:17)

  console.info
    { component: 'voice', event: 'escalation_initiated' }

      at write (src/observability/safeLogger.js:178:17)

  console.info
    {
      component: 'voice',
      event: 'intelligence_guidance_generated',
      voiceEvent: 'emergency_detected'
    }

      at write (src/observability/safeLogger.js:178:17)

  console.info
    { component: 'voice', event: 'intelligence_guidance_generated' }

      at write (src/observability/safeLogger.js:178:17)

  console.info
    { component: 'voice', event: 'intelligence_guidance_generated' }

      at write (src/observability/safeLogger.js:178:17)

  console.info
    {
      component: 'voice',
      event: 'intelligence_guidance_generated',
      voiceEvent: 'objection_detected'
    }

      at write (src/observability/safeLogger.js:178:17)

  console.info
    { component: 'voice', event: 'intelligence_guidance_generated' }

      at write (src/observability/safeLogger.js:178:17)

  console.info
    {
      component: 'voice',
      event: 'intelligence_guidance_generated',
      voiceEvent: 'emergency_detected'
    }

      at write (src/observability/safeLogger.js:178:17)

  console.info
    {
      component: 'retell',
      event: 'request_started',
      methodClass: 'POST',
      attempt: 1
    }

      at write (src/observability/safeLogger.js:178:17)

  console.info
    {
      component: 'retell',
      event: 'response_received',
      attempt: 1,
      statusCode: 201
    }

      at write (src/observability/safeLogger.js:178:17)

  console.info
    {
      component: 'retell',
      event: 'request_started',
      methodClass: 'DELETE',
      attempt: 1
    }

      at write (src/observability/safeLogger.js:178:17)

  console.info
    {
      component: 'retell',
      event: 'response_received',
      attempt: 1,
      statusCode: 404
    }

      at write (src/observability/safeLogger.js:178:17)

  console.info
    {
      component: 'retell',
      event: 'request_started',
      methodClass: 'GET',
      attempt: 1
    }

      at write (src/observability/safeLogger.js:178:17)

  console.error
    { component: 'retell', event: 'request_network_failed', attempt: 1 }

      176 |     ...safeFields(fields),
      177 |   };
    > 178 |   console[level](record);
          |                 ^
      179 |   return record;
      180 | }
      181 |

      at write (src/observability/safeLogger.js:178:17)
      at Object.write (src/observability/safeLogger.js:191:10)
      at error (src/retell/client.js:108:16)

  console.info
    {
      component: 'retell',
      event: 'request_started',
      methodClass: 'GET',
      attempt: 1
    }

      at write (src/observability/safeLogger.js:178:17)

