  console.log
    [DB] Migration applied: 001_initial_schema.sql

      at Object.log [as runMigrations] (src/db.js:1312:42)

  console.log
    [DB] Migration applied: 002_seed_data.sql

      at Object.log [as runMigrations] (src/db.js:1312:42)

  console.log
    [DB] Migration applied: 003_voice_sessions.sql

      at Object.log [as runMigrations] (src/db.js:1312:42)

  console.log
    [DB] Migration applied: 004_canonical_persistence_v2.sql

      at Object.log [as runMigrations] (src/db.js:1312:42)

  console.log
    [DB] Migration applied: 005_canonical_organization_authority.sql

      at Object.log [as runMigrations] (src/db.js:1312:42)

  console.log
    [DB] Migration applied: 006_canonical_voice_sessions.sql

      at Object.log [as runMigrations] (src/db.js:1312:42)

  console.log
    [DB] Migration applied: 007_canonical_tax_authority.sql

      at Object.log [as runMigrations] (src/db.js:1312:42)

  console.log
    [DB] Migration applied: 008_canonical_demo_authority.sql

      at Object.log [as runMigrations] (src/db.js:1312:42)

  console.log
    [DB] Migration applied: 009_canonical_voice_provider_identity.sql

      at Object.log [as runMigrations] (src/db.js:1312:42)

  console.log
    [DB] Migration applied: 010_account_session_authority.sql

      at Object.log [as runMigrations] (src/db.js:1312:42)

  console.log
    [DB] Migration applied: 011_oauth_authorization_states.sql

      at Object.log [as runMigrations] (src/db.js:1312:42)

  console.log
    [DB] Migration applied: 012_account_verification_trial.sql

      at Object.log [as runMigrations] (src/db.js:1312:42)

  console.log
    [DB] Migration applied: 015_workforce_authority.sql

      at Object.log [as runMigrations] (src/db.js:1312:42)

  console.log
    [DB] Migration applied: 016_tenant_asset_catalogue.sql

      at Object.log [as runMigrations] (src/db.js:1312:42)

  console.log
    [DB] Migration applied: 017_retell_webhook_replay_authority.sql

      at Object.log [as runMigrations] (src/db.js:1312:42)

  console.log
    [DB] Migration applied: 018_canonical_map_preferences.sql

      at Object.log [as runMigrations] (src/db.js:1312:42)

  console.log
    [DB] Migration applied: 019_account_email_outbox.sql

      at Object.log [as runMigrations] (src/db.js:1312:42)

  console.log
    [DB] Migration applied: 021_bounded_api_observability.sql

      at Object.log [as runMigrations] (src/db.js:1312:42)

  console.log
    [DB] Migration applied: 022_demo_command_center_sessions.sql

      at Object.log [as runMigrations] (src/db.js:1312:42)

  console.log
    [DB] Migration applied: 023_homepage_demo_admission.sql

      at Object.log [as runMigrations] (src/db.js:1312:42)

  console.log
    [DB] Migration applied: 024_homepage_verified_purge_receipt.sql

      at Object.log [as runMigrations] (src/db.js:1312:42)

  console.log
    [DB] Migration applied: 025_provider_agnostic_knowledge_registry.sql

      at Object.log [as runMigrations] (src/db.js:1312:42)

  console.log
    [DB] Migration applied: 026_canonical_knowledge_review_publication.sql

      at Object.log [as runMigrations] (src/db.js:1312:42)

  console.log
    [DB] Migration applied: 027_canonical_knowledge_audit_graph_authority.sql

      at Object.log [as runMigrations] (src/db.js:1312:42)

  console.log
    [DB] Migration applied: 028_canonical_knowledge_immutable_lifecycle.sql

      at Object.log [as runMigrations] (src/db.js:1312:42)

  console.log
    [DB] Migration applied: 029_canonical_knowledge_transactional_sync.sql

      at Object.log [as runMigrations] (src/db.js:1312:42)

  console.log
    [DB] Migration applied: 030_canonical_knowledge_sync_revocation.sql

      at Object.log [as runMigrations] (src/db.js:1312:42)

  console.log
    [DB] Migration applied: 031_canonical_knowledge_sync_recovery_lifecycle.sql

      at Object.log [as runMigrations] (src/db.js:1312:42)

  console.log
    [DB] Migration applied: 032_canonical_schedule_assignment_authority.sql

      at Object.log [as runMigrations] (src/db.js:1312:42)

  console.log
    [DB] Migration applied: 033_canonical_schedule_time_evidence.sql

      at Object.log [as runMigrations] (src/db.js:1312:42)

  console.log
    [DB] Migration applied: 034_schedule_availability_conflict_authority.sql

      at Object.log [as runMigrations] (src/db.js:1312:42)

  console.log
    [DB] Migration applied: 035_schedule_human_preview_approval.sql

      at Object.log [as runMigrations] (src/db.js:1312:42)

  console.log
    [DB] Migration applied: 020_canonical_workforce_access_roles.sql

      at Object.log [as runMigrations] (src/db.js:1312:42)

  console.info
    {
      component: 'http',
      event: 'request_completed',
      requestId: '966a025b-2db3-4dfb-815e-578245a70ed3',
      methodClass: 'GET',
      durationMs: 11,
      statusCode: 200
    }

      at write (src/observability/safeLogger.js:178:17)

  console.info
    {
      component: 'http',
      event: 'request_completed',
      requestId: '7d7f558a-bf96-4f45-84a6-e3add8a46bc6',
      methodClass: 'GET',
      durationMs: 79,
      statusCode: 200
    }

      at write (src/observability/safeLogger.js:178:17)

  console.info
    {
      component: 'http',
      event: 'request_completed',
      requestId: 'dcc4c350-6035-4656-9f38-7632ffba5691',
      methodClass: 'POST',
      durationMs: 8,
      statusCode: 403
    }

      at write (src/observability/safeLogger.js:178:17)

  console.info
    {
      component: 'http',
      event: 'request_completed',
      requestId: 'cb2b571f-fff2-4512-8b12-84a4136ce848',
      methodClass: 'POST',
      durationMs: 4,
      statusCode: 403
    }

      at write (src/observability/safeLogger.js:178:17)

  console.info
    {
      component: 'http',
      event: 'request_completed',
      requestId: 'e650bbd6-2536-42b8-88bc-82c295651fd0',
      methodClass: 'GET',
      durationMs: 2,
      statusCode: 200
    }

      at write (src/observability/safeLogger.js:178:17)

  console.info
    {
      component: 'http',
      event: 'request_completed',
      requestId: '0d4518da-ec15-455a-a090-eeafe9afaf90',
      methodClass: 'GET',
      durationMs: 5,
      statusCode: 200
    }

      at write (src/observability/safeLogger.js:178:17)

  console.info
    {
      component: 'http',
      event: 'request_completed',
      requestId: '88305840-602a-43cf-9864-936f3136b873',
      methodClass: 'POST',
      durationMs: 5,
      statusCode: 403
    }

      at write (src/observability/safeLogger.js:178:17)

  console.info
    {
      component: 'http',
      event: 'request_completed',
      requestId: 'c819f0c2-9cac-4024-80e1-c991d2768404',
      methodClass: 'POST',
      durationMs: 2,
      statusCode: 403
    }

      at write (src/observability/safeLogger.js:178:17)

  console.log
    [DB] Migration applied: 001_initial_schema.sql

      at log (src/db.js:1312:42)

  console.log
    [DB] Migration applied: 002_seed_data.sql

      at log (src/db.js:1312:42)

  console.log
    [DB] Migration applied: 003_voice_sessions.sql

      at log (src/db.js:1312:42)

  console.log
    [DB] Migration applied: 004_canonical_persistence_v2.sql

      at log (src/db.js:1312:42)

  console.log
    [DB] Migration applied: 005_canonical_organization_authority.sql

      at log (src/db.js:1312:42)

  console.log
    [DB] Migration applied: 006_canonical_voice_sessions.sql

      at log (src/db.js:1312:42)

  console.log
    [DB] Migration applied: 007_canonical_tax_authority.sql

      at log (src/db.js:1312:42)

  console.log
    [DB] Migration applied: 008_canonical_demo_authority.sql

      at log (src/db.js:1312:42)

  console.log
    [DB] Migration applied: 009_canonical_voice_provider_identity.sql

      at log (src/db.js:1312:42)

  console.log
    [DB] Migration applied: 010_account_session_authority.sql

      at log (src/db.js:1312:42)

  console.log
    [DB] Migration applied: 011_oauth_authorization_states.sql

      at log (src/db.js:1312:42)

  console.log
    [DB] Migration applied: 012_account_verification_trial.sql

      at log (src/db.js:1312:42)

  console.log
    [DB] Migration applied: 015_workforce_authority.sql

      at log (src/db.js:1312:42)

  console.log
    [DB] Migration applied: 016_tenant_asset_catalogue.sql

      at log (src/db.js:1312:42)

  console.log
    [DB] Migration applied: 017_retell_webhook_replay_authority.sql

      at log (src/db.js:1312:42)

  console.log
    [DB] Migration applied: 018_canonical_map_preferences.sql

      at log (src/db.js:1312:42)

  console.log
    [DB] Migration applied: 019_account_email_outbox.sql

      at log (src/db.js:1312:42)

  console.log
    [DB] Migration applied: 020_canonical_workforce_access_roles.sql

      at log (src/db.js:1312:42)

  console.log
    [DB] Migration applied: 021_bounded_api_observability.sql

      at log (src/db.js:1312:42)

  console.log
    [DB] Migration applied: 022_demo_command_center_sessions.sql

      at log (src/db.js:1312:42)

  console.log
    [DB] Migration applied: 023_homepage_demo_admission.sql

      at log (src/db.js:1312:42)

  console.log
    [DB] Migration applied: 024_homepage_verified_purge_receipt.sql

      at log (src/db.js:1312:42)

  console.log
    [DB] Migration applied: 025_provider_agnostic_knowledge_registry.sql

      at log (src/db.js:1312:42)

  console.log
    [DB] Migration applied: 026_canonical_knowledge_review_publication.sql

      at log (src/db.js:1312:42)

  console.log
    [DB] Migration applied: 027_canonical_knowledge_audit_graph_authority.sql

      at log (src/db.js:1312:42)

  console.log
    [DB] Migration applied: 028_canonical_knowledge_immutable_lifecycle.sql

      at log (src/db.js:1312:42)

  console.log
    [DB] Migration applied: 029_canonical_knowledge_transactional_sync.sql

      at log (src/db.js:1312:42)

  console.log
    [DB] Migration applied: 030_canonical_knowledge_sync_revocation.sql

      at log (src/db.js:1312:42)

  console.log
    [DB] Migration applied: 031_canonical_knowledge_sync_recovery_lifecycle.sql

      at log (src/db.js:1312:42)

  console.log
    [DB] Migration applied: 032_canonical_schedule_assignment_authority.sql

      at log (src/db.js:1312:42)

  console.log
    [DB] Migration applied: 033_canonical_schedule_time_evidence.sql

      at log (src/db.js:1312:42)

  console.log
    [DB] Migration applied: 034_schedule_availability_conflict_authority.sql

      at log (src/db.js:1312:42)

  console.log
    [DB] Migration applied: 035_schedule_human_preview_approval.sql

      at log (src/db.js:1312:42)

  console.info
    [login-timing-regression] {"missing":[551.6,511.71,533.41,578.24,524.7,547.35],"existing":[529.05,543.73,554.6,550.5,543.71,529.26],"missingMedianMs":540.38,"existingMedianMs":543.72,"medianRatio":1.006,"relativeGap":0.006,"missingCompareCalls":[2,2,2,2,2,2],"existingCompareCalls":[2,2,2,2,2,2]}

      at Object.info (tests/api/m20-phase7-login-timing-postgres.test.js:246:13)

  console.info
    [login-timing-supported-matrix] {"groupLabel":"costs-4-6","measuredOrders":[["cost-5","cost-4","cost-6"],["cost-5","cost-6","cost-4"],["cost-6","cost-5","cost-4"],["cost-6","cost-4","cost-5"],["cost-4","cost-6","cost-5"],["cost-4","cost-5","cost-6"],["cost-5","cost-4","cost-6"],["cost-5","cost-6","cost-4"],["cost-6","cost-5","cost-4"],["cost-6","cost-4","cost-5"],["cost-4","cost-6","cost-5"],["cost-4","cost-5","cost-6"],["cost-5","cost-4","cost-6"],["cost-5","cost-6","cost-4"],["cost-6","cost-5","cost-4"]],"costs":[{"cost":4,"baselineMedianMs":532.08,"medianMs":519.91,"marginalRatio":1.023,"marginalRelativeGap":0.023,"medianLogRatio":-0.008159,"ratio":1.008,"relativeGap":0.008,"rawBaselineMs":[545.31,517.61,519.01,545.44,511.37,532.08,537.74,513.79,539.53,480.72,525.58,546.5,538.62,508.19,543.31],"rawSampleMs":[479.73,542.59,546.85,518.22,545.69,503.87,517.5,545.47,506.8,549.49,521.31,519.91,552.89,508.85,511.62],"pairRatios":[1.137,1.048,1.054,1.053,1.067,1.056,1.039,1.062,1.065,1.143,1.008,1.051,1.026,1.001,1.062],"signedPairRatios":[0.88,1.048,1.054,0.95,1.067,0.947,0.962,1.062,0.939,1.143,0.992,0.951,1.026,1.001,0.942],"logRatios":[-0.128135,0.047136,0.052246,-0.051203,0.064966,-0.054469,-0.038355,0.059824,-0.062578,0.133715,-0.008159,-0.049876,0.026147,0.001297,-0.060107],"baselineFirstCount":8,"compareCalls":[10,10,10,10,10,10,10,10,10,10,10,10,10,10,10]},{"cost":5,"baselineMedianMs":529.05,"medianMs":526.58,"marginalRatio":1.005,"marginalRelativeGap":0.005,"medianLogRatio":-0.005689,"ratio":1.006,"relativeGap":0.006,"rawBaselineMs":[505.71,529.05,540.3,549.6,540.05,489.13,527.94,542.47,513.78,532.37,544.49,519.79,542.87,510.03,515.03],"rawSampleMs":[538.75,489.02,525.75,546.49,525.47,534.66,526.58,520.85,544,509.2,540.17,550.77,500.52,529.02,512.83],"pairRatios":[1.065,1.082,1.028,1.006,1.028,1.093,1.003,1.042,1.059,1.045,1.008,1.06,1.085,1.037,1.004],"signedPairRatios":[1.065,0.924,0.973,0.994,0.973,1.093,0.997,0.96,1.059,0.956,0.992,1.06,0.922,1.037,0.996],"logRatios":[0.063289,-0.078681,-0.027305,-0.005689,-0.02737,0.089008,-0.002581,-0.040668,0.057141,-0.044495,-0.007963,0.057898,-0.081221,0.036559,-0.00429],"baselineFirstCount":7,"compareCalls":[9,9,9,9,9,9,9,9,9,9,9,9,9,9,9]},{"cost":6,"baselineMedianMs":524.75,"medianMs":526.47,"marginalRatio":1.003,"marginalRelativeGap":0.003,"medianLogRatio":-0.021929,"ratio":1.022,"relativeGap":0.022,"rawBaselineMs":[540.34,513.73,544.23,542.4,503.76,530.36,515.74,524.75,538.58,533.18,519.99,534.28,509.44,515.39,516.93],"rawSampleMs":[526.47,546.32,513.53,526.59,550.78,512.5,476.36,525.34,520.48,541.8,538.05,502.56,528.87,533.4,505.72],"pairRatios":[1.026,1.063,1.06,1.03,1.093,1.035,1.083,1.001,1.035,1.016,1.035,1.063,1.038,1.035,1.022],"signedPairRatios":[0.974,1.063,0.944,0.971,1.093,0.966,0.924,1.001,0.966,1.016,1.035,0.941,1.038,1.035,0.978],"logRatios":[-0.025999,0.061502,-0.058061,-0.02959,0.089238,-0.034256,-0.079435,0.00112,-0.034191,0.016037,0.034144,-0.061199,0.037433,0.034349,-0.021929],"baselineFirstCount":8,"compareCalls":[8,8,8,8,8,8,8,8,8,8,8,8,8,8,8]}]}

      at info (tests/api/m20-phase7-login-timing-postgres.test.js:419:15)

  console.info
    [login-timing-supported-matrix] {"groupLabel":"costs-7-9","measuredOrders":[["cost-8","cost-9","cost-7"],["cost-8","cost-7","cost-9"],["cost-7","cost-8","cost-9"],["cost-7","cost-9","cost-8"],["cost-9","cost-7","cost-8"],["cost-9","cost-8","cost-7"],["cost-8","cost-9","cost-7"],["cost-8","cost-7","cost-9"],["cost-7","cost-8","cost-9"],["cost-7","cost-9","cost-8"],["cost-9","cost-7","cost-8"],["cost-9","cost-8","cost-7"],["cost-8","cost-9","cost-7"],["cost-8","cost-7","cost-9"],["cost-7","cost-8","cost-9"]],"costs":[{"cost":7,"baselineMedianMs":538.14,"medianMs":544.37,"marginalRatio":1.012,"marginalRelativeGap":0.011,"medianLogRatio":-0.010504,"ratio":1.011,"relativeGap":0.01,"rawBaselineMs":[559.56,545.36,535.74,501.89,538.14,525.74,520,538.21,516.11,535.3,561.33,569.77,572.55,535.84,559.85],"rawSampleMs":[544.37,506.07,550.95,512.98,507.77,537.23,536.64,509.73,545.18,506.1,546.39,563.81,575.32,565.57,545.1],"pairRatios":[1.028,1.078,1.028,1.022,1.06,1.022,1.032,1.056,1.056,1.058,1.027,1.011,1.005,1.055,1.027],"signedPairRatios":[0.973,0.928,1.028,1.022,0.944,1.022,1.032,0.947,1.056,0.945,0.973,0.99,1.005,1.055,0.974],"logRatios":[-0.027538,-0.074777,0.028,0.021873,-0.058106,0.021618,0.031512,-0.054369,0.054796,-0.056096,-0.026983,-0.010504,0.004827,0.054003,-0.026695],"baselineFirstCount":8,"compareCalls":[7,7,7,7,7,7,7,7,7,7,7,7,7,7,7]},{"cost":8,"baselineMedianMs":540.86,"medianMs":537.71,"marginalRatio":1.006,"marginalRelativeGap":0.006,"medianLogRatio":-0.01393,"ratio":1.014,"relativeGap":0.014,"rawBaselineMs":[580.4,509.71,551.26,540.86,511.86,526.13,542.71,507.37,546.18,524.75,530.62,548.13,555.01,554.14,535],"rawSampleMs":[518.52,544.63,543.64,509.68,537.71,514.76,525.21,543.14,514.2,509.44,566.34,530.46,557.51,550.67,560.5],"pairRatios":[1.119,1.069,1.014,1.061,1.051,1.022,1.033,1.07,1.062,1.03,1.067,1.033,1.005,1.006,1.048],"signedPairRatios":[0.893,1.069,0.986,0.942,1.051,0.978,0.968,1.07,0.941,0.971,1.067,0.968,1.005,0.994,1.048],"logRatios":[-0.11274,0.066264,-0.01393,-0.059381,0.04927,-0.021865,-0.032774,0.068116,-0.06034,-0.029602,0.065138,-0.032756,0.004501,-0.006282,0.046572],"baselineFirstCount":7,"compareCalls":[6,6,6,6,6,6,6,6,6,6,6,6,6,6,6]},{"cost":9,"baselineMedianMs":542.24,"medianMs":543.38,"marginalRatio":1.002,"marginalRelativeGap":0.002,"medianLogRatio":0.017819,"ratio":1.018,"relativeGap":0.018,"rawBaselineMs":[500.08,514.35,542.24,518.75,548.57,505.4,517.65,566.87,516.96,509.13,551.22,553.27,566.17,554.28,551.28],"rawSampleMs":[543.78,548.36,512.33,545.71,506.03,540.72,543.38,511.75,543.26,501.86,562.63,563.22,561.44,559.27,541.77],"pairRatios":[1.087,1.066,1.058,1.052,1.084,1.07,1.05,1.108,1.051,1.014,1.021,1.018,1.008,1.009,1.018],"signedPairRatios":[1.087,1.066,0.945,1.052,0.922,1.07,1.05,0.903,1.051,0.986,1.021,1.018,0.992,1.009,0.983],"logRatios":[0.083767,0.064027,-0.056743,0.050669,-0.080723,0.06755,0.048498,-0.102295,0.049619,-0.014375,0.020484,0.017819,-0.008395,0.008956,-0.017398],"baselineFirstCount":8,"compareCalls":[5,5,5,5,5,5,5,5,5,5,5,5,5,5,5]}]}

      at info (tests/api/m20-phase7-login-timing-postgres.test.js:419:15)

  console.info
    [login-timing-supported-matrix] {"groupLabel":"costs-10-12","measuredOrders":[["cost-11","cost-10","cost-12"],["cost-11","cost-12","cost-10"],["cost-12","cost-11","cost-10"],["cost-12","cost-10","cost-11"],["cost-10","cost-12","cost-11"],["cost-10","cost-11","cost-12"],["cost-11","cost-10","cost-12"],["cost-11","cost-12","cost-10"],["cost-12","cost-11","cost-10"],["cost-12","cost-10","cost-11"],["cost-10","cost-12","cost-11"],["cost-10","cost-11","cost-12"],["cost-11","cost-10","cost-12"],["cost-11","cost-12","cost-10"],["cost-12","cost-11","cost-10"]],"costs":[{"cost":10,"baselineMedianMs":544.24,"medianMs":552.49,"marginalRatio":1.015,"marginalRelativeGap":0.015,"medianLogRatio":0.007332,"ratio":1.007,"relativeGap":0.007,"rawBaselineMs":[508.34,534.48,575.43,567.4,544.24,506.42,575.16,571.17,540.2,511.43,530.4,564.34,560.11,567.98,534.78],"rawSampleMs":[512.08,565.65,550.22,552.49,557.74,557.16,565.45,542.7,564.56,551.13,511.79,574.76,541.01,550.23,563.67],"pairRatios":[1.007,1.058,1.046,1.027,1.025,1.1,1.017,1.052,1.045,1.078,1.036,1.018,1.035,1.032,1.054],"signedPairRatios":[1.007,1.058,0.956,0.974,1.025,1.1,0.983,0.95,1.045,1.078,0.965,1.018,0.966,0.969,1.054],"logRatios":[0.007332,0.056674,-0.044804,-0.026622,0.024498,0.095484,-0.017016,-0.051134,0.044111,0.074761,-0.035723,0.018295,-0.034691,-0.031752,0.052604],"baselineFirstCount":8,"compareCalls":[4,4,4,4,4,4,4,4,4,4,4,4,4,4,4]},{"cost":11,"baselineMedianMs":548.87,"medianMs":557.39,"marginalRatio":1.016,"marginalRelativeGap":0.015,"medianLogRatio":-0.002067,"ratio":1.002,"relativeGap":0.002,"rawBaselineMs":[541.22,524.61,549.57,549.99,535.11,560.85,532.56,566.12,538.96,538.6,555.04,544.13,548.87,563.37,560.43],"rawSampleMs":[515.15,523.53,561.33,557.39,534.05,559.24,562.8,561.46,562,511.85,546.49,562.66,543.53,565.47,538.85],"pairRatios":[1.051,1.002,1.021,1.013,1.002,1.003,1.057,1.008,1.043,1.052,1.016,1.034,1.01,1.004,1.04],"signedPairRatios":[0.952,0.998,1.021,1.013,0.998,0.997,1.057,0.992,1.043,0.95,0.985,1.034,0.99,1.004,0.962],"logRatios":[-0.049361,-0.002067,0.021182,0.013354,-0.001976,-0.002873,0.055227,-0.008263,0.041856,-0.050941,-0.015523,0.033484,-0.00978,0.003714,-0.039255],"baselineFirstCount":7,"compareCalls":[3,3,3,3,3,3,3,3,3,3,3,3,3,3,3]},{"cost":12,"baselineMedianMs":550.41,"medianMs":543.61,"marginalRatio":1.013,"marginalRelativeGap":0.012,"medianLogRatio":-0.015206,"ratio":1.015,"relativeGap":0.015,"rawBaselineMs":[479.2,540.52,557.43,565.43,558.32,533.57,545,593.74,587.84,508.16,534.61,569.16,550.41,556.52,543.09],"rawSampleMs":[541.16,536.67,546.74,584.44,543.61,525.51,562.18,540.85,557.23,536.83,525.47,552.93,520.12,570.79,563.54],"pairRatios":[1.129,1.007,1.02,1.034,1.027,1.015,1.032,1.098,1.055,1.056,1.017,1.029,1.058,1.026,1.038],"signedPairRatios":[1.129,0.993,0.981,1.034,0.974,0.985,1.032,0.911,0.948,1.056,0.983,0.971,0.945,1.026,1.038],"logRatios":[0.121606,-0.007144,-0.019366,0.033076,-0.026704,-0.015206,0.031036,-0.09329,-0.053474,0.054879,-0.017257,-0.028927,-0.056619,0.02532,0.036966],"baselineFirstCount":8,"compareCalls":[2,2,2,2,2,2,2,2,2,2,2,2,2,2,2]}]}

      at info (tests/api/m20-phase7-login-timing-postgres.test.js:419:15)

  console.info
    [login-timing-unsupported-matrix] {"measuredOrders":[["unsupported13","unsupported31","malformed"],["unsupported13","malformed","unsupported31"],["malformed","unsupported13","unsupported31"],["malformed","unsupported31","unsupported13"],["unsupported31","malformed","unsupported13"],["unsupported31","unsupported13","malformed"],["unsupported13","unsupported31","malformed"],["unsupported13","malformed","unsupported31"],["malformed","unsupported13","unsupported31"],["malformed","unsupported31","unsupported13"],["unsupported31","malformed","unsupported13"],["unsupported31","unsupported13","malformed"],["unsupported13","unsupported31","malformed"],["unsupported13","malformed","unsupported31"],["malformed","unsupported13","unsupported31"]],"classes":[{"name":"unsupported31","baselineMedianMs":544.01,"baselineFirstCount":8,"logRatios":[-0.05472,-0.063321,-0.039481,0.04536,-0.09455,-0.040804,0.03177,-0.028375,0.104255,-0.094774,-0.007734,0.05851,0.032398,-0.011089,-0.036716],"marginalRatio":1.004,"marginalRelativeGap":0.004,"medianLogRatio":-0.028375,"medianMs":541.78,"ratio":1.029,"relativeGap":0.028,"pairRatios":[1.056,1.065,1.04,1.046,1.099,1.042,1.032,1.029,1.11,1.099,1.008,1.06,1.033,1.011,1.037],"rawBaselineMs":[540.32,567.34,536.11,529.66,565.09,569.91,544.01,557.38,487,528.91,565.86,537.45,547.71,538.75,582.17],"rawSampleMs":[511.55,532.53,515.35,554.24,514.11,547.13,561.57,541.78,540.51,481.08,561.5,569.83,565.75,532.8,561.18],"signedPairRatios":[0.947,0.939,0.961,1.046,0.91,0.96,1.032,0.972,1.11,0.91,0.992,1.06,1.033,0.989,0.964]},{"name":"malformed","baselineMedianMs":550.21,"baselineFirstCount":7,"logRatios":[-0.025388,0.062586,-0.03558,-0.03874,0.062904,0.061119,0.042663,-0.003329,0.010091,0.121341,-0.021292,0.019559,-0.044915,0.039091,-0.003071],"marginalRatio":1.02,"marginalRelativeGap":0.019,"medianLogRatio":0.010091,"medianMs":561.08,"ratio":1.01,"relativeGap":0.01,"pairRatios":[1.026,1.065,1.036,1.04,1.065,1.063,1.044,1.003,1.01,1.129,1.022,1.02,1.046,1.04,1.003],"rawBaselineMs":[544.1,533.22,562.65,551.17,541.08,528.22,548.59,565.91,562.38,477.87,554.26,550.21,561.58,529.42,564.94],"rawSampleMs":[530.46,567.66,542.98,530.23,576.21,561.51,572.5,564.03,568.08,539.52,542.59,561.08,536.92,550.53,563.21],"signedPairRatios":[0.975,1.065,0.965,0.962,1.065,1.063,1.044,0.997,1.01,1.129,0.979,1.02,0.956,1.04,0.997]},{"name":"unsupported13","baselineMedianMs":548.3,"baselineFirstCount":8,"logRatios":[-0.053339,-0.063159,0.063348,0.051752,0.021865,-0.053118,0.014046,0.008983,0.066861,-0.340874,-0.031384,0.046391,0.058782,0.077535,-0.030191],"marginalRatio":1.016,"marginalRelativeGap":0.016,"medianLogRatio":0.014046,"medianMs":557.23,"ratio":1.014,"relativeGap":0.014,"pairRatios":[1.055,1.065,1.065,1.053,1.022,1.055,1.014,1.009,1.069,1.406,1.032,1.047,1.061,1.081,1.031],"rawBaselineMs":[538.97,573.89,529.31,538.51,548.3,566.35,564.53,563.55,504.21,695.55,568.04,544.82,535.73,515.66,567.15],"rawSampleMs":[510.98,538.77,563.93,567.11,560.42,537.05,572.51,568.64,539.08,494.64,550.49,570.69,568.16,557.23,550.29],"signedPairRatios":[0.948,0.939,1.065,1.053,1.022,0.948,1.014,1.009,1.069,0.711,0.969,1.047,1.061,1.081,0.97]}]}

      at Object.info (tests/api/m20-phase7-login-timing-postgres.test.js:725:15)

  console.log
    [DB] Migration applied: 001_initial_schema.sql

      at log (src/db.js:1312:42)

  console.log
    [DB] Migration applied: 002_seed_data.sql

      at log (src/db.js:1312:42)

  console.log
    [DB] Migration applied: 003_voice_sessions.sql

      at log (src/db.js:1312:42)

  console.log
    [DB] Migration applied: 004_canonical_persistence_v2.sql

      at log (src/db.js:1312:42)

  console.log
    [DB] Migration applied: 005_canonical_organization_authority.sql

      at log (src/db.js:1312:42)

  console.log
    [DB] Migration applied: 006_canonical_voice_sessions.sql

      at log (src/db.js:1312:42)

  console.log
    [DB] Migration applied: 007_canonical_tax_authority.sql

      at log (src/db.js:1312:42)

  console.log
    [DB] Migration applied: 008_canonical_demo_authority.sql

      at log (src/db.js:1312:42)

  console.log
    [DB] Migration applied: 009_canonical_voice_provider_identity.sql

      at log (src/db.js:1312:42)

  console.log
    [DB] Migration applied: 010_account_session_authority.sql

      at log (src/db.js:1312:42)

  console.log
    [DB] Migration applied: 011_oauth_authorization_states.sql

      at log (src/db.js:1312:42)

  console.log
    [DB] Migration applied: 012_account_verification_trial.sql

      at log (src/db.js:1312:42)

  console.log
    [DB] Migration applied: 015_workforce_authority.sql

      at log (src/db.js:1312:42)

  console.log
    [DB] Migration applied: 016_tenant_asset_catalogue.sql

      at log (src/db.js:1312:42)

  console.log
    [DB] Migration applied: 017_retell_webhook_replay_authority.sql

      at log (src/db.js:1312:42)

  console.log
    [DB] Migration applied: 018_canonical_map_preferences.sql

      at log (src/db.js:1312:42)

  console.log
    [DB] Migration applied: 019_account_email_outbox.sql

      at log (src/db.js:1312:42)

  console.log
    [DB] Migration applied: 020_canonical_workforce_access_roles.sql

      at log (src/db.js:1312:42)

  console.log
    [DB] Migration applied: 021_bounded_api_observability.sql

      at log (src/db.js:1312:42)

  console.log
    [DB] Migration applied: 022_demo_command_center_sessions.sql

      at log (src/db.js:1312:42)

  console.log
    [DB] Migration applied: 023_homepage_demo_admission.sql

      at log (src/db.js:1312:42)

  console.log
    [DB] Migration applied: 024_homepage_verified_purge_receipt.sql

      at log (src/db.js:1312:42)

  console.log
    [DB] Migration applied: 025_provider_agnostic_knowledge_registry.sql

      at log (src/db.js:1312:42)

  console.log
    [DB] Migration applied: 026_canonical_knowledge_review_publication.sql

      at log (src/db.js:1312:42)

  console.log
    [DB] Migration applied: 027_canonical_knowledge_audit_graph_authority.sql

      at log (src/db.js:1312:42)

  console.log
    [DB] Migration applied: 028_canonical_knowledge_immutable_lifecycle.sql

      at log (src/db.js:1312:42)

  console.log
    [DB] Migration applied: 029_canonical_knowledge_transactional_sync.sql

      at log (src/db.js:1312:42)

  console.log
    [DB] Migration applied: 030_canonical_knowledge_sync_revocation.sql

      at log (src/db.js:1312:42)

  console.log
    [DB] Migration applied: 031_canonical_knowledge_sync_recovery_lifecycle.sql

      at log (src/db.js:1312:42)

  console.log
    [DB] Migration applied: 032_canonical_schedule_assignment_authority.sql

      at log (src/db.js:1312:42)

  console.log
    [DB] Migration applied: 033_canonical_schedule_time_evidence.sql

      at log (src/db.js:1312:42)

  console.log
    [DB] Migration applied: 034_schedule_availability_conflict_authority.sql

      at log (src/db.js:1312:42)

  console.log
    [DB] Migration applied: 035_schedule_human_preview_approval.sql

      at log (src/db.js:1312:42)

  console.log
    [DB] Migration applied: 001_initial_schema.sql

      at log (src/db.js:1312:42)

  console.log
    [DB] Migration applied: 002_seed_data.sql

      at log (src/db.js:1312:42)

  console.log
    [DB] Migration applied: 003_voice_sessions.sql

      at log (src/db.js:1312:42)

  console.log
    [DB] Migration applied: 004_canonical_persistence_v2.sql

      at log (src/db.js:1312:42)

  console.log
    [DB] Migration applied: 005_canonical_organization_authority.sql

      at log (src/db.js:1312:42)

  console.log
    [DB] Migration applied: 006_canonical_voice_sessions.sql

      at log (src/db.js:1312:42)

  console.log
    [DB] Migration applied: 007_canonical_tax_authority.sql

      at log (src/db.js:1312:42)

  console.log
    [DB] Migration applied: 008_canonical_demo_authority.sql

      at log (src/db.js:1312:42)

  console.log
    [DB] Migration applied: 009_canonical_voice_provider_identity.sql

      at log (src/db.js:1312:42)

  console.log
    [DB] Migration applied: 010_account_session_authority.sql

      at log (src/db.js:1312:42)

  console.log
    [DB] Migration applied: 011_oauth_authorization_states.sql

      at log (src/db.js:1312:42)

  console.log
    [DB] Migration applied: 012_account_verification_trial.sql

      at log (src/db.js:1312:42)

  console.log
    [DB] Migration applied: 015_workforce_authority.sql

      at log (src/db.js:1312:42)

  console.log
    [DB] Migration applied: 016_tenant_asset_catalogue.sql

      at log (src/db.js:1312:42)

  console.log
    [DB] Migration applied: 017_retell_webhook_replay_authority.sql

      at log (src/db.js:1312:42)

  console.log
    [DB] Migration applied: 018_canonical_map_preferences.sql

      at log (src/db.js:1312:42)

  console.log
    [DB] Migration applied: 019_account_email_outbox.sql

      at log (src/db.js:1312:42)

  console.log
    [DB] Migration applied: 020_canonical_workforce_access_roles.sql

      at log (src/db.js:1312:42)

  console.log
    [DB] Migration applied: 021_bounded_api_observability.sql

      at log (src/db.js:1312:42)

  console.log
    [DB] Migration applied: 022_demo_command_center_sessions.sql

      at log (src/db.js:1312:42)

  console.log
    [DB] Migration applied: 023_homepage_demo_admission.sql

      at log (src/db.js:1312:42)

  console.log
    [DB] Migration applied: 024_homepage_verified_purge_receipt.sql

      at log (src/db.js:1312:42)

  console.log
    [DB] Migration applied: 025_provider_agnostic_knowledge_registry.sql

      at log (src/db.js:1312:42)

  console.log
    [DB] Migration applied: 026_canonical_knowledge_review_publication.sql

      at log (src/db.js:1312:42)

  console.log
    [DB] Migration applied: 027_canonical_knowledge_audit_graph_authority.sql

      at log (src/db.js:1312:42)

  console.log
    [DB] Migration applied: 028_canonical_knowledge_immutable_lifecycle.sql

      at log (src/db.js:1312:42)

  console.log
    [DB] Migration applied: 029_canonical_knowledge_transactional_sync.sql

      at log (src/db.js:1312:42)

  console.log
    [DB] Migration applied: 030_canonical_knowledge_sync_revocation.sql

      at log (src/db.js:1312:42)

  console.log
    [DB] Migration applied: 031_canonical_knowledge_sync_recovery_lifecycle.sql

      at log (src/db.js:1312:42)

  console.log
    [DB] Migration applied: 032_canonical_schedule_assignment_authority.sql

      at log (src/db.js:1312:42)

  console.log
    [DB] Migration applied: 033_canonical_schedule_time_evidence.sql

      at log (src/db.js:1312:42)

  console.log
    [DB] Migration applied: 034_schedule_availability_conflict_authority.sql

      at log (src/db.js:1312:42)

  console.log
    [DB] Migration applied: 035_schedule_human_preview_approval.sql

      at log (src/db.js:1312:42)

  console.log
    [DB] Migration applied: 001_initial_schema.sql

      at log (src/db.js:1312:42)

  console.log
    [DB] Migration applied: 002_seed_data.sql

      at log (src/db.js:1312:42)

  console.log
    [DB] Migration applied: 003_voice_sessions.sql

      at log (src/db.js:1312:42)

  console.log
    [DB] Migration applied: 004_canonical_persistence_v2.sql

      at log (src/db.js:1312:42)

  console.log
    [DB] Migration applied: 005_canonical_organization_authority.sql

      at log (src/db.js:1312:42)

  console.log
    [DB] Migration applied: 006_canonical_voice_sessions.sql

      at log (src/db.js:1312:42)

  console.log
    [DB] Migration applied: 007_canonical_tax_authority.sql

      at log (src/db.js:1312:42)

  console.log
    [DB] Migration applied: 008_canonical_demo_authority.sql

      at log (src/db.js:1312:42)

  console.log
    [DB] Migration applied: 009_canonical_voice_provider_identity.sql

      at log (src/db.js:1312:42)

  console.log
    [DB] Migration applied: 010_account_session_authority.sql

      at log (src/db.js:1312:42)

  console.log
    [DB] Migration applied: 011_oauth_authorization_states.sql

      at log (src/db.js:1312:42)

  console.log
    [DB] Migration applied: 012_account_verification_trial.sql

      at log (src/db.js:1312:42)

  console.log
    [DB] Migration applied: 015_workforce_authority.sql

      at log (src/db.js:1312:42)

  console.log
    [DB] Migration applied: 016_tenant_asset_catalogue.sql

      at log (src/db.js:1312:42)

  console.log
    [DB] Migration applied: 017_retell_webhook_replay_authority.sql

      at log (src/db.js:1312:42)

  console.log
    [DB] Migration applied: 018_canonical_map_preferences.sql

      at log (src/db.js:1312:42)

  console.log
    [DB] Migration applied: 019_account_email_outbox.sql

      at log (src/db.js:1312:42)

  console.log
    [DB] Migration applied: 020_canonical_workforce_access_roles.sql

      at log (src/db.js:1312:42)

  console.log
    [DB] Migration applied: 021_bounded_api_observability.sql

      at log (src/db.js:1312:42)

  console.log
    [DB] Migration applied: 022_demo_command_center_sessions.sql

      at log (src/db.js:1312:42)

  console.log
    [DB] Migration applied: 023_homepage_demo_admission.sql

      at log (src/db.js:1312:42)

  console.log
    [DB] Migration applied: 024_homepage_verified_purge_receipt.sql

      at log (src/db.js:1312:42)

  console.log
    [DB] Migration applied: 025_provider_agnostic_knowledge_registry.sql

      at log (src/db.js:1312:42)

  console.log
    [DB] Migration applied: 026_canonical_knowledge_review_publication.sql

      at log (src/db.js:1312:42)

  console.log
    [DB] Migration applied: 027_canonical_knowledge_audit_graph_authority.sql

      at log (src/db.js:1312:42)

  console.log
    [DB] Migration applied: 028_canonical_knowledge_immutable_lifecycle.sql

      at log (src/db.js:1312:42)

  console.log
    [DB] Migration applied: 029_canonical_knowledge_transactional_sync.sql

      at log (src/db.js:1312:42)

  console.log
    [DB] Migration applied: 030_canonical_knowledge_sync_revocation.sql

      at log (src/db.js:1312:42)

  console.log
    [DB] Migration applied: 031_canonical_knowledge_sync_recovery_lifecycle.sql

      at log (src/db.js:1312:42)

  console.log
    [DB] Migration applied: 032_canonical_schedule_assignment_authority.sql

      at log (src/db.js:1312:42)

  console.log
    [DB] Migration applied: 033_canonical_schedule_time_evidence.sql

      at log (src/db.js:1312:42)

  console.log
    [DB] Migration applied: 034_schedule_availability_conflict_authority.sql

      at log (src/db.js:1312:42)

  console.log
    [DB] Migration applied: 035_schedule_human_preview_approval.sql

      at log (src/db.js:1312:42)

  console.info
    [forgot-password-timing-matrix] {"measuredRounds":15,"summaries":[{"baselineFirstCount":8,"baselineMedianMs":116.415,"classMedianMs":116.843,"cliffsDelta":0.298,"logRatios":[-0.012749,0.000078,0.012909,0.098347,0.053165,0.009759,-0.001536,0.006301,-0.006147,0.004732,0.012273,0.015992,0.007484,-0.062655,-0.00892],"marginalRatio":1.004,"medianLogRatio":0.006301,"name":"malformed","probabilityClassSlower":0.649,"ratio":1.006,"relativeGap":0.006,"rawBaselineMs":[117.103,117.695,116.056,106.662,110.793,116.415,116.838,116.438,116.752,116.047,116.369,114.284,116.205,116.539,117.038],"rawClassMs":[115.619,117.704,117.564,117.685,116.843,117.556,116.659,117.174,116.037,116.597,117.806,116.126,117.078,109.462,115.999]},{"baselineFirstCount":7,"baselineMedianMs":116.478,"classMedianMs":115.799,"cliffsDelta":-0.236,"logRatios":[0.009016,-0.012547,-0.005357,-0.092435,0.01138,0.011421,-0.004453,0.006439,-0.008063,0.012411,0.003214,-0.022796,-0.020483,-0.207428,0.104483],"marginalRatio":1.006,"medianLogRatio":-0.004453,"name":"absent","probabilityClassSlower":0.382,"ratio":1.004,"relativeGap":0.004,"rawBaselineMs":[116.431,116.821,116.258,117.046,116.478,115.543,117.014,115.056,117.717,115.959,116.321,118.254,117.534,132.765,104.098],"rawClassMs":[117.486,115.364,115.637,106.712,117.811,116.87,116.494,115.799,116.772,117.407,116.696,115.589,115.151,107.894,115.563]},{"baselineFirstCount":8,"baselineMedianMs":116.359,"classMedianMs":116.252,"cliffsDelta":-0.129,"logRatios":[0.002532,0.003448,-0.12323,-0.018098,-0.045728,-0.000545,-0.000888,-0.006905,-0.00918,0.017414,-0.005277,-0.004344,-0.00739,0.00655,0.033957],"marginalRatio":1.001,"medianLogRatio":-0.004344,"name":"membership-inactive","probabilityClassSlower":0.436,"ratio":1.004,"relativeGap":0.004,"rawBaselineMs":[115.892,116.512,118.379,117.469,109.934,116.157,116.356,117.511,117.661,115.393,117.003,116.075,116.633,116.359,113.865],"rawClassMs":[116.186,116.914,104.654,115.362,105.02,116.094,116.252,116.702,116.586,117.42,116.387,115.572,115.775,117.124,117.798]},{"baselineFirstCount":7,"baselineMedianMs":116.811,"classMedianMs":116.471,"cliffsDelta":-0.218,"logRatios":[-0.0275,0.004496,-0.05049,0.069369,0.054414,0.001363,-0.006268,0.006329,0.008395,-0.014179,-0.020692,-0.007313,0.012718,0.001454,-0.01613],"marginalRatio":1.003,"medianLogRatio":0.001363,"name":"disabled","probabilityClassSlower":0.391,"ratio":1.001,"relativeGap":0.001,"rawBaselineMs":[118.142,115.746,116.869,109.008,105.325,116.811,117.204,116.057,116.335,117.426,118.125,118.622,116.499,116.606,117.042],"rawClassMs":[114.938,116.267,111.115,116.839,111.215,116.971,116.471,116.794,117.316,115.772,115.706,117.758,117.99,116.776,115.17]}]}

      at Object.info (tests/api/m20-phase7-forgot-password-timing-postgres.test.js:277:13)

  console.log
    [DB] Migration applied: 001_initial_schema.sql

      at log (src/db.js:1312:42)

  console.log
    [DB] Migration applied: 002_seed_data.sql

      at log (src/db.js:1312:42)

  console.log
    [DB] Migration applied: 003_voice_sessions.sql

      at log (src/db.js:1312:42)

  console.log
    [DB] Migration applied: 004_canonical_persistence_v2.sql

      at log (src/db.js:1312:42)

  console.log
    [DB] Migration applied: 005_canonical_organization_authority.sql

      at log (src/db.js:1312:42)

  console.log
    [DB] Migration applied: 006_canonical_voice_sessions.sql

      at log (src/db.js:1312:42)

  console.log
    [DB] Migration applied: 007_canonical_tax_authority.sql

      at log (src/db.js:1312:42)

  console.log
    [DB] Migration applied: 008_canonical_demo_authority.sql

      at log (src/db.js:1312:42)

  console.log
    [DB] Migration applied: 009_canonical_voice_provider_identity.sql

      at log (src/db.js:1312:42)

  console.log
    [DB] Migration applied: 010_account_session_authority.sql

      at log (src/db.js:1312:42)

  console.log
    [DB] Migration applied: 011_oauth_authorization_states.sql

      at log (src/db.js:1312:42)

  console.log
    [DB] Migration applied: 012_account_verification_trial.sql

      at log (src/db.js:1312:42)

  console.log
    [DB] Migration applied: 015_workforce_authority.sql

      at log (src/db.js:1312:42)

  console.log
    [DB] Migration applied: 016_tenant_asset_catalogue.sql

      at log (src/db.js:1312:42)

  console.log
    [DB] Migration applied: 017_retell_webhook_replay_authority.sql

      at log (src/db.js:1312:42)

  console.log
    [DB] Migration applied: 018_canonical_map_preferences.sql

      at log (src/db.js:1312:42)

  console.log
    [DB] Migration applied: 019_account_email_outbox.sql

      at log (src/db.js:1312:42)

  console.log
    [DB] Migration applied: 020_canonical_workforce_access_roles.sql

      at log (src/db.js:1312:42)

  console.log
    [DB] Migration applied: 021_bounded_api_observability.sql

      at log (src/db.js:1312:42)

  console.log
    [DB] Migration applied: 022_demo_command_center_sessions.sql

      at log (src/db.js:1312:42)

  console.log
    [DB] Migration applied: 023_homepage_demo_admission.sql

      at log (src/db.js:1312:42)

  console.log
    [DB] Migration applied: 024_homepage_verified_purge_receipt.sql

      at log (src/db.js:1312:42)

  console.log
    [DB] Migration applied: 025_provider_agnostic_knowledge_registry.sql

      at log (src/db.js:1312:42)

  console.log
    [DB] Migration applied: 026_canonical_knowledge_review_publication.sql

      at log (src/db.js:1312:42)

  console.log
    [DB] Migration applied: 027_canonical_knowledge_audit_graph_authority.sql

      at log (src/db.js:1312:42)

  console.log
    [DB] Migration applied: 028_canonical_knowledge_immutable_lifecycle.sql

      at log (src/db.js:1312:42)

  console.log
    [DB] Migration applied: 029_canonical_knowledge_transactional_sync.sql

      at log (src/db.js:1312:42)

  console.log
    [DB] Migration applied: 030_canonical_knowledge_sync_revocation.sql

      at log (src/db.js:1312:42)

  console.log
    [DB] Migration applied: 031_canonical_knowledge_sync_recovery_lifecycle.sql

      at log (src/db.js:1312:42)

  console.log
    [DB] Migration applied: 032_canonical_schedule_assignment_authority.sql

      at log (src/db.js:1312:42)

  console.log
    [DB] Migration applied: 033_canonical_schedule_time_evidence.sql

      at log (src/db.js:1312:42)

  console.log
    [DB] Migration applied: 034_schedule_availability_conflict_authority.sql

      at log (src/db.js:1312:42)

  console.log
    [DB] Migration applied: 035_schedule_human_preview_approval.sql

      at log (src/db.js:1312:42)

  console.log
    [DB] Migration applied: 001_initial_schema.sql

      at log (src/db.js:1312:42)

  console.log
    [DB] Migration applied: 002_seed_data.sql

      at log (src/db.js:1312:42)

  console.log
    [DB] Migration applied: 003_voice_sessions.sql

      at log (src/db.js:1312:42)

  console.log
    [DB] Migration applied: 004_canonical_persistence_v2.sql

      at log (src/db.js:1312:42)

  console.log
    [DB] Migration applied: 005_canonical_organization_authority.sql

      at log (src/db.js:1312:42)

  console.log
    [DB] Migration applied: 006_canonical_voice_sessions.sql

      at log (src/db.js:1312:42)

  console.log
    [DB] Migration applied: 007_canonical_tax_authority.sql

      at log (src/db.js:1312:42)

  console.log
    [DB] Migration applied: 008_canonical_demo_authority.sql

      at log (src/db.js:1312:42)

  console.log
    [DB] Migration applied: 009_canonical_voice_provider_identity.sql

      at log (src/db.js:1312:42)

  console.log
    [DB] Migration applied: 010_account_session_authority.sql

      at log (src/db.js:1312:42)

  console.log
    [DB] Migration applied: 011_oauth_authorization_states.sql

      at log (src/db.js:1312:42)

  console.log
    [DB] Migration applied: 012_account_verification_trial.sql

      at log (src/db.js:1312:42)

  console.log
    [DB] Migration applied: 015_workforce_authority.sql

      at log (src/db.js:1312:42)

  console.log
    [DB] Migration applied: 016_tenant_asset_catalogue.sql

      at log (src/db.js:1312:42)

  console.log
    [DB] Migration applied: 017_retell_webhook_replay_authority.sql

      at log (src/db.js:1312:42)

  console.log
    [DB] Migration applied: 018_canonical_map_preferences.sql

      at log (src/db.js:1312:42)

  console.log
    [DB] Migration applied: 019_account_email_outbox.sql

      at log (src/db.js:1312:42)

  console.log
    [DB] Migration applied: 020_canonical_workforce_access_roles.sql

      at log (src/db.js:1312:42)

  console.log
    [DB] Migration applied: 021_bounded_api_observability.sql

      at log (src/db.js:1312:42)

  console.log
    [DB] Migration applied: 022_demo_command_center_sessions.sql

      at log (src/db.js:1312:42)

  console.log
    [DB] Migration applied: 023_homepage_demo_admission.sql

      at log (src/db.js:1312:42)

  console.log
    [DB] Migration applied: 024_homepage_verified_purge_receipt.sql

      at log (src/db.js:1312:42)

  console.log
    [DB] Migration applied: 025_provider_agnostic_knowledge_registry.sql

      at log (src/db.js:1312:42)

  console.log
    [DB] Migration applied: 026_canonical_knowledge_review_publication.sql

      at log (src/db.js:1312:42)

  console.log
    [DB] Migration applied: 027_canonical_knowledge_audit_graph_authority.sql

      at log (src/db.js:1312:42)

  console.log
    [DB] Migration applied: 028_canonical_knowledge_immutable_lifecycle.sql

      at log (src/db.js:1312:42)

  console.log
    [DB] Migration applied: 029_canonical_knowledge_transactional_sync.sql

      at log (src/db.js:1312:42)

  console.log
    [DB] Migration applied: 030_canonical_knowledge_sync_revocation.sql

      at log (src/db.js:1312:42)

  console.log
    [DB] Migration applied: 031_canonical_knowledge_sync_recovery_lifecycle.sql

      at log (src/db.js:1312:42)

  console.log
    [DB] Migration applied: 032_canonical_schedule_assignment_authority.sql

      at log (src/db.js:1312:42)

  console.log
    [DB] Migration applied: 033_canonical_schedule_time_evidence.sql

      at log (src/db.js:1312:42)

  console.log
    [DB] Migration applied: 034_schedule_availability_conflict_authority.sql

      at log (src/db.js:1312:42)

  console.log
    [DB] Migration applied: 035_schedule_human_preview_approval.sql

      at log (src/db.js:1312:42)

  console.log
    [DB] Migration applied: 001_initial_schema.sql

      at log (src/db.js:1312:42)

  console.log
    [DB] Migration applied: 002_seed_data.sql

      at log (src/db.js:1312:42)

  console.log
    [DB] Migration applied: 003_voice_sessions.sql

      at log (src/db.js:1312:42)

  console.log
    [DB] Migration applied: 004_canonical_persistence_v2.sql

      at log (src/db.js:1312:42)

  console.log
    [DB] Migration applied: 005_canonical_organization_authority.sql

      at log (src/db.js:1312:42)

  console.log
    [DB] Migration applied: 006_canonical_voice_sessions.sql

      at log (src/db.js:1312:42)

  console.log
    [DB] Migration applied: 007_canonical_tax_authority.sql

      at log (src/db.js:1312:42)

  console.log
    [DB] Migration applied: 008_canonical_demo_authority.sql

      at log (src/db.js:1312:42)

  console.log
    [DB] Migration applied: 009_canonical_voice_provider_identity.sql

      at log (src/db.js:1312:42)

  console.log
    [DB] Migration applied: 010_account_session_authority.sql

      at log (src/db.js:1312:42)

  console.log
    [DB] Migration applied: 011_oauth_authorization_states.sql

      at log (src/db.js:1312:42)

  console.log
    [DB] Migration applied: 012_account_verification_trial.sql

      at log (src/db.js:1312:42)

  console.log
    [DB] Migration applied: 015_workforce_authority.sql

      at log (src/db.js:1312:42)

  console.log
    [DB] Migration applied: 016_tenant_asset_catalogue.sql

      at log (src/db.js:1312:42)

  console.log
    [DB] Migration applied: 017_retell_webhook_replay_authority.sql

      at log (src/db.js:1312:42)

  console.log
    [DB] Migration applied: 018_canonical_map_preferences.sql

      at log (src/db.js:1312:42)

  console.log
    [DB] Migration applied: 019_account_email_outbox.sql

      at log (src/db.js:1312:42)

  console.log
    [DB] Migration applied: 020_canonical_workforce_access_roles.sql

      at log (src/db.js:1312:42)

  console.log
    [DB] Migration applied: 021_bounded_api_observability.sql

      at log (src/db.js:1312:42)

  console.log
    [DB] Migration applied: 022_demo_command_center_sessions.sql

      at log (src/db.js:1312:42)

  console.log
    [DB] Migration applied: 023_homepage_demo_admission.sql

      at log (src/db.js:1312:42)

  console.log
    [DB] Migration applied: 024_homepage_verified_purge_receipt.sql

      at log (src/db.js:1312:42)

  console.log
    [DB] Migration applied: 025_provider_agnostic_knowledge_registry.sql

      at log (src/db.js:1312:42)

  console.log
    [DB] Migration applied: 026_canonical_knowledge_review_publication.sql

      at log (src/db.js:1312:42)

  console.log
    [DB] Migration applied: 027_canonical_knowledge_audit_graph_authority.sql

      at log (src/db.js:1312:42)

  console.log
    [DB] Migration applied: 028_canonical_knowledge_immutable_lifecycle.sql

      at log (src/db.js:1312:42)

  console.log
    [DB] Migration applied: 029_canonical_knowledge_transactional_sync.sql

      at log (src/db.js:1312:42)

  console.log
    [DB] Migration applied: 030_canonical_knowledge_sync_revocation.sql

      at log (src/db.js:1312:42)

  console.log
    [DB] Migration applied: 031_canonical_knowledge_sync_recovery_lifecycle.sql

      at log (src/db.js:1312:42)

  console.log
    [DB] Migration applied: 032_canonical_schedule_assignment_authority.sql

      at log (src/db.js:1312:42)

  console.log
    [DB] Migration applied: 033_canonical_schedule_time_evidence.sql

      at log (src/db.js:1312:42)

  console.log
    [DB] Migration applied: 034_schedule_availability_conflict_authority.sql

      at log (src/db.js:1312:42)

  console.log
    [DB] Migration applied: 035_schedule_human_preview_approval.sql

      at log (src/db.js:1312:42)

  console.info
    {
      component: 'http',
      event: 'request_completed',
      requestId: '0c9f2c12-dde3-44e1-83d6-d96aa8ce9122',
      methodClass: 'POST',
      durationMs: 303,
      statusCode: 202
    }

      at write (src/observability/safeLogger.js:178:17)

  console.info
    {
      component: 'http',
      event: 'request_completed',
      requestId: '60b4f3c1-95e1-4034-978d-e41b3b0c63e7',
      methodClass: 'POST',
      durationMs: 520,
      statusCode: 401
    }

      at write (src/observability/safeLogger.js:178:17)

  console.info
    {
      component: 'http',
      event: 'request_completed',
      requestId: '979ffa78-d930-4708-b3e4-3cbacd0d2a4d',
      methodClass: 'POST',
      durationMs: 264,
      statusCode: 200
    }

      at write (src/observability/safeLogger.js:178:17)

  console.log
    [DB] Migration applied: 001_initial_schema.sql

      at log (src/db.js:1312:42)

  console.log
    [DB] Migration applied: 002_seed_data.sql

      at log (src/db.js:1312:42)

  console.log
    [DB] Migration applied: 003_voice_sessions.sql

      at log (src/db.js:1312:42)

  console.log
    [DB] Migration applied: 004_canonical_persistence_v2.sql

      at log (src/db.js:1312:42)

  console.log
    [DB] Migration applied: 005_canonical_organization_authority.sql

      at log (src/db.js:1312:42)

  console.log
    [DB] Migration applied: 006_canonical_voice_sessions.sql

      at log (src/db.js:1312:42)

  console.log
    [DB] Migration applied: 007_canonical_tax_authority.sql

      at log (src/db.js:1312:42)

  console.log
    [DB] Migration applied: 008_canonical_demo_authority.sql

      at log (src/db.js:1312:42)

  console.log
    [DB] Migration applied: 009_canonical_voice_provider_identity.sql

      at log (src/db.js:1312:42)

  console.log
    [DB] Migration applied: 010_account_session_authority.sql

      at log (src/db.js:1312:42)

  console.log
    [DB] Migration applied: 011_oauth_authorization_states.sql

      at log (src/db.js:1312:42)

  console.log
    [DB] Migration applied: 012_account_verification_trial.sql

      at log (src/db.js:1312:42)

  console.log
    [DB] Migration applied: 015_workforce_authority.sql

      at log (src/db.js:1312:42)

  console.log
    [DB] Migration applied: 016_tenant_asset_catalogue.sql

      at log (src/db.js:1312:42)

  console.log
    [DB] Migration applied: 017_retell_webhook_replay_authority.sql

      at log (src/db.js:1312:42)

  console.log
    [DB] Migration applied: 018_canonical_map_preferences.sql

      at log (src/db.js:1312:42)

  console.log
    [DB] Migration applied: 019_account_email_outbox.sql

      at log (src/db.js:1312:42)

  console.log
    [DB] Migration applied: 020_canonical_workforce_access_roles.sql

      at log (src/db.js:1312:42)

  console.log
    [DB] Migration applied: 021_bounded_api_observability.sql

      at log (src/db.js:1312:42)

  console.log
    [DB] Migration applied: 022_demo_command_center_sessions.sql

      at log (src/db.js:1312:42)

  console.log
    [DB] Migration applied: 023_homepage_demo_admission.sql

      at log (src/db.js:1312:42)

  console.log
    [DB] Migration applied: 024_homepage_verified_purge_receipt.sql

      at log (src/db.js:1312:42)

  console.log
    [DB] Migration applied: 025_provider_agnostic_knowledge_registry.sql

      at log (src/db.js:1312:42)

  console.log
    [DB] Migration applied: 026_canonical_knowledge_review_publication.sql

      at log (src/db.js:1312:42)

  console.log
    [DB] Migration applied: 027_canonical_knowledge_audit_graph_authority.sql

      at log (src/db.js:1312:42)

  console.log
    [DB] Migration applied: 028_canonical_knowledge_immutable_lifecycle.sql

      at log (src/db.js:1312:42)

  console.log
    [DB] Migration applied: 029_canonical_knowledge_transactional_sync.sql

      at log (src/db.js:1312:42)

  console.log
    [DB] Migration applied: 030_canonical_knowledge_sync_revocation.sql

      at log (src/db.js:1312:42)

  console.log
    [DB] Migration applied: 031_canonical_knowledge_sync_recovery_lifecycle.sql

      at log (src/db.js:1312:42)

  console.log
    [DB] Migration applied: 032_canonical_schedule_assignment_authority.sql

      at log (src/db.js:1312:42)

  console.log
    [DB] Migration applied: 033_canonical_schedule_time_evidence.sql

      at log (src/db.js:1312:42)

  console.log
    [DB] Migration applied: 034_schedule_availability_conflict_authority.sql

      at log (src/db.js:1312:42)

  console.log
    [DB] Migration applied: 035_schedule_human_preview_approval.sql

      at log (src/db.js:1312:42)

  console.log
    [DB] Migration applied: 001_initial_schema.sql

      at Object.log [as runMigrations] (src/db.js:1312:42)

  console.log
    [DB] Migration applied: 002_seed_data.sql

      at Object.log [as runMigrations] (src/db.js:1312:42)

  console.log
    [DB] Migration applied: 003_voice_sessions.sql

      at Object.log [as runMigrations] (src/db.js:1312:42)

  console.log
    [DB] Migration applied: 004_canonical_persistence_v2.sql

      at Object.log [as runMigrations] (src/db.js:1312:42)

  console.log
    [DB] Migration applied: 005_canonical_organization_authority.sql

      at Object.log [as runMigrations] (src/db.js:1312:42)

  console.log
    [DB] Migration applied: 006_canonical_voice_sessions.sql

      at Object.log [as runMigrations] (src/db.js:1312:42)

  console.log
    [DB] Migration applied: 007_canonical_tax_authority.sql

      at Object.log [as runMigrations] (src/db.js:1312:42)

  console.log
    [DB] Migration applied: 008_canonical_demo_authority.sql

      at Object.log [as runMigrations] (src/db.js:1312:42)

  console.log
    [DB] Migration applied: 009_canonical_voice_provider_identity.sql

      at Object.log [as runMigrations] (src/db.js:1312:42)

  console.log
    [DB] Migration applied: 010_account_session_authority.sql

      at Object.log [as runMigrations] (src/db.js:1312:42)

  console.log
    [DB] Migration applied: 011_oauth_authorization_states.sql

      at Object.log [as runMigrations] (src/db.js:1312:42)

  console.log
    [DB] Migration applied: 012_account_verification_trial.sql

      at Object.log [as runMigrations] (src/db.js:1312:42)

  console.log
    [DB] Migration applied: 015_workforce_authority.sql

      at Object.log [as runMigrations] (src/db.js:1312:42)

  console.log
    [DB] Migration applied: 016_tenant_asset_catalogue.sql

      at Object.log [as runMigrations] (src/db.js:1312:42)

  console.log
    [DB] Migration applied: 017_retell_webhook_replay_authority.sql

      at Object.log [as runMigrations] (src/db.js:1312:42)

  console.log
    [DB] Migration applied: 018_canonical_map_preferences.sql

      at Object.log [as runMigrations] (src/db.js:1312:42)

  console.log
    [DB] Migration applied: 019_account_email_outbox.sql

      at Object.log [as runMigrations] (src/db.js:1312:42)

  console.log
    [DB] Migration applied: 020_canonical_workforce_access_roles.sql

      at Object.log [as runMigrations] (src/db.js:1312:42)

  console.log
    [DB] Migration applied: 021_bounded_api_observability.sql

      at Object.log [as runMigrations] (src/db.js:1312:42)

  console.log
    [DB] Migration applied: 022_demo_command_center_sessions.sql

      at Object.log [as runMigrations] (src/db.js:1312:42)

  console.log
    [DB] Migration applied: 023_homepage_demo_admission.sql

      at Object.log [as runMigrations] (src/db.js:1312:42)

  console.log
    [DB] Migration applied: 024_homepage_verified_purge_receipt.sql

      at Object.log [as runMigrations] (src/db.js:1312:42)

  console.log
    [DB] Migration applied: 025_provider_agnostic_knowledge_registry.sql

      at Object.log [as runMigrations] (src/db.js:1312:42)

  console.log
    [DB] Migration applied: 026_canonical_knowledge_review_publication.sql

      at Object.log [as runMigrations] (src/db.js:1312:42)

  console.log
    [DB] Migration applied: 027_canonical_knowledge_audit_graph_authority.sql

      at Object.log [as runMigrations] (src/db.js:1312:42)

  console.log
    [DB] Migration applied: 028_canonical_knowledge_immutable_lifecycle.sql

      at Object.log [as runMigrations] (src/db.js:1312:42)

  console.log
    [DB] Migration applied: 029_canonical_knowledge_transactional_sync.sql

      at Object.log [as runMigrations] (src/db.js:1312:42)

  console.log
    [DB] Migration applied: 030_canonical_knowledge_sync_revocation.sql

      at Object.log [as runMigrations] (src/db.js:1312:42)

  console.log
    [DB] Migration applied: 031_canonical_knowledge_sync_recovery_lifecycle.sql

      at Object.log [as runMigrations] (src/db.js:1312:42)

  console.log
    [DB] Migration applied: 032_canonical_schedule_assignment_authority.sql

      at Object.log [as runMigrations] (src/db.js:1312:42)

  console.log
    [DB] Migration applied: 033_canonical_schedule_time_evidence.sql

      at Object.log [as runMigrations] (src/db.js:1312:42)

  console.log
    [DB] Migration applied: 034_schedule_availability_conflict_authority.sql

      at Object.log [as runMigrations] (src/db.js:1312:42)

  console.log
    [DB] Migration applied: 035_schedule_human_preview_approval.sql

      at Object.log [as runMigrations] (src/db.js:1312:42)

  console.info
    {
      component: 'http',
      event: 'request_completed',
      requestId: 'e23e2931-afb7-4d7d-85ea-8258f14e1150',
      methodClass: 'POST',
      durationMs: 69,
      statusCode: 201
    }

      at write (src/observability/safeLogger.js:178:17)

  console.info
    {
      component: 'http',
      event: 'request_completed',
      requestId: '8400f799-ddf4-4286-b813-17728a058123',
      methodClass: 'POST',
      durationMs: 135,
      statusCode: 200
    }

      at write (src/observability/safeLogger.js:178:17)

  console.info
    {
      component: 'http',
      event: 'request_completed',
      requestId: 'dfe4f956-07c5-4a44-9709-841ba9724b4b',
      methodClass: 'POST',
      durationMs: 121,
      statusCode: 201
    }

      at write (src/observability/safeLogger.js:178:17)

  console.info
    {
      component: 'http',
      event: 'request_completed',
      requestId: '2933f088-4aaf-4669-a416-11a4502eabfa',
      methodClass: 'POST',
      durationMs: 174,
      statusCode: 200
    }

      at write (src/observability/safeLogger.js:178:17)

  console.info
    {
      component: 'http',
      event: 'request_completed',
      requestId: '6cf743cb-f76f-4ad6-b32f-64d5598eb57e',
      methodClass: 'GET',
      durationMs: 36,
      statusCode: 200
    }

      at write (src/observability/safeLogger.js:178:17)

  console.info
    {
      component: 'http',
      event: 'request_completed',
      requestId: '41146432-02c8-4883-9871-20e086b09a45',
      methodClass: 'GET',
      durationMs: 4,
      statusCode: 403
    }

      at write (src/observability/safeLogger.js:178:17)

  console.info
    {
      component: 'http',
      event: 'request_completed',
      requestId: 'b90bfdc7-228b-4ea0-8092-df7aa6508e40',
      methodClass: 'GET',
      durationMs: 5,
      statusCode: 403
    }

      at write (src/observability/safeLogger.js:178:17)

  console.info
    {
      component: 'http',
      event: 'request_completed',
      requestId: '3bb2c075-eff1-419b-9298-068362b6518e',
      methodClass: 'GET',
      durationMs: 5,
      statusCode: 403
    }

      at write (src/observability/safeLogger.js:178:17)

  console.info
    {
      component: 'http',
      event: 'request_completed',
      requestId: 'eb0ffc34-043d-4ab6-afb3-17f1da707b31',
      methodClass: 'GET',
      durationMs: 4,
      statusCode: 403
    }

      at write (src/observability/safeLogger.js:178:17)

  console.info
    {
      component: 'http',
      event: 'request_completed',
      requestId: 'e376070c-e78f-4202-a151-ac658b1143fd',
      methodClass: 'GET',
      durationMs: 5,
      statusCode: 403
    }

      at write (src/observability/safeLogger.js:178:17)

  console.info
    {
      component: 'http',
      event: 'request_completed',
      requestId: 'fb954b2e-6549-42ae-9fef-dedc26410037',
      methodClass: 'GET',
      durationMs: 3,
      statusCode: 403
    }

      at write (src/observability/safeLogger.js:178:17)

  console.info
    {
      component: 'http',
      event: 'request_completed',
      requestId: 'a100c3a2-05e3-42a0-a229-35cdd276d63f',
      methodClass: 'GET',
      durationMs: 4,
      statusCode: 403
    }

      at write (src/observability/safeLogger.js:178:17)

  console.info
    {
      component: 'http',
      event: 'request_completed',
      requestId: 'c4c826a8-33a9-4049-97f2-dcd9d217f953',
      methodClass: 'GET',
      durationMs: 4,
      statusCode: 403
    }

      at write (src/observability/safeLogger.js:178:17)

  console.info
    {
      component: 'http',
      event: 'request_completed',
      requestId: 'e1fb297b-1b3a-4e26-b6f2-3246d4cfc823',
      methodClass: 'GET',
      durationMs: 4,
      statusCode: 403
    }

      at write (src/observability/safeLogger.js:178:17)

  console.info
    {
      component: 'http',
      event: 'request_completed',
      requestId: '5950f21e-0f3a-47b0-96c6-0c7f5a299c87',
      methodClass: 'GET',
      durationMs: 5,
      statusCode: 403
    }

      at write (src/observability/safeLogger.js:178:17)

  console.info
    {
      component: 'http',
      event: 'request_completed',
      requestId: 'a1ee6a89-7d70-4768-b5ce-e82fefd70f43',
      methodClass: 'GET',
      durationMs: 4,
      statusCode: 403
    }

      at write (src/observability/safeLogger.js:178:17)

  console.info
    {
      component: 'http',
      event: 'request_completed',
      requestId: 'adadf7c6-1209-4fa8-b312-3e7548c4a08d',
      methodClass: 'GET',
      durationMs: 7,
      statusCode: 200
    }

      at write (src/observability/safeLogger.js:178:17)

  console.info
    {
      component: 'http',
      event: 'request_completed',
      requestId: 'c5dd9c31-c74b-423f-b6f5-7a1266cd6753',
      methodClass: 'GET',
      durationMs: 5,
      statusCode: 200
    }

      at write (src/observability/safeLogger.js:178:17)

  console.info
    {
      component: 'http',
      event: 'request_completed',
      requestId: '3669bcf2-b576-40b0-baca-696834d88252',
      methodClass: 'GET',
      durationMs: 5,
      statusCode: 200
    }

      at write (src/observability/safeLogger.js:178:17)

  console.info
    {
      component: 'http',
      event: 'request_completed',
      requestId: 'd187fc3a-8610-4cad-ac22-df00dd3cce21',
      methodClass: 'GET',
      durationMs: 5,
      statusCode: 200
    }

      at write (src/observability/safeLogger.js:178:17)

  console.info
    {
      component: 'http',
      event: 'request_completed',
      requestId: '7443dfef-d42c-4f67-be27-d4f2351f9b88',
      methodClass: 'GET',
      durationMs: 6,
      statusCode: 200
    }

      at write (src/observability/safeLogger.js:178:17)

  console.info
    {
      component: 'http',
      event: 'request_completed',
      requestId: 'b6b57906-ea61-4f9f-89d2-39460266901a',
      methodClass: 'GET',
      durationMs: 5,
      statusCode: 200
    }

      at write (src/observability/safeLogger.js:178:17)

  console.info
    {
      component: 'http',
      event: 'request_completed',
      requestId: '926bf749-3791-4657-963b-bc78f9ac67e7',
      methodClass: 'GET',
      durationMs: 3,
      statusCode: 200
    }

      at write (src/observability/safeLogger.js:178:17)

  console.info
    {
      component: 'http',
      event: 'request_completed',
      requestId: '77b9f03b-e629-45bf-a8c3-20973f4b22a1',
      methodClass: 'GET',
      durationMs: 5,
      statusCode: 200
    }

      at write (src/observability/safeLogger.js:178:17)

  console.info
    {
      component: 'http',
      event: 'request_completed',
      requestId: 'f5ef55f0-cbd4-4763-9a9c-0f82ac67e2fb',
      methodClass: 'GET',
      durationMs: 2,
      statusCode: 403
    }

      at write (src/observability/safeLogger.js:178:17)

  console.info
    {
      component: 'http',
      event: 'request_completed',
      requestId: 'a7c336f4-11b9-4f3d-a8fc-6aa6c5b5dba3',
      methodClass: 'GET',
      durationMs: 2,
      statusCode: 403
    }

      at write (src/observability/safeLogger.js:178:17)

  console.info
    {
      component: 'http',
      event: 'request_completed',
      requestId: '5431a85f-e9a0-4da5-ad16-c170aa08363e',
      methodClass: 'GET',
      durationMs: 2,
      statusCode: 401
    }

      at write (src/observability/safeLogger.js:178:17)

  console.info
    {
      component: 'http',
      event: 'request_completed',
      requestId: 'f35fee73-bc49-41b7-a545-4b1a7318225c',
      methodClass: 'GET',
      durationMs: 6,
      statusCode: 401
    }

      at write (src/observability/safeLogger.js:178:17)

  console.info
    {
      component: 'http',
      event: 'request_completed',
      requestId: '008f5f14-e6e3-4ced-a3c9-a677e725bbeb',
      methodClass: 'GET',
      durationMs: 17,
      statusCode: 200
    }

      at write (src/observability/safeLogger.js:178:17)

  console.info
    {
      component: 'http',
      event: 'request_completed',
      requestId: '5e95570e-d71d-4e64-9ed0-ea9f6df7e7ff',
      methodClass: 'GET',
      durationMs: 3,
      statusCode: 403
    }

      at write (src/observability/safeLogger.js:178:17)

  console.info
    {
      component: 'http',
      event: 'request_completed',
      requestId: '14aa69c2-c2b0-4666-a3e9-7dd9b070f6fb',
      methodClass: 'GET',
      durationMs: 20,
      statusCode: 200
    }

      at write (src/observability/safeLogger.js:178:17)

  console.info
    {
      component: 'http',
      event: 'request_completed',
      requestId: '1531683d-9b97-41fe-b930-00182d7071e9',
      methodClass: 'GET',
      durationMs: 17,
      statusCode: 200
    }

      at write (src/observability/safeLogger.js:178:17)

  console.info
    {
      component: 'http',
      event: 'request_completed',
      requestId: '6c661c96-9a33-4b67-bbf3-99a99fe204b2',
      methodClass: 'GET',
      durationMs: 5,
      statusCode: 200
    }

      at write (src/observability/safeLogger.js:178:17)

  console.info
    {
      component: 'http',
      event: 'request_completed',
      requestId: '7a9c8ea4-d596-4fe1-ab4e-53d058bb8744',
      methodClass: 'GET',
      durationMs: 4,
      statusCode: 200
    }

      at write (src/observability/safeLogger.js:178:17)

  console.info
    {
      component: 'http',
      event: 'request_completed',
      requestId: 'a1efd68a-5dd4-4af3-b792-2a62938377cc',
      methodClass: 'GET',
      durationMs: 5,
      statusCode: 403
    }

      at write (src/observability/safeLogger.js:178:17)

  console.info
    {
      component: 'http',
      event: 'request_completed',
      requestId: 'fb840bd9-5dfd-4e7b-a960-262e72a9da96',
      methodClass: 'GET',
      durationMs: 11,
      statusCode: 403
    }

      at write (src/observability/safeLogger.js:178:17)

  console.info
    {
      component: 'http',
      event: 'request_completed',
      requestId: 'c016e6be-0563-44c9-90e1-603a5b6b8d24',
      methodClass: 'GET',
      durationMs: 10,
      statusCode: 403
    }

      at write (src/observability/safeLogger.js:178:17)

  console.info
    {
      component: 'http',
      event: 'request_completed',
      requestId: '921911ab-f405-4277-81d6-6272a204ba64',
      methodClass: 'GET',
      durationMs: 12,
      statusCode: 403
    }

      at write (src/observability/safeLogger.js:178:17)

  console.info
    {
      component: 'http',
      event: 'request_completed',
      requestId: '187ebac7-21d1-4f67-a097-9ef5a607fa43',
      methodClass: 'GET',
      durationMs: 12,
      statusCode: 403
    }

      at write (src/observability/safeLogger.js:178:17)

  console.info
    {
      component: 'http',
      event: 'request_completed',
      requestId: '1576a2e7-fdd1-4a34-89c3-9e891400d9ef',
      methodClass: 'GET',
      durationMs: 10,
      statusCode: 403
    }

      at write (src/observability/safeLogger.js:178:17)

  console.info
    {
      component: 'http',
      event: 'request_completed',
      requestId: '580e64fa-5ffe-420d-9a27-f6e9f25e0885',
      methodClass: 'GET',
      durationMs: 12,
      statusCode: 403
    }

      at write (src/observability/safeLogger.js:178:17)

  console.info
    {
      component: 'http',
      event: 'request_completed',
      requestId: 'a29f30fa-232b-4a4c-8971-238834af265e',
      methodClass: 'GET',
      durationMs: 13,
      statusCode: 403
    }

      at write (src/observability/safeLogger.js:178:17)

  console.info
    {
      component: 'http',
      event: 'request_completed',
      requestId: 'bd3c102f-cf2c-4715-b917-5e9c23253629',
      methodClass: 'GET',
      durationMs: 5,
      statusCode: 403
    }

      at write (src/observability/safeLogger.js:178:17)

  console.info
    {
      component: 'http',
      event: 'request_completed',
      requestId: '5d37c5e7-5f45-485e-97d0-dace05c83720',
      methodClass: 'GET',
      durationMs: 6,
      statusCode: 403
    }

      at write (src/observability/safeLogger.js:178:17)

  console.info
    {
      component: 'http',
      event: 'request_completed',
      requestId: 'af9335fc-6b0a-466a-a9ca-d72daf59bd65',
      methodClass: 'GET',
      durationMs: 7,
      statusCode: 403
    }

      at write (src/observability/safeLogger.js:178:17)

  console.info
    {
      component: 'http',
      event: 'request_completed',
      requestId: 'a4ae083e-4823-467a-855b-c2803b977fe2',
      methodClass: 'GET',
      durationMs: 5,
      statusCode: 403
    }

      at write (src/observability/safeLogger.js:178:17)

  console.info
    {
      component: 'http',
      event: 'request_completed',
      requestId: '8d82c20d-a5e2-4e52-afa9-1d2f0af8c001',
      methodClass: 'GET',
      durationMs: 5,
      statusCode: 401
    }

      at write (src/observability/safeLogger.js:178:17)

  console.info
    {
      component: 'http',
      event: 'request_completed',
      requestId: '28279a1c-c166-4bb9-a793-936c6ae63651',
      methodClass: 'GET',
      durationMs: 6,
      statusCode: 401
    }

      at write (src/observability/safeLogger.js:178:17)

  console.info
    {
      component: 'http',
      event: 'request_completed',
      requestId: 'd42a4fe9-81a0-4f66-a7b8-48f8f440101d',
      methodClass: 'GET',
      durationMs: 4,
      statusCode: 401
    }

      at write (src/observability/safeLogger.js:178:17)

  console.info
    {
      component: 'http',
      event: 'request_completed',
      requestId: '0358a506-c840-4123-8f8d-21902d361a54',
      methodClass: 'GET',
      durationMs: 4,
      statusCode: 401
    }

      at write (src/observability/safeLogger.js:178:17)

  console.info
    {
      component: 'http',
      event: 'request_completed',
      requestId: 'afbfeb82-25f8-48ec-8076-96e5a15db0c3',
      methodClass: 'GET',
      durationMs: 6,
      statusCode: 401
    }

      at write (src/observability/safeLogger.js:178:17)

  console.info
    {
      component: 'http',
      event: 'request_completed',
      requestId: '7fd7bc66-90f6-4fa8-ba35-246411722ede',
      methodClass: 'GET',
      durationMs: 5,
      statusCode: 401
    }

      at write (src/observability/safeLogger.js:178:17)

  console.info
    {
      component: 'http',
      event: 'request_completed',
      requestId: 'e4102963-9b59-499d-b961-d5be074bfca7',
      methodClass: 'GET',
      durationMs: 12,
      statusCode: 401
    }

      at write (src/observability/safeLogger.js:178:17)

  console.info
    {
      component: 'http',
      event: 'request_completed',
      requestId: '8ac091ff-3ac4-4a19-a828-bb274f664b46',
      methodClass: 'GET',
      durationMs: 5,
      statusCode: 401
    }

      at write (src/observability/safeLogger.js:178:17)

  console.info
    {
      component: 'http',
      event: 'request_completed',
      requestId: '69a990a6-fc1b-49e6-a523-17aadaccff9b',
      methodClass: 'GET',
      durationMs: 4,
      statusCode: 401
    }

      at write (src/observability/safeLogger.js:178:17)

  console.info
    {
      component: 'http',
      event: 'request_completed',
      requestId: 'f840bfae-1fc1-4638-8892-e759d0c7e92b',
      methodClass: 'GET',
      durationMs: 3,
      statusCode: 401
    }

      at write (src/observability/safeLogger.js:178:17)

  console.info
    {
      component: 'http',
      event: 'request_completed',
      requestId: '02b6afe1-04f7-47f4-a9c1-f4ae9a57d817',
      methodClass: 'GET',
      durationMs: 4,
      statusCode: 401
    }

      at write (src/observability/safeLogger.js:178:17)

  console.info
    {
      component: 'http',
      event: 'request_completed',
      requestId: 'b1cd7aba-cf02-4feb-ae46-77c43a569116',
      methodClass: 'GET',
      durationMs: 4,
      statusCode: 401
    }

      at write (src/observability/safeLogger.js:178:17)

  console.info
    {
      component: 'http',
      event: 'request_completed',
      requestId: '97f65edc-2be7-45eb-87f0-73c5fa617cc4',
      methodClass: 'GET',
      durationMs: 5,
      statusCode: 403
    }

      at write (src/observability/safeLogger.js:178:17)

  console.info
    {
      component: 'http',
      event: 'request_completed',
      requestId: '12521514-d0fe-4b6a-b059-df67e9b8e0e5',
      methodClass: 'GET',
      durationMs: 4,
      statusCode: 403
    }

      at write (src/observability/safeLogger.js:178:17)

  console.info
    {
      component: 'http',
      event: 'request_completed',
      requestId: 'd19e8c48-596b-4a81-935f-0d303055367f',
      methodClass: 'GET',
      durationMs: 5,
      statusCode: 401
    }

      at write (src/observability/safeLogger.js:178:17)

  console.info
    {
      component: 'http',
      event: 'request_completed',
      requestId: '66104ed9-ab97-496f-bdfa-63207aeb9108',
      methodClass: 'GET',
      durationMs: 5,
      statusCode: 200
    }

      at write (src/observability/safeLogger.js:178:17)

  console.info
    {
      component: 'http',
      event: 'request_completed',
      requestId: 'a0d42109-f1c1-4b2b-a7cc-6562e4ac6932',
      methodClass: 'GET',
      durationMs: 14,
      statusCode: 200
    }

      at write (src/observability/safeLogger.js:178:17)

  console.info
    {
      component: 'http',
      event: 'request_completed',
      requestId: '4c8b66c2-13f8-41fa-a1f2-a6aad7dc677a',
      methodClass: 'GET',
      durationMs: 15,
      statusCode: 200
    }

      at write (src/observability/safeLogger.js:178:17)

  console.info
    {
      component: 'http',
      event: 'request_completed',
      requestId: 'e106a36f-1eed-4fee-998c-f8d5da6a061a',
      methodClass: 'GET',
      durationMs: 4,
      statusCode: 403
    }

      at write (src/observability/safeLogger.js:178:17)

  console.info
    {
      component: 'http',
      event: 'request_completed',
      requestId: 'd2e46a1f-abb2-4005-990f-7208f2f10963',
      methodClass: 'GET',
      durationMs: 5,
      statusCode: 200
    }

      at write (src/observability/safeLogger.js:178:17)

  console.info
    {
      component: 'http',
      event: 'request_completed',
      requestId: 'fd34b13d-3c3a-44a5-a247-dcbe5b29be07',
      methodClass: 'GET',
      durationMs: 17,
      statusCode: 200
    }

      at write (src/observability/safeLogger.js:178:17)

  console.info
    {
      component: 'http',
      event: 'request_completed',
      requestId: '9d420fe6-fcc3-4f01-995d-e5e273187093',
      methodClass: 'GET',
      durationMs: 23,
      statusCode: 200
    }

      at write (src/observability/safeLogger.js:178:17)

  console.info
    {
      component: 'http',
      event: 'request_completed',
      requestId: '1305a685-84b2-4f06-8454-33c025b2a7ee',
      methodClass: 'POST',
      durationMs: 148,
      statusCode: 409
    }

      at write (src/observability/safeLogger.js:178:17)

  console.info
    {
      component: 'http',
      event: 'request_completed',
      requestId: '8f19f03d-ecb8-473b-9f35-897058ad9718',
      methodClass: 'POST',
      durationMs: 118,
      statusCode: 201
    }

      at write (src/observability/safeLogger.js:178:17)

  console.info
    {
      component: 'http',
      event: 'request_completed',
      requestId: 'a6ff43b0-fbc9-4070-914d-aaee58d780b0',
      methodClass: 'POST',
      durationMs: 172,
      statusCode: 409
    }

      at write (src/observability/safeLogger.js:178:17)

  console.info
    {
      component: 'http',
      event: 'request_completed',
      requestId: '489f38d2-7c24-4839-91a4-5903236400ae',
      methodClass: 'POST',
      durationMs: 87,
      statusCode: 201
    }

      at write (src/observability/safeLogger.js:178:17)

  console.info
    {
      component: 'http',
      event: 'request_completed',
      requestId: 'ba613abd-7eb1-42ed-b45a-bdf4098946c8',
      methodClass: 'POST',
      durationMs: 110,
      statusCode: 200
    }

      at write (src/observability/safeLogger.js:178:17)

  console.info
    {
      component: 'http',
      event: 'request_completed',
      requestId: '617a2f31-a31a-4cdf-8f6f-2b6aa0df5ac8',
      methodClass: 'POST',
      durationMs: 191,
      statusCode: 201
    }

      at write (src/observability/safeLogger.js:178:17)

  console.info
    {
      component: 'http',
      event: 'request_completed',
      requestId: '90c1c547-0331-4692-8aa4-006d61c62fd7',
      methodClass: 'POST',
      durationMs: 188,
      statusCode: 200
    }

      at write (src/observability/safeLogger.js:178:17)

  console.info
    {
      component: 'http',
      event: 'request_completed',
      requestId: '2464de41-27e5-48b1-b334-01c3b72b1435',
      methodClass: 'POST',
      durationMs: 302,
      statusCode: 201
    }

      at write (src/observability/safeLogger.js:178:17)

  console.info
    {
      component: 'http',
      event: 'request_completed',
      requestId: '1a6d3ec6-84c3-4c12-8b4e-f0c059d7d33f',
      methodClass: 'POST',
      durationMs: 356,
      statusCode: 200
    }

      at write (src/observability/safeLogger.js:178:17)

  console.info
    {
      component: 'http',
      event: 'request_completed',
      requestId: 'ba373944-4eaf-47c8-8093-cae7903e343e',
      methodClass: 'POST',
      durationMs: 240,
      statusCode: 201
    }

      at write (src/observability/safeLogger.js:178:17)

  console.info
    {
      component: 'http',
      event: 'request_completed',
      requestId: '3098c92f-f051-48af-a9d0-b0f316b544db',
      methodClass: 'POST',
      durationMs: 271,
      statusCode: 200
    }

      at write (src/observability/safeLogger.js:178:17)

  console.info
    {
      component: 'http',
      event: 'request_completed',
      requestId: '15c23dcf-7d87-42ff-951e-94208c027f34',
      methodClass: 'POST',
      durationMs: 289,
      statusCode: 201
    }

      at write (src/observability/safeLogger.js:178:17)

  console.info
    {
      component: 'http',
      event: 'request_completed',
      requestId: '83b447bd-788b-43ee-a2b7-cb1dc64d87de',
      methodClass: 'POST',
      durationMs: 355,
      statusCode: 200
    }

      at write (src/observability/safeLogger.js:178:17)

  console.info
    {
      component: 'http',
      event: 'request_completed',
      requestId: 'ab91122c-7217-4fb1-8ad5-2d01702c3149',
      methodClass: 'POST',
      durationMs: 203,
      statusCode: 201
    }

      at write (src/observability/safeLogger.js:178:17)

  console.info
    {
      component: 'http',
      event: 'request_completed',
      requestId: 'e34b9afa-6357-4af4-ba6c-ecc2535283f1',
      methodClass: 'POST',
      durationMs: 440,
      statusCode: 200
    }

      at write (src/observability/safeLogger.js:178:17)

  console.info
    {
      component: 'http',
      event: 'request_completed',
      requestId: '755c7cc0-f64c-442c-9529-59ee441891bd',
      methodClass: 'POST',
      durationMs: 306,
      statusCode: 201
    }

      at write (src/observability/safeLogger.js:178:17)

  console.info
    {
      component: 'http',
      event: 'request_completed',
      requestId: 'd1b18d43-4856-4eb6-8d1f-ebdd6ac2c98f',
      methodClass: 'POST',
      durationMs: 463,
      statusCode: 200
    }

      at write (src/observability/safeLogger.js:178:17)

  console.info
    {
      component: 'http',
      event: 'request_completed',
      requestId: 'e3d00a4d-d9bb-4c40-9092-b0ae58441667',
      methodClass: 'POST',
      durationMs: 269,
      statusCode: 201
    }

      at write (src/observability/safeLogger.js:178:17)

  console.info
    {
      component: 'http',
      event: 'request_completed',
      requestId: 'aa12de79-75e0-4a14-a588-b173074e2c04',
      methodClass: 'POST',
      durationMs: 341,
      statusCode: 200
    }

      at write (src/observability/safeLogger.js:178:17)

  console.info
    {
      component: 'http',
      event: 'request_completed',
      requestId: '14e28c5d-4275-4706-bb29-78800e1da2b6',
      methodClass: 'POST',
      durationMs: 41,
      statusCode: 201
    }

      at write (src/observability/safeLogger.js:178:17)

  console.info
    {
      component: 'http',
      event: 'request_completed',
      requestId: 'ce6b2851-8214-4f68-987c-272b47f04b44',
      methodClass: 'POST',
      durationMs: 122,
      statusCode: 200
    }

      at write (src/observability/safeLogger.js:178:17)

  console.info
    {
      component: 'http',
      event: 'request_completed',
      requestId: 'ecedef44-2709-4f7e-9165-dd42c16728e1',
      methodClass: 'POST',
      durationMs: 64,
      statusCode: 200
    }

      at write (src/observability/safeLogger.js:178:17)

  console.info
    {
      component: 'http',
      event: 'request_completed',
      requestId: '0e513699-cef7-44b6-bf07-59c3e11564a5',
      methodClass: 'POST',
      durationMs: 61,
      statusCode: 409
    }

      at write (src/observability/safeLogger.js:178:17)

  console.info
    {
      component: 'http',
      event: 'request_completed',
      requestId: '67a36d99-f7fd-4e48-8a30-571c89938d23',
      methodClass: 'POST',
      durationMs: 79,
      statusCode: 201
    }

      at write (src/observability/safeLogger.js:178:17)

  console.info
    {
      component: 'http',
      event: 'request_completed',
      requestId: '5793d06e-a45a-409b-8017-d831f01904b5',
      methodClass: 'POST',
      durationMs: 5,
      statusCode: 403
    }

      at write (src/observability/safeLogger.js:178:17)

  console.info
    {
      component: 'http',
      event: 'request_completed',
      requestId: '81bd59d1-e3df-4cca-9c95-58ad443366e6',
      methodClass: 'POST',
      durationMs: 12,
      statusCode: 403
    }

      at write (src/observability/safeLogger.js:178:17)

  console.info
    {
      component: 'http',
      event: 'request_completed',
      requestId: 'e67e1d86-0b57-4a6b-b809-a3bc0a65bd85',
      methodClass: 'POST',
      durationMs: 7,
      statusCode: 404
    }

      at write (src/observability/safeLogger.js:178:17)

  console.info
    {
      component: 'http',
      event: 'request_completed',
      requestId: '261d2a7c-f1f1-4950-9c85-005deec8c9e2',
      methodClass: 'PATCH',
      durationMs: 4,
      statusCode: 428
    }

      at write (src/observability/safeLogger.js:178:17)

  console.error
    {
      component: 'http',
      event: 'request_failed',
      requestId: 'e3c3d0b6-4c14-4c88-9936-3f69b7c44b2a',
      methodClass: 'POST',
      statusCode: 400
    }

      176 |     ...safeFields(fields),
      177 |   };
    > 178 |   console[level](record);
          |                 ^
      179 |   return record;
      180 | }
      181 |

      at write (src/observability/safeLogger.js:178:17)
      at Object.write (src/observability/safeLogger.js:191:10)
      at error (src/middleware/errorHandler.js:22:14)
      at Layer.handle_error (../m22-part3-route-writer/node_modules/express/lib/router/layer.js:71:5)
      at trim_prefix (../m22-part3-route-writer/node_modules/express/lib/router/index.js:326:13)
      at ../m22-part3-route-writer/node_modules/express/lib/router/index.js:286:9
      at router.process_params (../m22-part3-route-writer/node_modules/express/lib/router/index.js:346:12)
      at next (../m22-part3-route-writer/node_modules/express/lib/router/index.js:280:10)
      at Layer.handle_error (../m22-part3-route-writer/node_modules/express/lib/router/layer.js:67:12)
      at trim_prefix (../m22-part3-route-writer/node_modules/express/lib/router/index.js:326:13)
      at ../m22-part3-route-writer/node_modules/express/lib/router/index.js:286:9
      at router.process_params (../m22-part3-route-writer/node_modules/express/lib/router/index.js:346:12)
      at next (../m22-part3-route-writer/node_modules/express/lib/router/index.js:280:10)
      at Layer.handle_error (../m22-part3-route-writer/node_modules/express/lib/router/layer.js:67:12)
      at trim_prefix (../m22-part3-route-writer/node_modules/express/lib/router/index.js:326:13)
      at ../m22-part3-route-writer/node_modules/express/lib/router/index.js:286:9
      at router.process_params (../m22-part3-route-writer/node_modules/express/lib/router/index.js:346:12)
      at next (../m22-part3-route-writer/node_modules/express/lib/router/index.js:280:10)
      at Layer.handle_error (../m22-part3-route-writer/node_modules/express/lib/router/layer.js:67:12)
      at trim_prefix (../m22-part3-route-writer/node_modules/express/lib/router/index.js:326:13)
      at ../m22-part3-route-writer/node_modules/express/lib/router/index.js:286:9
      at router.process_params (../m22-part3-route-writer/node_modules/express/lib/router/index.js:346:12)
      at next (../m22-part3-route-writer/node_modules/express/lib/router/index.js:280:10)
      at Layer.handle_error (../m22-part3-route-writer/node_modules/express/lib/router/layer.js:67:12)
      at trim_prefix (../m22-part3-route-writer/node_modules/express/lib/router/index.js:326:13)
      at ../m22-part3-route-writer/node_modules/express/lib/router/index.js:286:9
      at router.process_params (../m22-part3-route-writer/node_modules/express/lib/router/index.js:346:12)
      at next (../m22-part3-route-writer/node_modules/express/lib/router/index.js:280:10)
      at Layer.handle_error (../m22-part3-route-writer/node_modules/express/lib/router/layer.js:67:12)
      at trim_prefix (../m22-part3-route-writer/node_modules/express/lib/router/index.js:326:13)
      at ../m22-part3-route-writer/node_modules/express/lib/router/index.js:286:9
      at router.process_params (../m22-part3-route-writer/node_modules/express/lib/router/index.js:346:12)
      at next (../m22-part3-route-writer/node_modules/express/lib/router/index.js:280:10)
      at Layer.handle_error (../m22-part3-route-writer/node_modules/express/lib/router/layer.js:67:12)
      at trim_prefix (../m22-part3-route-writer/node_modules/express/lib/router/index.js:326:13)
      at ../m22-part3-route-writer/node_modules/express/lib/router/index.js:286:9
      at router.process_params (../m22-part3-route-writer/node_modules/express/lib/router/index.js:346:12)
      at next (../m22-part3-route-writer/node_modules/express/lib/router/index.js:280:10)
      at Layer.handle_error (../m22-part3-route-writer/node_modules/express/lib/router/layer.js:67:12)
      at trim_prefix (../m22-part3-route-writer/node_modules/express/lib/router/index.js:326:13)
      at ../m22-part3-route-writer/node_modules/express/lib/router/index.js:286:9
      at router.process_params (../m22-part3-route-writer/node_modules/express/lib/router/index.js:346:12)
      at next (../m22-part3-route-writer/node_modules/express/lib/router/index.js:280:10)
      at Layer.handle_error (../m22-part3-route-writer/node_modules/express/lib/router/layer.js:67:12)
      at trim_prefix (../m22-part3-route-writer/node_modules/express/lib/router/index.js:326:13)
      at ../m22-part3-route-writer/node_modules/express/lib/router/index.js:286:9
      at router.process_params (../m22-part3-route-writer/node_modules/express/lib/router/index.js:346:12)
      at next (../m22-part3-route-writer/node_modules/express/lib/router/index.js:280:10)
      at Layer.handle_error (../m22-part3-route-writer/node_modules/express/lib/router/layer.js:67:12)
      at trim_prefix (../m22-part3-route-writer/node_modules/express/lib/router/index.js:326:13)
      at ../m22-part3-route-writer/node_modules/express/lib/router/index.js:286:9
      at router.process_params (../m22-part3-route-writer/node_modules/express/lib/router/index.js:346:12)
      at next (../m22-part3-route-writer/node_modules/express/lib/router/index.js:280:10)
      at Layer.handle_error (../m22-part3-route-writer/node_modules/express/lib/router/layer.js:67:12)
      at trim_prefix (../m22-part3-route-writer/node_modules/express/lib/router/index.js:326:13)
      at ../m22-part3-route-writer/node_modules/express/lib/router/index.js:286:9
      at router.process_params (../m22-part3-route-writer/node_modules/express/lib/router/index.js:346:12)
      at next (../m22-part3-route-writer/node_modules/express/lib/router/index.js:280:10)
      at Layer.handle_error (../m22-part3-route-writer/node_modules/express/lib/router/layer.js:67:12)
      at trim_prefix (../m22-part3-route-writer/node_modules/express/lib/router/index.js:326:13)
      at ../m22-part3-route-writer/node_modules/express/lib/router/index.js:286:9
      at router.process_params (../m22-part3-route-writer/node_modules/express/lib/router/index.js:346:12)
      at next (../m22-part3-route-writer/node_modules/express/lib/router/index.js:280:10)
      at Layer.handle_error (../m22-part3-route-writer/node_modules/express/lib/router/layer.js:67:12)
      at trim_prefix (../m22-part3-route-writer/node_modules/express/lib/router/index.js:326:13)
      at ../m22-part3-route-writer/node_modules/express/lib/router/index.js:286:9
      at router.process_params (../m22-part3-route-writer/node_modules/express/lib/router/index.js:346:12)
      at next (../m22-part3-route-writer/node_modules/express/lib/router/index.js:280:10)
      at next (src/scheduling/approvalHttpBoundary.js:80:16)
      at ../m22-part3-route-writer/node_modules/body-parser/lib/read.js:137:5
      at invokeCallback (../m22-part3-route-writer/node_modules/raw-body/index.js:238:16)
      at done (../m22-part3-route-writer/node_modules/raw-body/index.js:227:7)
      at IncomingMessage.onEnd (../m22-part3-route-writer/node_modules/raw-body/index.js:287:7)

  console.error
    {
      component: 'http',
      event: 'request_failed',
      requestId: 'a9bfd1e1-7f63-40bd-83b0-a686ac640be2',
      methodClass: 'POST',
      statusCode: 413
    }

      176 |     ...safeFields(fields),
      177 |   };
    > 178 |   console[level](record);
          |                 ^
      179 |   return record;
      180 | }
      181 |

      at write (src/observability/safeLogger.js:178:17)
      at Object.write (src/observability/safeLogger.js:191:10)
      at error (src/middleware/errorHandler.js:22:14)
      at Layer.handle_error (../m22-part3-route-writer/node_modules/express/lib/router/layer.js:71:5)
      at trim_prefix (../m22-part3-route-writer/node_modules/express/lib/router/index.js:326:13)
      at ../m22-part3-route-writer/node_modules/express/lib/router/index.js:286:9
      at router.process_params (../m22-part3-route-writer/node_modules/express/lib/router/index.js:346:12)
      at next (../m22-part3-route-writer/node_modules/express/lib/router/index.js:280:10)
      at Layer.handle_error (../m22-part3-route-writer/node_modules/express/lib/router/layer.js:67:12)
      at trim_prefix (../m22-part3-route-writer/node_modules/express/lib/router/index.js:326:13)
      at ../m22-part3-route-writer/node_modules/express/lib/router/index.js:286:9
      at router.process_params (../m22-part3-route-writer/node_modules/express/lib/router/index.js:346:12)
      at next (../m22-part3-route-writer/node_modules/express/lib/router/index.js:280:10)
      at Layer.handle_error (../m22-part3-route-writer/node_modules/express/lib/router/layer.js:67:12)
      at trim_prefix (../m22-part3-route-writer/node_modules/express/lib/router/index.js:326:13)
      at ../m22-part3-route-writer/node_modules/express/lib/router/index.js:286:9
      at router.process_params (../m22-part3-route-writer/node_modules/express/lib/router/index.js:346:12)
      at next (../m22-part3-route-writer/node_modules/express/lib/router/index.js:280:10)
      at Layer.handle_error (../m22-part3-route-writer/node_modules/express/lib/router/layer.js:67:12)
      at trim_prefix (../m22-part3-route-writer/node_modules/express/lib/router/index.js:326:13)
      at ../m22-part3-route-writer/node_modules/express/lib/router/index.js:286:9
      at router.process_params (../m22-part3-route-writer/node_modules/express/lib/router/index.js:346:12)
      at next (../m22-part3-route-writer/node_modules/express/lib/router/index.js:280:10)
      at Layer.handle_error (../m22-part3-route-writer/node_modules/express/lib/router/layer.js:67:12)
      at trim_prefix (../m22-part3-route-writer/node_modules/express/lib/router/index.js:326:13)
      at ../m22-part3-route-writer/node_modules/express/lib/router/index.js:286:9
      at router.process_params (../m22-part3-route-writer/node_modules/express/lib/router/index.js:346:12)
      at next (../m22-part3-route-writer/node_modules/express/lib/router/index.js:280:10)
      at Layer.handle_error (../m22-part3-route-writer/node_modules/express/lib/router/layer.js:67:12)
      at trim_prefix (../m22-part3-route-writer/node_modules/express/lib/router/index.js:326:13)
      at ../m22-part3-route-writer/node_modules/express/lib/router/index.js:286:9
      at router.process_params (../m22-part3-route-writer/node_modules/express/lib/router/index.js:346:12)
      at next (../m22-part3-route-writer/node_modules/express/lib/router/index.js:280:10)
      at Layer.handle_error (../m22-part3-route-writer/node_modules/express/lib/router/layer.js:67:12)
      at trim_prefix (../m22-part3-route-writer/node_modules/express/lib/router/index.js:326:13)
      at ../m22-part3-route-writer/node_modules/express/lib/router/index.js:286:9
      at router.process_params (../m22-part3-route-writer/node_modules/express/lib/router/index.js:346:12)
      at next (../m22-part3-route-writer/node_modules/express/lib/router/index.js:280:10)
      at Layer.handle_error (../m22-part3-route-writer/node_modules/express/lib/router/layer.js:67:12)
      at trim_prefix (../m22-part3-route-writer/node_modules/express/lib/router/index.js:326:13)
      at ../m22-part3-route-writer/node_modules/express/lib/router/index.js:286:9
      at router.process_params (../m22-part3-route-writer/node_modules/express/lib/router/index.js:346:12)
      at next (../m22-part3-route-writer/node_modules/express/lib/router/index.js:280:10)
      at Layer.handle_error (../m22-part3-route-writer/node_modules/express/lib/router/layer.js:67:12)
      at trim_prefix (../m22-part3-route-writer/node_modules/express/lib/router/index.js:326:13)
      at ../m22-part3-route-writer/node_modules/express/lib/router/index.js:286:9
      at router.process_params (../m22-part3-route-writer/node_modules/express/lib/router/index.js:346:12)
      at next (../m22-part3-route-writer/node_modules/express/lib/router/index.js:280:10)
      at Layer.handle_error (../m22-part3-route-writer/node_modules/express/lib/router/layer.js:67:12)
      at trim_prefix (../m22-part3-route-writer/node_modules/express/lib/router/index.js:326:13)
      at ../m22-part3-route-writer/node_modules/express/lib/router/index.js:286:9
      at router.process_params (../m22-part3-route-writer/node_modules/express/lib/router/index.js:346:12)
      at next (../m22-part3-route-writer/node_modules/express/lib/router/index.js:280:10)
      at Layer.handle_error (../m22-part3-route-writer/node_modules/express/lib/router/layer.js:67:12)
      at trim_prefix (../m22-part3-route-writer/node_modules/express/lib/router/index.js:326:13)
      at ../m22-part3-route-writer/node_modules/express/lib/router/index.js:286:9
      at router.process_params (../m22-part3-route-writer/node_modules/express/lib/router/index.js:346:12)
      at next (../m22-part3-route-writer/node_modules/express/lib/router/index.js:280:10)
      at Layer.handle_error (../m22-part3-route-writer/node_modules/express/lib/router/layer.js:67:12)
      at trim_prefix (../m22-part3-route-writer/node_modules/express/lib/router/index.js:326:13)
      at ../m22-part3-route-writer/node_modules/express/lib/router/index.js:286:9
      at router.process_params (../m22-part3-route-writer/node_modules/express/lib/router/index.js:346:12)
      at next (../m22-part3-route-writer/node_modules/express/lib/router/index.js:280:10)
      at Layer.handle_error (../m22-part3-route-writer/node_modules/express/lib/router/layer.js:67:12)
      at trim_prefix (../m22-part3-route-writer/node_modules/express/lib/router/index.js:326:13)
      at ../m22-part3-route-writer/node_modules/express/lib/router/index.js:286:9
      at router.process_params (../m22-part3-route-writer/node_modules/express/lib/router/index.js:346:12)
      at next (../m22-part3-route-writer/node_modules/express/lib/router/index.js:280:10)
      at next (src/scheduling/approvalHttpBoundary.js:66:25)
      at onfinished (../m22-part3-route-writer/node_modules/body-parser/lib/read.js:102:9)
      at listener (../m22-part3-route-writer/node_modules/on-finished/index.js:170:15)
      at onFinish (../m22-part3-route-writer/node_modules/on-finished/index.js:101:5)
      at callback (../m22-part3-route-writer/node_modules/ee-first/index.js:55:10)
      at IncomingMessage.onevent (../m22-part3-route-writer/node_modules/ee-first/index.js:93:5)

  console.info
    {
      component: 'http',
      event: 'request_completed',
      requestId: 'd17041d9-8382-40db-a185-53b917f6a234',
      methodClass: 'POST',
      durationMs: 53,
      statusCode: 201
    }

      at write (src/observability/safeLogger.js:178:17)

  console.info
    {
      component: 'http',
      event: 'request_completed',
      requestId: '608e4e15-4ead-4153-8b18-442fb636d930',
      methodClass: 'POST',
      durationMs: 116,
      statusCode: 200
    }

      at write (src/observability/safeLogger.js:178:17)

  console.info
    {
      component: 'http',
      event: 'request_completed',
      requestId: '0ec49946-c135-4620-a40d-b5797aa7d7d2',
      methodClass: 'POST',
      durationMs: 41,
      statusCode: 201
    }

      at write (src/observability/safeLogger.js:178:17)

  console.info
    {
      component: 'http',
      event: 'request_completed',
      requestId: 'c0cbbd9c-14c3-42a6-8bce-a1cf571e0094',
      methodClass: 'POST',
      durationMs: 73,
      statusCode: 409
    }

      at write (src/observability/safeLogger.js:178:17)

  console.info
    {
      component: 'http',
      event: 'request_completed',
      requestId: 'be8b6afc-2b25-462e-bfab-82a6a4053b22',
      methodClass: 'POST',
      durationMs: 40,
      statusCode: 201
    }

      at write (src/observability/safeLogger.js:178:17)

  console.info
    {
      component: 'http',
      event: 'request_completed',
      requestId: '62a66b12-a6d4-4d56-9927-7ea9c465897e',
      methodClass: 'POST',
      durationMs: 74,
      statusCode: 200
    }

      at write (src/observability/safeLogger.js:178:17)

  console.info
    {
      component: 'http',
      event: 'request_completed',
      requestId: 'a9831372-577f-444e-b4d7-c1c30c6dcf9f',
      methodClass: 'POST',
      durationMs: 40,
      statusCode: 201
    }

      at write (src/observability/safeLogger.js:178:17)

  console.info
    {
      component: 'http',
      event: 'request_completed',
      requestId: '80174392-e572-47fa-8175-61d882cff8cf',
      methodClass: 'POST',
      durationMs: 66,
      statusCode: 503
    }

      at write (src/observability/safeLogger.js:178:17)

  console.info
    {
      component: 'http',
      event: 'request_completed',
      requestId: '0bea81eb-5b2d-493e-85b4-9ee18f9bf32a',
      methodClass: 'POST',
      durationMs: 37,
      statusCode: 201
    }

      at write (src/observability/safeLogger.js:178:17)

  console.info
    {
      component: 'http',
      event: 'request_completed',
      requestId: '9154cbb8-4e37-47a4-b34e-881bf90983c9',
      methodClass: 'POST',
      durationMs: 71,
      statusCode: 200
    }

      at write (src/observability/safeLogger.js:178:17)

  console.info
    {
      component: 'http',
      event: 'request_completed',
      requestId: 'f9b373d9-c35a-4b9c-8f1c-9f07e4982602',
      methodClass: 'POST',
      durationMs: 39,
      statusCode: 201
    }

      at write (src/observability/safeLogger.js:178:17)

  console.info
    {
      component: 'http',
      event: 'request_completed',
      requestId: 'e28fe055-59b7-4da0-bb8d-ef0b278627d3',
      methodClass: 'POST',
      durationMs: 76,
      statusCode: 201
    }

      at write (src/observability/safeLogger.js:178:17)

  console.info
    {
      component: 'http',
      event: 'request_completed',
      requestId: 'faf5b8ed-96ad-42ed-aa0e-58afd1769c90',
      methodClass: 'POST',
      durationMs: 71,
      statusCode: 200
    }

      at write (src/observability/safeLogger.js:178:17)

  console.info
    {
      component: 'http',
      event: 'request_completed',
      requestId: '643886f4-9496-4f69-b76d-874f87b6f546',
      methodClass: 'POST',
      durationMs: 117,
      statusCode: 409
    }

      at write (src/observability/safeLogger.js:178:17)

  console.info
    {
      component: 'http',
      event: 'request_completed',
      requestId: '4f68ed30-5fcb-4cb5-9879-9f808ba055de',
      methodClass: 'POST',
      durationMs: 58,
      statusCode: 201
    }

      at write (src/observability/safeLogger.js:178:17)

  console.info
    {
      component: 'http',
      event: 'request_completed',
      requestId: 'd8c7e729-f79f-49be-80e5-565b26e6d2f1',
      methodClass: 'POST',
      durationMs: 82,
      statusCode: 200
    }

      at write (src/observability/safeLogger.js:178:17)

  console.info
    {
      component: 'http',
      event: 'request_completed',
      requestId: '41c52011-d652-48de-9396-8964be8461f4',
      methodClass: 'POST',
      durationMs: 42,
      statusCode: 201
    }

      at write (src/observability/safeLogger.js:178:17)

  console.info
    {
      component: 'http',
      event: 'request_completed',
      requestId: 'cf19f2e7-f4b7-4c25-af17-6d5cf5a362e2',
      methodClass: 'POST',
      durationMs: 61,
      statusCode: 409
    }

      at write (src/observability/safeLogger.js:178:17)

  console.info
    {
      component: 'http',
      event: 'request_completed',
      requestId: '3b3e7bab-d2ab-49c0-8191-ebd66c3f456f',
      methodClass: 'POST',
      durationMs: 40,
      statusCode: 201
    }

      at write (src/observability/safeLogger.js:178:17)

  console.info
    {
      component: 'http',
      event: 'request_completed',
      requestId: '07236837-5be6-4807-95b7-0f1529489f0a',
      methodClass: 'POST',
      durationMs: 3,
      statusCode: 403
    }

      at write (src/observability/safeLogger.js:178:17)

  console.info
    {
      component: 'http',
      event: 'request_completed',
      requestId: '7d0d56bb-ae1e-4a23-b492-fd5a3f18416e',
      methodClass: 'POST',
      durationMs: 55,
      statusCode: 201
    }

      at write (src/observability/safeLogger.js:178:17)

  console.info
    {
      component: 'http',
      event: 'request_completed',
      requestId: 'de56e329-3212-4076-b7c3-58b3f145bd94',
      methodClass: 'POST',
      durationMs: 71,
      statusCode: 200
    }

      at write (src/observability/safeLogger.js:178:17)

  console.info
    {
      component: 'http',
      event: 'request_completed',
      requestId: '4e2abce7-3f8e-4a50-9bf0-688e0af59ff8',
      methodClass: 'POST',
      durationMs: 110,
      statusCode: 201
    }

      at write (src/observability/safeLogger.js:178:17)

  console.info
    {
      component: 'http',
      event: 'request_completed',
      requestId: 'a2ea5976-0d49-4301-9dd7-a26b24def8fa',
      methodClass: 'POST',
      durationMs: 143,
      statusCode: 200
    }

      at write (src/observability/safeLogger.js:178:17)

  console.info
    {
      component: 'http',
      event: 'request_completed',
      requestId: 'c8fc723d-fa07-4f73-ad05-091db53be61e',
      methodClass: 'PUT',
      durationMs: 111,
      statusCode: 200
    }

      at write (src/observability/safeLogger.js:178:17)

  console.info
    {
      component: 'http',
      event: 'request_completed',
      requestId: '4bcd1c6f-387b-42e0-8398-dac450979371',
      methodClass: 'POST',
      durationMs: 170,
      statusCode: 201
    }

      at write (src/observability/safeLogger.js:178:17)

  console.info
    {
      component: 'http',
      event: 'request_completed',
      requestId: 'fd201ee5-8e1e-406a-8616-70554b889712',
      methodClass: 'POST',
      durationMs: 178,
      statusCode: 409
    }

      at write (src/observability/safeLogger.js:178:17)

  console.info
    {
      component: 'http',
      event: 'request_completed',
      requestId: '95632514-4c8a-4e12-a6a0-73be88de8466',
      methodClass: 'POST',
      durationMs: 210,
      statusCode: 409
    }

      at write (src/observability/safeLogger.js:178:17)

  console.info
    {
      component: 'http',
      event: 'request_completed',
      requestId: 'a8837476-0367-40db-bac5-1cfd8ccc3bdb',
      methodClass: 'POST',
      durationMs: 46,
      statusCode: 201
    }

      at write (src/observability/safeLogger.js:178:17)

  console.info
    {
      component: 'http',
      event: 'request_completed',
      requestId: 'f4c8628a-bfbf-464f-bb77-c5c83cebed4d',
      methodClass: 'POST',
      durationMs: 75,
      statusCode: 409
    }

      at write (src/observability/safeLogger.js:178:17)

  console.info
    {
      component: 'http',
      event: 'request_completed',
      requestId: '46284d42-5eb5-477e-9b8b-eb140f0c0d28',
      methodClass: 'POST',
      durationMs: 45,
      statusCode: 201
    }

      at write (src/observability/safeLogger.js:178:17)

  console.info
    {
      component: 'http',
      event: 'request_completed',
      requestId: 'e577f37d-2754-480d-b900-771377d067d3',
      methodClass: 'POST',
      durationMs: 68,
      statusCode: 200
    }

      at write (src/observability/safeLogger.js:178:17)

  console.info
    {
      component: 'http',
      event: 'request_completed',
      requestId: 'a2ac9c08-d2df-44c6-9768-0b389bc3bee1',
      methodClass: 'PUT',
      durationMs: 111,
      statusCode: 200
    }

      at write (src/observability/safeLogger.js:178:17)

  console.info
    {
      component: 'http',
      event: 'request_completed',
      requestId: '173f6f12-7ac7-44c5-918d-cbf8f573103b',
      methodClass: 'POST',
      durationMs: 101,
      statusCode: 201
    }

      at write (src/observability/safeLogger.js:178:17)

  console.info
    {
      component: 'http',
      event: 'request_completed',
      requestId: '30dcf9b5-7a6b-40f4-afc8-b5344b1f0591',
      methodClass: 'POST',
      durationMs: 37,
      statusCode: 201
    }

      at write (src/observability/safeLogger.js:178:17)

  console.info
    {
      component: 'http',
      event: 'request_completed',
      requestId: 'fae2a471-5459-406a-8185-63e02f52d52f',
      methodClass: 'POST',
      durationMs: 64,
      statusCode: 200
    }

      at write (src/observability/safeLogger.js:178:17)

  console.info
    {
      component: 'http',
      event: 'request_completed',
      requestId: 'f61afecd-c9d5-477f-8b3d-ed0c7b0fd002',
      methodClass: 'POST',
      durationMs: 103,
      statusCode: 201
    }

      at write (src/observability/safeLogger.js:178:17)

  console.info
    {
      component: 'http',
      event: 'request_completed',
      requestId: '9edcbccf-e15c-48f1-b00f-65f35ba07073',
      methodClass: 'POST',
      durationMs: 35,
      statusCode: 409
    }

      at write (src/observability/safeLogger.js:178:17)

  console.info
    {
      component: 'http',
      event: 'request_completed',
      requestId: 'fc25338f-ebc9-4cb3-a344-1ced3e356194',
      methodClass: 'POST',
      durationMs: 34,
      statusCode: 409
    }

      at write (src/observability/safeLogger.js:178:17)

  console.info
    {
      component: 'http',
      event: 'request_completed',
      requestId: '0f770a97-d3ee-417e-b562-f53bc3ed7602',
      methodClass: 'POST',
      durationMs: 39,
      statusCode: 201
    }

      at write (src/observability/safeLogger.js:178:17)

  console.info
    {
      component: 'http',
      event: 'request_completed',
      requestId: '7ff2570c-dddd-4fb5-8818-9ce549d97fb2',
      methodClass: 'POST',
      durationMs: 106,
      statusCode: 200
    }

      at write (src/observability/safeLogger.js:178:17)

  console.info
    {
      component: 'http',
      event: 'request_completed',
      requestId: '786cd48e-1bdf-4ba4-9d02-72be5f370003',
      methodClass: 'POST',
      durationMs: 174,
      statusCode: 201
    }

      at write (src/observability/safeLogger.js:178:17)

  console.info
    {
      component: 'http',
      event: 'request_completed',
      requestId: 'c516c96d-25bc-4e26-9320-6d6ab5799079',
      methodClass: 'POST',
      durationMs: 132,
      statusCode: 200
    }

      at write (src/observability/safeLogger.js:178:17)

  console.info
    {
      component: 'http',
      event: 'request_completed',
      requestId: '04557612-b923-4fdb-86f9-eb797a3e49c6',
      methodClass: 'POST',
      durationMs: 38,
      statusCode: 201
    }

      at write (src/observability/safeLogger.js:178:17)

  console.info
    {
      component: 'http',
      event: 'request_completed',
      requestId: 'f7187e28-4d71-40ad-a401-3e7156f02ae5',
      methodClass: 'POST',
      durationMs: 68,
      statusCode: 200
    }

      at write (src/observability/safeLogger.js:178:17)

  console.info
    {
      component: 'http',
      event: 'request_completed',
      requestId: '1e897c69-b726-4ab4-a896-e2016ae7c1cf',
      methodClass: 'POST',
      durationMs: 155,
      statusCode: 201
    }

      at write (src/observability/safeLogger.js:178:17)

  console.info
    {
      component: 'http',
      event: 'request_completed',
      requestId: '4933749f-8d3a-454c-9ea3-7e3d2ba3cc4e',
      methodClass: 'POST',
      durationMs: 3,
      statusCode: 400
    }

      at write (src/observability/safeLogger.js:178:17)

  console.info
    {
      component: 'http',
      event: 'request_completed',
      requestId: '79548f1f-c3f4-4863-935a-463ad6b25f6c',
      methodClass: 'POST',
      durationMs: 4,
      statusCode: 400
    }

      at write (src/observability/safeLogger.js:178:17)

  console.info
    {
      component: 'http',
      event: 'request_completed',
      requestId: '99e1cf08-2fe7-4cfa-ae1e-2c733af38234',
      methodClass: 'POST',
      durationMs: 50,
      statusCode: 201
    }

      at write (src/observability/safeLogger.js:178:17)

  console.info
    {
      component: 'http',
      event: 'request_completed',
      requestId: '17aa16a8-8b02-4bc0-b2c9-e610bc2b53c0',
      methodClass: 'POST',
      durationMs: 40,
      statusCode: 201
    }

      at write (src/observability/safeLogger.js:178:17)

  console.log
    [Simulations] Canonical graph committed: {"operationId":"82d6a376-5cf8-425a-9983-edd286df5025","service":"plumbing","replayed":false}

      at log (src/routes/simulations.js:131:11)

  console.info
    {
      component: 'http',
      event: 'request_completed',
      requestId: '9541841b-55a8-4f5f-b2e7-c7a292fd39b2',
      methodClass: 'POST',
      durationMs: 55,
      statusCode: 201
    }

      at write (src/observability/safeLogger.js:178:17)

  console.log
    [Simulations] Canonical graph committed: {"operationId":"255215ce-9d92-4f27-920c-ff5f1fb3f9c9","service":"plumbing","replayed":false}

      at log (src/routes/simulations.js:131:11)

  console.info
    {
      component: 'http',
      event: 'request_completed',
      requestId: '0f46f263-70bc-488f-8bd8-c2a5a268e19a',
      methodClass: 'POST',
      durationMs: 76,
      statusCode: 201
    }

      at write (src/observability/safeLogger.js:178:17)

  console.log
    [Simulations] Canonical graph committed: {"operationId":"7725ee30-90a9-4d04-8b51-2f068495bf3e","service":"plumbing","replayed":false}

      at log (src/routes/simulations.js:131:11)

  console.info
    {
      component: 'http',
      event: 'request_completed',
      requestId: '6340a2bb-e9eb-4c44-98a1-0f7457f54f84',
      methodClass: 'POST',
      durationMs: 96,
      statusCode: 201
    }

      at write (src/observability/safeLogger.js:178:17)

  console.log
    [Simulations] Canonical graph committed: {"operationId":"def999af-978b-4241-8772-f522ffff0ca1","service":"plumbing","replayed":false}

      at log (src/routes/simulations.js:131:11)

  console.info
    {
      component: 'http',
      event: 'request_completed',
      requestId: '9634d6fe-47fa-45ad-bdb2-d04f04eb4e2f',
      methodClass: 'POST',
      durationMs: 115,
      statusCode: 201
    }

      at write (src/observability/safeLogger.js:178:17)

  console.log
    [Simulations] Canonical graph committed: {"operationId":"3e439cd6-5ffd-429a-ae89-6a18428ad7fc","service":"plumbing","replayed":false}

      at log (src/routes/simulations.js:131:11)

  console.info
    {
      component: 'http',
      event: 'request_completed',
      requestId: '094b17f8-e3c5-47da-9e49-55dfc90a92dc',
      methodClass: 'POST',
      durationMs: 135,
      statusCode: 201
    }

      at write (src/observability/safeLogger.js:178:17)

  console.log
    [Simulations] Canonical graph committed: {"operationId":"44f5b1f5-27aa-4361-b8b2-4a10ee5bd78d","service":"plumbing","replayed":false}

      at log (src/routes/simulations.js:131:11)

  console.info
    {
      component: 'http',
      event: 'request_completed',
      requestId: '984645b6-584b-4be0-8c55-91fe34f009c5',
      methodClass: 'POST',
      durationMs: 39,
      statusCode: 201
    }

      at write (src/observability/safeLogger.js:178:17)

  console.log
    [Simulations] Canonical graph committed: {"operationId":"3a06ef75-e4ea-4b3e-b323-a2503b412cf4","service":"plumbing","replayed":false}

      at log (src/routes/simulations.js:131:11)

  console.info
    {
      component: 'http',
      event: 'request_completed',
      requestId: '2397b7f2-e0b2-40d4-a33c-f8201b33e184',
      methodClass: 'POST',
      durationMs: 52,
      statusCode: 201
    }

      at write (src/observability/safeLogger.js:178:17)

  console.log
    [Simulations] Canonical graph committed: {"operationId":"35686a07-913a-42f9-a3d0-87795d6557f6","service":"plumbing","replayed":false}

      at log (src/routes/simulations.js:131:11)

  console.info
    {
      component: 'http',
      event: 'request_completed',
      requestId: '3475c98b-4a1b-478b-bf15-b5cfae573ec5',
      methodClass: 'POST',
      durationMs: 59,
      statusCode: 201
    }

      at write (src/observability/safeLogger.js:178:17)

  console.log
    [Simulations] Canonical graph committed: {"operationId":"69495363-b56f-404b-b399-2bfe1ca6522f","service":"plumbing","replayed":false}

      at log (src/routes/simulations.js:131:11)

  console.info
    {
      component: 'http',
      event: 'request_completed',
      requestId: 'a0abf470-f174-4715-89be-2c67ac70b148',
      methodClass: 'POST',
      durationMs: 88,
      statusCode: 201
    }

      at write (src/observability/safeLogger.js:178:17)

  console.log
    [Simulations] Canonical graph committed: {"operationId":"0af47674-acdc-4bf5-aafd-507eba0f3426","service":"plumbing","replayed":false}

      at log (src/routes/simulations.js:131:11)

  console.info
    {
      component: 'http',
      event: 'request_completed',
      requestId: '5e9e1d2a-81a5-433f-9d93-5b4081bf74e8',
      methodClass: 'POST',
      durationMs: 153,
      statusCode: 201
    }

      at write (src/observability/safeLogger.js:178:17)

  console.log
    [Simulations] Canonical graph committed: {"operationId":"5d2082e5-5dd4-4a36-934f-eb59831da664","service":"plumbing","replayed":false}

      at log (src/routes/simulations.js:131:11)

  console.info
    {
      component: 'http',
      event: 'request_completed',
      requestId: '67647e1d-5df6-49f7-9355-7cac1e64fcc1',
      methodClass: 'POST',
      durationMs: 15,
      statusCode: 201
    }

      at write (src/observability/safeLogger.js:178:17)

  console.log
    [Simulations] Canonical graph committed: {"operationId":"96eb5031-3ef4-4031-9b18-52dd190782fc","service":"plumbing","replayed":false}

      at log (src/routes/simulations.js:131:11)

  console.info
    {
      component: 'http',
      event: 'request_completed',
      requestId: '8cdabce5-bb6f-4c35-9559-328573cf61a1',
      methodClass: 'POST',
      durationMs: 27,
      statusCode: 201
    }

      at write (src/observability/safeLogger.js:178:17)

  console.log
    [Simulations] Canonical graph committed: {"operationId":"40e47c1d-1203-43ae-8846-8f4cb87b4e7a","service":"plumbing","replayed":false}

      at log (src/routes/simulations.js:131:11)

  console.info
    {
      component: 'http',
      event: 'request_completed',
      requestId: 'd6110e56-7140-46ea-a873-8dcc5c51e0e5',
      methodClass: 'POST',
      durationMs: 34,
      statusCode: 201
    }

      at write (src/observability/safeLogger.js:178:17)

  console.log
    [Simulations] Canonical graph committed: {"operationId":"0765e3bd-e305-4eed-9f60-8c93c51dca73","service":"plumbing","replayed":false}

      at log (src/routes/simulations.js:131:11)

  console.info
    {
      component: 'http',
      event: 'request_completed',
      requestId: '7dd8cecc-99ab-43aa-ac7a-db9b2e166f10',
      methodClass: 'POST',
      durationMs: 44,
      statusCode: 201
    }

      at write (src/observability/safeLogger.js:178:17)

  console.log
    [Simulations] Canonical graph committed: {"operationId":"83b33ab0-1d04-4a8a-be15-19dd5e65f1c1","service":"plumbing","replayed":false}

      at log (src/routes/simulations.js:131:11)

  console.info
    {
      component: 'http',
      event: 'request_completed',
      requestId: 'fe44f643-176f-4300-84e9-681c0fc65349',
      methodClass: 'POST',
      durationMs: 52,
      statusCode: 201
    }

      at write (src/observability/safeLogger.js:178:17)

  console.log
    [Simulations] Canonical graph committed: {"operationId":"d6d400f2-a142-447e-ad05-baba64beee17","service":"plumbing","replayed":false}

      at log (src/routes/simulations.js:131:11)

  console.info
    {
      component: 'http',
      event: 'request_completed',
      requestId: 'c8773a93-d9e7-4665-af82-c29b762178d6',
      methodClass: 'POST',
      durationMs: 16,
      statusCode: 201
    }

      at write (src/observability/safeLogger.js:178:17)

  console.log
    [Simulations] Canonical graph committed: {"operationId":"d8c669d1-dba1-4175-b598-40947d3dfbc0","service":"plumbing","replayed":false}

      at log (src/routes/simulations.js:131:11)

  console.info
    {
      component: 'http',
      event: 'request_completed',
      requestId: '3bbe962b-e61f-46a5-9104-7ba880df2933',
      methodClass: 'POST',
      durationMs: 25,
      statusCode: 201
    }

      at write (src/observability/safeLogger.js:178:17)

  console.log
    [Simulations] Canonical graph committed: {"operationId":"81c499c9-3659-4312-a650-38da57bb4984","service":"plumbing","replayed":false}

      at log (src/routes/simulations.js:131:11)

  console.info
    {
      component: 'http',
      event: 'request_completed',
      requestId: '4d12c998-1603-41f0-bd12-59f51da14958',
      methodClass: 'POST',
      durationMs: 33,
      statusCode: 201
    }

      at write (src/observability/safeLogger.js:178:17)

  console.log
    [Simulations] Canonical graph committed: {"operationId":"36c852fe-3195-4e0e-a083-a3592225b582","service":"plumbing","replayed":false}

      at log (src/routes/simulations.js:131:11)

  console.info
    {
      component: 'http',
      event: 'request_completed',
      requestId: '0a34f6da-c121-4cad-a374-56e00364e4f9',
      methodClass: 'POST',
      durationMs: 41,
      statusCode: 201
    }

      at write (src/observability/safeLogger.js:178:17)

  console.log
    [Simulations] Canonical graph committed: {"operationId":"857bf846-782c-4b24-8cef-9f21ec82e214","service":"plumbing","replayed":false}

      at log (src/routes/simulations.js:131:11)

  console.info
    {
      component: 'http',
      event: 'request_completed',
      requestId: '7987f5d0-75d1-4e71-b1c5-d9d7e02016fd',
      methodClass: 'POST',
      durationMs: 50,
      statusCode: 201
    }

      at write (src/observability/safeLogger.js:178:17)

  console.log
    [Simulations] Canonical graph committed: {"operationId":"aee070bb-6660-418e-bba6-6906aba694b4","service":"plumbing","replayed":false}

      at log (src/routes/simulations.js:131:11)

  console.info
    {
      component: 'http',
      event: 'request_completed',
      requestId: 'db168fb1-9f1f-4667-b42a-694077fe8ceb',
      methodClass: 'POST',
      durationMs: 17,
      statusCode: 201
    }

      at write (src/observability/safeLogger.js:178:17)

  console.log
    [Simulations] Canonical graph committed: {"operationId":"cc90c90f-0f67-44ac-bbee-7bbfb377ce69","service":"plumbing","replayed":false}

      at log (src/routes/simulations.js:131:11)

  console.info
    {
      component: 'http',
      event: 'request_completed',
      requestId: '192eb044-f624-48f6-b242-169a1a938e97',
      methodClass: 'POST',
      durationMs: 25,
      statusCode: 201
    }

      at write (src/observability/safeLogger.js:178:17)

  console.log
    [Simulations] Canonical graph committed: {"operationId":"e61d73bb-2a2c-408c-b3c9-9f156634c553","service":"plumbing","replayed":false}

      at log (src/routes/simulations.js:131:11)

  console.info
    {
      component: 'http',
      event: 'request_completed',
      requestId: 'db810592-7d52-4e48-880a-a9e4255dc180',
      methodClass: 'POST',
      durationMs: 33,
      statusCode: 201
    }

      at write (src/observability/safeLogger.js:178:17)

  console.log
    [Simulations] Canonical graph committed: {"operationId":"c7af0afa-9892-44e3-892a-0a8470b8b636","service":"plumbing","replayed":false}

      at log (src/routes/simulations.js:131:11)

  console.info
    {
      component: 'http',
      event: 'request_completed',
      requestId: 'bd967ad0-6db1-4726-a9bc-bfca5806572a',
      methodClass: 'POST',
      durationMs: 44,
      statusCode: 201
    }

      at write (src/observability/safeLogger.js:178:17)

  console.log
    [Simulations] Canonical graph committed: {"operationId":"572bbdd0-08d9-4e8d-a029-081d564bb37e","service":"plumbing","replayed":false}

      at log (src/routes/simulations.js:131:11)

  console.info
    {
      component: 'http',
      event: 'request_completed',
      requestId: '3d5fe402-4501-46ae-aa23-b8f4496bba39',
      methodClass: 'POST',
      durationMs: 53,
      statusCode: 201
    }

      at write (src/observability/safeLogger.js:178:17)

  console.log
    [Simulations] Canonical graph committed: {"operationId":"f51f5255-28c0-4848-bc92-f0d45808ae50","service":"plumbing","replayed":false}

      at log (src/routes/simulations.js:131:11)

  console.info
    {
      component: 'http',
      event: 'request_completed',
      requestId: 'b34f565b-5178-4e5c-bc50-f7ae31571485',
      methodClass: 'POST',
      durationMs: 16,
      statusCode: 201
    }

      at write (src/observability/safeLogger.js:178:17)

  console.log
    [Simulations] Canonical graph committed: {"operationId":"01715de9-a364-4d03-b17b-e38ed3c114b8","service":"plumbing","replayed":false}

      at log (src/routes/simulations.js:131:11)

  console.info
    {
      component: 'http',
      event: 'request_completed',
      requestId: '1a4f050a-a966-45b8-9058-d19bf7e0f45e',
      methodClass: 'POST',
      durationMs: 25,
      statusCode: 201
    }

      at write (src/observability/safeLogger.js:178:17)

  console.log
    [Simulations] Canonical graph committed: {"operationId":"231e3f48-6c62-430a-82ba-1e3c018ba15b","service":"plumbing","replayed":false}

      at log (src/routes/simulations.js:131:11)

  console.info
    {
      component: 'http',
      event: 'request_completed',
      requestId: '83d461c4-ea92-47ea-963c-8d2da2227207',
      methodClass: 'POST',
      durationMs: 32,
      statusCode: 201
    }

      at write (src/observability/safeLogger.js:178:17)

  console.log
    [Simulations] Canonical graph committed: {"operationId":"96606b71-c237-4d13-8787-d91080682928","service":"plumbing","replayed":false}

      at log (src/routes/simulations.js:131:11)

  console.info
    {
      component: 'http',
      event: 'request_completed',
      requestId: 'd3ff0c86-dd79-47b6-9592-4e9be828cd80',
      methodClass: 'POST',
      durationMs: 44,
      statusCode: 201
    }

      at write (src/observability/safeLogger.js:178:17)

  console.log
    [Simulations] Canonical graph committed: {"operationId":"c1053a8c-2fa7-40d5-ba39-4252b2645113","service":"plumbing","replayed":false}

      at log (src/routes/simulations.js:131:11)

  console.info
    {
      component: 'http',
      event: 'request_completed',
      requestId: 'bf047fe0-854b-4e79-9065-79d3d34ff2b7',
      methodClass: 'POST',
      durationMs: 52,
      statusCode: 201
    }

      at write (src/observability/safeLogger.js:178:17)

  console.log
    [Simulations] Canonical graph committed: {"operationId":"0871bf8e-b2c4-42ad-83c5-fb02536e0376","service":"plumbing","replayed":false}

      at log (src/routes/simulations.js:131:11)

  console.info
    {
      component: 'http',
      event: 'request_completed',
      requestId: 'd87fec30-086b-4c83-a631-421a3bfd257d',
      methodClass: 'POST',
      durationMs: 12,
      statusCode: 201
    }

      at write (src/observability/safeLogger.js:178:17)

  console.log
    [Simulations] Canonical graph committed: {"operationId":"53606cd7-42ff-4398-93f7-2b967ead2c2b","service":"plumbing","replayed":false}

      at log (src/routes/simulations.js:131:11)

  console.info
    {
      component: 'http',
      event: 'request_completed',
      requestId: '88e788fe-ed09-404b-bb3e-55befac38e8c',
      methodClass: 'POST',
      durationMs: 21,
      statusCode: 201
    }

      at write (src/observability/safeLogger.js:178:17)

  console.log
    [Simulations] Canonical graph committed: {"operationId":"f10ceed9-75ef-4f6a-8185-05513ce5f449","service":"plumbing","replayed":false}

      at log (src/routes/simulations.js:131:11)

  console.info
    {
      component: 'http',
      event: 'request_completed',
      requestId: '3af76e7c-6303-4eff-a6de-966ab56aa4c3',
      methodClass: 'POST',
      durationMs: 30,
      statusCode: 201
    }

      at write (src/observability/safeLogger.js:178:17)

  console.log
    [Simulations] Canonical graph committed: {"operationId":"ee8506b5-35b6-4afc-8754-509f0dc55d7b","service":"plumbing","replayed":false}

      at log (src/routes/simulations.js:131:11)

  console.info
    {
      component: 'http',
      event: 'request_completed',
      requestId: '9fa2767e-e4c2-4b56-a221-0110f6ad11a8',
      methodClass: 'POST',
      durationMs: 37,
      statusCode: 201
    }

      at write (src/observability/safeLogger.js:178:17)

  console.log
    [Simulations] Canonical graph committed: {"operationId":"45fd16b4-c233-4d34-b3c5-84950750689a","service":"plumbing","replayed":false}

      at log (src/routes/simulations.js:131:11)

  console.info
    {
      component: 'http',
      event: 'request_completed',
      requestId: '1125c691-bd36-4f59-9515-00dc8ad33f25',
      methodClass: 'POST',
      durationMs: 44,
      statusCode: 201
    }

      at write (src/observability/safeLogger.js:178:17)

  console.log
    [Simulations] Canonical graph committed: {"operationId":"f37c158a-33af-44e1-8786-308a12bb0623","service":"plumbing","replayed":false}

      at log (src/routes/simulations.js:131:11)

  console.info
    {
      component: 'http',
      event: 'request_completed',
      requestId: 'aba9bf88-71f6-4543-8e2d-729e4c5b4da3',
      methodClass: 'POST',
      durationMs: 17,
      statusCode: 201
    }

      at write (src/observability/safeLogger.js:178:17)

  console.log
    [Simulations] Canonical graph committed: {"operationId":"8e6f69a3-7faa-4841-9c0c-a41296a57a61","service":"plumbing","replayed":false}

      at log (src/routes/simulations.js:131:11)

  console.info
    {
      component: 'http',
      event: 'request_completed',
      requestId: '9b9ea957-0ef3-41a3-bbbe-80568007581b',
      methodClass: 'POST',
      durationMs: 23,
      statusCode: 201
    }

      at write (src/observability/safeLogger.js:178:17)

  console.log
    [Simulations] Canonical graph committed: {"operationId":"917cb980-1784-4578-90dc-6f4b502a6c0b","service":"plumbing","replayed":false}

      at log (src/routes/simulations.js:131:11)

  console.info
    {
      component: 'http',
      event: 'request_completed',
      requestId: '38aaacd6-c727-409e-baff-cf33eb42c6e6',
      methodClass: 'POST',
      durationMs: 32,
      statusCode: 201
    }

      at write (src/observability/safeLogger.js:178:17)

  console.log
    [Simulations] Canonical graph committed: {"operationId":"311f346c-4b21-432f-ac6e-4017fb383cae","service":"plumbing","replayed":false}

      at log (src/routes/simulations.js:131:11)

  console.info
    {
      component: 'http',
      event: 'request_completed',
      requestId: 'cd24e1f7-4d77-4c97-937c-71c440d6b38c',
      methodClass: 'POST',
      durationMs: 40,
      statusCode: 201
    }

      at write (src/observability/safeLogger.js:178:17)

  console.log
    [Simulations] Canonical graph committed: {"operationId":"ac4d7719-7620-4418-b1e9-d2f13cc68659","service":"plumbing","replayed":false}

      at log (src/routes/simulations.js:131:11)

  console.info
    {
      component: 'http',
      event: 'request_completed',
      requestId: '72b78270-3b3e-4194-9bcb-8d5b7333e789',
      methodClass: 'POST',
      durationMs: 47,
      statusCode: 201
    }

      at write (src/observability/safeLogger.js:178:17)

  console.log
    [Simulations] Canonical graph committed: {"operationId":"501e751a-040a-4453-8646-0a74dbc3097b","service":"plumbing","replayed":false}

      at log (src/routes/simulations.js:131:11)

  console.info
    {
      component: 'http',
      event: 'request_completed',
      requestId: '75b3a9d6-7446-4ce8-a973-e6d951b955ca',
      methodClass: 'POST',
      durationMs: 16,
      statusCode: 201
    }

      at write (src/observability/safeLogger.js:178:17)

  console.log
    [Simulations] Canonical graph committed: {"operationId":"dca8dca1-19ca-4aea-b3a4-7d5867895568","service":"plumbing","replayed":false}

      at log (src/routes/simulations.js:131:11)

  console.info
    {
      component: 'http',
      event: 'request_completed',
      requestId: '71139800-ac21-478d-bb65-21f6c7839b5c',
      methodClass: 'POST',
      durationMs: 22,
      statusCode: 201
    }

      at write (src/observability/safeLogger.js:178:17)

  console.log
    [Simulations] Canonical graph committed: {"operationId":"25969bd6-c6f7-45db-a163-b6411d57b58d","service":"plumbing","replayed":false}

      at log (src/routes/simulations.js:131:11)

  console.info
    {
      component: 'http',
      event: 'request_completed',
      requestId: '7c64e224-d2a3-46fd-8baf-643ca5663bc3',
      methodClass: 'POST',
      durationMs: 30,
      statusCode: 201
    }

      at write (src/observability/safeLogger.js:178:17)

  console.log
    [Simulations] Canonical graph committed: {"operationId":"9c3e270b-fc65-4534-9ce0-fbca51746420","service":"plumbing","replayed":false}

      at log (src/routes/simulations.js:131:11)

  console.info
    {
      component: 'http',
      event: 'request_completed',
      requestId: 'b2995d05-c24d-447c-bc85-04a1cd1553b3',
      methodClass: 'POST',
      durationMs: 38,
      statusCode: 201
    }

      at write (src/observability/safeLogger.js:178:17)

  console.log
    [Simulations] Canonical graph committed: {"operationId":"05140c5b-2cfd-4408-8ce5-8fd93f0cbb35","service":"plumbing","replayed":false}

      at log (src/routes/simulations.js:131:11)

  console.info
    {
      component: 'http',
      event: 'request_completed',
      requestId: '1fe741ee-3f33-43de-b7ce-504ebe30aca0',
      methodClass: 'POST',
      durationMs: 45,
      statusCode: 201
    }

      at write (src/observability/safeLogger.js:178:17)

  console.log
    [Simulations] Canonical graph committed: {"operationId":"719e80b1-1428-4a9c-b356-c4878513186d","service":"plumbing","replayed":false}

      at log (src/routes/simulations.js:131:11)

  console.info
    {
      component: 'http',
      event: 'request_completed',
      requestId: '44c8c125-0493-49c2-8f2e-a199571054e0',
      methodClass: 'POST',
      durationMs: 14,
      statusCode: 201
    }

      at write (src/observability/safeLogger.js:178:17)

  console.log
    [Simulations] Canonical graph committed: {"operationId":"c065ac4c-5607-4192-9c43-32c4b1c1a0b4","service":"plumbing","replayed":false}

      at log (src/routes/simulations.js:131:11)

  console.info
    {
      component: 'http',
      event: 'request_completed',
      requestId: '9e36482f-0857-487c-9126-d2a54bad1e4a',
      methodClass: 'POST',
      durationMs: 22,
      statusCode: 201
    }

      at write (src/observability/safeLogger.js:178:17)

  console.log
    [Simulations] Canonical graph committed: {"operationId":"09635021-b343-487a-9840-84eb712392a6","service":"plumbing","replayed":false}

      at log (src/routes/simulations.js:131:11)

  console.info
    {
      component: 'http',
      event: 'request_completed',
      requestId: '50032a74-0ff2-4482-80eb-b253e2f3ae85',
      methodClass: 'POST',
      durationMs: 31,
      statusCode: 201
    }

      at write (src/observability/safeLogger.js:178:17)

  console.log
    [Simulations] Canonical graph committed: {"operationId":"4be9d336-7e66-4b74-b3e7-c9b08eee7a40","service":"plumbing","replayed":false}

      at log (src/routes/simulations.js:131:11)

  console.info
    {
      component: 'http',
      event: 'request_completed',
      requestId: '8168ec39-10fc-49f6-b86c-b5a3273d58c0',
      methodClass: 'POST',
      durationMs: 37,
      statusCode: 201
    }

      at write (src/observability/safeLogger.js:178:17)

  console.log
    [Simulations] Canonical graph committed: {"operationId":"945e9302-5568-47ca-ad60-0f01151403ee","service":"plumbing","replayed":false}

      at log (src/routes/simulations.js:131:11)

  console.info
    {
      component: 'http',
      event: 'request_completed',
      requestId: '2375e299-048b-4b49-a6b2-d0c7c7657ac9',
      methodClass: 'POST',
      durationMs: 45,
      statusCode: 201
    }

      at write (src/observability/safeLogger.js:178:17)

  console.log
    [Simulations] Canonical graph committed: {"operationId":"a3a28aa0-33e5-416b-8ef3-147e664c79a0","service":"plumbing","replayed":false}

      at log (src/routes/simulations.js:131:11)

  console.info
    {
      component: 'http',
      event: 'request_completed',
      requestId: '8a42b756-dcf6-431f-8e0f-d5bf8c0f5925',
      methodClass: 'POST',
      durationMs: 17,
      statusCode: 201
    }

      at write (src/observability/safeLogger.js:178:17)

  console.log
    [Simulations] Canonical graph committed: {"operationId":"de57e255-50cd-4a4d-b5c0-6f949e9fac47","service":"plumbing","replayed":false}

      at log (src/routes/simulations.js:131:11)

  console.info
    {
      component: 'http',
      event: 'request_completed',
      requestId: '15da9963-b56b-429d-8984-39ca83aea944',
      methodClass: 'POST',
      durationMs: 24,
      statusCode: 201
    }

      at write (src/observability/safeLogger.js:178:17)

  console.log
    [Simulations] Canonical graph committed: {"operationId":"0d29599a-c78d-4bed-9e02-50ba237069f5","service":"plumbing","replayed":false}

      at log (src/routes/simulations.js:131:11)

  console.info
    {
      component: 'http',
      event: 'request_completed',
      requestId: 'dc4efc3e-7e65-4d63-b590-d576fa467f55',
      methodClass: 'POST',
      durationMs: 32,
      statusCode: 201
    }

      at write (src/observability/safeLogger.js:178:17)

  console.log
    [Simulations] Canonical graph committed: {"operationId":"7bd72679-da41-4c69-9cfe-8398d15ece0e","service":"plumbing","replayed":false}

      at log (src/routes/simulations.js:131:11)

  console.info
    {
      component: 'http',
      event: 'request_completed',
      requestId: 'f4cb0537-b924-4a05-b74e-e30761dd0bae',
      methodClass: 'POST',
      durationMs: 42,
      statusCode: 201
    }

      at write (src/observability/safeLogger.js:178:17)

  console.log
    [Simulations] Canonical graph committed: {"operationId":"cbb3e619-90bc-4532-9a42-469f8bc15ffa","service":"plumbing","replayed":false}

      at log (src/routes/simulations.js:131:11)

  console.info
    {
      component: 'http',
      event: 'request_completed',
      requestId: '20edaec9-7c2b-4c30-bb3f-876f994ecc42',
      methodClass: 'POST',
      durationMs: 48,
      statusCode: 201
    }

      at write (src/observability/safeLogger.js:178:17)

  console.log
    [Simulations] Canonical graph committed: {"operationId":"0617f8cc-535c-483f-abbc-f9726ac5fb43","service":"plumbing","replayed":false}

      at log (src/routes/simulations.js:131:11)

  console.info
    {
      component: 'http',
      event: 'request_completed',
      requestId: '2ee00816-753b-40be-bf8d-f814a54104cf',
      methodClass: 'POST',
      durationMs: 15,
      statusCode: 201
    }

      at write (src/observability/safeLogger.js:178:17)

  console.log
    [Simulations] Canonical graph committed: {"operationId":"185055a4-db4f-4b99-bd35-be924424c160","service":"plumbing","replayed":false}

      at log (src/routes/simulations.js:131:11)

  console.info
    {
      component: 'http',
      event: 'request_completed',
      requestId: '026429a4-9957-4b32-a8e4-76fefbcf761f',
      methodClass: 'POST',
      durationMs: 27,
      statusCode: 201
    }

      at write (src/observability/safeLogger.js:178:17)

  console.log
    [Simulations] Canonical graph committed: {"operationId":"e63fef94-7c97-47a7-864c-f88dcbd31b24","service":"plumbing","replayed":false}

      at log (src/routes/simulations.js:131:11)

  console.info
    {
      component: 'http',
      event: 'request_completed',
      requestId: '12171a81-311e-4b1d-a161-7f4a71d52528',
      methodClass: 'POST',
      durationMs: 32,
      statusCode: 201
    }

      at write (src/observability/safeLogger.js:178:17)

  console.log
    [Simulations] Canonical graph committed: {"operationId":"ca81a000-8149-46c2-91ef-d83cd83be574","service":"plumbing","replayed":false}

      at log (src/routes/simulations.js:131:11)

  console.info
    {
      component: 'http',
      event: 'request_completed',
      requestId: '21366ac7-8582-4c20-a51f-73d0bc5e5f16',
      methodClass: 'POST',
      durationMs: 40,
      statusCode: 201
    }

      at write (src/observability/safeLogger.js:178:17)

  console.log
    [Simulations] Canonical graph committed: {"operationId":"a8db8ef9-54bd-4a04-a79c-f1ef0e822028","service":"plumbing","replayed":false}

      at log (src/routes/simulations.js:131:11)

  console.info
    {
      component: 'http',
      event: 'request_completed',
      requestId: 'c8b2f704-2a54-495b-8127-27d8135a81cc',
      methodClass: 'POST',
      durationMs: 46,
      statusCode: 201
    }

      at write (src/observability/safeLogger.js:178:17)

  console.log
    [Simulations] Canonical graph committed: {"operationId":"5732cede-8a0d-440f-bec2-40b664b0f702","service":"plumbing","replayed":false}

      at log (src/routes/simulations.js:131:11)

  console.info
    {
      component: 'http',
      event: 'request_completed',
      requestId: '2baa78ab-90f0-4955-aa7f-d23642978af1',
      methodClass: 'POST',
      durationMs: 16,
      statusCode: 201
    }

      at write (src/observability/safeLogger.js:178:17)

  console.log
    [Simulations] Canonical graph committed: {"operationId":"658803c0-544e-4594-aacf-f1c783f01bd7","service":"plumbing","replayed":false}

      at log (src/routes/simulations.js:131:11)

  console.info
    {
      component: 'http',
      event: 'request_completed',
      requestId: 'f1167e87-3252-4660-8244-80f8d0540174',
      methodClass: 'POST',
      durationMs: 22,
      statusCode: 201
    }

      at write (src/observability/safeLogger.js:178:17)

  console.log
    [Simulations] Canonical graph committed: {"operationId":"df880f15-a439-4fa1-8f4e-f9d301be64be","service":"plumbing","replayed":false}

      at log (src/routes/simulations.js:131:11)

  console.info
    {
      component: 'http',
      event: 'request_completed',
      requestId: '7f105e47-7824-4d81-9c14-68cc1c73efbb',
      methodClass: 'POST',
      durationMs: 32,
      statusCode: 201
    }

      at write (src/observability/safeLogger.js:178:17)

  console.log
    [Simulations] Canonical graph committed: {"operationId":"6247c476-3f27-43e0-ad6b-5c245a125fe1","service":"plumbing","replayed":false}

      at log (src/routes/simulations.js:131:11)

  console.info
    {
      component: 'http',
      event: 'request_completed',
      requestId: '361c635d-875f-4454-8aff-aa8544a3d687',
      methodClass: 'POST',
      durationMs: 41,
      statusCode: 201
    }

      at write (src/observability/safeLogger.js:178:17)

  console.log
    [Simulations] Canonical graph committed: {"operationId":"31dde089-72fd-4da3-a959-ec854bf25216","service":"plumbing","replayed":false}

      at log (src/routes/simulations.js:131:11)

  console.info
    {
      component: 'http',
      event: 'request_completed',
      requestId: 'cb36db39-f20b-47d0-a99b-ea46bef4bf0c',
      methodClass: 'POST',
      durationMs: 51,
      statusCode: 201
    }

      at write (src/observability/safeLogger.js:178:17)

  console.log
    [Simulations] Canonical graph committed: {"operationId":"ba77e2ef-1799-4f1b-a619-6744c3ddf666","service":"plumbing","replayed":false}

      at log (src/routes/simulations.js:131:11)

  console.info
    {
      component: 'http',
      event: 'request_completed',
      requestId: '55e38fa2-f463-46eb-b999-b17b2a9fa319',
      methodClass: 'POST',
      durationMs: 18,
      statusCode: 201
    }

      at write (src/observability/safeLogger.js:178:17)

  console.log
    [Simulations] Canonical graph committed: {"operationId":"9873362e-3dd6-433d-85f0-03360b03cbde","service":"plumbing","replayed":false}

      at log (src/routes/simulations.js:131:11)

  console.info
    {
      component: 'http',
      event: 'request_completed',
      requestId: 'fd441b88-8803-425e-9838-48c4e17d138e',
      methodClass: 'POST',
      durationMs: 25,
      statusCode: 201
    }

      at write (src/observability/safeLogger.js:178:17)

  console.log
    [Simulations] Canonical graph committed: {"operationId":"58317991-f84a-4bc6-a33c-3f239a49fa11","service":"plumbing","replayed":false}

      at log (src/routes/simulations.js:131:11)

  console.info
    {
      component: 'http',
      event: 'request_completed',
      requestId: '9e1c73d3-a7aa-4d1d-9c12-7bc76f5c70a5',
      methodClass: 'POST',
      durationMs: 34,
      statusCode: 201
    }

      at write (src/observability/safeLogger.js:178:17)

  console.log
    [Simulations] Canonical graph committed: {"operationId":"7e72d4ea-157c-4cdb-aa7e-0665cacfcf05","service":"plumbing","replayed":false}

      at log (src/routes/simulations.js:131:11)

  console.info
    {
      component: 'http',
      event: 'request_completed',
      requestId: '4d1e39b1-ea05-40bd-a1b4-cd57e837b582',
      methodClass: 'POST',
      durationMs: 40,
      statusCode: 201
    }

      at write (src/observability/safeLogger.js:178:17)

  console.log
    [Simulations] Canonical graph committed: {"operationId":"af0f00a3-1257-4f7f-884a-57bfe5af4f4b","service":"plumbing","replayed":false}

      at log (src/routes/simulations.js:131:11)

  console.info
    {
      component: 'http',
      event: 'request_completed',
      requestId: 'f0a36e32-9076-45a6-afab-3ab0f0dc3c8d',
      methodClass: 'POST',
      durationMs: 51,
      statusCode: 201
    }

      at write (src/observability/safeLogger.js:178:17)

  console.log
    [Simulations] Canonical graph committed: {"operationId":"8eea4685-8c36-4cc1-9b02-441ae4b9c15a","service":"plumbing","replayed":false}

      at log (src/routes/simulations.js:131:11)

  console.info
    {
      component: 'http',
      event: 'request_completed',
      requestId: '851d3c01-2eee-492d-acea-151119e597b3',
      methodClass: 'POST',
      durationMs: 18,
      statusCode: 201
    }

      at write (src/observability/safeLogger.js:178:17)

  console.log
    [Simulations] Canonical graph committed: {"operationId":"982ef572-2c76-4f89-b219-375eee65daa4","service":"plumbing","replayed":false}

      at log (src/routes/simulations.js:131:11)

  console.info
    {
      component: 'http',
      event: 'request_completed',
      requestId: 'ee910289-2ff7-46bf-a2fb-81c5a20edb8c',
      methodClass: 'POST',
      durationMs: 27,
      statusCode: 201
    }

      at write (src/observability/safeLogger.js:178:17)

  console.log
    [Simulations] Canonical graph committed: {"operationId":"d908b6cc-a18c-4643-9cd2-e63bdf07a013","service":"plumbing","replayed":false}

      at log (src/routes/simulations.js:131:11)

  console.info
    {
      component: 'http',
      event: 'request_completed',
      requestId: 'c72c67a2-512e-469d-874f-74a250b0d92c',
      methodClass: 'POST',
      durationMs: 34,
      statusCode: 201
    }

      at write (src/observability/safeLogger.js:178:17)

  console.log
    [Simulations] Canonical graph committed: {"operationId":"c51bf64a-b7f8-4181-88ee-6bfc35f62468","service":"plumbing","replayed":false}

      at log (src/routes/simulations.js:131:11)

  console.info
    {
      component: 'http',
      event: 'request_completed',
      requestId: 'b85a02ae-3831-4173-8269-9c1ab9b41578',
      methodClass: 'POST',
      durationMs: 44,
      statusCode: 201
    }

      at write (src/observability/safeLogger.js:178:17)

  console.log
    [Simulations] Canonical graph committed: {"operationId":"4cfdb143-fd2b-40a2-8922-1d27c43613bc","service":"plumbing","replayed":false}

      at log (src/routes/simulations.js:131:11)

  console.info
    {
      component: 'http',
      event: 'request_completed',
      requestId: 'fb158b41-41fb-4fad-9d07-e51d7b1a92ae',
      methodClass: 'POST',
      durationMs: 50,
      statusCode: 201
    }

      at write (src/observability/safeLogger.js:178:17)

  console.log
    [Simulations] Canonical graph committed: {"operationId":"90217644-2008-4ccd-b45d-7505527c886a","service":"plumbing","replayed":false}

      at log (src/routes/simulations.js:131:11)

  console.info
    {
      component: 'http',
      event: 'request_completed',
      requestId: 'fed8ce44-01c7-49e1-a384-f05857ca51fb',
      methodClass: 'POST',
      durationMs: 18,
      statusCode: 201
    }

      at write (src/observability/safeLogger.js:178:17)

  console.log
    [Simulations] Canonical graph committed: {"operationId":"36446d95-b49d-42db-9a73-91b0e91993fa","service":"plumbing","replayed":false}

      at log (src/routes/simulations.js:131:11)

  console.info
    {
      component: 'http',
      event: 'request_completed',
      requestId: '6c767886-4167-4208-b640-19c23e729bb9',
      methodClass: 'POST',
      durationMs: 27,
      statusCode: 201
    }

      at write (src/observability/safeLogger.js:178:17)

  console.log
    [Simulations] Canonical graph committed: {"operationId":"7b83e9e2-b21d-4384-b8ff-d6ebea001607","service":"plumbing","replayed":false}

      at log (src/routes/simulations.js:131:11)

  console.info
    {
      component: 'http',
      event: 'request_completed',
      requestId: '8e3b3b96-7b9f-4596-bf5a-6839549e36fe',
      methodClass: 'POST',
      durationMs: 35,
      statusCode: 201
    }

      at write (src/observability/safeLogger.js:178:17)

  console.log
    [Simulations] Canonical graph committed: {"operationId":"9d590359-714a-4d02-a284-57d27030e18d","service":"plumbing","replayed":false}

      at log (src/routes/simulations.js:131:11)

  console.info
    {
      component: 'http',
      event: 'request_completed',
      requestId: '92e437fd-f07f-41a6-a9d4-c2310d73a540',
      methodClass: 'POST',
      durationMs: 43,
      statusCode: 201
    }

      at write (src/observability/safeLogger.js:178:17)

  console.log
    [Simulations] Canonical graph committed: {"operationId":"5203d793-47e3-4663-937f-185e7244ab94","service":"plumbing","replayed":false}

      at log (src/routes/simulations.js:131:11)

  console.info
    {
      component: 'http',
      event: 'request_completed',
      requestId: 'fc9c2c1a-014a-434b-b17d-199ab672c214',
      methodClass: 'POST',
      durationMs: 52,
      statusCode: 201
    }

      at write (src/observability/safeLogger.js:178:17)

  console.log
    [Simulations] Canonical graph committed: {"operationId":"93be757f-d755-47ed-b69f-8dbe4027000d","service":"plumbing","replayed":false}

      at log (src/routes/simulations.js:131:11)

  console.info
    {
      component: 'http',
      event: 'request_completed',
      requestId: '5a42f8a9-27c6-4ee5-9641-b607d5632c43',
      methodClass: 'POST',
      durationMs: 17,
      statusCode: 201
    }

      at write (src/observability/safeLogger.js:178:17)

  console.log
    [Simulations] Canonical graph committed: {"operationId":"14590b26-fddd-45bc-95fb-abab1cb59c43","service":"plumbing","replayed":false}

      at log (src/routes/simulations.js:131:11)

  console.info
    {
      component: 'http',
      event: 'request_completed',
      requestId: '9223e307-1b17-4bb0-869b-723f75fe490b',
      methodClass: 'POST',
      durationMs: 27,
      statusCode: 201
    }

      at write (src/observability/safeLogger.js:178:17)

  console.log
    [Simulations] Canonical graph committed: {"operationId":"59bb252a-1527-4332-9425-0b7d356d9cd4","service":"plumbing","replayed":false}

      at log (src/routes/simulations.js:131:11)

  console.info
    {
      component: 'http',
      event: 'request_completed',
      requestId: 'cf07eb60-abc0-44e4-914d-e9c6310ee62f',
      methodClass: 'POST',
      durationMs: 34,
      statusCode: 201
    }

      at write (src/observability/safeLogger.js:178:17)

  console.log
    [Simulations] Canonical graph committed: {"operationId":"d6100f43-37c9-4b46-bfa3-1a30eab4ed42","service":"plumbing","replayed":false}

      at log (src/routes/simulations.js:131:11)

  console.info
    {
      component: 'http',
      event: 'request_completed',
      requestId: '75f5ea3d-9a9e-4c86-b615-cf2a434d3d0e',
      methodClass: 'POST',
      durationMs: 43,
      statusCode: 201
    }

      at write (src/observability/safeLogger.js:178:17)

  console.log
    [Simulations] Canonical graph committed: {"operationId":"3cc1e746-3881-4c0e-a9d8-3cd97e653de1","service":"plumbing","replayed":false}

      at log (src/routes/simulations.js:131:11)

  console.info
    {
      component: 'http',
      event: 'request_completed',
      requestId: 'bb52f1d6-a00a-42a8-b515-8b998cb9eb2a',
      methodClass: 'POST',
      durationMs: 48,
      statusCode: 201
    }

      at write (src/observability/safeLogger.js:178:17)

  console.log
    [Simulations] Canonical graph committed: {"operationId":"54fc93fc-7d0b-4286-9195-663452a70906","service":"plumbing","replayed":false}

      at log (src/routes/simulations.js:131:11)

  console.info
    {
      component: 'http',
      event: 'request_completed',
      requestId: '5029b20b-af30-4955-90ce-05c35bd1a7df',
      methodClass: 'POST',
      durationMs: 17,
      statusCode: 201
    }

      at write (src/observability/safeLogger.js:178:17)

  console.log
    [Simulations] Canonical graph committed: {"operationId":"89d43c7c-84cd-4c31-9603-1a5383b4229a","service":"plumbing","replayed":false}

      at log (src/routes/simulations.js:131:11)

  console.info
    {
      component: 'http',
      event: 'request_completed',
      requestId: '71b547d8-b0cd-4ad0-bc86-42f2f0b6ac1b',
      methodClass: 'POST',
      durationMs: 25,
      statusCode: 201
    }

      at write (src/observability/safeLogger.js:178:17)

  console.log
    [Simulations] Canonical graph committed: {"operationId":"d62c730e-3cf0-4d91-8302-9e059be64abe","service":"plumbing","replayed":false}

      at log (src/routes/simulations.js:131:11)

  console.info
    {
      component: 'http',
      event: 'request_completed',
      requestId: '9b2cc3a5-e0a7-4b23-b3cf-0a9a3fcd7d50',
      methodClass: 'POST',
      durationMs: 33,
      statusCode: 201
    }

      at write (src/observability/safeLogger.js:178:17)

  console.log
    [Simulations] Canonical graph committed: {"operationId":"831548f7-8971-402d-8c85-e57555c95330","service":"plumbing","replayed":false}

      at log (src/routes/simulations.js:131:11)

  console.info
    {
      component: 'http',
      event: 'request_completed',
      requestId: 'afc78b00-bbdb-40bc-9b19-3afcfb5b3dd0',
      methodClass: 'POST',
      durationMs: 42,
      statusCode: 201
    }

      at write (src/observability/safeLogger.js:178:17)

  console.log
    [Simulations] Canonical graph committed: {"operationId":"b126df07-7651-4c83-88a8-e3b06164f340","service":"plumbing","replayed":false}

      at log (src/routes/simulations.js:131:11)

  console.info
    {
      component: 'http',
      event: 'request_completed',
      requestId: 'dcd214b8-d9ad-4734-b074-fc195b551e95',
      methodClass: 'POST',
      durationMs: 47,
      statusCode: 201
    }

      at write (src/observability/safeLogger.js:178:17)

  console.log
    [Simulations] Canonical graph committed: {"operationId":"8aae04b7-8404-455b-a886-4c816345e7cd","service":"plumbing","replayed":false}

      at log (src/routes/simulations.js:131:11)

  console.info
    {
      component: 'http',
      event: 'request_completed',
      requestId: '51221512-c648-498c-9f3e-b59baa6cdd5b',
      methodClass: 'POST',
      durationMs: 17,
      statusCode: 201
    }

      at write (src/observability/safeLogger.js:178:17)

  console.log
    [Simulations] Canonical graph committed: {"operationId":"9bcecd81-c53c-49fd-9771-92f2f336f85e","service":"plumbing","replayed":false}

      at log (src/routes/simulations.js:131:11)

  console.info
    {
      component: 'http',
      event: 'request_completed',
      requestId: '43816850-8b19-4496-8851-fbe7ec35ee1e',
      methodClass: 'POST',
      durationMs: 24,
      statusCode: 201
    }

      at write (src/observability/safeLogger.js:178:17)

  console.log
    [Simulations] Canonical graph committed: {"operationId":"36cdc8b4-02ed-453e-bfb2-a605c80ee49f","service":"plumbing","replayed":false}

      at log (src/routes/simulations.js:131:11)

  console.info
    {
      component: 'http',
      event: 'request_completed',
      requestId: 'ac587e3a-c01e-4354-992b-67f1231ce945',
      methodClass: 'POST',
      durationMs: 35,
      statusCode: 201
    }

      at write (src/observability/safeLogger.js:178:17)

  console.log
    [Simulations] Canonical graph committed: {"operationId":"9dd97d20-3f6f-4ed4-bb28-1d92e004c9ca","service":"plumbing","replayed":false}

      at log (src/routes/simulations.js:131:11)

  console.info
    {
      component: 'http',
      event: 'request_completed',
      requestId: '63d0837c-a74b-43f2-83a1-1cda0c72d25d',
      methodClass: 'POST',
      durationMs: 44,
      statusCode: 201
    }

      at write (src/observability/safeLogger.js:178:17)

  console.log
    [Simulations] Canonical graph committed: {"operationId":"b7689ab8-edca-4e36-9a3e-c231fb0c2e4f","service":"plumbing","replayed":false}

      at log (src/routes/simulations.js:131:11)

  console.info
    {
      component: 'http',
      event: 'request_completed',
      requestId: '02e9b961-be73-455c-a258-0b7de43dfd05',
      methodClass: 'POST',
      durationMs: 50,
      statusCode: 201
    }

      at write (src/observability/safeLogger.js:178:17)

  console.log
    [Simulations] Canonical graph committed: {"operationId":"5098048a-70ea-474d-923f-1a30017c88bf","service":"plumbing","replayed":false}

      at log (src/routes/simulations.js:131:11)

  console.info
    {
      component: 'http',
      event: 'request_completed',
      requestId: 'cdf2dd2b-5bc3-499a-a2eb-b5aaec996e86',
      methodClass: 'POST',
      durationMs: 18,
      statusCode: 201
    }

      at write (src/observability/safeLogger.js:178:17)

  console.log
    [Simulations] Canonical graph committed: {"operationId":"f3b877d9-8491-4f6e-a37b-f321d0a0c6d0","service":"plumbing","replayed":false}

      at log (src/routes/simulations.js:131:11)

  console.info
    {
      component: 'http',
      event: 'request_completed',
      requestId: '08688a53-c9bb-4bc0-8500-3d4c620b33cf',
      methodClass: 'POST',
      durationMs: 28,
      statusCode: 201
    }

      at write (src/observability/safeLogger.js:178:17)

  console.log
    [Simulations] Canonical graph committed: {"operationId":"fee5ee14-da53-482e-b0ba-7dc18991bc93","service":"plumbing","replayed":false}

      at log (src/routes/simulations.js:131:11)

  console.info
    {
      component: 'http',
      event: 'request_completed',
      requestId: '1b45e932-4877-4a31-94a9-0d91efcb0fbd',
      methodClass: 'POST',
      durationMs: 33,
      statusCode: 201
    }

      at write (src/observability/safeLogger.js:178:17)

  console.log
    [Simulations] Canonical graph committed: {"operationId":"bb6dc142-3243-4dfe-afa2-e110546cfda8","service":"plumbing","replayed":false}

      at log (src/routes/simulations.js:131:11)

  console.info
    {
      component: 'http',
      event: 'request_completed',
      requestId: 'f6b95499-7a6a-44da-9025-7a969f4e0b17',
      methodClass: 'POST',
      durationMs: 44,
      statusCode: 201
    }

      at write (src/observability/safeLogger.js:178:17)

  console.log
    [Simulations] Canonical graph committed: {"operationId":"1ed72f7f-aab4-4ec8-929d-78e3e49784a9","service":"plumbing","replayed":false}

      at log (src/routes/simulations.js:131:11)

  console.info
    {
      component: 'http',
      event: 'request_completed',
      requestId: 'b5a99c97-21cd-4d8c-80cd-db9e2799b38a',
      methodClass: 'POST',
      durationMs: 49,
      statusCode: 201
    }

      at write (src/observability/safeLogger.js:178:17)

  console.log
    [Simulations] Canonical graph committed: {"operationId":"833a0c48-4071-43d0-bb1f-89782da90a6a","service":"plumbing","replayed":false}

      at log (src/routes/simulations.js:131:11)

  console.info
    {
      component: 'http',
      event: 'request_completed',
      requestId: '3de74703-08eb-4e9c-903b-498d0d108a64',
      methodClass: 'POST',
      durationMs: 10,
      statusCode: 201
    }

      at write (src/observability/safeLogger.js:178:17)

  console.info
    {
      component: 'http',
      event: 'request_completed',
      requestId: 'd6ad7299-9a8c-4598-8199-3ec02d6d4597',
      methodClass: 'GET',
      durationMs: 21,
      statusCode: 200
    }

      at write (src/observability/safeLogger.js:178:17)

  console.info
    {
      component: 'http',
      event: 'request_completed',
      requestId: '326f0c6a-47ed-4349-ba38-fa2b4d835834',
      methodClass: 'GET',
      durationMs: 189,
      statusCode: 200
    }

      at write (src/observability/safeLogger.js:178:17)

  console.info
    {
      component: 'http',
      event: 'request_completed',
      requestId: '58cc01d0-0ef4-4d50-b7fd-8b36fca696ba',
      methodClass: 'GET',
      durationMs: 3,
      statusCode: 400
    }

      at write (src/observability/safeLogger.js:178:17)

  console.info
    {
      component: 'http',
      event: 'request_completed',
      requestId: '5e0d2630-84b5-4799-9424-74ca5ea5d956',
      methodClass: 'GET',
      durationMs: 3,
      statusCode: 400
    }

      at write (src/observability/safeLogger.js:178:17)

  console.info
    {
      component: 'http',
      event: 'request_completed',
      requestId: '762c4b88-5322-4030-b905-0bf4ea0086cd',
      methodClass: 'GET',
      durationMs: 2,
      statusCode: 400
    }

      at write (src/observability/safeLogger.js:178:17)

  console.info
    {
      component: 'http',
      event: 'request_completed',
      requestId: 'fb7730c8-2f98-40dd-b317-d7c672db3f08',
      methodClass: 'GET',
      durationMs: 2,
      statusCode: 400
    }

      at write (src/observability/safeLogger.js:178:17)

  console.info
    {
      component: 'http',
      event: 'request_completed',
      requestId: 'cad1f34d-5685-4bb4-b800-cbbd7260fd3f',
      methodClass: 'GET',
      durationMs: 3,
      statusCode: 400
    }

      at write (src/observability/safeLogger.js:178:17)

  console.info
    {
      component: 'http',
      event: 'request_completed',
      requestId: 'b4a8a981-bf9c-4478-8229-ad6524f61704',
      methodClass: 'GET',
      durationMs: 2,
      statusCode: 400
    }

      at write (src/observability/safeLogger.js:178:17)

  console.info
    {
      component: 'http',
      event: 'request_completed',
      requestId: 'ad825c6c-4b76-447e-897b-98a885c7d7be',
      methodClass: 'GET',
      durationMs: 2,
      statusCode: 400
    }

      at write (src/observability/safeLogger.js:178:17)

  console.info
    {
      component: 'http',
      event: 'request_completed',
      requestId: '3075ed8a-dd68-4780-8053-8b83bf7a378e',
      methodClass: 'GET',
      durationMs: 2,
      statusCode: 400
    }

      at write (src/observability/safeLogger.js:178:17)

  console.info
    {
      component: 'http',
      event: 'request_completed',
      requestId: 'd70eaeea-e0f3-4b37-a615-88aa3c6561db',
      methodClass: 'GET',
      durationMs: 3,
      statusCode: 400
    }

      at write (src/observability/safeLogger.js:178:17)

  console.info
    {
      component: 'http',
      event: 'request_completed',
      requestId: '468225e0-7548-4270-87da-47e692843b5f',
      methodClass: 'GET',
      durationMs: 2,
      statusCode: 400
    }

      at write (src/observability/safeLogger.js:178:17)

  console.info
    {
      component: 'http',
      event: 'request_completed',
      requestId: 'b71d302c-0058-40fd-bf2d-13a536342acc',
      methodClass: 'GET',
      durationMs: 3,
      statusCode: 400
    }

      at write (src/observability/safeLogger.js:178:17)

  console.info
    {
      component: 'http',
      event: 'request_completed',
      requestId: 'a09bbda6-6a45-4296-8461-6124bcb7270f',
      methodClass: 'GET',
      durationMs: 3,
      statusCode: 400
    }

      at write (src/observability/safeLogger.js:178:17)

  console.info
    {
      component: 'http',
      event: 'request_completed',
      requestId: '5eaa31e1-790f-4620-bf06-03a1304a9a2c',
      methodClass: 'GET',
      durationMs: 3,
      statusCode: 400
    }

      at write (src/observability/safeLogger.js:178:17)

  console.info
    {
      component: 'http',
      event: 'request_completed',
      requestId: '3671f9df-892c-41ba-b7fb-729be7c45109',
      methodClass: 'GET',
      durationMs: 2,
      statusCode: 400
    }

      at write (src/observability/safeLogger.js:178:17)

  console.info
    {
      component: 'http',
      event: 'request_completed',
      requestId: '2d81ff99-7503-4520-8f7a-af6d1ecb293e',
      methodClass: 'GET',
      durationMs: 2,
      statusCode: 400
    }

      at write (src/observability/safeLogger.js:178:17)

  console.info
    {
      component: 'http',
      event: 'request_completed',
      requestId: '930d9539-9e6c-4407-8886-8af19c571d46',
      methodClass: 'GET',
      durationMs: 33,
      statusCode: 200
    }

      at write (src/observability/safeLogger.js:178:17)

  console.info
    {
      component: 'http',
      event: 'request_completed',
      requestId: '43e760d0-31a2-411f-b75c-5b7b666daeb6',
      methodClass: 'GET',
      durationMs: 137,
      statusCode: 200
    }

      at write (src/observability/safeLogger.js:178:17)

  console.info
    {
      component: 'http',
      event: 'request_completed',
      requestId: 'b559227c-ed2a-44b1-acfa-00693c1f21db',
      methodClass: 'POST',
      durationMs: 51,
      statusCode: 201
    }

      at write (src/observability/safeLogger.js:178:17)

  console.info
    {
      component: 'http',
      event: 'request_completed',
      requestId: '93a17e50-cddc-4895-a488-e80f37146646',
      methodClass: 'POST',
      durationMs: 87,
      statusCode: 200
    }

      at write (src/observability/safeLogger.js:178:17)

  console.info
    {
      component: 'http',
      event: 'request_completed',
      requestId: '5d59d5ee-9741-435f-ad1d-3cc155ac04ca',
      methodClass: 'GET',
      durationMs: 141,
      statusCode: 200
    }

      at write (src/observability/safeLogger.js:178:17)

  console.info
    {
      component: 'http',
      event: 'request_completed',
      requestId: 'b44a0180-3e1a-4d0e-8bb1-723a93a68ae5',
      methodClass: 'GET',
      durationMs: 3,
      statusCode: 400
    }

      at write (src/observability/safeLogger.js:178:17)

  console.log
    [DB] Migration applied: 001_initial_schema.sql

      at Object.log [as runMigrations] (src/db.js:1312:42)

  console.log
    [DB] Migration applied: 002_seed_data.sql

      at Object.log [as runMigrations] (src/db.js:1312:42)

  console.log
    [DB] Migration applied: 003_voice_sessions.sql

      at Object.log [as runMigrations] (src/db.js:1312:42)

  console.log
    [DB] Migration applied: 004_canonical_persistence_v2.sql

      at Object.log [as runMigrations] (src/db.js:1312:42)

  console.log
    [DB] Migration applied: 005_canonical_organization_authority.sql

      at Object.log [as runMigrations] (src/db.js:1312:42)

  console.log
    [DB] Migration applied: 006_canonical_voice_sessions.sql

      at Object.log [as runMigrations] (src/db.js:1312:42)

  console.log
    [DB] Migration applied: 007_canonical_tax_authority.sql

      at Object.log [as runMigrations] (src/db.js:1312:42)

  console.log
    [DB] Migration applied: 008_canonical_demo_authority.sql

      at Object.log [as runMigrations] (src/db.js:1312:42)

  console.log
    [DB] Migration applied: 009_canonical_voice_provider_identity.sql

      at Object.log [as runMigrations] (src/db.js:1312:42)

  console.log
    [DB] Migration applied: 010_account_session_authority.sql

      at Object.log [as runMigrations] (src/db.js:1312:42)

  console.log
    [DB] Migration applied: 011_oauth_authorization_states.sql

      at Object.log [as runMigrations] (src/db.js:1312:42)

  console.log
    [DB] Migration applied: 012_account_verification_trial.sql

      at Object.log [as runMigrations] (src/db.js:1312:42)

  console.log
    [DB] Migration applied: 015_workforce_authority.sql

      at Object.log [as runMigrations] (src/db.js:1312:42)

  console.log
    [DB] Migration applied: 016_tenant_asset_catalogue.sql

      at Object.log [as runMigrations] (src/db.js:1312:42)

  console.log
    [DB] Migration applied: 017_retell_webhook_replay_authority.sql

      at Object.log [as runMigrations] (src/db.js:1312:42)

  console.log
    [DB] Migration applied: 018_canonical_map_preferences.sql

      at Object.log [as runMigrations] (src/db.js:1312:42)

  console.log
    [DB] Migration applied: 019_account_email_outbox.sql

      at Object.log [as runMigrations] (src/db.js:1312:42)

  console.log
    [DB] Migration applied: 020_canonical_workforce_access_roles.sql

      at Object.log [as runMigrations] (src/db.js:1312:42)

  console.log
    [DB] Migration applied: 021_bounded_api_observability.sql

      at Object.log [as runMigrations] (src/db.js:1312:42)

  console.log
    [DB] Migration applied: 022_demo_command_center_sessions.sql

      at Object.log [as runMigrations] (src/db.js:1312:42)

  console.log
    [DB] Migration applied: 023_homepage_demo_admission.sql

      at Object.log [as runMigrations] (src/db.js:1312:42)

  console.log
    [DB] Migration applied: 024_homepage_verified_purge_receipt.sql

      at Object.log [as runMigrations] (src/db.js:1312:42)

  console.log
    [DB] Migration applied: 025_provider_agnostic_knowledge_registry.sql

      at Object.log [as runMigrations] (src/db.js:1312:42)

  console.log
    [DB] Migration applied: 026_canonical_knowledge_review_publication.sql

      at Object.log [as runMigrations] (src/db.js:1312:42)

  console.log
    [DB] Migration applied: 027_canonical_knowledge_audit_graph_authority.sql

      at Object.log [as runMigrations] (src/db.js:1312:42)

  console.log
    [DB] Migration applied: 028_canonical_knowledge_immutable_lifecycle.sql

      at Object.log [as runMigrations] (src/db.js:1312:42)

  console.log
    [DB] Migration applied: 029_canonical_knowledge_transactional_sync.sql

      at Object.log [as runMigrations] (src/db.js:1312:42)

  console.log
    [DB] Migration applied: 030_canonical_knowledge_sync_revocation.sql

      at Object.log [as runMigrations] (src/db.js:1312:42)

  console.log
    [DB] Migration applied: 031_canonical_knowledge_sync_recovery_lifecycle.sql

      at Object.log [as runMigrations] (src/db.js:1312:42)

  console.log
    [DB] Migration applied: 032_canonical_schedule_assignment_authority.sql

      at Object.log [as runMigrations] (src/db.js:1312:42)

  console.log
    [DB] Migration applied: 033_canonical_schedule_time_evidence.sql

      at Object.log [as runMigrations] (src/db.js:1312:42)

  console.log
    [DB] Migration applied: 034_schedule_availability_conflict_authority.sql

      at Object.log [as runMigrations] (src/db.js:1312:42)

  console.log
    [DB] Migration applied: 035_schedule_human_preview_approval.sql

      at Object.log [as runMigrations] (src/db.js:1312:42)

  console.log
    [DB] Migration applied: 001_initial_schema.sql

      at Object.log [as runMigrations] (src/db.js:1312:42)

  console.log
    [DB] Migration applied: 002_seed_data.sql

      at Object.log [as runMigrations] (src/db.js:1312:42)

  console.log
    [DB] Migration applied: 003_voice_sessions.sql

      at Object.log [as runMigrations] (src/db.js:1312:42)

  console.log
    [DB] Migration applied: 004_canonical_persistence_v2.sql

      at Object.log [as runMigrations] (src/db.js:1312:42)

  console.log
    [DB] Migration applied: 005_canonical_organization_authority.sql

      at Object.log [as runMigrations] (src/db.js:1312:42)

  console.log
    [DB] Migration applied: 006_canonical_voice_sessions.sql

      at Object.log [as runMigrations] (src/db.js:1312:42)

  console.log
    [DB] Migration applied: 007_canonical_tax_authority.sql

      at Object.log [as runMigrations] (src/db.js:1312:42)

  console.log
    [DB] Migration applied: 008_canonical_demo_authority.sql

      at Object.log [as runMigrations] (src/db.js:1312:42)

  console.log
    [DB] Migration applied: 009_canonical_voice_provider_identity.sql

      at Object.log [as runMigrations] (src/db.js:1312:42)

  console.log
    [DB] Migration applied: 010_account_session_authority.sql

      at Object.log [as runMigrations] (src/db.js:1312:42)

  console.log
    [DB] Migration applied: 011_oauth_authorization_states.sql

      at Object.log [as runMigrations] (src/db.js:1312:42)

  console.log
    [DB] Migration applied: 012_account_verification_trial.sql

      at Object.log [as runMigrations] (src/db.js:1312:42)

  console.log
    [DB] Migration applied: 015_workforce_authority.sql

      at Object.log [as runMigrations] (src/db.js:1312:42)

  console.log
    [DB] Migration applied: 016_tenant_asset_catalogue.sql

      at Object.log [as runMigrations] (src/db.js:1312:42)

  console.log
    [DB] Migration applied: 017_retell_webhook_replay_authority.sql

      at Object.log [as runMigrations] (src/db.js:1312:42)

  console.log
    [DB] Migration applied: 018_canonical_map_preferences.sql

      at Object.log [as runMigrations] (src/db.js:1312:42)

  console.log
    [DB] Migration applied: 019_account_email_outbox.sql

      at Object.log [as runMigrations] (src/db.js:1312:42)

  console.log
    [DB] Migration applied: 020_canonical_workforce_access_roles.sql

      at Object.log [as runMigrations] (src/db.js:1312:42)

  console.log
    [DB] Migration applied: 021_bounded_api_observability.sql

      at Object.log [as runMigrations] (src/db.js:1312:42)

  console.log
    [DB] Migration applied: 022_demo_command_center_sessions.sql

      at Object.log [as runMigrations] (src/db.js:1312:42)

  console.log
    [DB] Migration applied: 023_homepage_demo_admission.sql

      at Object.log [as runMigrations] (src/db.js:1312:42)

  console.log
    [DB] Migration applied: 024_homepage_verified_purge_receipt.sql

      at Object.log [as runMigrations] (src/db.js:1312:42)

  console.log
    [DB] Migration applied: 025_provider_agnostic_knowledge_registry.sql

      at Object.log [as runMigrations] (src/db.js:1312:42)

  console.log
    [DB] Migration applied: 026_canonical_knowledge_review_publication.sql

      at Object.log [as runMigrations] (src/db.js:1312:42)

  console.log
    [DB] Migration applied: 027_canonical_knowledge_audit_graph_authority.sql

      at Object.log [as runMigrations] (src/db.js:1312:42)

  console.log
    [DB] Migration applied: 028_canonical_knowledge_immutable_lifecycle.sql

      at Object.log [as runMigrations] (src/db.js:1312:42)

  console.log
    [DB] Migration applied: 029_canonical_knowledge_transactional_sync.sql

      at Object.log [as runMigrations] (src/db.js:1312:42)

  console.log
    [DB] Migration applied: 030_canonical_knowledge_sync_revocation.sql

      at Object.log [as runMigrations] (src/db.js:1312:42)

  console.log
    [DB] Migration applied: 031_canonical_knowledge_sync_recovery_lifecycle.sql

      at Object.log [as runMigrations] (src/db.js:1312:42)

  console.log
    [DB] Migration applied: 032_canonical_schedule_assignment_authority.sql

      at Object.log [as runMigrations] (src/db.js:1312:42)

  console.log
    [DB] Migration applied: 033_canonical_schedule_time_evidence.sql

      at Object.log [as runMigrations] (src/db.js:1312:42)

  console.log
    [DB] Migration applied: 034_schedule_availability_conflict_authority.sql

      at Object.log [as runMigrations] (src/db.js:1312:42)

  console.log
    [DB] Migration applied: 035_schedule_human_preview_approval.sql

      at Object.log [as runMigrations] (src/db.js:1312:42)

  console.error
    [DB] PostgreSQL initialization failed: Runtime database session is not in origin replication mode

      1350 |   } catch (error) {
      1351 |     readinessFailure = 'postgres_initialization_failed';
    > 1352 |     console.error('[DB] PostgreSQL initialization failed:', error.message);
           |             ^
      1353 |     dbAvailable = false;
      1354 |     return false;
      1355 |   } finally {

      at Object.error [as initDatabase] (src/db.js:1352:13)
      at Object.<anonymous> (tests/integration/m21-part6-knowledge-synchronization-postgres.test.js:533:14)

  console.error
    [DB] PostgreSQL initialization failed: Migration run failed: Runtime database role owns or can create in an application schema

      1350 |   } catch (error) {
      1351 |     readinessFailure = 'postgres_initialization_failed';
    > 1352 |     console.error('[DB] PostgreSQL initialization failed:', error.message);
           |             ^
      1353 |     dbAvailable = false;
      1354 |     return false;
      1355 |   } finally {

      at Object.error [as initDatabase] (src/db.js:1352:13)
      at Object.<anonymous> (tests/integration/m21-part6-knowledge-synchronization-postgres.test.js:586:14)

  console.log
    [DB] Migration applied: 001_initial_schema.sql

      at log (src/db.js:1312:42)

  console.log
    [DB] Migration applied: 002_seed_data.sql

      at log (src/db.js:1312:42)

  console.log
    [DB] Migration applied: 003_voice_sessions.sql

      at log (src/db.js:1312:42)

  console.log
    [DB] Migration applied: 004_canonical_persistence_v2.sql

      at log (src/db.js:1312:42)

  console.log
    [DB] Migration applied: 005_canonical_organization_authority.sql

      at log (src/db.js:1312:42)

  console.log
    [DB] Migration applied: 006_canonical_voice_sessions.sql

      at log (src/db.js:1312:42)

  console.log
    [DB] Migration applied: 007_canonical_tax_authority.sql

      at log (src/db.js:1312:42)

  console.log
    [DB] Migration applied: 008_canonical_demo_authority.sql

      at log (src/db.js:1312:42)

  console.log
    [DB] Migration applied: 009_canonical_voice_provider_identity.sql

      at log (src/db.js:1312:42)

  console.log
    [DB] Migration applied: 010_account_session_authority.sql

      at log (src/db.js:1312:42)

  console.log
    [DB] Migration applied: 011_oauth_authorization_states.sql

      at log (src/db.js:1312:42)

  console.log
    [DB] Migration applied: 012_account_verification_trial.sql

      at log (src/db.js:1312:42)

  console.log
    [DB] Migration applied: 015_workforce_authority.sql

      at log (src/db.js:1312:42)

  console.log
    [DB] Migration applied: 016_tenant_asset_catalogue.sql

      at log (src/db.js:1312:42)

  console.log
    [DB] Migration applied: 017_retell_webhook_replay_authority.sql

      at log (src/db.js:1312:42)

  console.log
    [DB] Migration applied: 018_canonical_map_preferences.sql

      at log (src/db.js:1312:42)

  console.log
    [DB] Migration applied: 019_account_email_outbox.sql

      at log (src/db.js:1312:42)

  console.log
    [DB] Migration applied: 020_canonical_workforce_access_roles.sql

      at log (src/db.js:1312:42)

  console.log
    [DB] Migration applied: 021_bounded_api_observability.sql

      at log (src/db.js:1312:42)

  console.log
    [DB] Migration applied: 022_demo_command_center_sessions.sql

      at log (src/db.js:1312:42)

  console.log
    [DB] Migration applied: 023_homepage_demo_admission.sql

      at log (src/db.js:1312:42)

  console.log
    [DB] Migration applied: 024_homepage_verified_purge_receipt.sql

      at log (src/db.js:1312:42)

  console.log
    [DB] Migration applied: 025_provider_agnostic_knowledge_registry.sql

      at log (src/db.js:1312:42)

  console.log
    [DB] Migration applied: 026_canonical_knowledge_review_publication.sql

      at log (src/db.js:1312:42)

  console.log
    [DB] Migration applied: 027_canonical_knowledge_audit_graph_authority.sql

      at log (src/db.js:1312:42)

  console.log
    [DB] Migration applied: 028_canonical_knowledge_immutable_lifecycle.sql

      at log (src/db.js:1312:42)

  console.log
    [DB] Migration applied: 029_canonical_knowledge_transactional_sync.sql

      at log (src/db.js:1312:42)

  console.log
    [DB] Migration applied: 030_canonical_knowledge_sync_revocation.sql

      at log (src/db.js:1312:42)

  console.log
    [DB] Migration applied: 031_canonical_knowledge_sync_recovery_lifecycle.sql

      at log (src/db.js:1312:42)

  console.log
    [DB] Migration applied: 032_canonical_schedule_assignment_authority.sql

      at log (src/db.js:1312:42)

  console.log
    [DB] Migration applied: 033_canonical_schedule_time_evidence.sql

      at log (src/db.js:1312:42)

  console.log
    [DB] Migration applied: 034_schedule_availability_conflict_authority.sql

      at log (src/db.js:1312:42)

  console.log
    [DB] Migration applied: 035_schedule_human_preview_approval.sql

      at log (src/db.js:1312:42)

  console.log
    [DB] Migration applied: 001_initial_schema.sql

      at log (src/db.js:1312:42)

  console.log
    [DB] Migration applied: 002_seed_data.sql

      at log (src/db.js:1312:42)

  console.log
    [DB] Migration applied: 003_voice_sessions.sql

      at log (src/db.js:1312:42)

  console.log
    [DB] Migration applied: 004_canonical_persistence_v2.sql

      at log (src/db.js:1312:42)

  console.log
    [DB] Migration applied: 005_canonical_organization_authority.sql

      at log (src/db.js:1312:42)

  console.log
    [DB] Migration applied: 006_canonical_voice_sessions.sql

      at log (src/db.js:1312:42)

  console.log
    [DB] Migration applied: 007_canonical_tax_authority.sql

      at log (src/db.js:1312:42)

  console.log
    [DB] Migration applied: 008_canonical_demo_authority.sql

      at log (src/db.js:1312:42)

  console.log
    [DB] Migration applied: 009_canonical_voice_provider_identity.sql

      at log (src/db.js:1312:42)

  console.log
    [DB] Migration applied: 010_account_session_authority.sql

      at log (src/db.js:1312:42)

  console.log
    [DB] Migration applied: 011_oauth_authorization_states.sql

      at log (src/db.js:1312:42)

  console.log
    [DB] Migration applied: 012_account_verification_trial.sql

      at log (src/db.js:1312:42)

  console.log
    [DB] Migration applied: 015_workforce_authority.sql

      at log (src/db.js:1312:42)

  console.log
    [DB] Migration applied: 016_tenant_asset_catalogue.sql

      at log (src/db.js:1312:42)

  console.log
    [DB] Migration applied: 017_retell_webhook_replay_authority.sql

      at log (src/db.js:1312:42)

  console.log
    [DB] Migration applied: 018_canonical_map_preferences.sql

      at log (src/db.js:1312:42)

  console.log
    [DB] Migration applied: 019_account_email_outbox.sql

      at log (src/db.js:1312:42)

  console.log
    [DB] Migration applied: 020_canonical_workforce_access_roles.sql

      at log (src/db.js:1312:42)

  console.log
    [DB] Migration applied: 021_bounded_api_observability.sql

      at log (src/db.js:1312:42)

  console.log
    [DB] Migration applied: 022_demo_command_center_sessions.sql

      at log (src/db.js:1312:42)

  console.log
    [DB] Migration applied: 023_homepage_demo_admission.sql

      at log (src/db.js:1312:42)

  console.log
    [DB] Migration applied: 024_homepage_verified_purge_receipt.sql

      at log (src/db.js:1312:42)

  console.log
    [DB] Migration applied: 025_provider_agnostic_knowledge_registry.sql

      at log (src/db.js:1312:42)

  console.log
    [DB] Migration applied: 026_canonical_knowledge_review_publication.sql

      at log (src/db.js:1312:42)

  console.log
    [DB] Migration applied: 027_canonical_knowledge_audit_graph_authority.sql

      at log (src/db.js:1312:42)

  console.log
    [DB] Migration applied: 028_canonical_knowledge_immutable_lifecycle.sql

      at log (src/db.js:1312:42)

  console.log
    [DB] Migration applied: 029_canonical_knowledge_transactional_sync.sql

      at log (src/db.js:1312:42)

  console.log
    [DB] Migration applied: 030_canonical_knowledge_sync_revocation.sql

      at log (src/db.js:1312:42)

  console.log
    [DB] Migration applied: 031_canonical_knowledge_sync_recovery_lifecycle.sql

      at log (src/db.js:1312:42)

  console.log
    [DB] Migration applied: 032_canonical_schedule_assignment_authority.sql

      at log (src/db.js:1312:42)

  console.log
    [DB] Migration applied: 033_canonical_schedule_time_evidence.sql

      at log (src/db.js:1312:42)

  console.log
    [DB] Migration applied: 034_schedule_availability_conflict_authority.sql

      at log (src/db.js:1312:42)

  console.log
    [DB] Migration applied: 035_schedule_human_preview_approval.sql

      at log (src/db.js:1312:42)

  console.info
    {
      component: 'http',
      event: 'request_completed',
      requestId: 'a1a08dfe-61fd-4ba9-9db7-f2c890908ffd',
      methodClass: 'GET',
      durationMs: 1,
      statusCode: 200
    }

      at write (src/observability/safeLogger.js:178:17)

  console.info
    {
      component: 'http',
      event: 'request_completed',
      requestId: 'ec835ccd-f5e0-4a5b-8aee-5662fb764c83',
      methodClass: 'GET',
      durationMs: 1,
      statusCode: 200
    }

      at write (src/observability/safeLogger.js:178:17)

  console.info
    {
      component: 'http',
      event: 'request_completed',
      requestId: 'a82fbbf7-7471-4481-9672-1a3947583023',
      methodClass: 'POST',
      durationMs: 1,
      statusCode: 404
    }

      at write (src/observability/safeLogger.js:178:17)

  console.info
    {
      component: 'http',
      event: 'request_completed',
      requestId: 'bfba506f-6083-44d1-a63b-ca802bb907ab',
      methodClass: 'POST',
      durationMs: 11,
      statusCode: 404
    }

      at write (src/observability/safeLogger.js:178:17)

  console.info
    {
      component: 'http',
      event: 'request_completed',
      requestId: 'd8efb9c3-360e-4d9f-9737-fac27c2fee36',
      methodClass: 'POST',
      durationMs: 1,
      statusCode: 404
    }

      at write (src/observability/safeLogger.js:178:17)

  console.info
    {
      component: 'http',
      event: 'request_completed',
      requestId: 'ee068368-48a9-4f0d-86a2-6f7110734a8e',
      methodClass: 'POST',
      durationMs: 1,
      statusCode: 404
    }

      at write (src/observability/safeLogger.js:178:17)

  console.info
    {
      component: 'http',
      event: 'request_completed',
      requestId: 'c49f35fd-63b8-4f48-b0db-edb693b7631b',
      methodClass: 'POST',
      durationMs: 1,
      statusCode: 401
    }

      at write (src/observability/safeLogger.js:178:17)

  console.info
    {
      component: 'http',
      event: 'request_completed',
      requestId: 'fd29e213-04df-4ab4-90f6-1f5c30789f0d',
      methodClass: 'POST',
      durationMs: 0,
      statusCode: 401
    }

      at write (src/observability/safeLogger.js:178:17)

  console.info
    {
      component: 'http',
      event: 'request_completed',
      requestId: 'ca9216bc-729d-443a-a143-7d62567cfd9a',
      methodClass: 'POST',
      durationMs: 1,
      statusCode: 401
    }

      at write (src/observability/safeLogger.js:178:17)

  console.info
    {
      component: 'http',
      event: 'request_completed',
      requestId: 'df2c15d2-9f08-44b6-bb1b-2291e97e94e9',
      methodClass: 'POST',
      durationMs: 1,
      statusCode: 401
    }

      at write (src/observability/safeLogger.js:178:17)

  console.info
    {
      component: 'http',
      event: 'request_completed',
      requestId: '83ca6547-149d-4cc7-aab5-1c77f0a5e400',
      methodClass: 'POST',
      durationMs: 1,
      statusCode: 401
    }

      at write (src/observability/safeLogger.js:178:17)

  console.info
    {
      component: 'http',
      event: 'request_completed',
      requestId: '0fecd744-5ea6-45a1-8f4f-18f6456c4475',
      methodClass: 'POST',
      durationMs: 0,
      statusCode: 401
    }

      at write (src/observability/safeLogger.js:178:17)

  console.info
    {
      component: 'http',
      event: 'request_completed',
      requestId: '62d81ae6-789f-4230-9526-4d88090f0bcb',
      methodClass: 'POST',
      durationMs: 1,
      statusCode: 401
    }

      at write (src/observability/safeLogger.js:178:17)

  console.info
    {
      component: 'http',
      event: 'request_completed',
      requestId: '149a84ea-7e96-4017-92a1-4a8861b88a35',
      methodClass: 'POST',
      durationMs: 2,
      statusCode: 401
    }

      at write (src/observability/safeLogger.js:178:17)

  console.info
    {
      component: 'http',
      event: 'request_completed',
      requestId: '4672c6cb-6cee-4947-98b7-6b9dfc6265ac',
      methodClass: 'POST',
      durationMs: 1,
      statusCode: 401
    }

      at write (src/observability/safeLogger.js:178:17)

  console.info
    {
      component: 'http',
      event: 'request_completed',
      requestId: 'ff8c0156-8b62-4f35-b67c-b35a1520bddb',
      methodClass: 'POST',
      durationMs: 0,
      statusCode: 401
    }

      at write (src/observability/safeLogger.js:178:17)

  console.warn
    {
      component: 'voice',
      event: 'timestamp_outside_window',
      clockSkewMs: 360108
    }

      176 |     ...safeFields(fields),
      177 |   };
    > 178 |   console[level](record);
          |                 ^
      179 |   return record;
      180 | }
      181 |

      at write (src/observability/safeLogger.js:178:17)
      at Object.write [as warn] (src/observability/safeLogger.js:187:10)
      at warn (src/voice/webhook.js:212:16)
      at validateTimestamp (src/voice/webhook.js:432:10)
      at handleSignedWebhook (src/voice/webhook.js:541:10)
      at Layer.handle [as handle_request] (../m22-part3-route-writer/node_modules/express/lib/router/layer.js:95:5)
      at next (../m22-part3-route-writer/node_modules/express/lib/router/route.js:149:13)
      at ../m22-part3-route-writer/node_modules/body-parser/lib/read.js:137:5
      at invokeCallback (../m22-part3-route-writer/node_modules/raw-body/index.js:238:16)
      at done (../m22-part3-route-writer/node_modules/raw-body/index.js:227:7)
      at IncomingMessage.onEnd (../m22-part3-route-writer/node_modules/raw-body/index.js:287:7)

  console.info
    {
      component: 'http',
      event: 'request_completed',
      requestId: 'ea2bb840-049c-4a53-a9e8-b532976f6b3b',
      methodClass: 'POST',
      durationMs: 6,
      statusCode: 400
    }

      at write (src/observability/safeLogger.js:178:17)

  console.warn
    {
      component: 'voice',
      event: 'timestamp_outside_window',
      clockSkewMs: 359910
    }

      176 |     ...safeFields(fields),
      177 |   };
    > 178 |   console[level](record);
          |                 ^
      179 |   return record;
      180 | }
      181 |

      at write (src/observability/safeLogger.js:178:17)
      at Object.write [as warn] (src/observability/safeLogger.js:187:10)
      at warn (src/voice/webhook.js:212:16)
      at validateTimestamp (src/voice/webhook.js:432:10)
      at handleSignedWebhook (src/voice/webhook.js:541:10)
      at Layer.handle [as handle_request] (../m22-part3-route-writer/node_modules/express/lib/router/layer.js:95:5)
      at next (../m22-part3-route-writer/node_modules/express/lib/router/route.js:149:13)
      at ../m22-part3-route-writer/node_modules/body-parser/lib/read.js:137:5
      at invokeCallback (../m22-part3-route-writer/node_modules/raw-body/index.js:238:16)
      at done (../m22-part3-route-writer/node_modules/raw-body/index.js:227:7)
      at IncomingMessage.onEnd (../m22-part3-route-writer/node_modules/raw-body/index.js:287:7)

  console.info
    {
      component: 'http',
      event: 'request_completed',
      requestId: '0b53d847-8c44-4e8d-b962-550b6642aa36',
      methodClass: 'POST',
      durationMs: 2,
      statusCode: 400
    }

      at write (src/observability/safeLogger.js:178:17)

  console.info
    {
      component: 'http',
      event: 'request_completed',
      requestId: 'e6c54053-88b9-408f-89ad-34f5b9f8d53e',
      methodClass: 'POST',
      durationMs: 0,
      statusCode: 400
    }

      at write (src/observability/safeLogger.js:178:17)

  console.info
    {
      component: 'http',
      event: 'request_completed',
      requestId: '41cdcade-dddb-4ac5-a916-d1d6ab777cfe',
      methodClass: 'POST',
      durationMs: 0,
      statusCode: 401
    }

      at write (src/observability/safeLogger.js:178:17)

  console.warn
    {
      component: 'voice',
      event: 'signature_validation_unavailable',
      configured: false
    }

      176 |     ...safeFields(fields),
      177 |   };
    > 178 |   console[level](record);
          |                 ^
      179 |   return record;
      180 | }
      181 |

      at write (src/observability/safeLogger.js:178:17)
      at Object.write [as warn] (src/observability/safeLogger.js:187:10)
      at warn (src/voice/webhook.js:167:16)
      at validateSignature (src/voice/webhook.js:436:10)
      at handleSignedWebhook (src/voice/webhook.js:541:10)
      at Layer.handle [as handle_request] (../m22-part3-route-writer/node_modules/express/lib/router/layer.js:95:5)
      at next (../m22-part3-route-writer/node_modules/express/lib/router/route.js:149:13)
      at ../m22-part3-route-writer/node_modules/body-parser/lib/read.js:137:5
      at invokeCallback (../m22-part3-route-writer/node_modules/raw-body/index.js:238:16)
      at done (../m22-part3-route-writer/node_modules/raw-body/index.js:227:7)
      at IncomingMessage.onEnd (../m22-part3-route-writer/node_modules/raw-body/index.js:287:7)

  console.info
    {
      component: 'http',
      event: 'request_completed',
      requestId: 'd03eb094-4934-40e0-94c0-65f063ce0527',
      methodClass: 'POST',
      durationMs: 3,
      statusCode: 401
    }

      at write (src/observability/safeLogger.js:178:17)

  console.info
    {
      component: 'http',
      event: 'request_completed',
      requestId: '4abaf8aa-a372-47e4-8ddd-4c344ccf29a9',
      methodClass: 'POST',
      durationMs: 3,
      statusCode: 400
    }

      at write (src/observability/safeLogger.js:178:17)

  console.info
    {
      component: 'http',
      event: 'request_completed',
      requestId: '225c73fb-dfb0-4dfd-b2a5-822765ab9544',
      methodClass: 'POST',
      durationMs: 3,
      statusCode: 400
    }

      at write (src/observability/safeLogger.js:178:17)

  console.info
    {
      component: 'http',
      event: 'request_completed',
      requestId: '26e21716-ee61-4f8c-98b1-4183c790001a',
      methodClass: 'POST',
      durationMs: 6,
      statusCode: 400
    }

      at write (src/observability/safeLogger.js:178:17)

  console.info
    {
      component: 'http',
      event: 'request_completed',
      requestId: '607883d3-995f-4f1e-b024-ec018bf1bf99',
      methodClass: 'POST',
      durationMs: 6,
      statusCode: 400
    }

      at write (src/observability/safeLogger.js:178:17)

  console.info
    {
      component: 'http',
      event: 'request_completed',
      requestId: '4a88f7e2-74f8-4d4b-ad59-0f26ede3383b',
      methodClass: 'POST',
      durationMs: 5,
      statusCode: 400
    }

      at write (src/observability/safeLogger.js:178:17)

  console.info
    {
      component: 'http',
      event: 'request_completed',
      requestId: '5899e0fd-6f4c-40f2-b02e-cf5152049748',
      methodClass: 'POST',
      durationMs: 5,
      statusCode: 400
    }

      at write (src/observability/safeLogger.js:178:17)

  console.info
    {
      component: 'http',
      event: 'request_completed',
      requestId: '53592698-533c-450c-9f8c-7dda1cc5d2ca',
      methodClass: 'POST',
      durationMs: 3,
      statusCode: 415
    }

      at write (src/observability/safeLogger.js:178:17)

  console.info
    {
      component: 'http',
      event: 'request_completed',
      requestId: 'c6d66b6f-d0f2-4376-a36a-08f6726eb7ef',
      methodClass: 'POST',
      durationMs: 6,
      statusCode: 415
    }

      at write (src/observability/safeLogger.js:178:17)

  console.info
    { component: 'voice', event: 'webhook_event_received', routed: true }

      at write (src/observability/safeLogger.js:178:17)

  console.info
    {
      component: 'http',
      event: 'request_completed',
      requestId: 'e8b06ae3-b7ac-4fb0-8a0b-61fa8c427644',
      methodClass: 'POST',
      durationMs: 17,
      statusCode: 400
    }

      at write (src/observability/safeLogger.js:178:17)

  console.info
    { component: 'voice', event: 'webhook_event_received', routed: true }

      at write (src/observability/safeLogger.js:178:17)

  console.info
    {
      component: 'http',
      event: 'request_completed',
      requestId: '7804d925-a1dc-4309-8620-37af293a756e',
      methodClass: 'POST',
      durationMs: 13,
      statusCode: 400
    }

      at write (src/observability/safeLogger.js:178:17)

  console.error
    {
      component: 'http',
      event: 'request_failed',
      requestId: 'dfa1ca4e-e113-4e6d-acfe-3bd1aad9bcef',
      methodClass: 'POST',
      statusCode: 413
    }

      176 |     ...safeFields(fields),
      177 |   };
    > 178 |   console[level](record);
          |                 ^
      179 |   return record;
      180 | }
      181 |

      at write (src/observability/safeLogger.js:178:17)
      at Object.write (src/observability/safeLogger.js:191:10)
      at error (src/middleware/errorHandler.js:22:14)
      at Layer.handle_error (../m22-part3-route-writer/node_modules/express/lib/router/layer.js:71:5)
      at trim_prefix (../m22-part3-route-writer/node_modules/express/lib/router/index.js:326:13)
      at ../m22-part3-route-writer/node_modules/express/lib/router/index.js:286:9
      at router.process_params (../m22-part3-route-writer/node_modules/express/lib/router/index.js:346:12)
      at next (../m22-part3-route-writer/node_modules/express/lib/router/index.js:280:10)
      at Layer.handle_error (../m22-part3-route-writer/node_modules/express/lib/router/layer.js:67:12)
      at trim_prefix (../m22-part3-route-writer/node_modules/express/lib/router/index.js:326:13)
      at ../m22-part3-route-writer/node_modules/express/lib/router/index.js:286:9
      at router.process_params (../m22-part3-route-writer/node_modules/express/lib/router/index.js:346:12)
      at next (../m22-part3-route-writer/node_modules/express/lib/router/index.js:280:10)
      at Layer.handle_error (../m22-part3-route-writer/node_modules/express/lib/router/layer.js:67:12)
      at trim_prefix (../m22-part3-route-writer/node_modules/express/lib/router/index.js:326:13)
      at ../m22-part3-route-writer/node_modules/express/lib/router/index.js:286:9
      at router.process_params (../m22-part3-route-writer/node_modules/express/lib/router/index.js:346:12)
      at next (../m22-part3-route-writer/node_modules/express/lib/router/index.js:280:10)
      at Layer.handle_error (../m22-part3-route-writer/node_modules/express/lib/router/layer.js:67:12)
      at trim_prefix (../m22-part3-route-writer/node_modules/express/lib/router/index.js:326:13)
      at ../m22-part3-route-writer/node_modules/express/lib/router/index.js:286:9
      at router.process_params (../m22-part3-route-writer/node_modules/express/lib/router/index.js:346:12)
      at next (../m22-part3-route-writer/node_modules/express/lib/router/index.js:280:10)
      at Layer.handle_error (../m22-part3-route-writer/node_modules/express/lib/router/layer.js:67:12)
      at trim_prefix (../m22-part3-route-writer/node_modules/express/lib/router/index.js:326:13)
      at ../m22-part3-route-writer/node_modules/express/lib/router/index.js:286:9
      at router.process_params (../m22-part3-route-writer/node_modules/express/lib/router/index.js:346:12)
      at next (../m22-part3-route-writer/node_modules/express/lib/router/index.js:280:10)
      at Layer.handle_error (../m22-part3-route-writer/node_modules/express/lib/router/layer.js:67:12)
      at trim_prefix (../m22-part3-route-writer/node_modules/express/lib/router/index.js:326:13)
      at ../m22-part3-route-writer/node_modules/express/lib/router/index.js:286:9
      at router.process_params (../m22-part3-route-writer/node_modules/express/lib/router/index.js:346:12)
      at next (../m22-part3-route-writer/node_modules/express/lib/router/index.js:280:10)
      at Layer.handle_error (../m22-part3-route-writer/node_modules/express/lib/router/layer.js:67:12)
      at trim_prefix (../m22-part3-route-writer/node_modules/express/lib/router/index.js:326:13)
      at ../m22-part3-route-writer/node_modules/express/lib/router/index.js:286:9
      at router.process_params (../m22-part3-route-writer/node_modules/express/lib/router/index.js:346:12)
      at next (../m22-part3-route-writer/node_modules/express/lib/router/index.js:280:10)
      at Layer.handle_error (../m22-part3-route-writer/node_modules/express/lib/router/layer.js:67:12)
      at trim_prefix (../m22-part3-route-writer/node_modules/express/lib/router/index.js:326:13)
      at ../m22-part3-route-writer/node_modules/express/lib/router/index.js:286:9
      at router.process_params (../m22-part3-route-writer/node_modules/express/lib/router/index.js:346:12)
      at next (../m22-part3-route-writer/node_modules/express/lib/router/index.js:280:10)
      at Layer.handle_error (../m22-part3-route-writer/node_modules/express/lib/router/layer.js:67:12)
      at trim_prefix (../m22-part3-route-writer/node_modules/express/lib/router/index.js:326:13)
      at ../m22-part3-route-writer/node_modules/express/lib/router/index.js:286:9
      at router.process_params (../m22-part3-route-writer/node_modules/express/lib/router/index.js:346:12)
      at next (../m22-part3-route-writer/node_modules/express/lib/router/index.js:280:10)
      at Layer.handle_error (../m22-part3-route-writer/node_modules/express/lib/router/layer.js:67:12)
      at trim_prefix (../m22-part3-route-writer/node_modules/express/lib/router/index.js:326:13)
      at ../m22-part3-route-writer/node_modules/express/lib/router/index.js:286:9
      at router.process_params (../m22-part3-route-writer/node_modules/express/lib/router/index.js:346:12)
      at next (../m22-part3-route-writer/node_modules/express/lib/router/index.js:280:10)
      at Layer.handle_error (../m22-part3-route-writer/node_modules/express/lib/router/layer.js:67:12)
      at trim_prefix (../m22-part3-route-writer/node_modules/express/lib/router/index.js:326:13)
      at ../m22-part3-route-writer/node_modules/express/lib/router/index.js:286:9
      at router.process_params (../m22-part3-route-writer/node_modules/express/lib/router/index.js:346:12)
      at next (../m22-part3-route-writer/node_modules/express/lib/router/index.js:280:10)
      at ../m22-part3-route-writer/node_modules/express/lib/router/index.js:646:15
      at next (../m22-part3-route-writer/node_modules/express/lib/router/index.js:265:14)
      at next (../m22-part3-route-writer/node_modules/express/lib/router/route.js:141:14)
      at Layer.handle_error (../m22-part3-route-writer/node_modules/express/lib/router/layer.js:67:12)
      at next (../m22-part3-route-writer/node_modules/express/lib/router/route.js:147:13)
      at onfinished (../m22-part3-route-writer/node_modules/body-parser/lib/read.js:102:9)
      at listener (../m22-part3-route-writer/node_modules/on-finished/index.js:170:15)
      at onFinish (../m22-part3-route-writer/node_modules/on-finished/index.js:101:5)
      at callback (../m22-part3-route-writer/node_modules/ee-first/index.js:55:10)
      at IncomingMessage.onevent (../m22-part3-route-writer/node_modules/ee-first/index.js:93:5)

  console.info
    {
      component: 'http',
      event: 'request_completed',
      requestId: 'dfa1ca4e-e113-4e6d-acfe-3bd1aad9bcef',
      methodClass: 'POST',
      durationMs: 4,
      statusCode: 413
    }

      at write (src/observability/safeLogger.js:178:17)

  console.info
    {
      component: 'http',
      event: 'request_completed',
      requestId: '608976d4-a492-488f-8d4d-063b5469ddf4',
      methodClass: 'POST',
      durationMs: 5,
      statusCode: 503
    }

      at write (src/observability/safeLogger.js:178:17)

  console.info
    { component: 'voice', event: 'webhook_event_received', routed: true }

      at write (src/observability/safeLogger.js:178:17)

  console.info
    {
      component: 'voice',
      event: 'webhook_event_completed',
      durationMs: 64
    }

      at write (src/observability/safeLogger.js:178:17)

  console.info
    {
      component: 'http',
      event: 'request_completed',
      requestId: '65a0bbfe-1807-4f95-9f98-3aef1e076ee1',
      methodClass: 'POST',
      durationMs: 66,
      statusCode: 201
    }

      at write (src/observability/safeLogger.js:178:17)

  console.info
    {
      component: 'http',
      event: 'request_completed',
      requestId: 'e76543d5-d296-44ef-ab11-7a6f972c2554',
      methodClass: 'POST',
      durationMs: 4,
      statusCode: 409
    }

      at write (src/observability/safeLogger.js:178:17)

  console.info
    {
      component: 'http',
      event: 'request_completed',
      requestId: 'e0bddf7f-399d-498f-aa87-5287e4f0e243',
      methodClass: 'POST',
      durationMs: 2,
      statusCode: 409
    }

      at write (src/observability/safeLogger.js:178:17)

  console.info
    { component: 'voice', event: 'webhook_event_received', routed: true }

      at write (src/observability/safeLogger.js:178:17)

  console.info
    {
      component: 'voice',
      event: 'webhook_event_completed',
      durationMs: 37
    }

      at write (src/observability/safeLogger.js:178:17)

  console.info
    {
      component: 'http',
      event: 'request_completed',
      requestId: 'bb8abf75-88a6-47c1-8abe-1fd6389404ee',
      methodClass: 'POST',
      durationMs: 39,
      statusCode: 201
    }

      at write (src/observability/safeLogger.js:178:17)

  console.info
    { component: 'voice', event: 'webhook_event_received', routed: true }

      at write (src/observability/safeLogger.js:178:17)

  console.info
    {
      component: 'voice',
      event: 'webhook_event_completed',
      durationMs: 18
    }

      at write (src/observability/safeLogger.js:178:17)

  console.info
    {
      component: 'http',
      event: 'request_completed',
      requestId: 'da5e11cf-1b12-464c-9f94-a0a21acc27ec',
      methodClass: 'POST',
      durationMs: 19,
      statusCode: 201
    }

      at write (src/observability/safeLogger.js:178:17)

  console.info
    { component: 'voice', event: 'webhook_event_received', routed: true }

      at write (src/observability/safeLogger.js:178:17)

  console.info
    {
      component: 'voice',
      event: 'webhook_event_completed',
      durationMs: 42
    }

      at write (src/observability/safeLogger.js:178:17)

  console.info
    {
      component: 'http',
      event: 'request_completed',
      requestId: '91405292-2c14-4dc4-9bfd-d6765e7d6137',
      methodClass: 'POST',
      durationMs: 43,
      statusCode: 201
    }

      at write (src/observability/safeLogger.js:178:17)

  console.info
    { component: 'voice', event: 'webhook_event_received', routed: true }

      at write (src/observability/safeLogger.js:178:17)

  console.info
    { component: 'voice', event: 'webhook_event_completed', durationMs: 7 }

      at write (src/observability/safeLogger.js:178:17)

  console.info
    {
      component: 'http',
      event: 'request_completed',
      requestId: 'a49d78ee-4c62-42f1-918c-eddab52e4b36',
      methodClass: 'POST',
      durationMs: 8,
      statusCode: 201
    }

      at write (src/observability/safeLogger.js:178:17)

  console.info
    { component: 'voice', event: 'webhook_event_received', routed: true }

      at write (src/observability/safeLogger.js:178:17)

  console.info
    {
      component: 'http',
      event: 'request_completed',
      requestId: 'b9744acc-7149-4af3-90af-3738ea010709',
      methodClass: 'POST',
      durationMs: 17,
      statusCode: 409
    }

      at write (src/observability/safeLogger.js:178:17)

  console.info
    { component: 'voice', event: 'webhook_event_received', routed: true }

      at write (src/observability/safeLogger.js:178:17)

  console.info
    {
      component: 'voice',
      event: 'webhook_event_completed',
      durationMs: 20
    }

      at write (src/observability/safeLogger.js:178:17)

  console.info
    {
      component: 'http',
      event: 'request_completed',
      requestId: 'bbebb1c2-ca52-4fae-9e5e-fefc3a870ca0',
      methodClass: 'POST',
      durationMs: 21,
      statusCode: 202
    }

      at write (src/observability/safeLogger.js:178:17)

  console.info
    {
      component: 'http',
      event: 'request_completed',
      requestId: 'c42e0ff2-7e3e-4541-aa3f-45c24ed0744a',
      methodClass: 'POST',
      durationMs: 53,
      statusCode: 409
    }

      at write (src/observability/safeLogger.js:178:17)

  console.info
    { component: 'voice', event: 'webhook_event_received', routed: true }

      at write (src/observability/safeLogger.js:178:17)

  console.info
    {
      component: 'voice',
      event: 'webhook_event_completed',
      durationMs: 52
    }

      at write (src/observability/safeLogger.js:178:17)

  console.info
    {
      component: 'http',
      event: 'request_completed',
      requestId: 'c161614b-24f7-43a7-a0e3-91fe4587b270',
      methodClass: 'POST',
      durationMs: 53,
      statusCode: 201
    }

      at write (src/observability/safeLogger.js:178:17)

  console.info
    { component: 'voice', event: 'webhook_event_received', routed: true }

      at write (src/observability/safeLogger.js:178:17)

  console.info
    { component: 'voice', event: 'webhook_event_completed', durationMs: 9 }

      at write (src/observability/safeLogger.js:178:17)

  console.info
    {
      component: 'http',
      event: 'request_completed',
      requestId: '14a80c18-9d82-4bdc-8340-a230f252eaf0',
      methodClass: 'POST',
      durationMs: 10,
      statusCode: 201
    }

      at write (src/observability/safeLogger.js:178:17)

  console.info
    { component: 'voice', event: 'webhook_event_received', routed: true }

      at write (src/observability/safeLogger.js:178:17)

  console.info
    { component: 'voice', event: 'webhook_event_received', routed: true }

      at write (src/observability/safeLogger.js:178:17)

  console.info
    {
      component: 'voice',
      event: 'webhook_event_completed',
      durationMs: 206
    }

      at write (src/observability/safeLogger.js:178:17)

  console.info
    {
      component: 'http',
      event: 'request_completed',
      requestId: '0158584d-71c5-406a-a124-0724bb086b1a',
      methodClass: 'POST',
      durationMs: 207,
      statusCode: 201
    }

      at write (src/observability/safeLogger.js:178:17)

  console.info
    {
      component: 'voice',
      event: 'webhook_event_completed',
      durationMs: 108
    }

      at write (src/observability/safeLogger.js:178:17)

  console.info
    {
      component: 'http',
      event: 'request_completed',
      requestId: '999af080-69b8-4997-b005-06a532f02118',
      methodClass: 'POST',
      durationMs: 108,
      statusCode: 201
    }

      at write (src/observability/safeLogger.js:178:17)

  console.info
    {
      component: 'http',
      event: 'request_completed',
      requestId: '97ae54ab-b30f-47a9-8bf0-87e21c9d6cd7',
      methodClass: 'POST',
      durationMs: 3,
      statusCode: 409
    }

      at write (src/observability/safeLogger.js:178:17)

  console.info
    { component: 'voice', event: 'webhook_event_received', routed: true }

      at write (src/observability/safeLogger.js:178:17)

  console.info
    { component: 'voice', event: 'webhook_event_received', routed: true }

      at write (src/observability/safeLogger.js:178:17)

  console.info
    {
      component: 'voice',
      event: 'webhook_event_completed',
      durationMs: 67
    }

      at write (src/observability/safeLogger.js:178:17)

  console.info
    {
      component: 'http',
      event: 'request_completed',
      requestId: 'dc749722-3ffa-43af-9f38-16a29f28cfa7',
      methodClass: 'POST',
      durationMs: 68,
      statusCode: 201
    }

      at write (src/observability/safeLogger.js:178:17)

  console.info
    {
      component: 'voice',
      event: 'webhook_event_completed',
      durationMs: 44
    }

      at write (src/observability/safeLogger.js:178:17)

  console.info
    {
      component: 'http',
      event: 'request_completed',
      requestId: '69363307-d362-4eec-b242-e435ee892893',
      methodClass: 'POST',
      durationMs: 44,
      statusCode: 201
    }

      at write (src/observability/safeLogger.js:178:17)

  console.info
    {
      component: 'http',
      event: 'request_completed',
      requestId: '44f44cbc-bc7d-4f93-89b0-83a61e7ed9ac',
      methodClass: 'POST',
      durationMs: 3,
      statusCode: 409
    }

      at write (src/observability/safeLogger.js:178:17)

  console.info
    { component: 'voice', event: 'webhook_event_received', routed: true }

      at write (src/observability/safeLogger.js:178:17)

  console.info
    { component: 'voice', event: 'webhook_event_received', routed: true }

      at write (src/observability/safeLogger.js:178:17)

  console.info
    { component: 'voice', event: 'webhook_event_received', routed: true }

      at write (src/observability/safeLogger.js:178:17)

  console.info
    {
      component: 'voice',
      event: 'webhook_event_completed',
      durationMs: 37
    }

      at write (src/observability/safeLogger.js:178:17)

  console.info
    {
      component: 'http',
      event: 'request_completed',
      requestId: '88ad7b7d-94a7-4c62-bfc1-92f90cd8bcc6',
      methodClass: 'POST',
      durationMs: 39,
      statusCode: 201
    }

      at write (src/observability/safeLogger.js:178:17)

  console.info
    {
      component: 'voice',
      event: 'webhook_event_completed',
      durationMs: 54
    }

      at write (src/observability/safeLogger.js:178:17)

  console.info
    {
      component: 'http',
      event: 'request_completed',
      requestId: 'f8b49d75-8970-4d7f-8cfa-6553c0c53e16',
      methodClass: 'POST',
      durationMs: 55,
      statusCode: 201
    }

      at write (src/observability/safeLogger.js:178:17)

  console.info
    {
      component: 'voice',
      event: 'webhook_event_completed',
      durationMs: 103
    }

      at write (src/observability/safeLogger.js:178:17)

  console.info
    {
      component: 'http',
      event: 'request_completed',
      requestId: '7cd345e6-e6ff-43e1-b9be-18b7f1784904',
      methodClass: 'POST',
      durationMs: 104,
      statusCode: 201
    }

      at write (src/observability/safeLogger.js:178:17)

  console.info
    { component: 'voice', event: 'webhook_event_received', routed: true }

      at write (src/observability/safeLogger.js:178:17)

  console.info
    {
      component: 'http',
      event: 'request_completed',
      requestId: '786d2abb-0b1d-4ff1-9c2c-9fde660188b4',
      methodClass: 'POST',
      durationMs: 6,
      statusCode: 409
    }

      at write (src/observability/safeLogger.js:178:17)

  console.info
    { component: 'voice', event: 'webhook_event_received', routed: true }

      at write (src/observability/safeLogger.js:178:17)

  console.info
    {
      component: 'voice',
      event: 'webhook_event_completed',
      durationMs: 37
    }

      at write (src/observability/safeLogger.js:178:17)

  console.info
    {
      component: 'http',
      event: 'request_completed',
      requestId: '5a5e2741-1410-434e-84b5-eb6fb71c5812',
      methodClass: 'POST',
      durationMs: 38,
      statusCode: 201
    }

      at write (src/observability/safeLogger.js:178:17)

  console.info
    {
      component: 'http',
      event: 'request_completed',
      requestId: '0074106f-dce7-4f3a-9e3b-fb1478c62f71',
      methodClass: 'POST',
      durationMs: 3,
      statusCode: 409
    }

      at write (src/observability/safeLogger.js:178:17)

  console.info
    { component: 'voice', event: 'webhook_event_received', routed: true }

      at write (src/observability/safeLogger.js:178:17)

  console.info
    {
      component: 'voice',
      event: 'webhook_event_completed',
      durationMs: 32
    }

      at write (src/observability/safeLogger.js:178:17)

  console.info
    {
      component: 'http',
      event: 'request_completed',
      requestId: 'cc0e27b0-09d3-47a8-b3a8-ce26bd3dd060',
      methodClass: 'POST',
      durationMs: 37,
      statusCode: 202
    }

      at write (src/observability/safeLogger.js:178:17)

  console.info
    { component: 'voice', event: 'webhook_event_received', routed: true }

      at write (src/observability/safeLogger.js:178:17)

  console.info
    {
      component: 'voice',
      event: 'webhook_event_completed',
      durationMs: 12
    }

      at write (src/observability/safeLogger.js:178:17)

  console.info
    {
      component: 'http',
      event: 'request_completed',
      requestId: '1fd32c83-a427-475f-8324-4b8298a396d8',
      methodClass: 'POST',
      durationMs: 13,
      statusCode: 202
    }

      at write (src/observability/safeLogger.js:178:17)

  console.info
    { component: 'voice', event: 'webhook_event_received', routed: true }

      at write (src/observability/safeLogger.js:178:17)

  console.info
    {
      component: 'voice',
      event: 'webhook_event_completed',
      durationMs: 32
    }

      at write (src/observability/safeLogger.js:178:17)

  console.info
    {
      component: 'http',
      event: 'request_completed',
      requestId: '43b9478d-fe11-4537-9597-f0337f3d0d65',
      methodClass: 'POST',
      durationMs: 33,
      statusCode: 202
    }

      at write (src/observability/safeLogger.js:178:17)

  console.info
    { component: 'voice', event: 'webhook_event_received', routed: true }

      at write (src/observability/safeLogger.js:178:17)

  console.info
    {
      component: 'voice',
      event: 'webhook_event_completed',
      durationMs: 11
    }

      at write (src/observability/safeLogger.js:178:17)

  console.info
    {
      component: 'http',
      event: 'request_completed',
      requestId: 'b11b2ba0-d594-4282-b6b4-51d96f2dc226',
      methodClass: 'POST',
      durationMs: 12,
      statusCode: 202
    }

      at write (src/observability/safeLogger.js:178:17)

  console.info
    { component: 'voice', event: 'webhook_event_received', routed: true }

      at write (src/observability/safeLogger.js:178:17)

  console.info
    {
      component: 'voice',
      event: 'webhook_event_completed',
      durationMs: 11
    }

      at write (src/observability/safeLogger.js:178:17)

  console.info
    {
      component: 'http',
      event: 'request_completed',
      requestId: '1ca3b2cd-f99d-4476-b775-3a4a00e6bf68',
      methodClass: 'POST',
      durationMs: 14,
      statusCode: 202
    }

      at write (src/observability/safeLogger.js:178:17)

  console.info
    { component: 'voice', event: 'webhook_event_received', routed: true }

      at write (src/observability/safeLogger.js:178:17)

  console.info
    {
      component: 'http',
      event: 'request_completed',
      requestId: '1446e535-68a8-42c9-abf6-ecefc625a6d9',
      methodClass: 'POST',
      durationMs: 13,
      statusCode: 503
    }

      at write (src/observability/safeLogger.js:178:17)

  console.info
    { component: 'voice', event: 'webhook_event_received', routed: true }

      at write (src/observability/safeLogger.js:178:17)

  console.info
    {
      component: 'http',
      event: 'request_completed',
      requestId: 'a04cee55-bd8b-4c44-97d2-48f0d64f08ff',
      methodClass: 'POST',
      durationMs: 12,
      statusCode: 503
    }

      at write (src/observability/safeLogger.js:178:17)

  console.info
    { component: 'voice', event: 'webhook_event_received', routed: true }

      at write (src/observability/safeLogger.js:178:17)

  console.error
    { component: 'voice', event: 'webhook_fatal_error' }

      176 |     ...safeFields(fields),
      177 |   };
    > 178 |   console[level](record);
          |                 ^
      179 |   return record;
      180 | }
      181 |

      at write (src/observability/safeLogger.js:178:17)
      at Object.write (src/observability/safeLogger.js:191:10)
      at error (src/voice/webhook.js:522:16)

  console.info
    {
      component: 'http',
      event: 'request_completed',
      requestId: '88ccdb6f-7d04-4642-8ece-b0eabb4f38bb',
      methodClass: 'POST',
      durationMs: 36,
      statusCode: 503
    }

      at write (src/observability/safeLogger.js:178:17)

  console.info
    { component: 'voice', event: 'webhook_event_received', routed: true }

      at write (src/observability/safeLogger.js:178:17)

  console.error
    { component: 'voice', event: 'webhook_fatal_error' }

      176 |     ...safeFields(fields),
      177 |   };
    > 178 |   console[level](record);
          |                 ^
      179 |   return record;
      180 | }
      181 |

      at write (src/observability/safeLogger.js:178:17)
      at Object.write (src/observability/safeLogger.js:191:10)
      at error (src/voice/webhook.js:522:16)

  console.info
    {
      component: 'http',
      event: 'request_completed',
      requestId: '32679d2b-a76f-416c-9d60-bff908cf3cff',
      methodClass: 'POST',
      durationMs: 33,
      statusCode: 503
    }

      at write (src/observability/safeLogger.js:178:17)

  console.info
    { component: 'voice', event: 'webhook_event_received', routed: true }

      at write (src/observability/safeLogger.js:178:17)

  console.info
    {
      component: 'http',
      event: 'request_completed',
      requestId: '81b308e0-2703-4183-9bca-1ce5dbd29755',
      methodClass: 'POST',
      durationMs: 10,
      statusCode: 404
    }

      at write (src/observability/safeLogger.js:178:17)

  console.info
    { component: 'voice', event: 'webhook_event_received', routed: true }

      at write (src/observability/safeLogger.js:178:17)

  console.info
    {
      component: 'http',
      event: 'request_completed',
      requestId: 'f689a755-eb38-47aa-98fe-d13a8a37ee33',
      methodClass: 'POST',
      durationMs: 4,
      statusCode: 404
    }

      at write (src/observability/safeLogger.js:178:17)

  console.info
    { component: 'voice', event: 'webhook_event_received', routed: true }

      at write (src/observability/safeLogger.js:178:17)

  console.info
    { component: 'voice', event: 'webhook_event_completed', durationMs: 9 }

      at write (src/observability/safeLogger.js:178:17)

  console.info
    {
      component: 'http',
      event: 'request_completed',
      requestId: '0735c269-4369-4e8d-8e60-a2b5d8509182',
      methodClass: 'POST',
      durationMs: 12,
      statusCode: 202
    }

      at write (src/observability/safeLogger.js:178:17)

  console.info
    { component: 'voice', event: 'webhook_event_received', routed: true }

      at write (src/observability/safeLogger.js:178:17)

  console.info
    {
      component: 'http',
      event: 'request_completed',
      requestId: 'ba484b0f-98a0-4d4b-b06b-a63b88572be9',
      methodClass: 'POST',
      durationMs: 13,
      statusCode: 409
    }

      at write (src/observability/safeLogger.js:178:17)

  console.info
    { component: 'voice', event: 'webhook_event_received', routed: true }

      at write (src/observability/safeLogger.js:178:17)

  console.info
    {
      component: 'http',
      event: 'request_completed',
      requestId: '90e70026-f9a7-41f4-9185-3dee1cb0c62b',
      methodClass: 'POST',
      durationMs: 13,
      statusCode: 409
    }

      at write (src/observability/safeLogger.js:178:17)

  console.log
    [DB] Migration applied: 001_initial_schema.sql

      at log (src/db.js:1312:42)

  console.log
    [DB] Migration applied: 002_seed_data.sql

      at log (src/db.js:1312:42)

  console.log
    [DB] Migration applied: 003_voice_sessions.sql

      at log (src/db.js:1312:42)

  console.log
    [DB] Migration applied: 004_canonical_persistence_v2.sql

      at log (src/db.js:1312:42)

  console.log
    [DB] Migration applied: 005_canonical_organization_authority.sql

      at log (src/db.js:1312:42)

  console.log
    [DB] Migration applied: 006_canonical_voice_sessions.sql

      at log (src/db.js:1312:42)

  console.log
    [DB] Migration applied: 007_canonical_tax_authority.sql

      at log (src/db.js:1312:42)

  console.log
    [DB] Migration applied: 008_canonical_demo_authority.sql

      at log (src/db.js:1312:42)

  console.log
    [DB] Migration applied: 009_canonical_voice_provider_identity.sql

      at log (src/db.js:1312:42)

  console.log
    [DB] Migration applied: 010_account_session_authority.sql

      at log (src/db.js:1312:42)

  console.log
    [DB] Migration applied: 011_oauth_authorization_states.sql

      at log (src/db.js:1312:42)

  console.log
    [DB] Migration applied: 012_account_verification_trial.sql

      at log (src/db.js:1312:42)

  console.log
    [DB] Migration applied: 015_workforce_authority.sql

      at log (src/db.js:1312:42)

  console.log
    [DB] Migration applied: 016_tenant_asset_catalogue.sql

      at log (src/db.js:1312:42)

  console.log
    [DB] Migration applied: 017_retell_webhook_replay_authority.sql

      at log (src/db.js:1312:42)

  console.log
    [DB] Migration applied: 018_canonical_map_preferences.sql

      at log (src/db.js:1312:42)

  console.log
    [DB] Migration applied: 019_account_email_outbox.sql

      at log (src/db.js:1312:42)

  console.log
    [DB] Migration applied: 020_canonical_workforce_access_roles.sql

      at log (src/db.js:1312:42)

  console.log
    [DB] Migration applied: 021_bounded_api_observability.sql

      at log (src/db.js:1312:42)

  console.log
    [DB] Migration applied: 022_demo_command_center_sessions.sql

      at log (src/db.js:1312:42)

  console.log
    [DB] Migration applied: 023_homepage_demo_admission.sql

      at log (src/db.js:1312:42)

  console.log
    [DB] Migration applied: 024_homepage_verified_purge_receipt.sql

      at log (src/db.js:1312:42)

  console.log
    [DB] Migration applied: 025_provider_agnostic_knowledge_registry.sql

      at log (src/db.js:1312:42)

  console.log
    [DB] Migration applied: 026_canonical_knowledge_review_publication.sql

      at log (src/db.js:1312:42)

  console.log
    [DB] Migration applied: 027_canonical_knowledge_audit_graph_authority.sql

      at log (src/db.js:1312:42)

  console.log
    [DB] Migration applied: 028_canonical_knowledge_immutable_lifecycle.sql

      at log (src/db.js:1312:42)

  console.log
    [DB] Migration applied: 029_canonical_knowledge_transactional_sync.sql

      at log (src/db.js:1312:42)

  console.log
    [DB] Migration applied: 030_canonical_knowledge_sync_revocation.sql

      at log (src/db.js:1312:42)

  console.log
    [DB] Migration applied: 031_canonical_knowledge_sync_recovery_lifecycle.sql

      at log (src/db.js:1312:42)

  console.log
    [DB] Migration applied: 032_canonical_schedule_assignment_authority.sql

      at log (src/db.js:1312:42)

  console.log
    [DB] Migration applied: 033_canonical_schedule_time_evidence.sql

      at log (src/db.js:1312:42)

  console.log
    [DB] Migration applied: 034_schedule_availability_conflict_authority.sql

      at log (src/db.js:1312:42)

  console.log
    [DB] Migration applied: 035_schedule_human_preview_approval.sql

      at log (src/db.js:1312:42)

  console.info
    {
      component: 'http',
      event: 'request_completed',
      requestId: 'f9262ac2-6f7d-4fcd-8f8b-b23c9f372056',
      methodClass: 'GET',
      durationMs: 4,
      statusCode: 200
    }

      at write (src/observability/safeLogger.js:178:17)

  console.info
    {
      component: 'http',
      event: 'request_completed',
      requestId: 'd99e7d0d-b507-4efd-a934-1216f0166b98',
      methodClass: 'GET',
      durationMs: 4,
      statusCode: 503
    }

      at write (src/observability/safeLogger.js:178:17)

  console.info
    {
      component: 'http',
      event: 'request_completed',
      requestId: '88ee725a-c9c0-4ba3-964d-0ffa57bb341f',
      methodClass: 'GET',
      durationMs: 3,
      statusCode: 503
    }

      at write (src/observability/safeLogger.js:178:17)

  console.info
    {
      component: 'http',
      event: 'request_completed',
      requestId: 'f78fa69b-d2e7-48a4-a70c-45a5582fa27d',
      methodClass: 'POST',
      durationMs: 2,
      statusCode: 503
    }

      at write (src/observability/safeLogger.js:178:17)

  console.info
    {
      component: 'http',
      event: 'request_completed',
      requestId: 'fe98d7a0-0d77-4250-bce5-003bc582c5fc',
      methodClass: 'GET',
      durationMs: 6,
      statusCode: 403
    }

      at write (src/observability/safeLogger.js:178:17)

  console.info
    {
      component: 'http',
      event: 'request_completed',
      requestId: 'f2091071-d86b-43d9-bb90-3aad3ccf9693',
      methodClass: 'GET',
      durationMs: 3,
      statusCode: 403
    }

      at write (src/observability/safeLogger.js:178:17)

  console.info
    {
      component: 'http',
      event: 'request_completed',
      requestId: 'c4bd9c2f-5900-4c4e-a860-5005ea91bede',
      methodClass: 'GET',
      durationMs: 3,
      statusCode: 503
    }

      at write (src/observability/safeLogger.js:178:17)

  console.log
    [DB] Migration applied: 001_initial_schema.sql

      at log (src/db.js:1312:42)

  console.log
    [DB] Migration applied: 002_seed_data.sql

      at log (src/db.js:1312:42)

  console.log
    [DB] Migration applied: 003_voice_sessions.sql

      at log (src/db.js:1312:42)

  console.log
    [DB] Migration applied: 004_canonical_persistence_v2.sql

      at log (src/db.js:1312:42)

  console.log
    [DB] Migration applied: 005_canonical_organization_authority.sql

      at log (src/db.js:1312:42)

  console.log
    [DB] Migration applied: 006_canonical_voice_sessions.sql

      at log (src/db.js:1312:42)

  console.log
    [DB] Migration applied: 007_canonical_tax_authority.sql

      at log (src/db.js:1312:42)

  console.log
    [DB] Migration applied: 008_canonical_demo_authority.sql

      at log (src/db.js:1312:42)

  console.log
    [DB] Migration applied: 009_canonical_voice_provider_identity.sql

      at log (src/db.js:1312:42)

  console.log
    [DB] Migration applied: 010_account_session_authority.sql

      at log (src/db.js:1312:42)

  console.log
    [DB] Migration applied: 011_oauth_authorization_states.sql

      at log (src/db.js:1312:42)

  console.log
    [DB] Migration applied: 012_account_verification_trial.sql

      at log (src/db.js:1312:42)

  console.log
    [DB] Migration applied: 015_workforce_authority.sql

      at log (src/db.js:1312:42)

  console.log
    [DB] Migration applied: 016_tenant_asset_catalogue.sql

      at log (src/db.js:1312:42)

  console.log
    [DB] Migration applied: 017_retell_webhook_replay_authority.sql

      at log (src/db.js:1312:42)

  console.log
    [DB] Migration applied: 018_canonical_map_preferences.sql

      at log (src/db.js:1312:42)

  console.log
    [DB] Migration applied: 019_account_email_outbox.sql

      at log (src/db.js:1312:42)

  console.log
    [DB] Migration applied: 020_canonical_workforce_access_roles.sql

      at log (src/db.js:1312:42)

  console.log
    [DB] Migration applied: 021_bounded_api_observability.sql

      at log (src/db.js:1312:42)

  console.log
    [DB] Migration applied: 022_demo_command_center_sessions.sql

      at log (src/db.js:1312:42)

  console.log
    [DB] Migration applied: 023_homepage_demo_admission.sql

      at log (src/db.js:1312:42)

  console.log
    [DB] Migration applied: 024_homepage_verified_purge_receipt.sql

      at log (src/db.js:1312:42)

  console.log
    [DB] Migration applied: 025_provider_agnostic_knowledge_registry.sql

      at log (src/db.js:1312:42)

  console.log
    [DB] Migration applied: 026_canonical_knowledge_review_publication.sql

      at log (src/db.js:1312:42)

  console.log
    [DB] Migration applied: 027_canonical_knowledge_audit_graph_authority.sql

      at log (src/db.js:1312:42)

  console.log
    [DB] Migration applied: 028_canonical_knowledge_immutable_lifecycle.sql

      at log (src/db.js:1312:42)

  console.log
    [DB] Migration applied: 029_canonical_knowledge_transactional_sync.sql

      at log (src/db.js:1312:42)

  console.log
    [DB] Migration applied: 030_canonical_knowledge_sync_revocation.sql

      at log (src/db.js:1312:42)

  console.log
    [DB] Migration applied: 031_canonical_knowledge_sync_recovery_lifecycle.sql

      at log (src/db.js:1312:42)

  console.log
    [DB] Migration applied: 032_canonical_schedule_assignment_authority.sql

      at log (src/db.js:1312:42)

  console.log
    [DB] Migration applied: 033_canonical_schedule_time_evidence.sql

      at log (src/db.js:1312:42)

  console.log
    [DB] Migration applied: 034_schedule_availability_conflict_authority.sql

      at log (src/db.js:1312:42)

  console.log
    [DB] Migration applied: 035_schedule_human_preview_approval.sql

      at log (src/db.js:1312:42)

  console.log
    [DB] Migration applied: 001_initial_schema.sql

      at log (src/db.js:1312:42)

  console.log
    [DB] Migration applied: 002_seed_data.sql

      at log (src/db.js:1312:42)

  console.log
    [DB] Migration applied: 003_voice_sessions.sql

      at log (src/db.js:1312:42)

  console.log
    [DB] Migration applied: 004_canonical_persistence_v2.sql

      at log (src/db.js:1312:42)

  console.log
    [DB] Migration applied: 005_canonical_organization_authority.sql

      at log (src/db.js:1312:42)

  console.log
    [DB] Migration applied: 006_canonical_voice_sessions.sql

      at log (src/db.js:1312:42)

  console.log
    [DB] Migration applied: 007_canonical_tax_authority.sql

      at log (src/db.js:1312:42)

  console.log
    [DB] Migration applied: 008_canonical_demo_authority.sql

      at log (src/db.js:1312:42)

  console.log
    [DB] Migration applied: 009_canonical_voice_provider_identity.sql

      at log (src/db.js:1312:42)

  console.log
    [DB] Migration applied: 010_account_session_authority.sql

      at log (src/db.js:1312:42)

  console.log
    [DB] Migration applied: 011_oauth_authorization_states.sql

      at log (src/db.js:1312:42)

  console.log
    [DB] Migration applied: 012_account_verification_trial.sql

      at log (src/db.js:1312:42)

  console.log
    [DB] Migration applied: 015_workforce_authority.sql

      at log (src/db.js:1312:42)

  console.log
    [DB] Migration applied: 016_tenant_asset_catalogue.sql

      at log (src/db.js:1312:42)

  console.log
    [DB] Migration applied: 017_retell_webhook_replay_authority.sql

      at log (src/db.js:1312:42)

  console.log
    [DB] Migration applied: 018_canonical_map_preferences.sql

      at log (src/db.js:1312:42)

  console.log
    [DB] Migration applied: 019_account_email_outbox.sql

      at log (src/db.js:1312:42)

  console.log
    [DB] Migration applied: 020_canonical_workforce_access_roles.sql

      at log (src/db.js:1312:42)

  console.log
    [DB] Migration applied: 021_bounded_api_observability.sql

      at log (src/db.js:1312:42)

  console.log
    [DB] Migration applied: 022_demo_command_center_sessions.sql

      at log (src/db.js:1312:42)

  console.log
    [DB] Migration applied: 023_homepage_demo_admission.sql

      at log (src/db.js:1312:42)

  console.log
    [DB] Migration applied: 024_homepage_verified_purge_receipt.sql

      at log (src/db.js:1312:42)

  console.log
    [DB] Migration applied: 025_provider_agnostic_knowledge_registry.sql

      at log (src/db.js:1312:42)

  console.log
    [DB] Migration applied: 026_canonical_knowledge_review_publication.sql

      at log (src/db.js:1312:42)

  console.log
    [DB] Migration applied: 027_canonical_knowledge_audit_graph_authority.sql

      at log (src/db.js:1312:42)

  console.log
    [DB] Migration applied: 028_canonical_knowledge_immutable_lifecycle.sql

      at log (src/db.js:1312:42)

  console.log
    [DB] Migration applied: 029_canonical_knowledge_transactional_sync.sql

      at log (src/db.js:1312:42)

  console.log
    [DB] Migration applied: 030_canonical_knowledge_sync_revocation.sql

      at log (src/db.js:1312:42)

  console.log
    [DB] Migration applied: 031_canonical_knowledge_sync_recovery_lifecycle.sql

      at log (src/db.js:1312:42)

  console.log
    [DB] Migration applied: 032_canonical_schedule_assignment_authority.sql

      at log (src/db.js:1312:42)

  console.log
    [DB] Migration applied: 033_canonical_schedule_time_evidence.sql

      at log (src/db.js:1312:42)

  console.log
    [DB] Migration applied: 034_schedule_availability_conflict_authority.sql

      at log (src/db.js:1312:42)

  console.log
    [DB] Migration applied: 035_schedule_human_preview_approval.sql

      at log (src/db.js:1312:42)

  console.info
    {
      component: 'http',
      event: 'request_completed',
      requestId: 'e7daaf98-a8af-457f-a4df-6606bdc05858',
      methodClass: 'POST',
      durationMs: 123,
      statusCode: 201
    }

      at write (src/observability/safeLogger.js:178:17)

  console.info
    {
      component: 'http',
      event: 'request_completed',
      requestId: 'f4db032e-314a-469b-8206-3238bfc12f88',
      methodClass: 'POST',
      durationMs: 195,
      statusCode: 200
    }

      at write (src/observability/safeLogger.js:178:17)

  console.info
    {
      component: 'http',
      event: 'request_completed',
      requestId: 'c045ac9f-5730-41ae-9d25-2d14f7ecd7fc',
      methodClass: 'POST',
      durationMs: 103,
      statusCode: 201
    }

      at write (src/observability/safeLogger.js:178:17)

  console.info
    {
      component: 'http',
      event: 'request_completed',
      requestId: '09bb08a1-9a83-4dc1-99b4-551b1e9ce8c7',
      methodClass: 'POST',
      durationMs: 136,
      statusCode: 200
    }

      at write (src/observability/safeLogger.js:178:17)

  console.info
    {
      component: 'http',
      event: 'request_completed',
      requestId: '2d5a9ded-1430-45a2-91ee-6a0760edc09b',
      methodClass: 'POST',
      durationMs: 97,
      statusCode: 201
    }

      at write (src/observability/safeLogger.js:178:17)

  console.info
    {
      component: 'http',
      event: 'request_completed',
      requestId: 'cfdd9b96-65c2-4dc0-bb5e-0856044a6142',
      methodClass: 'POST',
      durationMs: 144,
      statusCode: 200
    }

      at write (src/observability/safeLogger.js:178:17)

  console.info
    {
      component: 'http',
      event: 'request_completed',
      requestId: 'a117a048-9313-40e3-b2a5-26146952afa6',
      methodClass: 'PUT',
      durationMs: 119,
      statusCode: 200
    }

      at write (src/observability/safeLogger.js:178:17)

  console.info
    {
      component: 'http',
      event: 'request_completed',
      requestId: 'b2952bdf-8310-47fc-bd0d-06f9e2736cd7',
      methodClass: 'PUT',
      durationMs: 115,
      statusCode: 200
    }

      at write (src/observability/safeLogger.js:178:17)

  console.info
    {
      component: 'http',
      event: 'request_completed',
      requestId: '9f983000-a8ac-453e-b70e-82f296af7489',
      methodClass: 'POST',
      durationMs: 69,
      statusCode: 200
    }

      at write (src/observability/safeLogger.js:178:17)

  console.info
    {
      component: 'http',
      event: 'request_completed',
      requestId: 'aba87688-d23e-4d15-b86e-47db40db20a5',
      methodClass: 'POST',
      durationMs: 77,
      statusCode: 200
    }

      at write (src/observability/safeLogger.js:178:17)

  console.info
    {
      component: 'http',
      event: 'request_completed',
      requestId: '916992c0-c191-4660-961f-389e403d4f15',
      methodClass: 'POST',
      durationMs: 65,
      statusCode: 200
    }

      at write (src/observability/safeLogger.js:178:17)

  console.info
    {
      component: 'http',
      event: 'request_completed',
      requestId: '06ce60ba-fad5-4c8c-b913-1cf641311b15',
      methodClass: 'POST',
      durationMs: 75,
      statusCode: 200
    }

      at write (src/observability/safeLogger.js:178:17)

  console.error
    {
      component: 'http',
      event: 'request_failed',
      requestId: 'd36de185-fd60-433f-a1f2-fc9ddcf39b01',
      methodClass: 'POST',
      statusCode: 413
    }

      176 |     ...safeFields(fields),
      177 |   };
    > 178 |   console[level](record);
          |                 ^
      179 |   return record;
      180 | }
      181 |

      at write (src/observability/safeLogger.js:178:17)
      at Object.write (src/observability/safeLogger.js:191:10)
      at error (src/middleware/errorHandler.js:22:14)
      at Layer.handle_error (../m22-part3-route-writer/node_modules/express/lib/router/layer.js:71:5)
      at trim_prefix (../m22-part3-route-writer/node_modules/express/lib/router/index.js:326:13)
      at ../m22-part3-route-writer/node_modules/express/lib/router/index.js:286:9
      at router.process_params (../m22-part3-route-writer/node_modules/express/lib/router/index.js:346:12)
      at next (../m22-part3-route-writer/node_modules/express/lib/router/index.js:280:10)
      at Layer.handle_error (../m22-part3-route-writer/node_modules/express/lib/router/layer.js:67:12)
      at trim_prefix (../m22-part3-route-writer/node_modules/express/lib/router/index.js:326:13)
      at ../m22-part3-route-writer/node_modules/express/lib/router/index.js:286:9
      at router.process_params (../m22-part3-route-writer/node_modules/express/lib/router/index.js:346:12)
      at next (../m22-part3-route-writer/node_modules/express/lib/router/index.js:280:10)
      at Layer.handle_error (../m22-part3-route-writer/node_modules/express/lib/router/layer.js:67:12)
      at trim_prefix (../m22-part3-route-writer/node_modules/express/lib/router/index.js:326:13)
      at ../m22-part3-route-writer/node_modules/express/lib/router/index.js:286:9
      at router.process_params (../m22-part3-route-writer/node_modules/express/lib/router/index.js:346:12)
      at next (../m22-part3-route-writer/node_modules/express/lib/router/index.js:280:10)
      at Layer.handle_error (../m22-part3-route-writer/node_modules/express/lib/router/layer.js:67:12)
      at trim_prefix (../m22-part3-route-writer/node_modules/express/lib/router/index.js:326:13)
      at ../m22-part3-route-writer/node_modules/express/lib/router/index.js:286:9
      at router.process_params (../m22-part3-route-writer/node_modules/express/lib/router/index.js:346:12)
      at next (../m22-part3-route-writer/node_modules/express/lib/router/index.js:280:10)
      at Layer.handle_error (../m22-part3-route-writer/node_modules/express/lib/router/layer.js:67:12)
      at trim_prefix (../m22-part3-route-writer/node_modules/express/lib/router/index.js:326:13)
      at ../m22-part3-route-writer/node_modules/express/lib/router/index.js:286:9
      at router.process_params (../m22-part3-route-writer/node_modules/express/lib/router/index.js:346:12)
      at next (../m22-part3-route-writer/node_modules/express/lib/router/index.js:280:10)
      at Layer.handle_error (../m22-part3-route-writer/node_modules/express/lib/router/layer.js:67:12)
      at trim_prefix (../m22-part3-route-writer/node_modules/express/lib/router/index.js:326:13)
      at ../m22-part3-route-writer/node_modules/express/lib/router/index.js:286:9
      at router.process_params (../m22-part3-route-writer/node_modules/express/lib/router/index.js:346:12)
      at next (../m22-part3-route-writer/node_modules/express/lib/router/index.js:280:10)
      at Layer.handle_error (../m22-part3-route-writer/node_modules/express/lib/router/layer.js:67:12)
      at trim_prefix (../m22-part3-route-writer/node_modules/express/lib/router/index.js:326:13)
      at ../m22-part3-route-writer/node_modules/express/lib/router/index.js:286:9
      at router.process_params (../m22-part3-route-writer/node_modules/express/lib/router/index.js:346:12)
      at next (../m22-part3-route-writer/node_modules/express/lib/router/index.js:280:10)
      at Layer.handle_error (../m22-part3-route-writer/node_modules/express/lib/router/layer.js:67:12)
      at trim_prefix (../m22-part3-route-writer/node_modules/express/lib/router/index.js:326:13)
      at ../m22-part3-route-writer/node_modules/express/lib/router/index.js:286:9
      at router.process_params (../m22-part3-route-writer/node_modules/express/lib/router/index.js:346:12)
      at next (../m22-part3-route-writer/node_modules/express/lib/router/index.js:280:10)
      at Layer.handle_error (../m22-part3-route-writer/node_modules/express/lib/router/layer.js:67:12)
      at trim_prefix (../m22-part3-route-writer/node_modules/express/lib/router/index.js:326:13)
      at ../m22-part3-route-writer/node_modules/express/lib/router/index.js:286:9
      at router.process_params (../m22-part3-route-writer/node_modules/express/lib/router/index.js:346:12)
      at next (../m22-part3-route-writer/node_modules/express/lib/router/index.js:280:10)
      at Layer.handle_error (../m22-part3-route-writer/node_modules/express/lib/router/layer.js:67:12)
      at trim_prefix (../m22-part3-route-writer/node_modules/express/lib/router/index.js:326:13)
      at ../m22-part3-route-writer/node_modules/express/lib/router/index.js:286:9
      at router.process_params (../m22-part3-route-writer/node_modules/express/lib/router/index.js:346:12)
      at next (../m22-part3-route-writer/node_modules/express/lib/router/index.js:280:10)
      at Layer.handle_error (../m22-part3-route-writer/node_modules/express/lib/router/layer.js:67:12)
      at trim_prefix (../m22-part3-route-writer/node_modules/express/lib/router/index.js:326:13)
      at ../m22-part3-route-writer/node_modules/express/lib/router/index.js:286:9
      at router.process_params (../m22-part3-route-writer/node_modules/express/lib/router/index.js:346:12)
      at next (../m22-part3-route-writer/node_modules/express/lib/router/index.js:280:10)
      at Layer.handle_error (../m22-part3-route-writer/node_modules/express/lib/router/layer.js:67:12)
      at trim_prefix (../m22-part3-route-writer/node_modules/express/lib/router/index.js:326:13)
      at ../m22-part3-route-writer/node_modules/express/lib/router/index.js:286:9
      at router.process_params (../m22-part3-route-writer/node_modules/express/lib/router/index.js:346:12)
      at next (../m22-part3-route-writer/node_modules/express/lib/router/index.js:280:10)
      at Layer.handle_error (../m22-part3-route-writer/node_modules/express/lib/router/layer.js:67:12)
      at trim_prefix (../m22-part3-route-writer/node_modules/express/lib/router/index.js:326:13)
      at ../m22-part3-route-writer/node_modules/express/lib/router/index.js:286:9
      at router.process_params (../m22-part3-route-writer/node_modules/express/lib/router/index.js:346:12)
      at next (../m22-part3-route-writer/node_modules/express/lib/router/index.js:280:10)
      at Layer.handle_error (../m22-part3-route-writer/node_modules/express/lib/router/layer.js:67:12)
      at trim_prefix (../m22-part3-route-writer/node_modules/express/lib/router/index.js:326:13)
      at ../m22-part3-route-writer/node_modules/express/lib/router/index.js:286:9
      at router.process_params (../m22-part3-route-writer/node_modules/express/lib/router/index.js:346:12)
      at next (../m22-part3-route-writer/node_modules/express/lib/router/index.js:280:10)
      at next (src/scheduling/recommendationHttpBoundary.js:241:25)
      at onfinished (../m22-part3-route-writer/node_modules/body-parser/lib/read.js:102:9)
      at listener (../m22-part3-route-writer/node_modules/on-finished/index.js:170:15)
      at onFinish (../m22-part3-route-writer/node_modules/on-finished/index.js:101:5)
      at callback (../m22-part3-route-writer/node_modules/ee-first/index.js:55:10)
      at IncomingMessage.onevent (../m22-part3-route-writer/node_modules/ee-first/index.js:93:5)

  console.info
    {
      component: 'http',
      event: 'request_completed',
      requestId: '1c4cfae0-1aae-43ce-8e1f-0f3861bcb790',
      methodClass: 'POST',
      durationMs: 115,
      statusCode: 200
    }

      at write (src/observability/safeLogger.js:178:17)

  console.error
    {
      component: 'http',
      event: 'request_failed',
      requestId: '11a28015-66ff-41a7-b468-f3bdef00ca61',
      methodClass: 'POST',
      statusCode: 413
    }

      176 |     ...safeFields(fields),
      177 |   };
    > 178 |   console[level](record);
          |                 ^
      179 |   return record;
      180 | }
      181 |

      at write (src/observability/safeLogger.js:178:17)
      at Object.write (src/observability/safeLogger.js:191:10)
      at error (src/middleware/errorHandler.js:22:14)
      at Layer.handle_error (../m22-part3-route-writer/node_modules/express/lib/router/layer.js:71:5)
      at trim_prefix (../m22-part3-route-writer/node_modules/express/lib/router/index.js:326:13)
      at ../m22-part3-route-writer/node_modules/express/lib/router/index.js:286:9
      at router.process_params (../m22-part3-route-writer/node_modules/express/lib/router/index.js:346:12)
      at next (../m22-part3-route-writer/node_modules/express/lib/router/index.js:280:10)
      at Layer.handle_error (../m22-part3-route-writer/node_modules/express/lib/router/layer.js:67:12)
      at trim_prefix (../m22-part3-route-writer/node_modules/express/lib/router/index.js:326:13)
      at ../m22-part3-route-writer/node_modules/express/lib/router/index.js:286:9
      at router.process_params (../m22-part3-route-writer/node_modules/express/lib/router/index.js:346:12)
      at next (../m22-part3-route-writer/node_modules/express/lib/router/index.js:280:10)
      at Layer.handle_error (../m22-part3-route-writer/node_modules/express/lib/router/layer.js:67:12)
      at trim_prefix (../m22-part3-route-writer/node_modules/express/lib/router/index.js:326:13)
      at ../m22-part3-route-writer/node_modules/express/lib/router/index.js:286:9
      at router.process_params (../m22-part3-route-writer/node_modules/express/lib/router/index.js:346:12)
      at next (../m22-part3-route-writer/node_modules/express/lib/router/index.js:280:10)
      at Layer.handle_error (../m22-part3-route-writer/node_modules/express/lib/router/layer.js:67:12)
      at trim_prefix (../m22-part3-route-writer/node_modules/express/lib/router/index.js:326:13)
      at ../m22-part3-route-writer/node_modules/express/lib/router/index.js:286:9
      at router.process_params (../m22-part3-route-writer/node_modules/express/lib/router/index.js:346:12)
      at next (../m22-part3-route-writer/node_modules/express/lib/router/index.js:280:10)
      at Layer.handle_error (../m22-part3-route-writer/node_modules/express/lib/router/layer.js:67:12)
      at trim_prefix (../m22-part3-route-writer/node_modules/express/lib/router/index.js:326:13)
      at ../m22-part3-route-writer/node_modules/express/lib/router/index.js:286:9
      at router.process_params (../m22-part3-route-writer/node_modules/express/lib/router/index.js:346:12)
      at next (../m22-part3-route-writer/node_modules/express/lib/router/index.js:280:10)
      at Layer.handle_error (../m22-part3-route-writer/node_modules/express/lib/router/layer.js:67:12)
      at trim_prefix (../m22-part3-route-writer/node_modules/express/lib/router/index.js:326:13)
      at ../m22-part3-route-writer/node_modules/express/lib/router/index.js:286:9
      at router.process_params (../m22-part3-route-writer/node_modules/express/lib/router/index.js:346:12)
      at next (../m22-part3-route-writer/node_modules/express/lib/router/index.js:280:10)
      at Layer.handle_error (../m22-part3-route-writer/node_modules/express/lib/router/layer.js:67:12)
      at trim_prefix (../m22-part3-route-writer/node_modules/express/lib/router/index.js:326:13)
      at ../m22-part3-route-writer/node_modules/express/lib/router/index.js:286:9
      at router.process_params (../m22-part3-route-writer/node_modules/express/lib/router/index.js:346:12)
      at next (../m22-part3-route-writer/node_modules/express/lib/router/index.js:280:10)
      at Layer.handle_error (../m22-part3-route-writer/node_modules/express/lib/router/layer.js:67:12)
      at trim_prefix (../m22-part3-route-writer/node_modules/express/lib/router/index.js:326:13)
      at ../m22-part3-route-writer/node_modules/express/lib/router/index.js:286:9
      at router.process_params (../m22-part3-route-writer/node_modules/express/lib/router/index.js:346:12)
      at next (../m22-part3-route-writer/node_modules/express/lib/router/index.js:280:10)
      at Layer.handle_error (../m22-part3-route-writer/node_modules/express/lib/router/layer.js:67:12)
      at trim_prefix (../m22-part3-route-writer/node_modules/express/lib/router/index.js:326:13)
      at ../m22-part3-route-writer/node_modules/express/lib/router/index.js:286:9
      at router.process_params (../m22-part3-route-writer/node_modules/express/lib/router/index.js:346:12)
      at next (../m22-part3-route-writer/node_modules/express/lib/router/index.js:280:10)
      at Layer.handle_error (../m22-part3-route-writer/node_modules/express/lib/router/layer.js:67:12)
      at trim_prefix (../m22-part3-route-writer/node_modules/express/lib/router/index.js:326:13)
      at ../m22-part3-route-writer/node_modules/express/lib/router/index.js:286:9
      at router.process_params (../m22-part3-route-writer/node_modules/express/lib/router/index.js:346:12)
      at next (../m22-part3-route-writer/node_modules/express/lib/router/index.js:280:10)
      at Layer.handle_error (../m22-part3-route-writer/node_modules/express/lib/router/layer.js:67:12)
      at trim_prefix (../m22-part3-route-writer/node_modules/express/lib/router/index.js:326:13)
      at ../m22-part3-route-writer/node_modules/express/lib/router/index.js:286:9
      at router.process_params (../m22-part3-route-writer/node_modules/express/lib/router/index.js:346:12)
      at next (../m22-part3-route-writer/node_modules/express/lib/router/index.js:280:10)
      at Layer.handle_error (../m22-part3-route-writer/node_modules/express/lib/router/layer.js:67:12)
      at trim_prefix (../m22-part3-route-writer/node_modules/express/lib/router/index.js:326:13)
      at ../m22-part3-route-writer/node_modules/express/lib/router/index.js:286:9
      at router.process_params (../m22-part3-route-writer/node_modules/express/lib/router/index.js:346:12)
      at next (../m22-part3-route-writer/node_modules/express/lib/router/index.js:280:10)
      at Layer.handle_error (../m22-part3-route-writer/node_modules/express/lib/router/layer.js:67:12)
      at trim_prefix (../m22-part3-route-writer/node_modules/express/lib/router/index.js:326:13)
      at ../m22-part3-route-writer/node_modules/express/lib/router/index.js:286:9
      at router.process_params (../m22-part3-route-writer/node_modules/express/lib/router/index.js:346:12)
      at next (../m22-part3-route-writer/node_modules/express/lib/router/index.js:280:10)
      at Layer.handle_error (../m22-part3-route-writer/node_modules/express/lib/router/layer.js:67:12)
      at trim_prefix (../m22-part3-route-writer/node_modules/express/lib/router/index.js:326:13)
      at ../m22-part3-route-writer/node_modules/express/lib/router/index.js:286:9
      at router.process_params (../m22-part3-route-writer/node_modules/express/lib/router/index.js:346:12)
      at next (../m22-part3-route-writer/node_modules/express/lib/router/index.js:280:10)
      at next (src/scheduling/recommendationHttpBoundary.js:241:25)
      at onfinished (../m22-part3-route-writer/node_modules/body-parser/lib/read.js:102:9)
      at listener (../m22-part3-route-writer/node_modules/on-finished/index.js:170:15)
      at onFinish (../m22-part3-route-writer/node_modules/on-finished/index.js:101:5)
      at callback (../m22-part3-route-writer/node_modules/ee-first/index.js:55:10)
      at IncomingMessage.onevent (../m22-part3-route-writer/node_modules/ee-first/index.js:93:5)

  console.error
    {
      component: 'http',
      event: 'request_failed',
      requestId: '627cabd3-3e9f-43a5-b6c6-22ae36614e04',
      methodClass: 'POST',
      statusCode: 400
    }

      176 |     ...safeFields(fields),
      177 |   };
    > 178 |   console[level](record);
          |                 ^
      179 |   return record;
      180 | }
      181 |

      at write (src/observability/safeLogger.js:178:17)
      at Object.write (src/observability/safeLogger.js:191:10)
      at error (src/middleware/errorHandler.js:22:14)
      at Layer.handle_error (../m22-part3-route-writer/node_modules/express/lib/router/layer.js:71:5)
      at trim_prefix (../m22-part3-route-writer/node_modules/express/lib/router/index.js:326:13)
      at ../m22-part3-route-writer/node_modules/express/lib/router/index.js:286:9
      at router.process_params (../m22-part3-route-writer/node_modules/express/lib/router/index.js:346:12)
      at next (../m22-part3-route-writer/node_modules/express/lib/router/index.js:280:10)
      at Layer.handle_error (../m22-part3-route-writer/node_modules/express/lib/router/layer.js:67:12)
      at trim_prefix (../m22-part3-route-writer/node_modules/express/lib/router/index.js:326:13)
      at ../m22-part3-route-writer/node_modules/express/lib/router/index.js:286:9
      at router.process_params (../m22-part3-route-writer/node_modules/express/lib/router/index.js:346:12)
      at next (../m22-part3-route-writer/node_modules/express/lib/router/index.js:280:10)
      at Layer.handle_error (../m22-part3-route-writer/node_modules/express/lib/router/layer.js:67:12)
      at trim_prefix (../m22-part3-route-writer/node_modules/express/lib/router/index.js:326:13)
      at ../m22-part3-route-writer/node_modules/express/lib/router/index.js:286:9
      at router.process_params (../m22-part3-route-writer/node_modules/express/lib/router/index.js:346:12)
      at next (../m22-part3-route-writer/node_modules/express/lib/router/index.js:280:10)
      at Layer.handle_error (../m22-part3-route-writer/node_modules/express/lib/router/layer.js:67:12)
      at trim_prefix (../m22-part3-route-writer/node_modules/express/lib/router/index.js:326:13)
      at ../m22-part3-route-writer/node_modules/express/lib/router/index.js:286:9
      at router.process_params (../m22-part3-route-writer/node_modules/express/lib/router/index.js:346:12)
      at next (../m22-part3-route-writer/node_modules/express/lib/router/index.js:280:10)
      at Layer.handle_error (../m22-part3-route-writer/node_modules/express/lib/router/layer.js:67:12)
      at trim_prefix (../m22-part3-route-writer/node_modules/express/lib/router/index.js:326:13)
      at ../m22-part3-route-writer/node_modules/express/lib/router/index.js:286:9
      at router.process_params (../m22-part3-route-writer/node_modules/express/lib/router/index.js:346:12)
      at next (../m22-part3-route-writer/node_modules/express/lib/router/index.js:280:10)
      at Layer.handle_error (../m22-part3-route-writer/node_modules/express/lib/router/layer.js:67:12)
      at trim_prefix (../m22-part3-route-writer/node_modules/express/lib/router/index.js:326:13)
      at ../m22-part3-route-writer/node_modules/express/lib/router/index.js:286:9
      at router.process_params (../m22-part3-route-writer/node_modules/express/lib/router/index.js:346:12)
      at next (../m22-part3-route-writer/node_modules/express/lib/router/index.js:280:10)
      at Layer.handle_error (../m22-part3-route-writer/node_modules/express/lib/router/layer.js:67:12)
      at trim_prefix (../m22-part3-route-writer/node_modules/express/lib/router/index.js:326:13)
      at ../m22-part3-route-writer/node_modules/express/lib/router/index.js:286:9
      at router.process_params (../m22-part3-route-writer/node_modules/express/lib/router/index.js:346:12)
      at next (../m22-part3-route-writer/node_modules/express/lib/router/index.js:280:10)
      at Layer.handle_error (../m22-part3-route-writer/node_modules/express/lib/router/layer.js:67:12)
      at trim_prefix (../m22-part3-route-writer/node_modules/express/lib/router/index.js:326:13)
      at ../m22-part3-route-writer/node_modules/express/lib/router/index.js:286:9
      at router.process_params (../m22-part3-route-writer/node_modules/express/lib/router/index.js:346:12)
      at next (../m22-part3-route-writer/node_modules/express/lib/router/index.js:280:10)
      at Layer.handle_error (../m22-part3-route-writer/node_modules/express/lib/router/layer.js:67:12)
      at trim_prefix (../m22-part3-route-writer/node_modules/express/lib/router/index.js:326:13)
      at ../m22-part3-route-writer/node_modules/express/lib/router/index.js:286:9
      at router.process_params (../m22-part3-route-writer/node_modules/express/lib/router/index.js:346:12)
      at next (../m22-part3-route-writer/node_modules/express/lib/router/index.js:280:10)
      at Layer.handle_error (../m22-part3-route-writer/node_modules/express/lib/router/layer.js:67:12)
      at trim_prefix (../m22-part3-route-writer/node_modules/express/lib/router/index.js:326:13)
      at ../m22-part3-route-writer/node_modules/express/lib/router/index.js:286:9
      at router.process_params (../m22-part3-route-writer/node_modules/express/lib/router/index.js:346:12)
      at next (../m22-part3-route-writer/node_modules/express/lib/router/index.js:280:10)
      at Layer.handle_error (../m22-part3-route-writer/node_modules/express/lib/router/layer.js:67:12)
      at trim_prefix (../m22-part3-route-writer/node_modules/express/lib/router/index.js:326:13)
      at ../m22-part3-route-writer/node_modules/express/lib/router/index.js:286:9
      at router.process_params (../m22-part3-route-writer/node_modules/express/lib/router/index.js:346:12)
      at next (../m22-part3-route-writer/node_modules/express/lib/router/index.js:280:10)
      at Layer.handle_error (../m22-part3-route-writer/node_modules/express/lib/router/layer.js:67:12)
      at trim_prefix (../m22-part3-route-writer/node_modules/express/lib/router/index.js:326:13)
      at ../m22-part3-route-writer/node_modules/express/lib/router/index.js:286:9
      at router.process_params (../m22-part3-route-writer/node_modules/express/lib/router/index.js:346:12)
      at next (../m22-part3-route-writer/node_modules/express/lib/router/index.js:280:10)
      at Layer.handle_error (../m22-part3-route-writer/node_modules/express/lib/router/layer.js:67:12)
      at trim_prefix (../m22-part3-route-writer/node_modules/express/lib/router/index.js:326:13)
      at ../m22-part3-route-writer/node_modules/express/lib/router/index.js:286:9
      at router.process_params (../m22-part3-route-writer/node_modules/express/lib/router/index.js:346:12)
      at next (../m22-part3-route-writer/node_modules/express/lib/router/index.js:280:10)
      at Layer.handle_error (../m22-part3-route-writer/node_modules/express/lib/router/layer.js:67:12)
      at trim_prefix (../m22-part3-route-writer/node_modules/express/lib/router/index.js:326:13)
      at ../m22-part3-route-writer/node_modules/express/lib/router/index.js:286:9
      at router.process_params (../m22-part3-route-writer/node_modules/express/lib/router/index.js:346:12)
      at next (../m22-part3-route-writer/node_modules/express/lib/router/index.js:280:10)
      at next (src/scheduling/recommendationHttpBoundary.js:255:16)
      at ../m22-part3-route-writer/node_modules/body-parser/lib/read.js:137:5
      at invokeCallback (../m22-part3-route-writer/node_modules/raw-body/index.js:238:16)
      at done (../m22-part3-route-writer/node_modules/raw-body/index.js:227:7)
      at IncomingMessage.onEnd (../m22-part3-route-writer/node_modules/raw-body/index.js:287:7)

  console.error
    {
      component: 'http',
      event: 'request_failed',
      requestId: '7c1deceb-848f-4f6c-8f7f-f967f0a1be86',
      methodClass: 'POST',
      statusCode: 400
    }

      176 |     ...safeFields(fields),
      177 |   };
    > 178 |   console[level](record);
          |                 ^
      179 |   return record;
      180 | }
      181 |

      at write (src/observability/safeLogger.js:178:17)
      at Object.write (src/observability/safeLogger.js:191:10)
      at error (src/middleware/errorHandler.js:22:14)
      at Layer.handle_error (../m22-part3-route-writer/node_modules/express/lib/router/layer.js:71:5)
      at trim_prefix (../m22-part3-route-writer/node_modules/express/lib/router/index.js:326:13)
      at ../m22-part3-route-writer/node_modules/express/lib/router/index.js:286:9
      at router.process_params (../m22-part3-route-writer/node_modules/express/lib/router/index.js:346:12)
      at next (../m22-part3-route-writer/node_modules/express/lib/router/index.js:280:10)
      at Layer.handle_error (../m22-part3-route-writer/node_modules/express/lib/router/layer.js:67:12)
      at trim_prefix (../m22-part3-route-writer/node_modules/express/lib/router/index.js:326:13)
      at ../m22-part3-route-writer/node_modules/express/lib/router/index.js:286:9
      at router.process_params (../m22-part3-route-writer/node_modules/express/lib/router/index.js:346:12)
      at next (../m22-part3-route-writer/node_modules/express/lib/router/index.js:280:10)
      at Layer.handle_error (../m22-part3-route-writer/node_modules/express/lib/router/layer.js:67:12)
      at trim_prefix (../m22-part3-route-writer/node_modules/express/lib/router/index.js:326:13)
      at ../m22-part3-route-writer/node_modules/express/lib/router/index.js:286:9
      at router.process_params (../m22-part3-route-writer/node_modules/express/lib/router/index.js:346:12)
      at next (../m22-part3-route-writer/node_modules/express/lib/router/index.js:280:10)
      at Layer.handle_error (../m22-part3-route-writer/node_modules/express/lib/router/layer.js:67:12)
      at trim_prefix (../m22-part3-route-writer/node_modules/express/lib/router/index.js:326:13)
      at ../m22-part3-route-writer/node_modules/express/lib/router/index.js:286:9
      at router.process_params (../m22-part3-route-writer/node_modules/express/lib/router/index.js:346:12)
      at next (../m22-part3-route-writer/node_modules/express/lib/router/index.js:280:10)
      at Layer.handle_error (../m22-part3-route-writer/node_modules/express/lib/router/layer.js:67:12)
      at trim_prefix (../m22-part3-route-writer/node_modules/express/lib/router/index.js:326:13)
      at ../m22-part3-route-writer/node_modules/express/lib/router/index.js:286:9
      at router.process_params (../m22-part3-route-writer/node_modules/express/lib/router/index.js:346:12)
      at next (../m22-part3-route-writer/node_modules/express/lib/router/index.js:280:10)
      at Layer.handle_error (../m22-part3-route-writer/node_modules/express/lib/router/layer.js:67:12)
      at trim_prefix (../m22-part3-route-writer/node_modules/express/lib/router/index.js:326:13)
      at ../m22-part3-route-writer/node_modules/express/lib/router/index.js:286:9
      at router.process_params (../m22-part3-route-writer/node_modules/express/lib/router/index.js:346:12)
      at next (../m22-part3-route-writer/node_modules/express/lib/router/index.js:280:10)
      at Layer.handle_error (../m22-part3-route-writer/node_modules/express/lib/router/layer.js:67:12)
      at trim_prefix (../m22-part3-route-writer/node_modules/express/lib/router/index.js:326:13)
      at ../m22-part3-route-writer/node_modules/express/lib/router/index.js:286:9
      at router.process_params (../m22-part3-route-writer/node_modules/express/lib/router/index.js:346:12)
      at next (../m22-part3-route-writer/node_modules/express/lib/router/index.js:280:10)
      at Layer.handle_error (../m22-part3-route-writer/node_modules/express/lib/router/layer.js:67:12)
      at trim_prefix (../m22-part3-route-writer/node_modules/express/lib/router/index.js:326:13)
      at ../m22-part3-route-writer/node_modules/express/lib/router/index.js:286:9
      at router.process_params (../m22-part3-route-writer/node_modules/express/lib/router/index.js:346:12)
      at next (../m22-part3-route-writer/node_modules/express/lib/router/index.js:280:10)
      at Layer.handle_error (../m22-part3-route-writer/node_modules/express/lib/router/layer.js:67:12)
      at trim_prefix (../m22-part3-route-writer/node_modules/express/lib/router/index.js:326:13)
      at ../m22-part3-route-writer/node_modules/express/lib/router/index.js:286:9
      at router.process_params (../m22-part3-route-writer/node_modules/express/lib/router/index.js:346:12)
      at next (../m22-part3-route-writer/node_modules/express/lib/router/index.js:280:10)
      at Layer.handle_error (../m22-part3-route-writer/node_modules/express/lib/router/layer.js:67:12)
      at trim_prefix (../m22-part3-route-writer/node_modules/express/lib/router/index.js:326:13)
      at ../m22-part3-route-writer/node_modules/express/lib/router/index.js:286:9
      at router.process_params (../m22-part3-route-writer/node_modules/express/lib/router/index.js:346:12)
      at next (../m22-part3-route-writer/node_modules/express/lib/router/index.js:280:10)
      at Layer.handle_error (../m22-part3-route-writer/node_modules/express/lib/router/layer.js:67:12)
      at trim_prefix (../m22-part3-route-writer/node_modules/express/lib/router/index.js:326:13)
      at ../m22-part3-route-writer/node_modules/express/lib/router/index.js:286:9
      at router.process_params (../m22-part3-route-writer/node_modules/express/lib/router/index.js:346:12)
      at next (../m22-part3-route-writer/node_modules/express/lib/router/index.js:280:10)
      at Layer.handle_error (../m22-part3-route-writer/node_modules/express/lib/router/layer.js:67:12)
      at trim_prefix (../m22-part3-route-writer/node_modules/express/lib/router/index.js:326:13)
      at ../m22-part3-route-writer/node_modules/express/lib/router/index.js:286:9
      at router.process_params (../m22-part3-route-writer/node_modules/express/lib/router/index.js:346:12)
      at next (../m22-part3-route-writer/node_modules/express/lib/router/index.js:280:10)
      at Layer.handle_error (../m22-part3-route-writer/node_modules/express/lib/router/layer.js:67:12)
      at trim_prefix (../m22-part3-route-writer/node_modules/express/lib/router/index.js:326:13)
      at ../m22-part3-route-writer/node_modules/express/lib/router/index.js:286:9
      at router.process_params (../m22-part3-route-writer/node_modules/express/lib/router/index.js:346:12)
      at next (../m22-part3-route-writer/node_modules/express/lib/router/index.js:280:10)
      at Layer.handle_error (../m22-part3-route-writer/node_modules/express/lib/router/layer.js:67:12)
      at trim_prefix (../m22-part3-route-writer/node_modules/express/lib/router/index.js:326:13)
      at ../m22-part3-route-writer/node_modules/express/lib/router/index.js:286:9
      at router.process_params (../m22-part3-route-writer/node_modules/express/lib/router/index.js:346:12)
      at next (../m22-part3-route-writer/node_modules/express/lib/router/index.js:280:10)
      at next (src/scheduling/recommendationHttpBoundary.js:255:16)
      at ../m22-part3-route-writer/node_modules/body-parser/lib/read.js:137:5
      at invokeCallback (../m22-part3-route-writer/node_modules/raw-body/index.js:238:16)
      at done (../m22-part3-route-writer/node_modules/raw-body/index.js:227:7)
      at IncomingMessage.onEnd (../m22-part3-route-writer/node_modules/raw-body/index.js:287:7)

  console.error
    {
      component: 'http',
      event: 'request_failed',
      requestId: 'db7ee9c0-7336-4e81-bc0f-b412b6ebffea',
      methodClass: 'POST',
      statusCode: 400
    }

      176 |     ...safeFields(fields),
      177 |   };
    > 178 |   console[level](record);
          |                 ^
      179 |   return record;
      180 | }
      181 |

      at write (src/observability/safeLogger.js:178:17)
      at Object.write (src/observability/safeLogger.js:191:10)
      at error (src/middleware/errorHandler.js:22:14)
      at Layer.handle_error (../m22-part3-route-writer/node_modules/express/lib/router/layer.js:71:5)
      at trim_prefix (../m22-part3-route-writer/node_modules/express/lib/router/index.js:326:13)
      at ../m22-part3-route-writer/node_modules/express/lib/router/index.js:286:9
      at router.process_params (../m22-part3-route-writer/node_modules/express/lib/router/index.js:346:12)
      at next (../m22-part3-route-writer/node_modules/express/lib/router/index.js:280:10)
      at Layer.handle_error (../m22-part3-route-writer/node_modules/express/lib/router/layer.js:67:12)
      at trim_prefix (../m22-part3-route-writer/node_modules/express/lib/router/index.js:326:13)
      at ../m22-part3-route-writer/node_modules/express/lib/router/index.js:286:9
      at router.process_params (../m22-part3-route-writer/node_modules/express/lib/router/index.js:346:12)
      at next (../m22-part3-route-writer/node_modules/express/lib/router/index.js:280:10)
      at Layer.handle_error (../m22-part3-route-writer/node_modules/express/lib/router/layer.js:67:12)
      at trim_prefix (../m22-part3-route-writer/node_modules/express/lib/router/index.js:326:13)
      at ../m22-part3-route-writer/node_modules/express/lib/router/index.js:286:9
      at router.process_params (../m22-part3-route-writer/node_modules/express/lib/router/index.js:346:12)
      at next (../m22-part3-route-writer/node_modules/express/lib/router/index.js:280:10)
      at Layer.handle_error (../m22-part3-route-writer/node_modules/express/lib/router/layer.js:67:12)
      at trim_prefix (../m22-part3-route-writer/node_modules/express/lib/router/index.js:326:13)
      at ../m22-part3-route-writer/node_modules/express/lib/router/index.js:286:9
      at router.process_params (../m22-part3-route-writer/node_modules/express/lib/router/index.js:346:12)
      at next (../m22-part3-route-writer/node_modules/express/lib/router/index.js:280:10)
      at Layer.handle_error (../m22-part3-route-writer/node_modules/express/lib/router/layer.js:67:12)
      at trim_prefix (../m22-part3-route-writer/node_modules/express/lib/router/index.js:326:13)
      at ../m22-part3-route-writer/node_modules/express/lib/router/index.js:286:9
      at router.process_params (../m22-part3-route-writer/node_modules/express/lib/router/index.js:346:12)
      at next (../m22-part3-route-writer/node_modules/express/lib/router/index.js:280:10)
      at Layer.handle_error (../m22-part3-route-writer/node_modules/express/lib/router/layer.js:67:12)
      at trim_prefix (../m22-part3-route-writer/node_modules/express/lib/router/index.js:326:13)
      at ../m22-part3-route-writer/node_modules/express/lib/router/index.js:286:9
      at router.process_params (../m22-part3-route-writer/node_modules/express/lib/router/index.js:346:12)
      at next (../m22-part3-route-writer/node_modules/express/lib/router/index.js:280:10)
      at Layer.handle_error (../m22-part3-route-writer/node_modules/express/lib/router/layer.js:67:12)
      at trim_prefix (../m22-part3-route-writer/node_modules/express/lib/router/index.js:326:13)
      at ../m22-part3-route-writer/node_modules/express/lib/router/index.js:286:9
      at router.process_params (../m22-part3-route-writer/node_modules/express/lib/router/index.js:346:12)
      at next (../m22-part3-route-writer/node_modules/express/lib/router/index.js:280:10)
      at Layer.handle_error (../m22-part3-route-writer/node_modules/express/lib/router/layer.js:67:12)
      at trim_prefix (../m22-part3-route-writer/node_modules/express/lib/router/index.js:326:13)
      at ../m22-part3-route-writer/node_modules/express/lib/router/index.js:286:9
      at router.process_params (../m22-part3-route-writer/node_modules/express/lib/router/index.js:346:12)
      at next (../m22-part3-route-writer/node_modules/express/lib/router/index.js:280:10)
      at Layer.handle_error (../m22-part3-route-writer/node_modules/express/lib/router/layer.js:67:12)
      at trim_prefix (../m22-part3-route-writer/node_modules/express/lib/router/index.js:326:13)
      at ../m22-part3-route-writer/node_modules/express/lib/router/index.js:286:9
      at router.process_params (../m22-part3-route-writer/node_modules/express/lib/router/index.js:346:12)
      at next (../m22-part3-route-writer/node_modules/express/lib/router/index.js:280:10)
      at Layer.handle_error (../m22-part3-route-writer/node_modules/express/lib/router/layer.js:67:12)
      at trim_prefix (../m22-part3-route-writer/node_modules/express/lib/router/index.js:326:13)
      at ../m22-part3-route-writer/node_modules/express/lib/router/index.js:286:9
      at router.process_params (../m22-part3-route-writer/node_modules/express/lib/router/index.js:346:12)
      at next (../m22-part3-route-writer/node_modules/express/lib/router/index.js:280:10)
      at Layer.handle_error (../m22-part3-route-writer/node_modules/express/lib/router/layer.js:67:12)
      at trim_prefix (../m22-part3-route-writer/node_modules/express/lib/router/index.js:326:13)
      at ../m22-part3-route-writer/node_modules/express/lib/router/index.js:286:9
      at router.process_params (../m22-part3-route-writer/node_modules/express/lib/router/index.js:346:12)
      at next (../m22-part3-route-writer/node_modules/express/lib/router/index.js:280:10)
      at Layer.handle_error (../m22-part3-route-writer/node_modules/express/lib/router/layer.js:67:12)
      at trim_prefix (../m22-part3-route-writer/node_modules/express/lib/router/index.js:326:13)
      at ../m22-part3-route-writer/node_modules/express/lib/router/index.js:286:9
      at router.process_params (../m22-part3-route-writer/node_modules/express/lib/router/index.js:346:12)
      at next (../m22-part3-route-writer/node_modules/express/lib/router/index.js:280:10)
      at Layer.handle_error (../m22-part3-route-writer/node_modules/express/lib/router/layer.js:67:12)
      at trim_prefix (../m22-part3-route-writer/node_modules/express/lib/router/index.js:326:13)
      at ../m22-part3-route-writer/node_modules/express/lib/router/index.js:286:9
      at router.process_params (../m22-part3-route-writer/node_modules/express/lib/router/index.js:346:12)
      at next (../m22-part3-route-writer/node_modules/express/lib/router/index.js:280:10)
      at Layer.handle_error (../m22-part3-route-writer/node_modules/express/lib/router/layer.js:67:12)
      at trim_prefix (../m22-part3-route-writer/node_modules/express/lib/router/index.js:326:13)
      at ../m22-part3-route-writer/node_modules/express/lib/router/index.js:286:9
      at router.process_params (../m22-part3-route-writer/node_modules/express/lib/router/index.js:346:12)
      at next (../m22-part3-route-writer/node_modules/express/lib/router/index.js:280:10)
      at next (src/scheduling/recommendationHttpBoundary.js:255:16)
      at ../m22-part3-route-writer/node_modules/body-parser/lib/read.js:137:5
      at invokeCallback (../m22-part3-route-writer/node_modules/raw-body/index.js:238:16)
      at done (../m22-part3-route-writer/node_modules/raw-body/index.js:227:7)
      at IncomingMessage.onEnd (../m22-part3-route-writer/node_modules/raw-body/index.js:287:7)

  console.error
    {
      component: 'http',
      event: 'request_failed',
      requestId: '193a272c-44ba-468e-bb89-771f467d9a90',
      methodClass: 'POST',
      statusCode: 400
    }

      176 |     ...safeFields(fields),
      177 |   };
    > 178 |   console[level](record);
          |                 ^
      179 |   return record;
      180 | }
      181 |

      at write (src/observability/safeLogger.js:178:17)
      at Object.write (src/observability/safeLogger.js:191:10)
      at error (src/middleware/errorHandler.js:22:14)
      at Layer.handle_error (../m22-part3-route-writer/node_modules/express/lib/router/layer.js:71:5)
      at trim_prefix (../m22-part3-route-writer/node_modules/express/lib/router/index.js:326:13)
      at ../m22-part3-route-writer/node_modules/express/lib/router/index.js:286:9
      at router.process_params (../m22-part3-route-writer/node_modules/express/lib/router/index.js:346:12)
      at next (../m22-part3-route-writer/node_modules/express/lib/router/index.js:280:10)
      at Layer.handle_error (../m22-part3-route-writer/node_modules/express/lib/router/layer.js:67:12)
      at trim_prefix (../m22-part3-route-writer/node_modules/express/lib/router/index.js:326:13)
      at ../m22-part3-route-writer/node_modules/express/lib/router/index.js:286:9
      at router.process_params (../m22-part3-route-writer/node_modules/express/lib/router/index.js:346:12)
      at next (../m22-part3-route-writer/node_modules/express/lib/router/index.js:280:10)
      at Layer.handle_error (../m22-part3-route-writer/node_modules/express/lib/router/layer.js:67:12)
      at trim_prefix (../m22-part3-route-writer/node_modules/express/lib/router/index.js:326:13)
      at ../m22-part3-route-writer/node_modules/express/lib/router/index.js:286:9
      at router.process_params (../m22-part3-route-writer/node_modules/express/lib/router/index.js:346:12)
      at next (../m22-part3-route-writer/node_modules/express/lib/router/index.js:280:10)
      at Layer.handle_error (../m22-part3-route-writer/node_modules/express/lib/router/layer.js:67:12)
      at trim_prefix (../m22-part3-route-writer/node_modules/express/lib/router/index.js:326:13)
      at ../m22-part3-route-writer/node_modules/express/lib/router/index.js:286:9
      at router.process_params (../m22-part3-route-writer/node_modules/express/lib/router/index.js:346:12)
      at next (../m22-part3-route-writer/node_modules/express/lib/router/index.js:280:10)
      at Layer.handle_error (../m22-part3-route-writer/node_modules/express/lib/router/layer.js:67:12)
      at trim_prefix (../m22-part3-route-writer/node_modules/express/lib/router/index.js:326:13)
      at ../m22-part3-route-writer/node_modules/express/lib/router/index.js:286:9
      at router.process_params (../m22-part3-route-writer/node_modules/express/lib/router/index.js:346:12)
      at next (../m22-part3-route-writer/node_modules/express/lib/router/index.js:280:10)
      at Layer.handle_error (../m22-part3-route-writer/node_modules/express/lib/router/layer.js:67:12)
      at trim_prefix (../m22-part3-route-writer/node_modules/express/lib/router/index.js:326:13)
      at ../m22-part3-route-writer/node_modules/express/lib/router/index.js:286:9
      at router.process_params (../m22-part3-route-writer/node_modules/express/lib/router/index.js:346:12)
      at next (../m22-part3-route-writer/node_modules/express/lib/router/index.js:280:10)
      at Layer.handle_error (../m22-part3-route-writer/node_modules/express/lib/router/layer.js:67:12)
      at trim_prefix (../m22-part3-route-writer/node_modules/express/lib/router/index.js:326:13)
      at ../m22-part3-route-writer/node_modules/express/lib/router/index.js:286:9
      at router.process_params (../m22-part3-route-writer/node_modules/express/lib/router/index.js:346:12)
      at next (../m22-part3-route-writer/node_modules/express/lib/router/index.js:280:10)
      at Layer.handle_error (../m22-part3-route-writer/node_modules/express/lib/router/layer.js:67:12)
      at trim_prefix (../m22-part3-route-writer/node_modules/express/lib/router/index.js:326:13)
      at ../m22-part3-route-writer/node_modules/express/lib/router/index.js:286:9
      at router.process_params (../m22-part3-route-writer/node_modules/express/lib/router/index.js:346:12)
      at next (../m22-part3-route-writer/node_modules/express/lib/router/index.js:280:10)
      at Layer.handle_error (../m22-part3-route-writer/node_modules/express/lib/router/layer.js:67:12)
      at trim_prefix (../m22-part3-route-writer/node_modules/express/lib/router/index.js:326:13)
      at ../m22-part3-route-writer/node_modules/express/lib/router/index.js:286:9
      at router.process_params (../m22-part3-route-writer/node_modules/express/lib/router/index.js:346:12)
      at next (../m22-part3-route-writer/node_modules/express/lib/router/index.js:280:10)
      at Layer.handle_error (../m22-part3-route-writer/node_modules/express/lib/router/layer.js:67:12)
      at trim_prefix (../m22-part3-route-writer/node_modules/express/lib/router/index.js:326:13)
      at ../m22-part3-route-writer/node_modules/express/lib/router/index.js:286:9
      at router.process_params (../m22-part3-route-writer/node_modules/express/lib/router/index.js:346:12)
      at next (../m22-part3-route-writer/node_modules/express/lib/router/index.js:280:10)
      at Layer.handle_error (../m22-part3-route-writer/node_modules/express/lib/router/layer.js:67:12)
      at trim_prefix (../m22-part3-route-writer/node_modules/express/lib/router/index.js:326:13)
      at ../m22-part3-route-writer/node_modules/express/lib/router/index.js:286:9
      at router.process_params (../m22-part3-route-writer/node_modules/express/lib/router/index.js:346:12)
      at next (../m22-part3-route-writer/node_modules/express/lib/router/index.js:280:10)
      at Layer.handle_error (../m22-part3-route-writer/node_modules/express/lib/router/layer.js:67:12)
      at trim_prefix (../m22-part3-route-writer/node_modules/express/lib/router/index.js:326:13)
      at ../m22-part3-route-writer/node_modules/express/lib/router/index.js:286:9
      at router.process_params (../m22-part3-route-writer/node_modules/express/lib/router/index.js:346:12)
      at next (../m22-part3-route-writer/node_modules/express/lib/router/index.js:280:10)
      at Layer.handle_error (../m22-part3-route-writer/node_modules/express/lib/router/layer.js:67:12)
      at trim_prefix (../m22-part3-route-writer/node_modules/express/lib/router/index.js:326:13)
      at ../m22-part3-route-writer/node_modules/express/lib/router/index.js:286:9
      at router.process_params (../m22-part3-route-writer/node_modules/express/lib/router/index.js:346:12)
      at next (../m22-part3-route-writer/node_modules/express/lib/router/index.js:280:10)
      at Layer.handle_error (../m22-part3-route-writer/node_modules/express/lib/router/layer.js:67:12)
      at trim_prefix (../m22-part3-route-writer/node_modules/express/lib/router/index.js:326:13)
      at ../m22-part3-route-writer/node_modules/express/lib/router/index.js:286:9
      at router.process_params (../m22-part3-route-writer/node_modules/express/lib/router/index.js:346:12)
      at next (../m22-part3-route-writer/node_modules/express/lib/router/index.js:280:10)
      at next (src/scheduling/recommendationHttpBoundary.js:255:16)
      at ../m22-part3-route-writer/node_modules/body-parser/lib/read.js:137:5
      at invokeCallback (../m22-part3-route-writer/node_modules/raw-body/index.js:238:16)
      at done (../m22-part3-route-writer/node_modules/raw-body/index.js:227:7)
      at IncomingMessage.onEnd (../m22-part3-route-writer/node_modules/raw-body/index.js:287:7)

  console.error
    {
      component: 'http',
      event: 'request_failed',
      requestId: '4184ff80-8b6e-4d46-8029-fd80e6d97f7b',
      methodClass: 'POST',
      statusCode: 400
    }

      176 |     ...safeFields(fields),
      177 |   };
    > 178 |   console[level](record);
          |                 ^
      179 |   return record;
      180 | }
      181 |

      at write (src/observability/safeLogger.js:178:17)
      at Object.write (src/observability/safeLogger.js:191:10)
      at error (src/middleware/errorHandler.js:22:14)
      at Layer.handle_error (../m22-part3-route-writer/node_modules/express/lib/router/layer.js:71:5)
      at trim_prefix (../m22-part3-route-writer/node_modules/express/lib/router/index.js:326:13)
      at ../m22-part3-route-writer/node_modules/express/lib/router/index.js:286:9
      at router.process_params (../m22-part3-route-writer/node_modules/express/lib/router/index.js:346:12)
      at next (../m22-part3-route-writer/node_modules/express/lib/router/index.js:280:10)
      at Layer.handle_error (../m22-part3-route-writer/node_modules/express/lib/router/layer.js:67:12)
      at trim_prefix (../m22-part3-route-writer/node_modules/express/lib/router/index.js:326:13)
      at ../m22-part3-route-writer/node_modules/express/lib/router/index.js:286:9
      at router.process_params (../m22-part3-route-writer/node_modules/express/lib/router/index.js:346:12)
      at next (../m22-part3-route-writer/node_modules/express/lib/router/index.js:280:10)
      at Layer.handle_error (../m22-part3-route-writer/node_modules/express/lib/router/layer.js:67:12)
      at trim_prefix (../m22-part3-route-writer/node_modules/express/lib/router/index.js:326:13)
      at ../m22-part3-route-writer/node_modules/express/lib/router/index.js:286:9
      at router.process_params (../m22-part3-route-writer/node_modules/express/lib/router/index.js:346:12)
      at next (../m22-part3-route-writer/node_modules/express/lib/router/index.js:280:10)
      at Layer.handle_error (../m22-part3-route-writer/node_modules/express/lib/router/layer.js:67:12)
      at trim_prefix (../m22-part3-route-writer/node_modules/express/lib/router/index.js:326:13)
      at ../m22-part3-route-writer/node_modules/express/lib/router/index.js:286:9
      at router.process_params (../m22-part3-route-writer/node_modules/express/lib/router/index.js:346:12)
      at next (../m22-part3-route-writer/node_modules/express/lib/router/index.js:280:10)
      at Layer.handle_error (../m22-part3-route-writer/node_modules/express/lib/router/layer.js:67:12)
      at trim_prefix (../m22-part3-route-writer/node_modules/express/lib/router/index.js:326:13)
      at ../m22-part3-route-writer/node_modules/express/lib/router/index.js:286:9
      at router.process_params (../m22-part3-route-writer/node_modules/express/lib/router/index.js:346:12)
      at next (../m22-part3-route-writer/node_modules/express/lib/router/index.js:280:10)
      at Layer.handle_error (../m22-part3-route-writer/node_modules/express/lib/router/layer.js:67:12)
      at trim_prefix (../m22-part3-route-writer/node_modules/express/lib/router/index.js:326:13)
      at ../m22-part3-route-writer/node_modules/express/lib/router/index.js:286:9
      at router.process_params (../m22-part3-route-writer/node_modules/express/lib/router/index.js:346:12)
      at next (../m22-part3-route-writer/node_modules/express/lib/router/index.js:280:10)
      at Layer.handle_error (../m22-part3-route-writer/node_modules/express/lib/router/layer.js:67:12)
      at trim_prefix (../m22-part3-route-writer/node_modules/express/lib/router/index.js:326:13)
      at ../m22-part3-route-writer/node_modules/express/lib/router/index.js:286:9
      at router.process_params (../m22-part3-route-writer/node_modules/express/lib/router/index.js:346:12)
      at next (../m22-part3-route-writer/node_modules/express/lib/router/index.js:280:10)
      at Layer.handle_error (../m22-part3-route-writer/node_modules/express/lib/router/layer.js:67:12)
      at trim_prefix (../m22-part3-route-writer/node_modules/express/lib/router/index.js:326:13)
      at ../m22-part3-route-writer/node_modules/express/lib/router/index.js:286:9
      at router.process_params (../m22-part3-route-writer/node_modules/express/lib/router/index.js:346:12)
      at next (../m22-part3-route-writer/node_modules/express/lib/router/index.js:280:10)
      at Layer.handle_error (../m22-part3-route-writer/node_modules/express/lib/router/layer.js:67:12)
      at trim_prefix (../m22-part3-route-writer/node_modules/express/lib/router/index.js:326:13)
      at ../m22-part3-route-writer/node_modules/express/lib/router/index.js:286:9
      at router.process_params (../m22-part3-route-writer/node_modules/express/lib/router/index.js:346:12)
      at next (../m22-part3-route-writer/node_modules/express/lib/router/index.js:280:10)
      at Layer.handle_error (../m22-part3-route-writer/node_modules/express/lib/router/layer.js:67:12)
      at trim_prefix (../m22-part3-route-writer/node_modules/express/lib/router/index.js:326:13)
      at ../m22-part3-route-writer/node_modules/express/lib/router/index.js:286:9
      at router.process_params (../m22-part3-route-writer/node_modules/express/lib/router/index.js:346:12)
      at next (../m22-part3-route-writer/node_modules/express/lib/router/index.js:280:10)
      at Layer.handle_error (../m22-part3-route-writer/node_modules/express/lib/router/layer.js:67:12)
      at trim_prefix (../m22-part3-route-writer/node_modules/express/lib/router/index.js:326:13)
      at ../m22-part3-route-writer/node_modules/express/lib/router/index.js:286:9
      at router.process_params (../m22-part3-route-writer/node_modules/express/lib/router/index.js:346:12)
      at next (../m22-part3-route-writer/node_modules/express/lib/router/index.js:280:10)
      at Layer.handle_error (../m22-part3-route-writer/node_modules/express/lib/router/layer.js:67:12)
      at trim_prefix (../m22-part3-route-writer/node_modules/express/lib/router/index.js:326:13)
      at ../m22-part3-route-writer/node_modules/express/lib/router/index.js:286:9
      at router.process_params (../m22-part3-route-writer/node_modules/express/lib/router/index.js:346:12)
      at next (../m22-part3-route-writer/node_modules/express/lib/router/index.js:280:10)
      at Layer.handle_error (../m22-part3-route-writer/node_modules/express/lib/router/layer.js:67:12)
      at trim_prefix (../m22-part3-route-writer/node_modules/express/lib/router/index.js:326:13)
      at ../m22-part3-route-writer/node_modules/express/lib/router/index.js:286:9
      at router.process_params (../m22-part3-route-writer/node_modules/express/lib/router/index.js:346:12)
      at next (../m22-part3-route-writer/node_modules/express/lib/router/index.js:280:10)
      at Layer.handle_error (../m22-part3-route-writer/node_modules/express/lib/router/layer.js:67:12)
      at trim_prefix (../m22-part3-route-writer/node_modules/express/lib/router/index.js:326:13)
      at ../m22-part3-route-writer/node_modules/express/lib/router/index.js:286:9
      at router.process_params (../m22-part3-route-writer/node_modules/express/lib/router/index.js:346:12)
      at next (../m22-part3-route-writer/node_modules/express/lib/router/index.js:280:10)
      at next (src/scheduling/recommendationHttpBoundary.js:255:16)
      at ../m22-part3-route-writer/node_modules/body-parser/lib/read.js:137:5
      at invokeCallback (../m22-part3-route-writer/node_modules/raw-body/index.js:238:16)
      at done (../m22-part3-route-writer/node_modules/raw-body/index.js:227:7)
      at IncomingMessage.onEnd (../m22-part3-route-writer/node_modules/raw-body/index.js:287:7)

  console.error
    {
      component: 'http',
      event: 'request_failed',
      requestId: '36a5aa93-f297-44e1-a5d0-df976c634905',
      methodClass: 'POST',
      statusCode: 400
    }

      176 |     ...safeFields(fields),
      177 |   };
    > 178 |   console[level](record);
          |                 ^
      179 |   return record;
      180 | }
      181 |

      at write (src/observability/safeLogger.js:178:17)
      at Object.write (src/observability/safeLogger.js:191:10)
      at error (src/middleware/errorHandler.js:22:14)
      at Layer.handle_error (../m22-part3-route-writer/node_modules/express/lib/router/layer.js:71:5)
      at trim_prefix (../m22-part3-route-writer/node_modules/express/lib/router/index.js:326:13)
      at ../m22-part3-route-writer/node_modules/express/lib/router/index.js:286:9
      at router.process_params (../m22-part3-route-writer/node_modules/express/lib/router/index.js:346:12)
      at next (../m22-part3-route-writer/node_modules/express/lib/router/index.js:280:10)
      at Layer.handle_error (../m22-part3-route-writer/node_modules/express/lib/router/layer.js:67:12)
      at trim_prefix (../m22-part3-route-writer/node_modules/express/lib/router/index.js:326:13)
      at ../m22-part3-route-writer/node_modules/express/lib/router/index.js:286:9
      at router.process_params (../m22-part3-route-writer/node_modules/express/lib/router/index.js:346:12)
      at next (../m22-part3-route-writer/node_modules/express/lib/router/index.js:280:10)
      at Layer.handle_error (../m22-part3-route-writer/node_modules/express/lib/router/layer.js:67:12)
      at trim_prefix (../m22-part3-route-writer/node_modules/express/lib/router/index.js:326:13)
      at ../m22-part3-route-writer/node_modules/express/lib/router/index.js:286:9
      at router.process_params (../m22-part3-route-writer/node_modules/express/lib/router/index.js:346:12)
      at next (../m22-part3-route-writer/node_modules/express/lib/router/index.js:280:10)
      at Layer.handle_error (../m22-part3-route-writer/node_modules/express/lib/router/layer.js:67:12)
      at trim_prefix (../m22-part3-route-writer/node_modules/express/lib/router/index.js:326:13)
      at ../m22-part3-route-writer/node_modules/express/lib/router/index.js:286:9
      at router.process_params (../m22-part3-route-writer/node_modules/express/lib/router/index.js:346:12)
      at next (../m22-part3-route-writer/node_modules/express/lib/router/index.js:280:10)
      at Layer.handle_error (../m22-part3-route-writer/node_modules/express/lib/router/layer.js:67:12)
      at trim_prefix (../m22-part3-route-writer/node_modules/express/lib/router/index.js:326:13)
      at ../m22-part3-route-writer/node_modules/express/lib/router/index.js:286:9
      at router.process_params (../m22-part3-route-writer/node_modules/express/lib/router/index.js:346:12)
      at next (../m22-part3-route-writer/node_modules/express/lib/router/index.js:280:10)
      at Layer.handle_error (../m22-part3-route-writer/node_modules/express/lib/router/layer.js:67:12)
      at trim_prefix (../m22-part3-route-writer/node_modules/express/lib/router/index.js:326:13)
      at ../m22-part3-route-writer/node_modules/express/lib/router/index.js:286:9
      at router.process_params (../m22-part3-route-writer/node_modules/express/lib/router/index.js:346:12)
      at next (../m22-part3-route-writer/node_modules/express/lib/router/index.js:280:10)
      at Layer.handle_error (../m22-part3-route-writer/node_modules/express/lib/router/layer.js:67:12)
      at trim_prefix (../m22-part3-route-writer/node_modules/express/lib/router/index.js:326:13)
      at ../m22-part3-route-writer/node_modules/express/lib/router/index.js:286:9
      at router.process_params (../m22-part3-route-writer/node_modules/express/lib/router/index.js:346:12)
      at next (../m22-part3-route-writer/node_modules/express/lib/router/index.js:280:10)
      at Layer.handle_error (../m22-part3-route-writer/node_modules/express/lib/router/layer.js:67:12)
      at trim_prefix (../m22-part3-route-writer/node_modules/express/lib/router/index.js:326:13)
      at ../m22-part3-route-writer/node_modules/express/lib/router/index.js:286:9
      at router.process_params (../m22-part3-route-writer/node_modules/express/lib/router/index.js:346:12)
      at next (../m22-part3-route-writer/node_modules/express/lib/router/index.js:280:10)
      at Layer.handle_error (../m22-part3-route-writer/node_modules/express/lib/router/layer.js:67:12)
      at trim_prefix (../m22-part3-route-writer/node_modules/express/lib/router/index.js:326:13)
      at ../m22-part3-route-writer/node_modules/express/lib/router/index.js:286:9
      at router.process_params (../m22-part3-route-writer/node_modules/express/lib/router/index.js:346:12)
      at next (../m22-part3-route-writer/node_modules/express/lib/router/index.js:280:10)
      at Layer.handle_error (../m22-part3-route-writer/node_modules/express/lib/router/layer.js:67:12)
      at trim_prefix (../m22-part3-route-writer/node_modules/express/lib/router/index.js:326:13)
      at ../m22-part3-route-writer/node_modules/express/lib/router/index.js:286:9
      at router.process_params (../m22-part3-route-writer/node_modules/express/lib/router/index.js:346:12)
      at next (../m22-part3-route-writer/node_modules/express/lib/router/index.js:280:10)
      at Layer.handle_error (../m22-part3-route-writer/node_modules/express/lib/router/layer.js:67:12)
      at trim_prefix (../m22-part3-route-writer/node_modules/express/lib/router/index.js:326:13)
      at ../m22-part3-route-writer/node_modules/express/lib/router/index.js:286:9
      at router.process_params (../m22-part3-route-writer/node_modules/express/lib/router/index.js:346:12)
      at next (../m22-part3-route-writer/node_modules/express/lib/router/index.js:280:10)
      at Layer.handle_error (../m22-part3-route-writer/node_modules/express/lib/router/layer.js:67:12)
      at trim_prefix (../m22-part3-route-writer/node_modules/express/lib/router/index.js:326:13)
      at ../m22-part3-route-writer/node_modules/express/lib/router/index.js:286:9
      at router.process_params (../m22-part3-route-writer/node_modules/express/lib/router/index.js:346:12)
      at next (../m22-part3-route-writer/node_modules/express/lib/router/index.js:280:10)
      at Layer.handle_error (../m22-part3-route-writer/node_modules/express/lib/router/layer.js:67:12)
      at trim_prefix (../m22-part3-route-writer/node_modules/express/lib/router/index.js:326:13)
      at ../m22-part3-route-writer/node_modules/express/lib/router/index.js:286:9
      at router.process_params (../m22-part3-route-writer/node_modules/express/lib/router/index.js:346:12)
      at next (../m22-part3-route-writer/node_modules/express/lib/router/index.js:280:10)
      at Layer.handle_error (../m22-part3-route-writer/node_modules/express/lib/router/layer.js:67:12)
      at trim_prefix (../m22-part3-route-writer/node_modules/express/lib/router/index.js:326:13)
      at ../m22-part3-route-writer/node_modules/express/lib/router/index.js:286:9
      at router.process_params (../m22-part3-route-writer/node_modules/express/lib/router/index.js:346:12)
      at next (../m22-part3-route-writer/node_modules/express/lib/router/index.js:280:10)
      at next (src/scheduling/recommendationHttpBoundary.js:255:16)
      at ../m22-part3-route-writer/node_modules/body-parser/lib/read.js:137:5
      at invokeCallback (../m22-part3-route-writer/node_modules/raw-body/index.js:238:16)
      at done (../m22-part3-route-writer/node_modules/raw-body/index.js:227:7)
      at IncomingMessage.onEnd (../m22-part3-route-writer/node_modules/raw-body/index.js:287:7)

  console.error
    {
      component: 'http',
      event: 'request_failed',
      requestId: '3bf3187f-7230-407d-bc25-66623f701cb0',
      methodClass: 'POST',
      statusCode: 400
    }

      176 |     ...safeFields(fields),
      177 |   };
    > 178 |   console[level](record);
          |                 ^
      179 |   return record;
      180 | }
      181 |

      at write (src/observability/safeLogger.js:178:17)
      at Object.write (src/observability/safeLogger.js:191:10)
      at error (src/middleware/errorHandler.js:22:14)
      at Layer.handle_error (../m22-part3-route-writer/node_modules/express/lib/router/layer.js:71:5)
      at trim_prefix (../m22-part3-route-writer/node_modules/express/lib/router/index.js:326:13)
      at ../m22-part3-route-writer/node_modules/express/lib/router/index.js:286:9
      at router.process_params (../m22-part3-route-writer/node_modules/express/lib/router/index.js:346:12)
      at next (../m22-part3-route-writer/node_modules/express/lib/router/index.js:280:10)
      at Layer.handle_error (../m22-part3-route-writer/node_modules/express/lib/router/layer.js:67:12)
      at trim_prefix (../m22-part3-route-writer/node_modules/express/lib/router/index.js:326:13)
      at ../m22-part3-route-writer/node_modules/express/lib/router/index.js:286:9
      at router.process_params (../m22-part3-route-writer/node_modules/express/lib/router/index.js:346:12)
      at next (../m22-part3-route-writer/node_modules/express/lib/router/index.js:280:10)
      at Layer.handle_error (../m22-part3-route-writer/node_modules/express/lib/router/layer.js:67:12)
      at trim_prefix (../m22-part3-route-writer/node_modules/express/lib/router/index.js:326:13)
      at ../m22-part3-route-writer/node_modules/express/lib/router/index.js:286:9
      at router.process_params (../m22-part3-route-writer/node_modules/express/lib/router/index.js:346:12)
      at next (../m22-part3-route-writer/node_modules/express/lib/router/index.js:280:10)
      at Layer.handle_error (../m22-part3-route-writer/node_modules/express/lib/router/layer.js:67:12)
      at trim_prefix (../m22-part3-route-writer/node_modules/express/lib/router/index.js:326:13)
      at ../m22-part3-route-writer/node_modules/express/lib/router/index.js:286:9
      at router.process_params (../m22-part3-route-writer/node_modules/express/lib/router/index.js:346:12)
      at next (../m22-part3-route-writer/node_modules/express/lib/router/index.js:280:10)
      at Layer.handle_error (../m22-part3-route-writer/node_modules/express/lib/router/layer.js:67:12)
      at trim_prefix (../m22-part3-route-writer/node_modules/express/lib/router/index.js:326:13)
      at ../m22-part3-route-writer/node_modules/express/lib/router/index.js:286:9
      at router.process_params (../m22-part3-route-writer/node_modules/express/lib/router/index.js:346:12)
      at next (../m22-part3-route-writer/node_modules/express/lib/router/index.js:280:10)
      at Layer.handle_error (../m22-part3-route-writer/node_modules/express/lib/router/layer.js:67:12)
      at trim_prefix (../m22-part3-route-writer/node_modules/express/lib/router/index.js:326:13)
      at ../m22-part3-route-writer/node_modules/express/lib/router/index.js:286:9
      at router.process_params (../m22-part3-route-writer/node_modules/express/lib/router/index.js:346:12)
      at next (../m22-part3-route-writer/node_modules/express/lib/router/index.js:280:10)
      at Layer.handle_error (../m22-part3-route-writer/node_modules/express/lib/router/layer.js:67:12)
      at trim_prefix (../m22-part3-route-writer/node_modules/express/lib/router/index.js:326:13)
      at ../m22-part3-route-writer/node_modules/express/lib/router/index.js:286:9
      at router.process_params (../m22-part3-route-writer/node_modules/express/lib/router/index.js:346:12)
      at next (../m22-part3-route-writer/node_modules/express/lib/router/index.js:280:10)
      at Layer.handle_error (../m22-part3-route-writer/node_modules/express/lib/router/layer.js:67:12)
      at trim_prefix (../m22-part3-route-writer/node_modules/express/lib/router/index.js:326:13)
      at ../m22-part3-route-writer/node_modules/express/lib/router/index.js:286:9
      at router.process_params (../m22-part3-route-writer/node_modules/express/lib/router/index.js:346:12)
      at next (../m22-part3-route-writer/node_modules/express/lib/router/index.js:280:10)
      at Layer.handle_error (../m22-part3-route-writer/node_modules/express/lib/router/layer.js:67:12)
      at trim_prefix (../m22-part3-route-writer/node_modules/express/lib/router/index.js:326:13)
      at ../m22-part3-route-writer/node_modules/express/lib/router/index.js:286:9
      at router.process_params (../m22-part3-route-writer/node_modules/express/lib/router/index.js:346:12)
      at next (../m22-part3-route-writer/node_modules/express/lib/router/index.js:280:10)
      at Layer.handle_error (../m22-part3-route-writer/node_modules/express/lib/router/layer.js:67:12)
      at trim_prefix (../m22-part3-route-writer/node_modules/express/lib/router/index.js:326:13)
      at ../m22-part3-route-writer/node_modules/express/lib/router/index.js:286:9
      at router.process_params (../m22-part3-route-writer/node_modules/express/lib/router/index.js:346:12)
      at next (../m22-part3-route-writer/node_modules/express/lib/router/index.js:280:10)
      at Layer.handle_error (../m22-part3-route-writer/node_modules/express/lib/router/layer.js:67:12)
      at trim_prefix (../m22-part3-route-writer/node_modules/express/lib/router/index.js:326:13)
      at ../m22-part3-route-writer/node_modules/express/lib/router/index.js:286:9
      at router.process_params (../m22-part3-route-writer/node_modules/express/lib/router/index.js:346:12)
      at next (../m22-part3-route-writer/node_modules/express/lib/router/index.js:280:10)
      at Layer.handle_error (../m22-part3-route-writer/node_modules/express/lib/router/layer.js:67:12)
      at trim_prefix (../m22-part3-route-writer/node_modules/express/lib/router/index.js:326:13)
      at ../m22-part3-route-writer/node_modules/express/lib/router/index.js:286:9
      at router.process_params (../m22-part3-route-writer/node_modules/express/lib/router/index.js:346:12)
      at next (../m22-part3-route-writer/node_modules/express/lib/router/index.js:280:10)
      at Layer.handle_error (../m22-part3-route-writer/node_modules/express/lib/router/layer.js:67:12)
      at trim_prefix (../m22-part3-route-writer/node_modules/express/lib/router/index.js:326:13)
      at ../m22-part3-route-writer/node_modules/express/lib/router/index.js:286:9
      at router.process_params (../m22-part3-route-writer/node_modules/express/lib/router/index.js:346:12)
      at next (../m22-part3-route-writer/node_modules/express/lib/router/index.js:280:10)
      at Layer.handle_error (../m22-part3-route-writer/node_modules/express/lib/router/layer.js:67:12)
      at trim_prefix (../m22-part3-route-writer/node_modules/express/lib/router/index.js:326:13)
      at ../m22-part3-route-writer/node_modules/express/lib/router/index.js:286:9
      at router.process_params (../m22-part3-route-writer/node_modules/express/lib/router/index.js:346:12)
      at next (../m22-part3-route-writer/node_modules/express/lib/router/index.js:280:10)
      at next (src/scheduling/recommendationHttpBoundary.js:255:16)
      at ../m22-part3-route-writer/node_modules/body-parser/lib/read.js:137:5
      at invokeCallback (../m22-part3-route-writer/node_modules/raw-body/index.js:238:16)
      at done (../m22-part3-route-writer/node_modules/raw-body/index.js:227:7)
      at IncomingMessage.onEnd (../m22-part3-route-writer/node_modules/raw-body/index.js:287:7)

  console.error
    {
      component: 'http',
      event: 'request_failed',
      requestId: '35d8f06c-28bc-4d63-8d2c-e523fd58547b',
      methodClass: 'POST',
      statusCode: 400
    }

      176 |     ...safeFields(fields),
      177 |   };
    > 178 |   console[level](record);
          |                 ^
      179 |   return record;
      180 | }
      181 |

      at write (src/observability/safeLogger.js:178:17)
      at Object.write (src/observability/safeLogger.js:191:10)
      at error (src/middleware/errorHandler.js:22:14)
      at Layer.handle_error (../m22-part3-route-writer/node_modules/express/lib/router/layer.js:71:5)
      at trim_prefix (../m22-part3-route-writer/node_modules/express/lib/router/index.js:326:13)
      at ../m22-part3-route-writer/node_modules/express/lib/router/index.js:286:9
      at router.process_params (../m22-part3-route-writer/node_modules/express/lib/router/index.js:346:12)
      at next (../m22-part3-route-writer/node_modules/express/lib/router/index.js:280:10)
      at Layer.handle_error (../m22-part3-route-writer/node_modules/express/lib/router/layer.js:67:12)
      at trim_prefix (../m22-part3-route-writer/node_modules/express/lib/router/index.js:326:13)
      at ../m22-part3-route-writer/node_modules/express/lib/router/index.js:286:9
      at router.process_params (../m22-part3-route-writer/node_modules/express/lib/router/index.js:346:12)
      at next (../m22-part3-route-writer/node_modules/express/lib/router/index.js:280:10)
      at Layer.handle_error (../m22-part3-route-writer/node_modules/express/lib/router/layer.js:67:12)
      at trim_prefix (../m22-part3-route-writer/node_modules/express/lib/router/index.js:326:13)
      at ../m22-part3-route-writer/node_modules/express/lib/router/index.js:286:9
      at router.process_params (../m22-part3-route-writer/node_modules/express/lib/router/index.js:346:12)
      at next (../m22-part3-route-writer/node_modules/express/lib/router/index.js:280:10)
      at Layer.handle_error (../m22-part3-route-writer/node_modules/express/lib/router/layer.js:67:12)
      at trim_prefix (../m22-part3-route-writer/node_modules/express/lib/router/index.js:326:13)
      at ../m22-part3-route-writer/node_modules/express/lib/router/index.js:286:9
      at router.process_params (../m22-part3-route-writer/node_modules/express/lib/router/index.js:346:12)
      at next (../m22-part3-route-writer/node_modules/express/lib/router/index.js:280:10)
      at Layer.handle_error (../m22-part3-route-writer/node_modules/express/lib/router/layer.js:67:12)
      at trim_prefix (../m22-part3-route-writer/node_modules/express/lib/router/index.js:326:13)
      at ../m22-part3-route-writer/node_modules/express/lib/router/index.js:286:9
      at router.process_params (../m22-part3-route-writer/node_modules/express/lib/router/index.js:346:12)
      at next (../m22-part3-route-writer/node_modules/express/lib/router/index.js:280:10)
      at Layer.handle_error (../m22-part3-route-writer/node_modules/express/lib/router/layer.js:67:12)
      at trim_prefix (../m22-part3-route-writer/node_modules/express/lib/router/index.js:326:13)
      at ../m22-part3-route-writer/node_modules/express/lib/router/index.js:286:9
      at router.process_params (../m22-part3-route-writer/node_modules/express/lib/router/index.js:346:12)
      at next (../m22-part3-route-writer/node_modules/express/lib/router/index.js:280:10)
      at Layer.handle_error (../m22-part3-route-writer/node_modules/express/lib/router/layer.js:67:12)
      at trim_prefix (../m22-part3-route-writer/node_modules/express/lib/router/index.js:326:13)
      at ../m22-part3-route-writer/node_modules/express/lib/router/index.js:286:9
      at router.process_params (../m22-part3-route-writer/node_modules/express/lib/router/index.js:346:12)
      at next (../m22-part3-route-writer/node_modules/express/lib/router/index.js:280:10)
      at Layer.handle_error (../m22-part3-route-writer/node_modules/express/lib/router/layer.js:67:12)
      at trim_prefix (../m22-part3-route-writer/node_modules/express/lib/router/index.js:326:13)
      at ../m22-part3-route-writer/node_modules/express/lib/router/index.js:286:9
      at router.process_params (../m22-part3-route-writer/node_modules/express/lib/router/index.js:346:12)
      at next (../m22-part3-route-writer/node_modules/express/lib/router/index.js:280:10)
      at Layer.handle_error (../m22-part3-route-writer/node_modules/express/lib/router/layer.js:67:12)
      at trim_prefix (../m22-part3-route-writer/node_modules/express/lib/router/index.js:326:13)
      at ../m22-part3-route-writer/node_modules/express/lib/router/index.js:286:9
      at router.process_params (../m22-part3-route-writer/node_modules/express/lib/router/index.js:346:12)
      at next (../m22-part3-route-writer/node_modules/express/lib/router/index.js:280:10)
      at Layer.handle_error (../m22-part3-route-writer/node_modules/express/lib/router/layer.js:67:12)
      at trim_prefix (../m22-part3-route-writer/node_modules/express/lib/router/index.js:326:13)
      at ../m22-part3-route-writer/node_modules/express/lib/router/index.js:286:9
      at router.process_params (../m22-part3-route-writer/node_modules/express/lib/router/index.js:346:12)
      at next (../m22-part3-route-writer/node_modules/express/lib/router/index.js:280:10)
      at Layer.handle_error (../m22-part3-route-writer/node_modules/express/lib/router/layer.js:67:12)
      at trim_prefix (../m22-part3-route-writer/node_modules/express/lib/router/index.js:326:13)
      at ../m22-part3-route-writer/node_modules/express/lib/router/index.js:286:9
      at router.process_params (../m22-part3-route-writer/node_modules/express/lib/router/index.js:346:12)
      at next (../m22-part3-route-writer/node_modules/express/lib/router/index.js:280:10)
      at Layer.handle_error (../m22-part3-route-writer/node_modules/express/lib/router/layer.js:67:12)
      at trim_prefix (../m22-part3-route-writer/node_modules/express/lib/router/index.js:326:13)
      at ../m22-part3-route-writer/node_modules/express/lib/router/index.js:286:9
      at router.process_params (../m22-part3-route-writer/node_modules/express/lib/router/index.js:346:12)
      at next (../m22-part3-route-writer/node_modules/express/lib/router/index.js:280:10)
      at Layer.handle_error (../m22-part3-route-writer/node_modules/express/lib/router/layer.js:67:12)
      at trim_prefix (../m22-part3-route-writer/node_modules/express/lib/router/index.js:326:13)
      at ../m22-part3-route-writer/node_modules/express/lib/router/index.js:286:9
      at router.process_params (../m22-part3-route-writer/node_modules/express/lib/router/index.js:346:12)
      at next (../m22-part3-route-writer/node_modules/express/lib/router/index.js:280:10)
      at Layer.handle_error (../m22-part3-route-writer/node_modules/express/lib/router/layer.js:67:12)
      at trim_prefix (../m22-part3-route-writer/node_modules/express/lib/router/index.js:326:13)
      at ../m22-part3-route-writer/node_modules/express/lib/router/index.js:286:9
      at router.process_params (../m22-part3-route-writer/node_modules/express/lib/router/index.js:346:12)
      at next (../m22-part3-route-writer/node_modules/express/lib/router/index.js:280:10)
      at next (src/scheduling/recommendationHttpBoundary.js:255:16)
      at ../m22-part3-route-writer/node_modules/body-parser/lib/read.js:137:5
      at invokeCallback (../m22-part3-route-writer/node_modules/raw-body/index.js:238:16)
      at done (../m22-part3-route-writer/node_modules/raw-body/index.js:227:7)
      at IncomingMessage.onEnd (../m22-part3-route-writer/node_modules/raw-body/index.js:287:7)

  console.error
    {
      component: 'http',
      event: 'request_failed',
      requestId: 'b3e9ae9a-0239-4873-bf23-bb60bc23f7b1',
      methodClass: 'POST',
      statusCode: 415
    }

      176 |     ...safeFields(fields),
      177 |   };
    > 178 |   console[level](record);
          |                 ^
      179 |   return record;
      180 | }
      181 |

      at write (src/observability/safeLogger.js:178:17)
      at Object.write (src/observability/safeLogger.js:191:10)
      at error (src/middleware/errorHandler.js:22:14)
      at Layer.handle_error (../m22-part3-route-writer/node_modules/express/lib/router/layer.js:71:5)
      at trim_prefix (../m22-part3-route-writer/node_modules/express/lib/router/index.js:326:13)
      at ../m22-part3-route-writer/node_modules/express/lib/router/index.js:286:9
      at router.process_params (../m22-part3-route-writer/node_modules/express/lib/router/index.js:346:12)
      at next (../m22-part3-route-writer/node_modules/express/lib/router/index.js:280:10)
      at Layer.handle_error (../m22-part3-route-writer/node_modules/express/lib/router/layer.js:67:12)
      at trim_prefix (../m22-part3-route-writer/node_modules/express/lib/router/index.js:326:13)
      at ../m22-part3-route-writer/node_modules/express/lib/router/index.js:286:9
      at router.process_params (../m22-part3-route-writer/node_modules/express/lib/router/index.js:346:12)
      at next (../m22-part3-route-writer/node_modules/express/lib/router/index.js:280:10)
      at Layer.handle_error (../m22-part3-route-writer/node_modules/express/lib/router/layer.js:67:12)
      at trim_prefix (../m22-part3-route-writer/node_modules/express/lib/router/index.js:326:13)
      at ../m22-part3-route-writer/node_modules/express/lib/router/index.js:286:9
      at router.process_params (../m22-part3-route-writer/node_modules/express/lib/router/index.js:346:12)
      at next (../m22-part3-route-writer/node_modules/express/lib/router/index.js:280:10)
      at Layer.handle_error (../m22-part3-route-writer/node_modules/express/lib/router/layer.js:67:12)
      at trim_prefix (../m22-part3-route-writer/node_modules/express/lib/router/index.js:326:13)
      at ../m22-part3-route-writer/node_modules/express/lib/router/index.js:286:9
      at router.process_params (../m22-part3-route-writer/node_modules/express/lib/router/index.js:346:12)
      at next (../m22-part3-route-writer/node_modules/express/lib/router/index.js:280:10)
      at Layer.handle_error (../m22-part3-route-writer/node_modules/express/lib/router/layer.js:67:12)
      at trim_prefix (../m22-part3-route-writer/node_modules/express/lib/router/index.js:326:13)
      at ../m22-part3-route-writer/node_modules/express/lib/router/index.js:286:9
      at router.process_params (../m22-part3-route-writer/node_modules/express/lib/router/index.js:346:12)
      at next (../m22-part3-route-writer/node_modules/express/lib/router/index.js:280:10)
      at Layer.handle_error (../m22-part3-route-writer/node_modules/express/lib/router/layer.js:67:12)
      at trim_prefix (../m22-part3-route-writer/node_modules/express/lib/router/index.js:326:13)
      at ../m22-part3-route-writer/node_modules/express/lib/router/index.js:286:9
      at router.process_params (../m22-part3-route-writer/node_modules/express/lib/router/index.js:346:12)
      at next (../m22-part3-route-writer/node_modules/express/lib/router/index.js:280:10)
      at Layer.handle_error (../m22-part3-route-writer/node_modules/express/lib/router/layer.js:67:12)
      at trim_prefix (../m22-part3-route-writer/node_modules/express/lib/router/index.js:326:13)
      at ../m22-part3-route-writer/node_modules/express/lib/router/index.js:286:9
      at router.process_params (../m22-part3-route-writer/node_modules/express/lib/router/index.js:346:12)
      at next (../m22-part3-route-writer/node_modules/express/lib/router/index.js:280:10)
      at Layer.handle_error (../m22-part3-route-writer/node_modules/express/lib/router/layer.js:67:12)
      at trim_prefix (../m22-part3-route-writer/node_modules/express/lib/router/index.js:326:13)
      at ../m22-part3-route-writer/node_modules/express/lib/router/index.js:286:9
      at router.process_params (../m22-part3-route-writer/node_modules/express/lib/router/index.js:346:12)
      at next (../m22-part3-route-writer/node_modules/express/lib/router/index.js:280:10)
      at Layer.handle_error (../m22-part3-route-writer/node_modules/express/lib/router/layer.js:67:12)
      at trim_prefix (../m22-part3-route-writer/node_modules/express/lib/router/index.js:326:13)
      at ../m22-part3-route-writer/node_modules/express/lib/router/index.js:286:9
      at router.process_params (../m22-part3-route-writer/node_modules/express/lib/router/index.js:346:12)
      at next (../m22-part3-route-writer/node_modules/express/lib/router/index.js:280:10)
      at Layer.handle_error (../m22-part3-route-writer/node_modules/express/lib/router/layer.js:67:12)
      at trim_prefix (../m22-part3-route-writer/node_modules/express/lib/router/index.js:326:13)
      at ../m22-part3-route-writer/node_modules/express/lib/router/index.js:286:9
      at router.process_params (../m22-part3-route-writer/node_modules/express/lib/router/index.js:346:12)
      at next (../m22-part3-route-writer/node_modules/express/lib/router/index.js:280:10)
      at Layer.handle_error (../m22-part3-route-writer/node_modules/express/lib/router/layer.js:67:12)
      at trim_prefix (../m22-part3-route-writer/node_modules/express/lib/router/index.js:326:13)
      at ../m22-part3-route-writer/node_modules/express/lib/router/index.js:286:9
      at router.process_params (../m22-part3-route-writer/node_modules/express/lib/router/index.js:346:12)
      at next (../m22-part3-route-writer/node_modules/express/lib/router/index.js:280:10)
      at Layer.handle_error (../m22-part3-route-writer/node_modules/express/lib/router/layer.js:67:12)
      at trim_prefix (../m22-part3-route-writer/node_modules/express/lib/router/index.js:326:13)
      at ../m22-part3-route-writer/node_modules/express/lib/router/index.js:286:9
      at router.process_params (../m22-part3-route-writer/node_modules/express/lib/router/index.js:346:12)
      at next (../m22-part3-route-writer/node_modules/express/lib/router/index.js:280:10)
      at Layer.handle_error (../m22-part3-route-writer/node_modules/express/lib/router/layer.js:67:12)
      at trim_prefix (../m22-part3-route-writer/node_modules/express/lib/router/index.js:326:13)
      at ../m22-part3-route-writer/node_modules/express/lib/router/index.js:286:9
      at router.process_params (../m22-part3-route-writer/node_modules/express/lib/router/index.js:346:12)
      at next (../m22-part3-route-writer/node_modules/express/lib/router/index.js:280:10)
      at Layer.handle_error (../m22-part3-route-writer/node_modules/express/lib/router/layer.js:67:12)
      at trim_prefix (../m22-part3-route-writer/node_modules/express/lib/router/index.js:326:13)
      at ../m22-part3-route-writer/node_modules/express/lib/router/index.js:286:9
      at router.process_params (../m22-part3-route-writer/node_modules/express/lib/router/index.js:346:12)
      at next (../m22-part3-route-writer/node_modules/express/lib/router/index.js:280:10)
      at next (src/scheduling/recommendationHttpBoundary.js:233:14)
      at next (src/middleware/security.js:52:3)
      at securityHeaders (src/scheduling/recommendationHttpBoundary.js:224:10)
      at Layer.handle [as handle_request] (../m22-part3-route-writer/node_modules/express/lib/router/layer.js:95:5)
      at trim_prefix (../m22-part3-route-writer/node_modules/express/lib/router/index.js:328:13)
      at ../m22-part3-route-writer/node_modules/express/lib/router/index.js:286:9
      at router.process_params (../m22-part3-route-writer/node_modules/express/lib/router/index.js:346:12)
      at next (../m22-part3-route-writer/node_modules/express/lib/router/index.js:280:10)
      at ../m22-part3-route-writer/node_modules/express/lib/router/index.js:646:15
      at next (../m22-part3-route-writer/node_modules/express/lib/router/index.js:265:14)
      at router.handle (../m22-part3-route-writer/node_modules/express/lib/router/index.js:175:3)
      at router (../m22-part3-route-writer/node_modules/express/lib/router/index.js:47:12)
      at Layer.handle [as handle_request] (../m22-part3-route-writer/node_modules/express/lib/router/layer.js:95:5)
      at trim_prefix (../m22-part3-route-writer/node_modules/express/lib/router/index.js:328:13)
      at ../m22-part3-route-writer/node_modules/express/lib/router/index.js:286:9
      at router.process_params (../m22-part3-route-writer/node_modules/express/lib/router/index.js:346:12)
      at next (../m22-part3-route-writer/node_modules/express/lib/router/index.js:280:10)
      at next (src/middleware/auditLog.js:25:3)
      at Layer.handle [as handle_request] (../m22-part3-route-writer/node_modules/express/lib/router/layer.js:95:5)
      at trim_prefix (../m22-part3-route-writer/node_modules/express/lib/router/index.js:328:13)
      at ../m22-part3-route-writer/node_modules/express/lib/router/index.js:286:9
      at router.process_params (../m22-part3-route-writer/node_modules/express/lib/router/index.js:346:12)
      at next (../m22-part3-route-writer/node_modules/express/lib/router/index.js:280:10)
      at cors (../m22-part3-route-writer/node_modules/cors/lib/index.js:188:7)

  console.error
    {
      component: 'http',
      event: 'request_failed',
      requestId: '9ea3b2e2-7302-49b8-a811-8c1d3466fd0c',
      methodClass: 'POST',
      statusCode: 415
    }

      176 |     ...safeFields(fields),
      177 |   };
    > 178 |   console[level](record);
          |                 ^
      179 |   return record;
      180 | }
      181 |

      at write (src/observability/safeLogger.js:178:17)
      at Object.write (src/observability/safeLogger.js:191:10)
      at error (src/middleware/errorHandler.js:22:14)
      at Layer.handle_error (../m22-part3-route-writer/node_modules/express/lib/router/layer.js:71:5)
      at trim_prefix (../m22-part3-route-writer/node_modules/express/lib/router/index.js:326:13)
      at ../m22-part3-route-writer/node_modules/express/lib/router/index.js:286:9
      at router.process_params (../m22-part3-route-writer/node_modules/express/lib/router/index.js:346:12)
      at next (../m22-part3-route-writer/node_modules/express/lib/router/index.js:280:10)
      at Layer.handle_error (../m22-part3-route-writer/node_modules/express/lib/router/layer.js:67:12)
      at trim_prefix (../m22-part3-route-writer/node_modules/express/lib/router/index.js:326:13)
      at ../m22-part3-route-writer/node_modules/express/lib/router/index.js:286:9
      at router.process_params (../m22-part3-route-writer/node_modules/express/lib/router/index.js:346:12)
      at next (../m22-part3-route-writer/node_modules/express/lib/router/index.js:280:10)
      at Layer.handle_error (../m22-part3-route-writer/node_modules/express/lib/router/layer.js:67:12)
      at trim_prefix (../m22-part3-route-writer/node_modules/express/lib/router/index.js:326:13)
      at ../m22-part3-route-writer/node_modules/express/lib/router/index.js:286:9
      at router.process_params (../m22-part3-route-writer/node_modules/express/lib/router/index.js:346:12)
      at next (../m22-part3-route-writer/node_modules/express/lib/router/index.js:280:10)
      at Layer.handle_error (../m22-part3-route-writer/node_modules/express/lib/router/layer.js:67:12)
      at trim_prefix (../m22-part3-route-writer/node_modules/express/lib/router/index.js:326:13)
      at ../m22-part3-route-writer/node_modules/express/lib/router/index.js:286:9
      at router.process_params (../m22-part3-route-writer/node_modules/express/lib/router/index.js:346:12)
      at next (../m22-part3-route-writer/node_modules/express/lib/router/index.js:280:10)
      at Layer.handle_error (../m22-part3-route-writer/node_modules/express/lib/router/layer.js:67:12)
      at trim_prefix (../m22-part3-route-writer/node_modules/express/lib/router/index.js:326:13)
      at ../m22-part3-route-writer/node_modules/express/lib/router/index.js:286:9
      at router.process_params (../m22-part3-route-writer/node_modules/express/lib/router/index.js:346:12)
      at next (../m22-part3-route-writer/node_modules/express/lib/router/index.js:280:10)
      at Layer.handle_error (../m22-part3-route-writer/node_modules/express/lib/router/layer.js:67:12)
      at trim_prefix (../m22-part3-route-writer/node_modules/express/lib/router/index.js:326:13)
      at ../m22-part3-route-writer/node_modules/express/lib/router/index.js:286:9
      at router.process_params (../m22-part3-route-writer/node_modules/express/lib/router/index.js:346:12)
      at next (../m22-part3-route-writer/node_modules/express/lib/router/index.js:280:10)
      at Layer.handle_error (../m22-part3-route-writer/node_modules/express/lib/router/layer.js:67:12)
      at trim_prefix (../m22-part3-route-writer/node_modules/express/lib/router/index.js:326:13)
      at ../m22-part3-route-writer/node_modules/express/lib/router/index.js:286:9
      at router.process_params (../m22-part3-route-writer/node_modules/express/lib/router/index.js:346:12)
      at next (../m22-part3-route-writer/node_modules/express/lib/router/index.js:280:10)
      at Layer.handle_error (../m22-part3-route-writer/node_modules/express/lib/router/layer.js:67:12)
      at trim_prefix (../m22-part3-route-writer/node_modules/express/lib/router/index.js:326:13)
      at ../m22-part3-route-writer/node_modules/express/lib/router/index.js:286:9
      at router.process_params (../m22-part3-route-writer/node_modules/express/lib/router/index.js:346:12)
      at next (../m22-part3-route-writer/node_modules/express/lib/router/index.js:280:10)
      at Layer.handle_error (../m22-part3-route-writer/node_modules/express/lib/router/layer.js:67:12)
      at trim_prefix (../m22-part3-route-writer/node_modules/express/lib/router/index.js:326:13)
      at ../m22-part3-route-writer/node_modules/express/lib/router/index.js:286:9
      at router.process_params (../m22-part3-route-writer/node_modules/express/lib/router/index.js:346:12)
      at next (../m22-part3-route-writer/node_modules/express/lib/router/index.js:280:10)
      at Layer.handle_error (../m22-part3-route-writer/node_modules/express/lib/router/layer.js:67:12)
      at trim_prefix (../m22-part3-route-writer/node_modules/express/lib/router/index.js:326:13)
      at ../m22-part3-route-writer/node_modules/express/lib/router/index.js:286:9
      at router.process_params (../m22-part3-route-writer/node_modules/express/lib/router/index.js:346:12)
      at next (../m22-part3-route-writer/node_modules/express/lib/router/index.js:280:10)
      at Layer.handle_error (../m22-part3-route-writer/node_modules/express/lib/router/layer.js:67:12)
      at trim_prefix (../m22-part3-route-writer/node_modules/express/lib/router/index.js:326:13)
      at ../m22-part3-route-writer/node_modules/express/lib/router/index.js:286:9
      at router.process_params (../m22-part3-route-writer/node_modules/express/lib/router/index.js:346:12)
      at next (../m22-part3-route-writer/node_modules/express/lib/router/index.js:280:10)
      at Layer.handle_error (../m22-part3-route-writer/node_modules/express/lib/router/layer.js:67:12)
      at trim_prefix (../m22-part3-route-writer/node_modules/express/lib/router/index.js:326:13)
      at ../m22-part3-route-writer/node_modules/express/lib/router/index.js:286:9
      at router.process_params (../m22-part3-route-writer/node_modules/express/lib/router/index.js:346:12)
      at next (../m22-part3-route-writer/node_modules/express/lib/router/index.js:280:10)
      at Layer.handle_error (../m22-part3-route-writer/node_modules/express/lib/router/layer.js:67:12)
      at trim_prefix (../m22-part3-route-writer/node_modules/express/lib/router/index.js:326:13)
      at ../m22-part3-route-writer/node_modules/express/lib/router/index.js:286:9
      at router.process_params (../m22-part3-route-writer/node_modules/express/lib/router/index.js:346:12)
      at next (../m22-part3-route-writer/node_modules/express/lib/router/index.js:280:10)
      at Layer.handle_error (../m22-part3-route-writer/node_modules/express/lib/router/layer.js:67:12)
      at trim_prefix (../m22-part3-route-writer/node_modules/express/lib/router/index.js:326:13)
      at ../m22-part3-route-writer/node_modules/express/lib/router/index.js:286:9
      at router.process_params (../m22-part3-route-writer/node_modules/express/lib/router/index.js:346:12)
      at next (../m22-part3-route-writer/node_modules/express/lib/router/index.js:280:10)
      at next (src/scheduling/recommendationHttpBoundary.js:233:14)
      at next (src/middleware/security.js:52:3)
      at securityHeaders (src/scheduling/recommendationHttpBoundary.js:224:10)
      at Layer.handle [as handle_request] (../m22-part3-route-writer/node_modules/express/lib/router/layer.js:95:5)
      at trim_prefix (../m22-part3-route-writer/node_modules/express/lib/router/index.js:328:13)
      at ../m22-part3-route-writer/node_modules/express/lib/router/index.js:286:9
      at router.process_params (../m22-part3-route-writer/node_modules/express/lib/router/index.js:346:12)
      at next (../m22-part3-route-writer/node_modules/express/lib/router/index.js:280:10)
      at ../m22-part3-route-writer/node_modules/express/lib/router/index.js:646:15
      at next (../m22-part3-route-writer/node_modules/express/lib/router/index.js:265:14)
      at router.handle (../m22-part3-route-writer/node_modules/express/lib/router/index.js:175:3)
      at router (../m22-part3-route-writer/node_modules/express/lib/router/index.js:47:12)
      at Layer.handle [as handle_request] (../m22-part3-route-writer/node_modules/express/lib/router/layer.js:95:5)
      at trim_prefix (../m22-part3-route-writer/node_modules/express/lib/router/index.js:328:13)
      at ../m22-part3-route-writer/node_modules/express/lib/router/index.js:286:9
      at router.process_params (../m22-part3-route-writer/node_modules/express/lib/router/index.js:346:12)
      at next (../m22-part3-route-writer/node_modules/express/lib/router/index.js:280:10)
      at next (src/middleware/auditLog.js:25:3)
      at Layer.handle [as handle_request] (../m22-part3-route-writer/node_modules/express/lib/router/layer.js:95:5)
      at trim_prefix (../m22-part3-route-writer/node_modules/express/lib/router/index.js:328:13)
      at ../m22-part3-route-writer/node_modules/express/lib/router/index.js:286:9
      at router.process_params (../m22-part3-route-writer/node_modules/express/lib/router/index.js:346:12)
      at next (../m22-part3-route-writer/node_modules/express/lib/router/index.js:280:10)
      at cors (../m22-part3-route-writer/node_modules/cors/lib/index.js:188:7)

  console.error
    {
      component: 'http',
      event: 'request_failed',
      requestId: 'c0c1e5d6-4afa-4ce6-a563-d9127c48e7f9',
      methodClass: 'POST',
      statusCode: 415
    }

      176 |     ...safeFields(fields),
      177 |   };
    > 178 |   console[level](record);
          |                 ^
      179 |   return record;
      180 | }
      181 |

      at write (src/observability/safeLogger.js:178:17)
      at Object.write (src/observability/safeLogger.js:191:10)
      at error (src/middleware/errorHandler.js:22:14)
      at Layer.handle_error (../m22-part3-route-writer/node_modules/express/lib/router/layer.js:71:5)
      at trim_prefix (../m22-part3-route-writer/node_modules/express/lib/router/index.js:326:13)
      at ../m22-part3-route-writer/node_modules/express/lib/router/index.js:286:9
      at router.process_params (../m22-part3-route-writer/node_modules/express/lib/router/index.js:346:12)
      at next (../m22-part3-route-writer/node_modules/express/lib/router/index.js:280:10)
      at Layer.handle_error (../m22-part3-route-writer/node_modules/express/lib/router/layer.js:67:12)
      at trim_prefix (../m22-part3-route-writer/node_modules/express/lib/router/index.js:326:13)
      at ../m22-part3-route-writer/node_modules/express/lib/router/index.js:286:9
      at router.process_params (../m22-part3-route-writer/node_modules/express/lib/router/index.js:346:12)
      at next (../m22-part3-route-writer/node_modules/express/lib/router/index.js:280:10)
      at Layer.handle_error (../m22-part3-route-writer/node_modules/express/lib/router/layer.js:67:12)
      at trim_prefix (../m22-part3-route-writer/node_modules/express/lib/router/index.js:326:13)
      at ../m22-part3-route-writer/node_modules/express/lib/router/index.js:286:9
      at router.process_params (../m22-part3-route-writer/node_modules/express/lib/router/index.js:346:12)
      at next (../m22-part3-route-writer/node_modules/express/lib/router/index.js:280:10)
      at Layer.handle_error (../m22-part3-route-writer/node_modules/express/lib/router/layer.js:67:12)
      at trim_prefix (../m22-part3-route-writer/node_modules/express/lib/router/index.js:326:13)
      at ../m22-part3-route-writer/node_modules/express/lib/router/index.js:286:9
      at router.process_params (../m22-part3-route-writer/node_modules/express/lib/router/index.js:346:12)
      at next (../m22-part3-route-writer/node_modules/express/lib/router/index.js:280:10)
      at Layer.handle_error (../m22-part3-route-writer/node_modules/express/lib/router/layer.js:67:12)
      at trim_prefix (../m22-part3-route-writer/node_modules/express/lib/router/index.js:326:13)
      at ../m22-part3-route-writer/node_modules/express/lib/router/index.js:286:9
      at router.process_params (../m22-part3-route-writer/node_modules/express/lib/router/index.js:346:12)
      at next (../m22-part3-route-writer/node_modules/express/lib/router/index.js:280:10)
      at Layer.handle_error (../m22-part3-route-writer/node_modules/express/lib/router/layer.js:67:12)
      at trim_prefix (../m22-part3-route-writer/node_modules/express/lib/router/index.js:326:13)
      at ../m22-part3-route-writer/node_modules/express/lib/router/index.js:286:9
      at router.process_params (../m22-part3-route-writer/node_modules/express/lib/router/index.js:346:12)
      at next (../m22-part3-route-writer/node_modules/express/lib/router/index.js:280:10)
      at Layer.handle_error (../m22-part3-route-writer/node_modules/express/lib/router/layer.js:67:12)
      at trim_prefix (../m22-part3-route-writer/node_modules/express/lib/router/index.js:326:13)
      at ../m22-part3-route-writer/node_modules/express/lib/router/index.js:286:9
      at router.process_params (../m22-part3-route-writer/node_modules/express/lib/router/index.js:346:12)
      at next (../m22-part3-route-writer/node_modules/express/lib/router/index.js:280:10)
      at Layer.handle_error (../m22-part3-route-writer/node_modules/express/lib/router/layer.js:67:12)
      at trim_prefix (../m22-part3-route-writer/node_modules/express/lib/router/index.js:326:13)
      at ../m22-part3-route-writer/node_modules/express/lib/router/index.js:286:9
      at router.process_params (../m22-part3-route-writer/node_modules/express/lib/router/index.js:346:12)
      at next (../m22-part3-route-writer/node_modules/express/lib/router/index.js:280:10)
      at Layer.handle_error (../m22-part3-route-writer/node_modules/express/lib/router/layer.js:67:12)
      at trim_prefix (../m22-part3-route-writer/node_modules/express/lib/router/index.js:326:13)
      at ../m22-part3-route-writer/node_modules/express/lib/router/index.js:286:9
      at router.process_params (../m22-part3-route-writer/node_modules/express/lib/router/index.js:346:12)
      at next (../m22-part3-route-writer/node_modules/express/lib/router/index.js:280:10)
      at Layer.handle_error (../m22-part3-route-writer/node_modules/express/lib/router/layer.js:67:12)
      at trim_prefix (../m22-part3-route-writer/node_modules/express/lib/router/index.js:326:13)
      at ../m22-part3-route-writer/node_modules/express/lib/router/index.js:286:9
      at router.process_params (../m22-part3-route-writer/node_modules/express/lib/router/index.js:346:12)
      at next (../m22-part3-route-writer/node_modules/express/lib/router/index.js:280:10)
      at Layer.handle_error (../m22-part3-route-writer/node_modules/express/lib/router/layer.js:67:12)
      at trim_prefix (../m22-part3-route-writer/node_modules/express/lib/router/index.js:326:13)
      at ../m22-part3-route-writer/node_modules/express/lib/router/index.js:286:9
      at router.process_params (../m22-part3-route-writer/node_modules/express/lib/router/index.js:346:12)
      at next (../m22-part3-route-writer/node_modules/express/lib/router/index.js:280:10)
      at Layer.handle_error (../m22-part3-route-writer/node_modules/express/lib/router/layer.js:67:12)
      at trim_prefix (../m22-part3-route-writer/node_modules/express/lib/router/index.js:326:13)
      at ../m22-part3-route-writer/node_modules/express/lib/router/index.js:286:9
      at router.process_params (../m22-part3-route-writer/node_modules/express/lib/router/index.js:346:12)
      at next (../m22-part3-route-writer/node_modules/express/lib/router/index.js:280:10)
      at Layer.handle_error (../m22-part3-route-writer/node_modules/express/lib/router/layer.js:67:12)
      at trim_prefix (../m22-part3-route-writer/node_modules/express/lib/router/index.js:326:13)
      at ../m22-part3-route-writer/node_modules/express/lib/router/index.js:286:9
      at router.process_params (../m22-part3-route-writer/node_modules/express/lib/router/index.js:346:12)
      at next (../m22-part3-route-writer/node_modules/express/lib/router/index.js:280:10)
      at Layer.handle_error (../m22-part3-route-writer/node_modules/express/lib/router/layer.js:67:12)
      at trim_prefix (../m22-part3-route-writer/node_modules/express/lib/router/index.js:326:13)
      at ../m22-part3-route-writer/node_modules/express/lib/router/index.js:286:9
      at router.process_params (../m22-part3-route-writer/node_modules/express/lib/router/index.js:346:12)
      at next (../m22-part3-route-writer/node_modules/express/lib/router/index.js:280:10)
      at next (src/scheduling/recommendationHttpBoundary.js:233:14)
      at next (src/middleware/security.js:52:3)
      at securityHeaders (src/scheduling/recommendationHttpBoundary.js:224:10)
      at Layer.handle [as handle_request] (../m22-part3-route-writer/node_modules/express/lib/router/layer.js:95:5)
      at trim_prefix (../m22-part3-route-writer/node_modules/express/lib/router/index.js:328:13)
      at ../m22-part3-route-writer/node_modules/express/lib/router/index.js:286:9
      at router.process_params (../m22-part3-route-writer/node_modules/express/lib/router/index.js:346:12)
      at next (../m22-part3-route-writer/node_modules/express/lib/router/index.js:280:10)
      at ../m22-part3-route-writer/node_modules/express/lib/router/index.js:646:15
      at next (../m22-part3-route-writer/node_modules/express/lib/router/index.js:265:14)
      at router.handle (../m22-part3-route-writer/node_modules/express/lib/router/index.js:175:3)
      at router (../m22-part3-route-writer/node_modules/express/lib/router/index.js:47:12)
      at Layer.handle [as handle_request] (../m22-part3-route-writer/node_modules/express/lib/router/layer.js:95:5)
      at trim_prefix (../m22-part3-route-writer/node_modules/express/lib/router/index.js:328:13)
      at ../m22-part3-route-writer/node_modules/express/lib/router/index.js:286:9
      at router.process_params (../m22-part3-route-writer/node_modules/express/lib/router/index.js:346:12)
      at next (../m22-part3-route-writer/node_modules/express/lib/router/index.js:280:10)
      at next (src/middleware/auditLog.js:25:3)
      at Layer.handle [as handle_request] (../m22-part3-route-writer/node_modules/express/lib/router/layer.js:95:5)
      at trim_prefix (../m22-part3-route-writer/node_modules/express/lib/router/index.js:328:13)
      at ../m22-part3-route-writer/node_modules/express/lib/router/index.js:286:9
      at router.process_params (../m22-part3-route-writer/node_modules/express/lib/router/index.js:346:12)
      at next (../m22-part3-route-writer/node_modules/express/lib/router/index.js:280:10)
      at cors (../m22-part3-route-writer/node_modules/cors/lib/index.js:188:7)

  console.error
    {
      component: 'http',
      event: 'request_failed',
      requestId: '59c2b40c-5049-40d3-ae74-f807e26dabb5',
      methodClass: 'POST',
      statusCode: 415
    }

      176 |     ...safeFields(fields),
      177 |   };
    > 178 |   console[level](record);
          |                 ^
      179 |   return record;
      180 | }
      181 |

      at write (src/observability/safeLogger.js:178:17)
      at Object.write (src/observability/safeLogger.js:191:10)
      at error (src/middleware/errorHandler.js:22:14)
      at Layer.handle_error (../m22-part3-route-writer/node_modules/express/lib/router/layer.js:71:5)
      at trim_prefix (../m22-part3-route-writer/node_modules/express/lib/router/index.js:326:13)
      at ../m22-part3-route-writer/node_modules/express/lib/router/index.js:286:9
      at router.process_params (../m22-part3-route-writer/node_modules/express/lib/router/index.js:346:12)
      at next (../m22-part3-route-writer/node_modules/express/lib/router/index.js:280:10)
      at Layer.handle_error (../m22-part3-route-writer/node_modules/express/lib/router/layer.js:67:12)
      at trim_prefix (../m22-part3-route-writer/node_modules/express/lib/router/index.js:326:13)
      at ../m22-part3-route-writer/node_modules/express/lib/router/index.js:286:9
      at router.process_params (../m22-part3-route-writer/node_modules/express/lib/router/index.js:346:12)
      at next (../m22-part3-route-writer/node_modules/express/lib/router/index.js:280:10)
      at Layer.handle_error (../m22-part3-route-writer/node_modules/express/lib/router/layer.js:67:12)
      at trim_prefix (../m22-part3-route-writer/node_modules/express/lib/router/index.js:326:13)
      at ../m22-part3-route-writer/node_modules/express/lib/router/index.js:286:9
      at router.process_params (../m22-part3-route-writer/node_modules/express/lib/router/index.js:346:12)
      at next (../m22-part3-route-writer/node_modules/express/lib/router/index.js:280:10)
      at Layer.handle_error (../m22-part3-route-writer/node_modules/express/lib/router/layer.js:67:12)
      at trim_prefix (../m22-part3-route-writer/node_modules/express/lib/router/index.js:326:13)
      at ../m22-part3-route-writer/node_modules/express/lib/router/index.js:286:9
      at router.process_params (../m22-part3-route-writer/node_modules/express/lib/router/index.js:346:12)
      at next (../m22-part3-route-writer/node_modules/express/lib/router/index.js:280:10)
      at Layer.handle_error (../m22-part3-route-writer/node_modules/express/lib/router/layer.js:67:12)
      at trim_prefix (../m22-part3-route-writer/node_modules/express/lib/router/index.js:326:13)
      at ../m22-part3-route-writer/node_modules/express/lib/router/index.js:286:9
      at router.process_params (../m22-part3-route-writer/node_modules/express/lib/router/index.js:346:12)
      at next (../m22-part3-route-writer/node_modules/express/lib/router/index.js:280:10)
      at Layer.handle_error (../m22-part3-route-writer/node_modules/express/lib/router/layer.js:67:12)
      at trim_prefix (../m22-part3-route-writer/node_modules/express/lib/router/index.js:326:13)
      at ../m22-part3-route-writer/node_modules/express/lib/router/index.js:286:9
      at router.process_params (../m22-part3-route-writer/node_modules/express/lib/router/index.js:346:12)
      at next (../m22-part3-route-writer/node_modules/express/lib/router/index.js:280:10)
      at Layer.handle_error (../m22-part3-route-writer/node_modules/express/lib/router/layer.js:67:12)
      at trim_prefix (../m22-part3-route-writer/node_modules/express/lib/router/index.js:326:13)
      at ../m22-part3-route-writer/node_modules/express/lib/router/index.js:286:9
      at router.process_params (../m22-part3-route-writer/node_modules/express/lib/router/index.js:346:12)
      at next (../m22-part3-route-writer/node_modules/express/lib/router/index.js:280:10)
      at Layer.handle_error (../m22-part3-route-writer/node_modules/express/lib/router/layer.js:67:12)
      at trim_prefix (../m22-part3-route-writer/node_modules/express/lib/router/index.js:326:13)
      at ../m22-part3-route-writer/node_modules/express/lib/router/index.js:286:9
      at router.process_params (../m22-part3-route-writer/node_modules/express/lib/router/index.js:346:12)
      at next (../m22-part3-route-writer/node_modules/express/lib/router/index.js:280:10)
      at Layer.handle_error (../m22-part3-route-writer/node_modules/express/lib/router/layer.js:67:12)
      at trim_prefix (../m22-part3-route-writer/node_modules/express/lib/router/index.js:326:13)
      at ../m22-part3-route-writer/node_modules/express/lib/router/index.js:286:9
      at router.process_params (../m22-part3-route-writer/node_modules/express/lib/router/index.js:346:12)
      at next (../m22-part3-route-writer/node_modules/express/lib/router/index.js:280:10)
      at Layer.handle_error (../m22-part3-route-writer/node_modules/express/lib/router/layer.js:67:12)
      at trim_prefix (../m22-part3-route-writer/node_modules/express/lib/router/index.js:326:13)
      at ../m22-part3-route-writer/node_modules/express/lib/router/index.js:286:9
      at router.process_params (../m22-part3-route-writer/node_modules/express/lib/router/index.js:346:12)
      at next (../m22-part3-route-writer/node_modules/express/lib/router/index.js:280:10)
      at Layer.handle_error (../m22-part3-route-writer/node_modules/express/lib/router/layer.js:67:12)
      at trim_prefix (../m22-part3-route-writer/node_modules/express/lib/router/index.js:326:13)
      at ../m22-part3-route-writer/node_modules/express/lib/router/index.js:286:9
      at router.process_params (../m22-part3-route-writer/node_modules/express/lib/router/index.js:346:12)
      at next (../m22-part3-route-writer/node_modules/express/lib/router/index.js:280:10)
      at Layer.handle_error (../m22-part3-route-writer/node_modules/express/lib/router/layer.js:67:12)
      at trim_prefix (../m22-part3-route-writer/node_modules/express/lib/router/index.js:326:13)
      at ../m22-part3-route-writer/node_modules/express/lib/router/index.js:286:9
      at router.process_params (../m22-part3-route-writer/node_modules/express/lib/router/index.js:346:12)
      at next (../m22-part3-route-writer/node_modules/express/lib/router/index.js:280:10)
      at Layer.handle_error (../m22-part3-route-writer/node_modules/express/lib/router/layer.js:67:12)
      at trim_prefix (../m22-part3-route-writer/node_modules/express/lib/router/index.js:326:13)
      at ../m22-part3-route-writer/node_modules/express/lib/router/index.js:286:9
      at router.process_params (../m22-part3-route-writer/node_modules/express/lib/router/index.js:346:12)
      at next (../m22-part3-route-writer/node_modules/express/lib/router/index.js:280:10)
      at Layer.handle_error (../m22-part3-route-writer/node_modules/express/lib/router/layer.js:67:12)
      at trim_prefix (../m22-part3-route-writer/node_modules/express/lib/router/index.js:326:13)
      at ../m22-part3-route-writer/node_modules/express/lib/router/index.js:286:9
      at router.process_params (../m22-part3-route-writer/node_modules/express/lib/router/index.js:346:12)
      at next (../m22-part3-route-writer/node_modules/express/lib/router/index.js:280:10)
      at next (src/scheduling/recommendationHttpBoundary.js:233:14)
      at next (src/middleware/security.js:52:3)
      at securityHeaders (src/scheduling/recommendationHttpBoundary.js:224:10)
      at Layer.handle [as handle_request] (../m22-part3-route-writer/node_modules/express/lib/router/layer.js:95:5)
      at trim_prefix (../m22-part3-route-writer/node_modules/express/lib/router/index.js:328:13)
      at ../m22-part3-route-writer/node_modules/express/lib/router/index.js:286:9
      at router.process_params (../m22-part3-route-writer/node_modules/express/lib/router/index.js:346:12)
      at next (../m22-part3-route-writer/node_modules/express/lib/router/index.js:280:10)
      at ../m22-part3-route-writer/node_modules/express/lib/router/index.js:646:15
      at next (../m22-part3-route-writer/node_modules/express/lib/router/index.js:265:14)
      at router.handle (../m22-part3-route-writer/node_modules/express/lib/router/index.js:175:3)
      at router (../m22-part3-route-writer/node_modules/express/lib/router/index.js:47:12)
      at Layer.handle [as handle_request] (../m22-part3-route-writer/node_modules/express/lib/router/layer.js:95:5)
      at trim_prefix (../m22-part3-route-writer/node_modules/express/lib/router/index.js:328:13)
      at ../m22-part3-route-writer/node_modules/express/lib/router/index.js:286:9
      at router.process_params (../m22-part3-route-writer/node_modules/express/lib/router/index.js:346:12)
      at next (../m22-part3-route-writer/node_modules/express/lib/router/index.js:280:10)
      at next (src/middleware/auditLog.js:25:3)
      at Layer.handle [as handle_request] (../m22-part3-route-writer/node_modules/express/lib/router/layer.js:95:5)
      at trim_prefix (../m22-part3-route-writer/node_modules/express/lib/router/index.js:328:13)
      at ../m22-part3-route-writer/node_modules/express/lib/router/index.js:286:9
      at router.process_params (../m22-part3-route-writer/node_modules/express/lib/router/index.js:346:12)
      at next (../m22-part3-route-writer/node_modules/express/lib/router/index.js:280:10)
      at cors (../m22-part3-route-writer/node_modules/cors/lib/index.js:188:7)

  console.error
    {
      component: 'http',
      event: 'request_failed',
      requestId: 'afd391a6-2a11-48e6-a9c9-1ddb0bd8361c',
      methodClass: 'POST',
      statusCode: 415
    }

      176 |     ...safeFields(fields),
      177 |   };
    > 178 |   console[level](record);
          |                 ^
      179 |   return record;
      180 | }
      181 |

      at write (src/observability/safeLogger.js:178:17)
      at Object.write (src/observability/safeLogger.js:191:10)
      at error (src/middleware/errorHandler.js:22:14)
      at Layer.handle_error (../m22-part3-route-writer/node_modules/express/lib/router/layer.js:71:5)
      at trim_prefix (../m22-part3-route-writer/node_modules/express/lib/router/index.js:326:13)
      at ../m22-part3-route-writer/node_modules/express/lib/router/index.js:286:9
      at router.process_params (../m22-part3-route-writer/node_modules/express/lib/router/index.js:346:12)
      at next (../m22-part3-route-writer/node_modules/express/lib/router/index.js:280:10)
      at Layer.handle_error (../m22-part3-route-writer/node_modules/express/lib/router/layer.js:67:12)
      at trim_prefix (../m22-part3-route-writer/node_modules/express/lib/router/index.js:326:13)
      at ../m22-part3-route-writer/node_modules/express/lib/router/index.js:286:9
      at router.process_params (../m22-part3-route-writer/node_modules/express/lib/router/index.js:346:12)
      at next (../m22-part3-route-writer/node_modules/express/lib/router/index.js:280:10)
      at Layer.handle_error (../m22-part3-route-writer/node_modules/express/lib/router/layer.js:67:12)
      at trim_prefix (../m22-part3-route-writer/node_modules/express/lib/router/index.js:326:13)
      at ../m22-part3-route-writer/node_modules/express/lib/router/index.js:286:9
      at router.process_params (../m22-part3-route-writer/node_modules/express/lib/router/index.js:346:12)
      at next (../m22-part3-route-writer/node_modules/express/lib/router/index.js:280:10)
      at Layer.handle_error (../m22-part3-route-writer/node_modules/express/lib/router/layer.js:67:12)
      at trim_prefix (../m22-part3-route-writer/node_modules/express/lib/router/index.js:326:13)
      at ../m22-part3-route-writer/node_modules/express/lib/router/index.js:286:9
      at router.process_params (../m22-part3-route-writer/node_modules/express/lib/router/index.js:346:12)
      at next (../m22-part3-route-writer/node_modules/express/lib/router/index.js:280:10)
      at Layer.handle_error (../m22-part3-route-writer/node_modules/express/lib/router/layer.js:67:12)
      at trim_prefix (../m22-part3-route-writer/node_modules/express/lib/router/index.js:326:13)
      at ../m22-part3-route-writer/node_modules/express/lib/router/index.js:286:9
      at router.process_params (../m22-part3-route-writer/node_modules/express/lib/router/index.js:346:12)
      at next (../m22-part3-route-writer/node_modules/express/lib/router/index.js:280:10)
      at Layer.handle_error (../m22-part3-route-writer/node_modules/express/lib/router/layer.js:67:12)
      at trim_prefix (../m22-part3-route-writer/node_modules/express/lib/router/index.js:326:13)
      at ../m22-part3-route-writer/node_modules/express/lib/router/index.js:286:9
      at router.process_params (../m22-part3-route-writer/node_modules/express/lib/router/index.js:346:12)
      at next (../m22-part3-route-writer/node_modules/express/lib/router/index.js:280:10)
      at Layer.handle_error (../m22-part3-route-writer/node_modules/express/lib/router/layer.js:67:12)
      at trim_prefix (../m22-part3-route-writer/node_modules/express/lib/router/index.js:326:13)
      at ../m22-part3-route-writer/node_modules/express/lib/router/index.js:286:9
      at router.process_params (../m22-part3-route-writer/node_modules/express/lib/router/index.js:346:12)
      at next (../m22-part3-route-writer/node_modules/express/lib/router/index.js:280:10)
      at Layer.handle_error (../m22-part3-route-writer/node_modules/express/lib/router/layer.js:67:12)
      at trim_prefix (../m22-part3-route-writer/node_modules/express/lib/router/index.js:326:13)
      at ../m22-part3-route-writer/node_modules/express/lib/router/index.js:286:9
      at router.process_params (../m22-part3-route-writer/node_modules/express/lib/router/index.js:346:12)
      at next (../m22-part3-route-writer/node_modules/express/lib/router/index.js:280:10)
      at Layer.handle_error (../m22-part3-route-writer/node_modules/express/lib/router/layer.js:67:12)
      at trim_prefix (../m22-part3-route-writer/node_modules/express/lib/router/index.js:326:13)
      at ../m22-part3-route-writer/node_modules/express/lib/router/index.js:286:9
      at router.process_params (../m22-part3-route-writer/node_modules/express/lib/router/index.js:346:12)
      at next (../m22-part3-route-writer/node_modules/express/lib/router/index.js:280:10)
      at Layer.handle_error (../m22-part3-route-writer/node_modules/express/lib/router/layer.js:67:12)
      at trim_prefix (../m22-part3-route-writer/node_modules/express/lib/router/index.js:326:13)
      at ../m22-part3-route-writer/node_modules/express/lib/router/index.js:286:9
      at router.process_params (../m22-part3-route-writer/node_modules/express/lib/router/index.js:346:12)
      at next (../m22-part3-route-writer/node_modules/express/lib/router/index.js:280:10)
      at Layer.handle_error (../m22-part3-route-writer/node_modules/express/lib/router/layer.js:67:12)
      at trim_prefix (../m22-part3-route-writer/node_modules/express/lib/router/index.js:326:13)
      at ../m22-part3-route-writer/node_modules/express/lib/router/index.js:286:9
      at router.process_params (../m22-part3-route-writer/node_modules/express/lib/router/index.js:346:12)
      at next (../m22-part3-route-writer/node_modules/express/lib/router/index.js:280:10)
      at Layer.handle_error (../m22-part3-route-writer/node_modules/express/lib/router/layer.js:67:12)
      at trim_prefix (../m22-part3-route-writer/node_modules/express/lib/router/index.js:326:13)
      at ../m22-part3-route-writer/node_modules/express/lib/router/index.js:286:9
      at router.process_params (../m22-part3-route-writer/node_modules/express/lib/router/index.js:346:12)
      at next (../m22-part3-route-writer/node_modules/express/lib/router/index.js:280:10)
      at Layer.handle_error (../m22-part3-route-writer/node_modules/express/lib/router/layer.js:67:12)
      at trim_prefix (../m22-part3-route-writer/node_modules/express/lib/router/index.js:326:13)
      at ../m22-part3-route-writer/node_modules/express/lib/router/index.js:286:9
      at router.process_params (../m22-part3-route-writer/node_modules/express/lib/router/index.js:346:12)
      at next (../m22-part3-route-writer/node_modules/express/lib/router/index.js:280:10)
      at Layer.handle_error (../m22-part3-route-writer/node_modules/express/lib/router/layer.js:67:12)
      at trim_prefix (../m22-part3-route-writer/node_modules/express/lib/router/index.js:326:13)
      at ../m22-part3-route-writer/node_modules/express/lib/router/index.js:286:9
      at router.process_params (../m22-part3-route-writer/node_modules/express/lib/router/index.js:346:12)
      at next (../m22-part3-route-writer/node_modules/express/lib/router/index.js:280:10)
      at next (src/scheduling/recommendationHttpBoundary.js:237:14)
      at next (src/middleware/security.js:52:3)
      at securityHeaders (src/scheduling/recommendationHttpBoundary.js:224:10)
      at Layer.handle [as handle_request] (../m22-part3-route-writer/node_modules/express/lib/router/layer.js:95:5)
      at trim_prefix (../m22-part3-route-writer/node_modules/express/lib/router/index.js:328:13)
      at ../m22-part3-route-writer/node_modules/express/lib/router/index.js:286:9
      at router.process_params (../m22-part3-route-writer/node_modules/express/lib/router/index.js:346:12)
      at next (../m22-part3-route-writer/node_modules/express/lib/router/index.js:280:10)
      at ../m22-part3-route-writer/node_modules/express/lib/router/index.js:646:15
      at next (../m22-part3-route-writer/node_modules/express/lib/router/index.js:265:14)
      at router.handle (../m22-part3-route-writer/node_modules/express/lib/router/index.js:175:3)
      at router (../m22-part3-route-writer/node_modules/express/lib/router/index.js:47:12)
      at Layer.handle [as handle_request] (../m22-part3-route-writer/node_modules/express/lib/router/layer.js:95:5)
      at trim_prefix (../m22-part3-route-writer/node_modules/express/lib/router/index.js:328:13)
      at ../m22-part3-route-writer/node_modules/express/lib/router/index.js:286:9
      at router.process_params (../m22-part3-route-writer/node_modules/express/lib/router/index.js:346:12)
      at next (../m22-part3-route-writer/node_modules/express/lib/router/index.js:280:10)
      at next (src/middleware/auditLog.js:25:3)
      at Layer.handle [as handle_request] (../m22-part3-route-writer/node_modules/express/lib/router/layer.js:95:5)
      at trim_prefix (../m22-part3-route-writer/node_modules/express/lib/router/index.js:328:13)
      at ../m22-part3-route-writer/node_modules/express/lib/router/index.js:286:9
      at router.process_params (../m22-part3-route-writer/node_modules/express/lib/router/index.js:346:12)
      at next (../m22-part3-route-writer/node_modules/express/lib/router/index.js:280:10)
      at cors (../m22-part3-route-writer/node_modules/cors/lib/index.js:188:7)

  console.error
    {
      component: 'http',
      event: 'request_failed',
      requestId: '7f8dbdcd-11b5-4337-b9e6-7171aba402cb',
      methodClass: 'POST',
      statusCode: 415
    }

      176 |     ...safeFields(fields),
      177 |   };
    > 178 |   console[level](record);
          |                 ^
      179 |   return record;
      180 | }
      181 |

      at write (src/observability/safeLogger.js:178:17)
      at Object.write (src/observability/safeLogger.js:191:10)
      at error (src/middleware/errorHandler.js:22:14)
      at Layer.handle_error (../m22-part3-route-writer/node_modules/express/lib/router/layer.js:71:5)
      at trim_prefix (../m22-part3-route-writer/node_modules/express/lib/router/index.js:326:13)
      at ../m22-part3-route-writer/node_modules/express/lib/router/index.js:286:9
      at router.process_params (../m22-part3-route-writer/node_modules/express/lib/router/index.js:346:12)
      at next (../m22-part3-route-writer/node_modules/express/lib/router/index.js:280:10)
      at Layer.handle_error (../m22-part3-route-writer/node_modules/express/lib/router/layer.js:67:12)
      at trim_prefix (../m22-part3-route-writer/node_modules/express/lib/router/index.js:326:13)
      at ../m22-part3-route-writer/node_modules/express/lib/router/index.js:286:9
      at router.process_params (../m22-part3-route-writer/node_modules/express/lib/router/index.js:346:12)
      at next (../m22-part3-route-writer/node_modules/express/lib/router/index.js:280:10)
      at Layer.handle_error (../m22-part3-route-writer/node_modules/express/lib/router/layer.js:67:12)
      at trim_prefix (../m22-part3-route-writer/node_modules/express/lib/router/index.js:326:13)
      at ../m22-part3-route-writer/node_modules/express/lib/router/index.js:286:9
      at router.process_params (../m22-part3-route-writer/node_modules/express/lib/router/index.js:346:12)
      at next (../m22-part3-route-writer/node_modules/express/lib/router/index.js:280:10)
      at Layer.handle_error (../m22-part3-route-writer/node_modules/express/lib/router/layer.js:67:12)
      at trim_prefix (../m22-part3-route-writer/node_modules/express/lib/router/index.js:326:13)
      at ../m22-part3-route-writer/node_modules/express/lib/router/index.js:286:9
      at router.process_params (../m22-part3-route-writer/node_modules/express/lib/router/index.js:346:12)
      at next (../m22-part3-route-writer/node_modules/express/lib/router/index.js:280:10)
      at Layer.handle_error (../m22-part3-route-writer/node_modules/express/lib/router/layer.js:67:12)
      at trim_prefix (../m22-part3-route-writer/node_modules/express/lib/router/index.js:326:13)
      at ../m22-part3-route-writer/node_modules/express/lib/router/index.js:286:9
      at router.process_params (../m22-part3-route-writer/node_modules/express/lib/router/index.js:346:12)
      at next (../m22-part3-route-writer/node_modules/express/lib/router/index.js:280:10)
      at Layer.handle_error (../m22-part3-route-writer/node_modules/express/lib/router/layer.js:67:12)
      at trim_prefix (../m22-part3-route-writer/node_modules/express/lib/router/index.js:326:13)
      at ../m22-part3-route-writer/node_modules/express/lib/router/index.js:286:9
      at router.process_params (../m22-part3-route-writer/node_modules/express/lib/router/index.js:346:12)
      at next (../m22-part3-route-writer/node_modules/express/lib/router/index.js:280:10)
      at Layer.handle_error (../m22-part3-route-writer/node_modules/express/lib/router/layer.js:67:12)
      at trim_prefix (../m22-part3-route-writer/node_modules/express/lib/router/index.js:326:13)
      at ../m22-part3-route-writer/node_modules/express/lib/router/index.js:286:9
      at router.process_params (../m22-part3-route-writer/node_modules/express/lib/router/index.js:346:12)
      at next (../m22-part3-route-writer/node_modules/express/lib/router/index.js:280:10)
      at Layer.handle_error (../m22-part3-route-writer/node_modules/express/lib/router/layer.js:67:12)
      at trim_prefix (../m22-part3-route-writer/node_modules/express/lib/router/index.js:326:13)
      at ../m22-part3-route-writer/node_modules/express/lib/router/index.js:286:9
      at router.process_params (../m22-part3-route-writer/node_modules/express/lib/router/index.js:346:12)
      at next (../m22-part3-route-writer/node_modules/express/lib/router/index.js:280:10)
      at Layer.handle_error (../m22-part3-route-writer/node_modules/express/lib/router/layer.js:67:12)
      at trim_prefix (../m22-part3-route-writer/node_modules/express/lib/router/index.js:326:13)
      at ../m22-part3-route-writer/node_modules/express/lib/router/index.js:286:9
      at router.process_params (../m22-part3-route-writer/node_modules/express/lib/router/index.js:346:12)
      at next (../m22-part3-route-writer/node_modules/express/lib/router/index.js:280:10)
      at Layer.handle_error (../m22-part3-route-writer/node_modules/express/lib/router/layer.js:67:12)
      at trim_prefix (../m22-part3-route-writer/node_modules/express/lib/router/index.js:326:13)
      at ../m22-part3-route-writer/node_modules/express/lib/router/index.js:286:9
      at router.process_params (../m22-part3-route-writer/node_modules/express/lib/router/index.js:346:12)
      at next (../m22-part3-route-writer/node_modules/express/lib/router/index.js:280:10)
      at Layer.handle_error (../m22-part3-route-writer/node_modules/express/lib/router/layer.js:67:12)
      at trim_prefix (../m22-part3-route-writer/node_modules/express/lib/router/index.js:326:13)
      at ../m22-part3-route-writer/node_modules/express/lib/router/index.js:286:9
      at router.process_params (../m22-part3-route-writer/node_modules/express/lib/router/index.js:346:12)
      at next (../m22-part3-route-writer/node_modules/express/lib/router/index.js:280:10)
      at Layer.handle_error (../m22-part3-route-writer/node_modules/express/lib/router/layer.js:67:12)
      at trim_prefix (../m22-part3-route-writer/node_modules/express/lib/router/index.js:326:13)
      at ../m22-part3-route-writer/node_modules/express/lib/router/index.js:286:9
      at router.process_params (../m22-part3-route-writer/node_modules/express/lib/router/index.js:346:12)
      at next (../m22-part3-route-writer/node_modules/express/lib/router/index.js:280:10)
      at Layer.handle_error (../m22-part3-route-writer/node_modules/express/lib/router/layer.js:67:12)
      at trim_prefix (../m22-part3-route-writer/node_modules/express/lib/router/index.js:326:13)
      at ../m22-part3-route-writer/node_modules/express/lib/router/index.js:286:9
      at router.process_params (../m22-part3-route-writer/node_modules/express/lib/router/index.js:346:12)
      at next (../m22-part3-route-writer/node_modules/express/lib/router/index.js:280:10)
      at Layer.handle_error (../m22-part3-route-writer/node_modules/express/lib/router/layer.js:67:12)
      at trim_prefix (../m22-part3-route-writer/node_modules/express/lib/router/index.js:326:13)
      at ../m22-part3-route-writer/node_modules/express/lib/router/index.js:286:9
      at router.process_params (../m22-part3-route-writer/node_modules/express/lib/router/index.js:346:12)
      at next (../m22-part3-route-writer/node_modules/express/lib/router/index.js:280:10)
      at next (src/scheduling/recommendationHttpBoundary.js:237:14)
      at next (src/middleware/security.js:52:3)
      at securityHeaders (src/scheduling/recommendationHttpBoundary.js:224:10)
      at Layer.handle [as handle_request] (../m22-part3-route-writer/node_modules/express/lib/router/layer.js:95:5)
      at trim_prefix (../m22-part3-route-writer/node_modules/express/lib/router/index.js:328:13)
      at ../m22-part3-route-writer/node_modules/express/lib/router/index.js:286:9
      at router.process_params (../m22-part3-route-writer/node_modules/express/lib/router/index.js:346:12)
      at next (../m22-part3-route-writer/node_modules/express/lib/router/index.js:280:10)
      at ../m22-part3-route-writer/node_modules/express/lib/router/index.js:646:15
      at next (../m22-part3-route-writer/node_modules/express/lib/router/index.js:265:14)
      at router.handle (../m22-part3-route-writer/node_modules/express/lib/router/index.js:175:3)
      at router (../m22-part3-route-writer/node_modules/express/lib/router/index.js:47:12)
      at Layer.handle [as handle_request] (../m22-part3-route-writer/node_modules/express/lib/router/layer.js:95:5)
      at trim_prefix (../m22-part3-route-writer/node_modules/express/lib/router/index.js:328:13)
      at ../m22-part3-route-writer/node_modules/express/lib/router/index.js:286:9
      at router.process_params (../m22-part3-route-writer/node_modules/express/lib/router/index.js:346:12)
      at next (../m22-part3-route-writer/node_modules/express/lib/router/index.js:280:10)
      at next (src/middleware/auditLog.js:25:3)
      at Layer.handle [as handle_request] (../m22-part3-route-writer/node_modules/express/lib/router/layer.js:95:5)
      at trim_prefix (../m22-part3-route-writer/node_modules/express/lib/router/index.js:328:13)
      at ../m22-part3-route-writer/node_modules/express/lib/router/index.js:286:9
      at router.process_params (../m22-part3-route-writer/node_modules/express/lib/router/index.js:346:12)
      at next (../m22-part3-route-writer/node_modules/express/lib/router/index.js:280:10)
      at cors (../m22-part3-route-writer/node_modules/cors/lib/index.js:188:7)

  console.error
    {
      component: 'http',
      event: 'request_failed',
      requestId: 'b8833951-717c-4d0c-a34a-8fb1243b719b',
      methodClass: 'POST',
      statusCode: 415
    }

      176 |     ...safeFields(fields),
      177 |   };
    > 178 |   console[level](record);
          |                 ^
      179 |   return record;
      180 | }
      181 |

      at write (src/observability/safeLogger.js:178:17)
      at Object.write (src/observability/safeLogger.js:191:10)
      at error (src/middleware/errorHandler.js:22:14)
      at Layer.handle_error (../m22-part3-route-writer/node_modules/express/lib/router/layer.js:71:5)
      at trim_prefix (../m22-part3-route-writer/node_modules/express/lib/router/index.js:326:13)
      at ../m22-part3-route-writer/node_modules/express/lib/router/index.js:286:9
      at router.process_params (../m22-part3-route-writer/node_modules/express/lib/router/index.js:346:12)
      at next (../m22-part3-route-writer/node_modules/express/lib/router/index.js:280:10)
      at Layer.handle_error (../m22-part3-route-writer/node_modules/express/lib/router/layer.js:67:12)
      at trim_prefix (../m22-part3-route-writer/node_modules/express/lib/router/index.js:326:13)
      at ../m22-part3-route-writer/node_modules/express/lib/router/index.js:286:9
      at router.process_params (../m22-part3-route-writer/node_modules/express/lib/router/index.js:346:12)
      at next (../m22-part3-route-writer/node_modules/express/lib/router/index.js:280:10)
      at Layer.handle_error (../m22-part3-route-writer/node_modules/express/lib/router/layer.js:67:12)
      at trim_prefix (../m22-part3-route-writer/node_modules/express/lib/router/index.js:326:13)
      at ../m22-part3-route-writer/node_modules/express/lib/router/index.js:286:9
      at router.process_params (../m22-part3-route-writer/node_modules/express/lib/router/index.js:346:12)
      at next (../m22-part3-route-writer/node_modules/express/lib/router/index.js:280:10)
      at Layer.handle_error (../m22-part3-route-writer/node_modules/express/lib/router/layer.js:67:12)
      at trim_prefix (../m22-part3-route-writer/node_modules/express/lib/router/index.js:326:13)
      at ../m22-part3-route-writer/node_modules/express/lib/router/index.js:286:9
      at router.process_params (../m22-part3-route-writer/node_modules/express/lib/router/index.js:346:12)
      at next (../m22-part3-route-writer/node_modules/express/lib/router/index.js:280:10)
      at Layer.handle_error (../m22-part3-route-writer/node_modules/express/lib/router/layer.js:67:12)
      at trim_prefix (../m22-part3-route-writer/node_modules/express/lib/router/index.js:326:13)
      at ../m22-part3-route-writer/node_modules/express/lib/router/index.js:286:9
      at router.process_params (../m22-part3-route-writer/node_modules/express/lib/router/index.js:346:12)
      at next (../m22-part3-route-writer/node_modules/express/lib/router/index.js:280:10)
      at Layer.handle_error (../m22-part3-route-writer/node_modules/express/lib/router/layer.js:67:12)
      at trim_prefix (../m22-part3-route-writer/node_modules/express/lib/router/index.js:326:13)
      at ../m22-part3-route-writer/node_modules/express/lib/router/index.js:286:9
      at router.process_params (../m22-part3-route-writer/node_modules/express/lib/router/index.js:346:12)
      at next (../m22-part3-route-writer/node_modules/express/lib/router/index.js:280:10)
      at Layer.handle_error (../m22-part3-route-writer/node_modules/express/lib/router/layer.js:67:12)
      at trim_prefix (../m22-part3-route-writer/node_modules/express/lib/router/index.js:326:13)
      at ../m22-part3-route-writer/node_modules/express/lib/router/index.js:286:9
      at router.process_params (../m22-part3-route-writer/node_modules/express/lib/router/index.js:346:12)
      at next (../m22-part3-route-writer/node_modules/express/lib/router/index.js:280:10)
      at Layer.handle_error (../m22-part3-route-writer/node_modules/express/lib/router/layer.js:67:12)
      at trim_prefix (../m22-part3-route-writer/node_modules/express/lib/router/index.js:326:13)
      at ../m22-part3-route-writer/node_modules/express/lib/router/index.js:286:9
      at router.process_params (../m22-part3-route-writer/node_modules/express/lib/router/index.js:346:12)
      at next (../m22-part3-route-writer/node_modules/express/lib/router/index.js:280:10)
      at Layer.handle_error (../m22-part3-route-writer/node_modules/express/lib/router/layer.js:67:12)
      at trim_prefix (../m22-part3-route-writer/node_modules/express/lib/router/index.js:326:13)
      at ../m22-part3-route-writer/node_modules/express/lib/router/index.js:286:9
      at router.process_params (../m22-part3-route-writer/node_modules/express/lib/router/index.js:346:12)
      at next (../m22-part3-route-writer/node_modules/express/lib/router/index.js:280:10)
      at Layer.handle_error (../m22-part3-route-writer/node_modules/express/lib/router/layer.js:67:12)
      at trim_prefix (../m22-part3-route-writer/node_modules/express/lib/router/index.js:326:13)
      at ../m22-part3-route-writer/node_modules/express/lib/router/index.js:286:9
      at router.process_params (../m22-part3-route-writer/node_modules/express/lib/router/index.js:346:12)
      at next (../m22-part3-route-writer/node_modules/express/lib/router/index.js:280:10)
      at Layer.handle_error (../m22-part3-route-writer/node_modules/express/lib/router/layer.js:67:12)
      at trim_prefix (../m22-part3-route-writer/node_modules/express/lib/router/index.js:326:13)
      at ../m22-part3-route-writer/node_modules/express/lib/router/index.js:286:9
      at router.process_params (../m22-part3-route-writer/node_modules/express/lib/router/index.js:346:12)
      at next (../m22-part3-route-writer/node_modules/express/lib/router/index.js:280:10)
      at Layer.handle_error (../m22-part3-route-writer/node_modules/express/lib/router/layer.js:67:12)
      at trim_prefix (../m22-part3-route-writer/node_modules/express/lib/router/index.js:326:13)
      at ../m22-part3-route-writer/node_modules/express/lib/router/index.js:286:9
      at router.process_params (../m22-part3-route-writer/node_modules/express/lib/router/index.js:346:12)
      at next (../m22-part3-route-writer/node_modules/express/lib/router/index.js:280:10)
      at Layer.handle_error (../m22-part3-route-writer/node_modules/express/lib/router/layer.js:67:12)
      at trim_prefix (../m22-part3-route-writer/node_modules/express/lib/router/index.js:326:13)
      at ../m22-part3-route-writer/node_modules/express/lib/router/index.js:286:9
      at router.process_params (../m22-part3-route-writer/node_modules/express/lib/router/index.js:346:12)
      at next (../m22-part3-route-writer/node_modules/express/lib/router/index.js:280:10)
      at Layer.handle_error (../m22-part3-route-writer/node_modules/express/lib/router/layer.js:67:12)
      at trim_prefix (../m22-part3-route-writer/node_modules/express/lib/router/index.js:326:13)
      at ../m22-part3-route-writer/node_modules/express/lib/router/index.js:286:9
      at router.process_params (../m22-part3-route-writer/node_modules/express/lib/router/index.js:346:12)
      at next (../m22-part3-route-writer/node_modules/express/lib/router/index.js:280:10)
      at next (src/scheduling/recommendationHttpBoundary.js:237:14)
      at next (src/middleware/security.js:52:3)
      at securityHeaders (src/scheduling/recommendationHttpBoundary.js:224:10)
      at Layer.handle [as handle_request] (../m22-part3-route-writer/node_modules/express/lib/router/layer.js:95:5)
      at trim_prefix (../m22-part3-route-writer/node_modules/express/lib/router/index.js:328:13)
      at ../m22-part3-route-writer/node_modules/express/lib/router/index.js:286:9
      at router.process_params (../m22-part3-route-writer/node_modules/express/lib/router/index.js:346:12)
      at next (../m22-part3-route-writer/node_modules/express/lib/router/index.js:280:10)
      at ../m22-part3-route-writer/node_modules/express/lib/router/index.js:646:15
      at next (../m22-part3-route-writer/node_modules/express/lib/router/index.js:265:14)
      at router.handle (../m22-part3-route-writer/node_modules/express/lib/router/index.js:175:3)
      at router (../m22-part3-route-writer/node_modules/express/lib/router/index.js:47:12)
      at Layer.handle [as handle_request] (../m22-part3-route-writer/node_modules/express/lib/router/layer.js:95:5)
      at trim_prefix (../m22-part3-route-writer/node_modules/express/lib/router/index.js:328:13)
      at ../m22-part3-route-writer/node_modules/express/lib/router/index.js:286:9
      at router.process_params (../m22-part3-route-writer/node_modules/express/lib/router/index.js:346:12)
      at next (../m22-part3-route-writer/node_modules/express/lib/router/index.js:280:10)
      at next (src/middleware/auditLog.js:25:3)
      at Layer.handle [as handle_request] (../m22-part3-route-writer/node_modules/express/lib/router/layer.js:95:5)
      at trim_prefix (../m22-part3-route-writer/node_modules/express/lib/router/index.js:328:13)
      at ../m22-part3-route-writer/node_modules/express/lib/router/index.js:286:9
      at router.process_params (../m22-part3-route-writer/node_modules/express/lib/router/index.js:346:12)
      at next (../m22-part3-route-writer/node_modules/express/lib/router/index.js:280:10)
      at cors (../m22-part3-route-writer/node_modules/cors/lib/index.js:188:7)

  console.info
    {
      component: 'http',
      event: 'request_completed',
      requestId: 'fdcb8449-5deb-4f4c-9a10-fc005219d6ed',
      methodClass: 'POST',
      durationMs: 120,
      statusCode: 200
    }

      at write (src/observability/safeLogger.js:178:17)

  console.info
    {
      component: 'http',
      event: 'request_completed',
      requestId: '470b1302-aa9c-480a-9143-5e750266ba05',
      methodClass: 'POST',
      durationMs: 104,
      statusCode: 200
    }

      at write (src/observability/safeLogger.js:178:17)

  console.info
    {
      component: 'http',
      event: 'request_completed',
      requestId: '236d726c-b922-4323-bb8b-1cda4109484f',
      methodClass: 'POST',
      durationMs: 118,
      statusCode: 200
    }

      at write (src/observability/safeLogger.js:178:17)

  console.error
    {
      component: 'http',
      event: 'request_failed',
      requestId: 'bdc3cb8b-ea4c-4340-b1db-fa16971733c3',
      methodClass: 'POST',
      statusCode: 400
    }

      176 |     ...safeFields(fields),
      177 |   };
    > 178 |   console[level](record);
          |                 ^
      179 |   return record;
      180 | }
      181 |

      at write (src/observability/safeLogger.js:178:17)
      at Object.write (src/observability/safeLogger.js:191:10)
      at error (src/middleware/errorHandler.js:22:14)
      at Layer.handle_error (../m22-part3-route-writer/node_modules/express/lib/router/layer.js:71:5)
      at trim_prefix (../m22-part3-route-writer/node_modules/express/lib/router/index.js:326:13)
      at ../m22-part3-route-writer/node_modules/express/lib/router/index.js:286:9
      at router.process_params (../m22-part3-route-writer/node_modules/express/lib/router/index.js:346:12)
      at next (../m22-part3-route-writer/node_modules/express/lib/router/index.js:280:10)
      at Layer.handle_error (../m22-part3-route-writer/node_modules/express/lib/router/layer.js:67:12)
      at trim_prefix (../m22-part3-route-writer/node_modules/express/lib/router/index.js:326:13)
      at ../m22-part3-route-writer/node_modules/express/lib/router/index.js:286:9
      at router.process_params (../m22-part3-route-writer/node_modules/express/lib/router/index.js:346:12)
      at next (../m22-part3-route-writer/node_modules/express/lib/router/index.js:280:10)
      at Layer.handle_error (../m22-part3-route-writer/node_modules/express/lib/router/layer.js:67:12)
      at trim_prefix (../m22-part3-route-writer/node_modules/express/lib/router/index.js:326:13)
      at ../m22-part3-route-writer/node_modules/express/lib/router/index.js:286:9
      at router.process_params (../m22-part3-route-writer/node_modules/express/lib/router/index.js:346:12)
      at next (../m22-part3-route-writer/node_modules/express/lib/router/index.js:280:10)
      at Layer.handle_error (../m22-part3-route-writer/node_modules/express/lib/router/layer.js:67:12)
      at trim_prefix (../m22-part3-route-writer/node_modules/express/lib/router/index.js:326:13)
      at ../m22-part3-route-writer/node_modules/express/lib/router/index.js:286:9
      at router.process_params (../m22-part3-route-writer/node_modules/express/lib/router/index.js:346:12)
      at next (../m22-part3-route-writer/node_modules/express/lib/router/index.js:280:10)
      at Layer.handle_error (../m22-part3-route-writer/node_modules/express/lib/router/layer.js:67:12)
      at trim_prefix (../m22-part3-route-writer/node_modules/express/lib/router/index.js:326:13)
      at ../m22-part3-route-writer/node_modules/express/lib/router/index.js:286:9
      at router.process_params (../m22-part3-route-writer/node_modules/express/lib/router/index.js:346:12)
      at next (../m22-part3-route-writer/node_modules/express/lib/router/index.js:280:10)
      at Layer.handle_error (../m22-part3-route-writer/node_modules/express/lib/router/layer.js:67:12)
      at trim_prefix (../m22-part3-route-writer/node_modules/express/lib/router/index.js:326:13)
      at ../m22-part3-route-writer/node_modules/express/lib/router/index.js:286:9
      at router.process_params (../m22-part3-route-writer/node_modules/express/lib/router/index.js:346:12)
      at next (../m22-part3-route-writer/node_modules/express/lib/router/index.js:280:10)
      at Layer.handle_error (../m22-part3-route-writer/node_modules/express/lib/router/layer.js:67:12)
      at trim_prefix (../m22-part3-route-writer/node_modules/express/lib/router/index.js:326:13)
      at ../m22-part3-route-writer/node_modules/express/lib/router/index.js:286:9
      at router.process_params (../m22-part3-route-writer/node_modules/express/lib/router/index.js:346:12)
      at next (../m22-part3-route-writer/node_modules/express/lib/router/index.js:280:10)
      at Layer.handle_error (../m22-part3-route-writer/node_modules/express/lib/router/layer.js:67:12)
      at trim_prefix (../m22-part3-route-writer/node_modules/express/lib/router/index.js:326:13)
      at ../m22-part3-route-writer/node_modules/express/lib/router/index.js:286:9
      at router.process_params (../m22-part3-route-writer/node_modules/express/lib/router/index.js:346:12)
      at next (../m22-part3-route-writer/node_modules/express/lib/router/index.js:280:10)
      at Layer.handle_error (../m22-part3-route-writer/node_modules/express/lib/router/layer.js:67:12)
      at trim_prefix (../m22-part3-route-writer/node_modules/express/lib/router/index.js:326:13)
      at ../m22-part3-route-writer/node_modules/express/lib/router/index.js:286:9
      at router.process_params (../m22-part3-route-writer/node_modules/express/lib/router/index.js:346:12)
      at next (../m22-part3-route-writer/node_modules/express/lib/router/index.js:280:10)
      at Layer.handle_error (../m22-part3-route-writer/node_modules/express/lib/router/layer.js:67:12)
      at trim_prefix (../m22-part3-route-writer/node_modules/express/lib/router/index.js:326:13)
      at ../m22-part3-route-writer/node_modules/express/lib/router/index.js:286:9
      at router.process_params (../m22-part3-route-writer/node_modules/express/lib/router/index.js:346:12)
      at next (../m22-part3-route-writer/node_modules/express/lib/router/index.js:280:10)
      at Layer.handle_error (../m22-part3-route-writer/node_modules/express/lib/router/layer.js:67:12)
      at trim_prefix (../m22-part3-route-writer/node_modules/express/lib/router/index.js:326:13)
      at ../m22-part3-route-writer/node_modules/express/lib/router/index.js:286:9
      at router.process_params (../m22-part3-route-writer/node_modules/express/lib/router/index.js:346:12)
      at next (../m22-part3-route-writer/node_modules/express/lib/router/index.js:280:10)
      at Layer.handle_error (../m22-part3-route-writer/node_modules/express/lib/router/layer.js:67:12)
      at trim_prefix (../m22-part3-route-writer/node_modules/express/lib/router/index.js:326:13)
      at ../m22-part3-route-writer/node_modules/express/lib/router/index.js:286:9
      at router.process_params (../m22-part3-route-writer/node_modules/express/lib/router/index.js:346:12)
      at next (../m22-part3-route-writer/node_modules/express/lib/router/index.js:280:10)
      at Layer.handle_error (../m22-part3-route-writer/node_modules/express/lib/router/layer.js:67:12)
      at trim_prefix (../m22-part3-route-writer/node_modules/express/lib/router/index.js:326:13)
      at ../m22-part3-route-writer/node_modules/express/lib/router/index.js:286:9
      at router.process_params (../m22-part3-route-writer/node_modules/express/lib/router/index.js:346:12)
      at next (../m22-part3-route-writer/node_modules/express/lib/router/index.js:280:10)
      at Layer.handle_error (../m22-part3-route-writer/node_modules/express/lib/router/layer.js:67:12)
      at trim_prefix (../m22-part3-route-writer/node_modules/express/lib/router/index.js:326:13)
      at ../m22-part3-route-writer/node_modules/express/lib/router/index.js:286:9
      at router.process_params (../m22-part3-route-writer/node_modules/express/lib/router/index.js:346:12)
      at next (../m22-part3-route-writer/node_modules/express/lib/router/index.js:280:10)
      at next (src/scheduling/recommendationHttpBoundary.js:255:16)
      at ../m22-part3-route-writer/node_modules/body-parser/lib/read.js:137:5
      at invokeCallback (../m22-part3-route-writer/node_modules/raw-body/index.js:238:16)
      at done (../m22-part3-route-writer/node_modules/raw-body/index.js:227:7)
      at IncomingMessage.onEnd (../m22-part3-route-writer/node_modules/raw-body/index.js:287:7)

  console.info
    {
      component: 'http',
      event: 'request_completed',
      requestId: 'fb1c5b61-d77e-4f10-bbad-c2debaa7cb2f',
      methodClass: 'POST',
      durationMs: 1,
      statusCode: 401
    }

      at write (src/observability/safeLogger.js:178:17)

  console.info
    {
      component: 'http',
      event: 'request_completed',
      requestId: '8e5877b7-3f2e-4660-bca1-f048149c51c9',
      methodClass: 'POST',
      durationMs: 0,
      statusCode: 401
    }

      at write (src/observability/safeLogger.js:178:17)

  console.info
    {
      component: 'http',
      event: 'request_completed',
      requestId: '3eaaf73d-5dfb-4ffe-9777-a0022241838e',
      methodClass: 'POST',
      durationMs: 0,
      statusCode: 401
    }

      at write (src/observability/safeLogger.js:178:17)

  console.info
    {
      component: 'http',
      event: 'request_completed',
      requestId: 'f4b6977c-3c49-441b-b2b9-93a403ede4d4',
      methodClass: 'POST',
      durationMs: 1,
      statusCode: 401
    }

      at write (src/observability/safeLogger.js:178:17)

  console.info
    {
      component: 'http',
      event: 'request_completed',
      requestId: 'db31c1fc-7ea4-4d29-8781-4c6d665731f4',
      methodClass: 'POST',
      durationMs: 1,
      statusCode: 401
    }

      at write (src/observability/safeLogger.js:178:17)

  console.info
    {
      component: 'http',
      event: 'request_completed',
      requestId: 'f87884dd-90ab-4982-8eaf-918179a5869b',
      methodClass: 'POST',
      durationMs: 1,
      statusCode: 401
    }

      at write (src/observability/safeLogger.js:178:17)

  console.info
    {
      component: 'http',
      event: 'request_completed',
      requestId: '49eb2862-9cb1-4308-bbfb-5b7fd009910d',
      methodClass: 'POST',
      durationMs: 1,
      statusCode: 401
    }

      at write (src/observability/safeLogger.js:178:17)

  console.info
    {
      component: 'http',
      event: 'request_completed',
      requestId: '5485155b-8df2-4b41-8963-62486f7720bb',
      methodClass: 'POST',
      durationMs: 1,
      statusCode: 401
    }

      at write (src/observability/safeLogger.js:178:17)

  console.info
    {
      component: 'http',
      event: 'request_completed',
      requestId: '059ea745-c624-4874-bebb-07b8ad32f51a',
      methodClass: 'POST',
      durationMs: 0,
      statusCode: 401
    }

      at write (src/observability/safeLogger.js:178:17)

  console.info
    {
      component: 'http',
      event: 'request_completed',
      requestId: '069ef716-3b22-4fb2-bd92-e7c848724368',
      methodClass: 'POST',
      durationMs: 0,
      statusCode: 401
    }

      at write (src/observability/safeLogger.js:178:17)

  console.info
    {
      component: 'http',
      event: 'request_completed',
      requestId: '8de9eaaf-b03f-4544-8630-8a8beb73883b',
      methodClass: 'POST',
      durationMs: 1,
      statusCode: 401
    }

      at write (src/observability/safeLogger.js:178:17)

  console.info
    {
      component: 'http',
      event: 'request_completed',
      requestId: 'e1625e55-2626-4b93-ae61-2291c66956af',
      methodClass: 'POST',
      durationMs: 1,
      statusCode: 401
    }

      at write (src/observability/safeLogger.js:178:17)

  console.info
    {
      component: 'http',
      event: 'request_completed',
      requestId: '62d1f289-f2a6-49a0-a032-a870d5acfc3a',
      methodClass: 'POST',
      durationMs: 1,
      statusCode: 401
    }

      at write (src/observability/safeLogger.js:178:17)

  console.info
    {
      component: 'http',
      event: 'request_completed',
      requestId: '673aacb4-bf0d-4f42-83f6-91f7c9b59f5d',
      methodClass: 'POST',
      durationMs: 1,
      statusCode: 401
    }

      at write (src/observability/safeLogger.js:178:17)

  console.info
    {
      component: 'http',
      event: 'request_completed',
      requestId: '0b852c27-3caa-4077-b5b7-8090a16489d8',
      methodClass: 'POST',
      durationMs: 1,
      statusCode: 401
    }

      at write (src/observability/safeLogger.js:178:17)

  console.info
    {
      component: 'http',
      event: 'request_completed',
      requestId: '5d631336-a82e-4396-8298-a81c1b46d039',
      methodClass: 'POST',
      durationMs: 1,
      statusCode: 401
    }

      at write (src/observability/safeLogger.js:178:17)

  console.info
    {
      component: 'http',
      event: 'request_completed',
      requestId: '58efc986-9704-43e7-8c1f-14848595d1af',
      methodClass: 'POST',
      durationMs: 1,
      statusCode: 401
    }

      at write (src/observability/safeLogger.js:178:17)

  console.info
    {
      component: 'http',
      event: 'request_completed',
      requestId: '8444aa0e-abae-4d8d-890a-c0489a30252f',
      methodClass: 'POST',
      durationMs: 3,
      statusCode: 404
    }

      at write (src/observability/safeLogger.js:178:17)

  console.info
    {
      component: 'http',
      event: 'request_completed',
      requestId: 'b8b9af6a-80c1-43eb-ad61-09c7f39ab04f',
      methodClass: 'POST',
      durationMs: 2,
      statusCode: 404
    }

      at write (src/observability/safeLogger.js:178:17)

  console.info
    {
      component: 'http',
      event: 'request_completed',
      requestId: 'fb5bcf7c-fbd5-4e5a-bdfe-44e25f714d3f',
      methodClass: 'POST',
      durationMs: 3,
      statusCode: 404
    }

      at write (src/observability/safeLogger.js:178:17)

  console.info
    {
      component: 'http',
      event: 'request_completed',
      requestId: 'a0766e64-fe26-4d00-8e6e-86617b569252',
      methodClass: 'POST',
      durationMs: 1,
      statusCode: 404
    }

      at write (src/observability/safeLogger.js:178:17)

  console.info
    {
      component: 'http',
      event: 'request_completed',
      requestId: 'a98be209-2fcb-4f7b-a054-ad9593cc84e7',
      methodClass: 'POST',
      durationMs: 1,
      statusCode: 404
    }

      at write (src/observability/safeLogger.js:178:17)

  console.error
    {
      component: 'http',
      event: 'request_failed',
      requestId: 'd7817038-7d7b-4521-8ca0-9613f84de9c0',
      methodClass: 'POST',
      statusCode: 500
    }

      176 |     ...safeFields(fields),
      177 |   };
    > 178 |   console[level](record);
          |                 ^
      179 |   return record;
      180 | }
      181 |

      at write (src/observability/safeLogger.js:178:17)
      at Object.write (src/observability/safeLogger.js:191:10)
      at error (src/middleware/errorHandler.js:22:14)
      at Layer.handle_error (../m22-part3-route-writer/node_modules/express/lib/router/layer.js:71:5)
      at trim_prefix (../m22-part3-route-writer/node_modules/express/lib/router/index.js:326:13)
      at ../m22-part3-route-writer/node_modules/express/lib/router/index.js:286:9
      at router.process_params (../m22-part3-route-writer/node_modules/express/lib/router/index.js:346:12)
      at next (../m22-part3-route-writer/node_modules/express/lib/router/index.js:280:10)
      at Layer.handle_error (../m22-part3-route-writer/node_modules/express/lib/router/layer.js:67:12)
      at trim_prefix (../m22-part3-route-writer/node_modules/express/lib/router/index.js:326:13)
      at ../m22-part3-route-writer/node_modules/express/lib/router/index.js:286:9
      at router.process_params (../m22-part3-route-writer/node_modules/express/lib/router/index.js:346:12)
      at next (../m22-part3-route-writer/node_modules/express/lib/router/index.js:280:10)
      at Layer.handle_error (../m22-part3-route-writer/node_modules/express/lib/router/layer.js:67:12)
      at trim_prefix (../m22-part3-route-writer/node_modules/express/lib/router/index.js:326:13)
      at ../m22-part3-route-writer/node_modules/express/lib/router/index.js:286:9
      at router.process_params (../m22-part3-route-writer/node_modules/express/lib/router/index.js:346:12)
      at next (../m22-part3-route-writer/node_modules/express/lib/router/index.js:280:10)
      at Layer.handle_error (../m22-part3-route-writer/node_modules/express/lib/router/layer.js:67:12)
      at trim_prefix (../m22-part3-route-writer/node_modules/express/lib/router/index.js:326:13)
      at ../m22-part3-route-writer/node_modules/express/lib/router/index.js:286:9
      at router.process_params (../m22-part3-route-writer/node_modules/express/lib/router/index.js:346:12)
      at next (../m22-part3-route-writer/node_modules/express/lib/router/index.js:280:10)
      at Layer.handle_error (../m22-part3-route-writer/node_modules/express/lib/router/layer.js:67:12)
      at trim_prefix (../m22-part3-route-writer/node_modules/express/lib/router/index.js:326:13)
      at ../m22-part3-route-writer/node_modules/express/lib/router/index.js:286:9
      at router.process_params (../m22-part3-route-writer/node_modules/express/lib/router/index.js:346:12)
      at next (../m22-part3-route-writer/node_modules/express/lib/router/index.js:280:10)
      at Layer.handle_error (../m22-part3-route-writer/node_modules/express/lib/router/layer.js:67:12)
      at trim_prefix (../m22-part3-route-writer/node_modules/express/lib/router/index.js:326:13)
      at ../m22-part3-route-writer/node_modules/express/lib/router/index.js:286:9
      at router.process_params (../m22-part3-route-writer/node_modules/express/lib/router/index.js:346:12)
      at next (../m22-part3-route-writer/node_modules/express/lib/router/index.js:280:10)
      at Layer.handle_error (../m22-part3-route-writer/node_modules/express/lib/router/layer.js:67:12)
      at trim_prefix (../m22-part3-route-writer/node_modules/express/lib/router/index.js:326:13)
      at ../m22-part3-route-writer/node_modules/express/lib/router/index.js:286:9
      at router.process_params (../m22-part3-route-writer/node_modules/express/lib/router/index.js:346:12)
      at next (../m22-part3-route-writer/node_modules/express/lib/router/index.js:280:10)
      at Layer.handle_error (../m22-part3-route-writer/node_modules/express/lib/router/layer.js:67:12)
      at trim_prefix (../m22-part3-route-writer/node_modules/express/lib/router/index.js:326:13)
      at ../m22-part3-route-writer/node_modules/express/lib/router/index.js:286:9
      at router.process_params (../m22-part3-route-writer/node_modules/express/lib/router/index.js:346:12)
      at next (../m22-part3-route-writer/node_modules/express/lib/router/index.js:280:10)
      at ../m22-part3-route-writer/node_modules/express/lib/router/index.js:646:15
      at next (../m22-part3-route-writer/node_modules/express/lib/router/index.js:265:14)
      at next (../m22-part3-route-writer/node_modules/express/lib/router/route.js:141:14)
      at Layer.handle_error (../m22-part3-route-writer/node_modules/express/lib/router/layer.js:67:12)
      at next (../m22-part3-route-writer/node_modules/express/lib/router/route.js:147:13)
      at Layer.handle_error (../m22-part3-route-writer/node_modules/express/lib/router/layer.js:67:12)
      at next (../m22-part3-route-writer/node_modules/express/lib/router/route.js:147:13)
      at Layer.handle_error (../m22-part3-route-writer/node_modules/express/lib/router/layer.js:67:12)
      at next (../m22-part3-route-writer/node_modules/express/lib/router/route.js:147:13)
      at Layer.handle_error (../m22-part3-route-writer/node_modules/express/lib/router/layer.js:67:12)
      at next (../m22-part3-route-writer/node_modules/express/lib/router/route.js:147:13)
      at next (src/scheduling/recommendationHttpBoundary.js:268:10)
      at Layer.handle [as handle_request] (../m22-part3-route-writer/node_modules/express/lib/router/layer.js:95:5)
      at next (../m22-part3-route-writer/node_modules/express/lib/router/route.js:149:13)
      at Route.dispatch (../m22-part3-route-writer/node_modules/express/lib/router/route.js:119:3)
      at Layer.handle [as handle_request] (../m22-part3-route-writer/node_modules/express/lib/router/layer.js:95:5)
      at ../m22-part3-route-writer/node_modules/express/lib/router/index.js:284:15
      at param (../m22-part3-route-writer/node_modules/express/lib/router/index.js:365:14)
      at param (../m22-part3-route-writer/node_modules/express/lib/router/index.js:376:14)
      at router.process_params (../m22-part3-route-writer/node_modules/express/lib/router/index.js:421:3)
      at next (../m22-part3-route-writer/node_modules/express/lib/router/index.js:280:10)
      at router.handle (../m22-part3-route-writer/node_modules/express/lib/router/index.js:175:3)
      at router (../m22-part3-route-writer/node_modules/express/lib/router/index.js:47:12)
      at Layer.handle [as handle_request] (../m22-part3-route-writer/node_modules/express/lib/router/layer.js:95:5)
      at trim_prefix (../m22-part3-route-writer/node_modules/express/lib/router/index.js:328:13)
      at ../m22-part3-route-writer/node_modules/express/lib/router/index.js:286:9
      at router.process_params (../m22-part3-route-writer/node_modules/express/lib/router/index.js:346:12)
      at next (../m22-part3-route-writer/node_modules/express/lib/router/index.js:280:10)
      at ../m22-part3-route-writer/node_modules/express/lib/router/index.js:646:15
      at next (../m22-part3-route-writer/node_modules/express/lib/router/index.js:265:14)
      at router.handle (../m22-part3-route-writer/node_modules/express/lib/router/index.js:175:3)
      at router (../m22-part3-route-writer/node_modules/express/lib/router/index.js:47:12)
      at Layer.handle [as handle_request] (../m22-part3-route-writer/node_modules/express/lib/router/layer.js:95:5)
      at trim_prefix (../m22-part3-route-writer/node_modules/express/lib/router/index.js:328:13)
      at ../m22-part3-route-writer/node_modules/express/lib/router/index.js:286:9
      at router.process_params (../m22-part3-route-writer/node_modules/express/lib/router/index.js:346:12)
      at next (../m22-part3-route-writer/node_modules/express/lib/router/index.js:280:10)
      at next (src/middleware/auditLog.js:168:3)
      at Layer.handle [as handle_request] (../m22-part3-route-writer/node_modules/express/lib/router/layer.js:95:5)
      at trim_prefix (../m22-part3-route-writer/node_modules/express/lib/router/index.js:328:13)
      at ../m22-part3-route-writer/node_modules/express/lib/router/index.js:286:9
      at router.process_params (../m22-part3-route-writer/node_modules/express/lib/router/index.js:346:12)
      at next (../m22-part3-route-writer/node_modules/express/lib/router/index.js:280:10)
      at next (src/middleware/security.js:52:3)
      at Layer.handle [as handle_request] (../m22-part3-route-writer/node_modules/express/lib/router/layer.js:95:5)
      at trim_prefix (../m22-part3-route-writer/node_modules/express/lib/router/index.js:328:13)
      at ../m22-part3-route-writer/node_modules/express/lib/router/index.js:286:9
      at router.process_params (../m22-part3-route-writer/node_modules/express/lib/router/index.js:346:12)
      at next (../m22-part3-route-writer/node_modules/express/lib/router/index.js:280:10)
      at ../m22-part3-route-writer/node_modules/body-parser/lib/read.js:137:5
      at invokeCallback (../m22-part3-route-writer/node_modules/raw-body/index.js:238:16)
      at done (../m22-part3-route-writer/node_modules/raw-body/index.js:227:7)
      at IncomingMessage.onEnd (../m22-part3-route-writer/node_modules/raw-body/index.js:287:7)

  console.info
    {
      component: 'http',
      event: 'request_completed',
      requestId: 'd7817038-7d7b-4521-8ca0-9613f84de9c0',
      methodClass: 'POST',
      durationMs: 12,
      statusCode: 500
    }

      at write (src/observability/safeLogger.js:178:17)

  console.error
    {
      component: 'http',
      event: 'request_failed',
      requestId: 'c2e8459a-72df-4373-9b4b-04ad8ac41238',
      methodClass: 'POST',
      statusCode: 500
    }

      176 |     ...safeFields(fields),
      177 |   };
    > 178 |   console[level](record);
          |                 ^
      179 |   return record;
      180 | }
      181 |

      at write (src/observability/safeLogger.js:178:17)
      at Object.write (src/observability/safeLogger.js:191:10)
      at error (src/middleware/errorHandler.js:22:14)
      at Layer.handle_error (../m22-part3-route-writer/node_modules/express/lib/router/layer.js:71:5)
      at trim_prefix (../m22-part3-route-writer/node_modules/express/lib/router/index.js:326:13)
      at ../m22-part3-route-writer/node_modules/express/lib/router/index.js:286:9
      at router.process_params (../m22-part3-route-writer/node_modules/express/lib/router/index.js:346:12)
      at next (../m22-part3-route-writer/node_modules/express/lib/router/index.js:280:10)
      at Layer.handle_error (../m22-part3-route-writer/node_modules/express/lib/router/layer.js:67:12)
      at trim_prefix (../m22-part3-route-writer/node_modules/express/lib/router/index.js:326:13)
      at ../m22-part3-route-writer/node_modules/express/lib/router/index.js:286:9
      at router.process_params (../m22-part3-route-writer/node_modules/express/lib/router/index.js:346:12)
      at next (../m22-part3-route-writer/node_modules/express/lib/router/index.js:280:10)
      at Layer.handle_error (../m22-part3-route-writer/node_modules/express/lib/router/layer.js:67:12)
      at trim_prefix (../m22-part3-route-writer/node_modules/express/lib/router/index.js:326:13)
      at ../m22-part3-route-writer/node_modules/express/lib/router/index.js:286:9
      at router.process_params (../m22-part3-route-writer/node_modules/express/lib/router/index.js:346:12)
      at next (../m22-part3-route-writer/node_modules/express/lib/router/index.js:280:10)
      at Layer.handle_error (../m22-part3-route-writer/node_modules/express/lib/router/layer.js:67:12)
      at trim_prefix (../m22-part3-route-writer/node_modules/express/lib/router/index.js:326:13)
      at ../m22-part3-route-writer/node_modules/express/lib/router/index.js:286:9
      at router.process_params (../m22-part3-route-writer/node_modules/express/lib/router/index.js:346:12)
      at next (../m22-part3-route-writer/node_modules/express/lib/router/index.js:280:10)
      at Layer.handle_error (../m22-part3-route-writer/node_modules/express/lib/router/layer.js:67:12)
      at trim_prefix (../m22-part3-route-writer/node_modules/express/lib/router/index.js:326:13)
      at ../m22-part3-route-writer/node_modules/express/lib/router/index.js:286:9
      at router.process_params (../m22-part3-route-writer/node_modules/express/lib/router/index.js:346:12)
      at next (../m22-part3-route-writer/node_modules/express/lib/router/index.js:280:10)
      at Layer.handle_error (../m22-part3-route-writer/node_modules/express/lib/router/layer.js:67:12)
      at trim_prefix (../m22-part3-route-writer/node_modules/express/lib/router/index.js:326:13)
      at ../m22-part3-route-writer/node_modules/express/lib/router/index.js:286:9
      at router.process_params (../m22-part3-route-writer/node_modules/express/lib/router/index.js:346:12)
      at next (../m22-part3-route-writer/node_modules/express/lib/router/index.js:280:10)
      at Layer.handle_error (../m22-part3-route-writer/node_modules/express/lib/router/layer.js:67:12)
      at trim_prefix (../m22-part3-route-writer/node_modules/express/lib/router/index.js:326:13)
      at ../m22-part3-route-writer/node_modules/express/lib/router/index.js:286:9
      at router.process_params (../m22-part3-route-writer/node_modules/express/lib/router/index.js:346:12)
      at next (../m22-part3-route-writer/node_modules/express/lib/router/index.js:280:10)
      at Layer.handle_error (../m22-part3-route-writer/node_modules/express/lib/router/layer.js:67:12)
      at trim_prefix (../m22-part3-route-writer/node_modules/express/lib/router/index.js:326:13)
      at ../m22-part3-route-writer/node_modules/express/lib/router/index.js:286:9
      at router.process_params (../m22-part3-route-writer/node_modules/express/lib/router/index.js:346:12)
      at next (../m22-part3-route-writer/node_modules/express/lib/router/index.js:280:10)
      at ../m22-part3-route-writer/node_modules/express/lib/router/index.js:646:15
      at next (../m22-part3-route-writer/node_modules/express/lib/router/index.js:265:14)
      at next (../m22-part3-route-writer/node_modules/express/lib/router/route.js:141:14)
      at Layer.handle_error (../m22-part3-route-writer/node_modules/express/lib/router/layer.js:67:12)
      at next (../m22-part3-route-writer/node_modules/express/lib/router/route.js:147:13)
      at Layer.handle_error (../m22-part3-route-writer/node_modules/express/lib/router/layer.js:67:12)
      at next (../m22-part3-route-writer/node_modules/express/lib/router/route.js:147:13)
      at Layer.handle_error (../m22-part3-route-writer/node_modules/express/lib/router/layer.js:67:12)
      at next (../m22-part3-route-writer/node_modules/express/lib/router/route.js:147:13)
      at Layer.handle_error (../m22-part3-route-writer/node_modules/express/lib/router/layer.js:67:12)
      at next (../m22-part3-route-writer/node_modules/express/lib/router/route.js:147:13)
      at next (src/scheduling/recommendationHttpBoundary.js:268:10)
      at Layer.handle [as handle_request] (../m22-part3-route-writer/node_modules/express/lib/router/layer.js:95:5)
      at next (../m22-part3-route-writer/node_modules/express/lib/router/route.js:149:13)
      at Route.dispatch (../m22-part3-route-writer/node_modules/express/lib/router/route.js:119:3)
      at Layer.handle [as handle_request] (../m22-part3-route-writer/node_modules/express/lib/router/layer.js:95:5)
      at ../m22-part3-route-writer/node_modules/express/lib/router/index.js:284:15
      at param (../m22-part3-route-writer/node_modules/express/lib/router/index.js:365:14)
      at param (../m22-part3-route-writer/node_modules/express/lib/router/index.js:376:14)
      at router.process_params (../m22-part3-route-writer/node_modules/express/lib/router/index.js:421:3)
      at next (../m22-part3-route-writer/node_modules/express/lib/router/index.js:280:10)
      at router.handle (../m22-part3-route-writer/node_modules/express/lib/router/index.js:175:3)
      at router (../m22-part3-route-writer/node_modules/express/lib/router/index.js:47:12)
      at Layer.handle [as handle_request] (../m22-part3-route-writer/node_modules/express/lib/router/layer.js:95:5)
      at trim_prefix (../m22-part3-route-writer/node_modules/express/lib/router/index.js:328:13)
      at ../m22-part3-route-writer/node_modules/express/lib/router/index.js:286:9
      at router.process_params (../m22-part3-route-writer/node_modules/express/lib/router/index.js:346:12)
      at next (../m22-part3-route-writer/node_modules/express/lib/router/index.js:280:10)
      at ../m22-part3-route-writer/node_modules/express/lib/router/index.js:646:15
      at next (../m22-part3-route-writer/node_modules/express/lib/router/index.js:265:14)
      at router.handle (../m22-part3-route-writer/node_modules/express/lib/router/index.js:175:3)
      at router (../m22-part3-route-writer/node_modules/express/lib/router/index.js:47:12)
      at Layer.handle [as handle_request] (../m22-part3-route-writer/node_modules/express/lib/router/layer.js:95:5)
      at trim_prefix (../m22-part3-route-writer/node_modules/express/lib/router/index.js:328:13)
      at ../m22-part3-route-writer/node_modules/express/lib/router/index.js:286:9
      at router.process_params (../m22-part3-route-writer/node_modules/express/lib/router/index.js:346:12)
      at next (../m22-part3-route-writer/node_modules/express/lib/router/index.js:280:10)
      at next (src/middleware/auditLog.js:168:3)
      at Layer.handle [as handle_request] (../m22-part3-route-writer/node_modules/express/lib/router/layer.js:95:5)
      at trim_prefix (../m22-part3-route-writer/node_modules/express/lib/router/index.js:328:13)
      at ../m22-part3-route-writer/node_modules/express/lib/router/index.js:286:9
      at router.process_params (../m22-part3-route-writer/node_modules/express/lib/router/index.js:346:12)
      at next (../m22-part3-route-writer/node_modules/express/lib/router/index.js:280:10)
      at next (src/middleware/security.js:52:3)
      at Layer.handle [as handle_request] (../m22-part3-route-writer/node_modules/express/lib/router/layer.js:95:5)
      at trim_prefix (../m22-part3-route-writer/node_modules/express/lib/router/index.js:328:13)
      at ../m22-part3-route-writer/node_modules/express/lib/router/index.js:286:9
      at router.process_params (../m22-part3-route-writer/node_modules/express/lib/router/index.js:346:12)
      at next (../m22-part3-route-writer/node_modules/express/lib/router/index.js:280:10)
      at ../m22-part3-route-writer/node_modules/body-parser/lib/read.js:137:5
      at invokeCallback (../m22-part3-route-writer/node_modules/raw-body/index.js:238:16)
      at done (../m22-part3-route-writer/node_modules/raw-body/index.js:227:7)
      at IncomingMessage.onEnd (../m22-part3-route-writer/node_modules/raw-body/index.js:287:7)

  console.info
    {
      component: 'http',
      event: 'request_completed',
      requestId: 'c2e8459a-72df-4373-9b4b-04ad8ac41238',
      methodClass: 'POST',
      durationMs: 4,
      statusCode: 500
    }

      at write (src/observability/safeLogger.js:178:17)

  console.error
    {
      component: 'http',
      event: 'request_failed',
      requestId: '9e0488e0-56e5-48b1-b565-75f8f9e8771e',
      methodClass: 'POST',
      statusCode: 500
    }

      176 |     ...safeFields(fields),
      177 |   };
    > 178 |   console[level](record);
          |                 ^
      179 |   return record;
      180 | }
      181 |

      at write (src/observability/safeLogger.js:178:17)
      at Object.write (src/observability/safeLogger.js:191:10)
      at error (src/middleware/errorHandler.js:22:14)
      at Layer.handle_error (../m22-part3-route-writer/node_modules/express/lib/router/layer.js:71:5)
      at trim_prefix (../m22-part3-route-writer/node_modules/express/lib/router/index.js:326:13)
      at ../m22-part3-route-writer/node_modules/express/lib/router/index.js:286:9
      at router.process_params (../m22-part3-route-writer/node_modules/express/lib/router/index.js:346:12)
      at next (../m22-part3-route-writer/node_modules/express/lib/router/index.js:280:10)
      at Layer.handle_error (../m22-part3-route-writer/node_modules/express/lib/router/layer.js:67:12)
      at trim_prefix (../m22-part3-route-writer/node_modules/express/lib/router/index.js:326:13)
      at ../m22-part3-route-writer/node_modules/express/lib/router/index.js:286:9
      at router.process_params (../m22-part3-route-writer/node_modules/express/lib/router/index.js:346:12)
      at next (../m22-part3-route-writer/node_modules/express/lib/router/index.js:280:10)
      at Layer.handle_error (../m22-part3-route-writer/node_modules/express/lib/router/layer.js:67:12)
      at trim_prefix (../m22-part3-route-writer/node_modules/express/lib/router/index.js:326:13)
      at ../m22-part3-route-writer/node_modules/express/lib/router/index.js:286:9
      at router.process_params (../m22-part3-route-writer/node_modules/express/lib/router/index.js:346:12)
      at next (../m22-part3-route-writer/node_modules/express/lib/router/index.js:280:10)
      at Layer.handle_error (../m22-part3-route-writer/node_modules/express/lib/router/layer.js:67:12)
      at trim_prefix (../m22-part3-route-writer/node_modules/express/lib/router/index.js:326:13)
      at ../m22-part3-route-writer/node_modules/express/lib/router/index.js:286:9
      at router.process_params (../m22-part3-route-writer/node_modules/express/lib/router/index.js:346:12)
      at next (../m22-part3-route-writer/node_modules/express/lib/router/index.js:280:10)
      at Layer.handle_error (../m22-part3-route-writer/node_modules/express/lib/router/layer.js:67:12)
      at trim_prefix (../m22-part3-route-writer/node_modules/express/lib/router/index.js:326:13)
      at ../m22-part3-route-writer/node_modules/express/lib/router/index.js:286:9
      at router.process_params (../m22-part3-route-writer/node_modules/express/lib/router/index.js:346:12)
      at next (../m22-part3-route-writer/node_modules/express/lib/router/index.js:280:10)
      at Layer.handle_error (../m22-part3-route-writer/node_modules/express/lib/router/layer.js:67:12)
      at trim_prefix (../m22-part3-route-writer/node_modules/express/lib/router/index.js:326:13)
      at ../m22-part3-route-writer/node_modules/express/lib/router/index.js:286:9
      at router.process_params (../m22-part3-route-writer/node_modules/express/lib/router/index.js:346:12)
      at next (../m22-part3-route-writer/node_modules/express/lib/router/index.js:280:10)
      at Layer.handle_error (../m22-part3-route-writer/node_modules/express/lib/router/layer.js:67:12)
      at trim_prefix (../m22-part3-route-writer/node_modules/express/lib/router/index.js:326:13)
      at ../m22-part3-route-writer/node_modules/express/lib/router/index.js:286:9
      at router.process_params (../m22-part3-route-writer/node_modules/express/lib/router/index.js:346:12)
      at next (../m22-part3-route-writer/node_modules/express/lib/router/index.js:280:10)
      at Layer.handle_error (../m22-part3-route-writer/node_modules/express/lib/router/layer.js:67:12)
      at trim_prefix (../m22-part3-route-writer/node_modules/express/lib/router/index.js:326:13)
      at ../m22-part3-route-writer/node_modules/express/lib/router/index.js:286:9
      at router.process_params (../m22-part3-route-writer/node_modules/express/lib/router/index.js:346:12)
      at next (../m22-part3-route-writer/node_modules/express/lib/router/index.js:280:10)
      at ../m22-part3-route-writer/node_modules/express/lib/router/index.js:646:15
      at next (../m22-part3-route-writer/node_modules/express/lib/router/index.js:265:14)
      at next (../m22-part3-route-writer/node_modules/express/lib/router/route.js:141:14)
      at Layer.handle_error (../m22-part3-route-writer/node_modules/express/lib/router/layer.js:67:12)
      at next (../m22-part3-route-writer/node_modules/express/lib/router/route.js:147:13)
      at Layer.handle_error (../m22-part3-route-writer/node_modules/express/lib/router/layer.js:67:12)
      at next (../m22-part3-route-writer/node_modules/express/lib/router/route.js:147:13)
      at Layer.handle_error (../m22-part3-route-writer/node_modules/express/lib/router/layer.js:67:12)
      at next (../m22-part3-route-writer/node_modules/express/lib/router/route.js:147:13)
      at Layer.handle_error (../m22-part3-route-writer/node_modules/express/lib/router/layer.js:67:12)
      at next (../m22-part3-route-writer/node_modules/express/lib/router/route.js:147:13)
      at next (src/scheduling/recommendationHttpBoundary.js:268:10)
      at Layer.handle [as handle_request] (../m22-part3-route-writer/node_modules/express/lib/router/layer.js:95:5)
      at next (../m22-part3-route-writer/node_modules/express/lib/router/route.js:149:13)
      at Route.dispatch (../m22-part3-route-writer/node_modules/express/lib/router/route.js:119:3)
      at Layer.handle [as handle_request] (../m22-part3-route-writer/node_modules/express/lib/router/layer.js:95:5)
      at ../m22-part3-route-writer/node_modules/express/lib/router/index.js:284:15
      at param (../m22-part3-route-writer/node_modules/express/lib/router/index.js:365:14)
      at param (../m22-part3-route-writer/node_modules/express/lib/router/index.js:376:14)
      at router.process_params (../m22-part3-route-writer/node_modules/express/lib/router/index.js:421:3)
      at next (../m22-part3-route-writer/node_modules/express/lib/router/index.js:280:10)
      at router.handle (../m22-part3-route-writer/node_modules/express/lib/router/index.js:175:3)
      at router (../m22-part3-route-writer/node_modules/express/lib/router/index.js:47:12)
      at Layer.handle [as handle_request] (../m22-part3-route-writer/node_modules/express/lib/router/layer.js:95:5)
      at trim_prefix (../m22-part3-route-writer/node_modules/express/lib/router/index.js:328:13)
      at ../m22-part3-route-writer/node_modules/express/lib/router/index.js:286:9
      at router.process_params (../m22-part3-route-writer/node_modules/express/lib/router/index.js:346:12)
      at next (../m22-part3-route-writer/node_modules/express/lib/router/index.js:280:10)
      at ../m22-part3-route-writer/node_modules/express/lib/router/index.js:646:15
      at next (../m22-part3-route-writer/node_modules/express/lib/router/index.js:265:14)
      at router.handle (../m22-part3-route-writer/node_modules/express/lib/router/index.js:175:3)
      at router (../m22-part3-route-writer/node_modules/express/lib/router/index.js:47:12)
      at Layer.handle [as handle_request] (../m22-part3-route-writer/node_modules/express/lib/router/layer.js:95:5)
      at trim_prefix (../m22-part3-route-writer/node_modules/express/lib/router/index.js:328:13)
      at ../m22-part3-route-writer/node_modules/express/lib/router/index.js:286:9
      at router.process_params (../m22-part3-route-writer/node_modules/express/lib/router/index.js:346:12)
      at next (../m22-part3-route-writer/node_modules/express/lib/router/index.js:280:10)
      at next (src/middleware/auditLog.js:168:3)
      at Layer.handle [as handle_request] (../m22-part3-route-writer/node_modules/express/lib/router/layer.js:95:5)
      at trim_prefix (../m22-part3-route-writer/node_modules/express/lib/router/index.js:328:13)
      at ../m22-part3-route-writer/node_modules/express/lib/router/index.js:286:9
      at router.process_params (../m22-part3-route-writer/node_modules/express/lib/router/index.js:346:12)
      at next (../m22-part3-route-writer/node_modules/express/lib/router/index.js:280:10)
      at next (src/middleware/security.js:52:3)
      at Layer.handle [as handle_request] (../m22-part3-route-writer/node_modules/express/lib/router/layer.js:95:5)
      at trim_prefix (../m22-part3-route-writer/node_modules/express/lib/router/index.js:328:13)
      at ../m22-part3-route-writer/node_modules/express/lib/router/index.js:286:9
      at router.process_params (../m22-part3-route-writer/node_modules/express/lib/router/index.js:346:12)
      at next (../m22-part3-route-writer/node_modules/express/lib/router/index.js:280:10)
      at ../m22-part3-route-writer/node_modules/body-parser/lib/read.js:137:5
      at invokeCallback (../m22-part3-route-writer/node_modules/raw-body/index.js:238:16)
      at done (../m22-part3-route-writer/node_modules/raw-body/index.js:227:7)
      at IncomingMessage.onEnd (../m22-part3-route-writer/node_modules/raw-body/index.js:287:7)

  console.info
    {
      component: 'http',
      event: 'request_completed',
      requestId: '9e0488e0-56e5-48b1-b565-75f8f9e8771e',
      methodClass: 'POST',
      durationMs: 7,
      statusCode: 500
    }

      at write (src/observability/safeLogger.js:178:17)

  console.error
    {
      component: 'http',
      event: 'request_failed',
      requestId: 'de4082da-afc3-44ff-91c9-f5e0ea62bead',
      methodClass: 'POST',
      statusCode: 500
    }

      176 |     ...safeFields(fields),
      177 |   };
    > 178 |   console[level](record);
          |                 ^
      179 |   return record;
      180 | }
      181 |

      at write (src/observability/safeLogger.js:178:17)
      at Object.write (src/observability/safeLogger.js:191:10)
      at error (src/middleware/errorHandler.js:22:14)
      at Layer.handle_error (../m22-part3-route-writer/node_modules/express/lib/router/layer.js:71:5)
      at trim_prefix (../m22-part3-route-writer/node_modules/express/lib/router/index.js:326:13)
      at ../m22-part3-route-writer/node_modules/express/lib/router/index.js:286:9
      at router.process_params (../m22-part3-route-writer/node_modules/express/lib/router/index.js:346:12)
      at next (../m22-part3-route-writer/node_modules/express/lib/router/index.js:280:10)
      at Layer.handle_error (../m22-part3-route-writer/node_modules/express/lib/router/layer.js:67:12)
      at trim_prefix (../m22-part3-route-writer/node_modules/express/lib/router/index.js:326:13)
      at ../m22-part3-route-writer/node_modules/express/lib/router/index.js:286:9
      at router.process_params (../m22-part3-route-writer/node_modules/express/lib/router/index.js:346:12)
      at next (../m22-part3-route-writer/node_modules/express/lib/router/index.js:280:10)
      at Layer.handle_error (../m22-part3-route-writer/node_modules/express/lib/router/layer.js:67:12)
      at trim_prefix (../m22-part3-route-writer/node_modules/express/lib/router/index.js:326:13)
      at ../m22-part3-route-writer/node_modules/express/lib/router/index.js:286:9
      at router.process_params (../m22-part3-route-writer/node_modules/express/lib/router/index.js:346:12)
      at next (../m22-part3-route-writer/node_modules/express/lib/router/index.js:280:10)
      at Layer.handle_error (../m22-part3-route-writer/node_modules/express/lib/router/layer.js:67:12)
      at trim_prefix (../m22-part3-route-writer/node_modules/express/lib/router/index.js:326:13)
      at ../m22-part3-route-writer/node_modules/express/lib/router/index.js:286:9
      at router.process_params (../m22-part3-route-writer/node_modules/express/lib/router/index.js:346:12)
      at next (../m22-part3-route-writer/node_modules/express/lib/router/index.js:280:10)
      at Layer.handle_error (../m22-part3-route-writer/node_modules/express/lib/router/layer.js:67:12)
      at trim_prefix (../m22-part3-route-writer/node_modules/express/lib/router/index.js:326:13)
      at ../m22-part3-route-writer/node_modules/express/lib/router/index.js:286:9
      at router.process_params (../m22-part3-route-writer/node_modules/express/lib/router/index.js:346:12)
      at next (../m22-part3-route-writer/node_modules/express/lib/router/index.js:280:10)
      at Layer.handle_error (../m22-part3-route-writer/node_modules/express/lib/router/layer.js:67:12)
      at trim_prefix (../m22-part3-route-writer/node_modules/express/lib/router/index.js:326:13)
      at ../m22-part3-route-writer/node_modules/express/lib/router/index.js:286:9
      at router.process_params (../m22-part3-route-writer/node_modules/express/lib/router/index.js:346:12)
      at next (../m22-part3-route-writer/node_modules/express/lib/router/index.js:280:10)
      at Layer.handle_error (../m22-part3-route-writer/node_modules/express/lib/router/layer.js:67:12)
      at trim_prefix (../m22-part3-route-writer/node_modules/express/lib/router/index.js:326:13)
      at ../m22-part3-route-writer/node_modules/express/lib/router/index.js:286:9
      at router.process_params (../m22-part3-route-writer/node_modules/express/lib/router/index.js:346:12)
      at next (../m22-part3-route-writer/node_modules/express/lib/router/index.js:280:10)
      at Layer.handle_error (../m22-part3-route-writer/node_modules/express/lib/router/layer.js:67:12)
      at trim_prefix (../m22-part3-route-writer/node_modules/express/lib/router/index.js:326:13)
      at ../m22-part3-route-writer/node_modules/express/lib/router/index.js:286:9
      at router.process_params (../m22-part3-route-writer/node_modules/express/lib/router/index.js:346:12)
      at next (../m22-part3-route-writer/node_modules/express/lib/router/index.js:280:10)
      at ../m22-part3-route-writer/node_modules/express/lib/router/index.js:646:15
      at next (../m22-part3-route-writer/node_modules/express/lib/router/index.js:265:14)
      at next (../m22-part3-route-writer/node_modules/express/lib/router/route.js:141:14)
      at Layer.handle_error (../m22-part3-route-writer/node_modules/express/lib/router/layer.js:67:12)
      at next (../m22-part3-route-writer/node_modules/express/lib/router/route.js:147:13)
      at Layer.handle_error (../m22-part3-route-writer/node_modules/express/lib/router/layer.js:67:12)
      at next (../m22-part3-route-writer/node_modules/express/lib/router/route.js:147:13)
      at Layer.handle_error (../m22-part3-route-writer/node_modules/express/lib/router/layer.js:67:12)
      at next (../m22-part3-route-writer/node_modules/express/lib/router/route.js:147:13)
      at Layer.handle_error (../m22-part3-route-writer/node_modules/express/lib/router/layer.js:67:12)
      at next (../m22-part3-route-writer/node_modules/express/lib/router/route.js:147:13)
      at next (src/scheduling/recommendationHttpBoundary.js:268:10)
      at Layer.handle [as handle_request] (../m22-part3-route-writer/node_modules/express/lib/router/layer.js:95:5)
      at next (../m22-part3-route-writer/node_modules/express/lib/router/route.js:149:13)
      at Route.dispatch (../m22-part3-route-writer/node_modules/express/lib/router/route.js:119:3)
      at Layer.handle [as handle_request] (../m22-part3-route-writer/node_modules/express/lib/router/layer.js:95:5)
      at ../m22-part3-route-writer/node_modules/express/lib/router/index.js:284:15
      at param (../m22-part3-route-writer/node_modules/express/lib/router/index.js:365:14)
      at param (../m22-part3-route-writer/node_modules/express/lib/router/index.js:376:14)
      at router.process_params (../m22-part3-route-writer/node_modules/express/lib/router/index.js:421:3)
      at next (../m22-part3-route-writer/node_modules/express/lib/router/index.js:280:10)
      at router.handle (../m22-part3-route-writer/node_modules/express/lib/router/index.js:175:3)
      at router (../m22-part3-route-writer/node_modules/express/lib/router/index.js:47:12)
      at Layer.handle [as handle_request] (../m22-part3-route-writer/node_modules/express/lib/router/layer.js:95:5)
      at trim_prefix (../m22-part3-route-writer/node_modules/express/lib/router/index.js:328:13)
      at ../m22-part3-route-writer/node_modules/express/lib/router/index.js:286:9
      at router.process_params (../m22-part3-route-writer/node_modules/express/lib/router/index.js:346:12)
      at next (../m22-part3-route-writer/node_modules/express/lib/router/index.js:280:10)
      at ../m22-part3-route-writer/node_modules/express/lib/router/index.js:646:15
      at next (../m22-part3-route-writer/node_modules/express/lib/router/index.js:265:14)
      at router.handle (../m22-part3-route-writer/node_modules/express/lib/router/index.js:175:3)
      at router (../m22-part3-route-writer/node_modules/express/lib/router/index.js:47:12)
      at Layer.handle [as handle_request] (../m22-part3-route-writer/node_modules/express/lib/router/layer.js:95:5)
      at trim_prefix (../m22-part3-route-writer/node_modules/express/lib/router/index.js:328:13)
      at ../m22-part3-route-writer/node_modules/express/lib/router/index.js:286:9
      at router.process_params (../m22-part3-route-writer/node_modules/express/lib/router/index.js:346:12)
      at next (../m22-part3-route-writer/node_modules/express/lib/router/index.js:280:10)
      at next (src/middleware/auditLog.js:168:3)
      at Layer.handle [as handle_request] (../m22-part3-route-writer/node_modules/express/lib/router/layer.js:95:5)
      at trim_prefix (../m22-part3-route-writer/node_modules/express/lib/router/index.js:328:13)
      at ../m22-part3-route-writer/node_modules/express/lib/router/index.js:286:9
      at router.process_params (../m22-part3-route-writer/node_modules/express/lib/router/index.js:346:12)
      at next (../m22-part3-route-writer/node_modules/express/lib/router/index.js:280:10)
      at next (src/middleware/security.js:52:3)
      at Layer.handle [as handle_request] (../m22-part3-route-writer/node_modules/express/lib/router/layer.js:95:5)
      at trim_prefix (../m22-part3-route-writer/node_modules/express/lib/router/index.js:328:13)
      at ../m22-part3-route-writer/node_modules/express/lib/router/index.js:286:9
      at router.process_params (../m22-part3-route-writer/node_modules/express/lib/router/index.js:346:12)
      at next (../m22-part3-route-writer/node_modules/express/lib/router/index.js:280:10)
      at ../m22-part3-route-writer/node_modules/body-parser/lib/read.js:137:5
      at invokeCallback (../m22-part3-route-writer/node_modules/raw-body/index.js:238:16)
      at done (../m22-part3-route-writer/node_modules/raw-body/index.js:227:7)
      at IncomingMessage.onEnd (../m22-part3-route-writer/node_modules/raw-body/index.js:287:7)

  console.info
    {
      component: 'http',
      event: 'request_completed',
      requestId: 'de4082da-afc3-44ff-91c9-f5e0ea62bead',
      methodClass: 'POST',
      durationMs: 10,
      statusCode: 500
    }

      at write (src/observability/safeLogger.js:178:17)

  console.error
    {
      component: 'http',
      event: 'request_failed',
      requestId: 'e6208964-a888-4571-9e0f-233fc066c2df',
      methodClass: 'POST',
      statusCode: 500
    }

      176 |     ...safeFields(fields),
      177 |   };
    > 178 |   console[level](record);
          |                 ^
      179 |   return record;
      180 | }
      181 |

      at write (src/observability/safeLogger.js:178:17)
      at Object.write (src/observability/safeLogger.js:191:10)
      at error (src/middleware/errorHandler.js:22:14)
      at Layer.handle_error (../m22-part3-route-writer/node_modules/express/lib/router/layer.js:71:5)
      at trim_prefix (../m22-part3-route-writer/node_modules/express/lib/router/index.js:326:13)
      at ../m22-part3-route-writer/node_modules/express/lib/router/index.js:286:9
      at router.process_params (../m22-part3-route-writer/node_modules/express/lib/router/index.js:346:12)
      at next (../m22-part3-route-writer/node_modules/express/lib/router/index.js:280:10)
      at Layer.handle_error (../m22-part3-route-writer/node_modules/express/lib/router/layer.js:67:12)
      at trim_prefix (../m22-part3-route-writer/node_modules/express/lib/router/index.js:326:13)
      at ../m22-part3-route-writer/node_modules/express/lib/router/index.js:286:9
      at router.process_params (../m22-part3-route-writer/node_modules/express/lib/router/index.js:346:12)
      at next (../m22-part3-route-writer/node_modules/express/lib/router/index.js:280:10)
      at Layer.handle_error (../m22-part3-route-writer/node_modules/express/lib/router/layer.js:67:12)
      at trim_prefix (../m22-part3-route-writer/node_modules/express/lib/router/index.js:326:13)
      at ../m22-part3-route-writer/node_modules/express/lib/router/index.js:286:9
      at router.process_params (../m22-part3-route-writer/node_modules/express/lib/router/index.js:346:12)
      at next (../m22-part3-route-writer/node_modules/express/lib/router/index.js:280:10)
      at Layer.handle_error (../m22-part3-route-writer/node_modules/express/lib/router/layer.js:67:12)
      at trim_prefix (../m22-part3-route-writer/node_modules/express/lib/router/index.js:326:13)
      at ../m22-part3-route-writer/node_modules/express/lib/router/index.js:286:9
      at router.process_params (../m22-part3-route-writer/node_modules/express/lib/router/index.js:346:12)
      at next (../m22-part3-route-writer/node_modules/express/lib/router/index.js:280:10)
      at Layer.handle_error (../m22-part3-route-writer/node_modules/express/lib/router/layer.js:67:12)
      at trim_prefix (../m22-part3-route-writer/node_modules/express/lib/router/index.js:326:13)
      at ../m22-part3-route-writer/node_modules/express/lib/router/index.js:286:9
      at router.process_params (../m22-part3-route-writer/node_modules/express/lib/router/index.js:346:12)
      at next (../m22-part3-route-writer/node_modules/express/lib/router/index.js:280:10)
      at Layer.handle_error (../m22-part3-route-writer/node_modules/express/lib/router/layer.js:67:12)
      at trim_prefix (../m22-part3-route-writer/node_modules/express/lib/router/index.js:326:13)
      at ../m22-part3-route-writer/node_modules/express/lib/router/index.js:286:9
      at router.process_params (../m22-part3-route-writer/node_modules/express/lib/router/index.js:346:12)
      at next (../m22-part3-route-writer/node_modules/express/lib/router/index.js:280:10)
      at Layer.handle_error (../m22-part3-route-writer/node_modules/express/lib/router/layer.js:67:12)
      at trim_prefix (../m22-part3-route-writer/node_modules/express/lib/router/index.js:326:13)
      at ../m22-part3-route-writer/node_modules/express/lib/router/index.js:286:9
      at router.process_params (../m22-part3-route-writer/node_modules/express/lib/router/index.js:346:12)
      at next (../m22-part3-route-writer/node_modules/express/lib/router/index.js:280:10)
      at Layer.handle_error (../m22-part3-route-writer/node_modules/express/lib/router/layer.js:67:12)
      at trim_prefix (../m22-part3-route-writer/node_modules/express/lib/router/index.js:326:13)
      at ../m22-part3-route-writer/node_modules/express/lib/router/index.js:286:9
      at router.process_params (../m22-part3-route-writer/node_modules/express/lib/router/index.js:346:12)
      at next (../m22-part3-route-writer/node_modules/express/lib/router/index.js:280:10)
      at ../m22-part3-route-writer/node_modules/express/lib/router/index.js:646:15
      at next (../m22-part3-route-writer/node_modules/express/lib/router/index.js:265:14)
      at next (../m22-part3-route-writer/node_modules/express/lib/router/route.js:141:14)
      at Layer.handle_error (../m22-part3-route-writer/node_modules/express/lib/router/layer.js:67:12)
      at next (../m22-part3-route-writer/node_modules/express/lib/router/route.js:147:13)
      at Layer.handle_error (../m22-part3-route-writer/node_modules/express/lib/router/layer.js:67:12)
      at next (../m22-part3-route-writer/node_modules/express/lib/router/route.js:147:13)
      at Layer.handle_error (../m22-part3-route-writer/node_modules/express/lib/router/layer.js:67:12)
      at next (../m22-part3-route-writer/node_modules/express/lib/router/route.js:147:13)
      at Layer.handle_error (../m22-part3-route-writer/node_modules/express/lib/router/layer.js:67:12)
      at next (../m22-part3-route-writer/node_modules/express/lib/router/route.js:147:13)
      at next (src/scheduling/recommendationHttpBoundary.js:268:10)
      at Layer.handle [as handle_request] (../m22-part3-route-writer/node_modules/express/lib/router/layer.js:95:5)
      at next (../m22-part3-route-writer/node_modules/express/lib/router/route.js:149:13)
      at Route.dispatch (../m22-part3-route-writer/node_modules/express/lib/router/route.js:119:3)
      at Layer.handle [as handle_request] (../m22-part3-route-writer/node_modules/express/lib/router/layer.js:95:5)
      at ../m22-part3-route-writer/node_modules/express/lib/router/index.js:284:15
      at param (../m22-part3-route-writer/node_modules/express/lib/router/index.js:365:14)
      at param (../m22-part3-route-writer/node_modules/express/lib/router/index.js:376:14)
      at router.process_params (../m22-part3-route-writer/node_modules/express/lib/router/index.js:421:3)
      at next (../m22-part3-route-writer/node_modules/express/lib/router/index.js:280:10)
      at router.handle (../m22-part3-route-writer/node_modules/express/lib/router/index.js:175:3)
      at router (../m22-part3-route-writer/node_modules/express/lib/router/index.js:47:12)
      at Layer.handle [as handle_request] (../m22-part3-route-writer/node_modules/express/lib/router/layer.js:95:5)
      at trim_prefix (../m22-part3-route-writer/node_modules/express/lib/router/index.js:328:13)
      at ../m22-part3-route-writer/node_modules/express/lib/router/index.js:286:9
      at router.process_params (../m22-part3-route-writer/node_modules/express/lib/router/index.js:346:12)
      at next (../m22-part3-route-writer/node_modules/express/lib/router/index.js:280:10)
      at ../m22-part3-route-writer/node_modules/express/lib/router/index.js:646:15
      at next (../m22-part3-route-writer/node_modules/express/lib/router/index.js:265:14)
      at router.handle (../m22-part3-route-writer/node_modules/express/lib/router/index.js:175:3)
      at router (../m22-part3-route-writer/node_modules/express/lib/router/index.js:47:12)
      at Layer.handle [as handle_request] (../m22-part3-route-writer/node_modules/express/lib/router/layer.js:95:5)
      at trim_prefix (../m22-part3-route-writer/node_modules/express/lib/router/index.js:328:13)
      at ../m22-part3-route-writer/node_modules/express/lib/router/index.js:286:9
      at router.process_params (../m22-part3-route-writer/node_modules/express/lib/router/index.js:346:12)
      at next (../m22-part3-route-writer/node_modules/express/lib/router/index.js:280:10)
      at next (src/middleware/auditLog.js:168:3)
      at Layer.handle [as handle_request] (../m22-part3-route-writer/node_modules/express/lib/router/layer.js:95:5)
      at trim_prefix (../m22-part3-route-writer/node_modules/express/lib/router/index.js:328:13)
      at ../m22-part3-route-writer/node_modules/express/lib/router/index.js:286:9
      at router.process_params (../m22-part3-route-writer/node_modules/express/lib/router/index.js:346:12)
      at next (../m22-part3-route-writer/node_modules/express/lib/router/index.js:280:10)
      at next (src/middleware/security.js:52:3)
      at Layer.handle [as handle_request] (../m22-part3-route-writer/node_modules/express/lib/router/layer.js:95:5)
      at trim_prefix (../m22-part3-route-writer/node_modules/express/lib/router/index.js:328:13)
      at ../m22-part3-route-writer/node_modules/express/lib/router/index.js:286:9
      at router.process_params (../m22-part3-route-writer/node_modules/express/lib/router/index.js:346:12)
      at next (../m22-part3-route-writer/node_modules/express/lib/router/index.js:280:10)
      at ../m22-part3-route-writer/node_modules/body-parser/lib/read.js:137:5
      at invokeCallback (../m22-part3-route-writer/node_modules/raw-body/index.js:238:16)
      at done (../m22-part3-route-writer/node_modules/raw-body/index.js:227:7)
      at IncomingMessage.onEnd (../m22-part3-route-writer/node_modules/raw-body/index.js:287:7)

  console.info
    {
      component: 'http',
      event: 'request_completed',
      requestId: 'e6208964-a888-4571-9e0f-233fc066c2df',
      methodClass: 'POST',
      durationMs: 12,
      statusCode: 500
    }

      at write (src/observability/safeLogger.js:178:17)

  console.error
    {
      component: 'http',
      event: 'request_failed',
      requestId: '8b7653d6-3155-4b43-8415-cca141ef1c95',
      methodClass: 'POST',
      statusCode: 400
    }

      176 |     ...safeFields(fields),
      177 |   };
    > 178 |   console[level](record);
          |                 ^
      179 |   return record;
      180 | }
      181 |

      at write (src/observability/safeLogger.js:178:17)
      at Object.write (src/observability/safeLogger.js:191:10)
      at error (src/middleware/errorHandler.js:22:14)
      at Layer.handle_error (../m22-part3-route-writer/node_modules/express/lib/router/layer.js:71:5)
      at trim_prefix (../m22-part3-route-writer/node_modules/express/lib/router/index.js:326:13)
      at ../m22-part3-route-writer/node_modules/express/lib/router/index.js:286:9
      at router.process_params (../m22-part3-route-writer/node_modules/express/lib/router/index.js:346:12)
      at next (../m22-part3-route-writer/node_modules/express/lib/router/index.js:280:10)
      at Layer.handle_error (../m22-part3-route-writer/node_modules/express/lib/router/layer.js:67:12)
      at trim_prefix (../m22-part3-route-writer/node_modules/express/lib/router/index.js:326:13)
      at ../m22-part3-route-writer/node_modules/express/lib/router/index.js:286:9
      at router.process_params (../m22-part3-route-writer/node_modules/express/lib/router/index.js:346:12)
      at next (../m22-part3-route-writer/node_modules/express/lib/router/index.js:280:10)
      at Layer.handle_error (../m22-part3-route-writer/node_modules/express/lib/router/layer.js:67:12)
      at trim_prefix (../m22-part3-route-writer/node_modules/express/lib/router/index.js:326:13)
      at ../m22-part3-route-writer/node_modules/express/lib/router/index.js:286:9
      at router.process_params (../m22-part3-route-writer/node_modules/express/lib/router/index.js:346:12)
      at next (../m22-part3-route-writer/node_modules/express/lib/router/index.js:280:10)
      at Layer.handle_error (../m22-part3-route-writer/node_modules/express/lib/router/layer.js:67:12)
      at trim_prefix (../m22-part3-route-writer/node_modules/express/lib/router/index.js:326:13)
      at ../m22-part3-route-writer/node_modules/express/lib/router/index.js:286:9
      at router.process_params (../m22-part3-route-writer/node_modules/express/lib/router/index.js:346:12)
      at next (../m22-part3-route-writer/node_modules/express/lib/router/index.js:280:10)
      at Layer.handle_error (../m22-part3-route-writer/node_modules/express/lib/router/layer.js:67:12)
      at trim_prefix (../m22-part3-route-writer/node_modules/express/lib/router/index.js:326:13)
      at ../m22-part3-route-writer/node_modules/express/lib/router/index.js:286:9
      at router.process_params (../m22-part3-route-writer/node_modules/express/lib/router/index.js:346:12)
      at next (../m22-part3-route-writer/node_modules/express/lib/router/index.js:280:10)
      at Layer.handle_error (../m22-part3-route-writer/node_modules/express/lib/router/layer.js:67:12)
      at trim_prefix (../m22-part3-route-writer/node_modules/express/lib/router/index.js:326:13)
      at ../m22-part3-route-writer/node_modules/express/lib/router/index.js:286:9
      at router.process_params (../m22-part3-route-writer/node_modules/express/lib/router/index.js:346:12)
      at next (../m22-part3-route-writer/node_modules/express/lib/router/index.js:280:10)
      at Layer.handle_error (../m22-part3-route-writer/node_modules/express/lib/router/layer.js:67:12)
      at trim_prefix (../m22-part3-route-writer/node_modules/express/lib/router/index.js:326:13)
      at ../m22-part3-route-writer/node_modules/express/lib/router/index.js:286:9
      at router.process_params (../m22-part3-route-writer/node_modules/express/lib/router/index.js:346:12)
      at next (../m22-part3-route-writer/node_modules/express/lib/router/index.js:280:10)
      at Layer.handle_error (../m22-part3-route-writer/node_modules/express/lib/router/layer.js:67:12)
      at trim_prefix (../m22-part3-route-writer/node_modules/express/lib/router/index.js:326:13)
      at ../m22-part3-route-writer/node_modules/express/lib/router/index.js:286:9
      at router.process_params (../m22-part3-route-writer/node_modules/express/lib/router/index.js:346:12)
      at next (../m22-part3-route-writer/node_modules/express/lib/router/index.js:280:10)
      at ../m22-part3-route-writer/node_modules/express/lib/router/index.js:646:15
      at next (../m22-part3-route-writer/node_modules/express/lib/router/index.js:265:14)
      at router.handle (../m22-part3-route-writer/node_modules/express/lib/router/index.js:175:3)
      at router (../m22-part3-route-writer/node_modules/express/lib/router/index.js:47:12)
      at Layer.handle [as handle_request] (../m22-part3-route-writer/node_modules/express/lib/router/layer.js:95:5)
      at trim_prefix (../m22-part3-route-writer/node_modules/express/lib/router/index.js:328:13)
      at ../m22-part3-route-writer/node_modules/express/lib/router/index.js:286:9
      at router.process_params (../m22-part3-route-writer/node_modules/express/lib/router/index.js:346:12)
      at next (../m22-part3-route-writer/node_modules/express/lib/router/index.js:280:10)
      at ../m22-part3-route-writer/node_modules/express/lib/router/index.js:646:15
      at next (../m22-part3-route-writer/node_modules/express/lib/router/index.js:265:14)
      at router.handle (../m22-part3-route-writer/node_modules/express/lib/router/index.js:175:3)
      at router (../m22-part3-route-writer/node_modules/express/lib/router/index.js:47:12)
      at Layer.handle [as handle_request] (../m22-part3-route-writer/node_modules/express/lib/router/layer.js:95:5)
      at trim_prefix (../m22-part3-route-writer/node_modules/express/lib/router/index.js:328:13)
      at ../m22-part3-route-writer/node_modules/express/lib/router/index.js:286:9
      at router.process_params (../m22-part3-route-writer/node_modules/express/lib/router/index.js:346:12)
      at next (../m22-part3-route-writer/node_modules/express/lib/router/index.js:280:10)
      at next (src/middleware/auditLog.js:168:3)
      at Layer.handle [as handle_request] (../m22-part3-route-writer/node_modules/express/lib/router/layer.js:95:5)
      at trim_prefix (../m22-part3-route-writer/node_modules/express/lib/router/index.js:328:13)
      at ../m22-part3-route-writer/node_modules/express/lib/router/index.js:286:9
      at router.process_params (../m22-part3-route-writer/node_modules/express/lib/router/index.js:346:12)
      at next (../m22-part3-route-writer/node_modules/express/lib/router/index.js:280:10)
      at next (src/middleware/security.js:52:3)
      at Layer.handle [as handle_request] (../m22-part3-route-writer/node_modules/express/lib/router/layer.js:95:5)
      at trim_prefix (../m22-part3-route-writer/node_modules/express/lib/router/index.js:328:13)
      at ../m22-part3-route-writer/node_modules/express/lib/router/index.js:286:9
      at router.process_params (../m22-part3-route-writer/node_modules/express/lib/router/index.js:346:12)
      at next (../m22-part3-route-writer/node_modules/express/lib/router/index.js:280:10)
      at ../m22-part3-route-writer/node_modules/body-parser/lib/read.js:137:5
      at invokeCallback (../m22-part3-route-writer/node_modules/raw-body/index.js:238:16)
      at done (../m22-part3-route-writer/node_modules/raw-body/index.js:227:7)
      at IncomingMessage.onEnd (../m22-part3-route-writer/node_modules/raw-body/index.js:287:7)

  console.info
    {
      component: 'http',
      event: 'request_completed',
      requestId: '8b7653d6-3155-4b43-8415-cca141ef1c95',
      methodClass: 'POST',
      durationMs: 11,
      statusCode: 400
    }

      at write (src/observability/safeLogger.js:178:17)

  console.error
    {
      component: 'http',
      event: 'request_failed',
      requestId: '40899e3f-caff-48da-8b4a-8df4bd29f9fa',
      methodClass: 'POST',
      statusCode: 413
    }

      176 |     ...safeFields(fields),
      177 |   };
    > 178 |   console[level](record);
          |                 ^
      179 |   return record;
      180 | }
      181 |

      at write (src/observability/safeLogger.js:178:17)
      at Object.write (src/observability/safeLogger.js:191:10)
      at error (src/middleware/errorHandler.js:22:14)
      at Layer.handle_error (../m22-part3-route-writer/node_modules/express/lib/router/layer.js:71:5)
      at trim_prefix (../m22-part3-route-writer/node_modules/express/lib/router/index.js:326:13)
      at ../m22-part3-route-writer/node_modules/express/lib/router/index.js:286:9
      at router.process_params (../m22-part3-route-writer/node_modules/express/lib/router/index.js:346:12)
      at next (../m22-part3-route-writer/node_modules/express/lib/router/index.js:280:10)
      at Layer.handle_error (../m22-part3-route-writer/node_modules/express/lib/router/layer.js:67:12)
      at trim_prefix (../m22-part3-route-writer/node_modules/express/lib/router/index.js:326:13)
      at ../m22-part3-route-writer/node_modules/express/lib/router/index.js:286:9
      at router.process_params (../m22-part3-route-writer/node_modules/express/lib/router/index.js:346:12)
      at next (../m22-part3-route-writer/node_modules/express/lib/router/index.js:280:10)
      at Layer.handle_error (../m22-part3-route-writer/node_modules/express/lib/router/layer.js:67:12)
      at trim_prefix (../m22-part3-route-writer/node_modules/express/lib/router/index.js:326:13)
      at ../m22-part3-route-writer/node_modules/express/lib/router/index.js:286:9
      at router.process_params (../m22-part3-route-writer/node_modules/express/lib/router/index.js:346:12)
      at next (../m22-part3-route-writer/node_modules/express/lib/router/index.js:280:10)
      at Layer.handle_error (../m22-part3-route-writer/node_modules/express/lib/router/layer.js:67:12)
      at trim_prefix (../m22-part3-route-writer/node_modules/express/lib/router/index.js:326:13)
      at ../m22-part3-route-writer/node_modules/express/lib/router/index.js:286:9
      at router.process_params (../m22-part3-route-writer/node_modules/express/lib/router/index.js:346:12)
      at next (../m22-part3-route-writer/node_modules/express/lib/router/index.js:280:10)
      at Layer.handle_error (../m22-part3-route-writer/node_modules/express/lib/router/layer.js:67:12)
      at trim_prefix (../m22-part3-route-writer/node_modules/express/lib/router/index.js:326:13)
      at ../m22-part3-route-writer/node_modules/express/lib/router/index.js:286:9
      at router.process_params (../m22-part3-route-writer/node_modules/express/lib/router/index.js:346:12)
      at next (../m22-part3-route-writer/node_modules/express/lib/router/index.js:280:10)
      at Layer.handle_error (../m22-part3-route-writer/node_modules/express/lib/router/layer.js:67:12)
      at trim_prefix (../m22-part3-route-writer/node_modules/express/lib/router/index.js:326:13)
      at ../m22-part3-route-writer/node_modules/express/lib/router/index.js:286:9
      at router.process_params (../m22-part3-route-writer/node_modules/express/lib/router/index.js:346:12)
      at next (../m22-part3-route-writer/node_modules/express/lib/router/index.js:280:10)
      at Layer.handle_error (../m22-part3-route-writer/node_modules/express/lib/router/layer.js:67:12)
      at trim_prefix (../m22-part3-route-writer/node_modules/express/lib/router/index.js:326:13)
      at ../m22-part3-route-writer/node_modules/express/lib/router/index.js:286:9
      at router.process_params (../m22-part3-route-writer/node_modules/express/lib/router/index.js:346:12)
      at next (../m22-part3-route-writer/node_modules/express/lib/router/index.js:280:10)
      at Layer.handle_error (../m22-part3-route-writer/node_modules/express/lib/router/layer.js:67:12)
      at trim_prefix (../m22-part3-route-writer/node_modules/express/lib/router/index.js:326:13)
      at ../m22-part3-route-writer/node_modules/express/lib/router/index.js:286:9
      at router.process_params (../m22-part3-route-writer/node_modules/express/lib/router/index.js:346:12)
      at next (../m22-part3-route-writer/node_modules/express/lib/router/index.js:280:10)
      at Layer.handle_error (../m22-part3-route-writer/node_modules/express/lib/router/layer.js:67:12)
      at trim_prefix (../m22-part3-route-writer/node_modules/express/lib/router/index.js:326:13)
      at ../m22-part3-route-writer/node_modules/express/lib/router/index.js:286:9
      at router.process_params (../m22-part3-route-writer/node_modules/express/lib/router/index.js:346:12)
      at next (../m22-part3-route-writer/node_modules/express/lib/router/index.js:280:10)
      at Layer.handle_error (../m22-part3-route-writer/node_modules/express/lib/router/layer.js:67:12)
      at trim_prefix (../m22-part3-route-writer/node_modules/express/lib/router/index.js:326:13)
      at ../m22-part3-route-writer/node_modules/express/lib/router/index.js:286:9
      at router.process_params (../m22-part3-route-writer/node_modules/express/lib/router/index.js:346:12)
      at next (../m22-part3-route-writer/node_modules/express/lib/router/index.js:280:10)
      at Layer.handle_error (../m22-part3-route-writer/node_modules/express/lib/router/layer.js:67:12)
      at trim_prefix (../m22-part3-route-writer/node_modules/express/lib/router/index.js:326:13)
      at ../m22-part3-route-writer/node_modules/express/lib/router/index.js:286:9
      at router.process_params (../m22-part3-route-writer/node_modules/express/lib/router/index.js:346:12)
      at next (../m22-part3-route-writer/node_modules/express/lib/router/index.js:280:10)
      at Layer.handle_error (../m22-part3-route-writer/node_modules/express/lib/router/layer.js:67:12)
      at trim_prefix (../m22-part3-route-writer/node_modules/express/lib/router/index.js:326:13)
      at ../m22-part3-route-writer/node_modules/express/lib/router/index.js:286:9
      at router.process_params (../m22-part3-route-writer/node_modules/express/lib/router/index.js:346:12)
      at next (../m22-part3-route-writer/node_modules/express/lib/router/index.js:280:10)
      at Layer.handle_error (../m22-part3-route-writer/node_modules/express/lib/router/layer.js:67:12)
      at trim_prefix (../m22-part3-route-writer/node_modules/express/lib/router/index.js:326:13)
      at ../m22-part3-route-writer/node_modules/express/lib/router/index.js:286:9
      at router.process_params (../m22-part3-route-writer/node_modules/express/lib/router/index.js:346:12)
      at next (../m22-part3-route-writer/node_modules/express/lib/router/index.js:280:10)
      at Layer.handle_error (../m22-part3-route-writer/node_modules/express/lib/router/layer.js:67:12)
      at trim_prefix (../m22-part3-route-writer/node_modules/express/lib/router/index.js:326:13)
      at ../m22-part3-route-writer/node_modules/express/lib/router/index.js:286:9
      at router.process_params (../m22-part3-route-writer/node_modules/express/lib/router/index.js:346:12)
      at next (../m22-part3-route-writer/node_modules/express/lib/router/index.js:280:10)
      at next (src/scheduling/recommendationHttpBoundary.js:241:25)
      at onfinished (../m22-part3-route-writer/node_modules/body-parser/lib/read.js:102:9)
      at listener (../m22-part3-route-writer/node_modules/on-finished/index.js:170:15)
      at onFinish (../m22-part3-route-writer/node_modules/on-finished/index.js:101:5)
      at callback (../m22-part3-route-writer/node_modules/ee-first/index.js:55:10)
      at IncomingMessage.onevent (../m22-part3-route-writer/node_modules/ee-first/index.js:93:5)

  console.error
    {
      component: 'http',
      event: 'request_failed',
      requestId: 'a84debdc-889c-4f5a-9cf6-a457db25a464',
      methodClass: 'POST',
      statusCode: 400
    }

      176 |     ...safeFields(fields),
      177 |   };
    > 178 |   console[level](record);
          |                 ^
      179 |   return record;
      180 | }
      181 |

      at write (src/observability/safeLogger.js:178:17)
      at Object.write (src/observability/safeLogger.js:191:10)
      at error (src/middleware/errorHandler.js:22:14)
      at Layer.handle_error (../m22-part3-route-writer/node_modules/express/lib/router/layer.js:71:5)
      at trim_prefix (../m22-part3-route-writer/node_modules/express/lib/router/index.js:326:13)
      at ../m22-part3-route-writer/node_modules/express/lib/router/index.js:286:9
      at router.process_params (../m22-part3-route-writer/node_modules/express/lib/router/index.js:346:12)
      at next (../m22-part3-route-writer/node_modules/express/lib/router/index.js:280:10)
      at Layer.handle_error (../m22-part3-route-writer/node_modules/express/lib/router/layer.js:67:12)
      at trim_prefix (../m22-part3-route-writer/node_modules/express/lib/router/index.js:326:13)
      at ../m22-part3-route-writer/node_modules/express/lib/router/index.js:286:9
      at router.process_params (../m22-part3-route-writer/node_modules/express/lib/router/index.js:346:12)
      at next (../m22-part3-route-writer/node_modules/express/lib/router/index.js:280:10)
      at Layer.handle_error (../m22-part3-route-writer/node_modules/express/lib/router/layer.js:67:12)
      at trim_prefix (../m22-part3-route-writer/node_modules/express/lib/router/index.js:326:13)
      at ../m22-part3-route-writer/node_modules/express/lib/router/index.js:286:9
      at router.process_params (../m22-part3-route-writer/node_modules/express/lib/router/index.js:346:12)
      at next (../m22-part3-route-writer/node_modules/express/lib/router/index.js:280:10)
      at Layer.handle_error (../m22-part3-route-writer/node_modules/express/lib/router/layer.js:67:12)
      at trim_prefix (../m22-part3-route-writer/node_modules/express/lib/router/index.js:326:13)
      at ../m22-part3-route-writer/node_modules/express/lib/router/index.js:286:9
      at router.process_params (../m22-part3-route-writer/node_modules/express/lib/router/index.js:346:12)
      at next (../m22-part3-route-writer/node_modules/express/lib/router/index.js:280:10)
      at Layer.handle_error (../m22-part3-route-writer/node_modules/express/lib/router/layer.js:67:12)
      at trim_prefix (../m22-part3-route-writer/node_modules/express/lib/router/index.js:326:13)
      at ../m22-part3-route-writer/node_modules/express/lib/router/index.js:286:9
      at router.process_params (../m22-part3-route-writer/node_modules/express/lib/router/index.js:346:12)
      at next (../m22-part3-route-writer/node_modules/express/lib/router/index.js:280:10)
      at Layer.handle_error (../m22-part3-route-writer/node_modules/express/lib/router/layer.js:67:12)
      at trim_prefix (../m22-part3-route-writer/node_modules/express/lib/router/index.js:326:13)
      at ../m22-part3-route-writer/node_modules/express/lib/router/index.js:286:9
      at router.process_params (../m22-part3-route-writer/node_modules/express/lib/router/index.js:346:12)
      at next (../m22-part3-route-writer/node_modules/express/lib/router/index.js:280:10)
      at Layer.handle_error (../m22-part3-route-writer/node_modules/express/lib/router/layer.js:67:12)
      at trim_prefix (../m22-part3-route-writer/node_modules/express/lib/router/index.js:326:13)
      at ../m22-part3-route-writer/node_modules/express/lib/router/index.js:286:9
      at router.process_params (../m22-part3-route-writer/node_modules/express/lib/router/index.js:346:12)
      at next (../m22-part3-route-writer/node_modules/express/lib/router/index.js:280:10)
      at Layer.handle_error (../m22-part3-route-writer/node_modules/express/lib/router/layer.js:67:12)
      at trim_prefix (../m22-part3-route-writer/node_modules/express/lib/router/index.js:326:13)
      at ../m22-part3-route-writer/node_modules/express/lib/router/index.js:286:9
      at router.process_params (../m22-part3-route-writer/node_modules/express/lib/router/index.js:346:12)
      at next (../m22-part3-route-writer/node_modules/express/lib/router/index.js:280:10)
      at Layer.handle_error (../m22-part3-route-writer/node_modules/express/lib/router/layer.js:67:12)
      at trim_prefix (../m22-part3-route-writer/node_modules/express/lib/router/index.js:326:13)
      at ../m22-part3-route-writer/node_modules/express/lib/router/index.js:286:9
      at router.process_params (../m22-part3-route-writer/node_modules/express/lib/router/index.js:346:12)
      at next (../m22-part3-route-writer/node_modules/express/lib/router/index.js:280:10)
      at Layer.handle_error (../m22-part3-route-writer/node_modules/express/lib/router/layer.js:67:12)
      at trim_prefix (../m22-part3-route-writer/node_modules/express/lib/router/index.js:326:13)
      at ../m22-part3-route-writer/node_modules/express/lib/router/index.js:286:9
      at router.process_params (../m22-part3-route-writer/node_modules/express/lib/router/index.js:346:12)
      at next (../m22-part3-route-writer/node_modules/express/lib/router/index.js:280:10)
      at Layer.handle_error (../m22-part3-route-writer/node_modules/express/lib/router/layer.js:67:12)
      at trim_prefix (../m22-part3-route-writer/node_modules/express/lib/router/index.js:326:13)
      at ../m22-part3-route-writer/node_modules/express/lib/router/index.js:286:9
      at router.process_params (../m22-part3-route-writer/node_modules/express/lib/router/index.js:346:12)
      at next (../m22-part3-route-writer/node_modules/express/lib/router/index.js:280:10)
      at Layer.handle_error (../m22-part3-route-writer/node_modules/express/lib/router/layer.js:67:12)
      at trim_prefix (../m22-part3-route-writer/node_modules/express/lib/router/index.js:326:13)
      at ../m22-part3-route-writer/node_modules/express/lib/router/index.js:286:9
      at router.process_params (../m22-part3-route-writer/node_modules/express/lib/router/index.js:346:12)
      at next (../m22-part3-route-writer/node_modules/express/lib/router/index.js:280:10)
      at Layer.handle_error (../m22-part3-route-writer/node_modules/express/lib/router/layer.js:67:12)
      at trim_prefix (../m22-part3-route-writer/node_modules/express/lib/router/index.js:326:13)
      at ../m22-part3-route-writer/node_modules/express/lib/router/index.js:286:9
      at router.process_params (../m22-part3-route-writer/node_modules/express/lib/router/index.js:346:12)
      at next (../m22-part3-route-writer/node_modules/express/lib/router/index.js:280:10)
      at Layer.handle_error (../m22-part3-route-writer/node_modules/express/lib/router/layer.js:67:12)
      at trim_prefix (../m22-part3-route-writer/node_modules/express/lib/router/index.js:326:13)
      at ../m22-part3-route-writer/node_modules/express/lib/router/index.js:286:9
      at router.process_params (../m22-part3-route-writer/node_modules/express/lib/router/index.js:346:12)
      at next (../m22-part3-route-writer/node_modules/express/lib/router/index.js:280:10)
      at next (src/scheduling/recommendationHttpBoundary.js:255:16)
      at ../m22-part3-route-writer/node_modules/body-parser/lib/read.js:137:5
      at invokeCallback (../m22-part3-route-writer/node_modules/raw-body/index.js:238:16)
      at done (../m22-part3-route-writer/node_modules/raw-body/index.js:227:7)
      at IncomingMessage.onEnd (../m22-part3-route-writer/node_modules/raw-body/index.js:287:7)

  console.info
    {
      component: 'http',
      event: 'request_completed',
      requestId: '38a3f0da-eb7b-4b45-9ad0-da03b78ef636',
      methodClass: 'POST',
      durationMs: 0,
      statusCode: 401
    }

      at write (src/observability/safeLogger.js:178:17)

  console.info
    {
      component: 'http',
      event: 'request_completed',
      requestId: 'ea842d9f-8bc7-475d-90a5-ac70ed7e6614',
      methodClass: 'POST',
      durationMs: 155,
      statusCode: 400
    }

      at write (src/observability/safeLogger.js:178:17)

  console.info
    {
      component: 'http',
      event: 'request_completed',
      requestId: '851b0f90-801e-4420-a00a-08d3e46c6cc6',
      methodClass: 'POST',
      durationMs: 178,
      statusCode: 409
    }

      at write (src/observability/safeLogger.js:178:17)

  console.info
    {
      component: 'http',
      event: 'request_completed',
      requestId: '6a613285-73c8-4d6d-954d-21f9e06131ff',
      methodClass: 'POST',
      durationMs: 774,
      statusCode: 200
    }

      at write (src/observability/safeLogger.js:178:17)

  console.info
    {
      component: 'http',
      event: 'request_completed',
      requestId: 'b5f88685-3c37-4a08-a609-4d8096195b7e',
      methodClass: 'POST',
      durationMs: 786,
      statusCode: 200
    }

      at write (src/observability/safeLogger.js:178:17)

  console.info
    {
      component: 'http',
      event: 'request_completed',
      requestId: 'dc3f1cc9-2163-4987-a311-529b14be892c',
      methodClass: 'POST',
      durationMs: 793,
      statusCode: 200
    }

      at write (src/observability/safeLogger.js:178:17)

  console.info
    {
      component: 'http',
      event: 'request_completed',
      requestId: 'a23583a3-4d21-45d2-a5de-7f7e079f8211',
      methodClass: 'POST',
      durationMs: 798,
      statusCode: 200
    }

      at write (src/observability/safeLogger.js:178:17)

  console.info
    {
      component: 'http',
      event: 'request_completed',
      requestId: '466ae0c0-130c-4836-b3fa-7b965e65452a',
      methodClass: 'POST',
      durationMs: 799,
      statusCode: 200
    }

      at write (src/observability/safeLogger.js:178:17)

  console.info
    {
      component: 'http',
      event: 'request_completed',
      requestId: '09ae5a6e-0a3c-4247-ad5a-2d6c1dd78488',
      methodClass: 'POST',
      durationMs: 974,
      statusCode: 200
    }

      at write (src/observability/safeLogger.js:178:17)

  console.info
    {
      component: 'http',
      event: 'request_completed',
      requestId: '0bc7f156-c0e7-4d8f-ae56-a9499b479019',
      methodClass: 'POST',
      durationMs: 1041,
      statusCode: 200
    }

      at write (src/observability/safeLogger.js:178:17)

  console.info
    {
      component: 'http',
      event: 'request_completed',
      requestId: 'f82aae3d-db15-4045-9770-b5e4ed5deda1',
      methodClass: 'POST',
      durationMs: 1020,
      statusCode: 200
    }

      at write (src/observability/safeLogger.js:178:17)

  console.info
    {
      component: 'http',
      event: 'request_completed',
      requestId: '7b712cab-b66f-4fde-916a-05f73a49d0cf',
      methodClass: 'POST',
      durationMs: 1154,
      statusCode: 200
    }

      at write (src/observability/safeLogger.js:178:17)

  console.info
    {
      component: 'http',
      event: 'request_completed',
      requestId: '7745cfce-aaa6-4cd6-8ddd-c1858fdf99c3',
      methodClass: 'POST',
      durationMs: 1186,
      statusCode: 200
    }

      at write (src/observability/safeLogger.js:178:17)

  console.info
    {
      component: 'http',
      event: 'request_completed',
      requestId: '195cd3cd-52c4-45a3-a75d-2c7c72036842',
      methodClass: 'POST',
      durationMs: 8,
      statusCode: 428
    }

      at write (src/observability/safeLogger.js:178:17)

  console.info
    {
      component: 'http',
      event: 'request_completed',
      requestId: '3da4886e-93bf-45c7-9fb4-33b81499dd4e',
      methodClass: 'POST',
      durationMs: 85,
      statusCode: 200
    }

      at write (src/observability/safeLogger.js:178:17)

  console.info
    {
      component: 'http',
      event: 'request_completed',
      requestId: '5de96aae-b49a-4f99-9288-1fe70a8edce3',
      methodClass: 'POST',
      durationMs: 0,
      statusCode: 401
    }

      at write (src/observability/safeLogger.js:178:17)

  console.info
    {
      component: 'http',
      event: 'request_completed',
      requestId: 'd18dc6fa-07f5-4962-bbf9-871fd1041597',
      methodClass: 'POST',
      durationMs: 6,
      statusCode: 403
    }

      at write (src/observability/safeLogger.js:178:17)

  console.info
    {
      component: 'http',
      event: 'request_completed',
      requestId: 'e0214b0d-fa7d-49e7-bd88-d4683a71d7b3',
      methodClass: 'POST',
      durationMs: 5,
      statusCode: 403
    }

      at write (src/observability/safeLogger.js:178:17)

  console.info
    {
      component: 'http',
      event: 'request_completed',
      requestId: '717bd486-705a-4999-9d8b-0d5914ed7041',
      methodClass: 'POST',
      durationMs: 7,
      statusCode: 404
    }

      at write (src/observability/safeLogger.js:178:17)

  console.info
    {
      component: 'http',
      event: 'request_completed',
      requestId: 'fb8a4291-0ab7-415a-87b1-7b27b6345d76',
      methodClass: 'POST',
      durationMs: 6,
      statusCode: 404
    }

      at write (src/observability/safeLogger.js:178:17)

  console.info
    {
      component: 'http',
      event: 'request_completed',
      requestId: '884bf88d-03dd-4d59-915e-ae0a11494235',
      methodClass: 'POST',
      durationMs: 7,
      statusCode: 404
    }

      at write (src/observability/safeLogger.js:178:17)

  console.info
    {
      component: 'http',
      event: 'request_completed',
      requestId: '25d6beac-24c4-4a00-8823-c67fb2d03596',
      methodClass: 'POST',
      durationMs: 8,
      statusCode: 404
    }

      at write (src/observability/safeLogger.js:178:17)

  console.info
    {
      component: 'http',
      event: 'request_completed',
      requestId: '3f9e2d9e-0bdf-4e6d-9805-c7d64abd5908',
      methodClass: 'POST',
      durationMs: 5,
      statusCode: 404
    }

      at write (src/observability/safeLogger.js:178:17)

  console.info
    {
      component: 'http',
      event: 'request_completed',
      requestId: 'be6e7994-f7d9-4e96-a1e8-042eb0b40d6f',
      methodClass: 'POST',
      durationMs: 6,
      statusCode: 404
    }

      at write (src/observability/safeLogger.js:178:17)

  console.info
    {
      component: 'http',
      event: 'request_completed',
      requestId: '62e3c55c-1aeb-4eb2-97d3-24319e8dd370',
      methodClass: 'POST',
      durationMs: 7,
      statusCode: 404
    }

      at write (src/observability/safeLogger.js:178:17)

  console.info
    {
      component: 'http',
      event: 'request_completed',
      requestId: 'a190765b-517b-4a6c-ab37-e07fa5e32a26',
      methodClass: 'POST',
      durationMs: 6,
      statusCode: 404
    }

      at write (src/observability/safeLogger.js:178:17)

  console.info
    {
      component: 'http',
      event: 'request_completed',
      requestId: '6ab63d8f-cc1e-4f5a-ae07-90621ab7ed66',
      methodClass: 'POST',
      durationMs: 76,
      statusCode: 200
    }

      at write (src/observability/safeLogger.js:178:17)

  console.info
    {
      component: 'http',
      event: 'request_completed',
      requestId: '5d8150e0-0f36-422b-b3ca-c732878965c8',
      methodClass: 'POST',
      durationMs: 2,
      statusCode: 400
    }

      at write (src/observability/safeLogger.js:178:17)

  console.info
    {
      component: 'http',
      event: 'request_completed',
      requestId: 'b7ed1a44-a389-44c3-a8de-c78631ff5b92',
      methodClass: 'POST',
      durationMs: 3,
      statusCode: 400
    }

      at write (src/observability/safeLogger.js:178:17)

  console.info
    {
      component: 'http',
      event: 'request_completed',
      requestId: '4c0fc549-d15d-40e5-a8b1-bd694b1e26cf',
      methodClass: 'POST',
      durationMs: 2,
      statusCode: 400
    }

      at write (src/observability/safeLogger.js:178:17)

  console.info
    {
      component: 'http',
      event: 'request_completed',
      requestId: 'bde14f6a-bae9-4dff-b1fc-52299dd1f4e9',
      methodClass: 'POST',
      durationMs: 2,
      statusCode: 400
    }

      at write (src/observability/safeLogger.js:178:17)

  console.info
    {
      component: 'http',
      event: 'request_completed',
      requestId: '7b82e6fd-945b-4363-98bb-794c8f60d836',
      methodClass: 'POST',
      durationMs: 3,
      statusCode: 400
    }

      at write (src/observability/safeLogger.js:178:17)

  console.info
    {
      component: 'http',
      event: 'request_completed',
      requestId: '211a88f8-6a0f-4494-9027-a2b3c49d7644',
      methodClass: 'POST',
      durationMs: 2,
      statusCode: 400
    }

      at write (src/observability/safeLogger.js:178:17)

  console.info
    {
      component: 'http',
      event: 'request_completed',
      requestId: '0042fd67-3e9c-4ef7-86fa-884220193ca7',
      methodClass: 'POST',
      durationMs: 2,
      statusCode: 400
    }

      at write (src/observability/safeLogger.js:178:17)

  console.info
    {
      component: 'http',
      event: 'request_completed',
      requestId: '7a9962ef-3998-4afa-a45f-23550ec8beb9',
      methodClass: 'POST',
      durationMs: 2,
      statusCode: 400
    }

      at write (src/observability/safeLogger.js:178:17)

  console.info
    {
      component: 'http',
      event: 'request_completed',
      requestId: '76f39667-94c3-427b-a83c-14ac046fe67d',
      methodClass: 'POST',
      durationMs: 3,
      statusCode: 400
    }

      at write (src/observability/safeLogger.js:178:17)

  console.error
    {
      component: 'http',
      event: 'request_failed',
      requestId: '5b78b03c-0707-4b4d-87ca-bea0cd2bf28f',
      methodClass: 'POST',
      statusCode: 413
    }

      176 |     ...safeFields(fields),
      177 |   };
    > 178 |   console[level](record);
          |                 ^
      179 |   return record;
      180 | }
      181 |

      at write (src/observability/safeLogger.js:178:17)
      at Object.write (src/observability/safeLogger.js:191:10)
      at error (src/middleware/errorHandler.js:22:14)
      at Layer.handle_error (../m22-part3-route-writer/node_modules/express/lib/router/layer.js:71:5)
      at trim_prefix (../m22-part3-route-writer/node_modules/express/lib/router/index.js:326:13)
      at ../m22-part3-route-writer/node_modules/express/lib/router/index.js:286:9
      at router.process_params (../m22-part3-route-writer/node_modules/express/lib/router/index.js:346:12)
      at next (../m22-part3-route-writer/node_modules/express/lib/router/index.js:280:10)
      at Layer.handle_error (../m22-part3-route-writer/node_modules/express/lib/router/layer.js:67:12)
      at trim_prefix (../m22-part3-route-writer/node_modules/express/lib/router/index.js:326:13)
      at ../m22-part3-route-writer/node_modules/express/lib/router/index.js:286:9
      at router.process_params (../m22-part3-route-writer/node_modules/express/lib/router/index.js:346:12)
      at next (../m22-part3-route-writer/node_modules/express/lib/router/index.js:280:10)
      at Layer.handle_error (../m22-part3-route-writer/node_modules/express/lib/router/layer.js:67:12)
      at trim_prefix (../m22-part3-route-writer/node_modules/express/lib/router/index.js:326:13)
      at ../m22-part3-route-writer/node_modules/express/lib/router/index.js:286:9
      at router.process_params (../m22-part3-route-writer/node_modules/express/lib/router/index.js:346:12)
      at next (../m22-part3-route-writer/node_modules/express/lib/router/index.js:280:10)
      at Layer.handle_error (../m22-part3-route-writer/node_modules/express/lib/router/layer.js:67:12)
      at trim_prefix (../m22-part3-route-writer/node_modules/express/lib/router/index.js:326:13)
      at ../m22-part3-route-writer/node_modules/express/lib/router/index.js:286:9
      at router.process_params (../m22-part3-route-writer/node_modules/express/lib/router/index.js:346:12)
      at next (../m22-part3-route-writer/node_modules/express/lib/router/index.js:280:10)
      at Layer.handle_error (../m22-part3-route-writer/node_modules/express/lib/router/layer.js:67:12)
      at trim_prefix (../m22-part3-route-writer/node_modules/express/lib/router/index.js:326:13)
      at ../m22-part3-route-writer/node_modules/express/lib/router/index.js:286:9
      at router.process_params (../m22-part3-route-writer/node_modules/express/lib/router/index.js:346:12)
      at next (../m22-part3-route-writer/node_modules/express/lib/router/index.js:280:10)
      at Layer.handle_error (../m22-part3-route-writer/node_modules/express/lib/router/layer.js:67:12)
      at trim_prefix (../m22-part3-route-writer/node_modules/express/lib/router/index.js:326:13)
      at ../m22-part3-route-writer/node_modules/express/lib/router/index.js:286:9
      at router.process_params (../m22-part3-route-writer/node_modules/express/lib/router/index.js:346:12)
      at next (../m22-part3-route-writer/node_modules/express/lib/router/index.js:280:10)
      at Layer.handle_error (../m22-part3-route-writer/node_modules/express/lib/router/layer.js:67:12)
      at trim_prefix (../m22-part3-route-writer/node_modules/express/lib/router/index.js:326:13)
      at ../m22-part3-route-writer/node_modules/express/lib/router/index.js:286:9
      at router.process_params (../m22-part3-route-writer/node_modules/express/lib/router/index.js:346:12)
      at next (../m22-part3-route-writer/node_modules/express/lib/router/index.js:280:10)
      at Layer.handle_error (../m22-part3-route-writer/node_modules/express/lib/router/layer.js:67:12)
      at trim_prefix (../m22-part3-route-writer/node_modules/express/lib/router/index.js:326:13)
      at ../m22-part3-route-writer/node_modules/express/lib/router/index.js:286:9
      at router.process_params (../m22-part3-route-writer/node_modules/express/lib/router/index.js:346:12)
      at next (../m22-part3-route-writer/node_modules/express/lib/router/index.js:280:10)
      at Layer.handle_error (../m22-part3-route-writer/node_modules/express/lib/router/layer.js:67:12)
      at trim_prefix (../m22-part3-route-writer/node_modules/express/lib/router/index.js:326:13)
      at ../m22-part3-route-writer/node_modules/express/lib/router/index.js:286:9
      at router.process_params (../m22-part3-route-writer/node_modules/express/lib/router/index.js:346:12)
      at next (../m22-part3-route-writer/node_modules/express/lib/router/index.js:280:10)
      at Layer.handle_error (../m22-part3-route-writer/node_modules/express/lib/router/layer.js:67:12)
      at trim_prefix (../m22-part3-route-writer/node_modules/express/lib/router/index.js:326:13)
      at ../m22-part3-route-writer/node_modules/express/lib/router/index.js:286:9
      at router.process_params (../m22-part3-route-writer/node_modules/express/lib/router/index.js:346:12)
      at next (../m22-part3-route-writer/node_modules/express/lib/router/index.js:280:10)
      at Layer.handle_error (../m22-part3-route-writer/node_modules/express/lib/router/layer.js:67:12)
      at trim_prefix (../m22-part3-route-writer/node_modules/express/lib/router/index.js:326:13)
      at ../m22-part3-route-writer/node_modules/express/lib/router/index.js:286:9
      at router.process_params (../m22-part3-route-writer/node_modules/express/lib/router/index.js:346:12)
      at next (../m22-part3-route-writer/node_modules/express/lib/router/index.js:280:10)
      at Layer.handle_error (../m22-part3-route-writer/node_modules/express/lib/router/layer.js:67:12)
      at trim_prefix (../m22-part3-route-writer/node_modules/express/lib/router/index.js:326:13)
      at ../m22-part3-route-writer/node_modules/express/lib/router/index.js:286:9
      at router.process_params (../m22-part3-route-writer/node_modules/express/lib/router/index.js:346:12)
      at next (../m22-part3-route-writer/node_modules/express/lib/router/index.js:280:10)
      at Layer.handle_error (../m22-part3-route-writer/node_modules/express/lib/router/layer.js:67:12)
      at trim_prefix (../m22-part3-route-writer/node_modules/express/lib/router/index.js:326:13)
      at ../m22-part3-route-writer/node_modules/express/lib/router/index.js:286:9
      at router.process_params (../m22-part3-route-writer/node_modules/express/lib/router/index.js:346:12)
      at next (../m22-part3-route-writer/node_modules/express/lib/router/index.js:280:10)
      at Layer.handle_error (../m22-part3-route-writer/node_modules/express/lib/router/layer.js:67:12)
      at trim_prefix (../m22-part3-route-writer/node_modules/express/lib/router/index.js:326:13)
      at ../m22-part3-route-writer/node_modules/express/lib/router/index.js:286:9
      at router.process_params (../m22-part3-route-writer/node_modules/express/lib/router/index.js:346:12)
      at next (../m22-part3-route-writer/node_modules/express/lib/router/index.js:280:10)
      at next (src/scheduling/recommendationHttpBoundary.js:241:25)
      at onfinished (../m22-part3-route-writer/node_modules/body-parser/lib/read.js:102:9)
      at listener (../m22-part3-route-writer/node_modules/on-finished/index.js:170:15)
      at onFinish (../m22-part3-route-writer/node_modules/on-finished/index.js:101:5)
      at callback (../m22-part3-route-writer/node_modules/ee-first/index.js:55:10)
      at IncomingMessage.onevent (../m22-part3-route-writer/node_modules/ee-first/index.js:93:5)

  console.info
    {
      component: 'http',
      event: 'request_completed',
      requestId: '0a971e62-bc39-45b4-9ce5-0cce7fef5ebb',
      methodClass: 'POST',
      durationMs: 6,
      statusCode: 403
    }

      at write (src/observability/safeLogger.js:178:17)

  console.info
    {
      component: 'http',
      event: 'request_completed',
      requestId: '5b318142-6829-4e9e-9140-ef8f94a7491d',
      methodClass: 'POST',
      durationMs: 2,
      statusCode: 403
    }

      at write (src/observability/safeLogger.js:178:17)

  console.info
    {
      component: 'http',
      event: 'request_completed',
      requestId: '36ab4545-3df2-45b8-802b-a49e5ea83ece',
      methodClass: 'POST',
      durationMs: 2,
      statusCode: 401
    }

      at write (src/observability/safeLogger.js:178:17)

  console.info
    {
      component: 'http',
      event: 'request_completed',
      requestId: 'a999ef24-9e32-46a1-a08e-950209fd2624',
      methodClass: 'POST',
      durationMs: 3,
      statusCode: 401
    }

      at write (src/observability/safeLogger.js:178:17)

  console.info
    {
      component: 'http',
      event: 'request_completed',
      requestId: '1c522f71-4966-4960-a14a-2ee7e051a240',
      methodClass: 'POST',
      durationMs: 5,
      statusCode: 409
    }

      at write (src/observability/safeLogger.js:178:17)

  console.info
    {
      component: 'http',
      event: 'request_completed',
      requestId: '00849e02-c297-43f1-b8aa-8e6eea04a4ec',
      methodClass: 'POST',
      durationMs: 5,
      statusCode: 409
    }

      at write (src/observability/safeLogger.js:178:17)

  console.info
    {
      component: 'http',
      event: 'request_completed',
      requestId: '0cf38616-c8fa-490b-a95c-9ab3ad1076a6',
      methodClass: 'POST',
      durationMs: 5,
      statusCode: 404
    }

      at write (src/observability/safeLogger.js:178:17)

  console.info
    {
      component: 'http',
      event: 'request_completed',
      requestId: 'efda73a4-6e7e-4232-be96-d9eb02ead1c1',
      methodClass: 'POST',
      durationMs: 3,
      statusCode: 404
    }

      at write (src/observability/safeLogger.js:178:17)

  console.info
    {
      component: 'http',
      event: 'request_completed',
      requestId: 'bd4901a1-0e2d-44ac-9738-262aa1072141',
      methodClass: 'POST',
      durationMs: 163,
      statusCode: 200
    }

      at write (src/observability/safeLogger.js:178:17)

  console.info
    {
      component: 'http',
      event: 'request_completed',
      requestId: '407c7ea7-2fc5-48d7-b27f-fe9cb97c4666',
      methodClass: 'POST',
      durationMs: 275,
      statusCode: 200
    }

      at write (src/observability/safeLogger.js:178:17)

  console.info
    {
      component: 'http',
      event: 'request_completed',
      requestId: '79d34d8d-6451-4c92-bb8d-43ff0f7f3235',
      methodClass: 'POST',
      durationMs: 86,
      statusCode: 200
    }

      at write (src/observability/safeLogger.js:178:17)

  console.info
    {
      component: 'http',
      event: 'request_completed',
      requestId: '9a3379a9-4aa2-413e-977e-3bcc6399f920',
      methodClass: 'POST',
      durationMs: 65,
      statusCode: 200
    }

      at write (src/observability/safeLogger.js:178:17)

  console.log
    [DB] Migration applied: 001_initial_schema.sql

      at log (src/db.js:1312:42)

  console.log
    [DB] Migration applied: 002_seed_data.sql

      at log (src/db.js:1312:42)

  console.log
    [DB] Migration applied: 003_voice_sessions.sql

      at log (src/db.js:1312:42)

  console.log
    [DB] Migration applied: 004_canonical_persistence_v2.sql

      at log (src/db.js:1312:42)

  console.log
    [DB] Migration applied: 005_canonical_organization_authority.sql

      at log (src/db.js:1312:42)

  console.log
    [DB] Migration applied: 006_canonical_voice_sessions.sql

      at log (src/db.js:1312:42)

  console.log
    [DB] Migration applied: 007_canonical_tax_authority.sql

      at log (src/db.js:1312:42)

  console.log
    [DB] Migration applied: 008_canonical_demo_authority.sql

      at log (src/db.js:1312:42)

  console.log
    [DB] Migration applied: 009_canonical_voice_provider_identity.sql

      at log (src/db.js:1312:42)

  console.log
    [DB] Migration applied: 010_account_session_authority.sql

      at log (src/db.js:1312:42)

  console.log
    [DB] Migration applied: 011_oauth_authorization_states.sql

      at log (src/db.js:1312:42)

  console.log
    [DB] Migration applied: 012_account_verification_trial.sql

      at log (src/db.js:1312:42)

  console.log
    [DB] Migration applied: 015_workforce_authority.sql

      at log (src/db.js:1312:42)

  console.log
    [DB] Migration applied: 016_tenant_asset_catalogue.sql

      at log (src/db.js:1312:42)

  console.log
    [DB] Migration applied: 017_retell_webhook_replay_authority.sql

      at log (src/db.js:1312:42)

  console.log
    [DB] Migration applied: 018_canonical_map_preferences.sql

      at log (src/db.js:1312:42)

  console.log
    [DB] Migration applied: 019_account_email_outbox.sql

      at log (src/db.js:1312:42)

  console.log
    [DB] Migration applied: 020_canonical_workforce_access_roles.sql

      at log (src/db.js:1312:42)

  console.log
    [DB] Migration applied: 021_bounded_api_observability.sql

      at log (src/db.js:1312:42)

  console.log
    [DB] Migration applied: 022_demo_command_center_sessions.sql

      at log (src/db.js:1312:42)

  console.log
    [DB] Migration applied: 023_homepage_demo_admission.sql

      at log (src/db.js:1312:42)

  console.log
    [DB] Migration applied: 024_homepage_verified_purge_receipt.sql

      at log (src/db.js:1312:42)

  console.log
    [DB] Migration applied: 025_provider_agnostic_knowledge_registry.sql

      at log (src/db.js:1312:42)

  console.log
    [DB] Migration applied: 026_canonical_knowledge_review_publication.sql

      at log (src/db.js:1312:42)

  console.log
    [DB] Migration applied: 027_canonical_knowledge_audit_graph_authority.sql

      at log (src/db.js:1312:42)

  console.log
    [DB] Migration applied: 028_canonical_knowledge_immutable_lifecycle.sql

      at log (src/db.js:1312:42)

  console.log
    [DB] Migration applied: 029_canonical_knowledge_transactional_sync.sql

      at log (src/db.js:1312:42)

  console.log
    [DB] Migration applied: 030_canonical_knowledge_sync_revocation.sql

      at log (src/db.js:1312:42)

  console.log
    [DB] Migration applied: 031_canonical_knowledge_sync_recovery_lifecycle.sql

      at log (src/db.js:1312:42)

  console.log
    [DB] Migration applied: 032_canonical_schedule_assignment_authority.sql

      at log (src/db.js:1312:42)

  console.log
    [DB] Migration applied: 033_canonical_schedule_time_evidence.sql

      at log (src/db.js:1312:42)

  console.log
    [DB] Migration applied: 034_schedule_availability_conflict_authority.sql

      at log (src/db.js:1312:42)

  console.log
    [DB] Migration applied: 035_schedule_human_preview_approval.sql

      at log (src/db.js:1312:42)

  console.warn
    {
      component: 'email',
      event: 'outbox_delivery_failed',
      category: 'delivery_failed',
      attempt: 1
    }

      176 |     ...safeFields(fields),
      177 |   };
    > 178 |   console[level](record);
          |                 ^
      179 |   return record;
      180 | }
      181 |

      at write (src/observability/safeLogger.js:178:17)
      at Object.write [as warn] (src/observability/safeLogger.js:187:10)
      at AccountEmailOutboxWorker.warn [as deliver] (src/email/outbox.js:86:18)
      at AccountEmailOutboxWorker.drainOnce (src/email/outbox.js:124:22)
      at Object.<anonymous> (tests/api/account-lifecycle-b1-postgres.test.js:347:5)

  console.error
    [Auth] Request failed: { requestId: 'unavailable', event: 'verification_failed' }

      23 |     return failure(req, res, 503, 'account_authority_unavailable', 'Account service is temporarily unavailable');
      24 |   }
    > 25 |   console.error('[Auth] Request failed:', { requestId: requestId(req), event });
         |           ^
      26 |   return failure(req, res, 500, 'auth_request_failed', 'Authentication request failed');
      27 | }
      28 |

      at error (src/routes/auth.js:25:11)
      at handleError (src/routes/auth.js:117:14)

  console.error
    [Auth] Request failed: { requestId: 'unavailable', event: 'password_reset_failed' }

      23 |     return failure(req, res, 503, 'account_authority_unavailable', 'Account service is temporarily unavailable');
      24 |   }
    > 25 |   console.error('[Auth] Request failed:', { requestId: requestId(req), event });
         |           ^
      26 |   return failure(req, res, 500, 'auth_request_failed', 'Authentication request failed');
      27 | }
      28 |

      at error (src/routes/auth.js:25:11)
      at handleError (src/routes/auth.js:170:14)

  console.log
    [DB] Migration applied: 001_initial_schema.sql

      at log (src/db.js:1312:42)

  console.log
    [DB] Migration applied: 002_seed_data.sql

      at log (src/db.js:1312:42)

  console.log
    [DB] Migration applied: 003_voice_sessions.sql

      at log (src/db.js:1312:42)

  console.log
    [DB] Migration applied: 004_canonical_persistence_v2.sql

      at log (src/db.js:1312:42)

  console.log
    [DB] Migration applied: 005_canonical_organization_authority.sql

      at log (src/db.js:1312:42)

  console.log
    [DB] Migration applied: 006_canonical_voice_sessions.sql

      at log (src/db.js:1312:42)

  console.log
    [DB] Migration applied: 007_canonical_tax_authority.sql

      at log (src/db.js:1312:42)

  console.log
    [DB] Migration applied: 008_canonical_demo_authority.sql

      at log (src/db.js:1312:42)

  console.log
    [DB] Migration applied: 009_canonical_voice_provider_identity.sql

      at log (src/db.js:1312:42)

  console.log
    [DB] Migration applied: 010_account_session_authority.sql

      at log (src/db.js:1312:42)

  console.log
    [DB] Migration applied: 011_oauth_authorization_states.sql

      at log (src/db.js:1312:42)

  console.log
    [DB] Migration applied: 012_account_verification_trial.sql

      at log (src/db.js:1312:42)

  console.log
    [DB] Migration applied: 015_workforce_authority.sql

      at log (src/db.js:1312:42)

  console.log
    [DB] Migration applied: 016_tenant_asset_catalogue.sql

      at log (src/db.js:1312:42)

  console.log
    [DB] Migration applied: 017_retell_webhook_replay_authority.sql

      at log (src/db.js:1312:42)

  console.log
    [DB] Migration applied: 018_canonical_map_preferences.sql

      at log (src/db.js:1312:42)

  console.log
    [DB] Migration applied: 019_account_email_outbox.sql

      at log (src/db.js:1312:42)

  console.log
    [DB] Migration applied: 020_canonical_workforce_access_roles.sql

      at log (src/db.js:1312:42)

  console.log
    [DB] Migration applied: 021_bounded_api_observability.sql

      at log (src/db.js:1312:42)

  console.log
    [DB] Migration applied: 022_demo_command_center_sessions.sql

      at log (src/db.js:1312:42)

  console.log
    [DB] Migration applied: 023_homepage_demo_admission.sql

      at log (src/db.js:1312:42)

  console.log
    [DB] Migration applied: 024_homepage_verified_purge_receipt.sql

      at log (src/db.js:1312:42)

  console.log
    [DB] Migration applied: 025_provider_agnostic_knowledge_registry.sql

      at log (src/db.js:1312:42)

  console.log
    [DB] Migration applied: 026_canonical_knowledge_review_publication.sql

      at log (src/db.js:1312:42)

  console.log
    [DB] Migration applied: 027_canonical_knowledge_audit_graph_authority.sql

      at log (src/db.js:1312:42)

  console.log
    [DB] Migration applied: 028_canonical_knowledge_immutable_lifecycle.sql

      at log (src/db.js:1312:42)

  console.log
    [DB] Migration applied: 029_canonical_knowledge_transactional_sync.sql

      at log (src/db.js:1312:42)

  console.log
    [DB] Migration applied: 030_canonical_knowledge_sync_revocation.sql

      at log (src/db.js:1312:42)

  console.log
    [DB] Migration applied: 031_canonical_knowledge_sync_recovery_lifecycle.sql

      at log (src/db.js:1312:42)

  console.log
    [DB] Migration applied: 032_canonical_schedule_assignment_authority.sql

      at log (src/db.js:1312:42)

  console.log
    [DB] Migration applied: 033_canonical_schedule_time_evidence.sql

      at log (src/db.js:1312:42)

  console.log
    [DB] Migration applied: 034_schedule_availability_conflict_authority.sql

      at log (src/db.js:1312:42)

  console.log
    [DB] Migration applied: 035_schedule_human_preview_approval.sql

      at log (src/db.js:1312:42)

  console.error
    [Auth] Request failed: {
      requestId: 'signup-ratification-0f2787fb-842a-464b-b924-0766f72dfa32',
      event: 'signup_failed'
    }

      23 |     return failure(req, res, 503, 'account_authority_unavailable', 'Account service is temporarily unavailable');
      24 |   }
    > 25 |   console.error('[Auth] Request failed:', { requestId: requestId(req), event });
         |           ^
      26 |   return failure(req, res, 500, 'auth_request_failed', 'Authentication request failed');
      27 | }
      28 |

      at error (src/routes/auth.js:25:11)
      at handleError (src/routes/auth.js:46:14)

  console.error
    [Auth] Request failed: {
      requestId: 'signup-ratification-8bbbced0-b9cd-42aa-8ccf-a93d209365a5',
      event: 'signup_failed'
    }

      23 |     return failure(req, res, 503, 'account_authority_unavailable', 'Account service is temporarily unavailable');
      24 |   }
    > 25 |   console.error('[Auth] Request failed:', { requestId: requestId(req), event });
         |           ^
      26 |   return failure(req, res, 500, 'auth_request_failed', 'Authentication request failed');
      27 | }
      28 |

      at error (src/routes/auth.js:25:11)
      at handleError (src/routes/auth.js:46:14)

  console.error
    [Auth] Request failed: {
      requestId: 'signup-ratification-d5315f48-ab2d-4df4-9d57-0fe178323def',
      event: 'signup_failed'
    }

      23 |     return failure(req, res, 503, 'account_authority_unavailable', 'Account service is temporarily unavailable');
      24 |   }
    > 25 |   console.error('[Auth] Request failed:', { requestId: requestId(req), event });
         |           ^
      26 |   return failure(req, res, 500, 'auth_request_failed', 'Authentication request failed');
      27 | }
      28 |

      at error (src/routes/auth.js:25:11)
      at handleError (src/routes/auth.js:46:14)

  console.error
    [Auth] Request failed: {
      requestId: 'signup-ratification-08dee023-62d8-4d99-a5f2-9aba5103e1f0',
      event: 'signup_failed'
    }

      23 |     return failure(req, res, 503, 'account_authority_unavailable', 'Account service is temporarily unavailable');
      24 |   }
    > 25 |   console.error('[Auth] Request failed:', { requestId: requestId(req), event });
         |           ^
      26 |   return failure(req, res, 500, 'auth_request_failed', 'Authentication request failed');
      27 | }
      28 |

      at error (src/routes/auth.js:25:11)
      at handleError (src/routes/auth.js:46:14)

  console.error
    [Auth] Request failed: {
      requestId: 'signup-ratification-c7701018-fc23-4013-b189-148a42547915',
      event: 'signup_failed'
    }

      23 |     return failure(req, res, 503, 'account_authority_unavailable', 'Account service is temporarily unavailable');
      24 |   }
    > 25 |   console.error('[Auth] Request failed:', { requestId: requestId(req), event });
         |           ^
      26 |   return failure(req, res, 500, 'auth_request_failed', 'Authentication request failed');
      27 | }
      28 |

      at error (src/routes/auth.js:25:11)
      at handleError (src/routes/auth.js:46:14)

  console.error
    [Auth] Request failed: {
      requestId: 'signup-ratification-e3a7b145-453b-462c-8e71-30ce89bc1911',
      event: 'signup_failed'
    }

      23 |     return failure(req, res, 503, 'account_authority_unavailable', 'Account service is temporarily unavailable');
      24 |   }
    > 25 |   console.error('[Auth] Request failed:', { requestId: requestId(req), event });
         |           ^
      26 |   return failure(req, res, 500, 'auth_request_failed', 'Authentication request failed');
      27 | }
      28 |

      at error (src/routes/auth.js:25:11)
      at handleError (src/routes/auth.js:46:14)

  console.error
    [Auth] Request failed: {
      requestId: 'signup-ratification-495394e0-a247-448e-9fe9-79f8b6a2bd20',
      event: 'signup_failed'
    }

      23 |     return failure(req, res, 503, 'account_authority_unavailable', 'Account service is temporarily unavailable');
      24 |   }
    > 25 |   console.error('[Auth] Request failed:', { requestId: requestId(req), event });
         |           ^
      26 |   return failure(req, res, 500, 'auth_request_failed', 'Authentication request failed');
      27 | }
      28 |

      at error (src/routes/auth.js:25:11)
      at handleError (src/routes/auth.js:46:14)

  console.error
    [Auth] Request failed: {
      requestId: 'signup-ratification-b5a76630-abcb-4497-a31b-e4ca5de31677',
      event: 'signup_failed'
    }

      23 |     return failure(req, res, 503, 'account_authority_unavailable', 'Account service is temporarily unavailable');
      24 |   }
    > 25 |   console.error('[Auth] Request failed:', { requestId: requestId(req), event });
         |           ^
      26 |   return failure(req, res, 500, 'auth_request_failed', 'Authentication request failed');
      27 | }
      28 |

      at error (src/routes/auth.js:25:11)
      at handleError (src/routes/auth.js:46:14)

  console.error
    [Auth] Request failed: {
      requestId: 'signup-ratification-b7a49d4b-51f4-4200-a3a2-2fdb7866a89a',
      event: 'signup_failed'
    }

      23 |     return failure(req, res, 503, 'account_authority_unavailable', 'Account service is temporarily unavailable');
      24 |   }
    > 25 |   console.error('[Auth] Request failed:', { requestId: requestId(req), event });
         |           ^
      26 |   return failure(req, res, 500, 'auth_request_failed', 'Authentication request failed');
      27 | }
      28 |

      at error (src/routes/auth.js:25:11)
      at handleError (src/routes/auth.js:46:14)

  console.log
    [DB] Migration applied: 001_initial_schema.sql

      at Object.log [as runMigrations] (src/db.js:1312:42)

  console.log
    [DB] Migration applied: 002_seed_data.sql

      at Object.log [as runMigrations] (src/db.js:1312:42)

  console.log
    [DB] Migration applied: 003_voice_sessions.sql

      at Object.log [as runMigrations] (src/db.js:1312:42)

  console.log
    [DB] Migration applied: 004_canonical_persistence_v2.sql

      at Object.log [as runMigrations] (src/db.js:1312:42)

  console.log
    [DB] Migration applied: 005_canonical_organization_authority.sql

      at Object.log [as runMigrations] (src/db.js:1312:42)

  console.log
    [DB] Migration applied: 006_canonical_voice_sessions.sql

      at Object.log [as runMigrations] (src/db.js:1312:42)

  console.log
    [DB] Migration applied: 007_canonical_tax_authority.sql

      at Object.log [as runMigrations] (src/db.js:1312:42)

  console.log
    [DB] Migration applied: 008_canonical_demo_authority.sql

      at Object.log [as runMigrations] (src/db.js:1312:42)

  console.log
    [DB] Migration applied: 009_canonical_voice_provider_identity.sql

      at Object.log [as runMigrations] (src/db.js:1312:42)

  console.log
    [DB] Migration applied: 010_account_session_authority.sql

      at Object.log [as runMigrations] (src/db.js:1312:42)

  console.log
    [DB] Migration applied: 011_oauth_authorization_states.sql

      at Object.log [as runMigrations] (src/db.js:1312:42)

  console.log
    [DB] Migration applied: 012_account_verification_trial.sql

      at Object.log [as runMigrations] (src/db.js:1312:42)

  console.log
    [DB] Migration applied: 015_workforce_authority.sql

      at Object.log [as runMigrations] (src/db.js:1312:42)

  console.log
    [DB] Migration applied: 016_tenant_asset_catalogue.sql

      at Object.log [as runMigrations] (src/db.js:1312:42)

  console.log
    [DB] Migration applied: 017_retell_webhook_replay_authority.sql

      at Object.log [as runMigrations] (src/db.js:1312:42)

  console.log
    [DB] Migration applied: 018_canonical_map_preferences.sql

      at Object.log [as runMigrations] (src/db.js:1312:42)

  console.log
    [DB] Migration applied: 019_account_email_outbox.sql

      at Object.log [as runMigrations] (src/db.js:1312:42)

  console.log
    [DB] Migration applied: 020_canonical_workforce_access_roles.sql

      at Object.log [as runMigrations] (src/db.js:1312:42)

  console.log
    [DB] Migration applied: 021_bounded_api_observability.sql

      at Object.log [as runMigrations] (src/db.js:1312:42)

  console.log
    [DB] Migration applied: 022_demo_command_center_sessions.sql

      at Object.log [as runMigrations] (src/db.js:1312:42)

  console.log
    [DB] Migration applied: 023_homepage_demo_admission.sql

      at Object.log [as runMigrations] (src/db.js:1312:42)

  console.log
    [DB] Migration applied: 024_homepage_verified_purge_receipt.sql

      at Object.log [as runMigrations] (src/db.js:1312:42)

  console.log
    [DB] Migration applied: 025_provider_agnostic_knowledge_registry.sql

      at Object.log [as runMigrations] (src/db.js:1312:42)

  console.log
    [DB] Migration applied: 026_canonical_knowledge_review_publication.sql

      at Object.log [as runMigrations] (src/db.js:1312:42)

  console.log
    [DB] Migration applied: 027_canonical_knowledge_audit_graph_authority.sql

      at Object.log [as runMigrations] (src/db.js:1312:42)

  console.log
    [DB] Migration applied: 001_initial_schema.sql

      at Object.log [as runMigrations] (src/db.js:1312:42)

  console.log
    [DB] Migration applied: 002_seed_data.sql

      at Object.log [as runMigrations] (src/db.js:1312:42)

  console.log
    [DB] Migration applied: 003_voice_sessions.sql

      at Object.log [as runMigrations] (src/db.js:1312:42)

  console.log
    [DB] Migration applied: 004_canonical_persistence_v2.sql

      at Object.log [as runMigrations] (src/db.js:1312:42)

  console.log
    [DB] Migration applied: 005_canonical_organization_authority.sql

      at Object.log [as runMigrations] (src/db.js:1312:42)

  console.log
    [DB] Migration applied: 006_canonical_voice_sessions.sql

      at Object.log [as runMigrations] (src/db.js:1312:42)

  console.log
    [DB] Migration applied: 007_canonical_tax_authority.sql

      at Object.log [as runMigrations] (src/db.js:1312:42)

  console.log
    [DB] Migration applied: 008_canonical_demo_authority.sql

      at Object.log [as runMigrations] (src/db.js:1312:42)

  console.log
    [DB] Migration applied: 009_canonical_voice_provider_identity.sql

      at Object.log [as runMigrations] (src/db.js:1312:42)

  console.log
    [DB] Migration applied: 010_account_session_authority.sql

      at Object.log [as runMigrations] (src/db.js:1312:42)

  console.log
    [DB] Migration applied: 011_oauth_authorization_states.sql

      at Object.log [as runMigrations] (src/db.js:1312:42)

  console.log
    [DB] Migration applied: 012_account_verification_trial.sql

      at Object.log [as runMigrations] (src/db.js:1312:42)

  console.log
    [DB] Migration applied: 015_workforce_authority.sql

      at Object.log [as runMigrations] (src/db.js:1312:42)

  console.log
    [DB] Migration applied: 016_tenant_asset_catalogue.sql

      at Object.log [as runMigrations] (src/db.js:1312:42)

  console.log
    [DB] Migration applied: 017_retell_webhook_replay_authority.sql

      at Object.log [as runMigrations] (src/db.js:1312:42)

  console.log
    [DB] Migration applied: 018_canonical_map_preferences.sql

      at Object.log [as runMigrations] (src/db.js:1312:42)

  console.log
    [DB] Migration applied: 019_account_email_outbox.sql

      at Object.log [as runMigrations] (src/db.js:1312:42)

  console.log
    [DB] Migration applied: 020_canonical_workforce_access_roles.sql

      at Object.log [as runMigrations] (src/db.js:1312:42)

  console.log
    [DB] Migration applied: 021_bounded_api_observability.sql

      at Object.log [as runMigrations] (src/db.js:1312:42)

  console.log
    [DB] Migration applied: 022_demo_command_center_sessions.sql

      at Object.log [as runMigrations] (src/db.js:1312:42)

  console.log
    [DB] Migration applied: 023_homepage_demo_admission.sql

      at Object.log [as runMigrations] (src/db.js:1312:42)

  console.log
    [DB] Migration applied: 024_homepage_verified_purge_receipt.sql

      at Object.log [as runMigrations] (src/db.js:1312:42)

  console.log
    [DB] Migration applied: 025_provider_agnostic_knowledge_registry.sql

      at Object.log [as runMigrations] (src/db.js:1312:42)

  console.log
    [DB] Migration applied: 026_canonical_knowledge_review_publication.sql

      at Object.log [as runMigrations] (src/db.js:1312:42)

  console.log
    [DB] Migration applied: 027_canonical_knowledge_audit_graph_authority.sql

      at Object.log [as runMigrations] (src/db.js:1312:42)

  console.log
    [DB] Migration applied: 001_initial_schema.sql

      at Object.log [as runMigrations] (src/db.js:1312:42)

  console.log
    [DB] Migration applied: 002_seed_data.sql

      at Object.log [as runMigrations] (src/db.js:1312:42)

  console.log
    [DB] Migration applied: 003_voice_sessions.sql

      at Object.log [as runMigrations] (src/db.js:1312:42)

  console.log
    [DB] Migration applied: 004_canonical_persistence_v2.sql

      at Object.log [as runMigrations] (src/db.js:1312:42)

  console.log
    [DB] Migration applied: 005_canonical_organization_authority.sql

      at Object.log [as runMigrations] (src/db.js:1312:42)

  console.log
    [DB] Migration applied: 006_canonical_voice_sessions.sql

      at Object.log [as runMigrations] (src/db.js:1312:42)

  console.log
    [DB] Migration applied: 007_canonical_tax_authority.sql

      at Object.log [as runMigrations] (src/db.js:1312:42)

  console.log
    [DB] Migration applied: 008_canonical_demo_authority.sql

      at Object.log [as runMigrations] (src/db.js:1312:42)

  console.log
    [DB] Migration applied: 009_canonical_voice_provider_identity.sql

      at Object.log [as runMigrations] (src/db.js:1312:42)

  console.log
    [DB] Migration applied: 010_account_session_authority.sql

      at Object.log [as runMigrations] (src/db.js:1312:42)

  console.log
    [DB] Migration applied: 011_oauth_authorization_states.sql

      at Object.log [as runMigrations] (src/db.js:1312:42)

  console.log
    [DB] Migration applied: 012_account_verification_trial.sql

      at Object.log [as runMigrations] (src/db.js:1312:42)

  console.log
    [DB] Migration applied: 015_workforce_authority.sql

      at Object.log [as runMigrations] (src/db.js:1312:42)

  console.log
    [DB] Migration applied: 016_tenant_asset_catalogue.sql

      at Object.log [as runMigrations] (src/db.js:1312:42)

  console.log
    [DB] Migration applied: 017_retell_webhook_replay_authority.sql

      at Object.log [as runMigrations] (src/db.js:1312:42)

  console.log
    [DB] Migration applied: 018_canonical_map_preferences.sql

      at Object.log [as runMigrations] (src/db.js:1312:42)

  console.log
    [DB] Migration applied: 019_account_email_outbox.sql

      at Object.log [as runMigrations] (src/db.js:1312:42)

  console.log
    [DB] Migration applied: 020_canonical_workforce_access_roles.sql

      at Object.log [as runMigrations] (src/db.js:1312:42)

  console.log
    [DB] Migration applied: 021_bounded_api_observability.sql

      at Object.log [as runMigrations] (src/db.js:1312:42)

  console.log
    [DB] Migration applied: 022_demo_command_center_sessions.sql

      at Object.log [as runMigrations] (src/db.js:1312:42)

  console.log
    [DB] Migration applied: 023_homepage_demo_admission.sql

      at Object.log [as runMigrations] (src/db.js:1312:42)

  console.log
    [DB] Migration applied: 024_homepage_verified_purge_receipt.sql

      at Object.log [as runMigrations] (src/db.js:1312:42)

  console.log
    [DB] Migration applied: 025_provider_agnostic_knowledge_registry.sql

      at Object.log [as runMigrations] (src/db.js:1312:42)

  console.log
    [DB] Migration applied: 026_canonical_knowledge_review_publication.sql

      at Object.log [as runMigrations] (src/db.js:1312:42)

  console.log
    [DB] Migration applied: 027_canonical_knowledge_audit_graph_authority.sql

      at Object.log [as runMigrations] (src/db.js:1312:42)

  console.log
    [DB] Migration applied: 001_initial_schema.sql

      at Object.log [as runMigrations] (src/db.js:1312:42)

  console.log
    [DB] Migration applied: 002_seed_data.sql

      at Object.log [as runMigrations] (src/db.js:1312:42)

  console.log
    [DB] Migration applied: 003_voice_sessions.sql

      at Object.log [as runMigrations] (src/db.js:1312:42)

  console.log
    [DB] Migration applied: 004_canonical_persistence_v2.sql

      at Object.log [as runMigrations] (src/db.js:1312:42)

  console.log
    [DB] Migration applied: 005_canonical_organization_authority.sql

      at Object.log [as runMigrations] (src/db.js:1312:42)

  console.log
    [DB] Migration applied: 006_canonical_voice_sessions.sql

      at Object.log [as runMigrations] (src/db.js:1312:42)

  console.log
    [DB] Migration applied: 007_canonical_tax_authority.sql

      at Object.log [as runMigrations] (src/db.js:1312:42)

  console.log
    [DB] Migration applied: 008_canonical_demo_authority.sql

      at Object.log [as runMigrations] (src/db.js:1312:42)

  console.log
    [DB] Migration applied: 009_canonical_voice_provider_identity.sql

      at Object.log [as runMigrations] (src/db.js:1312:42)

  console.log
    [DB] Migration applied: 010_account_session_authority.sql

      at Object.log [as runMigrations] (src/db.js:1312:42)

  console.log
    [DB] Migration applied: 011_oauth_authorization_states.sql

      at Object.log [as runMigrations] (src/db.js:1312:42)

  console.log
    [DB] Migration applied: 012_account_verification_trial.sql

      at Object.log [as runMigrations] (src/db.js:1312:42)

  console.log
    [DB] Migration applied: 015_workforce_authority.sql

      at Object.log [as runMigrations] (src/db.js:1312:42)

  console.log
    [DB] Migration applied: 016_tenant_asset_catalogue.sql

      at Object.log [as runMigrations] (src/db.js:1312:42)

  console.log
    [DB] Migration applied: 017_retell_webhook_replay_authority.sql

      at Object.log [as runMigrations] (src/db.js:1312:42)

  console.log
    [DB] Migration applied: 018_canonical_map_preferences.sql

      at Object.log [as runMigrations] (src/db.js:1312:42)

  console.log
    [DB] Migration applied: 019_account_email_outbox.sql

      at Object.log [as runMigrations] (src/db.js:1312:42)

  console.log
    [DB] Migration applied: 020_canonical_workforce_access_roles.sql

      at Object.log [as runMigrations] (src/db.js:1312:42)

  console.log
    [DB] Migration applied: 021_bounded_api_observability.sql

      at Object.log [as runMigrations] (src/db.js:1312:42)

  console.log
    [DB] Migration applied: 022_demo_command_center_sessions.sql

      at Object.log [as runMigrations] (src/db.js:1312:42)

  console.log
    [DB] Migration applied: 023_homepage_demo_admission.sql

      at Object.log [as runMigrations] (src/db.js:1312:42)

  console.log
    [DB] Migration applied: 024_homepage_verified_purge_receipt.sql

      at Object.log [as runMigrations] (src/db.js:1312:42)

  console.log
    [DB] Migration applied: 025_provider_agnostic_knowledge_registry.sql

      at Object.log [as runMigrations] (src/db.js:1312:42)

  console.log
    [DB] Migration applied: 026_canonical_knowledge_review_publication.sql

      at Object.log [as runMigrations] (src/db.js:1312:42)

  console.log
    [DB] Migration applied: 001_initial_schema.sql

      at Object.log [as runMigrations] (src/db.js:1312:42)

  console.log
    [DB] Migration applied: 002_seed_data.sql

      at Object.log [as runMigrations] (src/db.js:1312:42)

  console.log
    [DB] Migration applied: 003_voice_sessions.sql

      at Object.log [as runMigrations] (src/db.js:1312:42)

  console.log
    [DB] Migration applied: 004_canonical_persistence_v2.sql

      at Object.log [as runMigrations] (src/db.js:1312:42)

  console.log
    [DB] Migration applied: 005_canonical_organization_authority.sql

      at Object.log [as runMigrations] (src/db.js:1312:42)

  console.log
    [DB] Migration applied: 006_canonical_voice_sessions.sql

      at Object.log [as runMigrations] (src/db.js:1312:42)

  console.log
    [DB] Migration applied: 007_canonical_tax_authority.sql

      at Object.log [as runMigrations] (src/db.js:1312:42)

  console.log
    [DB] Migration applied: 008_canonical_demo_authority.sql

      at Object.log [as runMigrations] (src/db.js:1312:42)

  console.log
    [DB] Migration applied: 009_canonical_voice_provider_identity.sql

      at Object.log [as runMigrations] (src/db.js:1312:42)

  console.log
    [DB] Migration applied: 010_account_session_authority.sql

      at Object.log [as runMigrations] (src/db.js:1312:42)

  console.log
    [DB] Migration applied: 011_oauth_authorization_states.sql

      at Object.log [as runMigrations] (src/db.js:1312:42)

  console.log
    [DB] Migration applied: 012_account_verification_trial.sql

      at Object.log [as runMigrations] (src/db.js:1312:42)

  console.log
    [DB] Migration applied: 015_workforce_authority.sql

      at Object.log [as runMigrations] (src/db.js:1312:42)

  console.log
    [DB] Migration applied: 016_tenant_asset_catalogue.sql

      at Object.log [as runMigrations] (src/db.js:1312:42)

  console.log
    [DB] Migration applied: 017_retell_webhook_replay_authority.sql

      at Object.log [as runMigrations] (src/db.js:1312:42)

  console.log
    [DB] Migration applied: 018_canonical_map_preferences.sql

      at Object.log [as runMigrations] (src/db.js:1312:42)

  console.log
    [DB] Migration applied: 019_account_email_outbox.sql

      at Object.log [as runMigrations] (src/db.js:1312:42)

  console.log
    [DB] Migration applied: 020_canonical_workforce_access_roles.sql

      at Object.log [as runMigrations] (src/db.js:1312:42)

  console.log
    [DB] Migration applied: 021_bounded_api_observability.sql

      at Object.log [as runMigrations] (src/db.js:1312:42)

  console.log
    [DB] Migration applied: 022_demo_command_center_sessions.sql

      at Object.log [as runMigrations] (src/db.js:1312:42)

  console.log
    [DB] Migration applied: 023_homepage_demo_admission.sql

      at Object.log [as runMigrations] (src/db.js:1312:42)

  console.log
    [DB] Migration applied: 024_homepage_verified_purge_receipt.sql

      at Object.log [as runMigrations] (src/db.js:1312:42)

  console.log
    [DB] Migration applied: 025_provider_agnostic_knowledge_registry.sql

      at Object.log [as runMigrations] (src/db.js:1312:42)

  console.log
    [DB] Migration applied: 026_canonical_knowledge_review_publication.sql

      at Object.log [as runMigrations] (src/db.js:1312:42)

  console.log
    [DB] Migration applied: 001_initial_schema.sql

      at Object.log [as runMigrations] (src/db.js:1312:42)

  console.log
    [DB] Migration applied: 002_seed_data.sql

      at Object.log [as runMigrations] (src/db.js:1312:42)

  console.log
    [DB] Migration applied: 003_voice_sessions.sql

      at Object.log [as runMigrations] (src/db.js:1312:42)

  console.log
    [DB] Migration applied: 004_canonical_persistence_v2.sql

      at Object.log [as runMigrations] (src/db.js:1312:42)

  console.log
    [DB] Migration applied: 005_canonical_organization_authority.sql

      at Object.log [as runMigrations] (src/db.js:1312:42)

  console.log
    [DB] Migration applied: 006_canonical_voice_sessions.sql

      at Object.log [as runMigrations] (src/db.js:1312:42)

  console.log
    [DB] Migration applied: 007_canonical_tax_authority.sql

      at Object.log [as runMigrations] (src/db.js:1312:42)

  console.log
    [DB] Migration applied: 008_canonical_demo_authority.sql

      at Object.log [as runMigrations] (src/db.js:1312:42)

  console.log
    [DB] Migration applied: 009_canonical_voice_provider_identity.sql

      at Object.log [as runMigrations] (src/db.js:1312:42)

  console.log
    [DB] Migration applied: 010_account_session_authority.sql

      at Object.log [as runMigrations] (src/db.js:1312:42)

  console.log
    [DB] Migration applied: 011_oauth_authorization_states.sql

      at Object.log [as runMigrations] (src/db.js:1312:42)

  console.log
    [DB] Migration applied: 012_account_verification_trial.sql

      at Object.log [as runMigrations] (src/db.js:1312:42)

  console.log
    [DB] Migration applied: 015_workforce_authority.sql

      at Object.log [as runMigrations] (src/db.js:1312:42)

  console.log
    [DB] Migration applied: 016_tenant_asset_catalogue.sql

      at Object.log [as runMigrations] (src/db.js:1312:42)

  console.log
    [DB] Migration applied: 017_retell_webhook_replay_authority.sql

      at Object.log [as runMigrations] (src/db.js:1312:42)

  console.log
    [DB] Migration applied: 018_canonical_map_preferences.sql

      at Object.log [as runMigrations] (src/db.js:1312:42)

  console.log
    [DB] Migration applied: 019_account_email_outbox.sql

      at Object.log [as runMigrations] (src/db.js:1312:42)

  console.log
    [DB] Migration applied: 020_canonical_workforce_access_roles.sql

      at Object.log [as runMigrations] (src/db.js:1312:42)

  console.log
    [DB] Migration applied: 021_bounded_api_observability.sql

      at Object.log [as runMigrations] (src/db.js:1312:42)

  console.log
    [DB] Migration applied: 022_demo_command_center_sessions.sql

      at Object.log [as runMigrations] (src/db.js:1312:42)

  console.log
    [DB] Migration applied: 023_homepage_demo_admission.sql

      at Object.log [as runMigrations] (src/db.js:1312:42)

  console.log
    [DB] Migration applied: 024_homepage_verified_purge_receipt.sql

      at Object.log [as runMigrations] (src/db.js:1312:42)

  console.log
    [DB] Migration applied: 025_provider_agnostic_knowledge_registry.sql

      at Object.log [as runMigrations] (src/db.js:1312:42)

  console.log
    [DB] Migration applied: 026_canonical_knowledge_review_publication.sql

      at Object.log [as runMigrations] (src/db.js:1312:42)

  console.log
    [DB] Migration applied: 001_initial_schema.sql

      at log (src/db.js:1312:42)

  console.log
    [DB] Migration applied: 002_seed_data.sql

      at log (src/db.js:1312:42)

  console.log
    [DB] Migration applied: 003_voice_sessions.sql

      at log (src/db.js:1312:42)

  console.log
    [DB] Migration applied: 004_canonical_persistence_v2.sql

      at log (src/db.js:1312:42)

  console.log
    [DB] Migration applied: 005_canonical_organization_authority.sql

      at log (src/db.js:1312:42)

  console.log
    [DB] Migration applied: 006_canonical_voice_sessions.sql

      at log (src/db.js:1312:42)

  console.log
    [DB] Migration applied: 007_canonical_tax_authority.sql

      at log (src/db.js:1312:42)

  console.log
    [DB] Migration applied: 008_canonical_demo_authority.sql

      at log (src/db.js:1312:42)

  console.log
    [DB] Migration applied: 009_canonical_voice_provider_identity.sql

      at log (src/db.js:1312:42)

  console.log
    [DB] Migration applied: 010_account_session_authority.sql

      at log (src/db.js:1312:42)

  console.log
    [DB] Migration applied: 011_oauth_authorization_states.sql

      at log (src/db.js:1312:42)

  console.log
    [DB] Migration applied: 012_account_verification_trial.sql

      at log (src/db.js:1312:42)

  console.log
    [DB] Migration applied: 015_workforce_authority.sql

      at log (src/db.js:1312:42)

  console.log
    [DB] Migration applied: 016_tenant_asset_catalogue.sql

      at log (src/db.js:1312:42)

  console.log
    [DB] Migration applied: 017_retell_webhook_replay_authority.sql

      at log (src/db.js:1312:42)

  console.log
    [DB] Migration applied: 018_canonical_map_preferences.sql

      at log (src/db.js:1312:42)

  console.log
    [DB] Migration applied: 019_account_email_outbox.sql

      at log (src/db.js:1312:42)

  console.log
    [DB] Migration applied: 020_canonical_workforce_access_roles.sql

      at log (src/db.js:1312:42)

  console.log
    [DB] Migration applied: 021_bounded_api_observability.sql

      at log (src/db.js:1312:42)

  console.log
    [DB] Migration applied: 022_demo_command_center_sessions.sql

      at log (src/db.js:1312:42)

  console.log
    [DB] Migration applied: 023_homepage_demo_admission.sql

      at log (src/db.js:1312:42)

  console.log
    [DB] Migration applied: 024_homepage_verified_purge_receipt.sql

      at log (src/db.js:1312:42)

  console.log
    [DB] Migration applied: 025_provider_agnostic_knowledge_registry.sql

      at log (src/db.js:1312:42)

  console.log
    [DB] Migration applied: 026_canonical_knowledge_review_publication.sql

      at log (src/db.js:1312:42)

  console.log
    [DB] Migration applied: 027_canonical_knowledge_audit_graph_authority.sql

      at log (src/db.js:1312:42)

  console.log
    [DB] Migration applied: 028_canonical_knowledge_immutable_lifecycle.sql

      at log (src/db.js:1312:42)

  console.log
    [DB] Migration applied: 029_canonical_knowledge_transactional_sync.sql

      at log (src/db.js:1312:42)

  console.log
    [DB] Migration applied: 030_canonical_knowledge_sync_revocation.sql

      at log (src/db.js:1312:42)

  console.log
    [DB] Migration applied: 031_canonical_knowledge_sync_recovery_lifecycle.sql

      at log (src/db.js:1312:42)

  console.log
    [DB] Migration applied: 032_canonical_schedule_assignment_authority.sql

      at log (src/db.js:1312:42)

  console.log
    [DB] Migration applied: 033_canonical_schedule_time_evidence.sql

      at log (src/db.js:1312:42)

  console.log
    [DB] Migration applied: 034_schedule_availability_conflict_authority.sql

      at log (src/db.js:1312:42)

  console.log
    [DB] Migration applied: 035_schedule_human_preview_approval.sql

      at log (src/db.js:1312:42)

  console.log
    [DB] Migration applied: 001_initial_schema.sql

      at Object.log [as runMigrations] (src/db.js:1312:42)

  console.log
    [DB] Migration applied: 002_seed_data.sql

      at Object.log [as runMigrations] (src/db.js:1312:42)

  console.log
    [DB] Migration applied: 003_voice_sessions.sql

      at Object.log [as runMigrations] (src/db.js:1312:42)

  console.log
    [DB] Migration applied: 004_canonical_persistence_v2.sql

      at Object.log [as runMigrations] (src/db.js:1312:42)

  console.log
    [DB] Migration applied: 005_canonical_organization_authority.sql

      at Object.log [as runMigrations] (src/db.js:1312:42)

  console.log
    [DB] Migration applied: 006_canonical_voice_sessions.sql

      at Object.log [as runMigrations] (src/db.js:1312:42)

  console.log
    [DB] Migration applied: 007_canonical_tax_authority.sql

      at Object.log [as runMigrations] (src/db.js:1312:42)

  console.log
    [DB] Migration applied: 008_canonical_demo_authority.sql

      at Object.log [as runMigrations] (src/db.js:1312:42)

  console.log
    [DB] Migration applied: 009_canonical_voice_provider_identity.sql

      at Object.log [as runMigrations] (src/db.js:1312:42)

  console.log
    [DB] Migration applied: 010_account_session_authority.sql

      at Object.log [as runMigrations] (src/db.js:1312:42)

  console.log
    [DB] Migration applied: 011_oauth_authorization_states.sql

      at Object.log [as runMigrations] (src/db.js:1312:42)

  console.log
    [DB] Migration applied: 012_account_verification_trial.sql

      at Object.log [as runMigrations] (src/db.js:1312:42)

  console.log
    [DB] Migration applied: 015_workforce_authority.sql

      at Object.log [as runMigrations] (src/db.js:1312:42)

  console.log
    [DB] Migration applied: 016_tenant_asset_catalogue.sql

      at Object.log [as runMigrations] (src/db.js:1312:42)

  console.log
    [DB] Migration applied: 017_retell_webhook_replay_authority.sql

      at Object.log [as runMigrations] (src/db.js:1312:42)

  console.log
    [DB] Migration applied: 018_canonical_map_preferences.sql

      at Object.log [as runMigrations] (src/db.js:1312:42)

  console.log
    [DB] Migration applied: 019_account_email_outbox.sql

      at Object.log [as runMigrations] (src/db.js:1312:42)

  console.log
    [DB] Migration applied: 020_canonical_workforce_access_roles.sql

      at Object.log [as runMigrations] (src/db.js:1312:42)

  console.log
    [DB] Migration applied: 021_bounded_api_observability.sql

      at Object.log [as runMigrations] (src/db.js:1312:42)

  console.log
    [DB] Migration applied: 022_demo_command_center_sessions.sql

      at Object.log [as runMigrations] (src/db.js:1312:42)

  console.log
    [DB] Migration applied: 023_homepage_demo_admission.sql

      at Object.log [as runMigrations] (src/db.js:1312:42)

  console.log
    [DB] Migration applied: 024_homepage_verified_purge_receipt.sql

      at Object.log [as runMigrations] (src/db.js:1312:42)

  console.log
    [DB] Migration applied: 025_provider_agnostic_knowledge_registry.sql

      at Object.log [as runMigrations] (src/db.js:1312:42)

  console.log
    [DB] Migration applied: 026_canonical_knowledge_review_publication.sql

      at Object.log [as runMigrations] (src/db.js:1312:42)

  console.log
    [DB] Migration applied: 027_canonical_knowledge_audit_graph_authority.sql

      at Object.log [as runMigrations] (src/db.js:1312:42)

  console.log
    [DB] Migration applied: 028_canonical_knowledge_immutable_lifecycle.sql

      at Object.log [as runMigrations] (src/db.js:1312:42)

  console.log
    [DB] Migration applied: 029_canonical_knowledge_transactional_sync.sql

      at Object.log [as runMigrations] (src/db.js:1312:42)

  console.log
    [DB] Migration applied: 030_canonical_knowledge_sync_revocation.sql

      at Object.log [as runMigrations] (src/db.js:1312:42)

  console.log
    [DB] Migration applied: 031_canonical_knowledge_sync_recovery_lifecycle.sql

      at Object.log [as runMigrations] (src/db.js:1312:42)

  console.log
    [DB] Migration applied: 032_canonical_schedule_assignment_authority.sql

      at Object.log [as runMigrations] (src/db.js:1312:42)

  console.log
    [DB] Migration applied: 033_canonical_schedule_time_evidence.sql

      at Object.log [as runMigrations] (src/db.js:1312:42)

  console.log
    [DB] Migration applied: 001_initial_schema.sql

      at Object.log [as runMigrations] (src/db.js:1312:42)

  console.log
    [DB] Migration applied: 002_seed_data.sql

      at Object.log [as runMigrations] (src/db.js:1312:42)

  console.log
    [DB] Migration applied: 003_voice_sessions.sql

      at Object.log [as runMigrations] (src/db.js:1312:42)

  console.log
    [DB] Migration applied: 004_canonical_persistence_v2.sql

      at Object.log [as runMigrations] (src/db.js:1312:42)

  console.log
    [DB] Migration applied: 005_canonical_organization_authority.sql

      at Object.log [as runMigrations] (src/db.js:1312:42)

  console.log
    [DB] Migration applied: 006_canonical_voice_sessions.sql

      at Object.log [as runMigrations] (src/db.js:1312:42)

  console.log
    [DB] Migration applied: 007_canonical_tax_authority.sql

      at Object.log [as runMigrations] (src/db.js:1312:42)

  console.log
    [DB] Migration applied: 008_canonical_demo_authority.sql

      at Object.log [as runMigrations] (src/db.js:1312:42)

  console.log
    [DB] Migration applied: 009_canonical_voice_provider_identity.sql

      at Object.log [as runMigrations] (src/db.js:1312:42)

  console.log
    [DB] Migration applied: 010_account_session_authority.sql

      at Object.log [as runMigrations] (src/db.js:1312:42)

  console.log
    [DB] Migration applied: 011_oauth_authorization_states.sql

      at Object.log [as runMigrations] (src/db.js:1312:42)

  console.log
    [DB] Migration applied: 012_account_verification_trial.sql

      at Object.log [as runMigrations] (src/db.js:1312:42)

  console.log
    [DB] Migration applied: 015_workforce_authority.sql

      at Object.log [as runMigrations] (src/db.js:1312:42)

  console.log
    [DB] Migration applied: 016_tenant_asset_catalogue.sql

      at Object.log [as runMigrations] (src/db.js:1312:42)

  console.log
    [DB] Migration applied: 017_retell_webhook_replay_authority.sql

      at Object.log [as runMigrations] (src/db.js:1312:42)

  console.log
    [DB] Migration applied: 018_canonical_map_preferences.sql

      at Object.log [as runMigrations] (src/db.js:1312:42)

  console.log
    [DB] Migration applied: 019_account_email_outbox.sql

      at Object.log [as runMigrations] (src/db.js:1312:42)

  console.log
    [DB] Migration applied: 020_canonical_workforce_access_roles.sql

      at Object.log [as runMigrations] (src/db.js:1312:42)

  console.log
    [DB] Migration applied: 021_bounded_api_observability.sql

      at Object.log [as runMigrations] (src/db.js:1312:42)

  console.log
    [DB] Migration applied: 022_demo_command_center_sessions.sql

      at Object.log [as runMigrations] (src/db.js:1312:42)

  console.log
    [DB] Migration applied: 023_homepage_demo_admission.sql

      at Object.log [as runMigrations] (src/db.js:1312:42)

  console.log
    [DB] Migration applied: 024_homepage_verified_purge_receipt.sql

      at Object.log [as runMigrations] (src/db.js:1312:42)

  console.log
    [DB] Migration applied: 025_provider_agnostic_knowledge_registry.sql

      at Object.log [as runMigrations] (src/db.js:1312:42)

  console.log
    [DB] Migration applied: 026_canonical_knowledge_review_publication.sql

      at Object.log [as runMigrations] (src/db.js:1312:42)

  console.log
    [DB] Migration applied: 027_canonical_knowledge_audit_graph_authority.sql

      at Object.log [as runMigrations] (src/db.js:1312:42)

  console.log
    [DB] Migration applied: 028_canonical_knowledge_immutable_lifecycle.sql

      at Object.log [as runMigrations] (src/db.js:1312:42)

  console.log
    [DB] Migration applied: 029_canonical_knowledge_transactional_sync.sql

      at Object.log [as runMigrations] (src/db.js:1312:42)

  console.log
    [DB] Migration applied: 030_canonical_knowledge_sync_revocation.sql

      at Object.log [as runMigrations] (src/db.js:1312:42)

  console.log
    [DB] Migration applied: 031_canonical_knowledge_sync_recovery_lifecycle.sql

      at Object.log [as runMigrations] (src/db.js:1312:42)

  console.log
    [DB] Migration applied: 032_canonical_schedule_assignment_authority.sql

      at Object.log [as runMigrations] (src/db.js:1312:42)

  console.log
    [DB] Migration applied: 033_canonical_schedule_time_evidence.sql

      at Object.log [as runMigrations] (src/db.js:1312:42)

  console.log
    [DB] Migration applied: 001_initial_schema.sql

      at Object.log [as runMigrations] (src/db.js:1312:42)

  console.log
    [DB] Migration applied: 002_seed_data.sql

      at Object.log [as runMigrations] (src/db.js:1312:42)

  console.log
    [DB] Migration applied: 003_voice_sessions.sql

      at Object.log [as runMigrations] (src/db.js:1312:42)

  console.log
    [DB] Migration applied: 004_canonical_persistence_v2.sql

      at Object.log [as runMigrations] (src/db.js:1312:42)

  console.log
    [DB] Migration applied: 005_canonical_organization_authority.sql

      at Object.log [as runMigrations] (src/db.js:1312:42)

  console.log
    [DB] Migration applied: 006_canonical_voice_sessions.sql

      at Object.log [as runMigrations] (src/db.js:1312:42)

  console.log
    [DB] Migration applied: 007_canonical_tax_authority.sql

      at Object.log [as runMigrations] (src/db.js:1312:42)

  console.log
    [DB] Migration applied: 008_canonical_demo_authority.sql

      at Object.log [as runMigrations] (src/db.js:1312:42)

  console.log
    [DB] Migration applied: 009_canonical_voice_provider_identity.sql

      at Object.log [as runMigrations] (src/db.js:1312:42)

  console.log
    [DB] Migration applied: 010_account_session_authority.sql

      at Object.log [as runMigrations] (src/db.js:1312:42)

  console.log
    [DB] Migration applied: 011_oauth_authorization_states.sql

      at Object.log [as runMigrations] (src/db.js:1312:42)

  console.log
    [DB] Migration applied: 012_account_verification_trial.sql

      at Object.log [as runMigrations] (src/db.js:1312:42)

  console.log
    [DB] Migration applied: 015_workforce_authority.sql

      at Object.log [as runMigrations] (src/db.js:1312:42)

  console.log
    [DB] Migration applied: 016_tenant_asset_catalogue.sql

      at Object.log [as runMigrations] (src/db.js:1312:42)

  console.log
    [DB] Migration applied: 017_retell_webhook_replay_authority.sql

      at Object.log [as runMigrations] (src/db.js:1312:42)

  console.log
    [DB] Migration applied: 018_canonical_map_preferences.sql

      at Object.log [as runMigrations] (src/db.js:1312:42)

  console.log
    [DB] Migration applied: 019_account_email_outbox.sql

      at Object.log [as runMigrations] (src/db.js:1312:42)

  console.log
    [DB] Migration applied: 020_canonical_workforce_access_roles.sql

      at Object.log [as runMigrations] (src/db.js:1312:42)

  console.log
    [DB] Migration applied: 021_bounded_api_observability.sql

      at Object.log [as runMigrations] (src/db.js:1312:42)

  console.log
    [DB] Migration applied: 022_demo_command_center_sessions.sql

      at Object.log [as runMigrations] (src/db.js:1312:42)

  console.log
    [DB] Migration applied: 023_homepage_demo_admission.sql

      at Object.log [as runMigrations] (src/db.js:1312:42)

  console.log
    [DB] Migration applied: 024_homepage_verified_purge_receipt.sql

      at Object.log [as runMigrations] (src/db.js:1312:42)

  console.log
    [DB] Migration applied: 025_provider_agnostic_knowledge_registry.sql

      at Object.log [as runMigrations] (src/db.js:1312:42)

  console.log
    [DB] Migration applied: 026_canonical_knowledge_review_publication.sql

      at Object.log [as runMigrations] (src/db.js:1312:42)

  console.log
    [DB] Migration applied: 027_canonical_knowledge_audit_graph_authority.sql

      at Object.log [as runMigrations] (src/db.js:1312:42)

  console.log
    [DB] Migration applied: 028_canonical_knowledge_immutable_lifecycle.sql

      at Object.log [as runMigrations] (src/db.js:1312:42)

  console.log
    [DB] Migration applied: 029_canonical_knowledge_transactional_sync.sql

      at Object.log [as runMigrations] (src/db.js:1312:42)

  console.log
    [DB] Migration applied: 030_canonical_knowledge_sync_revocation.sql

      at Object.log [as runMigrations] (src/db.js:1312:42)

  console.log
    [DB] Migration applied: 031_canonical_knowledge_sync_recovery_lifecycle.sql

      at Object.log [as runMigrations] (src/db.js:1312:42)

  console.log
    [DB] Migration applied: 032_canonical_schedule_assignment_authority.sql

      at Object.log [as runMigrations] (src/db.js:1312:42)

  console.log
    [DB] Migration applied: 033_canonical_schedule_time_evidence.sql

      at Object.log [as runMigrations] (src/db.js:1312:42)

  console.log
    [DB] Migration applied: 001_initial_schema.sql

      at log (src/db.js:1312:42)

  console.log
    [DB] Migration applied: 002_seed_data.sql

      at log (src/db.js:1312:42)

  console.log
    [DB] Migration applied: 003_voice_sessions.sql

      at log (src/db.js:1312:42)

  console.log
    [DB] Migration applied: 004_canonical_persistence_v2.sql

      at log (src/db.js:1312:42)

  console.log
    [DB] Migration applied: 005_canonical_organization_authority.sql

      at log (src/db.js:1312:42)

  console.log
    [DB] Migration applied: 006_canonical_voice_sessions.sql

      at log (src/db.js:1312:42)

  console.log
    [DB] Migration applied: 007_canonical_tax_authority.sql

      at log (src/db.js:1312:42)

  console.log
    [DB] Migration applied: 008_canonical_demo_authority.sql

      at log (src/db.js:1312:42)

  console.log
    [DB] Migration applied: 009_canonical_voice_provider_identity.sql

      at log (src/db.js:1312:42)

  console.log
    [DB] Migration applied: 010_account_session_authority.sql

      at log (src/db.js:1312:42)

  console.log
    [DB] Migration applied: 011_oauth_authorization_states.sql

      at log (src/db.js:1312:42)

  console.log
    [DB] Migration applied: 012_account_verification_trial.sql

      at log (src/db.js:1312:42)

  console.log
    [DB] Migration applied: 015_workforce_authority.sql

      at log (src/db.js:1312:42)

  console.log
    [DB] Migration applied: 016_tenant_asset_catalogue.sql

      at log (src/db.js:1312:42)

  console.log
    [DB] Migration applied: 017_retell_webhook_replay_authority.sql

      at log (src/db.js:1312:42)

  console.log
    [DB] Migration applied: 018_canonical_map_preferences.sql

      at log (src/db.js:1312:42)

  console.log
    [DB] Migration applied: 019_account_email_outbox.sql

      at log (src/db.js:1312:42)

  console.log
    [DB] Migration applied: 020_canonical_workforce_access_roles.sql

      at log (src/db.js:1312:42)

  console.log
    [DB] Migration applied: 021_bounded_api_observability.sql

      at log (src/db.js:1312:42)

  console.log
    [DB] Migration applied: 022_demo_command_center_sessions.sql

      at log (src/db.js:1312:42)

  console.log
    [DB] Migration applied: 023_homepage_demo_admission.sql

      at log (src/db.js:1312:42)

  console.log
    [DB] Migration applied: 024_homepage_verified_purge_receipt.sql

      at log (src/db.js:1312:42)

  console.log
    [DB] Migration applied: 025_provider_agnostic_knowledge_registry.sql

      at log (src/db.js:1312:42)

  console.log
    [DB] Migration applied: 026_canonical_knowledge_review_publication.sql

      at log (src/db.js:1312:42)

  console.log
    [DB] Migration applied: 027_canonical_knowledge_audit_graph_authority.sql

      at log (src/db.js:1312:42)

  console.log
    [DB] Migration applied: 028_canonical_knowledge_immutable_lifecycle.sql

      at log (src/db.js:1312:42)

  console.log
    [DB] Migration applied: 029_canonical_knowledge_transactional_sync.sql

      at log (src/db.js:1312:42)

  console.log
    [DB] Migration applied: 030_canonical_knowledge_sync_revocation.sql

      at log (src/db.js:1312:42)

  console.log
    [DB] Migration applied: 031_canonical_knowledge_sync_recovery_lifecycle.sql

      at log (src/db.js:1312:42)

  console.log
    [DB] Migration applied: 032_canonical_schedule_assignment_authority.sql

      at log (src/db.js:1312:42)

  console.log
    [DB] Migration applied: 033_canonical_schedule_time_evidence.sql

      at log (src/db.js:1312:42)

  console.log
    [DB] Migration applied: 034_schedule_availability_conflict_authority.sql

      at log (src/db.js:1312:42)

  console.log
    [DB] Migration applied: 035_schedule_human_preview_approval.sql

      at log (src/db.js:1312:42)

  console.info
    {
      component: 'http',
      event: 'request_completed',
      requestId: '42c2ae9a-ff23-4738-8b8e-393f9a1fd147',
      methodClass: 'PUT',
      durationMs: 168,
      statusCode: 200
    }

      at write (src/observability/safeLogger.js:178:17)

  console.info
    {
      component: 'http',
      event: 'request_completed',
      requestId: 'fe93fa33-d27c-42c6-894e-a4683d5a30d2',
      methodClass: 'PUT',
      durationMs: 40,
      statusCode: 200
    }

      at write (src/observability/safeLogger.js:178:17)

  console.info
    {
      component: 'http',
      event: 'request_completed',
      requestId: '0b0b64e2-35b9-4757-b229-f91acb02e977',
      methodClass: 'PUT',
      durationMs: 3,
      statusCode: 403
    }

      at write (src/observability/safeLogger.js:178:17)

  console.info
    {
      component: 'http',
      event: 'request_completed',
      requestId: 'b9ed0936-b64b-4b2c-8a60-3b3321924a1f',
      methodClass: 'PUT',
      durationMs: 6,
      statusCode: 403
    }

      at write (src/observability/safeLogger.js:178:17)

  console.info
    {
      component: 'http',
      event: 'request_completed',
      requestId: 'bc67a465-1358-4a51-8056-a5d686d02c10',
      methodClass: 'PUT',
      durationMs: 118,
      statusCode: 200
    }

      at write (src/observability/safeLogger.js:178:17)

  console.info
    {
      component: 'http',
      event: 'request_completed',
      requestId: 'f72d4bea-dd4a-4144-91b8-7b3483c2c6f5',
      methodClass: 'PUT',
      durationMs: 118,
      statusCode: 200
    }

      at write (src/observability/safeLogger.js:178:17)

  console.info
    {
      component: 'http',
      event: 'request_completed',
      requestId: 'bd05a38a-3405-4e5b-97ea-f28028903f58',
      methodClass: 'PUT',
      durationMs: 39,
      statusCode: 200
    }

      at write (src/observability/safeLogger.js:178:17)

  console.info
    {
      component: 'http',
      event: 'request_completed',
      requestId: '0788a798-2ebd-47fe-8871-fcb2f4683954',
      methodClass: 'PUT',
      durationMs: 6,
      statusCode: 409
    }

      at write (src/observability/safeLogger.js:178:17)

  console.info
    {
      component: 'http',
      event: 'request_completed',
      requestId: 'f3fef26f-3d3a-4b6e-9e90-8652788de875',
      methodClass: 'PUT',
      durationMs: 119,
      statusCode: 200
    }

      at write (src/observability/safeLogger.js:178:17)

  console.info
    {
      component: 'http',
      event: 'request_completed',
      requestId: '8a812261-b81b-4ef6-b1ad-2601fc5c45dd',
      methodClass: 'PUT',
      durationMs: 127,
      statusCode: 200
    }

      at write (src/observability/safeLogger.js:178:17)

  console.info
    {
      component: 'http',
      event: 'request_completed',
      requestId: '794fd9f4-b12e-42c0-a5d3-0ed563aaac68',
      methodClass: 'PUT',
      durationMs: 6,
      statusCode: 200
    }

      at write (src/observability/safeLogger.js:178:17)

  console.info
    {
      component: 'http',
      event: 'request_completed',
      requestId: '3420b23c-94ee-4a46-a4c4-53da17d7e5df',
      methodClass: 'PUT',
      durationMs: 119,
      statusCode: 400
    }

      at write (src/observability/safeLogger.js:178:17)

  console.info
    {
      component: 'http',
      event: 'request_completed',
      requestId: '123f6424-a802-4f85-8570-7d83f8a45faa',
      methodClass: 'PUT',
      durationMs: 114,
      statusCode: 200
    }

      at write (src/observability/safeLogger.js:178:17)

  console.info
    {
      component: 'http',
      event: 'request_completed',
      requestId: 'efd1c8c7-402d-411b-b02f-bd1257c5dffd',
      methodClass: 'PUT',
      durationMs: 6,
      statusCode: 404
    }

      at write (src/observability/safeLogger.js:178:17)

  console.info
    {
      component: 'http',
      event: 'request_completed',
      requestId: '4ba5a0ae-71e4-40f0-af7c-2773be1da9a2',
      methodClass: 'PUT',
      durationMs: 6,
      statusCode: 404
    }

      at write (src/observability/safeLogger.js:178:17)

  console.info
    {
      component: 'http',
      event: 'request_completed',
      requestId: 'c40ae89e-39a9-4646-9279-6fd2a828fb97',
      methodClass: 'POST',
      durationMs: 7,
      statusCode: 404
    }

      at write (src/observability/safeLogger.js:178:17)

  console.info
    {
      component: 'http',
      event: 'request_completed',
      requestId: '9c69d427-ee17-4fb6-963d-aacffb7d689b',
      methodClass: 'POST',
      durationMs: 7,
      statusCode: 404
    }

      at write (src/observability/safeLogger.js:178:17)

  console.info
    {
      component: 'http',
      event: 'request_completed',
      requestId: '4b89aed3-d98d-43e8-b9c4-07137af0a19a',
      methodClass: 'POST',
      durationMs: 10,
      statusCode: 200
    }

      at write (src/observability/safeLogger.js:178:17)

  console.info
    {
      component: 'http',
      event: 'request_completed',
      requestId: 'f06d4cc3-7b77-4b7c-9b24-b420cb491eb2',
      methodClass: 'POST',
      durationMs: 8,
      statusCode: 200
    }

      at write (src/observability/safeLogger.js:178:17)

  console.info
    {
      component: 'http',
      event: 'request_completed',
      requestId: '2f26ecba-f38d-4ad2-ae5a-6c82fe323d79',
      methodClass: 'POST',
      durationMs: 20,
      statusCode: 200
    }

      at write (src/observability/safeLogger.js:178:17)

  console.info
    {
      component: 'http',
      event: 'request_completed',
      requestId: 'f3f78691-2c42-4829-8673-fe64dfab2bb3',
      methodClass: 'POST',
      durationMs: 20,
      statusCode: 200
    }

      at write (src/observability/safeLogger.js:178:17)

  console.info
    {
      component: 'http',
      event: 'request_completed',
      requestId: '07350205-b719-484a-9a77-5ca824eedec6',
      methodClass: 'POST',
      durationMs: 4,
      statusCode: 400
    }

      at write (src/observability/safeLogger.js:178:17)

  console.info
    {
      component: 'http',
      event: 'request_completed',
      requestId: '4a9fd147-9f7b-415b-a0ac-abff4b44d6ab',
      methodClass: 'POST',
      durationMs: 20,
      statusCode: 200
    }

      at write (src/observability/safeLogger.js:178:17)

  console.info
    {
      component: 'http',
      event: 'request_completed',
      requestId: '64d41a58-701d-4420-be70-401188141f91',
      methodClass: 'POST',
      durationMs: 19,
      statusCode: 200
    }

      at write (src/observability/safeLogger.js:178:17)

  console.info
    {
      component: 'http',
      event: 'request_completed',
      requestId: '8e2a0f42-362a-4b30-894b-0f9163e6ac76',
      methodClass: 'POST',
      durationMs: 28,
      statusCode: 200
    }

      at write (src/observability/safeLogger.js:178:17)

  console.info
    {
      component: 'http',
      event: 'request_completed',
      requestId: '79f37510-6423-4fed-9f63-ce4a859f3f8b',
      methodClass: 'POST',
      durationMs: 26,
      statusCode: 200
    }

      at write (src/observability/safeLogger.js:178:17)

  console.info
    {
      component: 'http',
      event: 'request_completed',
      requestId: 'c44e4ad3-bb1b-47bf-a354-014329edc735',
      methodClass: 'PUT',
      durationMs: 175,
      statusCode: 200
    }

      at write (src/observability/safeLogger.js:178:17)

  console.info
    {
      component: 'http',
      event: 'request_completed',
      requestId: '498f0e5a-83f6-41a6-8a36-2da28d92a92b',
      methodClass: 'POST',
      durationMs: 20,
      statusCode: 200
    }

      at write (src/observability/safeLogger.js:178:17)

  console.info
    {
      component: 'http',
      event: 'request_completed',
      requestId: '090d5ca1-0498-486b-94ce-84186d30ed7b',
      methodClass: 'POST',
      durationMs: 20,
      statusCode: 200
    }

      at write (src/observability/safeLogger.js:178:17)

  console.info
    {
      component: 'http',
      event: 'request_completed',
      requestId: '9449c0a2-a385-4bbe-916e-8420e0d72325',
      methodClass: 'POST',
      durationMs: 18,
      statusCode: 200
    }

      at write (src/observability/safeLogger.js:178:17)

  console.info
    {
      component: 'http',
      event: 'request_completed',
      requestId: '11c4ffb2-fe0e-4843-8505-6f5ffb509532',
      methodClass: 'POST',
      durationMs: 20,
      statusCode: 200
    }

      at write (src/observability/safeLogger.js:178:17)

  console.info
    {
      component: 'http',
      event: 'request_completed',
      requestId: 'f6a531cd-e42a-4b6e-8824-de1eb9e3a4d9',
      methodClass: 'POST',
      durationMs: 21,
      statusCode: 200
    }

      at write (src/observability/safeLogger.js:178:17)

  console.info
    {
      component: 'http',
      event: 'request_completed',
      requestId: '99d6f06b-19c7-4fb0-bfa3-a38bcc1e6d0b',
      methodClass: 'POST',
      durationMs: 21,
      statusCode: 200
    }

      at write (src/observability/safeLogger.js:178:17)

  console.info
    {
      component: 'http',
      event: 'request_completed',
      requestId: '099856a0-ef79-4de3-be08-9b72b5aade49',
      methodClass: 'POST',
      durationMs: 19,
      statusCode: 200
    }

      at write (src/observability/safeLogger.js:178:17)

  console.info
    {
      component: 'http',
      event: 'request_completed',
      requestId: '8d17b600-26ad-4349-bace-166698ce3dfd',
      methodClass: 'POST',
      durationMs: 19,
      statusCode: 200
    }

      at write (src/observability/safeLogger.js:178:17)

  console.info
    {
      component: 'http',
      event: 'request_completed',
      requestId: '853e652b-f62b-4ed5-885f-5c7d7986ef6c',
      methodClass: 'POST',
      durationMs: 19,
      statusCode: 200
    }

      at write (src/observability/safeLogger.js:178:17)

  console.info
    {
      component: 'http',
      event: 'request_completed',
      requestId: '974de8af-8879-462e-8dc0-70a2d2588e68',
      methodClass: 'POST',
      durationMs: 19,
      statusCode: 200
    }

      at write (src/observability/safeLogger.js:178:17)

  console.info
    {
      component: 'http',
      event: 'request_completed',
      requestId: 'a1e271d9-39fe-41a8-8a85-59d29ad8ec18',
      methodClass: 'POST',
      durationMs: 19,
      statusCode: 200
    }

      at write (src/observability/safeLogger.js:178:17)

  console.info
    {
      component: 'http',
      event: 'request_completed',
      requestId: '2d9d6197-b7eb-4de1-9efb-57fd3ec9ee71',
      methodClass: 'POST',
      durationMs: 18,
      statusCode: 200
    }

      at write (src/observability/safeLogger.js:178:17)

  console.info
    {
      component: 'http',
      event: 'request_completed',
      requestId: '8c1d53d0-eece-4d47-9ba4-b2c2cef832b8',
      methodClass: 'POST',
      durationMs: 20,
      statusCode: 200
    }

      at write (src/observability/safeLogger.js:178:17)

  console.info
    {
      component: 'http',
      event: 'request_completed',
      requestId: 'ee2b47ad-add0-40c9-978d-646330a54c4d',
      methodClass: 'POST',
      durationMs: 25,
      statusCode: 200
    }

      at write (src/observability/safeLogger.js:178:17)

  console.info
    {
      component: 'http',
      event: 'request_completed',
      requestId: '7e3c8979-3659-45ef-a876-3a92a9fdb074',
      methodClass: 'PUT',
      durationMs: 132,
      statusCode: 200
    }

      at write (src/observability/safeLogger.js:178:17)

  console.info
    {
      component: 'http',
      event: 'request_completed',
      requestId: '10039f82-0147-47be-b081-135db6dde230',
      methodClass: 'PUT',
      durationMs: 139,
      statusCode: 409
    }

      at write (src/observability/safeLogger.js:178:17)

  console.info
    {
      component: 'http',
      event: 'request_completed',
      requestId: 'a160260d-8dd1-42c2-b30a-47b6539725a3',
      methodClass: 'PUT',
      durationMs: 3,
      statusCode: 400
    }

      at write (src/observability/safeLogger.js:178:17)

  console.info
    {
      component: 'http',
      event: 'request_completed',
      requestId: 'de6a4e4f-356b-4991-8e92-4cec2623417f',
      methodClass: 'POST',
      durationMs: 2,
      statusCode: 400
    }

      at write (src/observability/safeLogger.js:178:17)

  console.info
    {
      component: 'http',
      event: 'request_completed',
      requestId: 'fb7c2e39-6c04-4104-8e3f-f996314c921e',
      methodClass: 'POST',
      durationMs: 2,
      statusCode: 401
    }

      at write (src/observability/safeLogger.js:178:17)

  console.info
    {
      component: 'http',
      event: 'request_completed',
      requestId: '075af10c-db0c-4908-ac14-1bad4f9eb2e2',
      methodClass: 'POST',
      durationMs: 3,
      statusCode: 403
    }

      at write (src/observability/safeLogger.js:178:17)

  console.info
    {
      component: 'http',
      event: 'request_completed',
      requestId: '4401cfdf-25e9-49d3-8936-bb715d8d24ae',
      methodClass: 'POST',
      durationMs: 4,
      statusCode: 403
    }

      at write (src/observability/safeLogger.js:178:17)

  console.info
    {
      component: 'http',
      event: 'request_completed',
      requestId: '8a43b5b1-b8cc-4303-9bd2-fa71f31865f9',
      methodClass: 'POST',
      durationMs: 6,
      statusCode: 409
    }

      at write (src/observability/safeLogger.js:178:17)

  console.log
    [DB] Migration applied: 001_initial_schema.sql

      at Object.log [as runMigrations] (src/db.js:1312:42)

  console.log
    [DB] Migration applied: 002_seed_data.sql

      at Object.log [as runMigrations] (src/db.js:1312:42)

  console.log
    [DB] Migration applied: 003_voice_sessions.sql

      at Object.log [as runMigrations] (src/db.js:1312:42)

  console.log
    [DB] Migration applied: 004_canonical_persistence_v2.sql

      at Object.log [as runMigrations] (src/db.js:1312:42)

  console.log
    [DB] Migration applied: 005_canonical_organization_authority.sql

      at Object.log [as runMigrations] (src/db.js:1312:42)

  console.log
    [DB] Migration applied: 006_canonical_voice_sessions.sql

      at Object.log [as runMigrations] (src/db.js:1312:42)

  console.log
    [DB] Migration applied: 007_canonical_tax_authority.sql

      at Object.log [as runMigrations] (src/db.js:1312:42)

  console.log
    [DB] Migration applied: 008_canonical_demo_authority.sql

      at Object.log [as runMigrations] (src/db.js:1312:42)

  console.log
    [DB] Migration applied: 009_canonical_voice_provider_identity.sql

      at Object.log [as runMigrations] (src/db.js:1312:42)

  console.log
    [DB] Migration applied: 010_account_session_authority.sql

      at Object.log [as runMigrations] (src/db.js:1312:42)

  console.log
    [DB] Migration applied: 011_oauth_authorization_states.sql

      at Object.log [as runMigrations] (src/db.js:1312:42)

  console.log
    [DB] Migration applied: 012_account_verification_trial.sql

      at Object.log [as runMigrations] (src/db.js:1312:42)

  console.log
    [DB] Migration applied: 015_workforce_authority.sql

      at Object.log [as runMigrations] (src/db.js:1312:42)

  console.log
    [DB] Migration applied: 016_tenant_asset_catalogue.sql

      at Object.log [as runMigrations] (src/db.js:1312:42)

  console.log
    [DB] Migration applied: 017_retell_webhook_replay_authority.sql

      at Object.log [as runMigrations] (src/db.js:1312:42)

  console.log
    [DB] Migration applied: 018_canonical_map_preferences.sql

      at Object.log [as runMigrations] (src/db.js:1312:42)

  console.log
    [DB] Migration applied: 019_account_email_outbox.sql

      at Object.log [as runMigrations] (src/db.js:1312:42)

  console.log
    [DB] Migration applied: 020_canonical_workforce_access_roles.sql

      at Object.log [as runMigrations] (src/db.js:1312:42)

  console.log
    [DB] Migration applied: 021_bounded_api_observability.sql

      at Object.log [as runMigrations] (src/db.js:1312:42)

  console.log
    [DB] Migration applied: 022_demo_command_center_sessions.sql

      at Object.log [as runMigrations] (src/db.js:1312:42)

  console.log
    [DB] Migration applied: 023_homepage_demo_admission.sql

      at Object.log [as runMigrations] (src/db.js:1312:42)

  console.log
    [DB] Migration applied: 024_homepage_verified_purge_receipt.sql

      at Object.log [as runMigrations] (src/db.js:1312:42)

  console.log
    [DB] Migration applied: 025_provider_agnostic_knowledge_registry.sql

      at Object.log [as runMigrations] (src/db.js:1312:42)

  console.log
    [DB] Migration applied: 026_canonical_knowledge_review_publication.sql

      at Object.log [as runMigrations] (src/db.js:1312:42)

  console.log
    [DB] Migration applied: 027_canonical_knowledge_audit_graph_authority.sql

      at Object.log [as runMigrations] (src/db.js:1312:42)

  console.log
    [DB] Migration applied: 028_canonical_knowledge_immutable_lifecycle.sql

      at Object.log [as runMigrations] (src/db.js:1312:42)

  console.log
    [DB] Migration applied: 029_canonical_knowledge_transactional_sync.sql

      at Object.log [as runMigrations] (src/db.js:1312:42)

  console.log
    [DB] Migration applied: 030_canonical_knowledge_sync_revocation.sql

      at Object.log [as runMigrations] (src/db.js:1312:42)

  console.log
    [DB] Migration applied: 031_canonical_knowledge_sync_recovery_lifecycle.sql

      at Object.log [as runMigrations] (src/db.js:1312:42)

  console.log
    [DB] Migration applied: 032_canonical_schedule_assignment_authority.sql

      at Object.log [as runMigrations] (src/db.js:1312:42)

  console.log
    [DB] Migration applied: 033_canonical_schedule_time_evidence.sql

      at Object.log [as runMigrations] (src/db.js:1312:42)

  console.log
    [DB] Migration applied: 034_schedule_availability_conflict_authority.sql

      at Object.log [as runMigrations] (src/db.js:1312:42)

  console.log
    [DB] Migration applied: 035_schedule_human_preview_approval.sql

      at Object.log [as runMigrations] (src/db.js:1312:42)

  console.log
    [DB] Migration applied: 001_initial_schema.sql

      at log (src/db.js:1312:42)

  console.log
    [DB] Migration applied: 002_seed_data.sql

      at log (src/db.js:1312:42)

  console.log
    [DB] Migration applied: 003_voice_sessions.sql

      at log (src/db.js:1312:42)

  console.log
    [DB] Migration applied: 004_canonical_persistence_v2.sql

      at log (src/db.js:1312:42)

  console.log
    [DB] Migration applied: 005_canonical_organization_authority.sql

      at log (src/db.js:1312:42)

  console.log
    [DB] Migration applied: 006_canonical_voice_sessions.sql

      at log (src/db.js:1312:42)

  console.log
    [DB] Migration applied: 007_canonical_tax_authority.sql

      at log (src/db.js:1312:42)

  console.log
    [DB] Migration applied: 008_canonical_demo_authority.sql

      at log (src/db.js:1312:42)

  console.log
    [DB] Migration applied: 009_canonical_voice_provider_identity.sql

      at log (src/db.js:1312:42)

  console.log
    [DB] Migration applied: 010_account_session_authority.sql

      at log (src/db.js:1312:42)

  console.log
    [DB] Migration applied: 011_oauth_authorization_states.sql

      at log (src/db.js:1312:42)

  console.log
    [DB] Migration applied: 012_account_verification_trial.sql

      at log (src/db.js:1312:42)

  console.log
    [DB] Migration applied: 015_workforce_authority.sql

      at log (src/db.js:1312:42)

  console.log
    [DB] Migration applied: 016_tenant_asset_catalogue.sql

      at log (src/db.js:1312:42)

  console.log
    [DB] Migration applied: 017_retell_webhook_replay_authority.sql

      at log (src/db.js:1312:42)

  console.log
    [DB] Migration applied: 018_canonical_map_preferences.sql

      at log (src/db.js:1312:42)

  console.log
    [DB] Migration applied: 019_account_email_outbox.sql

      at log (src/db.js:1312:42)

  console.log
    [DB] Migration applied: 020_canonical_workforce_access_roles.sql

      at log (src/db.js:1312:42)

  console.log
    [DB] Migration applied: 021_bounded_api_observability.sql

      at log (src/db.js:1312:42)

  console.log
    [DB] Migration applied: 022_demo_command_center_sessions.sql

      at log (src/db.js:1312:42)

  console.log
    [DB] Migration applied: 023_homepage_demo_admission.sql

      at log (src/db.js:1312:42)

  console.log
    [DB] Migration applied: 024_homepage_verified_purge_receipt.sql

      at log (src/db.js:1312:42)

  console.log
    [DB] Migration applied: 025_provider_agnostic_knowledge_registry.sql

      at log (src/db.js:1312:42)

  console.log
    [DB] Migration applied: 026_canonical_knowledge_review_publication.sql

      at log (src/db.js:1312:42)

  console.log
    [DB] Migration applied: 027_canonical_knowledge_audit_graph_authority.sql

      at log (src/db.js:1312:42)

  console.log
    [DB] Migration applied: 028_canonical_knowledge_immutable_lifecycle.sql

      at log (src/db.js:1312:42)

  console.log
    [DB] Migration applied: 029_canonical_knowledge_transactional_sync.sql

      at log (src/db.js:1312:42)

  console.log
    [DB] Migration applied: 030_canonical_knowledge_sync_revocation.sql

      at log (src/db.js:1312:42)

  console.log
    [DB] Migration applied: 031_canonical_knowledge_sync_recovery_lifecycle.sql

      at log (src/db.js:1312:42)

  console.log
    [DB] Migration applied: 032_canonical_schedule_assignment_authority.sql

      at log (src/db.js:1312:42)

  console.log
    [DB] Migration applied: 033_canonical_schedule_time_evidence.sql

      at log (src/db.js:1312:42)

  console.log
    [DB] Migration applied: 034_schedule_availability_conflict_authority.sql

      at log (src/db.js:1312:42)

  console.log
    [DB] Migration applied: 035_schedule_human_preview_approval.sql

      at log (src/db.js:1312:42)

  console.log
    [DB] Migration applied: 001_initial_schema.sql

      at Object.log [as runMigrations] (src/db.js:1312:42)

  console.log
    [DB] Migration applied: 002_seed_data.sql

      at Object.log [as runMigrations] (src/db.js:1312:42)

  console.log
    [DB] Migration applied: 003_voice_sessions.sql

      at Object.log [as runMigrations] (src/db.js:1312:42)

  console.log
    [DB] Migration applied: 004_canonical_persistence_v2.sql

      at Object.log [as runMigrations] (src/db.js:1312:42)

  console.log
    [DB] Migration applied: 005_canonical_organization_authority.sql

      at Object.log [as runMigrations] (src/db.js:1312:42)

  console.log
    [DB] Migration applied: 006_canonical_voice_sessions.sql

      at Object.log [as runMigrations] (src/db.js:1312:42)

  console.log
    [DB] Migration applied: 007_canonical_tax_authority.sql

      at Object.log [as runMigrations] (src/db.js:1312:42)

  console.log
    [DB] Migration applied: 008_canonical_demo_authority.sql

      at Object.log [as runMigrations] (src/db.js:1312:42)

  console.log
    [DB] Migration applied: 009_canonical_voice_provider_identity.sql

      at Object.log [as runMigrations] (src/db.js:1312:42)

  console.log
    [DB] Migration applied: 010_account_session_authority.sql

      at Object.log [as runMigrations] (src/db.js:1312:42)

  console.log
    [DB] Migration applied: 011_oauth_authorization_states.sql

      at Object.log [as runMigrations] (src/db.js:1312:42)

  console.log
    [DB] Migration applied: 012_account_verification_trial.sql

      at Object.log [as runMigrations] (src/db.js:1312:42)

  console.log
    [DB] Migration applied: 015_workforce_authority.sql

      at Object.log [as runMigrations] (src/db.js:1312:42)

  console.log
    [DB] Migration applied: 016_tenant_asset_catalogue.sql

      at Object.log [as runMigrations] (src/db.js:1312:42)

  console.log
    [DB] Migration applied: 017_retell_webhook_replay_authority.sql

      at Object.log [as runMigrations] (src/db.js:1312:42)

  console.log
    [DB] Migration applied: 018_canonical_map_preferences.sql

      at Object.log [as runMigrations] (src/db.js:1312:42)

  console.log
    [DB] Migration applied: 019_account_email_outbox.sql

      at Object.log [as runMigrations] (src/db.js:1312:42)

  console.log
    [DB] Migration applied: 020_canonical_workforce_access_roles.sql

      at Object.log [as runMigrations] (src/db.js:1312:42)

  console.log
    [DB] Migration applied: 022_demo_command_center_sessions.sql

      at Object.log [as runMigrations] (src/db.js:1312:42)

  console.log
    [DB] Migration applied: 023_homepage_demo_admission.sql

      at Object.log [as runMigrations] (src/db.js:1312:42)

  console.log
    [DB] Migration applied: 024_homepage_verified_purge_receipt.sql

      at Object.log [as runMigrations] (src/db.js:1312:42)

  console.log
    [DB] Migration applied: 025_provider_agnostic_knowledge_registry.sql

      at Object.log [as runMigrations] (src/db.js:1312:42)

  console.log
    [DB] Migration applied: 026_canonical_knowledge_review_publication.sql

      at Object.log [as runMigrations] (src/db.js:1312:42)

  console.log
    [DB] Migration applied: 027_canonical_knowledge_audit_graph_authority.sql

      at Object.log [as runMigrations] (src/db.js:1312:42)

  console.log
    [DB] Migration applied: 028_canonical_knowledge_immutable_lifecycle.sql

      at Object.log [as runMigrations] (src/db.js:1312:42)

  console.log
    [DB] Migration applied: 029_canonical_knowledge_transactional_sync.sql

      at Object.log [as runMigrations] (src/db.js:1312:42)

  console.log
    [DB] Migration applied: 030_canonical_knowledge_sync_revocation.sql

      at Object.log [as runMigrations] (src/db.js:1312:42)

  console.log
    [DB] Migration applied: 031_canonical_knowledge_sync_recovery_lifecycle.sql

      at Object.log [as runMigrations] (src/db.js:1312:42)

  console.log
    [DB] Migration applied: 032_canonical_schedule_assignment_authority.sql

      at Object.log [as runMigrations] (src/db.js:1312:42)

  console.log
    [DB] Migration applied: 033_canonical_schedule_time_evidence.sql

      at Object.log [as runMigrations] (src/db.js:1312:42)

  console.log
    [DB] Migration applied: 034_schedule_availability_conflict_authority.sql

      at Object.log [as runMigrations] (src/db.js:1312:42)

  console.log
    [DB] Migration applied: 035_schedule_human_preview_approval.sql

      at Object.log [as runMigrations] (src/db.js:1312:42)

  console.log
    [DB] Migration applied: 021_bounded_api_observability.sql

      at Object.log [as runMigrations] (src/db.js:1312:42)

  console.log
    [DB] Migration applied: 001_initial_schema.sql

      at log (src/db.js:1312:42)

  console.log
    [DB] Migration applied: 002_seed_data.sql

      at log (src/db.js:1312:42)

  console.log
    [DB] Migration applied: 003_voice_sessions.sql

      at log (src/db.js:1312:42)

  console.log
    [DB] Migration applied: 004_canonical_persistence_v2.sql

      at log (src/db.js:1312:42)

  console.log
    [DB] Migration applied: 005_canonical_organization_authority.sql

      at log (src/db.js:1312:42)

  console.log
    [DB] Migration applied: 006_canonical_voice_sessions.sql

      at log (src/db.js:1312:42)

  console.log
    [DB] Migration applied: 007_canonical_tax_authority.sql

      at log (src/db.js:1312:42)

  console.log
    [DB] Migration applied: 008_canonical_demo_authority.sql

      at log (src/db.js:1312:42)

  console.log
    [DB] Migration applied: 009_canonical_voice_provider_identity.sql

      at log (src/db.js:1312:42)

  console.log
    [DB] Migration applied: 010_account_session_authority.sql

      at log (src/db.js:1312:42)

  console.log
    [DB] Migration applied: 011_oauth_authorization_states.sql

      at log (src/db.js:1312:42)

  console.log
    [DB] Migration applied: 012_account_verification_trial.sql

      at log (src/db.js:1312:42)

  console.log
    [DB] Migration applied: 015_workforce_authority.sql

      at log (src/db.js:1312:42)

  console.log
    [DB] Migration applied: 016_tenant_asset_catalogue.sql

      at log (src/db.js:1312:42)

  console.log
    [DB] Migration applied: 017_retell_webhook_replay_authority.sql

      at log (src/db.js:1312:42)

  console.log
    [DB] Migration applied: 018_canonical_map_preferences.sql

      at log (src/db.js:1312:42)

  console.log
    [DB] Migration applied: 019_account_email_outbox.sql

      at log (src/db.js:1312:42)

  console.log
    [DB] Migration applied: 020_canonical_workforce_access_roles.sql

      at log (src/db.js:1312:42)

  console.log
    [DB] Migration applied: 021_bounded_api_observability.sql

      at log (src/db.js:1312:42)

  console.log
    [DB] Migration applied: 022_demo_command_center_sessions.sql

      at log (src/db.js:1312:42)

  console.log
    [DB] Migration applied: 023_homepage_demo_admission.sql

      at log (src/db.js:1312:42)

  console.log
    [DB] Migration applied: 024_homepage_verified_purge_receipt.sql

      at log (src/db.js:1312:42)

  console.log
    [DB] Migration applied: 025_provider_agnostic_knowledge_registry.sql

      at log (src/db.js:1312:42)

  console.log
    [DB] Migration applied: 026_canonical_knowledge_review_publication.sql

      at log (src/db.js:1312:42)

  console.log
    [DB] Migration applied: 027_canonical_knowledge_audit_graph_authority.sql

      at log (src/db.js:1312:42)

  console.log
    [DB] Migration applied: 028_canonical_knowledge_immutable_lifecycle.sql

      at log (src/db.js:1312:42)

  console.log
    [DB] Migration applied: 029_canonical_knowledge_transactional_sync.sql

      at log (src/db.js:1312:42)

  console.log
    [DB] Migration applied: 030_canonical_knowledge_sync_revocation.sql

      at log (src/db.js:1312:42)

  console.log
    [DB] Migration applied: 031_canonical_knowledge_sync_recovery_lifecycle.sql

      at log (src/db.js:1312:42)

  console.log
    [DB] Migration applied: 032_canonical_schedule_assignment_authority.sql

      at log (src/db.js:1312:42)

  console.log
    [DB] Migration applied: 033_canonical_schedule_time_evidence.sql

      at log (src/db.js:1312:42)

  console.log
    [DB] Migration applied: 034_schedule_availability_conflict_authority.sql

      at log (src/db.js:1312:42)

  console.log
    [DB] Migration applied: 035_schedule_human_preview_approval.sql

      at log (src/db.js:1312:42)

  console.warn
    [Auth] PostgreSQL account authority unavailable: {
      requestId: 'account-preferences-f4064373-7ffc-450c-8d07-b4a8dca9d254',
      event: 'logout_failed'
    }

      20 |   }
      21 |   if (error instanceof AccountPersistenceError || (error && error.name === 'AccountPersistenceError')) {
    > 22 |     console.warn('[Auth] PostgreSQL account authority unavailable:', { requestId: requestId(req), event });
         |             ^
      23 |     return failure(req, res, 503, 'account_authority_unavailable', 'Account service is temporarily unavailable');
      24 |   }
      25 |   console.error('[Auth] Request failed:', { requestId: requestId(req), event });

      at warn (src/routes/auth.js:22:13)
      at handleError (src/routes/auth.js:87:14)

  console.warn
    [Auth] PostgreSQL account authority unavailable: {
      requestId: 'account-preferences-312d7427-396c-4e66-b815-76935b534f97',
      event: 'logout_failed'
    }

      20 |   }
      21 |   if (error instanceof AccountPersistenceError || (error && error.name === 'AccountPersistenceError')) {
    > 22 |     console.warn('[Auth] PostgreSQL account authority unavailable:', { requestId: requestId(req), event });
         |             ^
      23 |     return failure(req, res, 503, 'account_authority_unavailable', 'Account service is temporarily unavailable');
      24 |   }
      25 |   console.error('[Auth] Request failed:', { requestId: requestId(req), event });

      at warn (src/routes/auth.js:22:13)
      at handleError (src/routes/auth.js:87:14)

  console.log
    [DB] Migration applied: 001_initial_schema.sql

      at log (src/db.js:1312:42)

  console.log
    [DB] Migration applied: 002_seed_data.sql

      at log (src/db.js:1312:42)

  console.log
    [DB] Migration applied: 003_voice_sessions.sql

      at log (src/db.js:1312:42)

  console.log
    [DB] Migration applied: 004_canonical_persistence_v2.sql

      at log (src/db.js:1312:42)

  console.log
    [DB] Migration applied: 005_canonical_organization_authority.sql

      at log (src/db.js:1312:42)

  console.log
    [DB] Migration applied: 006_canonical_voice_sessions.sql

      at log (src/db.js:1312:42)

  console.log
    [DB] Migration applied: 007_canonical_tax_authority.sql

      at log (src/db.js:1312:42)

  console.log
    [DB] Migration applied: 008_canonical_demo_authority.sql

      at log (src/db.js:1312:42)

  console.log
    [DB] Migration applied: 009_canonical_voice_provider_identity.sql

      at log (src/db.js:1312:42)

  console.log
    [DB] Migration applied: 010_account_session_authority.sql

      at log (src/db.js:1312:42)

  console.log
    [DB] Migration applied: 011_oauth_authorization_states.sql

      at log (src/db.js:1312:42)

  console.log
    [DB] Migration applied: 012_account_verification_trial.sql

      at log (src/db.js:1312:42)

  console.log
    [DB] Migration applied: 015_workforce_authority.sql

      at log (src/db.js:1312:42)

  console.log
    [DB] Migration applied: 016_tenant_asset_catalogue.sql

      at log (src/db.js:1312:42)

  console.log
    [DB] Migration applied: 017_retell_webhook_replay_authority.sql

      at log (src/db.js:1312:42)

  console.log
    [DB] Migration applied: 018_canonical_map_preferences.sql

      at log (src/db.js:1312:42)

  console.log
    [DB] Migration applied: 019_account_email_outbox.sql

      at log (src/db.js:1312:42)

  console.log
    [DB] Migration applied: 020_canonical_workforce_access_roles.sql

      at log (src/db.js:1312:42)

  console.log
    [DB] Migration applied: 021_bounded_api_observability.sql

      at log (src/db.js:1312:42)

  console.log
    [DB] Migration applied: 022_demo_command_center_sessions.sql

      at log (src/db.js:1312:42)

  console.log
    [DB] Migration applied: 023_homepage_demo_admission.sql

      at log (src/db.js:1312:42)

  console.log
    [DB] Migration applied: 024_homepage_verified_purge_receipt.sql

      at log (src/db.js:1312:42)

  console.log
    [DB] Migration applied: 025_provider_agnostic_knowledge_registry.sql

      at log (src/db.js:1312:42)

  console.log
    [DB] Migration applied: 026_canonical_knowledge_review_publication.sql

      at log (src/db.js:1312:42)

  console.log
    [DB] Migration applied: 027_canonical_knowledge_audit_graph_authority.sql

      at log (src/db.js:1312:42)

  console.log
    [DB] Migration applied: 028_canonical_knowledge_immutable_lifecycle.sql

      at log (src/db.js:1312:42)

  console.log
    [DB] Migration applied: 029_canonical_knowledge_transactional_sync.sql

      at log (src/db.js:1312:42)

  console.log
    [DB] Migration applied: 030_canonical_knowledge_sync_revocation.sql

      at log (src/db.js:1312:42)

  console.log
    [DB] Migration applied: 031_canonical_knowledge_sync_recovery_lifecycle.sql

      at log (src/db.js:1312:42)

  console.log
    [DB] Migration applied: 032_canonical_schedule_assignment_authority.sql

      at log (src/db.js:1312:42)

  console.log
    [DB] Migration applied: 033_canonical_schedule_time_evidence.sql

      at log (src/db.js:1312:42)

  console.log
    [DB] Migration applied: 034_schedule_availability_conflict_authority.sql

      at log (src/db.js:1312:42)

  console.log
    [DB] Migration applied: 035_schedule_human_preview_approval.sql

      at log (src/db.js:1312:42)

  console.info
    {
      component: 'http',
      event: 'request_completed',
      requestId: 'd2207e21-1a53-4141-b435-c95f29453578',
      methodClass: 'POST',
      durationMs: 182,
      statusCode: 201
    }

      at write (src/observability/safeLogger.js:178:17)

  console.info
    {
      component: 'http',
      event: 'request_completed',
      requestId: 'ba8b714a-8d90-4a7d-9070-ccbca25d22c7',
      methodClass: 'POST',
      durationMs: 244,
      statusCode: 200
    }

      at write (src/observability/safeLogger.js:178:17)

  console.info
    {
      component: 'http',
      event: 'request_completed',
      requestId: '6b2a884f-d79e-456e-b08b-0dc450e80c61',
      methodClass: 'POST',
      durationMs: 194,
      statusCode: 201
    }

      at write (src/observability/safeLogger.js:178:17)

  console.info
    {
      component: 'http',
      event: 'request_completed',
      requestId: 'c21ead19-b0d9-4ff5-8cea-5e5b73ce3ba3',
      methodClass: 'POST',
      durationMs: 213,
      statusCode: 200
    }

      at write (src/observability/safeLogger.js:178:17)

  console.info
    {
      component: 'http',
      event: 'request_completed',
      requestId: '3c88f882-7a41-48d7-8408-194051244a3d',
      methodClass: 'POST',
      durationMs: 160,
      statusCode: 201
    }

      at write (src/observability/safeLogger.js:178:17)

  console.info
    {
      component: 'http',
      event: 'request_completed',
      requestId: '16d6dcd6-1466-4939-b2de-47a162f0485b',
      methodClass: 'POST',
      durationMs: 187,
      statusCode: 200
    }

      at write (src/observability/safeLogger.js:178:17)

  console.info
    {
      component: 'http',
      event: 'request_completed',
      requestId: 'dee77de9-3bde-482c-996f-dfc124705a45',
      methodClass: 'POST',
      durationMs: 159,
      statusCode: 201
    }

      at write (src/observability/safeLogger.js:178:17)

  console.info
    {
      component: 'http',
      event: 'request_completed',
      requestId: 'dafe4bc1-b523-4c76-bd60-6fd173f73898',
      methodClass: 'POST',
      durationMs: 197,
      statusCode: 200
    }

      at write (src/observability/safeLogger.js:178:17)

  console.info
    {
      component: 'http',
      event: 'request_completed',
      requestId: '7cb9582a-34b2-4acf-88d9-d14a5c8ec2f4',
      methodClass: 'POST',
      durationMs: 154,
      statusCode: 201
    }

      at write (src/observability/safeLogger.js:178:17)

  console.info
    {
      component: 'http',
      event: 'request_completed',
      requestId: '910212cb-2f0a-44a6-a4d4-245c0200929f',
      methodClass: 'POST',
      durationMs: 209,
      statusCode: 200
    }

      at write (src/observability/safeLogger.js:178:17)

  console.info
    {
      component: 'http',
      event: 'request_completed',
      requestId: '386676be-9122-40be-9c70-210cd2959672',
      methodClass: 'POST',
      durationMs: 153,
      statusCode: 201
    }

      at write (src/observability/safeLogger.js:178:17)

  console.info
    {
      component: 'http',
      event: 'request_completed',
      requestId: '93781510-6654-49ff-a4db-12f60d58279c',
      methodClass: 'POST',
      durationMs: 382,
      statusCode: 200
    }

      at write (src/observability/safeLogger.js:178:17)

  console.info
    {
      component: 'http',
      event: 'request_completed',
      requestId: '42a0e38e-8d75-4271-a678-9253079d5afc',
      methodClass: 'POST',
      durationMs: 158,
      statusCode: 201
    }

      at write (src/observability/safeLogger.js:178:17)

  console.info
    {
      component: 'http',
      event: 'request_completed',
      requestId: '968c942d-0e73-44a4-b7f8-ecd4054bb26d',
      methodClass: 'POST',
      durationMs: 415,
      statusCode: 200
    }

      at write (src/observability/safeLogger.js:178:17)

  console.info
    {
      component: 'http',
      event: 'request_completed',
      requestId: 'ff7291f0-215f-436d-ad3c-da3200cabd93',
      methodClass: 'GET',
      durationMs: 21,
      statusCode: 200
    }

      at write (src/observability/safeLogger.js:178:17)

  console.info
    {
      component: 'http',
      event: 'request_completed',
      requestId: 'b4a448a9-920c-45c6-bfd5-328f72e9cdbc',
      methodClass: 'GET',
      durationMs: 17,
      statusCode: 200
    }

      at write (src/observability/safeLogger.js:178:17)

  console.info
    {
      component: 'http',
      event: 'request_completed',
      requestId: '1b5785fc-76ae-43b6-8510-3e29afe8dbdf',
      methodClass: 'GET',
      durationMs: 3,
      statusCode: 400
    }

      at write (src/observability/safeLogger.js:178:17)

  console.info
    {
      component: 'http',
      event: 'request_completed',
      requestId: 'c3486239-9f3d-4c11-a75e-f931615b85f9',
      methodClass: 'POST',
      durationMs: 0,
      statusCode: 404
    }

      at write (src/observability/safeLogger.js:178:17)

  console.info
    {
      component: 'http',
      event: 'request_completed',
      requestId: 'dfff44f6-3a31-484d-b562-eab33a177737',
      methodClass: 'GET',
      durationMs: 16,
      statusCode: 200
    }

      at write (src/observability/safeLogger.js:178:17)

  console.info
    {
      component: 'http',
      event: 'request_completed',
      requestId: '08205e9a-d92e-45b1-9eac-ed792f4415e8',
      methodClass: 'GET',
      durationMs: 17,
      statusCode: 200
    }

      at write (src/observability/safeLogger.js:178:17)

  console.info
    {
      component: 'http',
      event: 'request_completed',
      requestId: 'cd47a9e0-d917-4489-8186-c0f1866fb194',
      methodClass: 'GET',
      durationMs: 17,
      statusCode: 200
    }

      at write (src/observability/safeLogger.js:178:17)

  console.info
    {
      component: 'http',
      event: 'request_completed',
      requestId: '4db43bf2-02f8-4472-a2a7-a2bbf203ccd6',
      methodClass: 'GET',
      durationMs: 2,
      statusCode: 401
    }

      at write (src/observability/safeLogger.js:178:17)

  console.info
    {
      component: 'http',
      event: 'request_completed',
      requestId: '2fcee0c4-6cda-44eb-b5cb-f7f7a53b76c5',
      methodClass: 'GET',
      durationMs: 2,
      statusCode: 401
    }

      at write (src/observability/safeLogger.js:178:17)

  console.info
    {
      component: 'http',
      event: 'request_completed',
      requestId: '05ab3456-beb3-46a0-acf7-0de1cc69f03d',
      methodClass: 'GET',
      durationMs: 2,
      statusCode: 403
    }

      at write (src/observability/safeLogger.js:178:17)

  console.info
    {
      component: 'http',
      event: 'request_completed',
      requestId: 'ab279410-1f68-4cb6-a952-3c7ce442b5b0',
      methodClass: 'GET',
      durationMs: 2,
      statusCode: 403
    }

      at write (src/observability/safeLogger.js:178:17)

  console.info
    {
      component: 'http',
      event: 'request_completed',
      requestId: 'c2191c1b-dc1b-42c9-92c3-dfa47c9fe675',
      methodClass: 'GET',
      durationMs: 24,
      statusCode: 200
    }

      at write (src/observability/safeLogger.js:178:17)

  console.log
    [DB] Migration applied: 001_initial_schema.sql

      at Object.log [as runMigrations] (src/db.js:1312:42)

  console.log
    [DB] Migration applied: 002_seed_data.sql

      at Object.log [as runMigrations] (src/db.js:1312:42)

  console.log
    [DB] Migration applied: 003_voice_sessions.sql

      at Object.log [as runMigrations] (src/db.js:1312:42)

  console.log
    [DB] Migration applied: 004_canonical_persistence_v2.sql

      at Object.log [as runMigrations] (src/db.js:1312:42)

  console.log
    [DB] Migration applied: 005_canonical_organization_authority.sql

      at Object.log [as runMigrations] (src/db.js:1312:42)

  console.log
    [DB] Migration applied: 006_canonical_voice_sessions.sql

      at Object.log [as runMigrations] (src/db.js:1312:42)

  console.log
    [DB] Migration applied: 007_canonical_tax_authority.sql

      at Object.log [as runMigrations] (src/db.js:1312:42)

  console.log
    [DB] Migration applied: 008_canonical_demo_authority.sql

      at Object.log [as runMigrations] (src/db.js:1312:42)

  console.log
    [DB] Migration applied: 009_canonical_voice_provider_identity.sql

      at Object.log [as runMigrations] (src/db.js:1312:42)

  console.log
    [DB] Migration applied: 010_account_session_authority.sql

      at Object.log [as runMigrations] (src/db.js:1312:42)

  console.log
    [DB] Migration applied: 011_oauth_authorization_states.sql

      at Object.log [as runMigrations] (src/db.js:1312:42)

  console.log
    [DB] Migration applied: 012_account_verification_trial.sql

      at Object.log [as runMigrations] (src/db.js:1312:42)

  console.log
    [DB] Migration applied: 015_workforce_authority.sql

      at Object.log [as runMigrations] (src/db.js:1312:42)

  console.log
    [DB] Migration applied: 016_tenant_asset_catalogue.sql

      at Object.log [as runMigrations] (src/db.js:1312:42)

  console.log
    [DB] Migration applied: 017_retell_webhook_replay_authority.sql

      at Object.log [as runMigrations] (src/db.js:1312:42)

  console.log
    [DB] Migration applied: 018_canonical_map_preferences.sql

      at Object.log [as runMigrations] (src/db.js:1312:42)

  console.log
    [DB] Migration applied: 019_account_email_outbox.sql

      at Object.log [as runMigrations] (src/db.js:1312:42)

  console.log
    [DB] Migration applied: 020_canonical_workforce_access_roles.sql

      at Object.log [as runMigrations] (src/db.js:1312:42)

  console.log
    [DB] Migration applied: 021_bounded_api_observability.sql

      at Object.log [as runMigrations] (src/db.js:1312:42)

  console.log
    [DB] Migration applied: 022_demo_command_center_sessions.sql

      at Object.log [as runMigrations] (src/db.js:1312:42)

  console.log
    [DB] Migration applied: 023_homepage_demo_admission.sql

      at Object.log [as runMigrations] (src/db.js:1312:42)

  console.log
    [DB] Migration applied: 024_homepage_verified_purge_receipt.sql

      at Object.log [as runMigrations] (src/db.js:1312:42)

  console.log
    [DB] Migration applied: 025_provider_agnostic_knowledge_registry.sql

      at Object.log [as runMigrations] (src/db.js:1312:42)

  console.log
    [DB] Migration applied: 026_canonical_knowledge_review_publication.sql

      at Object.log [as runMigrations] (src/db.js:1312:42)

  console.log
    [DB] Migration applied: 027_canonical_knowledge_audit_graph_authority.sql

      at Object.log [as runMigrations] (src/db.js:1312:42)

  console.log
    [DB] Migration applied: 028_canonical_knowledge_immutable_lifecycle.sql

      at Object.log [as runMigrations] (src/db.js:1312:42)

  console.log
    [DB] Migration applied: 029_canonical_knowledge_transactional_sync.sql

      at Object.log [as runMigrations] (src/db.js:1312:42)

  console.log
    [DB] Migration applied: 030_canonical_knowledge_sync_revocation.sql

      at Object.log [as runMigrations] (src/db.js:1312:42)

  console.log
    [DB] Migration applied: 031_canonical_knowledge_sync_recovery_lifecycle.sql

      at Object.log [as runMigrations] (src/db.js:1312:42)

  console.log
    [DB] Migration applied: 032_canonical_schedule_assignment_authority.sql

      at Object.log [as runMigrations] (src/db.js:1312:42)

  console.log
    [DB] Migration applied: 033_canonical_schedule_time_evidence.sql

      at Object.log [as runMigrations] (src/db.js:1312:42)

  console.log
    [DB] Migration applied: 034_schedule_availability_conflict_authority.sql

      at Object.log [as runMigrations] (src/db.js:1312:42)

  console.log
    [DB] Migration applied: 035_schedule_human_preview_approval.sql

      at Object.log [as runMigrations] (src/db.js:1312:42)

  console.log
    [DB] Migration applied: 001_initial_schema.sql

      at log (src/db.js:1312:42)

  console.log
    [DB] Migration applied: 002_seed_data.sql

      at log (src/db.js:1312:42)

  console.log
    [DB] Migration applied: 003_voice_sessions.sql

      at log (src/db.js:1312:42)

  console.log
    [DB] Migration applied: 004_canonical_persistence_v2.sql

      at log (src/db.js:1312:42)

  console.log
    [DB] Migration applied: 005_canonical_organization_authority.sql

      at log (src/db.js:1312:42)

  console.log
    [DB] Migration applied: 006_canonical_voice_sessions.sql

      at log (src/db.js:1312:42)

  console.log
    [DB] Migration applied: 007_canonical_tax_authority.sql

      at log (src/db.js:1312:42)

  console.log
    [DB] Migration applied: 008_canonical_demo_authority.sql

      at log (src/db.js:1312:42)

  console.log
    [DB] Migration applied: 009_canonical_voice_provider_identity.sql

      at log (src/db.js:1312:42)

  console.log
    [DB] Migration applied: 010_account_session_authority.sql

      at log (src/db.js:1312:42)

  console.log
    [DB] Migration applied: 011_oauth_authorization_states.sql

      at log (src/db.js:1312:42)

  console.log
    [DB] Migration applied: 012_account_verification_trial.sql

      at log (src/db.js:1312:42)

  console.log
    [DB] Migration applied: 015_workforce_authority.sql

      at log (src/db.js:1312:42)

  console.log
    [DB] Migration applied: 016_tenant_asset_catalogue.sql

      at log (src/db.js:1312:42)

  console.log
    [DB] Migration applied: 017_retell_webhook_replay_authority.sql

      at log (src/db.js:1312:42)

  console.log
    [DB] Migration applied: 018_canonical_map_preferences.sql

      at log (src/db.js:1312:42)

  console.log
    [DB] Migration applied: 019_account_email_outbox.sql

      at log (src/db.js:1312:42)

  console.log
    [DB] Migration applied: 020_canonical_workforce_access_roles.sql

      at log (src/db.js:1312:42)

  console.log
    [DB] Migration applied: 021_bounded_api_observability.sql

      at log (src/db.js:1312:42)

  console.log
    [DB] Migration applied: 022_demo_command_center_sessions.sql

      at log (src/db.js:1312:42)

  console.log
    [DB] Migration applied: 023_homepage_demo_admission.sql

      at log (src/db.js:1312:42)

  console.log
    [DB] Migration applied: 024_homepage_verified_purge_receipt.sql

      at log (src/db.js:1312:42)

  console.log
    [DB] Migration applied: 025_provider_agnostic_knowledge_registry.sql

      at log (src/db.js:1312:42)

  console.log
    [DB] Migration applied: 026_canonical_knowledge_review_publication.sql

      at log (src/db.js:1312:42)

  console.log
    [DB] Migration applied: 027_canonical_knowledge_audit_graph_authority.sql

      at log (src/db.js:1312:42)

  console.log
    [DB] Migration applied: 028_canonical_knowledge_immutable_lifecycle.sql

      at log (src/db.js:1312:42)

  console.log
    [DB] Migration applied: 029_canonical_knowledge_transactional_sync.sql

      at log (src/db.js:1312:42)

  console.log
    [DB] Migration applied: 030_canonical_knowledge_sync_revocation.sql

      at log (src/db.js:1312:42)

  console.log
    [DB] Migration applied: 031_canonical_knowledge_sync_recovery_lifecycle.sql

      at log (src/db.js:1312:42)

  console.log
    [DB] Migration applied: 032_canonical_schedule_assignment_authority.sql

      at log (src/db.js:1312:42)

  console.log
    [DB] Migration applied: 033_canonical_schedule_time_evidence.sql

      at log (src/db.js:1312:42)

  console.log
    [DB] Migration applied: 034_schedule_availability_conflict_authority.sql

      at log (src/db.js:1312:42)

  console.log
    [DB] Migration applied: 035_schedule_human_preview_approval.sql

      at log (src/db.js:1312:42)

  console.info
    {
      component: 'http',
      event: 'request_completed',
      requestId: 'a569f2de-9f10-4e97-9ff0-de995b18d91a',
      methodClass: 'GET',
      durationMs: 469,
      statusCode: 200
    }

      at write (src/observability/safeLogger.js:178:17)

  console.info
    {
      component: 'http',
      event: 'request_completed',
      requestId: '4d0794a1-dc5b-442e-934e-3f71c73a782b',
      methodClass: 'GET',
      durationMs: 9,
      statusCode: 200
    }

      at write (src/observability/safeLogger.js:178:17)

  console.info
    {
      component: 'http',
      event: 'request_completed',
      requestId: 'edfb735d-fb27-415d-b7fc-4b47bd5f168c',
      methodClass: 'GET',
      durationMs: 6,
      statusCode: 200
    }

      at write (src/observability/safeLogger.js:178:17)

  console.info
    {
      component: 'http',
      event: 'request_completed',
      requestId: 'a8a22ee6-41e1-438a-ba32-5f37e4a26c63',
      methodClass: 'GET',
      durationMs: 4,
      statusCode: 200
    }

      at write (src/observability/safeLogger.js:178:17)

  console.info
    {
      component: 'http',
      event: 'request_completed',
      requestId: 'd74dd051-506d-499f-94cd-d503c6a39e9b',
      methodClass: 'GET',
      durationMs: 7,
      statusCode: 200
    }

      at write (src/observability/safeLogger.js:178:17)

  console.info
    {
      component: 'http',
      event: 'request_completed',
      requestId: '622bb3bb-0cbe-4238-958c-7ab2df5aa914',
      methodClass: 'GET',
      durationMs: 1,
      statusCode: 401
    }

      at write (src/observability/safeLogger.js:178:17)

  console.info
    {
      component: 'http',
      event: 'request_completed',
      requestId: '35e532a8-2a7a-4b37-aa4f-a9bc154b2742',
      methodClass: 'GET',
      durationMs: 0,
      statusCode: 401
    }

      at write (src/observability/safeLogger.js:178:17)

  console.info
    {
      component: 'http',
      event: 'request_completed',
      requestId: '1f6d83f0-27c6-484b-a0be-97c764afb8f8',
      methodClass: 'POST',
      durationMs: 9,
      statusCode: 201
    }

      at write (src/observability/safeLogger.js:178:17)

  console.info
    {
      component: 'http',
      event: 'request_completed',
      requestId: '6bfba7b4-d063-4f5a-8f8b-6524ae26d785',
      methodClass: 'POST',
      durationMs: 3,
      statusCode: 403
    }

      at write (src/observability/safeLogger.js:178:17)

  console.info
    {
      component: 'http',
      event: 'request_completed',
      requestId: 'f74005b7-b446-4ad9-8242-50149553b3f7',
      methodClass: 'POST',
      durationMs: 2,
      statusCode: 403
    }

      at write (src/observability/safeLogger.js:178:17)

  console.info
    {
      component: 'http',
      event: 'request_completed',
      requestId: 'c7a2b07f-f9f0-4c9d-a455-5db6539f8733',
      methodClass: 'POST',
      durationMs: 5,
      statusCode: 201
    }

      at write (src/observability/safeLogger.js:178:17)

  console.info
    {
      component: 'http',
      event: 'request_completed',
      requestId: '12ecc2bb-f540-49f6-be0f-385f172534fa',
      methodClass: 'POST',
      durationMs: 4,
      statusCode: 400
    }

      at write (src/observability/safeLogger.js:178:17)

  console.info
    {
      component: 'http',
      event: 'request_completed',
      requestId: 'bd3a8243-8a0f-47c4-8cf0-99bfcaf20ade',
      methodClass: 'POST',
      durationMs: 2,
      statusCode: 403
    }

      at write (src/observability/safeLogger.js:178:17)

  console.info
    {
      component: 'http',
      event: 'request_completed',
      requestId: '8afc50e4-7106-4b42-be68-4baf1bdcfdca',
      methodClass: 'POST',
      durationMs: 9,
      statusCode: 202
    }

      at write (src/observability/safeLogger.js:178:17)

  console.info
    {
      component: 'http',
      event: 'request_completed',
      requestId: 'ebc47d4d-ae4c-43cb-9f9d-cdd7e869e50b',
      methodClass: 'GET',
      durationMs: 5,
      statusCode: 200
    }

      at write (src/observability/safeLogger.js:178:17)

  console.info
    {
      component: 'http',
      event: 'request_completed',
      requestId: 'b00bcc34-ef8a-4c8e-9784-5dc505a349cf',
      methodClass: 'GET',
      durationMs: 6,
      statusCode: 200
    }

      at write (src/observability/safeLogger.js:178:17)

  console.info
    {
      component: 'http',
      event: 'request_completed',
      requestId: 'c43e8f0b-8e84-42a1-a452-60fb5a823a6c',
      methodClass: 'GET',
      durationMs: 4,
      statusCode: 200
    }

      at write (src/observability/safeLogger.js:178:17)

  console.info
    {
      component: 'http',
      event: 'request_completed',
      requestId: '02eebb08-345b-4c80-9619-d86b6fce0fe2',
      methodClass: 'GET',
      durationMs: 4,
      statusCode: 200
    }

      at write (src/observability/safeLogger.js:178:17)

  console.info
    {
      component: 'http',
      event: 'request_completed',
      requestId: '5930da10-1728-4cf9-881a-80d7c24edc6c',
      methodClass: 'POST',
      durationMs: 503,
      statusCode: 401
    }

      at write (src/observability/safeLogger.js:178:17)

  console.info
    {
      component: 'http',
      event: 'request_completed',
      requestId: '46c1dd7e-2731-432d-b673-de5309ec2eb3',
      methodClass: 'POST',
      durationMs: 19,
      statusCode: 202
    }

      at write (src/observability/safeLogger.js:178:17)

  console.info
    {
      component: 'http',
      event: 'request_completed',
      requestId: '8b1c4c4e-e23b-4461-88a0-20b25edd27f3',
      methodClass: 'POST',
      durationMs: 262,
      statusCode: 400
    }

      at write (src/observability/safeLogger.js:178:17)

  console.info
    {
      component: 'http',
      event: 'request_completed',
      requestId: 'b658bdbc-e0c9-47a5-a64c-cd2c3801f5db',
      methodClass: 'POST',
      durationMs: 277,
      statusCode: 200
    }

      at write (src/observability/safeLogger.js:178:17)

  console.info
    {
      component: 'http',
      event: 'request_completed',
      requestId: '00646373-d061-4421-a889-fe5211599890',
      methodClass: 'POST',
      durationMs: 236,
      statusCode: 400
    }

      at write (src/observability/safeLogger.js:178:17)

  console.info
    {
      component: 'http',
      event: 'request_completed',
      requestId: '81be104e-6973-427b-bb48-73c9aa0d812d',
      methodClass: 'POST',
      durationMs: 272,
      statusCode: 200
    }

      at write (src/observability/safeLogger.js:178:17)

  console.info
    {
      component: 'http',
      event: 'request_completed',
      requestId: '2b583ba5-be04-48bc-9308-510c541d58d3',
      methodClass: 'GET',
      durationMs: 7,
      statusCode: 200
    }

      at write (src/observability/safeLogger.js:178:17)

  console.info
    {
      component: 'http',
      event: 'request_completed',
      requestId: 'd6bf12c4-e96b-4081-a3fa-2e38b20377ee',
      methodClass: 'PUT',
      durationMs: 8,
      statusCode: 400
    }

      at write (src/observability/safeLogger.js:178:17)

  console.info
    {
      component: 'http',
      event: 'request_completed',
      requestId: 'a98fb9a5-cd7b-4ad9-8d5a-bf23f81b0d1c',
      methodClass: 'PUT',
      durationMs: 12,
      statusCode: 400
    }

      at write (src/observability/safeLogger.js:178:17)

  console.info
    {
      component: 'http',
      event: 'request_completed',
      requestId: 'a7d618a2-1d26-413c-81f7-bb637a17562c',
      methodClass: 'POST',
      durationMs: 13,
      statusCode: 201
    }

      at write (src/observability/safeLogger.js:178:17)

  console.info
    {
      component: 'http',
      event: 'request_completed',
      requestId: 'da10304b-7aa3-4e7d-8024-4e6a5674a3fd',
      methodClass: 'GET',
      durationMs: 4,
      statusCode: 200
    }

      at write (src/observability/safeLogger.js:178:17)

  console.info
    {
      component: 'http',
      event: 'request_completed',
      requestId: '88bb069d-5888-4d7a-b8fe-07c0c9b791ce',
      methodClass: 'PUT',
      durationMs: 4,
      statusCode: 400
    }

      at write (src/observability/safeLogger.js:178:17)

  console.info
    {
      component: 'http',
      event: 'request_completed',
      requestId: '2ee3dfcc-23dc-491b-a361-122881d26a9a',
      methodClass: 'PUT',
      durationMs: 11,
      statusCode: 200
    }

      at write (src/observability/safeLogger.js:178:17)

  console.info
    {
      component: 'http',
      event: 'request_completed',
      requestId: '88a6a1d3-d3da-405e-a230-2c8aae1e2894',
      methodClass: 'PUT',
      durationMs: 2,
      statusCode: 403
    }

      at write (src/observability/safeLogger.js:178:17)

  console.info
    {
      component: 'http',
      event: 'request_completed',
      requestId: '59948aa5-c99c-4581-91bc-c111d852f551',
      methodClass: 'PATCH',
      durationMs: 3,
      statusCode: 200
    }

      at write (src/observability/safeLogger.js:178:17)

  console.info
    {
      component: 'http',
      event: 'request_completed',
      requestId: '485a0dad-27cf-4cae-bf9a-c19965ecec18',
      methodClass: 'PATCH',
      durationMs: 7,
      statusCode: 200
    }

      at write (src/observability/safeLogger.js:178:17)

  console.info
    {
      component: 'http',
      event: 'request_completed',
      requestId: 'ff66eaf5-a22d-44e4-a19d-4521a3503b76',
      methodClass: 'GET',
      durationMs: 2,
      statusCode: 401
    }

      at write (src/observability/safeLogger.js:178:17)

  console.info
    {
      component: 'http',
      event: 'request_completed',
      requestId: '29b91fdd-58bc-4ed8-a3fa-658a9cd8a12b',
      methodClass: 'GET',
      durationMs: 3,
      statusCode: 200
    }

      at write (src/observability/safeLogger.js:178:17)

  console.info
    {
      component: 'http',
      event: 'request_completed',
      requestId: '7a516dd6-9eee-4a32-956a-d8edf0ccf51f',
      methodClass: 'POST',
      durationMs: 7,
      statusCode: 202
    }

      at write (src/observability/safeLogger.js:178:17)

  console.info
    {
      component: 'http',
      event: 'request_completed',
      requestId: '89ebe0b5-f10c-40aa-8acf-aa514934ee67',
      methodClass: 'POST',
      durationMs: 6,
      statusCode: 202
    }

      at write (src/observability/safeLogger.js:178:17)

  console.info
    {
      component: 'http',
      event: 'request_completed',
      requestId: '60e656b2-726b-4fe3-8610-6a0b50a71ffd',
      methodClass: 'POST',
      durationMs: 4,
      statusCode: 409
    }

      at write (src/observability/safeLogger.js:178:17)

  console.info
    {
      component: 'http',
      event: 'request_completed',
      requestId: '30c2a027-d826-4193-b1ad-8c00a181be31',
      methodClass: 'POST',
      durationMs: 3,
      statusCode: 400
    }

      at write (src/observability/safeLogger.js:178:17)

  console.info
    {
      component: 'http',
      event: 'request_completed',
      requestId: '78e8cfdb-34b4-4799-87c5-847e3e6ed4d5',
      methodClass: 'POST',
      durationMs: 4,
      statusCode: 409
    }

      at write (src/observability/safeLogger.js:178:17)

  console.info
    {
      component: 'http',
      event: 'request_completed',
      requestId: '2c41a03f-e17b-448e-a098-3e0642658ea6',
      methodClass: 'POST',
      durationMs: 5,
      statusCode: 202
    }

      at write (src/observability/safeLogger.js:178:17)

  console.info
    {
      component: 'http',
      event: 'request_completed',
      requestId: '13ba5357-a9cc-4390-b9c2-c5e84f5d9194',
      methodClass: 'GET',
      durationMs: 4,
      statusCode: 200
    }

      at write (src/observability/safeLogger.js:178:17)

  console.info
    {
      component: 'http',
      event: 'request_completed',
      requestId: '7d5dd04d-7606-46e6-867b-bf6ef5084092',
      methodClass: 'GET',
      durationMs: 4,
      statusCode: 200
    }

      at write (src/observability/safeLogger.js:178:17)

  console.info
    {
      component: 'http',
      event: 'request_completed',
      requestId: '80248e6a-b315-4509-ae4e-1eeec7e89f30',
      methodClass: 'POST',
      durationMs: 233,
      statusCode: 400
    }

      at write (src/observability/safeLogger.js:178:17)

  console.info
    {
      component: 'http',
      event: 'request_completed',
      requestId: 'a11f7a37-3110-45e0-8fc6-6704c51f8839',
      methodClass: 'POST',
      durationMs: 9,
      statusCode: 202
    }

      at write (src/observability/safeLogger.js:178:17)

  console.info
    {
      component: 'http',
      event: 'request_completed',
      requestId: 'c0e4defa-6ce3-4b2d-ad2b-831190325153',
      methodClass: 'POST',
      durationMs: 8,
      statusCode: 200
    }

      at write (src/observability/safeLogger.js:178:17)

  console.info
    {
      component: 'http',
      event: 'request_completed',
      requestId: '37288468-473e-4641-a82c-77cd4fedeeb5',
      methodClass: 'GET',
      durationMs: 8,
      statusCode: 200
    }

      at write (src/observability/safeLogger.js:178:17)

  console.log
    [DB] Migration applied: 001_initial_schema.sql

      at log (src/db.js:1312:42)

  console.log
    [DB] Migration applied: 002_seed_data.sql

      at log (src/db.js:1312:42)

  console.log
    [DB] Migration applied: 003_voice_sessions.sql

      at log (src/db.js:1312:42)

  console.log
    [DB] Migration applied: 004_canonical_persistence_v2.sql

      at log (src/db.js:1312:42)

  console.log
    [DB] Migration applied: 005_canonical_organization_authority.sql

      at log (src/db.js:1312:42)

  console.log
    [DB] Migration applied: 006_canonical_voice_sessions.sql

      at log (src/db.js:1312:42)

  console.log
    [DB] Migration applied: 007_canonical_tax_authority.sql

      at log (src/db.js:1312:42)

  console.log
    [DB] Migration applied: 008_canonical_demo_authority.sql

      at log (src/db.js:1312:42)

  console.log
    [DB] Migration applied: 009_canonical_voice_provider_identity.sql

      at log (src/db.js:1312:42)

  console.log
    [DB] Migration applied: 010_account_session_authority.sql

      at log (src/db.js:1312:42)

  console.log
    [DB] Migration applied: 011_oauth_authorization_states.sql

      at log (src/db.js:1312:42)

  console.log
    [DB] Migration applied: 012_account_verification_trial.sql

      at log (src/db.js:1312:42)

  console.log
    [DB] Migration applied: 015_workforce_authority.sql

      at log (src/db.js:1312:42)

  console.log
    [DB] Migration applied: 016_tenant_asset_catalogue.sql

      at log (src/db.js:1312:42)

  console.log
    [DB] Migration applied: 017_retell_webhook_replay_authority.sql

      at log (src/db.js:1312:42)

  console.log
    [DB] Migration applied: 018_canonical_map_preferences.sql

      at log (src/db.js:1312:42)

  console.log
    [DB] Migration applied: 019_account_email_outbox.sql

      at log (src/db.js:1312:42)

  console.log
    [DB] Migration applied: 020_canonical_workforce_access_roles.sql

      at log (src/db.js:1312:42)

  console.log
    [DB] Migration applied: 021_bounded_api_observability.sql

      at log (src/db.js:1312:42)

  console.log
    [DB] Migration applied: 022_demo_command_center_sessions.sql

      at log (src/db.js:1312:42)

  console.log
    [DB] Migration applied: 023_homepage_demo_admission.sql

      at log (src/db.js:1312:42)

  console.log
    [DB] Migration applied: 024_homepage_verified_purge_receipt.sql

      at log (src/db.js:1312:42)

  console.log
    [DB] Migration applied: 025_provider_agnostic_knowledge_registry.sql

      at log (src/db.js:1312:42)

  console.log
    [DB] Migration applied: 026_canonical_knowledge_review_publication.sql

      at log (src/db.js:1312:42)

  console.log
    [DB] Migration applied: 027_canonical_knowledge_audit_graph_authority.sql

      at log (src/db.js:1312:42)

  console.log
    [DB] Migration applied: 028_canonical_knowledge_immutable_lifecycle.sql

      at log (src/db.js:1312:42)

  console.log
    [DB] Migration applied: 029_canonical_knowledge_transactional_sync.sql

      at log (src/db.js:1312:42)

  console.log
    [DB] Migration applied: 030_canonical_knowledge_sync_revocation.sql

      at log (src/db.js:1312:42)

  console.log
    [DB] Migration applied: 031_canonical_knowledge_sync_recovery_lifecycle.sql

      at log (src/db.js:1312:42)

  console.log
    [DB] Migration applied: 032_canonical_schedule_assignment_authority.sql

      at log (src/db.js:1312:42)

  console.log
    [DB] Migration applied: 033_canonical_schedule_time_evidence.sql

      at log (src/db.js:1312:42)

  console.log
    [DB] Migration applied: 034_schedule_availability_conflict_authority.sql

      at log (src/db.js:1312:42)

  console.log
    [DB] Migration applied: 035_schedule_human_preview_approval.sql

      at log (src/db.js:1312:42)

  console.info
    {
      component: 'http',
      event: 'request_completed',
      requestId: 'b4c97818-c431-41ae-a57f-f3142734a126',
      methodClass: 'GET',
      durationMs: 1,
      statusCode: 401
    }

      at write (src/observability/safeLogger.js:178:17)

  console.log
    [DB] Migration applied: 001_initial_schema.sql

      at log (src/db.js:1312:42)

  console.log
    [DB] Migration applied: 002_seed_data.sql

      at log (src/db.js:1312:42)

  console.log
    [DB] Migration applied: 003_voice_sessions.sql

      at log (src/db.js:1312:42)

  console.log
    [DB] Migration applied: 004_canonical_persistence_v2.sql

      at log (src/db.js:1312:42)

  console.log
    [DB] Migration applied: 005_canonical_organization_authority.sql

      at log (src/db.js:1312:42)

  console.log
    [DB] Migration applied: 006_canonical_voice_sessions.sql

      at log (src/db.js:1312:42)

  console.log
    [DB] Migration applied: 007_canonical_tax_authority.sql

      at log (src/db.js:1312:42)

  console.log
    [DB] Migration applied: 008_canonical_demo_authority.sql

      at log (src/db.js:1312:42)

  console.log
    [DB] Migration applied: 009_canonical_voice_provider_identity.sql

      at log (src/db.js:1312:42)

  console.log
    [DB] Migration applied: 010_account_session_authority.sql

      at log (src/db.js:1312:42)

  console.log
    [DB] Migration applied: 011_oauth_authorization_states.sql

      at log (src/db.js:1312:42)

  console.log
    [DB] Migration applied: 012_account_verification_trial.sql

      at log (src/db.js:1312:42)

  console.log
    [DB] Migration applied: 015_workforce_authority.sql

      at log (src/db.js:1312:42)

  console.log
    [DB] Migration applied: 016_tenant_asset_catalogue.sql

      at log (src/db.js:1312:42)

  console.log
    [DB] Migration applied: 017_retell_webhook_replay_authority.sql

      at log (src/db.js:1312:42)

  console.log
    [DB] Migration applied: 018_canonical_map_preferences.sql

      at log (src/db.js:1312:42)

  console.log
    [DB] Migration applied: 019_account_email_outbox.sql

      at log (src/db.js:1312:42)

  console.log
    [DB] Migration applied: 020_canonical_workforce_access_roles.sql

      at log (src/db.js:1312:42)

  console.log
    [DB] Migration applied: 021_bounded_api_observability.sql

      at log (src/db.js:1312:42)

  console.log
    [DB] Migration applied: 022_demo_command_center_sessions.sql

      at log (src/db.js:1312:42)

  console.log
    [DB] Migration applied: 023_homepage_demo_admission.sql

      at log (src/db.js:1312:42)

  console.log
    [DB] Migration applied: 024_homepage_verified_purge_receipt.sql

      at log (src/db.js:1312:42)

  console.log
    [DB] Migration applied: 025_provider_agnostic_knowledge_registry.sql

      at log (src/db.js:1312:42)

  console.log
    [DB] Migration applied: 026_canonical_knowledge_review_publication.sql

      at log (src/db.js:1312:42)

  console.log
    [DB] Migration applied: 027_canonical_knowledge_audit_graph_authority.sql

      at log (src/db.js:1312:42)

  console.log
    [DB] Migration applied: 028_canonical_knowledge_immutable_lifecycle.sql

      at log (src/db.js:1312:42)

  console.log
    [DB] Migration applied: 029_canonical_knowledge_transactional_sync.sql

      at log (src/db.js:1312:42)

  console.log
    [DB] Migration applied: 030_canonical_knowledge_sync_revocation.sql

      at log (src/db.js:1312:42)

  console.log
    [DB] Migration applied: 031_canonical_knowledge_sync_recovery_lifecycle.sql

      at log (src/db.js:1312:42)

  console.log
    [DB] Migration applied: 032_canonical_schedule_assignment_authority.sql

      at log (src/db.js:1312:42)

  console.log
    [DB] Migration applied: 033_canonical_schedule_time_evidence.sql

      at log (src/db.js:1312:42)

  console.log
    [DB] Migration applied: 034_schedule_availability_conflict_authority.sql

      at log (src/db.js:1312:42)

  console.log
    [DB] Migration applied: 035_schedule_human_preview_approval.sql

      at log (src/db.js:1312:42)

  console.info
    {
      component: 'http',
      event: 'request_completed',
      requestId: '0e8209ae-019b-407e-a72e-fd0af488bde5',
      methodClass: 'GET',
      durationMs: 5,
      statusCode: 200
    }

      at write (src/observability/safeLogger.js:178:17)

  console.info
    {
      component: 'http',
      event: 'request_completed',
      requestId: '2eef5c78-242c-421c-91b3-658ae799781d',
      methodClass: 'PUT',
      durationMs: 8,
      statusCode: 200
    }

      at write (src/observability/safeLogger.js:178:17)

  console.info
    {
      component: 'http',
      event: 'request_completed',
      requestId: '38f6446e-7294-485c-b3dc-2ce7e53dec17',
      methodClass: 'GET',
      durationMs: 5,
      statusCode: 200
    }

      at write (src/observability/safeLogger.js:178:17)

  console.info
    {
      component: 'http',
      event: 'request_completed',
      requestId: '3d275c7f-42c0-459a-857c-5b15b01f6394',
      methodClass: 'PUT',
      durationMs: 2,
      statusCode: 400
    }

      at write (src/observability/safeLogger.js:178:17)

  console.info
    {
      component: 'http',
      event: 'request_completed',
      requestId: '72f47697-ade4-40da-83fc-e81d1c1223d7',
      methodClass: 'PUT',
      durationMs: 3,
      statusCode: 400
    }

      at write (src/observability/safeLogger.js:178:17)

  console.info
    {
      component: 'http',
      event: 'request_completed',
      requestId: '6dd78fc1-9bea-40be-97ae-2c08efd3d5a4',
      methodClass: 'PUT',
      durationMs: 2,
      statusCode: 400
    }

      at write (src/observability/safeLogger.js:178:17)

  console.info
    {
      component: 'http',
      event: 'request_completed',
      requestId: 'c32e1ee0-20c3-4e8f-9d99-66fee5da5f8f',
      methodClass: 'PUT',
      durationMs: 2,
      statusCode: 400
    }

      at write (src/observability/safeLogger.js:178:17)

  console.info
    {
      component: 'http',
      event: 'request_completed',
      requestId: 'c326a63e-f00e-4c01-93f4-278b742085b0',
      methodClass: 'PUT',
      durationMs: 3,
      statusCode: 400
    }

      at write (src/observability/safeLogger.js:178:17)

  console.info
    {
      component: 'http',
      event: 'request_completed',
      requestId: 'a44f2d23-0976-49ae-8871-1bddb59c8b47',
      methodClass: 'PUT',
      durationMs: 3,
      statusCode: 400
    }

      at write (src/observability/safeLogger.js:178:17)

  console.info
    {
      component: 'http',
      event: 'request_completed',
      requestId: '57ca78db-718f-4c62-a393-a3b0ecf53177',
      methodClass: 'PUT',
      durationMs: 2,
      statusCode: 400
    }

      at write (src/observability/safeLogger.js:178:17)

  console.info
    {
      component: 'http',
      event: 'request_completed',
      requestId: '559024bd-147c-4778-a021-60a15691ef24',
      methodClass: 'PUT',
      durationMs: 3,
      statusCode: 400
    }

      at write (src/observability/safeLogger.js:178:17)

  console.info
    {
      component: 'http',
      event: 'request_completed',
      requestId: 'd6b35fbf-dc91-4ae6-8580-d0c854f85757',
      methodClass: 'PUT',
      durationMs: 2,
      statusCode: 400
    }

      at write (src/observability/safeLogger.js:178:17)

  console.info
    {
      component: 'http',
      event: 'request_completed',
      requestId: '0d507fd5-117b-4846-8389-a0d85c849557',
      methodClass: 'PUT',
      durationMs: 3,
      statusCode: 400
    }

      at write (src/observability/safeLogger.js:178:17)

  console.info
    {
      component: 'http',
      event: 'request_completed',
      requestId: '4e34c123-9f87-464d-9d1a-6eb4f69d1ed0',
      methodClass: 'PUT',
      durationMs: 3,
      statusCode: 400
    }

      at write (src/observability/safeLogger.js:178:17)

  console.info
    {
      component: 'http',
      event: 'request_completed',
      requestId: 'cb88d7e8-d26a-47e5-89c7-e6aaaf5667d8',
      methodClass: 'PUT',
      durationMs: 3,
      statusCode: 400
    }

      at write (src/observability/safeLogger.js:178:17)

  console.info
    {
      component: 'http',
      event: 'request_completed',
      requestId: 'c69ed374-86f3-4cfa-9060-43320b490ccb',
      methodClass: 'PUT',
      durationMs: 3,
      statusCode: 400
    }

      at write (src/observability/safeLogger.js:178:17)

  console.info
    {
      component: 'http',
      event: 'request_completed',
      requestId: '0373aa54-564f-43e0-a85b-9d68bf739060',
      methodClass: 'PUT',
      durationMs: 4,
      statusCode: 400
    }

      at write (src/observability/safeLogger.js:178:17)

  console.info
    {
      component: 'http',
      event: 'request_completed',
      requestId: '41683491-fb2c-4166-abf9-3109bda4e67c',
      methodClass: 'PUT',
      durationMs: 3,
      statusCode: 400
    }

      at write (src/observability/safeLogger.js:178:17)

  console.info
    {
      component: 'http',
      event: 'request_completed',
      requestId: '4822240b-867a-4bef-aa6e-472b40cbcc99',
      methodClass: 'PUT',
      durationMs: 2,
      statusCode: 400
    }

      at write (src/observability/safeLogger.js:178:17)

  console.info
    {
      component: 'http',
      event: 'request_completed',
      requestId: 'e0366913-0e3c-4c70-ad45-04cb5c0ba12b',
      methodClass: 'GET',
      durationMs: 4,
      statusCode: 200
    }

      at write (src/observability/safeLogger.js:178:17)

  console.info
    {
      component: 'http',
      event: 'request_completed',
      requestId: '5fff17df-ee2b-4690-94d1-cf9f73be84f1',
      methodClass: 'PUT',
      durationMs: 3,
      statusCode: 403
    }

      at write (src/observability/safeLogger.js:178:17)

  console.info
    {
      component: 'http',
      event: 'request_completed',
      requestId: '97691eee-69e1-4d3d-a869-438188eef00c',
      methodClass: 'GET',
      durationMs: 4,
      statusCode: 200
    }

      at write (src/observability/safeLogger.js:178:17)

  console.info
    {
      component: 'http',
      event: 'request_completed',
      requestId: 'bd440aff-700e-42eb-a1b7-cb27032fb9af',
      methodClass: 'PUT',
      durationMs: 3,
      statusCode: 403
    }

      at write (src/observability/safeLogger.js:178:17)

  console.info
    {
      component: 'http',
      event: 'request_completed',
      requestId: '762a0086-7d6a-44db-a754-c6c83fe355b4',
      methodClass: 'PUT',
      durationMs: 1,
      statusCode: 401
    }

      at write (src/observability/safeLogger.js:178:17)

  console.info
    {
      component: 'http',
      event: 'request_completed',
      requestId: '2bb222a5-4c01-4246-8efb-975e2d000369',
      methodClass: 'PUT',
      durationMs: 2,
      statusCode: 403
    }

      at write (src/observability/safeLogger.js:178:17)

  console.info
    {
      component: 'http',
      event: 'request_completed',
      requestId: 'da41df23-787d-4f2b-aaef-909a2df6c078',
      methodClass: 'GET',
      durationMs: 4,
      statusCode: 200
    }

      at write (src/observability/safeLogger.js:178:17)

  console.info
    {
      component: 'http',
      event: 'request_completed',
      requestId: '6108d8cd-ddc5-45b4-8536-81454bd30ddb',
      methodClass: 'PUT',
      durationMs: 8,
      statusCode: 200
    }

      at write (src/observability/safeLogger.js:178:17)

  console.info
    {
      component: 'http',
      event: 'request_completed',
      requestId: '5143eb08-c518-472b-ab9a-dbfbf887c843',
      methodClass: 'PUT',
      durationMs: 6,
      statusCode: 409
    }

      at write (src/observability/safeLogger.js:178:17)

  console.info
    {
      component: 'http',
      event: 'request_completed',
      requestId: 'ebab84fe-d109-4930-b2dc-7c56551116ee',
      methodClass: 'PUT',
      durationMs: 10,
      statusCode: 200
    }

      at write (src/observability/safeLogger.js:178:17)

  console.info
    {
      component: 'http',
      event: 'request_completed',
      requestId: '8be8ae59-ae2f-4a2b-a698-963f2f82a6a6',
      methodClass: 'PUT',
      durationMs: 12,
      statusCode: 409
    }

      at write (src/observability/safeLogger.js:178:17)

  console.info
    {
      component: 'http',
      event: 'request_completed',
      requestId: '35306006-84e8-4769-96cb-bf9073b5780a',
      methodClass: 'GET',
      durationMs: 4,
      statusCode: 200
    }

      at write (src/observability/safeLogger.js:178:17)

  console.info
    {
      component: 'http',
      event: 'request_completed',
      requestId: 'f7ae8aa2-9596-4cf3-91b2-e393d5a7b848',
      methodClass: 'PUT',
      durationMs: 7,
      statusCode: 200
    }

      at write (src/observability/safeLogger.js:178:17)

  console.info
    {
      component: 'http',
      event: 'request_completed',
      requestId: '2f46bd29-e3e4-4824-b6cb-50f8162fc0ef',
      methodClass: 'GET',
      durationMs: 9,
      statusCode: 200
    }

      at write (src/observability/safeLogger.js:178:17)

  console.info
    {
      component: 'http',
      event: 'request_completed',
      requestId: '246d1e75-970a-4ed1-a3ce-b5c28abfbf12',
      methodClass: 'GET',
      durationMs: 48,
      statusCode: 200
    }

      at write (src/observability/safeLogger.js:178:17)

  console.info
    {
      component: 'http',
      event: 'request_completed',
      requestId: 'fe23b62f-65e4-4722-9e8d-962577720c42',
      methodClass: 'PUT',
      durationMs: 69,
      statusCode: 200
    }

      at write (src/observability/safeLogger.js:178:17)

  console.info
    {
      component: 'http',
      event: 'request_completed',
      requestId: 'ec0df902-ae41-468e-980d-cd6d94822b4e',
      methodClass: 'GET',
      durationMs: 9,
      statusCode: 200
    }

      at write (src/observability/safeLogger.js:178:17)

  console.info
    {
      component: 'http',
      event: 'request_completed',
      requestId: '7eea6262-9a72-4c94-888f-eac31b79c13e',
      methodClass: 'PUT',
      durationMs: 19,
      statusCode: 200
    }

      at write (src/observability/safeLogger.js:178:17)

  console.info
    {
      component: 'http',
      event: 'request_completed',
      requestId: '3fb093c9-b80d-45dc-ab00-4b04b058af42',
      methodClass: 'GET',
      durationMs: 6,
      statusCode: 200
    }

      at write (src/observability/safeLogger.js:178:17)

  console.info
    {
      component: 'http',
      event: 'request_completed',
      requestId: 'ede0160d-a9b6-4a55-ad29-6d170e93d8ae',
      methodClass: 'GET',
      durationMs: 6,
      statusCode: 200
    }

      at write (src/observability/safeLogger.js:178:17)

  console.info
    {
      component: 'http',
      event: 'request_completed',
      requestId: 'd24c593b-eae1-4340-b5c8-df462acbf8fe',
      methodClass: 'PUT',
      durationMs: 9,
      statusCode: 409
    }

      at write (src/observability/safeLogger.js:178:17)

  console.info
    {
      component: 'http',
      event: 'request_completed',
      requestId: '217c9402-a9cf-4dbc-b567-625a389a30fb',
      methodClass: 'PUT',
      durationMs: 8,
      statusCode: 409
    }

      at write (src/observability/safeLogger.js:178:17)

  console.info
    {
      component: 'http',
      event: 'request_completed',
      requestId: '6f57e28d-8306-43b3-9b41-c7ffafe04ac7',
      methodClass: 'PUT',
      durationMs: 8,
      statusCode: 409
    }

      at write (src/observability/safeLogger.js:178:17)

  console.info
    {
      component: 'http',
      event: 'request_completed',
      requestId: '57cc83ff-e339-46ff-b27e-cb50af3d6494',
      methodClass: 'PUT',
      durationMs: 9,
      statusCode: 200
    }

      at write (src/observability/safeLogger.js:178:17)

  console.info
    {
      component: 'http',
      event: 'request_completed',
      requestId: '8954fa97-4501-4234-a6f8-b75c9745df4d',
      methodClass: 'GET',
      durationMs: 4,
      statusCode: 200
    }

      at write (src/observability/safeLogger.js:178:17)

  console.info
    {
      component: 'http',
      event: 'request_completed',
      requestId: 'a57d86a0-b5c6-44ff-8388-f9f958774359',
      methodClass: 'PUT',
      durationMs: 9,
      statusCode: 200
    }

      at write (src/observability/safeLogger.js:178:17)

  console.info
    {
      component: 'http',
      event: 'request_completed',
      requestId: '8b6ae448-0780-4d2d-8f42-2384a425310d',
      methodClass: 'GET',
      durationMs: 3,
      statusCode: 200
    }

      at write (src/observability/safeLogger.js:178:17)

  console.info
    {
      component: 'http',
      event: 'request_completed',
      requestId: '411b52a9-0c46-49b1-99b1-e526db53c2ec',
      methodClass: 'GET',
      durationMs: 3,
      statusCode: 200
    }

      at write (src/observability/safeLogger.js:178:17)

  console.info
    {
      component: 'http',
      event: 'request_completed',
      requestId: '8e4c83f7-6d17-45b6-8a9f-e4a558331f2a',
      methodClass: 'PUT',
      durationMs: 8,
      statusCode: 200
    }

      at write (src/observability/safeLogger.js:178:17)

  console.info
    {
      component: 'http',
      event: 'request_completed',
      requestId: 'de7d54e1-a3d3-4a6f-85d0-28dda51db6fb',
      methodClass: 'GET',
      durationMs: 4,
      statusCode: 200
    }

      at write (src/observability/safeLogger.js:178:17)

  console.info
    {
      component: 'http',
      event: 'request_completed',
      requestId: 'f5e4e31e-d692-4acd-84e5-a103b3cb635a',
      methodClass: 'PUT',
      durationMs: 8,
      statusCode: 200
    }

      at write (src/observability/safeLogger.js:178:17)

  console.info
    {
      component: 'http',
      event: 'request_completed',
      requestId: 'c06b9e4a-975b-4f79-a1b7-08520db25266',
      methodClass: 'GET',
      durationMs: 3,
      statusCode: 200
    }

      at write (src/observability/safeLogger.js:178:17)

  console.info
    {
      component: 'http',
      event: 'request_completed',
      requestId: 'fcc2b8d2-8788-43f2-8d11-960c055cf224',
      methodClass: 'PUT',
      durationMs: 6,
      statusCode: 409
    }

      at write (src/observability/safeLogger.js:178:17)

  console.info
    {
      component: 'http',
      event: 'request_completed',
      requestId: 'caa370f5-c6d8-463c-bd26-5c698000efee',
      methodClass: 'PUT',
      durationMs: 8,
      statusCode: 200
    }

      at write (src/observability/safeLogger.js:178:17)

  console.info
    {
      component: 'http',
      event: 'request_completed',
      requestId: 'e98db4be-885d-4fdb-bdbd-04be22e637bf',
      methodClass: 'GET',
      durationMs: 3,
      statusCode: 200
    }

      at write (src/observability/safeLogger.js:178:17)

  console.info
    {
      component: 'http',
      event: 'request_completed',
      requestId: '417b6b74-5cf4-4ff8-843e-202e452466df',
      methodClass: 'PUT',
      durationMs: 8,
      statusCode: 200
    }

      at write (src/observability/safeLogger.js:178:17)

  console.info
    {
      component: 'http',
      event: 'request_completed',
      requestId: '786e5e92-1c84-4972-b176-ff7cd679ebc9',
      methodClass: 'GET',
      durationMs: 3,
      statusCode: 200
    }

      at write (src/observability/safeLogger.js:178:17)

  console.info
    {
      component: 'http',
      event: 'request_completed',
      requestId: '7fa745f2-f2c1-40e4-9a8f-9d1271ebef3f',
      methodClass: 'PUT',
      durationMs: 8,
      statusCode: 200
    }

      at write (src/observability/safeLogger.js:178:17)

  console.info
    {
      component: 'http',
      event: 'request_completed',
      requestId: '37ce7fb3-fdb6-4fb4-b3f9-3aa87538f69c',
      methodClass: 'GET',
      durationMs: 3,
      statusCode: 200
    }

      at write (src/observability/safeLogger.js:178:17)

  console.info
    {
      component: 'http',
      event: 'request_completed',
      requestId: 'f27bd531-898d-4b64-9f19-cfbd74e18bd2',
      methodClass: 'PUT',
      durationMs: 8,
      statusCode: 200
    }

      at write (src/observability/safeLogger.js:178:17)

  console.info
    {
      component: 'http',
      event: 'request_completed',
      requestId: 'd5de103e-af10-450a-a839-6dc99ed25b25',
      methodClass: 'GET',
      durationMs: 3,
      statusCode: 200
    }

      at write (src/observability/safeLogger.js:178:17)

  console.info
    {
      component: 'http',
      event: 'request_completed',
      requestId: 'a4ac85a1-5f5f-45a0-a2a9-073dd89c4ed2',
      methodClass: 'PUT',
      durationMs: 8,
      statusCode: 200
    }

      at write (src/observability/safeLogger.js:178:17)

  console.info
    {
      component: 'http',
      event: 'request_completed',
      requestId: '3515a4c9-ca42-46d7-83c3-abb40de0afe2',
      methodClass: 'GET',
      durationMs: 4,
      statusCode: 200
    }

      at write (src/observability/safeLogger.js:178:17)

  console.info
    {
      component: 'http',
      event: 'request_completed',
      requestId: 'c0ce27cd-d8c6-4bca-a647-13ab0af64d86',
      methodClass: 'GET',
      durationMs: 3,
      statusCode: 200
    }

      at write (src/observability/safeLogger.js:178:17)

  console.info
    {
      component: 'http',
      event: 'request_completed',
      requestId: '3ecf3d27-4137-4fd4-a499-71824e3c6ce1',
      methodClass: 'PUT',
      durationMs: 7,
      statusCode: 200
    }

      at write (src/observability/safeLogger.js:178:17)

  console.info
    {
      component: 'http',
      event: 'request_completed',
      requestId: '10a51d4e-7489-4cbd-928c-ad7c747eb981',
      methodClass: 'PUT',
      durationMs: 5,
      statusCode: 409
    }

      at write (src/observability/safeLogger.js:178:17)

  console.info
    {
      component: 'http',
      event: 'request_completed',
      requestId: 'a216955d-fef4-45ed-9862-fc5ada75f233',
      methodClass: 'GET',
      durationMs: 3,
      statusCode: 200
    }

      at write (src/observability/safeLogger.js:178:17)

  console.info
    {
      component: 'http',
      event: 'request_completed',
      requestId: '8cbb19a2-00f1-4ad7-848b-2b32b7a69c59',
      methodClass: 'PUT',
      durationMs: 7,
      statusCode: 200
    }

      at write (src/observability/safeLogger.js:178:17)

  console.info
    {
      component: 'http',
      event: 'request_completed',
      requestId: '1b7f0be5-aaea-42bb-9dae-a1e43f86fa62',
      methodClass: 'PUT',
      durationMs: 7,
      statusCode: 200
    }

      at write (src/observability/safeLogger.js:178:17)

  console.info
    {
      component: 'http',
      event: 'request_completed',
      requestId: 'b2954e43-6db3-4d1c-ac36-3616f577b598',
      methodClass: 'PUT',
      durationMs: 4,
      statusCode: 409
    }

      at write (src/observability/safeLogger.js:178:17)

  console.info
    {
      component: 'http',
      event: 'request_completed',
      requestId: 'a375af05-a222-49ca-bdd7-b7a70b7e5363',
      methodClass: 'PUT',
      durationMs: 4,
      statusCode: 409
    }

      at write (src/observability/safeLogger.js:178:17)

  console.info
    {
      component: 'http',
      event: 'request_completed',
      requestId: 'ed22660e-08e8-437f-89de-01f7833857e5',
      methodClass: 'PUT',
      durationMs: 3,
      statusCode: 409
    }

      at write (src/observability/safeLogger.js:178:17)

  console.info
    {
      component: 'http',
      event: 'request_completed',
      requestId: 'eddc84a3-6ed0-49a3-85b0-354ee9f820ec',
      methodClass: 'PUT',
      durationMs: 2,
      statusCode: 409
    }

      at write (src/observability/safeLogger.js:178:17)

  console.info
    {
      component: 'http',
      event: 'request_completed',
      requestId: 'd63929d3-432c-430f-8954-06f732590b6f',
      methodClass: 'PUT',
      durationMs: 2,
      statusCode: 409
    }

      at write (src/observability/safeLogger.js:178:17)

  console.info
    {
      component: 'http',
      event: 'request_completed',
      requestId: '3b27a33c-b5ee-4fbb-99e3-c1d9367e9d58',
      methodClass: 'PUT',
      durationMs: 2,
      statusCode: 409
    }

      at write (src/observability/safeLogger.js:178:17)

  console.info
    {
      component: 'http',
      event: 'request_completed',
      requestId: '5bb36bb6-6bca-4a8d-854e-4d531404fe51',
      methodClass: 'PUT',
      durationMs: 8,
      statusCode: 200
    }

      at write (src/observability/safeLogger.js:178:17)

  console.info
    {
      component: 'http',
      event: 'request_completed',
      requestId: 'e6610433-1ecf-45de-b85e-a08d0c05d5ab',
      methodClass: 'PUT',
      durationMs: 8,
      statusCode: 200
    }

      at write (src/observability/safeLogger.js:178:17)

  console.info
    {
      component: 'http',
      event: 'request_completed',
      requestId: '79279aeb-4dcb-4b5a-bec2-888c639cd411',
      methodClass: 'PUT',
      durationMs: 7,
      statusCode: 200
    }

      at write (src/observability/safeLogger.js:178:17)

  console.info
    {
      component: 'http',
      event: 'request_completed',
      requestId: '93d8e166-9ef0-4775-9d7f-15a1af57c8cd',
      methodClass: 'PUT',
      durationMs: 2,
      statusCode: 409
    }

      at write (src/observability/safeLogger.js:178:17)

  console.info
    {
      component: 'http',
      event: 'request_completed',
      requestId: '61dd0f74-ea6f-4d70-81b9-d0ace149f444',
      methodClass: 'PUT',
      durationMs: 2,
      statusCode: 400
    }

      at write (src/observability/safeLogger.js:178:17)

  console.info
    {
      component: 'http',
      event: 'request_completed',
      requestId: '2161efa4-b255-4571-bd73-61f7fe11415c',
      methodClass: 'PUT',
      durationMs: 3,
      statusCode: 409
    }

      at write (src/observability/safeLogger.js:178:17)

  console.info
    {
      component: 'http',
      event: 'request_completed',
      requestId: '9e332938-34fd-4ed9-ac65-6c7c7ffea81e',
      methodClass: 'PUT',
      durationMs: 7,
      statusCode: 200
    }

      at write (src/observability/safeLogger.js:178:17)

  console.info
    {
      component: 'http',
      event: 'request_completed',
      requestId: '0f352809-3531-45d2-9206-872cdaefbc99',
      methodClass: 'PUT',
      durationMs: 8,
      statusCode: 200
    }

      at write (src/observability/safeLogger.js:178:17)

  console.info
    {
      component: 'http',
      event: 'request_completed',
      requestId: '27527d6f-245e-403a-a019-1f05950a0690',
      methodClass: 'GET',
      durationMs: 3,
      statusCode: 200
    }

      at write (src/observability/safeLogger.js:178:17)

  console.info
    {
      component: 'http',
      event: 'request_completed',
      requestId: '20aba688-7b08-4d75-b6a0-77d11cff70bd',
      methodClass: 'PUT',
      durationMs: 7,
      statusCode: 200
    }

      at write (src/observability/safeLogger.js:178:17)

  console.info
    {
      component: 'http',
      event: 'request_completed',
      requestId: '64eeeddf-9155-41fd-bb75-6b6b03291592',
      methodClass: 'PUT',
      durationMs: 8,
      statusCode: 200
    }

      at write (src/observability/safeLogger.js:178:17)

  console.info
    {
      component: 'http',
      event: 'request_completed',
      requestId: '75f4e116-ae3b-44b4-8745-4b0dfd8ac909',
      methodClass: 'PUT',
      durationMs: 7,
      statusCode: 200
    }

      at write (src/observability/safeLogger.js:178:17)

  console.info
    {
      component: 'http',
      event: 'request_completed',
      requestId: '493a9beb-3b5d-4215-a652-effd07dea892',
      methodClass: 'PUT',
      durationMs: 7,
      statusCode: 200
    }

      at write (src/observability/safeLogger.js:178:17)

  console.info
    {
      component: 'http',
      event: 'request_completed',
      requestId: '11906de2-7181-4025-b172-92ced98dd0d9',
      methodClass: 'GET',
      durationMs: 3,
      statusCode: 200
    }

      at write (src/observability/safeLogger.js:178:17)

  console.info
    {
      component: 'http',
      event: 'request_completed',
      requestId: 'd7c582b2-99bf-42da-a67f-e6e75d31bbe1',
      methodClass: 'PUT',
      durationMs: 7,
      statusCode: 200
    }

      at write (src/observability/safeLogger.js:178:17)

  console.info
    {
      component: 'http',
      event: 'request_completed',
      requestId: 'a0277910-1023-4dcc-801e-ab6d5d71d65f',
      methodClass: 'PUT',
      durationMs: 8,
      statusCode: 200
    }

      at write (src/observability/safeLogger.js:178:17)

  console.log
    [Simulations] Canonical graph committed: {"operationId":"01d01326-600b-45b8-a064-905ef674d632","service":"fence","replayed":false}

      at log (src/routes/simulations.js:131:11)

  console.info
    {
      component: 'http',
      event: 'request_completed',
      requestId: '44c10631-eece-4358-9e58-6dcc6986c114',
      methodClass: 'POST',
      durationMs: 37,
      statusCode: 201
    }

      at write (src/observability/safeLogger.js:178:17)

  console.info
    {
      component: 'http',
      event: 'request_completed',
      requestId: '894135d6-ee98-478d-bce2-5c785a2e9470',
      methodClass: 'GET',
      durationMs: 17,
      statusCode: 200
    }

      at write (src/observability/safeLogger.js:178:17)

  console.info
    {
      component: 'http',
      event: 'request_completed',
      requestId: '5db8fc22-7f5d-42d9-a153-89d2e6dec6a7',
      methodClass: 'PUT',
      durationMs: 12,
      statusCode: 200
    }

      at write (src/observability/safeLogger.js:178:17)

  console.log
    [Simulations] Canonical graph committed: {"operationId":"fc4a2c4d-052e-4ce8-ab55-d98f2209bd65","service":"fence","replayed":false}

      at log (src/routes/simulations.js:131:11)

  console.info
    {
      component: 'http',
      event: 'request_completed',
      requestId: '93f6d66e-4412-4d38-a8a9-ceb35d9ab9e3',
      methodClass: 'POST',
      durationMs: 29,
      statusCode: 201
    }

      at write (src/observability/safeLogger.js:178:17)

  console.info
    {
      component: 'http',
      event: 'request_completed',
      requestId: '8f19a6de-22be-4f94-9037-019caad4cac3',
      methodClass: 'PUT',
      durationMs: 7,
      statusCode: 200
    }

      at write (src/observability/safeLogger.js:178:17)

  console.log
    [Simulations] Canonical graph committed: {"operationId":"b536ea9d-11cf-4783-b83b-def202492d31","service":"fence","replayed":false}

      at log (src/routes/simulations.js:131:11)

  console.info
    {
      component: 'http',
      event: 'request_completed',
      requestId: '872a5307-25ad-4b4d-bd7b-7058badd9d66',
      methodClass: 'POST',
      durationMs: 31,
      statusCode: 201
    }

      at write (src/observability/safeLogger.js:178:17)

  console.info
    {
      component: 'http',
      event: 'request_completed',
      requestId: '53dd5acf-9536-4767-97f6-78db289af39e',
      methodClass: 'PUT',
      durationMs: 8,
      statusCode: 200
    }

      at write (src/observability/safeLogger.js:178:17)

  console.info
    {
      component: 'http',
      event: 'request_completed',
      requestId: '817471cb-1b57-4fc2-81cc-d208b494c9bf',
      methodClass: 'GET',
      durationMs: 5,
      statusCode: 200
    }

      at write (src/observability/safeLogger.js:178:17)

  console.info
    {
      component: 'http',
      event: 'request_completed',
      requestId: 'd1e8208c-a2cb-4826-9e76-538cd9290772',
      methodClass: 'PUT',
      durationMs: 8,
      statusCode: 200
    }

      at write (src/observability/safeLogger.js:178:17)

  console.log
    [Simulations] Canonical graph committed: {"operationId":"4ff19994-388f-41c7-bddb-ca00cbb795ce","service":"fence","replayed":false}

      at log (src/routes/simulations.js:131:11)

  console.info
    {
      component: 'http',
      event: 'request_completed',
      requestId: '54cc6d51-a2ca-4cd1-818b-8e14ff223f91',
      methodClass: 'POST',
      durationMs: 28,
      statusCode: 201
    }

      at write (src/observability/safeLogger.js:178:17)

  console.info
    {
      component: 'http',
      event: 'request_completed',
      requestId: '3e99b746-930f-4947-b377-b1dac760b4c7',
      methodClass: 'GET',
      durationMs: 4,
      statusCode: 200
    }

      at write (src/observability/safeLogger.js:178:17)

  console.info
    {
      component: 'http',
      event: 'request_completed',
      requestId: 'b303ad22-1c96-4025-8940-4fe7efc2919f',
      methodClass: 'PUT',
      durationMs: 2,
      statusCode: 400
    }

      at write (src/observability/safeLogger.js:178:17)

  console.info
    {
      component: 'http',
      event: 'request_completed',
      requestId: '2cd011cc-355b-48c7-9573-d26792d778de',
      methodClass: 'PUT',
      durationMs: 5,
      statusCode: 400
    }

      at write (src/observability/safeLogger.js:178:17)

  console.info
    {
      component: 'http',
      event: 'request_completed',
      requestId: 'bae677b1-7bad-4da4-bfaf-2bebcb71caad',
      methodClass: 'PUT',
      durationMs: 2,
      statusCode: 400
    }

      at write (src/observability/safeLogger.js:178:17)

  console.info
    {
      component: 'http',
      event: 'request_completed',
      requestId: 'bcaa25fa-6bd8-4b6f-8a10-3025445e67b8',
      methodClass: 'GET',
      durationMs: 3,
      statusCode: 200
    }

      at write (src/observability/safeLogger.js:178:17)

  console.info
    {
      component: 'http',
      event: 'request_completed',
      requestId: '2c243a2d-0b37-4053-b6c4-ee8b99af6845',
      methodClass: 'PUT',
      durationMs: 8,
      statusCode: 200
    }

      at write (src/observability/safeLogger.js:178:17)

  console.info
    {
      component: 'http',
      event: 'request_completed',
      requestId: '7521e458-e4aa-4ad6-98b9-20f61e343cb5',
      methodClass: 'GET',
      durationMs: 3,
      statusCode: 200
    }

      at write (src/observability/safeLogger.js:178:17)

  console.info
    {
      component: 'http',
      event: 'request_completed',
      requestId: 'b2e9aefd-f1e7-40af-a7a8-d72427ebfc77',
      methodClass: 'GET',
      durationMs: 2,
      statusCode: 200
    }

      at write (src/observability/safeLogger.js:178:17)

  console.info
    {
      component: 'http',
      event: 'request_completed',
      requestId: '29ba55ec-2749-4b38-b1aa-fd35f99b9a88',
      methodClass: 'PUT',
      durationMs: 8,
      statusCode: 200
    }

      at write (src/observability/safeLogger.js:178:17)

  console.info
    {
      component: 'http',
      event: 'request_completed',
      requestId: '96245253-e8bc-4a83-b1b0-6961d6d5e93d',
      methodClass: 'PUT',
      durationMs: 4,
      statusCode: 409
    }

      at write (src/observability/safeLogger.js:178:17)

  console.log
    [DB] Migration applied: 001_initial_schema.sql

      at Object.log [as runMigrations] (src/db.js:1312:42)

  console.log
    [DB] Migration applied: 002_seed_data.sql

      at Object.log [as runMigrations] (src/db.js:1312:42)

  console.log
    [DB] Migration applied: 003_voice_sessions.sql

      at Object.log [as runMigrations] (src/db.js:1312:42)

  console.log
    [DB] Migration applied: 004_canonical_persistence_v2.sql

      at Object.log [as runMigrations] (src/db.js:1312:42)

  console.log
    [DB] Migration applied: 005_canonical_organization_authority.sql

      at Object.log [as runMigrations] (src/db.js:1312:42)

  console.log
    [DB] Migration applied: 006_canonical_voice_sessions.sql

      at Object.log [as runMigrations] (src/db.js:1312:42)

  console.log
    [DB] Migration applied: 007_canonical_tax_authority.sql

      at Object.log [as runMigrations] (src/db.js:1312:42)

  console.log
    [DB] Migration applied: 008_canonical_demo_authority.sql

      at Object.log [as runMigrations] (src/db.js:1312:42)

  console.log
    [DB] Migration applied: 009_canonical_voice_provider_identity.sql

      at Object.log [as runMigrations] (src/db.js:1312:42)

  console.log
    [DB] Migration applied: 010_account_session_authority.sql

      at Object.log [as runMigrations] (src/db.js:1312:42)

  console.log
    [DB] Migration applied: 011_oauth_authorization_states.sql

      at Object.log [as runMigrations] (src/db.js:1312:42)

  console.log
    [DB] Migration applied: 012_account_verification_trial.sql

      at Object.log [as runMigrations] (src/db.js:1312:42)

  console.log
    [DB] Migration applied: 015_workforce_authority.sql

      at Object.log [as runMigrations] (src/db.js:1312:42)

  console.log
    [DB] Migration applied: 016_tenant_asset_catalogue.sql

      at Object.log [as runMigrations] (src/db.js:1312:42)

  console.log
    [DB] Migration applied: 017_retell_webhook_replay_authority.sql

      at Object.log [as runMigrations] (src/db.js:1312:42)

  console.log
    [DB] Migration applied: 018_canonical_map_preferences.sql

      at Object.log [as runMigrations] (src/db.js:1312:42)

  console.log
    [DB] Migration applied: 019_account_email_outbox.sql

      at Object.log [as runMigrations] (src/db.js:1312:42)

  console.log
    [DB] Migration applied: 020_canonical_workforce_access_roles.sql

      at Object.log [as runMigrations] (src/db.js:1312:42)

  console.log
    [DB] Migration applied: 021_bounded_api_observability.sql

      at Object.log [as runMigrations] (src/db.js:1312:42)

  console.log
    [DB] Migration applied: 022_demo_command_center_sessions.sql

      at Object.log [as runMigrations] (src/db.js:1312:42)

  console.log
    [DB] Migration applied: 023_homepage_demo_admission.sql

      at Object.log [as runMigrations] (src/db.js:1312:42)

  console.log
    [DB] Migration applied: 024_homepage_verified_purge_receipt.sql

      at Object.log [as runMigrations] (src/db.js:1312:42)

  console.log
    [DB] Migration applied: 025_provider_agnostic_knowledge_registry.sql

      at Object.log [as runMigrations] (src/db.js:1312:42)

  console.log
    [DB] Migration applied: 026_canonical_knowledge_review_publication.sql

      at Object.log [as runMigrations] (src/db.js:1312:42)

  console.log
    [DB] Migration applied: 027_canonical_knowledge_audit_graph_authority.sql

      at Object.log [as runMigrations] (src/db.js:1312:42)

  console.log
    [DB] Migration applied: 028_canonical_knowledge_immutable_lifecycle.sql

      at Object.log [as runMigrations] (src/db.js:1312:42)

  console.log
    [DB] Migration applied: 029_canonical_knowledge_transactional_sync.sql

      at Object.log [as runMigrations] (src/db.js:1312:42)

  console.log
    [DB] Migration applied: 030_canonical_knowledge_sync_revocation.sql

      at Object.log [as runMigrations] (src/db.js:1312:42)

  console.log
    [DB] Migration applied: 031_canonical_knowledge_sync_recovery_lifecycle.sql

      at Object.log [as runMigrations] (src/db.js:1312:42)

  console.log
    [DB] Migration applied: 032_canonical_schedule_assignment_authority.sql

      at Object.log [as runMigrations] (src/db.js:1312:42)

  console.log
    [DB] Migration applied: 033_canonical_schedule_time_evidence.sql

      at Object.log [as runMigrations] (src/db.js:1312:42)

  console.log
    [DB] Migration applied: 034_schedule_availability_conflict_authority.sql

      at Object.log [as runMigrations] (src/db.js:1312:42)

  console.log
    [DB] Migration applied: 035_schedule_human_preview_approval.sql

      at Object.log [as runMigrations] (src/db.js:1312:42)

  console.log
    [DB] Migration applied: 001_initial_schema.sql

      at Object.log [as runMigrations] (src/db.js:1312:42)

  console.log
    [DB] Migration applied: 002_seed_data.sql

      at Object.log [as runMigrations] (src/db.js:1312:42)

  console.log
    [DB] Migration applied: 003_voice_sessions.sql

      at Object.log [as runMigrations] (src/db.js:1312:42)

  console.log
    [DB] Migration applied: 004_canonical_persistence_v2.sql

      at Object.log [as runMigrations] (src/db.js:1312:42)

  console.log
    [DB] Migration applied: 005_canonical_organization_authority.sql

      at Object.log [as runMigrations] (src/db.js:1312:42)

  console.log
    [DB] Migration applied: 006_canonical_voice_sessions.sql

      at Object.log [as runMigrations] (src/db.js:1312:42)

  console.log
    [DB] Migration applied: 007_canonical_tax_authority.sql

      at Object.log [as runMigrations] (src/db.js:1312:42)

  console.log
    [DB] Migration applied: 008_canonical_demo_authority.sql

      at Object.log [as runMigrations] (src/db.js:1312:42)

  console.log
    [DB] Migration applied: 009_canonical_voice_provider_identity.sql

      at Object.log [as runMigrations] (src/db.js:1312:42)

  console.log
    [DB] Migration applied: 010_account_session_authority.sql

      at Object.log [as runMigrations] (src/db.js:1312:42)

  console.log
    [DB] Migration applied: 011_oauth_authorization_states.sql

      at Object.log [as runMigrations] (src/db.js:1312:42)

  console.log
    [DB] Migration applied: 012_account_verification_trial.sql

      at Object.log [as runMigrations] (src/db.js:1312:42)

  console.log
    [DB] Migration applied: 015_workforce_authority.sql

      at Object.log [as runMigrations] (src/db.js:1312:42)

  console.log
    [DB] Migration applied: 016_tenant_asset_catalogue.sql

      at Object.log [as runMigrations] (src/db.js:1312:42)

  console.log
    [DB] Migration applied: 018_canonical_map_preferences.sql

      at Object.log [as runMigrations] (src/db.js:1312:42)

  console.log
    [DB] Migration applied: 019_account_email_outbox.sql

      at Object.log [as runMigrations] (src/db.js:1312:42)

  console.log
    [DB] Migration applied: 020_canonical_workforce_access_roles.sql

      at Object.log [as runMigrations] (src/db.js:1312:42)

  console.log
    [DB] Migration applied: 021_bounded_api_observability.sql

      at Object.log [as runMigrations] (src/db.js:1312:42)

  console.log
    [DB] Migration applied: 022_demo_command_center_sessions.sql

      at Object.log [as runMigrations] (src/db.js:1312:42)

  console.log
    [DB] Migration applied: 023_homepage_demo_admission.sql

      at Object.log [as runMigrations] (src/db.js:1312:42)

  console.log
    [DB] Migration applied: 024_homepage_verified_purge_receipt.sql

      at Object.log [as runMigrations] (src/db.js:1312:42)

  console.log
    [DB] Migration applied: 025_provider_agnostic_knowledge_registry.sql

      at Object.log [as runMigrations] (src/db.js:1312:42)

  console.log
    [DB] Migration applied: 026_canonical_knowledge_review_publication.sql

      at Object.log [as runMigrations] (src/db.js:1312:42)

  console.log
    [DB] Migration applied: 027_canonical_knowledge_audit_graph_authority.sql

      at Object.log [as runMigrations] (src/db.js:1312:42)

  console.log
    [DB] Migration applied: 028_canonical_knowledge_immutable_lifecycle.sql

      at Object.log [as runMigrations] (src/db.js:1312:42)

  console.log
    [DB] Migration applied: 029_canonical_knowledge_transactional_sync.sql

      at Object.log [as runMigrations] (src/db.js:1312:42)

  console.log
    [DB] Migration applied: 030_canonical_knowledge_sync_revocation.sql

      at Object.log [as runMigrations] (src/db.js:1312:42)

  console.log
    [DB] Migration applied: 031_canonical_knowledge_sync_recovery_lifecycle.sql

      at Object.log [as runMigrations] (src/db.js:1312:42)

  console.log
    [DB] Migration applied: 032_canonical_schedule_assignment_authority.sql

      at Object.log [as runMigrations] (src/db.js:1312:42)

  console.log
    [DB] Migration applied: 033_canonical_schedule_time_evidence.sql

      at Object.log [as runMigrations] (src/db.js:1312:42)

  console.log
    [DB] Migration applied: 034_schedule_availability_conflict_authority.sql

      at Object.log [as runMigrations] (src/db.js:1312:42)

  console.log
    [DB] Migration applied: 035_schedule_human_preview_approval.sql

      at Object.log [as runMigrations] (src/db.js:1312:42)

  console.log
    [DB] Migration applied: 017_retell_webhook_replay_authority.sql

      at Object.log [as runMigrations] (src/db.js:1312:42)

  console.log
    [DB] Migration applied: 001_initial_schema.sql

      at log (src/db.js:1312:42)

  console.log
    [DB] Migration applied: 002_seed_data.sql

      at log (src/db.js:1312:42)

  console.log
    [DB] Migration applied: 003_voice_sessions.sql

      at log (src/db.js:1312:42)

  console.log
    [DB] Migration applied: 004_canonical_persistence_v2.sql

      at log (src/db.js:1312:42)

  console.log
    [DB] Migration applied: 005_canonical_organization_authority.sql

      at log (src/db.js:1312:42)

  console.log
    [DB] Migration applied: 006_canonical_voice_sessions.sql

      at log (src/db.js:1312:42)

  console.log
    [DB] Migration applied: 007_canonical_tax_authority.sql

      at log (src/db.js:1312:42)

  console.log
    [DB] Migration applied: 008_canonical_demo_authority.sql

      at log (src/db.js:1312:42)

  console.log
    [DB] Migration applied: 009_canonical_voice_provider_identity.sql

      at log (src/db.js:1312:42)

  console.log
    [DB] Migration applied: 010_account_session_authority.sql

      at log (src/db.js:1312:42)

  console.log
    [DB] Migration applied: 011_oauth_authorization_states.sql

      at log (src/db.js:1312:42)

  console.log
    [DB] Migration applied: 012_account_verification_trial.sql

      at log (src/db.js:1312:42)

  console.log
    [DB] Migration applied: 015_workforce_authority.sql

      at log (src/db.js:1312:42)

  console.log
    [DB] Migration applied: 016_tenant_asset_catalogue.sql

      at log (src/db.js:1312:42)

  console.log
    [DB] Migration applied: 017_retell_webhook_replay_authority.sql

      at log (src/db.js:1312:42)

  console.log
    [DB] Migration applied: 018_canonical_map_preferences.sql

      at log (src/db.js:1312:42)

  console.log
    [DB] Migration applied: 019_account_email_outbox.sql

      at log (src/db.js:1312:42)

  console.log
    [DB] Migration applied: 020_canonical_workforce_access_roles.sql

      at log (src/db.js:1312:42)

  console.log
    [DB] Migration applied: 021_bounded_api_observability.sql

      at log (src/db.js:1312:42)

  console.log
    [DB] Migration applied: 022_demo_command_center_sessions.sql

      at log (src/db.js:1312:42)

  console.log
    [DB] Migration applied: 023_homepage_demo_admission.sql

      at log (src/db.js:1312:42)

  console.log
    [DB] Migration applied: 024_homepage_verified_purge_receipt.sql

      at log (src/db.js:1312:42)

  console.log
    [DB] Migration applied: 025_provider_agnostic_knowledge_registry.sql

      at log (src/db.js:1312:42)

  console.log
    [DB] Migration applied: 026_canonical_knowledge_review_publication.sql

      at log (src/db.js:1312:42)

  console.log
    [DB] Migration applied: 027_canonical_knowledge_audit_graph_authority.sql

      at log (src/db.js:1312:42)

  console.log
    [DB] Migration applied: 028_canonical_knowledge_immutable_lifecycle.sql

      at log (src/db.js:1312:42)

  console.log
    [DB] Migration applied: 029_canonical_knowledge_transactional_sync.sql

      at log (src/db.js:1312:42)

  console.log
    [DB] Migration applied: 030_canonical_knowledge_sync_revocation.sql

      at log (src/db.js:1312:42)

  console.log
    [DB] Migration applied: 031_canonical_knowledge_sync_recovery_lifecycle.sql

      at log (src/db.js:1312:42)

  console.log
    [DB] Migration applied: 032_canonical_schedule_assignment_authority.sql

      at log (src/db.js:1312:42)

  console.log
    [DB] Migration applied: 033_canonical_schedule_time_evidence.sql

      at log (src/db.js:1312:42)

  console.log
    [DB] Migration applied: 034_schedule_availability_conflict_authority.sql

      at log (src/db.js:1312:42)

  console.log
    [DB] Migration applied: 035_schedule_human_preview_approval.sql

      at log (src/db.js:1312:42)

  console.info
    {
      component: 'http',
      event: 'request_completed',
      requestId: 'fceae77c-8cd9-44b0-a65d-6db33bcb4c67',
      methodClass: 'GET',
      durationMs: 6,
      statusCode: 200
    }

      at write (src/observability/safeLogger.js:178:17)

  console.info
    {
      component: 'http',
      event: 'request_completed',
      requestId: 'a768c135-4a90-444b-befc-3006a71b3cb3',
      methodClass: 'GET',
      durationMs: 4,
      statusCode: 200
    }

      at write (src/observability/safeLogger.js:178:17)

  console.info
    {
      component: 'http',
      event: 'request_completed',
      requestId: 'f467aae1-6b3d-4382-9ecc-631b306d2c0f',
      methodClass: 'GET',
      durationMs: 3,
      statusCode: 200
    }

      at write (src/observability/safeLogger.js:178:17)

  console.info
    {
      component: 'http',
      event: 'request_completed',
      requestId: 'c2e1bafc-eb11-4209-8bd7-906b9c5e7e97',
      methodClass: 'GET',
      durationMs: 4,
      statusCode: 200
    }

      at write (src/observability/safeLogger.js:178:17)

  console.info
    {
      component: 'http',
      event: 'request_completed',
      requestId: '24b1f03c-947f-4c38-9ff3-5ffc4f5b217d',
      methodClass: 'GET',
      durationMs: 4,
      statusCode: 200
    }

      at write (src/observability/safeLogger.js:178:17)

  console.info
    {
      component: 'http',
      event: 'request_completed',
      requestId: '8a26c324-3354-4cb2-99ba-c3109f0d174c',
      methodClass: 'GET',
      durationMs: 3,
      statusCode: 200
    }

      at write (src/observability/safeLogger.js:178:17)

  console.info
    {
      component: 'http',
      event: 'request_completed',
      requestId: '91905923-7131-4e5b-9186-8236cf41e1e1',
      methodClass: 'PUT',
      durationMs: 8,
      statusCode: 403
    }

      at write (src/observability/safeLogger.js:178:17)

  console.info
    {
      component: 'http',
      event: 'request_completed',
      requestId: 'c800b894-6c1b-4e14-8b52-c53979ab96ee',
      methodClass: 'PUT',
      durationMs: 5,
      statusCode: 403
    }

      at write (src/observability/safeLogger.js:178:17)

  console.info
    {
      component: 'http',
      event: 'request_completed',
      requestId: '3cafb7aa-4ca0-4814-9184-ff9aca78bc1c',
      methodClass: 'PUT',
      durationMs: 9,
      statusCode: 200
    }

      at write (src/observability/safeLogger.js:178:17)

  console.info
    {
      component: 'http',
      event: 'request_completed',
      requestId: '50ab2988-d061-4ad1-88b8-44141b922b6d',
      methodClass: 'GET',
      durationMs: 3,
      statusCode: 200
    }

      at write (src/observability/safeLogger.js:178:17)

  console.info
    {
      component: 'http',
      event: 'request_completed',
      requestId: '4bcde318-d1b2-4316-8dda-f91021cb303f',
      methodClass: 'PUT',
      durationMs: 2,
      statusCode: 400
    }

      at write (src/observability/safeLogger.js:178:17)

  console.info
    {
      component: 'http',
      event: 'request_completed',
      requestId: '5fa9038d-431e-4026-a62e-6311149968f3',
      methodClass: 'PUT',
      durationMs: 3,
      statusCode: 400
    }

      at write (src/observability/safeLogger.js:178:17)

  console.info
    {
      component: 'http',
      event: 'request_completed',
      requestId: '44ac6ae1-58b8-4d57-8826-2a50ee08d051',
      methodClass: 'PUT',
      durationMs: 3,
      statusCode: 400
    }

      at write (src/observability/safeLogger.js:178:17)

  console.info
    {
      component: 'http',
      event: 'request_completed',
      requestId: 'f54ab39d-ec60-4406-8b49-eeaaf68d1531',
      methodClass: 'PUT',
      durationMs: 2,
      statusCode: 400
    }

      at write (src/observability/safeLogger.js:178:17)

  console.info
    {
      component: 'http',
      event: 'request_completed',
      requestId: '39392e1c-fa7c-493d-beb1-dbb2207d64d5',
      methodClass: 'PUT',
      durationMs: 2,
      statusCode: 400
    }

      at write (src/observability/safeLogger.js:178:17)

  console.info
    {
      component: 'http',
      event: 'request_completed',
      requestId: '2ae4bb04-d0a2-42b9-809b-3a19bf3324f4',
      methodClass: 'PUT',
      durationMs: 2,
      statusCode: 400
    }

      at write (src/observability/safeLogger.js:178:17)

  console.info
    {
      component: 'http',
      event: 'request_completed',
      requestId: 'ca900665-c1bf-4928-a957-2a43fb609cfb',
      methodClass: 'PUT',
      durationMs: 3,
      statusCode: 400
    }

      at write (src/observability/safeLogger.js:178:17)

  console.info
    {
      component: 'http',
      event: 'request_completed',
      requestId: 'd8ecf99e-a7ec-4bdc-816a-1b21e6c474a1',
      methodClass: 'PUT',
      durationMs: 3,
      statusCode: 400
    }

      at write (src/observability/safeLogger.js:178:17)

  console.info
    {
      component: 'http',
      event: 'request_completed',
      requestId: '0b0c9ba1-7f6d-40dd-a941-278896c9db9a',
      methodClass: 'PUT',
      durationMs: 4,
      statusCode: 400
    }

      at write (src/observability/safeLogger.js:178:17)

  console.info
    {
      component: 'http',
      event: 'request_completed',
      requestId: '26a337a0-3783-4416-b5c1-280c3450da80',
      methodClass: 'PUT',
      durationMs: 3,
      statusCode: 400
    }

      at write (src/observability/safeLogger.js:178:17)

  console.info
    {
      component: 'http',
      event: 'request_completed',
      requestId: '576eaf77-74de-4f29-877d-d8074152e408',
      methodClass: 'PUT',
      durationMs: 6,
      statusCode: 200
    }

      at write (src/observability/safeLogger.js:178:17)

  console.info
    {
      component: 'http',
      event: 'request_completed',
      requestId: '87b465fb-8ca0-405e-9be5-7c9207beb207',
      methodClass: 'PUT',
      durationMs: 10,
      statusCode: 200
    }

      at write (src/observability/safeLogger.js:178:17)

  console.info
    {
      component: 'http',
      event: 'request_completed',
      requestId: 'd0ca2464-740e-488f-b483-d40db31d3664',
      methodClass: 'GET',
      durationMs: 4,
      statusCode: 200
    }

      at write (src/observability/safeLogger.js:178:17)

  console.info
    {
      component: 'http',
      event: 'request_completed',
      requestId: '69b19ccc-9426-40ea-a0e2-ab7ec46ef281',
      methodClass: 'PUT',
      durationMs: 7,
      statusCode: 200
    }

      at write (src/observability/safeLogger.js:178:17)

  console.info
    {
      component: 'http',
      event: 'request_completed',
      requestId: 'e479fe5a-2b42-4813-931f-36c165b20c48',
      methodClass: 'PUT',
      durationMs: 8,
      statusCode: 200
    }

      at write (src/observability/safeLogger.js:178:17)

  console.info
    {
      component: 'http',
      event: 'request_completed',
      requestId: '3a898d8c-f262-4feb-bb42-4d0ac635f126',
      methodClass: 'PUT',
      durationMs: 4,
      statusCode: 409
    }

      at write (src/observability/safeLogger.js:178:17)

  console.info
    {
      component: 'http',
      event: 'request_completed',
      requestId: 'b2ce5e66-128d-407f-81cd-12c3fc699857',
      methodClass: 'PUT',
      durationMs: 7,
      statusCode: 200
    }

      at write (src/observability/safeLogger.js:178:17)

  console.info
    {
      component: 'http',
      event: 'request_completed',
      requestId: '494e9f4e-b941-4879-84a7-4f7a2d7da843',
      methodClass: 'PUT',
      durationMs: 8,
      statusCode: 200
    }

      at write (src/observability/safeLogger.js:178:17)

  console.info
    {
      component: 'http',
      event: 'request_completed',
      requestId: '82122e1c-7a80-460f-8e8b-b9bf8f5a4253',
      methodClass: 'GET',
      durationMs: 3,
      statusCode: 200
    }

      at write (src/observability/safeLogger.js:178:17)

  console.info
    {
      component: 'http',
      event: 'request_completed',
      requestId: '03bd1ac9-afff-43e9-a598-a4df8feef17b',
      methodClass: 'PUT',
      durationMs: 7,
      statusCode: 200
    }

      at write (src/observability/safeLogger.js:178:17)

  console.info
    {
      component: 'http',
      event: 'request_completed',
      requestId: '1586f2a6-ac1b-460b-b870-82f763421d76',
      methodClass: 'PUT',
      durationMs: 3,
      statusCode: 400
    }

      at write (src/observability/safeLogger.js:178:17)

  console.info
    {
      component: 'http',
      event: 'request_completed',
      requestId: '7f536d2c-0e49-44a8-af95-2259bbd5fd59',
      methodClass: 'PUT',
      durationMs: 8,
      statusCode: 200
    }

      at write (src/observability/safeLogger.js:178:17)

  console.info
    {
      component: 'http',
      event: 'request_completed',
      requestId: '9582eab4-4d51-44a7-8089-4571217d1911',
      methodClass: 'PUT',
      durationMs: 6,
      statusCode: 200
    }

      at write (src/observability/safeLogger.js:178:17)

  console.info
    {
      component: 'http',
      event: 'request_completed',
      requestId: 'f6eb9808-e363-480a-afeb-3da744fa3559',
      methodClass: 'PUT',
      durationMs: 8,
      statusCode: 200
    }

      at write (src/observability/safeLogger.js:178:17)

  console.info
    {
      component: 'http',
      event: 'request_completed',
      requestId: 'c88c4fcc-c83f-4d2a-bf5e-da3853a90d24',
      methodClass: 'GET',
      durationMs: 4,
      statusCode: 200
    }

      at write (src/observability/safeLogger.js:178:17)

  console.info
    {
      component: 'http',
      event: 'request_completed',
      requestId: 'a6b52f65-5df8-4ed1-be6a-ac92ae6a9a7b',
      methodClass: 'PUT',
      durationMs: 4,
      statusCode: 400
    }

      at write (src/observability/safeLogger.js:178:17)

  console.info
    {
      component: 'http',
      event: 'request_completed',
      requestId: '002c200e-9111-42f2-8706-87a63e0b7e46',
      methodClass: 'PUT',
      durationMs: 7,
      statusCode: 200
    }

      at write (src/observability/safeLogger.js:178:17)

  console.info
    {
      component: 'http',
      event: 'request_completed',
      requestId: '47f54fce-fa01-4d29-a148-be347c48152a',
      methodClass: 'GET',
      durationMs: 4,
      statusCode: 200
    }

      at write (src/observability/safeLogger.js:178:17)

  console.info
    {
      component: 'http',
      event: 'request_completed',
      requestId: '4e16b307-b6c1-4b76-b45a-d912a382ca54',
      methodClass: 'PUT',
      durationMs: 8,
      statusCode: 200
    }

      at write (src/observability/safeLogger.js:178:17)

  console.info
    {
      component: 'http',
      event: 'request_completed',
      requestId: '93acee3a-6b35-4d93-bb43-0a99e96a1e1b',
      methodClass: 'PUT',
      durationMs: 4,
      statusCode: 409
    }

      at write (src/observability/safeLogger.js:178:17)

  console.info
    {
      component: 'http',
      event: 'request_completed',
      requestId: 'd7a495bb-1aa5-4410-a9e2-c9e4780d28ed',
      methodClass: 'PUT',
      durationMs: 6,
      statusCode: 200
    }

      at write (src/observability/safeLogger.js:178:17)

  console.info
    {
      component: 'http',
      event: 'request_completed',
      requestId: '8af3ee8b-dfc6-43aa-b26a-1ea3843894f9',
      methodClass: 'PUT',
      durationMs: 6,
      statusCode: 200
    }

      at write (src/observability/safeLogger.js:178:17)

  console.info
    {
      component: 'http',
      event: 'request_completed',
      requestId: 'e0f559ae-5847-48be-b849-890043c0d915',
      methodClass: 'PUT',
      durationMs: 4,
      statusCode: 409
    }

      at write (src/observability/safeLogger.js:178:17)

  console.info
    {
      component: 'http',
      event: 'request_completed',
      requestId: '1269d44d-1c06-4c9b-9d8d-0ed68621ef0c',
      methodClass: 'PUT',
      durationMs: 7,
      statusCode: 200
    }

      at write (src/observability/safeLogger.js:178:17)

  console.info
    {
      component: 'http',
      event: 'request_completed',
      requestId: '27e53703-dcbf-4e1d-b8a9-c86a9d94b59e',
      methodClass: 'PUT',
      durationMs: 8,
      statusCode: 409
    }

      at write (src/observability/safeLogger.js:178:17)

  console.info
    {
      component: 'http',
      event: 'request_completed',
      requestId: 'd4394094-221e-4d4c-97cc-01dfa072d458',
      methodClass: 'PUT',
      durationMs: 8,
      statusCode: 200
    }

      at write (src/observability/safeLogger.js:178:17)

  console.info
    {
      component: 'http',
      event: 'request_completed',
      requestId: '7dadd3f5-d23c-4ba6-83f0-8fda7cd143f1',
      methodClass: 'PUT',
      durationMs: 8,
      statusCode: 200
    }

      at write (src/observability/safeLogger.js:178:17)

  console.info
    {
      component: 'http',
      event: 'request_completed',
      requestId: 'd2006399-d350-4ae8-9ac5-b9f892be1b4e',
      methodClass: 'PUT',
      durationMs: 8,
      statusCode: 200
    }

      at write (src/observability/safeLogger.js:178:17)

  console.info
    {
      component: 'http',
      event: 'request_completed',
      requestId: '53ee7e3a-b033-47c9-a214-89dfe4ebf0ec',
      methodClass: 'PUT',
      durationMs: 8,
      statusCode: 200
    }

      at write (src/observability/safeLogger.js:178:17)

  console.info
    {
      component: 'http',
      event: 'request_completed',
      requestId: 'd7a2b7ec-4b3e-438a-b7f9-7c85cd1273a5',
      methodClass: 'PUT',
      durationMs: 9,
      statusCode: 200
    }

      at write (src/observability/safeLogger.js:178:17)

  console.info
    {
      component: 'http',
      event: 'request_completed',
      requestId: 'bdec5bff-6dbe-4cb7-8e67-7d353bd3a828',
      methodClass: 'GET',
      durationMs: 3,
      statusCode: 200
    }

      at write (src/observability/safeLogger.js:178:17)

  console.info
    {
      component: 'http',
      event: 'request_completed',
      requestId: 'd15e2ff6-660c-4103-9e91-358c9c3509b4',
      methodClass: 'PUT',
      durationMs: 8,
      statusCode: 200
    }

      at write (src/observability/safeLogger.js:178:17)

  console.info
    {
      component: 'http',
      event: 'request_completed',
      requestId: '520ca9bd-9a23-4d32-a93c-492b50c34da0',
      methodClass: 'PUT',
      durationMs: 8,
      statusCode: 200
    }

      at write (src/observability/safeLogger.js:178:17)

  console.info
    {
      component: 'http',
      event: 'request_completed',
      requestId: '2a735d53-f808-4572-a067-e61b86ec9658',
      methodClass: 'PUT',
      durationMs: 4,
      statusCode: 409
    }

      at write (src/observability/safeLogger.js:178:17)

  console.info
    {
      component: 'http',
      event: 'request_completed',
      requestId: 'c105db7a-4f92-4d13-a107-4772375438b7',
      methodClass: 'PUT',
      durationMs: 7,
      statusCode: 200
    }

      at write (src/observability/safeLogger.js:178:17)

  console.info
    {
      component: 'http',
      event: 'request_completed',
      requestId: '1cd89316-ea1b-4d32-a50d-aebb27780c09',
      methodClass: 'PUT',
      durationMs: 4,
      statusCode: 409
    }

      at write (src/observability/safeLogger.js:178:17)

  console.info
    {
      component: 'http',
      event: 'request_completed',
      requestId: '697465a4-3733-472f-8804-9b70b7c0f38b',
      methodClass: 'PUT',
      durationMs: 7,
      statusCode: 200
    }

      at write (src/observability/safeLogger.js:178:17)

  console.info
    {
      component: 'http',
      event: 'request_completed',
      requestId: '76f2deae-4a13-41d6-9581-64667af46aa3',
      methodClass: 'PUT',
      durationMs: 9,
      statusCode: 409
    }

      at write (src/observability/safeLogger.js:178:17)

  console.info
    {
      component: 'http',
      event: 'request_completed',
      requestId: '49700d83-8e52-4fd9-9d88-2c60a25ad771',
      methodClass: 'PUT',
      durationMs: 8,
      statusCode: 200
    }

      at write (src/observability/safeLogger.js:178:17)

  console.info
    {
      component: 'http',
      event: 'request_completed',
      requestId: '20c9e17a-ff2a-4691-aac1-9514730ed2b4',
      methodClass: 'PUT',
      durationMs: 9,
      statusCode: 200
    }

      at write (src/observability/safeLogger.js:178:17)

  console.info
    {
      component: 'http',
      event: 'request_completed',
      requestId: '98d2ced6-3fe0-47cd-8795-f9a3d9bf9030',
      methodClass: 'GET',
      durationMs: 4,
      statusCode: 200
    }

      at write (src/observability/safeLogger.js:178:17)

  console.info
    {
      component: 'http',
      event: 'request_completed',
      requestId: '406d4de1-2978-408a-a9e4-0d6a446ac7b9',
      methodClass: 'PUT',
      durationMs: 6,
      statusCode: 200
    }

      at write (src/observability/safeLogger.js:178:17)

  console.info
    {
      component: 'http',
      event: 'request_completed',
      requestId: 'f49041cf-4d00-4a0e-8409-7474096bf372',
      methodClass: 'PUT',
      durationMs: 8,
      statusCode: 200
    }

      at write (src/observability/safeLogger.js:178:17)

  console.info
    {
      component: 'http',
      event: 'request_completed',
      requestId: '1d962aee-591f-4df6-bd09-4e575fa276a6',
      methodClass: 'GET',
      durationMs: 3,
      statusCode: 200
    }

      at write (src/observability/safeLogger.js:178:17)

  console.info
    {
      component: 'http',
      event: 'request_completed',
      requestId: 'e5f6f211-f97c-41b3-979f-bec0fd647356',
      methodClass: 'PUT',
      durationMs: 8,
      statusCode: 200
    }

      at write (src/observability/safeLogger.js:178:17)

  console.info
    {
      component: 'http',
      event: 'request_completed',
      requestId: 'a33e88f7-ed4b-4bba-bc93-c975d3cfc91c',
      methodClass: 'PUT',
      durationMs: 6,
      statusCode: 200
    }

      at write (src/observability/safeLogger.js:178:17)

  console.info
    {
      component: 'http',
      event: 'request_completed',
      requestId: 'b1f97bf8-57d4-456c-be38-02284800e111',
      methodClass: 'PUT',
      durationMs: 8,
      statusCode: 200
    }

      at write (src/observability/safeLogger.js:178:17)

  console.info
    {
      component: 'http',
      event: 'request_completed',
      requestId: 'b498df79-4be2-4205-97b3-6404243049eb',
      methodClass: 'PUT',
      durationMs: 12,
      statusCode: 200
    }

      at write (src/observability/safeLogger.js:178:17)

  console.info
    {
      component: 'http',
      event: 'request_completed',
      requestId: '26596068-84ff-4a07-8d20-afbd9cc9bbce',
      methodClass: 'GET',
      durationMs: 4,
      statusCode: 200
    }

      at write (src/observability/safeLogger.js:178:17)

  console.info
    {
      component: 'http',
      event: 'request_completed',
      requestId: 'e71188a3-645b-4425-9ec0-fc94fc50680b',
      methodClass: 'PUT',
      durationMs: 10,
      statusCode: 200
    }

      at write (src/observability/safeLogger.js:178:17)

  console.info
    {
      component: 'http',
      event: 'request_completed',
      requestId: '905152be-fe6f-4d85-8c06-7877e47f0991',
      methodClass: 'PUT',
      durationMs: 8,
      statusCode: 200
    }

      at write (src/observability/safeLogger.js:178:17)

  console.info
    {
      component: 'http',
      event: 'request_completed',
      requestId: 'e3e2384e-3fd2-405d-8248-53d0a9ce530a',
      methodClass: 'GET',
      durationMs: 3,
      statusCode: 200
    }

      at write (src/observability/safeLogger.js:178:17)

  console.info
    {
      component: 'http',
      event: 'request_completed',
      requestId: 'c4e0f966-d247-403b-b8e4-21b614a0e4f0',
      methodClass: 'GET',
      durationMs: 4,
      statusCode: 200
    }

      at write (src/observability/safeLogger.js:178:17)

  console.info
    {
      component: 'http',
      event: 'request_completed',
      requestId: 'ff9972cd-4406-455a-b204-1479e6b23be8',
      methodClass: 'PUT',
      durationMs: 7,
      statusCode: 200
    }

      at write (src/observability/safeLogger.js:178:17)

  console.info
    {
      component: 'http',
      event: 'request_completed',
      requestId: '87f26d70-6a98-489e-8edb-0819ae7acc80',
      methodClass: 'PUT',
      durationMs: 9,
      statusCode: 200
    }

      at write (src/observability/safeLogger.js:178:17)

  console.info
    {
      component: 'http',
      event: 'request_completed',
      requestId: '630546b2-30e3-4cd1-84c6-e8c2c8e1b8ab',
      methodClass: 'PUT',
      durationMs: 8,
      statusCode: 200
    }

      at write (src/observability/safeLogger.js:178:17)

  console.info
    {
      component: 'http',
      event: 'request_completed',
      requestId: 'a8e6ce97-8530-4b2c-9ce5-8c436cbd58ee',
      methodClass: 'GET',
      durationMs: 3,
      statusCode: 200
    }

      at write (src/observability/safeLogger.js:178:17)

  console.info
    {
      component: 'http',
      event: 'request_completed',
      requestId: 'a4b476b4-6e4b-4eef-b451-1819d7c222d4',
      methodClass: 'GET',
      durationMs: 4,
      statusCode: 200
    }

      at write (src/observability/safeLogger.js:178:17)

  console.info
    {
      component: 'http',
      event: 'request_completed',
      requestId: 'b5019d06-9fbb-421d-88f7-05283889db3b',
      methodClass: 'PUT',
      durationMs: 6,
      statusCode: 200
    }

      at write (src/observability/safeLogger.js:178:17)

  console.info
    {
      component: 'http',
      event: 'request_completed',
      requestId: '62d5e8b7-2f07-47c2-a7e6-2cd3ce0eab35',
      methodClass: 'PUT',
      durationMs: 7,
      statusCode: 200
    }

      at write (src/observability/safeLogger.js:178:17)

  console.info
    {
      component: 'http',
      event: 'request_completed',
      requestId: 'f55be26d-8025-422f-bbd4-c287021d7ea5',
      methodClass: 'GET',
      durationMs: 3,
      statusCode: 200
    }

      at write (src/observability/safeLogger.js:178:17)

  console.info
    {
      component: 'http',
      event: 'request_completed',
      requestId: 'b4a8e55d-fddb-4cc7-b7cc-f2b53551902f',
      methodClass: 'PUT',
      durationMs: 5,
      statusCode: 400
    }

      at write (src/observability/safeLogger.js:178:17)

  console.info
    {
      component: 'http',
      event: 'request_completed',
      requestId: 'ab69eb34-556b-4f3b-8c4a-f1d9b3738cf9',
      methodClass: 'PUT',
      durationMs: 8,
      statusCode: 200
    }

      at write (src/observability/safeLogger.js:178:17)

  console.info
    {
      component: 'http',
      event: 'request_completed',
      requestId: 'ef61bdcf-a333-429a-8eff-1d58c84dde1c',
      methodClass: 'GET',
      durationMs: 4,
      statusCode: 200
    }

      at write (src/observability/safeLogger.js:178:17)

  console.info
    {
      component: 'http',
      event: 'request_completed',
      requestId: '6f2e8999-cc5c-47a8-b047-5b01a021041c',
      methodClass: 'PUT',
      durationMs: 10,
      statusCode: 200
    }

      at write (src/observability/safeLogger.js:178:17)

  console.info
    {
      component: 'http',
      event: 'request_completed',
      requestId: '75435458-3591-4d58-a457-d6c34e5dfecb',
      methodClass: 'GET',
      durationMs: 4,
      statusCode: 200
    }

      at write (src/observability/safeLogger.js:178:17)

  console.info
    {
      component: 'http',
      event: 'request_completed',
      requestId: '84c852d7-5a65-4574-92fe-378b4d149de1',
      methodClass: 'PUT',
      durationMs: 18,
      statusCode: 200
    }

      at write (src/observability/safeLogger.js:178:17)

  console.info
    {
      component: 'http',
      event: 'request_completed',
      requestId: '6e2a3263-bc06-4ab5-bb78-1628c7eb503e',
      methodClass: 'GET',
      durationMs: 5,
      statusCode: 200
    }

      at write (src/observability/safeLogger.js:178:17)

  console.info
    {
      component: 'http',
      event: 'request_completed',
      requestId: 'b5d1ff77-cd7c-4e4a-ae0b-e6e2c090f17d',
      methodClass: 'PUT',
      durationMs: 20,
      statusCode: 200
    }

      at write (src/observability/safeLogger.js:178:17)

  console.info
    {
      component: 'http',
      event: 'request_completed',
      requestId: 'a7f32271-b9a7-47e2-a187-a594944af050',
      methodClass: 'PUT',
      durationMs: 17,
      statusCode: 409
    }

      at write (src/observability/safeLogger.js:178:17)

  console.info
    {
      component: 'http',
      event: 'request_completed',
      requestId: '0c9261ca-d8e9-4333-9f18-618f29eac700',
      methodClass: 'GET',
      durationMs: 3,
      statusCode: 200
    }

      at write (src/observability/safeLogger.js:178:17)

  console.info
    {
      component: 'http',
      event: 'request_completed',
      requestId: '497d1fb3-7a62-4c9d-af3a-794b4a2412ae',
      methodClass: 'PUT',
      durationMs: 12,
      statusCode: 200
    }

      at write (src/observability/safeLogger.js:178:17)

  console.info
    {
      component: 'http',
      event: 'request_completed',
      requestId: '64cb8f11-a2ff-4075-8f7e-87f9e6bacb0a',
      methodClass: 'PUT',
      durationMs: 9,
      statusCode: 200
    }

      at write (src/observability/safeLogger.js:178:17)

  console.info
    {
      component: 'http',
      event: 'request_completed',
      requestId: '70f36810-a688-4476-b921-36ede18efd89',
      methodClass: 'PUT',
      durationMs: 11,
      statusCode: 200
    }

      at write (src/observability/safeLogger.js:178:17)

  console.info
    {
      component: 'http',
      event: 'request_completed',
      requestId: 'c3076ca6-1bb5-4b74-8e33-42a418a61c1f',
      methodClass: 'GET',
      durationMs: 5,
      statusCode: 200
    }

      at write (src/observability/safeLogger.js:178:17)

  console.info
    {
      component: 'http',
      event: 'request_completed',
      requestId: 'f65b3a2e-ef68-4c1d-b9ef-cba7367f0a4f',
      methodClass: 'PUT',
      durationMs: 8,
      statusCode: 200
    }

      at write (src/observability/safeLogger.js:178:17)

  console.info
    {
      component: 'http',
      event: 'request_completed',
      requestId: '1d39e36c-0829-4652-88ee-e7d6d790ce96',
      methodClass: 'PUT',
      durationMs: 7,
      statusCode: 200
    }

      at write (src/observability/safeLogger.js:178:17)

  console.info
    {
      component: 'http',
      event: 'request_completed',
      requestId: '42cd52ad-9c64-4402-a079-03570e88ff7d',
      methodClass: 'PUT',
      durationMs: 8,
      statusCode: 200
    }

      at write (src/observability/safeLogger.js:178:17)

  console.info
    {
      component: 'http',
      event: 'request_completed',
      requestId: '6aaccdad-022c-444c-949b-04e359c846fb',
      methodClass: 'PUT',
      durationMs: 7,
      statusCode: 200
    }

      at write (src/observability/safeLogger.js:178:17)

  console.info
    {
      component: 'http',
      event: 'request_completed',
      requestId: '36669f38-5c76-439a-bc55-2391b21076e4',
      methodClass: 'GET',
      durationMs: 3,
      statusCode: 200
    }

      at write (src/observability/safeLogger.js:178:17)

  console.info
    {
      component: 'http',
      event: 'request_completed',
      requestId: 'de58a57a-a8a8-4109-844a-e7fea275ac69',
      methodClass: 'PUT',
      durationMs: 4,
      statusCode: 400
    }

      at write (src/observability/safeLogger.js:178:17)

  console.info
    {
      component: 'http',
      event: 'request_completed',
      requestId: '71a5b0d8-89a8-48c6-97a1-cf037f93581b',
      methodClass: 'PUT',
      durationMs: 6,
      statusCode: 200
    }

      at write (src/observability/safeLogger.js:178:17)

  console.info
    {
      component: 'http',
      event: 'request_completed',
      requestId: '249c3293-1b30-4a5c-9591-0ec06aabe97e',
      methodClass: 'PUT',
      durationMs: 8,
      statusCode: 200
    }

      at write (src/observability/safeLogger.js:178:17)

  console.log
    [DB] Migration applied: 001_initial_schema.sql

      at Object.log [as runMigrations] (src/db.js:1312:42)

  console.log
    [DB] Migration applied: 002_seed_data.sql

      at Object.log [as runMigrations] (src/db.js:1312:42)

  console.log
    [DB] Migration applied: 003_voice_sessions.sql

      at Object.log [as runMigrations] (src/db.js:1312:42)

  console.log
    [DB] Migration applied: 004_canonical_persistence_v2.sql

      at Object.log [as runMigrations] (src/db.js:1312:42)

  console.log
    [DB] Migration applied: 005_canonical_organization_authority.sql

      at Object.log [as runMigrations] (src/db.js:1312:42)

  console.log
    [DB] Migration applied: 006_canonical_voice_sessions.sql

      at Object.log [as runMigrations] (src/db.js:1312:42)

  console.log
    [DB] Migration applied: 007_canonical_tax_authority.sql

      at Object.log [as runMigrations] (src/db.js:1312:42)

  console.log
    [DB] Migration applied: 008_canonical_demo_authority.sql

      at Object.log [as runMigrations] (src/db.js:1312:42)

  console.log
    [DB] Migration applied: 009_canonical_voice_provider_identity.sql

      at Object.log [as runMigrations] (src/db.js:1312:42)

  console.log
    [DB] Migration applied: 010_account_session_authority.sql

      at Object.log [as runMigrations] (src/db.js:1312:42)

  console.log
    [DB] Migration applied: 011_oauth_authorization_states.sql

      at Object.log [as runMigrations] (src/db.js:1312:42)

  console.log
    [DB] Migration applied: 012_account_verification_trial.sql

      at Object.log [as runMigrations] (src/db.js:1312:42)

  console.log
    [DB] Migration applied: 015_workforce_authority.sql

      at Object.log [as runMigrations] (src/db.js:1312:42)

  console.log
    [DB] Migration applied: 016_tenant_asset_catalogue.sql

      at Object.log [as runMigrations] (src/db.js:1312:42)

  console.log
    [DB] Migration applied: 017_retell_webhook_replay_authority.sql

      at Object.log [as runMigrations] (src/db.js:1312:42)

  console.log
    [DB] Migration applied: 018_canonical_map_preferences.sql

      at Object.log [as runMigrations] (src/db.js:1312:42)

  console.log
    [DB] Migration applied: 019_account_email_outbox.sql

      at Object.log [as runMigrations] (src/db.js:1312:42)

  console.log
    [DB] Migration applied: 020_canonical_workforce_access_roles.sql

      at Object.log [as runMigrations] (src/db.js:1312:42)

  console.log
    [DB] Migration applied: 021_bounded_api_observability.sql

      at Object.log [as runMigrations] (src/db.js:1312:42)

  console.log
    [DB] Migration applied: 022_demo_command_center_sessions.sql

      at Object.log [as runMigrations] (src/db.js:1312:42)

  console.log
    [DB] Migration applied: 023_homepage_demo_admission.sql

      at Object.log [as runMigrations] (src/db.js:1312:42)

  console.log
    [DB] Migration applied: 024_homepage_verified_purge_receipt.sql

      at Object.log [as runMigrations] (src/db.js:1312:42)

  console.log
    [DB] Migration applied: 025_provider_agnostic_knowledge_registry.sql

      at Object.log [as runMigrations] (src/db.js:1312:42)

  console.log
    [DB] Migration applied: 026_canonical_knowledge_review_publication.sql

      at Object.log [as runMigrations] (src/db.js:1312:42)

  console.log
    [DB] Migration applied: 027_canonical_knowledge_audit_graph_authority.sql

      at Object.log [as runMigrations] (src/db.js:1312:42)

  console.log
    [DB] Migration applied: 028_canonical_knowledge_immutable_lifecycle.sql

      at Object.log [as runMigrations] (src/db.js:1312:42)

  console.log
    [DB] Migration applied: 029_canonical_knowledge_transactional_sync.sql

      at Object.log [as runMigrations] (src/db.js:1312:42)

  console.log
    [DB] Migration applied: 030_canonical_knowledge_sync_revocation.sql

      at Object.log [as runMigrations] (src/db.js:1312:42)

  console.log
    [DB] Migration applied: 031_canonical_knowledge_sync_recovery_lifecycle.sql

      at Object.log [as runMigrations] (src/db.js:1312:42)

  console.log
    [DB] Migration applied: 032_canonical_schedule_assignment_authority.sql

      at Object.log [as runMigrations] (src/db.js:1312:42)

  console.log
    [DB] Migration applied: 033_canonical_schedule_time_evidence.sql

      at Object.log [as runMigrations] (src/db.js:1312:42)

  console.log
    [DB] Migration applied: 034_schedule_availability_conflict_authority.sql

      at Object.log [as runMigrations] (src/db.js:1312:42)

  console.log
    [DB] Migration applied: 035_schedule_human_preview_approval.sql

      at Object.log [as runMigrations] (src/db.js:1312:42)

  console.info
    {
      component: 'http',
      event: 'request_completed',
      requestId: 'faa56bbb-cb78-49a2-8d6a-8c317e30c351',
      methodClass: 'GET',
      durationMs: 19,
      statusCode: 200
    }

      at write (src/observability/safeLogger.js:178:17)

  console.info
    {
      component: 'http',
      event: 'request_completed',
      requestId: '1145a0ae-c855-495a-bc59-354a9e9f9619',
      methodClass: 'GET',
      durationMs: 13,
      statusCode: 200
    }

      at write (src/observability/safeLogger.js:178:17)

  console.info
    {
      component: 'http',
      event: 'request_completed',
      requestId: '476d7be6-e2f8-4bfd-bb97-a82c4be3576e',
      methodClass: 'GET',
      durationMs: 11,
      statusCode: 200
    }

      at write (src/observability/safeLogger.js:178:17)

  console.info
    {
      component: 'http',
      event: 'request_completed',
      requestId: '6559375b-7d21-44dd-8982-6e5548c7aa4b',
      methodClass: 'GET',
      durationMs: 11,
      statusCode: 200
    }

      at write (src/observability/safeLogger.js:178:17)

  console.info
    {
      component: 'http',
      event: 'request_completed',
      requestId: 'a8d4fd3b-c772-491d-bbac-a6a263f4b1b2',
      methodClass: 'GET',
      durationMs: 3,
      statusCode: 403
    }

      at write (src/observability/safeLogger.js:178:17)

  console.info
    {
      component: 'http',
      event: 'request_completed',
      requestId: '106e9b9f-259d-47ca-88c5-410ba01cf66b',
      methodClass: 'GET',
      durationMs: 32,
      statusCode: 401
    }

      at write (src/observability/safeLogger.js:178:17)

  console.info
    {
      component: 'http',
      event: 'request_completed',
      requestId: 'd6b1ed35-d246-4a92-855f-5c06e021aa81',
      methodClass: 'GET',
      durationMs: 0,
      statusCode: 401
    }

      at write (src/observability/safeLogger.js:178:17)

  console.info
    {
      component: 'http',
      event: 'request_completed',
      requestId: 'dfb36ff7-f7fa-4587-a231-59d124fabb63',
      methodClass: 'GET',
      durationMs: 5,
      statusCode: 404
    }

      at write (src/observability/safeLogger.js:178:17)

  console.info
    {
      component: 'http',
      event: 'request_completed',
      requestId: '6a7a285f-c6dc-4da3-bfb5-89b07ac7b98f',
      methodClass: 'GET',
      durationMs: 10,
      statusCode: 200
    }

      at write (src/observability/safeLogger.js:178:17)

  console.info
    {
      component: 'http',
      event: 'request_completed',
      requestId: 'fe9f26a5-e80c-45c7-8e5d-8d9e297a6027',
      methodClass: 'POST',
      durationMs: 3,
      statusCode: 403
    }

      at write (src/observability/safeLogger.js:178:17)

  console.info
    {
      component: 'http',
      event: 'request_completed',
      requestId: 'c6739120-5c5f-4970-b020-773a286e1cd4',
      methodClass: 'POST',
      durationMs: 3,
      statusCode: 403
    }

      at write (src/observability/safeLogger.js:178:17)

  console.info
    {
      component: 'http',
      event: 'request_completed',
      requestId: 'a170dbdd-6c14-4f7e-aa72-a9d3e55866c5',
      methodClass: 'POST',
      durationMs: 3,
      statusCode: 400
    }

      at write (src/observability/safeLogger.js:178:17)

  console.info
    {
      component: 'http',
      event: 'request_completed',
      requestId: 'f129ecaf-e8f6-49ce-a58c-0b877ac1a275',
      methodClass: 'GET',
      durationMs: 11,
      statusCode: 200
    }

      at write (src/observability/safeLogger.js:178:17)

  console.info
    {
      component: 'http',
      event: 'request_completed',
      requestId: 'f9351137-9b89-4cd9-9e69-2d20926cbc72',
      methodClass: 'POST',
      durationMs: 28,
      statusCode: 201
    }

      at write (src/observability/safeLogger.js:178:17)

  console.info
    {
      component: 'http',
      event: 'request_completed',
      requestId: 'c897ca52-2cb6-40e8-85ea-ed948832fff5',
      methodClass: 'POST',
      durationMs: 21,
      statusCode: 201
    }

      at write (src/observability/safeLogger.js:178:17)

  console.info
    {
      component: 'http',
      event: 'request_completed',
      requestId: '8df3ddd9-ba05-43a3-94f5-725c7b0447f9',
      methodClass: 'POST',
      durationMs: 4,
      statusCode: 409
    }

      at write (src/observability/safeLogger.js:178:17)

  console.info
    {
      component: 'http',
      event: 'request_completed',
      requestId: '842703e6-a60c-417b-bda8-def57ebce4f0',
      methodClass: 'POST',
      durationMs: 19,
      statusCode: 201
    }

      at write (src/observability/safeLogger.js:178:17)

  console.info
    {
      component: 'http',
      event: 'request_completed',
      requestId: '1d545d80-3e4b-44e9-86be-4091415184c6',
      methodClass: 'POST',
      durationMs: 13,
      statusCode: 201
    }

      at write (src/observability/safeLogger.js:178:17)

  console.info
    {
      component: 'http',
      event: 'request_completed',
      requestId: '560a665b-1ca3-46b0-b5d6-263398f11f49',
      methodClass: 'POST',
      durationMs: 14,
      statusCode: 201
    }

      at write (src/observability/safeLogger.js:178:17)

  console.info
    {
      component: 'http',
      event: 'request_completed',
      requestId: '4e3a5f69-456d-4f92-b39a-4ffa1a213824',
      methodClass: 'POST',
      durationMs: 30,
      statusCode: 201
    }

      at write (src/observability/safeLogger.js:178:17)

  console.info
    {
      component: 'http',
      event: 'request_completed',
      requestId: '56a720b4-15c9-4374-972e-8712ff4f7121',
      methodClass: 'POST',
      durationMs: 21,
      statusCode: 201
    }

      at write (src/observability/safeLogger.js:178:17)

  console.info
    {
      component: 'http',
      event: 'request_completed',
      requestId: '8b119be4-cda1-4cf3-b687-c23824fadb8c',
      methodClass: 'POST',
      durationMs: 17,
      statusCode: 201
    }

      at write (src/observability/safeLogger.js:178:17)

  console.info
    {
      component: 'http',
      event: 'request_completed',
      requestId: '7e09e0db-6930-4ec9-b7e7-662788cec3d1',
      methodClass: 'POST',
      durationMs: 28,
      statusCode: 201
    }

      at write (src/observability/safeLogger.js:178:17)

  console.info
    {
      component: 'http',
      event: 'request_completed',
      requestId: 'd23a0b64-2d9d-4c85-afb1-86e84779c797',
      methodClass: 'POST',
      durationMs: 31,
      statusCode: 201
    }

      at write (src/observability/safeLogger.js:178:17)

  console.info
    {
      component: 'http',
      event: 'request_completed',
      requestId: '91a3dc6c-9a28-43f1-aa0c-efeeb34a8d12',
      methodClass: 'POST',
      durationMs: 22,
      statusCode: 201
    }

      at write (src/observability/safeLogger.js:178:17)

  console.info
    {
      component: 'http',
      event: 'request_completed',
      requestId: 'ce7ab1a1-30c6-4713-98ea-f43d38047c4d',
      methodClass: 'POST',
      durationMs: 17,
      statusCode: 201
    }

      at write (src/observability/safeLogger.js:178:17)

  console.info
    {
      component: 'http',
      event: 'request_completed',
      requestId: '06c15e75-fba1-41c2-8784-a2a4d68bf1ae',
      methodClass: 'POST',
      durationMs: 23,
      statusCode: 201
    }

      at write (src/observability/safeLogger.js:178:17)

  console.info
    {
      component: 'http',
      event: 'request_completed',
      requestId: '24052be2-389c-4962-ae55-cd0598cdd799',
      methodClass: 'GET',
      durationMs: 8,
      statusCode: 200
    }

      at write (src/observability/safeLogger.js:178:17)

  console.info
    {
      component: 'http',
      event: 'request_completed',
      requestId: 'ee89d0f6-b351-4d37-bc27-dcaf268991ec',
      methodClass: 'GET',
      durationMs: 7,
      statusCode: 200
    }

      at write (src/observability/safeLogger.js:178:17)

  console.info
    {
      component: 'http',
      event: 'request_completed',
      requestId: '06d49f34-547c-47d7-85eb-10085919cd34',
      methodClass: 'POST',
      durationMs: 19,
      statusCode: 201
    }

      at write (src/observability/safeLogger.js:178:17)

  console.info
    {
      component: 'http',
      event: 'request_completed',
      requestId: '0202692b-4292-48dd-82af-d6e726776943',
      methodClass: 'POST',
      durationMs: 6,
      statusCode: 201
    }

      at write (src/observability/safeLogger.js:178:17)

  console.info
    {
      component: 'http',
      event: 'request_completed',
      requestId: 'dcc62847-c6ae-49eb-80c8-34b3825d578c',
      methodClass: 'POST',
      durationMs: 22,
      statusCode: 201
    }

      at write (src/observability/safeLogger.js:178:17)

  console.log
    [DB] Migration applied: 001_initial_schema.sql

      at log (src/db.js:1312:42)

  console.log
    [DB] Migration applied: 002_seed_data.sql

      at log (src/db.js:1312:42)

  console.log
    [DB] Migration applied: 003_voice_sessions.sql

      at log (src/db.js:1312:42)

  console.log
    [DB] Migration applied: 004_canonical_persistence_v2.sql

      at log (src/db.js:1312:42)

  console.log
    [DB] Migration applied: 005_canonical_organization_authority.sql

      at log (src/db.js:1312:42)

  console.log
    [DB] Migration applied: 006_canonical_voice_sessions.sql

      at log (src/db.js:1312:42)

  console.log
    [DB] Migration applied: 007_canonical_tax_authority.sql

      at log (src/db.js:1312:42)

  console.log
    [DB] Migration applied: 008_canonical_demo_authority.sql

      at log (src/db.js:1312:42)

  console.log
    [DB] Migration applied: 009_canonical_voice_provider_identity.sql

      at log (src/db.js:1312:42)

  console.log
    [DB] Migration applied: 010_account_session_authority.sql

      at log (src/db.js:1312:42)

  console.log
    [DB] Migration applied: 011_oauth_authorization_states.sql

      at log (src/db.js:1312:42)

  console.log
    [DB] Migration applied: 012_account_verification_trial.sql

      at log (src/db.js:1312:42)

  console.log
    [DB] Migration applied: 015_workforce_authority.sql

      at log (src/db.js:1312:42)

  console.log
    [DB] Migration applied: 016_tenant_asset_catalogue.sql

      at log (src/db.js:1312:42)

  console.log
    [DB] Migration applied: 017_retell_webhook_replay_authority.sql

      at log (src/db.js:1312:42)

  console.log
    [DB] Migration applied: 018_canonical_map_preferences.sql

      at log (src/db.js:1312:42)

  console.log
    [DB] Migration applied: 019_account_email_outbox.sql

      at log (src/db.js:1312:42)

  console.log
    [DB] Migration applied: 020_canonical_workforce_access_roles.sql

      at log (src/db.js:1312:42)

  console.log
    [DB] Migration applied: 021_bounded_api_observability.sql

      at log (src/db.js:1312:42)

  console.log
    [DB] Migration applied: 022_demo_command_center_sessions.sql

      at log (src/db.js:1312:42)

  console.log
    [DB] Migration applied: 023_homepage_demo_admission.sql

      at log (src/db.js:1312:42)

  console.log
    [DB] Migration applied: 024_homepage_verified_purge_receipt.sql

      at log (src/db.js:1312:42)

  console.log
    [DB] Migration applied: 025_provider_agnostic_knowledge_registry.sql

      at log (src/db.js:1312:42)

  console.log
    [DB] Migration applied: 026_canonical_knowledge_review_publication.sql

      at log (src/db.js:1312:42)

  console.log
    [DB] Migration applied: 027_canonical_knowledge_audit_graph_authority.sql

      at log (src/db.js:1312:42)

  console.log
    [DB] Migration applied: 028_canonical_knowledge_immutable_lifecycle.sql

      at log (src/db.js:1312:42)

  console.log
    [DB] Migration applied: 029_canonical_knowledge_transactional_sync.sql

      at log (src/db.js:1312:42)

  console.log
    [DB] Migration applied: 030_canonical_knowledge_sync_revocation.sql

      at log (src/db.js:1312:42)

  console.log
    [DB] Migration applied: 031_canonical_knowledge_sync_recovery_lifecycle.sql

      at log (src/db.js:1312:42)

  console.log
    [DB] Migration applied: 032_canonical_schedule_assignment_authority.sql

      at log (src/db.js:1312:42)

  console.log
    [DB] Migration applied: 033_canonical_schedule_time_evidence.sql

      at log (src/db.js:1312:42)

  console.log
    [DB] Migration applied: 034_schedule_availability_conflict_authority.sql

      at log (src/db.js:1312:42)

  console.log
    [DB] Migration applied: 035_schedule_human_preview_approval.sql

      at log (src/db.js:1312:42)

  console.info
    {
      component: 'http',
      event: 'request_completed',
      requestId: '1359c5d9-b732-452d-967f-c313a941a8d4',
      methodClass: 'POST',
      durationMs: 27,
      statusCode: 201
    }

      at write (src/observability/safeLogger.js:178:17)

  console.info
    {
      component: 'http',
      event: 'request_completed',
      requestId: '3463d74b-889c-4435-8044-9b238de674e2',
      methodClass: 'POST',
      durationMs: 50,
      statusCode: 201
    }

      at write (src/observability/safeLogger.js:178:17)

  console.info
    {
      component: 'http',
      event: 'request_completed',
      requestId: '7d0cfb11-ad18-42c4-80c2-00f090b22c63',
      methodClass: 'POST',
      durationMs: 10,
      statusCode: 201
    }

      at write (src/observability/safeLogger.js:178:17)

  console.info
    {
      component: 'http',
      event: 'request_completed',
      requestId: '0b59e1fe-22fd-4aff-ad38-c4e18a8b44b8',
      methodClass: 'POST',
      durationMs: 3,
      statusCode: 403
    }

      at write (src/observability/safeLogger.js:178:17)

  console.info
    {
      component: 'http',
      event: 'request_completed',
      requestId: '9627f92b-ae57-4b3e-8689-b948580a7ceb',
      methodClass: 'POST',
      durationMs: 2,
      statusCode: 403
    }

      at write (src/observability/safeLogger.js:178:17)

  console.info
    {
      component: 'http',
      event: 'request_completed',
      requestId: 'aefb6f55-89d0-4d49-b8ea-d339c66b5d90',
      methodClass: 'POST',
      durationMs: 0,
      statusCode: 401
    }

      at write (src/observability/safeLogger.js:178:17)

  console.info
    {
      component: 'http',
      event: 'request_completed',
      requestId: '8180f624-0704-472b-aca7-927d37d43d82',
      methodClass: 'POST',
      durationMs: 0,
      statusCode: 401
    }

      at write (src/observability/safeLogger.js:178:17)

  console.warn
    [Auth] Session lookup warning: {
      requestId: '3ef35385-e24e-4dcb-a06a-54a14268e0a3',
      event: 'authorization_persistence_unavailable'
    }

      112 |     return true;
      113 |   } catch (_error) {
    > 114 |     console.warn('[Auth] Session lookup warning:', {
          |             ^
      115 |       requestId: requestId(req),
      116 |       event: 'authorization_persistence_unavailable',
      117 |     });

      at warn (src/auth/middleware.js:114:13)
      at requireSession (src/auth/middleware.js:130:22)

  console.info
    {
      component: 'http',
      event: 'request_completed',
      requestId: '3ef35385-e24e-4dcb-a06a-54a14268e0a3',
      methodClass: 'POST',
      durationMs: 3,
      statusCode: 503
    }

      at write (src/observability/safeLogger.js:178:17)

  console.log
    [Simulations] Canonical graph committed: {"operationId":"c3abbe54-2ab4-4a3b-9d0a-90525262bc17","service":"fence","replayed":false}

      at log (src/routes/simulations.js:131:11)

  console.info
    {
      component: 'http',
      event: 'request_completed',
      requestId: '06d4e666-1aac-44d3-b2ed-5c62a01db0c4',
      methodClass: 'POST',
      durationMs: 20,
      statusCode: 201
    }

      at write (src/observability/safeLogger.js:178:17)

  console.log
    [Simulations] Canonical graph committed: {"operationId":"1e2299c2-52c3-4aa6-8412-69258009de81","service":"fence","replayed":false}

      at log (src/routes/simulations.js:131:11)

  console.info
    {
      component: 'http',
      event: 'request_completed',
      requestId: '79cb6057-6e7e-4f6d-8feb-cab8e1c5ef00',
      methodClass: 'POST',
      durationMs: 17,
      statusCode: 201
    }

      at write (src/observability/safeLogger.js:178:17)

  console.info
    {
      component: 'http',
      event: 'request_completed',
      requestId: '109f10df-602c-4d8f-8d42-7d9df81f3a3c',
      methodClass: 'POST',
      durationMs: 3,
      statusCode: 403
    }

      at write (src/observability/safeLogger.js:178:17)

  console.info
    {
      component: 'http',
      event: 'request_completed',
      requestId: '53078c83-2836-4623-86e0-8cb49db2644f',
      methodClass: 'PATCH',
      durationMs: 2,
      statusCode: 403
    }

      at write (src/observability/safeLogger.js:178:17)

  console.info
    {
      component: 'http',
      event: 'request_completed',
      requestId: 'a8064f34-4e3a-4610-a9ce-ad43b16afc40',
      methodClass: 'PATCH',
      durationMs: 2,
      statusCode: 428
    }

      at write (src/observability/safeLogger.js:178:17)

  console.info
    {
      component: 'http',
      event: 'request_completed',
      requestId: 'd69a4119-3a60-4278-b4b1-40a54879cc64',
      methodClass: 'PATCH',
      durationMs: 2,
      statusCode: 428
    }

      at write (src/observability/safeLogger.js:178:17)

  console.info
    {
      component: 'http',
      event: 'request_completed',
      requestId: '9ba90510-22d0-4f6a-a34f-705de745ae8e',
      methodClass: 'PATCH',
      durationMs: 2,
      statusCode: 428
    }

      at write (src/observability/safeLogger.js:178:17)

  console.info
    {
      component: 'http',
      event: 'request_completed',
      requestId: '267d2729-cf04-4c55-b1b6-0da41e395a3d',
      methodClass: 'PATCH',
      durationMs: 2,
      statusCode: 428
    }

      at write (src/observability/safeLogger.js:178:17)

  console.info
    {
      component: 'http',
      event: 'request_completed',
      requestId: 'cb4b8fc3-d1c1-41b9-8925-e1cf97a8bd3e',
      methodClass: 'PATCH',
      durationMs: 2,
      statusCode: 428
    }

      at write (src/observability/safeLogger.js:178:17)

  console.info
    {
      component: 'http',
      event: 'request_completed',
      requestId: '20bb8b00-fa23-4f20-a5f2-10cdb457cc76',
      methodClass: 'PATCH',
      durationMs: 3,
      statusCode: 428
    }

      at write (src/observability/safeLogger.js:178:17)

  console.info
    {
      component: 'http',
      event: 'request_completed',
      requestId: 'ad40e7c7-405c-4d6e-8eaf-03976a76b669',
      methodClass: 'PATCH',
      durationMs: 2,
      statusCode: 428
    }

      at write (src/observability/safeLogger.js:178:17)

  console.info
    {
      component: 'http',
      event: 'request_completed',
      requestId: 'de9db9f3-b50e-4162-bb54-b0dd98848abb',
      methodClass: 'PATCH',
      durationMs: 2,
      statusCode: 428
    }

      at write (src/observability/safeLogger.js:178:17)

  console.info
    {
      component: 'http',
      event: 'request_completed',
      requestId: '6d173698-31be-4ebd-9c64-c73078309aa3',
      methodClass: 'PATCH',
      durationMs: 3,
      statusCode: 428
    }

      at write (src/observability/safeLogger.js:178:17)

  console.info
    { component: 'voice', event: 'webhook_event_received', routed: true }

      at write (src/observability/safeLogger.js:178:17)

  console.info
    {
      component: 'voice',
      event: 'webhook_event_completed',
      durationMs: 18
    }

      at write (src/observability/safeLogger.js:178:17)

  console.info
    {
      component: 'http',
      event: 'request_completed',
      requestId: 'd004956e-1b8c-4383-8c89-517b20254272',
      methodClass: 'POST',
      durationMs: 19,
      statusCode: 201
    }

      at write (src/observability/safeLogger.js:178:17)

  console.info
    { component: 'voice', event: 'webhook_event_received', routed: true }

      at write (src/observability/safeLogger.js:178:17)

  console.info
    { component: 'voice', event: 'webhook_event_completed', durationMs: 6 }

      at write (src/observability/safeLogger.js:178:17)

  console.info
    {
      component: 'http',
      event: 'request_completed',
      requestId: 'd7a48aee-9e36-46b0-b6c5-a83512d4ea9c',
      methodClass: 'POST',
      durationMs: 7,
      statusCode: 201
    }

      at write (src/observability/safeLogger.js:178:17)

  console.info
    { component: 'voice', event: 'webhook_event_received', routed: true }

      at write (src/observability/safeLogger.js:178:17)

  console.info
    {
      component: 'http',
      event: 'request_completed',
      requestId: 'ad13d022-cb03-4430-85a2-62114631fe13',
      methodClass: 'POST',
      durationMs: 3,
      statusCode: 404
    }

      at write (src/observability/safeLogger.js:178:17)

  console.info
    { component: 'voice', event: 'webhook_event_received', routed: true }

      at write (src/observability/safeLogger.js:178:17)

  console.info
    {
      component: 'voice',
      event: 'webhook_event_completed',
      durationMs: 15
    }

      at write (src/observability/safeLogger.js:178:17)

  console.info
    {
      component: 'http',
      event: 'request_completed',
      requestId: '9496a605-5e81-4beb-aaca-4c0b0abd276c',
      methodClass: 'POST',
      durationMs: 16,
      statusCode: 201
    }

      at write (src/observability/safeLogger.js:178:17)

  console.info
    {
      component: 'http',
      event: 'request_completed',
      requestId: 'f466627a-0067-44c9-9d15-5de52f070219',
      methodClass: 'POST',
      durationMs: 3,
      statusCode: 422
    }

      at write (src/observability/safeLogger.js:178:17)

  console.info
    {
      component: 'http',
      event: 'request_completed',
      requestId: 'b70683fd-0339-4db2-a5a6-0b5aa2bb91f5',
      methodClass: 'POST',
      durationMs: 2,
      statusCode: 422
    }

      at write (src/observability/safeLogger.js:178:17)

  console.info
    {
      component: 'http',
      event: 'request_completed',
      requestId: 'a926cd8f-b1c3-4076-aa71-2edf8b52c42b',
      methodClass: 'POST',
      durationMs: 2,
      statusCode: 422
    }

      at write (src/observability/safeLogger.js:178:17)

  console.info
    {
      component: 'http',
      event: 'request_completed',
      requestId: 'f468b3c6-f213-4acf-a48d-a523f6eade83',
      methodClass: 'POST',
      durationMs: 2,
      statusCode: 422
    }

      at write (src/observability/safeLogger.js:178:17)

  console.log
    [Simulations] Canonical graph committed: {"operationId":"32b3cab2-57c8-455d-8b1b-c79dfcb3ef38","service":"fence","replayed":false}

      at log (src/routes/simulations.js:131:11)

  console.info
    {
      component: 'http',
      event: 'request_completed',
      requestId: '9f477bfd-fa88-4547-b0fa-4ca226c40148',
      methodClass: 'POST',
      durationMs: 14,
      statusCode: 201
    }

      at write (src/observability/safeLogger.js:178:17)

  console.log
    [Simulations] Canonical graph committed: {"operationId":"e6af0495-586e-4346-9409-c67dcb3de8e6","service":"plumbing","replayed":false}

      at log (src/routes/simulations.js:131:11)

  console.info
    {
      component: 'http',
      event: 'request_completed',
      requestId: 'e592947a-469d-477a-8a3b-234b0300d138',
      methodClass: 'POST',
      durationMs: 12,
      statusCode: 201
    }

      at write (src/observability/safeLogger.js:178:17)

  console.info
    {
      component: 'retell',
      event: 'create_call_prepared',
      variableCount: 20
    }

      at write (src/observability/safeLogger.js:178:17)

  console.info
    {
      component: 'retell',
      event: 'request_started',
      methodClass: 'POST',
      attempt: 1
    }

      at write (src/observability/safeLogger.js:178:17)

  console.info
    {
      component: 'retell',
      event: 'response_received',
      attempt: 1,
      statusCode: 200
    }

      at write (src/observability/safeLogger.js:178:17)

  console.info
    {
      component: 'retell',
      event: 'create_call_succeeded',
      attempt: 1,
      maxAttempts: 3
    }

      at write (src/observability/safeLogger.js:178:17)

  console.info
    {
      component: 'http',
      event: 'request_completed',
      requestId: 'd3c45d32-647a-463e-bf46-6d9fc874bf33',
      methodClass: 'POST',
      durationMs: 16,
      statusCode: 200
    }

      at write (src/observability/safeLogger.js:178:17)

  console.info
    {
      component: 'retell',
      event: 'create_call_prepared',
      variableCount: 20
    }

      at write (src/observability/safeLogger.js:178:17)

  console.info
    {
      component: 'retell',
      event: 'request_started',
      methodClass: 'POST',
      attempt: 1
    }

      at write (src/observability/safeLogger.js:178:17)

  console.info
    {
      component: 'retell',
      event: 'response_received',
      attempt: 1,
      statusCode: 200
    }

      at write (src/observability/safeLogger.js:178:17)

  console.info
    {
      component: 'retell',
      event: 'create_call_succeeded',
      attempt: 1,
      maxAttempts: 3
    }

      at write (src/observability/safeLogger.js:178:17)

  console.info
    {
      component: 'http',
      event: 'request_completed',
      requestId: '8d8754a7-8f41-4f48-8411-9b89a3b82047',
      methodClass: 'POST',
      durationMs: 12,
      statusCode: 200
    }

      at write (src/observability/safeLogger.js:178:17)

  console.info
    {
      component: 'http',
      event: 'request_completed',
      requestId: 'b964929e-47b8-4b4c-b12c-01ad0a96ab5f',
      methodClass: 'POST',
      durationMs: 2,
      statusCode: 403
    }

      at write (src/observability/safeLogger.js:178:17)

  console.error
    {
      component: 'retell',
      event: 'create_call_failed',
      requestId: '0456e890-b319-4f23-98f5-501eff4b1ddf',
      statusCode: 502
    }

      176 |     ...safeFields(fields),
      177 |   };
    > 178 |   console[level](record);
          |                 ^
      179 |   return record;
      180 | }
      181 |

      at write (src/observability/safeLogger.js:178:17)
      at Object.write (src/observability/safeLogger.js:191:10)
      at error (src/routes/api.js:417:16)

  console.info
    {
      component: 'http',
      event: 'request_completed',
      requestId: '0456e890-b319-4f23-98f5-501eff4b1ddf',
      methodClass: 'POST',
      durationMs: 8,
      statusCode: 502
    }

      at write (src/observability/safeLogger.js:178:17)

  console.info
    {
      component: 'http',
      event: 'request_completed',
      requestId: '37e26b0d-253d-4af8-b45f-1558c9f258c3',
      methodClass: 'POST',
      durationMs: 0,
      statusCode: 410
    }

      at write (src/observability/safeLogger.js:178:17)

  console.info
    {
      component: 'http',
      event: 'request_completed',
      requestId: 'b850a165-7993-4a8e-b365-22218e1d18ff',
      methodClass: 'POST',
      durationMs: 0,
      statusCode: 410
    }

      at write (src/observability/safeLogger.js:178:17)

  console.info
    {
      component: 'http',
      event: 'request_completed',
      requestId: '87e3b301-14d5-4f8a-8d51-c8a9f61da691',
      methodClass: 'POST',
      durationMs: 0,
      statusCode: 410
    }

      at write (src/observability/safeLogger.js:178:17)

  console.info
    {
      component: 'http',
      event: 'request_completed',
      requestId: '70f2c4c6-ae3c-4dd1-ad18-2a190823888e',
      methodClass: 'GET',
      durationMs: 2,
      statusCode: 404
    }

      at write (src/observability/safeLogger.js:178:17)

  console.info
    {
      component: 'http',
      event: 'request_completed',
      requestId: '9cc5859f-5ac3-42a9-a393-1475f0a3e1f5',
      methodClass: 'GET',
      durationMs: 1,
      statusCode: 404
    }

      at write (src/observability/safeLogger.js:178:17)

  console.info
    {
      component: 'http',
      event: 'request_completed',
      requestId: 'b53a0c4b-a64d-42c4-b555-c7fa648c21ad',
      methodClass: 'GET',
      durationMs: 2,
      statusCode: 404
    }

      at write (src/observability/safeLogger.js:178:17)

  console.info
    {
      component: 'http',
      event: 'request_completed',
      requestId: 'a5119267-1ae1-47ce-907d-6ee87b15a524',
      methodClass: 'GET',
      durationMs: 0,
      statusCode: 404
    }

      at write (src/observability/safeLogger.js:178:17)

  console.info
    {
      component: 'http',
      event: 'request_completed',
      requestId: 'd4de82d4-337a-48a7-a641-c25c317d7922',
      methodClass: 'GET',
      durationMs: 3,
      statusCode: 200
    }

      at write (src/observability/safeLogger.js:178:17)

  console.info
    {
      component: 'http',
      event: 'request_completed',
      requestId: '94c8466f-b61e-437a-a32a-095882330f61',
      methodClass: 'GET',
      durationMs: 3,
      statusCode: 200
    }

      at write (src/observability/safeLogger.js:178:17)

  console.info
    {
      component: 'http',
      event: 'request_completed',
      requestId: '3a31f47f-3fbb-4710-b9b7-abc339ec1983',
      methodClass: 'GET',
      durationMs: 3,
      statusCode: 200
    }

      at write (src/observability/safeLogger.js:178:17)

  console.info
    {
      component: 'http',
      event: 'request_completed',
      requestId: '18e2a3af-2c61-4888-a1a5-5c68bc2530be',
      methodClass: 'GET',
      durationMs: 3,
      statusCode: 200
    }

      at write (src/observability/safeLogger.js:178:17)

  console.info
    {
      component: 'http',
      event: 'request_completed',
      requestId: '14acdcd9-ac15-4e5f-8ee1-60235db4c7a6',
      methodClass: 'GET',
      durationMs: 4,
      statusCode: 200
    }

      at write (src/observability/safeLogger.js:178:17)

  console.info
    {
      component: 'http',
      event: 'request_completed',
      requestId: '1ad05e8c-f01a-4146-b9d3-6919c56b9088',
      methodClass: 'GET',
      durationMs: 3,
      statusCode: 200
    }

      at write (src/observability/safeLogger.js:178:17)

  console.info
    {
      component: 'http',
      event: 'request_completed',
      requestId: '88c1fc09-0889-425c-ba76-7f3a84619fd3',
      methodClass: 'GET',
      durationMs: 3,
      statusCode: 200
    }

      at write (src/observability/safeLogger.js:178:17)

  console.info
    {
      component: 'http',
      event: 'request_completed',
      requestId: 'ecfd9d6a-22e9-4be3-971b-d429d67ab871',
      methodClass: 'GET',
      durationMs: 3,
      statusCode: 200
    }

      at write (src/observability/safeLogger.js:178:17)

  console.info
    {
      component: 'http',
      event: 'request_completed',
      requestId: '5205600a-7869-47a7-9bbe-3389b96e58ef',
      methodClass: 'GET',
      durationMs: 2,
      statusCode: 200
    }

      at write (src/observability/safeLogger.js:178:17)

  console.info
    {
      component: 'http',
      event: 'request_completed',
      requestId: '99c6ee2d-616f-44e6-8499-37f366283710',
      methodClass: 'GET',
      durationMs: 3,
      statusCode: 404
    }

      at write (src/observability/safeLogger.js:178:17)

  console.info
    {
      component: 'http',
      event: 'request_completed',
      requestId: '596de58d-20b7-458e-a08e-7d6df55f5f1d',
      methodClass: 'POST',
      durationMs: 2,
      statusCode: 403
    }

      at write (src/observability/safeLogger.js:178:17)

  console.info
    {
      component: 'http',
      event: 'request_completed',
      requestId: '0bf42a2c-697e-4d9d-ab91-af6c99dfc7c9',
      methodClass: 'POST',
      durationMs: 2,
      statusCode: 403
    }

      at write (src/observability/safeLogger.js:178:17)

  console.info
    {
      component: 'http',
      event: 'request_completed',
      requestId: 'dd7ab2a0-7c52-4f77-8b64-f5c1a958075d',
      methodClass: 'POST',
      durationMs: 5,
      statusCode: 200
    }

      at write (src/observability/safeLogger.js:178:17)

  console.info
    {
      component: 'http',
      event: 'request_completed',
      requestId: 'a1593d80-aeb2-4987-b4b0-5528450a277a',
      methodClass: 'POST',
      durationMs: 4,
      statusCode: 200
    }

      at write (src/observability/safeLogger.js:178:17)

  console.info
    {
      component: 'http',
      event: 'request_completed',
      requestId: '18a69e81-eb4f-4d1a-a1ec-5b1333778144',
      methodClass: 'POST',
      durationMs: 3,
      statusCode: 503
    }

      at write (src/observability/safeLogger.js:178:17)

  console.info
    {
      component: 'http',
      event: 'request_completed',
      requestId: 'e108cc37-f387-4c3e-a492-45f69ad966a9',
      methodClass: 'GET',
      durationMs: 21,
      statusCode: 200
    }

      at write (src/observability/safeLogger.js:178:17)

  console.info
    {
      component: 'http',
      event: 'request_completed',
      requestId: '697964bb-0872-4630-a98a-919065be8dbe',
      methodClass: 'POST',
      durationMs: 8,
      statusCode: 201
    }

      at write (src/observability/safeLogger.js:178:17)

  console.info
    {
      component: 'http',
      event: 'request_completed',
      requestId: '12c37229-3d1b-4e68-8957-fc42c2e99151',
      methodClass: 'GET',
      durationMs: 21,
      statusCode: 200
    }

      at write (src/observability/safeLogger.js:178:17)

  console.info
    {
      component: 'http',
      event: 'request_completed',
      requestId: 'bc19af4d-21d6-4ae9-ae0a-a6d186020c1b',
      methodClass: 'POST',
      durationMs: 10,
      statusCode: 201
    }

      at write (src/observability/safeLogger.js:178:17)

  console.info
    {
      component: 'http',
      event: 'request_completed',
      requestId: '36f9b516-b6b0-40bd-b21c-b55f79cda064',
      methodClass: 'GET',
      durationMs: 18,
      statusCode: 200
    }

      at write (src/observability/safeLogger.js:178:17)

  console.info
    {
      component: 'http',
      event: 'request_completed',
      requestId: '7d2b318a-94ad-4a49-9fa3-d4ec97a3cc36',
      methodClass: 'GET',
      durationMs: 17,
      statusCode: 200
    }

      at write (src/observability/safeLogger.js:178:17)

  console.info
    {
      component: 'http',
      event: 'request_completed',
      requestId: 'fe902606-52b4-46a9-a30b-53e27dd9e754',
      methodClass: 'GET',
      durationMs: 6,
      statusCode: 503
    }

      at write (src/observability/safeLogger.js:178:17)

  console.info
    {
      component: 'http',
      event: 'request_completed',
      requestId: '09bff90c-cab8-4013-a0b6-a889c01a23dd',
      methodClass: 'GET',
      durationMs: 1,
      statusCode: 410
    }

      at write (src/observability/safeLogger.js:178:17)

  console.info
    {
      component: 'http',
      event: 'request_completed',
      requestId: 'da2813d8-ae49-4a64-bc99-d838b757bba1',
      methodClass: 'POST',
      durationMs: 3,
      statusCode: 410
    }

      at write (src/observability/safeLogger.js:178:17)

  console.info
    {
      component: 'http',
      event: 'request_completed',
      requestId: 'b4bf1ce5-b845-433f-a606-77063ef1f916',
      methodClass: 'GET',
      durationMs: 3,
      statusCode: 200
    }

      at write (src/observability/safeLogger.js:178:17)

  console.info
    {
      component: 'http',
      event: 'request_completed',
      requestId: '3fddce04-3a20-4ea6-88d7-2fdfd0cdf9d6',
      methodClass: 'GET',
      durationMs: 3,
      statusCode: 410
    }

      at write (src/observability/safeLogger.js:178:17)

  console.info
    {
      component: 'http',
      event: 'request_completed',
      requestId: 'b0da7128-315e-49b4-a746-b8bc0795018e',
      methodClass: 'POST',
      durationMs: 2,
      statusCode: 410
    }

      at write (src/observability/safeLogger.js:178:17)

  console.info
    {
      component: 'http',
      event: 'request_completed',
      requestId: 'adfd9c12-28f7-400f-8671-aad207bfe3f6',
      methodClass: 'PUT',
      durationMs: 2,
      statusCode: 410
    }

      at write (src/observability/safeLogger.js:178:17)

  console.info
    {
      component: 'http',
      event: 'request_completed',
      requestId: 'f9167fd6-68fb-4e9d-b993-4791d55e3c2e',
      methodClass: 'PATCH',
      durationMs: 2,
      statusCode: 410
    }

      at write (src/observability/safeLogger.js:178:17)

  console.info
    {
      component: 'http',
      event: 'request_completed',
      requestId: '5efb1c87-65e9-470a-bf85-39e0e066067b',
      methodClass: 'DELETE',
      durationMs: 3,
      statusCode: 410
    }

      at write (src/observability/safeLogger.js:178:17)

  console.log
    [Simulations] Canonical graph committed: {"operationId":"2225255e-ba10-4be3-906d-050457ccbd47","service":"fence","replayed":false}

      at log (src/routes/simulations.js:131:11)

  console.info
    {
      component: 'http',
      event: 'request_completed',
      requestId: '87c9bedb-daa8-4776-9174-34d3b144be79',
      methodClass: 'POST',
      durationMs: 13,
      statusCode: 201
    }

      at write (src/observability/safeLogger.js:178:17)

  console.info
    {
      component: 'http',
      event: 'request_completed',
      requestId: 'ccfc7019-15ec-45e3-b834-34bd73e6c60b',
      methodClass: 'GET',
      durationMs: 4,
      statusCode: 200
    }

      at write (src/observability/safeLogger.js:178:17)

  console.info
    {
      component: 'http',
      event: 'request_completed',
      requestId: '9baf9bce-0c33-499d-902c-c0ef9df83c5e',
      methodClass: 'GET',
      durationMs: 3,
      statusCode: 200
    }

      at write (src/observability/safeLogger.js:178:17)

  console.info
    {
      component: 'http',
      event: 'request_completed',
      requestId: '8bd0a1f1-4c84-4b72-bfb0-c577e4036276',
      methodClass: 'PUT',
      durationMs: 2,
      statusCode: 403
    }

      at write (src/observability/safeLogger.js:178:17)

  console.log
    [Simulations] Canonical graph committed: {"operationId":"e707fd67-187c-48bb-9141-77811d6e9863","service":"fence","replayed":false}

      at log (src/routes/simulations.js:131:11)

  console.info
    {
      component: 'http',
      event: 'request_completed',
      requestId: '2d44878b-5723-4e65-b128-a04b602b555e',
      methodClass: 'POST',
      durationMs: 13,
      statusCode: 201
    }

      at write (src/observability/safeLogger.js:178:17)

  console.log
    [Simulations] Canonical graph committed: {"operationId":"e707fd67-187c-48bb-9141-77811d6e9863","service":"fence","replayed":true}

      at log (src/routes/simulations.js:131:11)

  console.info
    {
      component: 'http',
      event: 'request_completed',
      requestId: 'e1648ad3-7fba-48b1-92ee-e6cbfc09cd13',
      methodClass: 'POST',
      durationMs: 4,
      statusCode: 201
    }

      at write (src/observability/safeLogger.js:178:17)

  console.log
    [Simulations] Canonical graph committed: {"operationId":"e707fd67-187c-48bb-9141-77811d6e9863","service":"fence","replayed":true}

      at log (src/routes/simulations.js:131:11)

  console.info
    {
      component: 'http',
      event: 'request_completed',
      requestId: 'efbdd18c-022f-4960-b7d9-5370ffe6c118',
      methodClass: 'POST',
      durationMs: 4,
      statusCode: 201
    }

      at write (src/observability/safeLogger.js:178:17)

  console.info
    {
      component: 'http',
      event: 'request_completed',
      requestId: 'a4e0160e-5b1f-49f8-ad85-ded330c54446',
      methodClass: 'POST',
      durationMs: 4,
      statusCode: 409
    }

      at write (src/observability/safeLogger.js:178:17)

  console.log
    [DB] Migration applied: 001_initial_schema.sql

      at log (src/db.js:1312:42)

  console.log
    [DB] Migration applied: 002_seed_data.sql

      at log (src/db.js:1312:42)

  console.log
    [DB] Migration applied: 003_voice_sessions.sql

      at log (src/db.js:1312:42)

  console.log
    [DB] Migration applied: 004_canonical_persistence_v2.sql

      at log (src/db.js:1312:42)

  console.log
    [DB] Migration applied: 005_canonical_organization_authority.sql

      at log (src/db.js:1312:42)

  console.log
    [DB] Migration applied: 006_canonical_voice_sessions.sql

      at log (src/db.js:1312:42)

  console.log
    [DB] Migration applied: 007_canonical_tax_authority.sql

      at log (src/db.js:1312:42)

  console.log
    [DB] Migration applied: 008_canonical_demo_authority.sql

      at log (src/db.js:1312:42)

  console.log
    [DB] Migration applied: 009_canonical_voice_provider_identity.sql

      at log (src/db.js:1312:42)

  console.log
    [DB] Migration applied: 010_account_session_authority.sql

      at log (src/db.js:1312:42)

  console.log
    [DB] Migration applied: 011_oauth_authorization_states.sql

      at log (src/db.js:1312:42)

  console.log
    [DB] Migration applied: 012_account_verification_trial.sql

      at log (src/db.js:1312:42)

  console.log
    [DB] Migration applied: 015_workforce_authority.sql

      at log (src/db.js:1312:42)

  console.log
    [DB] Migration applied: 016_tenant_asset_catalogue.sql

      at log (src/db.js:1312:42)

  console.log
    [DB] Migration applied: 017_retell_webhook_replay_authority.sql

      at log (src/db.js:1312:42)

  console.log
    [DB] Migration applied: 018_canonical_map_preferences.sql

      at log (src/db.js:1312:42)

  console.log
    [DB] Migration applied: 019_account_email_outbox.sql

      at log (src/db.js:1312:42)

  console.log
    [DB] Migration applied: 020_canonical_workforce_access_roles.sql

      at log (src/db.js:1312:42)

  console.log
    [DB] Migration applied: 021_bounded_api_observability.sql

      at log (src/db.js:1312:42)

  console.log
    [DB] Migration applied: 022_demo_command_center_sessions.sql

      at log (src/db.js:1312:42)

  console.log
    [DB] Migration applied: 023_homepage_demo_admission.sql

      at log (src/db.js:1312:42)

  console.log
    [DB] Migration applied: 024_homepage_verified_purge_receipt.sql

      at log (src/db.js:1312:42)

  console.log
    [DB] Migration applied: 025_provider_agnostic_knowledge_registry.sql

      at log (src/db.js:1312:42)

  console.log
    [DB] Migration applied: 026_canonical_knowledge_review_publication.sql

      at log (src/db.js:1312:42)

  console.log
    [DB] Migration applied: 027_canonical_knowledge_audit_graph_authority.sql

      at log (src/db.js:1312:42)

  console.log
    [DB] Migration applied: 028_canonical_knowledge_immutable_lifecycle.sql

      at log (src/db.js:1312:42)

  console.log
    [DB] Migration applied: 029_canonical_knowledge_transactional_sync.sql

      at log (src/db.js:1312:42)

  console.log
    [DB] Migration applied: 030_canonical_knowledge_sync_revocation.sql

      at log (src/db.js:1312:42)

  console.log
    [DB] Migration applied: 031_canonical_knowledge_sync_recovery_lifecycle.sql

      at log (src/db.js:1312:42)

  console.log
    [DB] Migration applied: 032_canonical_schedule_assignment_authority.sql

      at log (src/db.js:1312:42)

  console.log
    [DB] Migration applied: 033_canonical_schedule_time_evidence.sql

      at log (src/db.js:1312:42)

  console.log
    [DB] Migration applied: 034_schedule_availability_conflict_authority.sql

      at log (src/db.js:1312:42)

  console.log
    [DB] Migration applied: 035_schedule_human_preview_approval.sql

      at log (src/db.js:1312:42)

  console.info
    {
      component: 'http',
      event: 'request_completed',
      requestId: '8db951d8-c185-47d4-bebd-042d3fd1ce5c',
      methodClass: 'GET',
      durationMs: 6,
      statusCode: 200
    }

      at write (src/observability/safeLogger.js:178:17)

  console.info
    {
      component: 'http',
      event: 'request_completed',
      requestId: '90a83019-95cb-4a15-8864-364570078d15',
      methodClass: 'PUT',
      durationMs: 9,
      statusCode: 200
    }

      at write (src/observability/safeLogger.js:178:17)

  console.info
    {
      component: 'http',
      event: 'request_completed',
      requestId: '545cc9ce-ed5c-4194-989d-4dfef880e73b',
      methodClass: 'GET',
      durationMs: 36,
      statusCode: 200
    }

      at write (src/observability/safeLogger.js:178:17)

  console.info
    {
      component: 'http',
      event: 'request_completed',
      requestId: '1dd9287d-bf84-49fc-a217-5c1b36c29250',
      methodClass: 'PUT',
      durationMs: 9,
      statusCode: 200
    }

      at write (src/observability/safeLogger.js:178:17)

  console.info
    {
      component: 'http',
      event: 'request_completed',
      requestId: 'ca96c699-0151-407b-a48d-af5771c0b5e3',
      methodClass: 'GET',
      durationMs: 3,
      statusCode: 200
    }

      at write (src/observability/safeLogger.js:178:17)

  console.log
    [Simulations] Canonical graph committed: {"operationId":"1eb48f7e-ccbc-4934-8f75-dda00671e121","service":"fence","replayed":false}

      at log (src/routes/simulations.js:131:11)

  console.info
    {
      component: 'http',
      event: 'request_completed',
      requestId: '4794c073-9cbd-4d62-aa88-6b2c55bc446c',
      methodClass: 'POST',
      durationMs: 37,
      statusCode: 201
    }

      at write (src/observability/safeLogger.js:178:17)

  console.info
    {
      component: 'http',
      event: 'request_completed',
      requestId: '85f1c8c3-d3d5-4065-aa2b-4aca00102a9f',
      methodClass: 'GET',
      durationMs: 4,
      statusCode: 200
    }

      at write (src/observability/safeLogger.js:178:17)

  console.info
    {
      component: 'http',
      event: 'request_completed',
      requestId: '5c65f7c3-2dcd-4b73-9323-df800378692f',
      methodClass: 'PUT',
      durationMs: 7,
      statusCode: 200
    }

      at write (src/observability/safeLogger.js:178:17)

  console.log
    [Simulations] Canonical graph committed: {"operationId":"d5ccfd08-f3ab-491a-8823-aa194b99e788","service":"fence","replayed":false}

      at log (src/routes/simulations.js:131:11)

  console.info
    {
      component: 'http',
      event: 'request_completed',
      requestId: 'e3d4928f-61ad-4978-8b4f-010c176f7e0b',
      methodClass: 'POST',
      durationMs: 30,
      statusCode: 201
    }

      at write (src/observability/safeLogger.js:178:17)

  console.info
    {
      component: 'http',
      event: 'request_completed',
      requestId: '60476ec6-7db5-4c7d-8b14-fe2df63a1e0a',
      methodClass: 'PUT',
      durationMs: 3,
      statusCode: 400
    }

      at write (src/observability/safeLogger.js:178:17)

  console.info
    {
      component: 'http',
      event: 'request_completed',
      requestId: '488afd50-b142-4f64-b028-9b18ffe1f051',
      methodClass: 'GET',
      durationMs: 4,
      statusCode: 200
    }

      at write (src/observability/safeLogger.js:178:17)

  console.info
    {
      component: 'http',
      event: 'request_completed',
      requestId: 'd93da328-0e32-4510-83f6-95f4b0ca11a0',
      methodClass: 'PUT',
      durationMs: 3,
      statusCode: 403
    }

      at write (src/observability/safeLogger.js:178:17)

  console.info
    {
      component: 'http',
      event: 'request_completed',
      requestId: 'a463a6c2-bac0-4634-b957-b7b244412528',
      methodClass: 'GET',
      durationMs: 3,
      statusCode: 200
    }

      at write (src/observability/safeLogger.js:178:17)

  console.info
    {
      component: 'http',
      event: 'request_completed',
      requestId: 'bda8b8f7-9b5d-4865-9eb1-fd5474fdf618',
      methodClass: 'PUT',
      durationMs: 2,
      statusCode: 400
    }

      at write (src/observability/safeLogger.js:178:17)

  console.info
    {
      component: 'http',
      event: 'request_completed',
      requestId: 'b35f11c9-e4dc-484e-82fc-e2b53656e8e0',
      methodClass: 'PUT',
      durationMs: 3,
      statusCode: 400
    }

      at write (src/observability/safeLogger.js:178:17)

  console.info
    {
      component: 'http',
      event: 'request_completed',
      requestId: 'f5e09d5c-5ed8-416c-88ac-7bda502775ef',
      methodClass: 'PUT',
      durationMs: 3,
      statusCode: 400
    }

      at write (src/observability/safeLogger.js:178:17)

  console.info
    {
      component: 'http',
      event: 'request_completed',
      requestId: 'da9e1b17-d6cf-4a24-b071-e1cdba816f88',
      methodClass: 'PUT',
      durationMs: 3,
      statusCode: 400
    }

      at write (src/observability/safeLogger.js:178:17)

  console.info
    {
      component: 'http',
      event: 'request_completed',
      requestId: '7808d1ec-b977-4392-b680-d155b8af6379',
      methodClass: 'PUT',
      durationMs: 3,
      statusCode: 400
    }

      at write (src/observability/safeLogger.js:178:17)

  console.info
    {
      component: 'http',
      event: 'request_completed',
      requestId: 'b527eb9d-59f4-4f89-8f10-383a804ec82b',
      methodClass: 'PUT',
      durationMs: 3,
      statusCode: 400
    }

      at write (src/observability/safeLogger.js:178:17)

  console.info
    {
      component: 'http',
      event: 'request_completed',
      requestId: 'c9f03a6f-e7ad-46d2-8693-8c9216d3bfbc',
      methodClass: 'PUT',
      durationMs: 2,
      statusCode: 400
    }

      at write (src/observability/safeLogger.js:178:17)

  console.info
    {
      component: 'http',
      event: 'request_completed',
      requestId: 'f27eeaf4-2a66-4b96-840d-3a5fd8f2784a',
      methodClass: 'PUT',
      durationMs: 3,
      statusCode: 400
    }

      at write (src/observability/safeLogger.js:178:17)

  console.info
    {
      component: 'http',
      event: 'request_completed',
      requestId: '0292e535-69e0-4e6b-a43d-f2a3c1031bfb',
      methodClass: 'PUT',
      durationMs: 3,
      statusCode: 400
    }

      at write (src/observability/safeLogger.js:178:17)

  console.info
    {
      component: 'http',
      event: 'request_completed',
      requestId: '756ec3f8-bc21-475d-9bec-cb9a25b73fe0',
      methodClass: 'PUT',
      durationMs: 2,
      statusCode: 400
    }

      at write (src/observability/safeLogger.js:178:17)

  console.info
    {
      component: 'http',
      event: 'request_completed',
      requestId: '076d3910-cbf4-43d9-a691-27170422e081',
      methodClass: 'PUT',
      durationMs: 3,
      statusCode: 400
    }

      at write (src/observability/safeLogger.js:178:17)

  console.info
    {
      component: 'http',
      event: 'request_completed',
      requestId: '418a507a-44b9-4d58-85c1-375c2147ab15',
      methodClass: 'PUT',
      durationMs: 3,
      statusCode: 400
    }

      at write (src/observability/safeLogger.js:178:17)

  console.info
    {
      component: 'http',
      event: 'request_completed',
      requestId: 'ca12ee3d-e75e-466a-a1c3-2a0decbdf976',
      methodClass: 'PUT',
      durationMs: 2,
      statusCode: 400
    }

      at write (src/observability/safeLogger.js:178:17)

  console.info
    {
      component: 'http',
      event: 'request_completed',
      requestId: '4a0aa481-6892-4a5c-82cb-341b73a4c703',
      methodClass: 'PUT',
      durationMs: 2,
      statusCode: 400
    }

      at write (src/observability/safeLogger.js:178:17)

  console.info
    {
      component: 'http',
      event: 'request_completed',
      requestId: '03e192c6-9cc4-496c-a997-c725fcef8aaf',
      methodClass: 'PUT',
      durationMs: 2,
      statusCode: 400
    }

      at write (src/observability/safeLogger.js:178:17)

  console.info
    {
      component: 'http',
      event: 'request_completed',
      requestId: 'ee099598-fcaa-412e-8677-b31b1ebd656f',
      methodClass: 'PUT',
      durationMs: 2,
      statusCode: 400
    }

      at write (src/observability/safeLogger.js:178:17)

  console.info
    {
      component: 'http',
      event: 'request_completed',
      requestId: 'c69d0c1e-9522-4748-9663-397fb3ca8e65',
      methodClass: 'PUT',
      durationMs: 3,
      statusCode: 400
    }

      at write (src/observability/safeLogger.js:178:17)

  console.info
    {
      component: 'http',
      event: 'request_completed',
      requestId: 'fbc5a024-7e60-42b3-87af-d5d0dfaf6ec3',
      methodClass: 'PUT',
      durationMs: 3,
      statusCode: 400
    }

      at write (src/observability/safeLogger.js:178:17)

  console.info
    {
      component: 'http',
      event: 'request_completed',
      requestId: 'c4921564-21fa-41f2-8627-136e6f2f0fb6',
      methodClass: 'PUT',
      durationMs: 3,
      statusCode: 400
    }

      at write (src/observability/safeLogger.js:178:17)

  console.info
    {
      component: 'http',
      event: 'request_completed',
      requestId: '9832d51c-9e57-4e34-98b2-176e2729d951',
      methodClass: 'PUT',
      durationMs: 3,
      statusCode: 400
    }

      at write (src/observability/safeLogger.js:178:17)

  console.info
    {
      component: 'http',
      event: 'request_completed',
      requestId: '57867515-c050-4273-b545-9b66e41eeecc',
      methodClass: 'GET',
      durationMs: 3,
      statusCode: 200
    }

      at write (src/observability/safeLogger.js:178:17)

  console.info
    {
      component: 'http',
      event: 'request_completed',
      requestId: '1e1f4e93-e4eb-49df-9343-db713a6114c8',
      methodClass: 'GET',
      durationMs: 4,
      statusCode: 200
    }

      at write (src/observability/safeLogger.js:178:17)

  console.info
    {
      component: 'http',
      event: 'request_completed',
      requestId: '9c77c186-2b4b-470a-a059-d11a9edcd877',
      methodClass: 'PUT',
      durationMs: 7,
      statusCode: 200
    }

      at write (src/observability/safeLogger.js:178:17)

  console.info
    {
      component: 'http',
      event: 'request_completed',
      requestId: '96d8c3b5-dc81-45a7-b3e8-bd8e94230799',
      methodClass: 'GET',
      durationMs: 3,
      statusCode: 200
    }

      at write (src/observability/safeLogger.js:178:17)

  console.info
    {
      component: 'http',
      event: 'request_completed',
      requestId: '87c861d0-aa77-471a-9a4c-152a9ea51111',
      methodClass: 'GET',
      durationMs: 3,
      statusCode: 200
    }

      at write (src/observability/safeLogger.js:178:17)

  console.info
    {
      component: 'http',
      event: 'request_completed',
      requestId: '6cdc4220-a4d7-4ac6-bbb4-e0ef30a0f267',
      methodClass: 'PUT',
      durationMs: 3,
      statusCode: 403
    }

      at write (src/observability/safeLogger.js:178:17)

  console.info
    {
      component: 'http',
      event: 'request_completed',
      requestId: '38906e74-aeed-4e78-baba-4080982d359c',
      methodClass: 'PUT',
      durationMs: 8,
      statusCode: 200
    }

      at write (src/observability/safeLogger.js:178:17)

  console.info
    {
      component: 'http',
      event: 'request_completed',
      requestId: 'b4104d7d-ee3b-4e7b-85e5-c9eced5c0533',
      methodClass: 'GET',
      durationMs: 3,
      statusCode: 200
    }

      at write (src/observability/safeLogger.js:178:17)

  console.info
    {
      component: 'http',
      event: 'request_completed',
      requestId: 'c8bab8cc-c428-48b7-b4d2-80ca555d9b80',
      methodClass: 'GET',
      durationMs: 4,
      statusCode: 200
    }

      at write (src/observability/safeLogger.js:178:17)

  console.info
    {
      component: 'http',
      event: 'request_completed',
      requestId: 'f40e7806-1e0c-4463-88d9-b488716ab366',
      methodClass: 'GET',
      durationMs: 3,
      statusCode: 200
    }

      at write (src/observability/safeLogger.js:178:17)

  console.info
    {
      component: 'http',
      event: 'request_completed',
      requestId: '3c6d9675-12ae-4b4f-bfbb-f8d54a166ab9',
      methodClass: 'PUT',
      durationMs: 27,
      statusCode: 200
    }

      at write (src/observability/safeLogger.js:178:17)

  console.info
    {
      component: 'http',
      event: 'request_completed',
      requestId: '98545d5f-6aff-4c4f-bb25-c496e307f46c',
      methodClass: 'PUT',
      durationMs: 5,
      statusCode: 400
    }

      at write (src/observability/safeLogger.js:178:17)

  console.info
    {
      component: 'http',
      event: 'request_completed',
      requestId: '7da28777-1239-4702-974d-599ec54d8782',
      methodClass: 'PUT',
      durationMs: 3,
      statusCode: 400
    }

      at write (src/observability/safeLogger.js:178:17)

  console.info
    {
      component: 'http',
      event: 'request_completed',
      requestId: 'c5800535-4eeb-40cb-9480-ee390f165c21',
      methodClass: 'PUT',
      durationMs: 3,
      statusCode: 400
    }

      at write (src/observability/safeLogger.js:178:17)

  console.info
    {
      component: 'http',
      event: 'request_completed',
      requestId: '9605932f-dc84-4070-9ace-c2b783a8ec46',
      methodClass: 'PUT',
      durationMs: 3,
      statusCode: 400
    }

      at write (src/observability/safeLogger.js:178:17)

  console.info
    {
      component: 'http',
      event: 'request_completed',
      requestId: '6da8ce06-fd29-4ee6-b8b9-792c6baea041',
      methodClass: 'PUT',
      durationMs: 3,
      statusCode: 400
    }

      at write (src/observability/safeLogger.js:178:17)

  console.info
    {
      component: 'http',
      event: 'request_completed',
      requestId: 'e00bca6e-5eb5-46a3-8b49-38d3687043c5',
      methodClass: 'PUT',
      durationMs: 3,
      statusCode: 403
    }

      at write (src/observability/safeLogger.js:178:17)

  console.info
    {
      component: 'http',
      event: 'request_completed',
      requestId: '305e3978-6e8f-41cf-bf82-38335c2980f1',
      methodClass: 'PUT',
      durationMs: 8,
      statusCode: 200
    }

      at write (src/observability/safeLogger.js:178:17)

  console.info
    {
      component: 'http',
      event: 'request_completed',
      requestId: '340ce5f2-752d-4ffc-af64-1f35d37a5a9e',
      methodClass: 'GET',
      durationMs: 2,
      statusCode: 200
    }

      at write (src/observability/safeLogger.js:178:17)

  console.info
    {
      component: 'http',
      event: 'request_completed',
      requestId: 'bfec9f93-e619-4cac-b599-fd054620679e',
      methodClass: 'GET',
      durationMs: 3,
      statusCode: 200
    }

      at write (src/observability/safeLogger.js:178:17)

  console.info
    {
      component: 'http',
      event: 'request_completed',
      requestId: '9e9c85e8-f328-4df7-a878-c918accaf00a',
      methodClass: 'GET',
      durationMs: 4,
      statusCode: 200
    }

      at write (src/observability/safeLogger.js:178:17)

  console.info
    {
      component: 'http',
      event: 'request_completed',
      requestId: '7b4c4b89-3bdb-42a7-9b6c-a481e9a04cac',
      methodClass: 'GET',
      durationMs: 3,
      statusCode: 200
    }

      at write (src/observability/safeLogger.js:178:17)

  console.info
    {
      component: 'http',
      event: 'request_completed',
      requestId: 'f8b0fcf6-32b9-4153-b2e9-a90445eafd30',
      methodClass: 'PUT',
      durationMs: 7,
      statusCode: 200
    }

      at write (src/observability/safeLogger.js:178:17)

  console.info
    {
      component: 'http',
      event: 'request_completed',
      requestId: '91276065-425b-4a5c-afec-7a8b0f4b2279',
      methodClass: 'GET',
      durationMs: 3,
      statusCode: 200
    }

      at write (src/observability/safeLogger.js:178:17)

  console.info
    {
      component: 'http',
      event: 'request_completed',
      requestId: 'c5c4bdc9-db54-4a38-9d7a-178b4a7f90a3',
      methodClass: 'GET',
      durationMs: 3,
      statusCode: 200
    }

      at write (src/observability/safeLogger.js:178:17)

  console.info
    {
      component: 'http',
      event: 'request_completed',
      requestId: 'a5708750-6f50-46c0-88b6-ccffd7946ceb',
      methodClass: 'GET',
      durationMs: 3,
      statusCode: 200
    }

      at write (src/observability/safeLogger.js:178:17)

  console.info
    {
      component: 'http',
      event: 'request_completed',
      requestId: '862e90af-08a6-48ee-abe3-27491624e410',
      methodClass: 'PUT',
      durationMs: 3,
      statusCode: 400
    }

      at write (src/observability/safeLogger.js:178:17)

  console.info
    {
      component: 'http',
      event: 'request_completed',
      requestId: 'c5aa1f59-1922-4314-a6e4-9426c7d42ec6',
      methodClass: 'PUT',
      durationMs: 3,
      statusCode: 400
    }

      at write (src/observability/safeLogger.js:178:17)

  console.info
    {
      component: 'http',
      event: 'request_completed',
      requestId: 'd330c27a-246d-4cb4-b8f9-703a96de74c6',
      methodClass: 'PUT',
      durationMs: 3,
      statusCode: 400
    }

      at write (src/observability/safeLogger.js:178:17)

  console.info
    {
      component: 'http',
      event: 'request_completed',
      requestId: '09b8b877-deb3-4753-8a6f-2379af964631',
      methodClass: 'PUT',
      durationMs: 3,
      statusCode: 403
    }

      at write (src/observability/safeLogger.js:178:17)

  console.log
    [DB] Migration applied: 001_initial_schema.sql

      at Object.log [as runMigrations] (src/db.js:1312:42)

  console.log
    [DB] Migration applied: 002_seed_data.sql

      at Object.log [as runMigrations] (src/db.js:1312:42)

  console.log
    [DB] Migration applied: 003_voice_sessions.sql

      at Object.log [as runMigrations] (src/db.js:1312:42)

  console.log
    [DB] Migration applied: 004_canonical_persistence_v2.sql

      at Object.log [as runMigrations] (src/db.js:1312:42)

  console.log
    [DB] Migration applied: 005_canonical_organization_authority.sql

      at Object.log [as runMigrations] (src/db.js:1312:42)

  console.log
    [DB] Migration applied: 006_canonical_voice_sessions.sql

      at Object.log [as runMigrations] (src/db.js:1312:42)

  console.log
    [DB] Migration applied: 007_canonical_tax_authority.sql

      at Object.log [as runMigrations] (src/db.js:1312:42)

  console.log
    [DB] Migration applied: 008_canonical_demo_authority.sql

      at Object.log [as runMigrations] (src/db.js:1312:42)

  console.log
    [DB] Migration applied: 009_canonical_voice_provider_identity.sql

      at Object.log [as runMigrations] (src/db.js:1312:42)

  console.log
    [DB] Migration applied: 010_account_session_authority.sql

      at Object.log [as runMigrations] (src/db.js:1312:42)

  console.log
    [DB] Migration applied: 011_oauth_authorization_states.sql

      at Object.log [as runMigrations] (src/db.js:1312:42)

  console.log
    [DB] Migration applied: 012_account_verification_trial.sql

      at Object.log [as runMigrations] (src/db.js:1312:42)

  console.log
    [DB] Migration applied: 015_workforce_authority.sql

      at Object.log [as runMigrations] (src/db.js:1312:42)

  console.log
    [DB] Migration applied: 016_tenant_asset_catalogue.sql

      at Object.log [as runMigrations] (src/db.js:1312:42)

  console.log
    [DB] Migration applied: 017_retell_webhook_replay_authority.sql

      at Object.log [as runMigrations] (src/db.js:1312:42)

  console.log
    [DB] Migration applied: 018_canonical_map_preferences.sql

      at Object.log [as runMigrations] (src/db.js:1312:42)

  console.log
    [DB] Migration applied: 019_account_email_outbox.sql

      at Object.log [as runMigrations] (src/db.js:1312:42)

  console.log
    [DB] Migration applied: 020_canonical_workforce_access_roles.sql

      at Object.log [as runMigrations] (src/db.js:1312:42)

  console.log
    [DB] Migration applied: 021_bounded_api_observability.sql

      at Object.log [as runMigrations] (src/db.js:1312:42)

  console.log
    [DB] Migration applied: 022_demo_command_center_sessions.sql

      at Object.log [as runMigrations] (src/db.js:1312:42)

  console.log
    [DB] Migration applied: 023_homepage_demo_admission.sql

      at Object.log [as runMigrations] (src/db.js:1312:42)

  console.log
    [DB] Migration applied: 024_homepage_verified_purge_receipt.sql

      at Object.log [as runMigrations] (src/db.js:1312:42)

  console.log
    [DB] Migration applied: 025_provider_agnostic_knowledge_registry.sql

      at Object.log [as runMigrations] (src/db.js:1312:42)

  console.log
    [DB] Migration applied: 026_canonical_knowledge_review_publication.sql

      at Object.log [as runMigrations] (src/db.js:1312:42)

  console.log
    [DB] Migration applied: 027_canonical_knowledge_audit_graph_authority.sql

      at Object.log [as runMigrations] (src/db.js:1312:42)

  console.log
    [DB] Migration applied: 028_canonical_knowledge_immutable_lifecycle.sql

      at Object.log [as runMigrations] (src/db.js:1312:42)

  console.log
    [DB] Migration applied: 029_canonical_knowledge_transactional_sync.sql

      at Object.log [as runMigrations] (src/db.js:1312:42)

  console.log
    [DB] Migration applied: 030_canonical_knowledge_sync_revocation.sql

      at Object.log [as runMigrations] (src/db.js:1312:42)

  console.log
    [DB] Migration applied: 031_canonical_knowledge_sync_recovery_lifecycle.sql

      at Object.log [as runMigrations] (src/db.js:1312:42)

  console.log
    [DB] Migration applied: 032_canonical_schedule_assignment_authority.sql

      at Object.log [as runMigrations] (src/db.js:1312:42)

  console.log
    [DB] Migration applied: 033_canonical_schedule_time_evidence.sql

      at Object.log [as runMigrations] (src/db.js:1312:42)

  console.log
    [DB] Migration applied: 034_schedule_availability_conflict_authority.sql

      at Object.log [as runMigrations] (src/db.js:1312:42)

  console.log
    [DB] Migration applied: 035_schedule_human_preview_approval.sql

      at Object.log [as runMigrations] (src/db.js:1312:42)

  console.log
    [DB] Migration applied: 001_initial_schema.sql

      at Object.log [as runMigrations] (src/db.js:1312:42)

  console.log
    [DB] Migration applied: 002_seed_data.sql

      at Object.log [as runMigrations] (src/db.js:1312:42)

  console.log
    [DB] Migration applied: 003_voice_sessions.sql

      at Object.log [as runMigrations] (src/db.js:1312:42)

  console.log
    [DB] Migration applied: 004_canonical_persistence_v2.sql

      at Object.log [as runMigrations] (src/db.js:1312:42)

  console.log
    [DB] Migration applied: 005_canonical_organization_authority.sql

      at Object.log [as runMigrations] (src/db.js:1312:42)

  console.log
    [DB] Migration applied: 006_canonical_voice_sessions.sql

      at Object.log [as runMigrations] (src/db.js:1312:42)

  console.log
    [DB] Migration applied: 007_canonical_tax_authority.sql

      at Object.log [as runMigrations] (src/db.js:1312:42)

  console.log
    [DB] Migration applied: 008_canonical_demo_authority.sql

      at Object.log [as runMigrations] (src/db.js:1312:42)

  console.log
    [DB] Migration applied: 009_canonical_voice_provider_identity.sql

      at Object.log [as runMigrations] (src/db.js:1312:42)

  console.log
    [DB] Migration applied: 010_account_session_authority.sql

      at Object.log [as runMigrations] (src/db.js:1312:42)

  console.log
    [DB] Migration applied: 011_oauth_authorization_states.sql

      at Object.log [as runMigrations] (src/db.js:1312:42)

  console.log
    [DB] Migration applied: 012_account_verification_trial.sql

      at Object.log [as runMigrations] (src/db.js:1312:42)

  console.log
    [DB] Migration applied: 015_workforce_authority.sql

      at Object.log [as runMigrations] (src/db.js:1312:42)

  console.log
    [DB] Migration applied: 016_tenant_asset_catalogue.sql

      at Object.log [as runMigrations] (src/db.js:1312:42)

  console.log
    [DB] Migration applied: 017_retell_webhook_replay_authority.sql

      at Object.log [as runMigrations] (src/db.js:1312:42)

  console.log
    [DB] Migration applied: 018_canonical_map_preferences.sql

      at Object.log [as runMigrations] (src/db.js:1312:42)

  console.log
    [DB] Migration applied: 020_canonical_workforce_access_roles.sql

      at Object.log [as runMigrations] (src/db.js:1312:42)

  console.log
    [DB] Migration applied: 021_bounded_api_observability.sql

      at Object.log [as runMigrations] (src/db.js:1312:42)

  console.log
    [DB] Migration applied: 022_demo_command_center_sessions.sql

      at Object.log [as runMigrations] (src/db.js:1312:42)

  console.log
    [DB] Migration applied: 023_homepage_demo_admission.sql

      at Object.log [as runMigrations] (src/db.js:1312:42)

  console.log
    [DB] Migration applied: 024_homepage_verified_purge_receipt.sql

      at Object.log [as runMigrations] (src/db.js:1312:42)

  console.log
    [DB] Migration applied: 025_provider_agnostic_knowledge_registry.sql

      at Object.log [as runMigrations] (src/db.js:1312:42)

  console.log
    [DB] Migration applied: 026_canonical_knowledge_review_publication.sql

      at Object.log [as runMigrations] (src/db.js:1312:42)

  console.log
    [DB] Migration applied: 027_canonical_knowledge_audit_graph_authority.sql

      at Object.log [as runMigrations] (src/db.js:1312:42)

  console.log
    [DB] Migration applied: 028_canonical_knowledge_immutable_lifecycle.sql

      at Object.log [as runMigrations] (src/db.js:1312:42)

  console.log
    [DB] Migration applied: 029_canonical_knowledge_transactional_sync.sql

      at Object.log [as runMigrations] (src/db.js:1312:42)

  console.log
    [DB] Migration applied: 030_canonical_knowledge_sync_revocation.sql

      at Object.log [as runMigrations] (src/db.js:1312:42)

  console.log
    [DB] Migration applied: 031_canonical_knowledge_sync_recovery_lifecycle.sql

      at Object.log [as runMigrations] (src/db.js:1312:42)

  console.log
    [DB] Migration applied: 032_canonical_schedule_assignment_authority.sql

      at Object.log [as runMigrations] (src/db.js:1312:42)

  console.log
    [DB] Migration applied: 033_canonical_schedule_time_evidence.sql

      at Object.log [as runMigrations] (src/db.js:1312:42)

  console.log
    [DB] Migration applied: 034_schedule_availability_conflict_authority.sql

      at Object.log [as runMigrations] (src/db.js:1312:42)

  console.log
    [DB] Migration applied: 035_schedule_human_preview_approval.sql

      at Object.log [as runMigrations] (src/db.js:1312:42)

  console.log
    [DB] Migration applied: 019_account_email_outbox.sql

      at Object.log [as runMigrations] (src/db.js:1312:42)

  console.log
    [DB] Migration applied: 001_initial_schema.sql

      at log (src/db.js:1312:42)

  console.log
    [DB] Migration applied: 002_seed_data.sql

      at log (src/db.js:1312:42)

  console.log
    [DB] Migration applied: 003_voice_sessions.sql

      at log (src/db.js:1312:42)

  console.log
    [DB] Migration applied: 004_canonical_persistence_v2.sql

      at log (src/db.js:1312:42)

  console.log
    [DB] Migration applied: 005_canonical_organization_authority.sql

      at log (src/db.js:1312:42)

  console.log
    [DB] Migration applied: 006_canonical_voice_sessions.sql

      at log (src/db.js:1312:42)

  console.log
    [DB] Migration applied: 007_canonical_tax_authority.sql

      at log (src/db.js:1312:42)

  console.log
    [DB] Migration applied: 008_canonical_demo_authority.sql

      at log (src/db.js:1312:42)

  console.log
    [DB] Migration applied: 009_canonical_voice_provider_identity.sql

      at log (src/db.js:1312:42)

  console.log
    [DB] Migration applied: 010_account_session_authority.sql

      at log (src/db.js:1312:42)

  console.log
    [DB] Migration applied: 011_oauth_authorization_states.sql

      at log (src/db.js:1312:42)

  console.log
    [DB] Migration applied: 012_account_verification_trial.sql

      at log (src/db.js:1312:42)

  console.log
    [DB] Migration applied: 015_workforce_authority.sql

      at log (src/db.js:1312:42)

  console.log
    [DB] Migration applied: 016_tenant_asset_catalogue.sql

      at log (src/db.js:1312:42)

  console.log
    [DB] Migration applied: 017_retell_webhook_replay_authority.sql

      at log (src/db.js:1312:42)

  console.log
    [DB] Migration applied: 018_canonical_map_preferences.sql

      at log (src/db.js:1312:42)

  console.log
    [DB] Migration applied: 019_account_email_outbox.sql

      at log (src/db.js:1312:42)

  console.log
    [DB] Migration applied: 020_canonical_workforce_access_roles.sql

      at log (src/db.js:1312:42)

  console.log
    [DB] Migration applied: 021_bounded_api_observability.sql

      at log (src/db.js:1312:42)

  console.log
    [DB] Migration applied: 022_demo_command_center_sessions.sql

      at log (src/db.js:1312:42)

  console.log
    [DB] Migration applied: 023_homepage_demo_admission.sql

      at log (src/db.js:1312:42)

  console.log
    [DB] Migration applied: 024_homepage_verified_purge_receipt.sql

      at log (src/db.js:1312:42)

  console.log
    [DB] Migration applied: 025_provider_agnostic_knowledge_registry.sql

      at log (src/db.js:1312:42)

  console.log
    [DB] Migration applied: 026_canonical_knowledge_review_publication.sql

      at log (src/db.js:1312:42)

  console.log
    [DB] Migration applied: 027_canonical_knowledge_audit_graph_authority.sql

      at log (src/db.js:1312:42)

  console.log
    [DB] Migration applied: 028_canonical_knowledge_immutable_lifecycle.sql

      at log (src/db.js:1312:42)

  console.log
    [DB] Migration applied: 029_canonical_knowledge_transactional_sync.sql

      at log (src/db.js:1312:42)

  console.log
    [DB] Migration applied: 030_canonical_knowledge_sync_revocation.sql

      at log (src/db.js:1312:42)

  console.log
    [DB] Migration applied: 031_canonical_knowledge_sync_recovery_lifecycle.sql

      at log (src/db.js:1312:42)

  console.log
    [DB] Migration applied: 032_canonical_schedule_assignment_authority.sql

      at log (src/db.js:1312:42)

  console.log
    [DB] Migration applied: 033_canonical_schedule_time_evidence.sql

      at log (src/db.js:1312:42)

  console.log
    [DB] Migration applied: 034_schedule_availability_conflict_authority.sql

      at log (src/db.js:1312:42)

  console.log
    [DB] Migration applied: 035_schedule_human_preview_approval.sql

      at log (src/db.js:1312:42)

  console.info
    {
      component: 'http',
      event: 'request_completed',
      requestId: '3f6e6be3-b43e-4361-9393-013df8e9d4e3',
      methodClass: 'GET',
      durationMs: 17,
      statusCode: 200
    }

      at write (src/observability/safeLogger.js:178:17)

  console.info
    {
      component: 'http',
      event: 'request_completed',
      requestId: 'b8be24c9-1400-4907-9746-84dc2182a184',
      methodClass: 'POST',
      durationMs: 1,
      statusCode: 403
    }

      at write (src/observability/safeLogger.js:178:17)

  console.info
    {
      component: 'http',
      event: 'request_completed',
      requestId: '0a097e70-cf82-4cff-91aa-26d7db640858',
      methodClass: 'GET',
      durationMs: 13,
      statusCode: 200
    }

      at write (src/observability/safeLogger.js:178:17)

  console.info
    {
      component: 'http',
      event: 'request_completed',
      requestId: '20163bf0-7e92-4ef6-bb84-2d7e25b809b9',
      methodClass: 'POST',
      durationMs: 31,
      statusCode: 201
    }

      at write (src/observability/safeLogger.js:178:17)

  console.info
    {
      component: 'http',
      event: 'request_completed',
      requestId: '75382705-bffb-457c-9122-6169d35347fd',
      methodClass: 'GET',
      durationMs: 10,
      statusCode: 200
    }

      at write (src/observability/safeLogger.js:178:17)

  console.info
    {
      component: 'http',
      event: 'request_completed',
      requestId: 'bcfe2c2b-24c5-4bef-afad-11203eaf1157',
      methodClass: 'GET',
      durationMs: 9,
      statusCode: 200
    }

      at write (src/observability/safeLogger.js:178:17)

  console.info
    {
      component: 'http',
      event: 'request_completed',
      requestId: '2df08647-699c-4588-91fd-c1e0340a2624',
      methodClass: 'GET',
      durationMs: 7,
      statusCode: 200
    }

      at write (src/observability/safeLogger.js:178:17)

  console.info
    {
      component: 'http',
      event: 'request_completed',
      requestId: 'ed8d872d-a15d-4c67-b496-a988c8d02e86',
      methodClass: 'GET',
      durationMs: 8,
      statusCode: 200
    }

      at write (src/observability/safeLogger.js:178:17)

  console.info
    {
      component: 'http',
      event: 'request_completed',
      requestId: '932e068e-d2aa-4758-b394-4c3bc83040a1',
      methodClass: 'POST',
      durationMs: 8,
      statusCode: 200
    }

      at write (src/observability/safeLogger.js:178:17)

  console.info
    {
      component: 'http',
      event: 'request_completed',
      requestId: '9c6c9cdd-a84b-4486-963e-b8eb7f842d0a',
      methodClass: 'POST',
      durationMs: 5,
      statusCode: 409
    }

      at write (src/observability/safeLogger.js:178:17)

  console.info
    {
      component: 'http',
      event: 'request_completed',
      requestId: '055b024d-461e-49be-81f9-a12783b7be88',
      methodClass: 'GET',
      durationMs: 5,
      statusCode: 200
    }

      at write (src/observability/safeLogger.js:178:17)

  console.info
    {
      component: 'http',
      event: 'request_completed',
      requestId: '17fc111b-bc98-4472-a98a-4a7a16b6c6d9',
      methodClass: 'GET',
      durationMs: 6,
      statusCode: 200
    }

      at write (src/observability/safeLogger.js:178:17)

  console.info
    {
      component: 'http',
      event: 'request_completed',
      requestId: '15a62fed-985f-41e3-8280-528ed86cf3cb',
      methodClass: 'GET',
      durationMs: 6,
      statusCode: 200
    }

      at write (src/observability/safeLogger.js:178:17)

  console.info
    {
      component: 'http',
      event: 'request_completed',
      requestId: '80374ed7-eb0c-4568-a168-208297f0a2e1',
      methodClass: 'GET',
      durationMs: 5,
      statusCode: 200
    }

      at write (src/observability/safeLogger.js:178:17)

  console.info
    {
      component: 'http',
      event: 'request_completed',
      requestId: '975f6d8b-c0d6-4f61-b23d-3220b1f14a69',
      methodClass: 'POST',
      durationMs: 13,
      statusCode: 200
    }

      at write (src/observability/safeLogger.js:178:17)

  console.info
    {
      component: 'http',
      event: 'request_completed',
      requestId: 'c7f73fb1-3d6d-45ac-a22c-3c32b84a1088',
      methodClass: 'POST',
      durationMs: 4,
      statusCode: 409
    }

      at write (src/observability/safeLogger.js:178:17)

  console.info
    {
      component: 'http',
      event: 'request_completed',
      requestId: '03db1461-1926-4cee-8c81-5b1ffe14ea4a',
      methodClass: 'GET',
      durationMs: 5,
      statusCode: 200
    }

      at write (src/observability/safeLogger.js:178:17)

  console.info
    {
      component: 'http',
      event: 'request_completed',
      requestId: '318e37c1-06d8-4819-b8ad-d3068ab0b929',
      methodClass: 'POST',
      durationMs: 19,
      statusCode: 201
    }

      at write (src/observability/safeLogger.js:178:17)

  console.info
    {
      component: 'http',
      event: 'request_completed',
      requestId: '7a3555cd-df8f-4c41-989b-b933d786a4cd',
      methodClass: 'POST',
      durationMs: 10,
      statusCode: 200
    }

      at write (src/observability/safeLogger.js:178:17)

  console.info
    {
      component: 'http',
      event: 'request_completed',
      requestId: 'f1ee22ae-2d0d-42ec-87d7-ba6cb9fea201',
      methodClass: 'POST',
      durationMs: 3,
      statusCode: 409
    }

      at write (src/observability/safeLogger.js:178:17)

  console.info
    {
      component: 'http',
      event: 'request_completed',
      requestId: '4841589f-4d0b-400c-888a-ffe54f1d311f',
      methodClass: 'GET',
      durationMs: 4,
      statusCode: 200
    }

      at write (src/observability/safeLogger.js:178:17)

  console.info
    {
      component: 'http',
      event: 'request_completed',
      requestId: '13f97cfb-7a9a-4452-9ecf-b2969d708042',
      methodClass: 'POST',
      durationMs: 0,
      statusCode: 404
    }

      at write (src/observability/safeLogger.js:178:17)

  console.info
    {
      component: 'http',
      event: 'request_completed',
      requestId: '55ffa413-253b-4e30-a3af-1f344d47b1a8',
      methodClass: 'GET',
      durationMs: 4,
      statusCode: 200
    }

      at write (src/observability/safeLogger.js:178:17)

  console.info
    {
      component: 'http',
      event: 'request_completed',
      requestId: '1139537c-242b-4825-84d8-c95eeac6670f',
      methodClass: 'POST',
      durationMs: 14,
      statusCode: 201
    }

      at write (src/observability/safeLogger.js:178:17)

  console.info
    {
      component: 'http',
      event: 'request_completed',
      requestId: 'a0c6aff0-3a4b-4bdc-a772-0a5b0d95e678',
      methodClass: 'GET',
      durationMs: 3,
      statusCode: 200
    }

      at write (src/observability/safeLogger.js:178:17)

  console.info
    {
      component: 'http',
      event: 'request_completed',
      requestId: '57f628f5-dbaf-4726-bcdd-2c1d928d7bc7',
      methodClass: 'POST',
      durationMs: 0,
      statusCode: 403
    }

      at write (src/observability/safeLogger.js:178:17)

  console.info
    {
      component: 'http',
      event: 'request_completed',
      requestId: 'ff1264a3-0bbe-4d94-ba67-c2fcbe8f192b',
      methodClass: 'GET',
      durationMs: 0,
      statusCode: 410
    }

      at write (src/observability/safeLogger.js:178:17)

  console.info
    {
      component: 'http',
      event: 'request_completed',
      requestId: 'fff5096a-d141-439c-888f-e6fba019232f',
      methodClass: 'GET',
      durationMs: 0,
      statusCode: 401
    }

      at write (src/observability/safeLogger.js:178:17)

  console.info
    {
      component: 'http',
      event: 'request_completed',
      requestId: '69f08d29-1439-441d-aec2-70e51ee83588',
      methodClass: 'POST',
      durationMs: 0,
      statusCode: 401
    }

      at write (src/observability/safeLogger.js:178:17)

  console.info
    {
      component: 'http',
      event: 'request_completed',
      requestId: 'a4f5affb-24a7-436d-b24d-d8135c1b0ea6',
      methodClass: 'POST',
      durationMs: 1,
      statusCode: 401
    }

      at write (src/observability/safeLogger.js:178:17)

  console.info
    {
      component: 'http',
      event: 'request_completed',
      requestId: '40b1636f-3042-45a4-88f6-72b122cbb9b1',
      methodClass: 'GET',
      durationMs: 0,
      statusCode: 401
    }

      at write (src/observability/safeLogger.js:178:17)

  console.info
    {
      component: 'http',
      event: 'request_completed',
      requestId: 'b62b0f4c-08b2-44c1-b116-0ca859ec6569',
      methodClass: 'POST',
      durationMs: 0,
      statusCode: 401
    }

      at write (src/observability/safeLogger.js:178:17)

  console.info
    {
      component: 'http',
      event: 'request_completed',
      requestId: '21ed21f4-2818-4ac2-ad73-010a30877ebe',
      methodClass: 'GET',
      durationMs: 0,
      statusCode: 401
    }

      at write (src/observability/safeLogger.js:178:17)

  console.info
    {
      component: 'http',
      event: 'request_completed',
      requestId: 'af33102c-4596-4a90-93bf-f3a69296b32c',
      methodClass: 'PUT',
      durationMs: 3,
      statusCode: 401
    }

      at write (src/observability/safeLogger.js:178:17)

  console.info
    {
      component: 'http',
      event: 'request_completed',
      requestId: '009f3b53-e915-4190-99aa-da8cf220952e',
      methodClass: 'GET',
      durationMs: 0,
      statusCode: 401
    }

      at write (src/observability/safeLogger.js:178:17)

  console.info
    {
      component: 'http',
      event: 'request_completed',
      requestId: '02874899-f169-4f76-857a-81c3624c4d14',
      methodClass: 'GET',
      durationMs: 1,
      statusCode: 401
    }

      at write (src/observability/safeLogger.js:178:17)

  console.info
    {
      component: 'http',
      event: 'request_completed',
      requestId: 'bfad44e9-4a52-471b-b8a1-a4be7c9cb609',
      methodClass: 'POST',
      durationMs: 1,
      statusCode: 401
    }

      at write (src/observability/safeLogger.js:178:17)

  console.info
    {
      component: 'http',
      event: 'request_completed',
      requestId: '451c5d6b-c1d6-429c-a084-fdc96a15f77f',
      methodClass: 'GET',
      durationMs: 0,
      statusCode: 401
    }

      at write (src/observability/safeLogger.js:178:17)

  console.info
    {
      component: 'http',
      event: 'request_completed',
      requestId: '0fcc0247-26f9-4a89-8b71-4cdba30f009b',
      methodClass: 'GET',
      durationMs: 1,
      statusCode: 401
    }

      at write (src/observability/safeLogger.js:178:17)

  console.info
    {
      component: 'http',
      event: 'request_completed',
      requestId: '48bbfd6c-9ebc-47c9-9222-8ffd48325837',
      methodClass: 'POST',
      durationMs: 1,
      statusCode: 401
    }

      at write (src/observability/safeLogger.js:178:17)

  console.info
    {
      component: 'http',
      event: 'request_completed',
      requestId: 'dc9f8f7a-00c9-4bce-b76a-cf6ace3a9468',
      methodClass: 'POST',
      durationMs: 1,
      statusCode: 401
    }

      at write (src/observability/safeLogger.js:178:17)

  console.info
    {
      component: 'http',
      event: 'request_completed',
      requestId: '73d21408-12e8-40ed-8208-de24e19cb8a6',
      methodClass: 'GET',
      durationMs: 0,
      statusCode: 401
    }

      at write (src/observability/safeLogger.js:178:17)

  console.info
    {
      component: 'http',
      event: 'request_completed',
      requestId: 'fba71a74-34d3-4bc7-a5d5-0f2f457d87a1',
      methodClass: 'POST',
      durationMs: 1,
      statusCode: 401
    }

      at write (src/observability/safeLogger.js:178:17)

  console.info
    {
      component: 'http',
      event: 'request_completed',
      requestId: '1a752683-8520-4ffe-8656-9f62070421f4',
      methodClass: 'GET',
      durationMs: 1,
      statusCode: 401
    }

      at write (src/observability/safeLogger.js:178:17)

  console.info
    {
      component: 'http',
      event: 'request_completed',
      requestId: '77ff8183-907c-4187-a526-4ea8351b25d0',
      methodClass: 'POST',
      durationMs: 0,
      statusCode: 401
    }

      at write (src/observability/safeLogger.js:178:17)

  console.info
    {
      component: 'http',
      event: 'request_completed',
      requestId: '501604fb-3305-4772-b2ba-642bbe806637',
      methodClass: 'GET',
      durationMs: 0,
      statusCode: 401
    }

      at write (src/observability/safeLogger.js:178:17)

  console.info
    {
      component: 'http',
      event: 'request_completed',
      requestId: 'fe6ef82a-6f16-41e3-8f71-1ca2aefc488a',
      methodClass: 'PUT',
      durationMs: 0,
      statusCode: 401
    }

      at write (src/observability/safeLogger.js:178:17)

  console.info
    {
      component: 'http',
      event: 'request_completed',
      requestId: '148c7338-fce2-43da-bb73-bd9285161c75',
      methodClass: 'GET',
      durationMs: 1,
      statusCode: 401
    }

      at write (src/observability/safeLogger.js:178:17)

  console.info
    {
      component: 'http',
      event: 'request_completed',
      requestId: 'b844f468-0975-4425-9dac-56fdd407a548',
      methodClass: 'GET',
      durationMs: 1,
      statusCode: 401
    }

      at write (src/observability/safeLogger.js:178:17)

  console.info
    {
      component: 'http',
      event: 'request_completed',
      requestId: '41e79260-826a-4947-9aa0-245016eaf6ad',
      methodClass: 'GET',
      durationMs: 1,
      statusCode: 401
    }

      at write (src/observability/safeLogger.js:178:17)

  console.info
    {
      component: 'http',
      event: 'request_completed',
      requestId: 'c05197aa-ddbb-4b9a-9713-a9ec7b355d7d',
      methodClass: 'GET',
      durationMs: 1,
      statusCode: 401
    }

      at write (src/observability/safeLogger.js:178:17)

  console.warn
    [Auth] PostgreSQL account authority unavailable: {
      requestId: 'a6072abf-833e-4c8d-8900-3e64c0afc27f',
      event: 'login_failed'
    }

      20 |   }
      21 |   if (error instanceof AccountPersistenceError || (error && error.name === 'AccountPersistenceError')) {
    > 22 |     console.warn('[Auth] PostgreSQL account authority unavailable:', { requestId: requestId(req), event });
         |             ^
      23 |     return failure(req, res, 503, 'account_authority_unavailable', 'Account service is temporarily unavailable');
      24 |   }
      25 |   console.error('[Auth] Request failed:', { requestId: requestId(req), event });

      at warn (src/routes/auth.js:22:13)
      at handleError (src/routes/auth.js:56:14)

  console.info
    {
      component: 'http',
      event: 'request_completed',
      requestId: 'a6072abf-833e-4c8d-8900-3e64c0afc27f',
      methodClass: 'POST',
      durationMs: 2,
      statusCode: 503
    }

      at write (src/observability/safeLogger.js:178:17)

  console.info
    {
      component: 'http',
      event: 'request_completed',
      requestId: 'ca58f57b-c0dc-4df8-b5be-2bfead01d294',
      methodClass: 'GET',
      durationMs: 1,
      statusCode: 401
    }

      at write (src/observability/safeLogger.js:178:17)

  console.info
    {
      component: 'http',
      event: 'request_completed',
      requestId: 'de9945c8-cb55-4373-a4f5-9f6b6f3541bd',
      methodClass: 'GET',
      durationMs: 2,
      statusCode: 503
    }

      at write (src/observability/safeLogger.js:178:17)

  console.log
    [DB] Migration applied: 001_initial_schema.sql

      at log (src/db.js:1312:42)

  console.log
    [DB] Migration applied: 002_seed_data.sql

      at log (src/db.js:1312:42)

  console.log
    [DB] Migration applied: 003_voice_sessions.sql

      at log (src/db.js:1312:42)

  console.log
    [DB] Migration applied: 004_canonical_persistence_v2.sql

      at log (src/db.js:1312:42)

  console.log
    [DB] Migration applied: 005_canonical_organization_authority.sql

      at log (src/db.js:1312:42)

  console.log
    [DB] Migration applied: 006_canonical_voice_sessions.sql

      at log (src/db.js:1312:42)

  console.log
    [DB] Migration applied: 007_canonical_tax_authority.sql

      at log (src/db.js:1312:42)

  console.log
    [DB] Migration applied: 008_canonical_demo_authority.sql

      at log (src/db.js:1312:42)

  console.log
    [DB] Migration applied: 009_canonical_voice_provider_identity.sql

      at log (src/db.js:1312:42)

  console.log
    [DB] Migration applied: 010_account_session_authority.sql

      at log (src/db.js:1312:42)

  console.log
    [DB] Migration applied: 011_oauth_authorization_states.sql

      at log (src/db.js:1312:42)

  console.log
    [DB] Migration applied: 012_account_verification_trial.sql

      at log (src/db.js:1312:42)

  console.log
    [DB] Migration applied: 015_workforce_authority.sql

      at log (src/db.js:1312:42)

  console.log
    [DB] Migration applied: 016_tenant_asset_catalogue.sql

      at log (src/db.js:1312:42)

  console.log
    [DB] Migration applied: 017_retell_webhook_replay_authority.sql

      at log (src/db.js:1312:42)

  console.log
    [DB] Migration applied: 018_canonical_map_preferences.sql

      at log (src/db.js:1312:42)

  console.log
    [DB] Migration applied: 019_account_email_outbox.sql

      at log (src/db.js:1312:42)

  console.log
    [DB] Migration applied: 020_canonical_workforce_access_roles.sql

      at log (src/db.js:1312:42)

  console.log
    [DB] Migration applied: 021_bounded_api_observability.sql

      at log (src/db.js:1312:42)

  console.log
    [DB] Migration applied: 022_demo_command_center_sessions.sql

      at log (src/db.js:1312:42)

  console.log
    [DB] Migration applied: 023_homepage_demo_admission.sql

      at log (src/db.js:1312:42)

  console.log
    [DB] Migration applied: 024_homepage_verified_purge_receipt.sql

      at log (src/db.js:1312:42)

  console.log
    [DB] Migration applied: 025_provider_agnostic_knowledge_registry.sql

      at log (src/db.js:1312:42)

  console.log
    [DB] Migration applied: 026_canonical_knowledge_review_publication.sql

      at log (src/db.js:1312:42)

  console.log
    [DB] Migration applied: 027_canonical_knowledge_audit_graph_authority.sql

      at log (src/db.js:1312:42)

  console.log
    [DB] Migration applied: 028_canonical_knowledge_immutable_lifecycle.sql

      at log (src/db.js:1312:42)

  console.log
    [DB] Migration applied: 029_canonical_knowledge_transactional_sync.sql

      at log (src/db.js:1312:42)

  console.log
    [DB] Migration applied: 030_canonical_knowledge_sync_revocation.sql

      at log (src/db.js:1312:42)

  console.log
    [DB] Migration applied: 031_canonical_knowledge_sync_recovery_lifecycle.sql

      at log (src/db.js:1312:42)

  console.log
    [DB] Migration applied: 032_canonical_schedule_assignment_authority.sql

      at log (src/db.js:1312:42)

  console.log
    [DB] Migration applied: 033_canonical_schedule_time_evidence.sql

      at log (src/db.js:1312:42)

  console.log
    [DB] Migration applied: 034_schedule_availability_conflict_authority.sql

      at log (src/db.js:1312:42)

  console.log
    [DB] Migration applied: 035_schedule_human_preview_approval.sql

      at log (src/db.js:1312:42)

  console.info
    {
      component: 'http',
      event: 'request_completed',
      requestId: '17e23fdc-2d2f-4827-a739-ef5f4e5e170b',
      methodClass: 'GET',
      durationMs: 1,
      statusCode: 200
    }

      at write (src/observability/safeLogger.js:178:17)

  console.info
    {
      component: 'http',
      event: 'request_completed',
      requestId: 'c9828962-130a-45f6-bafd-54552bcbbfdc',
      methodClass: 'GET',
      durationMs: 0,
      statusCode: 401
    }

      at write (src/observability/safeLogger.js:178:17)

  console.log
    [DB] Migration applied: 001_initial_schema.sql

      at Object.log [as runMigrations] (src/db.js:1312:42)

  console.log
    [DB] Migration applied: 002_seed_data.sql

      at Object.log [as runMigrations] (src/db.js:1312:42)

  console.log
    [DB] Migration applied: 003_voice_sessions.sql

      at Object.log [as runMigrations] (src/db.js:1312:42)

  console.log
    [DB] Migration applied: 004_canonical_persistence_v2.sql

      at Object.log [as runMigrations] (src/db.js:1312:42)

  console.log
    [DB] Migration applied: 005_canonical_organization_authority.sql

      at Object.log [as runMigrations] (src/db.js:1312:42)

  console.log
    [DB] Migration applied: 006_canonical_voice_sessions.sql

      at Object.log [as runMigrations] (src/db.js:1312:42)

  console.log
    [DB] Migration applied: 007_canonical_tax_authority.sql

      at Object.log [as runMigrations] (src/db.js:1312:42)

  console.log
    [DB] Migration applied: 008_canonical_demo_authority.sql

      at Object.log [as runMigrations] (src/db.js:1312:42)

  console.log
    [DB] Migration applied: 009_canonical_voice_provider_identity.sql

      at Object.log [as runMigrations] (src/db.js:1312:42)

  console.log
    [DB] Migration applied: 010_account_session_authority.sql

      at Object.log [as runMigrations] (src/db.js:1312:42)

  console.log
    [DB] Migration applied: 011_oauth_authorization_states.sql

      at Object.log [as runMigrations] (src/db.js:1312:42)

  console.log
    [DB] Migration applied: 012_account_verification_trial.sql

      at Object.log [as runMigrations] (src/db.js:1312:42)

  console.log
    [DB] Migration applied: 015_workforce_authority.sql

      at Object.log [as runMigrations] (src/db.js:1312:42)

  console.log
    [DB] Migration applied: 016_tenant_asset_catalogue.sql

      at Object.log [as runMigrations] (src/db.js:1312:42)

  console.log
    [DB] Migration applied: 017_retell_webhook_replay_authority.sql

      at Object.log [as runMigrations] (src/db.js:1312:42)

  console.log
    [DB] Migration applied: 018_canonical_map_preferences.sql

      at Object.log [as runMigrations] (src/db.js:1312:42)

  console.log
    [DB] Migration applied: 019_account_email_outbox.sql

      at Object.log [as runMigrations] (src/db.js:1312:42)

  console.log
    [DB] Migration applied: 020_canonical_workforce_access_roles.sql

      at Object.log [as runMigrations] (src/db.js:1312:42)

  console.log
    [DB] Migration applied: 021_bounded_api_observability.sql

      at Object.log [as runMigrations] (src/db.js:1312:42)

  console.log
    [DB] Migration applied: 022_demo_command_center_sessions.sql

      at Object.log [as runMigrations] (src/db.js:1312:42)

  console.log
    [DB] Migration applied: 023_homepage_demo_admission.sql

      at Object.log [as runMigrations] (src/db.js:1312:42)

  console.log
    [DB] Migration applied: 024_homepage_verified_purge_receipt.sql

      at Object.log [as runMigrations] (src/db.js:1312:42)

  console.log
    [DB] Migration applied: 025_provider_agnostic_knowledge_registry.sql

      at Object.log [as runMigrations] (src/db.js:1312:42)

  console.log
    [DB] Migration applied: 026_canonical_knowledge_review_publication.sql

      at Object.log [as runMigrations] (src/db.js:1312:42)

  console.log
    [DB] Migration applied: 027_canonical_knowledge_audit_graph_authority.sql

      at Object.log [as runMigrations] (src/db.js:1312:42)

  console.log
    [DB] Migration applied: 028_canonical_knowledge_immutable_lifecycle.sql

      at Object.log [as runMigrations] (src/db.js:1312:42)

  console.log
    [DB] Migration applied: 001_initial_schema.sql

      at Object.log [as runMigrations] (src/db.js:1312:42)

  console.log
    [DB] Migration applied: 002_seed_data.sql

      at Object.log [as runMigrations] (src/db.js:1312:42)

  console.log
    [DB] Migration applied: 003_voice_sessions.sql

      at Object.log [as runMigrations] (src/db.js:1312:42)

  console.log
    [DB] Migration applied: 004_canonical_persistence_v2.sql

      at Object.log [as runMigrations] (src/db.js:1312:42)

  console.log
    [DB] Migration applied: 005_canonical_organization_authority.sql

      at Object.log [as runMigrations] (src/db.js:1312:42)

  console.log
    [DB] Migration applied: 006_canonical_voice_sessions.sql

      at Object.log [as runMigrations] (src/db.js:1312:42)

  console.log
    [DB] Migration applied: 007_canonical_tax_authority.sql

      at Object.log [as runMigrations] (src/db.js:1312:42)

  console.log
    [DB] Migration applied: 008_canonical_demo_authority.sql

      at Object.log [as runMigrations] (src/db.js:1312:42)

  console.log
    [DB] Migration applied: 009_canonical_voice_provider_identity.sql

      at Object.log [as runMigrations] (src/db.js:1312:42)

  console.log
    [DB] Migration applied: 010_account_session_authority.sql

      at Object.log [as runMigrations] (src/db.js:1312:42)

  console.log
    [DB] Migration applied: 011_oauth_authorization_states.sql

      at Object.log [as runMigrations] (src/db.js:1312:42)

  console.log
    [DB] Migration applied: 012_account_verification_trial.sql

      at Object.log [as runMigrations] (src/db.js:1312:42)

  console.log
    [DB] Migration applied: 015_workforce_authority.sql

      at Object.log [as runMigrations] (src/db.js:1312:42)

  console.log
    [DB] Migration applied: 016_tenant_asset_catalogue.sql

      at Object.log [as runMigrations] (src/db.js:1312:42)

  console.log
    [DB] Migration applied: 017_retell_webhook_replay_authority.sql

      at Object.log [as runMigrations] (src/db.js:1312:42)

  console.log
    [DB] Migration applied: 018_canonical_map_preferences.sql

      at Object.log [as runMigrations] (src/db.js:1312:42)

  console.log
    [DB] Migration applied: 019_account_email_outbox.sql

      at Object.log [as runMigrations] (src/db.js:1312:42)

  console.log
    [DB] Migration applied: 020_canonical_workforce_access_roles.sql

      at Object.log [as runMigrations] (src/db.js:1312:42)

  console.log
    [DB] Migration applied: 021_bounded_api_observability.sql

      at Object.log [as runMigrations] (src/db.js:1312:42)

  console.log
    [DB] Migration applied: 022_demo_command_center_sessions.sql

      at Object.log [as runMigrations] (src/db.js:1312:42)

  console.log
    [DB] Migration applied: 023_homepage_demo_admission.sql

      at Object.log [as runMigrations] (src/db.js:1312:42)

  console.log
    [DB] Migration applied: 024_homepage_verified_purge_receipt.sql

      at Object.log [as runMigrations] (src/db.js:1312:42)

  console.log
    [DB] Migration applied: 025_provider_agnostic_knowledge_registry.sql

      at Object.log [as runMigrations] (src/db.js:1312:42)

  console.log
    [DB] Migration applied: 026_canonical_knowledge_review_publication.sql

      at Object.log [as runMigrations] (src/db.js:1312:42)

  console.log
    [DB] Migration applied: 027_canonical_knowledge_audit_graph_authority.sql

      at Object.log [as runMigrations] (src/db.js:1312:42)

  console.log
    [DB] Migration applied: 028_canonical_knowledge_immutable_lifecycle.sql

      at Object.log [as runMigrations] (src/db.js:1312:42)

  console.log
    [DB] Migration applied: 001_initial_schema.sql

      at Object.log [as runMigrations] (src/db.js:1312:42)

  console.log
    [DB] Migration applied: 002_seed_data.sql

      at Object.log [as runMigrations] (src/db.js:1312:42)

  console.log
    [DB] Migration applied: 003_voice_sessions.sql

      at Object.log [as runMigrations] (src/db.js:1312:42)

  console.log
    [DB] Migration applied: 004_canonical_persistence_v2.sql

      at Object.log [as runMigrations] (src/db.js:1312:42)

  console.log
    [DB] Migration applied: 005_canonical_organization_authority.sql

      at Object.log [as runMigrations] (src/db.js:1312:42)

  console.log
    [DB] Migration applied: 006_canonical_voice_sessions.sql

      at Object.log [as runMigrations] (src/db.js:1312:42)

  console.log
    [DB] Migration applied: 007_canonical_tax_authority.sql

      at Object.log [as runMigrations] (src/db.js:1312:42)

  console.log
    [DB] Migration applied: 008_canonical_demo_authority.sql

      at Object.log [as runMigrations] (src/db.js:1312:42)

  console.log
    [DB] Migration applied: 009_canonical_voice_provider_identity.sql

      at Object.log [as runMigrations] (src/db.js:1312:42)

  console.log
    [DB] Migration applied: 010_account_session_authority.sql

      at Object.log [as runMigrations] (src/db.js:1312:42)

  console.log
    [DB] Migration applied: 011_oauth_authorization_states.sql

      at Object.log [as runMigrations] (src/db.js:1312:42)

  console.log
    [DB] Migration applied: 012_account_verification_trial.sql

      at Object.log [as runMigrations] (src/db.js:1312:42)

  console.log
    [DB] Migration applied: 015_workforce_authority.sql

      at Object.log [as runMigrations] (src/db.js:1312:42)

  console.log
    [DB] Migration applied: 016_tenant_asset_catalogue.sql

      at Object.log [as runMigrations] (src/db.js:1312:42)

  console.log
    [DB] Migration applied: 017_retell_webhook_replay_authority.sql

      at Object.log [as runMigrations] (src/db.js:1312:42)

  console.log
    [DB] Migration applied: 018_canonical_map_preferences.sql

      at Object.log [as runMigrations] (src/db.js:1312:42)

  console.log
    [DB] Migration applied: 019_account_email_outbox.sql

      at Object.log [as runMigrations] (src/db.js:1312:42)

  console.log
    [DB] Migration applied: 020_canonical_workforce_access_roles.sql

      at Object.log [as runMigrations] (src/db.js:1312:42)

  console.log
    [DB] Migration applied: 021_bounded_api_observability.sql

      at Object.log [as runMigrations] (src/db.js:1312:42)

  console.log
    [DB] Migration applied: 022_demo_command_center_sessions.sql

      at Object.log [as runMigrations] (src/db.js:1312:42)

  console.log
    [DB] Migration applied: 023_homepage_demo_admission.sql

      at Object.log [as runMigrations] (src/db.js:1312:42)

  console.log
    [DB] Migration applied: 024_homepage_verified_purge_receipt.sql

      at Object.log [as runMigrations] (src/db.js:1312:42)

  console.log
    [DB] Migration applied: 025_provider_agnostic_knowledge_registry.sql

      at Object.log [as runMigrations] (src/db.js:1312:42)

  console.log
    [DB] Migration applied: 026_canonical_knowledge_review_publication.sql

      at Object.log [as runMigrations] (src/db.js:1312:42)

  console.log
    [DB] Migration applied: 027_canonical_knowledge_audit_graph_authority.sql

      at Object.log [as runMigrations] (src/db.js:1312:42)

  console.log
    [DB] Migration applied: 028_canonical_knowledge_immutable_lifecycle.sql

      at Object.log [as runMigrations] (src/db.js:1312:42)

  console.log
    [DB] Migration applied: 001_initial_schema.sql

      at Object.log [as runMigrations] (src/db.js:1312:42)

  console.log
    [DB] Migration applied: 002_seed_data.sql

      at Object.log [as runMigrations] (src/db.js:1312:42)

  console.log
    [DB] Migration applied: 003_voice_sessions.sql

      at Object.log [as runMigrations] (src/db.js:1312:42)

  console.log
    [DB] Migration applied: 004_canonical_persistence_v2.sql

      at Object.log [as runMigrations] (src/db.js:1312:42)

  console.log
    [DB] Migration applied: 005_canonical_organization_authority.sql

      at Object.log [as runMigrations] (src/db.js:1312:42)

  console.log
    [DB] Migration applied: 006_canonical_voice_sessions.sql

      at Object.log [as runMigrations] (src/db.js:1312:42)

  console.log
    [DB] Migration applied: 007_canonical_tax_authority.sql

      at Object.log [as runMigrations] (src/db.js:1312:42)

  console.log
    [DB] Migration applied: 008_canonical_demo_authority.sql

      at Object.log [as runMigrations] (src/db.js:1312:42)

  console.log
    [DB] Migration applied: 009_canonical_voice_provider_identity.sql

      at Object.log [as runMigrations] (src/db.js:1312:42)

  console.log
    [DB] Migration applied: 010_account_session_authority.sql

      at Object.log [as runMigrations] (src/db.js:1312:42)

  console.log
    [DB] Migration applied: 011_oauth_authorization_states.sql

      at Object.log [as runMigrations] (src/db.js:1312:42)

  console.log
    [DB] Migration applied: 012_account_verification_trial.sql

      at Object.log [as runMigrations] (src/db.js:1312:42)

  console.log
    [DB] Migration applied: 015_workforce_authority.sql

      at Object.log [as runMigrations] (src/db.js:1312:42)

  console.log
    [DB] Migration applied: 016_tenant_asset_catalogue.sql

      at Object.log [as runMigrations] (src/db.js:1312:42)

  console.log
    [DB] Migration applied: 017_retell_webhook_replay_authority.sql

      at Object.log [as runMigrations] (src/db.js:1312:42)

  console.log
    [DB] Migration applied: 018_canonical_map_preferences.sql

      at Object.log [as runMigrations] (src/db.js:1312:42)

  console.log
    [DB] Migration applied: 019_account_email_outbox.sql

      at Object.log [as runMigrations] (src/db.js:1312:42)

  console.log
    [DB] Migration applied: 020_canonical_workforce_access_roles.sql

      at Object.log [as runMigrations] (src/db.js:1312:42)

  console.log
    [DB] Migration applied: 021_bounded_api_observability.sql

      at Object.log [as runMigrations] (src/db.js:1312:42)

  console.log
    [DB] Migration applied: 022_demo_command_center_sessions.sql

      at Object.log [as runMigrations] (src/db.js:1312:42)

  console.log
    [DB] Migration applied: 023_homepage_demo_admission.sql

      at Object.log [as runMigrations] (src/db.js:1312:42)

  console.log
    [DB] Migration applied: 024_homepage_verified_purge_receipt.sql

      at Object.log [as runMigrations] (src/db.js:1312:42)

  console.log
    [DB] Migration applied: 025_provider_agnostic_knowledge_registry.sql

      at Object.log [as runMigrations] (src/db.js:1312:42)

  console.log
    [DB] Migration applied: 026_canonical_knowledge_review_publication.sql

      at Object.log [as runMigrations] (src/db.js:1312:42)

  console.log
    [DB] Migration applied: 027_canonical_knowledge_audit_graph_authority.sql

      at Object.log [as runMigrations] (src/db.js:1312:42)

  console.log
    [DB] Migration applied: 028_canonical_knowledge_immutable_lifecycle.sql

      at Object.log [as runMigrations] (src/db.js:1312:42)

  console.log
    [DB] Migration applied: 001_initial_schema.sql

      at log (src/db.js:1312:42)

  console.log
    [DB] Migration applied: 002_seed_data.sql

      at log (src/db.js:1312:42)

  console.log
    [DB] Migration applied: 003_voice_sessions.sql

      at log (src/db.js:1312:42)

  console.log
    [DB] Migration applied: 004_canonical_persistence_v2.sql

      at log (src/db.js:1312:42)

  console.log
    [DB] Migration applied: 005_canonical_organization_authority.sql

      at log (src/db.js:1312:42)

  console.log
    [DB] Migration applied: 006_canonical_voice_sessions.sql

      at log (src/db.js:1312:42)

  console.log
    [DB] Migration applied: 007_canonical_tax_authority.sql

      at log (src/db.js:1312:42)

  console.log
    [DB] Migration applied: 008_canonical_demo_authority.sql

      at log (src/db.js:1312:42)

  console.log
    [DB] Migration applied: 009_canonical_voice_provider_identity.sql

      at log (src/db.js:1312:42)

  console.log
    [DB] Migration applied: 010_account_session_authority.sql

      at log (src/db.js:1312:42)

  console.log
    [DB] Migration applied: 011_oauth_authorization_states.sql

      at log (src/db.js:1312:42)

  console.log
    [DB] Migration applied: 012_account_verification_trial.sql

      at log (src/db.js:1312:42)

  console.log
    [DB] Migration applied: 015_workforce_authority.sql

      at log (src/db.js:1312:42)

  console.log
    [DB] Migration applied: 016_tenant_asset_catalogue.sql

      at log (src/db.js:1312:42)

  console.log
    [DB] Migration applied: 017_retell_webhook_replay_authority.sql

      at log (src/db.js:1312:42)

  console.log
    [DB] Migration applied: 018_canonical_map_preferences.sql

      at log (src/db.js:1312:42)

  console.log
    [DB] Migration applied: 019_account_email_outbox.sql

      at log (src/db.js:1312:42)

  console.log
    [DB] Migration applied: 020_canonical_workforce_access_roles.sql

      at log (src/db.js:1312:42)

  console.log
    [DB] Migration applied: 021_bounded_api_observability.sql

      at log (src/db.js:1312:42)

  console.log
    [DB] Migration applied: 022_demo_command_center_sessions.sql

      at log (src/db.js:1312:42)

  console.log
    [DB] Migration applied: 023_homepage_demo_admission.sql

      at log (src/db.js:1312:42)

  console.log
    [DB] Migration applied: 024_homepage_verified_purge_receipt.sql

      at log (src/db.js:1312:42)

  console.log
    [DB] Migration applied: 025_provider_agnostic_knowledge_registry.sql

      at log (src/db.js:1312:42)

  console.log
    [DB] Migration applied: 026_canonical_knowledge_review_publication.sql

      at log (src/db.js:1312:42)

  console.log
    [DB] Migration applied: 027_canonical_knowledge_audit_graph_authority.sql

      at log (src/db.js:1312:42)

  console.log
    [DB] Migration applied: 028_canonical_knowledge_immutable_lifecycle.sql

      at log (src/db.js:1312:42)

  console.log
    [DB] Migration applied: 029_canonical_knowledge_transactional_sync.sql

      at log (src/db.js:1312:42)

  console.log
    [DB] Migration applied: 030_canonical_knowledge_sync_revocation.sql

      at log (src/db.js:1312:42)

  console.log
    [DB] Migration applied: 031_canonical_knowledge_sync_recovery_lifecycle.sql

      at log (src/db.js:1312:42)

  console.log
    [DB] Migration applied: 032_canonical_schedule_assignment_authority.sql

      at log (src/db.js:1312:42)

  console.log
    [DB] Migration applied: 033_canonical_schedule_time_evidence.sql

      at log (src/db.js:1312:42)

  console.log
    [DB] Migration applied: 034_schedule_availability_conflict_authority.sql

      at log (src/db.js:1312:42)

  console.log
    [DB] Migration applied: 035_schedule_human_preview_approval.sql

      at log (src/db.js:1312:42)

  console.info
    {
      component: 'http',
      event: 'request_completed',
      requestId: '03dfecbe-7814-42a3-92b5-3952a045299a',
      methodClass: 'GET',
      durationMs: 4,
      statusCode: 200
    }

      at write (src/observability/safeLogger.js:178:17)

  console.info
    {
      component: 'http',
      event: 'request_completed',
      requestId: 'c9cb67b9-51b7-4fb6-a394-d38b8fa511cb',
      methodClass: 'GET',
      durationMs: 20,
      statusCode: 200
    }

      at write (src/observability/safeLogger.js:178:17)

  console.info
    {
      component: 'http',
      event: 'request_completed',
      requestId: '00a0f7fe-36a8-462f-ae48-613b940d8df6',
      methodClass: 'GET',
      durationMs: 3,
      statusCode: 200
    }

      at write (src/observability/safeLogger.js:178:17)

  console.info
    {
      component: 'http',
      event: 'request_completed',
      requestId: '8ec626a2-700a-4ac3-8722-c556a11018f1',
      methodClass: 'GET',
      durationMs: 27,
      statusCode: 200
    }

      at write (src/observability/safeLogger.js:178:17)

  console.info
    {
      component: 'http',
      event: 'request_completed',
      requestId: '3ee2a2a1-804a-445f-98c8-0c0f68cd890c',
      methodClass: 'GET',
      durationMs: 2,
      statusCode: 200
    }

      at write (src/observability/safeLogger.js:178:17)

  console.info
    {
      component: 'http',
      event: 'request_completed',
      requestId: 'ca67a50e-8938-429c-9c22-2eea11be6077',
      methodClass: 'GET',
      durationMs: 4,
      statusCode: 403
    }

      at write (src/observability/safeLogger.js:178:17)

  console.info
    {
      component: 'http',
      event: 'request_completed',
      requestId: 'e0445792-5e5e-4016-ab45-66f4c517540b',
      methodClass: 'GET',
      durationMs: 35,
      statusCode: 200
    }

      at write (src/observability/safeLogger.js:178:17)

  console.info
    {
      component: 'http',
      event: 'request_completed',
      requestId: '72d04810-f2c4-42d3-bda3-7ee58fdcbf49',
      methodClass: 'GET',
      durationMs: 5,
      statusCode: 403
    }

      at write (src/observability/safeLogger.js:178:17)

  console.info
    {
      component: 'http',
      event: 'request_completed',
      requestId: '7df1deaa-922c-4cf0-a719-7d1595211810',
      methodClass: 'GET',
      durationMs: 16,
      statusCode: 200
    }

      at write (src/observability/safeLogger.js:178:17)

  console.info
    {
      component: 'http',
      event: 'request_completed',
      requestId: '8feb51aa-ddb8-476b-97e1-2406753adf4d',
      methodClass: 'GET',
      durationMs: 0,
      statusCode: 401
    }

      at write (src/observability/safeLogger.js:178:17)

  console.info
    {
      component: 'http',
      event: 'request_completed',
      requestId: '869617da-ed92-4e14-a623-5ca85384e3a5',
      methodClass: 'GET',
      durationMs: 0,
      statusCode: 401
    }

      at write (src/observability/safeLogger.js:178:17)

  console.info
    {
      component: 'http',
      event: 'request_completed',
      requestId: '141bd7b0-30e8-4cbe-9ba6-3d7930aa4fb5',
      methodClass: 'GET',
      durationMs: 2,
      statusCode: 400
    }

      at write (src/observability/safeLogger.js:178:17)

  console.log
    [DB] Migration applied: 001_initial_schema.sql

      at Object.log [as runMigrations] (src/db.js:1312:42)

  console.log
    [DB] Migration applied: 002_seed_data.sql

      at Object.log [as runMigrations] (src/db.js:1312:42)

  console.log
    [DB] Migration applied: 003_voice_sessions.sql

      at Object.log [as runMigrations] (src/db.js:1312:42)

  console.log
    [DB] Migration applied: 004_canonical_persistence_v2.sql

      at Object.log [as runMigrations] (src/db.js:1312:42)

  console.log
    [DB] Migration applied: 005_canonical_organization_authority.sql

      at Object.log [as runMigrations] (src/db.js:1312:42)

  console.log
    [DB] Migration applied: 006_canonical_voice_sessions.sql

      at Object.log [as runMigrations] (src/db.js:1312:42)

  console.log
    [DB] Migration applied: 007_canonical_tax_authority.sql

      at Object.log [as runMigrations] (src/db.js:1312:42)

  console.log
    [DB] Migration applied: 008_canonical_demo_authority.sql

      at Object.log [as runMigrations] (src/db.js:1312:42)

  console.log
    [DB] Migration applied: 009_canonical_voice_provider_identity.sql

      at Object.log [as runMigrations] (src/db.js:1312:42)

  console.log
    [DB] Migration applied: 010_account_session_authority.sql

      at Object.log [as runMigrations] (src/db.js:1312:42)

  console.log
    [DB] Migration applied: 011_oauth_authorization_states.sql

      at Object.log [as runMigrations] (src/db.js:1312:42)

  console.log
    [DB] Migration applied: 012_account_verification_trial.sql

      at Object.log [as runMigrations] (src/db.js:1312:42)

  console.log
    [DB] Migration applied: 015_workforce_authority.sql

      at Object.log [as runMigrations] (src/db.js:1312:42)

  console.log
    [DB] Migration applied: 016_tenant_asset_catalogue.sql

      at Object.log [as runMigrations] (src/db.js:1312:42)

  console.log
    [DB] Migration applied: 017_retell_webhook_replay_authority.sql

      at Object.log [as runMigrations] (src/db.js:1312:42)

  console.log
    [DB] Migration applied: 018_canonical_map_preferences.sql

      at Object.log [as runMigrations] (src/db.js:1312:42)

  console.log
    [DB] Migration applied: 019_account_email_outbox.sql

      at Object.log [as runMigrations] (src/db.js:1312:42)

  console.log
    [DB] Migration applied: 020_canonical_workforce_access_roles.sql

      at Object.log [as runMigrations] (src/db.js:1312:42)

  console.log
    [DB] Migration applied: 021_bounded_api_observability.sql

      at Object.log [as runMigrations] (src/db.js:1312:42)

  console.log
    [DB] Migration applied: 022_demo_command_center_sessions.sql

      at Object.log [as runMigrations] (src/db.js:1312:42)

  console.log
    [DB] Migration applied: 023_homepage_demo_admission.sql

      at Object.log [as runMigrations] (src/db.js:1312:42)

  console.log
    [DB] Migration applied: 024_homepage_verified_purge_receipt.sql

      at Object.log [as runMigrations] (src/db.js:1312:42)

  console.log
    [DB] Migration applied: 025_provider_agnostic_knowledge_registry.sql

      at Object.log [as runMigrations] (src/db.js:1312:42)

  console.log
    [DB] Migration applied: 001_initial_schema.sql

      at Object.log [as runMigrations] (src/db.js:1312:42)

  console.log
    [DB] Migration applied: 002_seed_data.sql

      at Object.log [as runMigrations] (src/db.js:1312:42)

  console.log
    [DB] Migration applied: 003_voice_sessions.sql

      at Object.log [as runMigrations] (src/db.js:1312:42)

  console.log
    [DB] Migration applied: 004_canonical_persistence_v2.sql

      at Object.log [as runMigrations] (src/db.js:1312:42)

  console.log
    [DB] Migration applied: 005_canonical_organization_authority.sql

      at Object.log [as runMigrations] (src/db.js:1312:42)

  console.log
    [DB] Migration applied: 006_canonical_voice_sessions.sql

      at Object.log [as runMigrations] (src/db.js:1312:42)

  console.log
    [DB] Migration applied: 007_canonical_tax_authority.sql

      at Object.log [as runMigrations] (src/db.js:1312:42)

  console.log
    [DB] Migration applied: 008_canonical_demo_authority.sql

      at Object.log [as runMigrations] (src/db.js:1312:42)

  console.log
    [DB] Migration applied: 009_canonical_voice_provider_identity.sql

      at Object.log [as runMigrations] (src/db.js:1312:42)

  console.log
    [DB] Migration applied: 010_account_session_authority.sql

      at Object.log [as runMigrations] (src/db.js:1312:42)

  console.log
    [DB] Migration applied: 011_oauth_authorization_states.sql

      at Object.log [as runMigrations] (src/db.js:1312:42)

  console.log
    [DB] Migration applied: 012_account_verification_trial.sql

      at Object.log [as runMigrations] (src/db.js:1312:42)

  console.log
    [DB] Migration applied: 015_workforce_authority.sql

      at Object.log [as runMigrations] (src/db.js:1312:42)

  console.log
    [DB] Migration applied: 016_tenant_asset_catalogue.sql

      at Object.log [as runMigrations] (src/db.js:1312:42)

  console.log
    [DB] Migration applied: 017_retell_webhook_replay_authority.sql

      at Object.log [as runMigrations] (src/db.js:1312:42)

  console.log
    [DB] Migration applied: 018_canonical_map_preferences.sql

      at Object.log [as runMigrations] (src/db.js:1312:42)

  console.log
    [DB] Migration applied: 019_account_email_outbox.sql

      at Object.log [as runMigrations] (src/db.js:1312:42)

  console.log
    [DB] Migration applied: 020_canonical_workforce_access_roles.sql

      at Object.log [as runMigrations] (src/db.js:1312:42)

  console.log
    [DB] Migration applied: 021_bounded_api_observability.sql

      at Object.log [as runMigrations] (src/db.js:1312:42)

  console.log
    [DB] Migration applied: 022_demo_command_center_sessions.sql

      at Object.log [as runMigrations] (src/db.js:1312:42)

  console.log
    [DB] Migration applied: 023_homepage_demo_admission.sql

      at Object.log [as runMigrations] (src/db.js:1312:42)

  console.log
    [DB] Migration applied: 024_homepage_verified_purge_receipt.sql

      at Object.log [as runMigrations] (src/db.js:1312:42)

  console.log
    [DB] Migration applied: 025_provider_agnostic_knowledge_registry.sql

      at Object.log [as runMigrations] (src/db.js:1312:42)

  console.log
    [DB] Migration applied: 001_initial_schema.sql

      at log (src/db.js:1312:42)

  console.log
    [DB] Migration applied: 002_seed_data.sql

      at log (src/db.js:1312:42)

  console.log
    [DB] Migration applied: 003_voice_sessions.sql

      at log (src/db.js:1312:42)

  console.log
    [DB] Migration applied: 004_canonical_persistence_v2.sql

      at log (src/db.js:1312:42)

  console.log
    [DB] Migration applied: 005_canonical_organization_authority.sql

      at log (src/db.js:1312:42)

  console.log
    [DB] Migration applied: 006_canonical_voice_sessions.sql

      at log (src/db.js:1312:42)

  console.log
    [DB] Migration applied: 007_canonical_tax_authority.sql

      at log (src/db.js:1312:42)

  console.log
    [DB] Migration applied: 008_canonical_demo_authority.sql

      at log (src/db.js:1312:42)

  console.log
    [DB] Migration applied: 009_canonical_voice_provider_identity.sql

      at log (src/db.js:1312:42)

  console.log
    [DB] Migration applied: 010_account_session_authority.sql

      at log (src/db.js:1312:42)

  console.log
    [DB] Migration applied: 011_oauth_authorization_states.sql

      at log (src/db.js:1312:42)

  console.log
    [DB] Migration applied: 012_account_verification_trial.sql

      at log (src/db.js:1312:42)

  console.log
    [DB] Migration applied: 015_workforce_authority.sql

      at log (src/db.js:1312:42)

  console.log
    [DB] Migration applied: 016_tenant_asset_catalogue.sql

      at log (src/db.js:1312:42)

  console.log
    [DB] Migration applied: 017_retell_webhook_replay_authority.sql

      at log (src/db.js:1312:42)

  console.log
    [DB] Migration applied: 018_canonical_map_preferences.sql

      at log (src/db.js:1312:42)

  console.log
    [DB] Migration applied: 019_account_email_outbox.sql

      at log (src/db.js:1312:42)

  console.log
    [DB] Migration applied: 020_canonical_workforce_access_roles.sql

      at log (src/db.js:1312:42)

  console.log
    [DB] Migration applied: 021_bounded_api_observability.sql

      at log (src/db.js:1312:42)

  console.log
    [DB] Migration applied: 022_demo_command_center_sessions.sql

      at log (src/db.js:1312:42)

  console.log
    [DB] Migration applied: 023_homepage_demo_admission.sql

      at log (src/db.js:1312:42)

  console.log
    [DB] Migration applied: 024_homepage_verified_purge_receipt.sql

      at log (src/db.js:1312:42)

  console.log
    [DB] Migration applied: 025_provider_agnostic_knowledge_registry.sql

      at log (src/db.js:1312:42)

  console.log
    [DB] Migration applied: 026_canonical_knowledge_review_publication.sql

      at log (src/db.js:1312:42)

  console.log
    [DB] Migration applied: 027_canonical_knowledge_audit_graph_authority.sql

      at log (src/db.js:1312:42)

  console.log
    [DB] Migration applied: 028_canonical_knowledge_immutable_lifecycle.sql

      at log (src/db.js:1312:42)

  console.log
    [DB] Migration applied: 029_canonical_knowledge_transactional_sync.sql

      at log (src/db.js:1312:42)

  console.log
    [DB] Migration applied: 030_canonical_knowledge_sync_revocation.sql

      at log (src/db.js:1312:42)

  console.log
    [DB] Migration applied: 031_canonical_knowledge_sync_recovery_lifecycle.sql

      at log (src/db.js:1312:42)

  console.log
    [DB] Migration applied: 032_canonical_schedule_assignment_authority.sql

      at log (src/db.js:1312:42)

  console.log
    [DB] Migration applied: 033_canonical_schedule_time_evidence.sql

      at log (src/db.js:1312:42)

  console.log
    [DB] Migration applied: 034_schedule_availability_conflict_authority.sql

      at log (src/db.js:1312:42)

  console.log
    [DB] Migration applied: 035_schedule_human_preview_approval.sql

      at log (src/db.js:1312:42)

  console.info
    {
      component: 'http',
      event: 'request_completed',
      requestId: 'f6105ce2-e550-488d-ad83-8dc6db5c6b44',
      methodClass: 'POST',
      durationMs: 54,
      statusCode: 201
    }

      at write (src/observability/safeLogger.js:178:17)

  console.info
    {
      component: 'http',
      event: 'request_completed',
      requestId: '57f11dd2-3e78-41f7-a399-9f6ebdf52ac7',
      methodClass: 'GET',
      durationMs: 25,
      statusCode: 200
    }

      at write (src/observability/safeLogger.js:178:17)

  console.info
    {
      component: 'http',
      event: 'request_completed',
      requestId: 'f2c364e4-c02d-4477-ae44-23bff10755ca',
      methodClass: 'GET',
      durationMs: 18,
      statusCode: 200
    }

      at write (src/observability/safeLogger.js:178:17)

  console.info
    {
      component: 'http',
      event: 'request_completed',
      requestId: '988f82f9-1efc-4a1c-bfe5-334e22424952',
      methodClass: 'GET',
      durationMs: 18,
      statusCode: 200
    }

      at write (src/observability/safeLogger.js:178:17)

  console.info
    {
      component: 'http',
      event: 'request_completed',
      requestId: '68134d03-2b4b-4ca4-a8ca-d503224af1cc',
      methodClass: 'GET',
      durationMs: 17,
      statusCode: 200
    }

      at write (src/observability/safeLogger.js:178:17)

  console.info
    {
      component: 'http',
      event: 'request_completed',
      requestId: 'ac6606c2-150a-4352-8f4d-73e774afd44a',
      methodClass: 'POST',
      durationMs: 17,
      statusCode: 201
    }

      at write (src/observability/safeLogger.js:178:17)

  console.info
    {
      component: 'http',
      event: 'request_completed',
      requestId: '3e833082-dcd5-45a9-8c44-e8302c96234a',
      methodClass: 'POST',
      durationMs: 13,
      statusCode: 201
    }

      at write (src/observability/safeLogger.js:178:17)

  console.info
    {
      component: 'http',
      event: 'request_completed',
      requestId: '15bffcf1-e438-4fab-87e2-a23dd34b093e',
      methodClass: 'POST',
      durationMs: 11,
      statusCode: 201
    }

      at write (src/observability/safeLogger.js:178:17)

  console.info
    {
      component: 'http',
      event: 'request_completed',
      requestId: 'a2333574-57ca-4e93-aa99-1090f5d77671',
      methodClass: 'POST',
      durationMs: 11,
      statusCode: 201
    }

      at write (src/observability/safeLogger.js:178:17)

  console.info
    {
      component: 'http',
      event: 'request_completed',
      requestId: '394be074-5ecb-4aaa-ba29-a80181d194ee',
      methodClass: 'POST',
      durationMs: 11,
      statusCode: 201
    }

      at write (src/observability/safeLogger.js:178:17)

  console.info
    {
      component: 'http',
      event: 'request_completed',
      requestId: 'cc9b3dd4-cb07-4b5d-ba6f-9e1a79eeb647',
      methodClass: 'POST',
      durationMs: 10,
      statusCode: 201
    }

      at write (src/observability/safeLogger.js:178:17)

  console.info
    {
      component: 'http',
      event: 'request_completed',
      requestId: '17f43136-dc8a-466d-8341-4d171a0b83b8',
      methodClass: 'POST',
      durationMs: 11,
      statusCode: 201
    }

      at write (src/observability/safeLogger.js:178:17)

  console.info
    {
      component: 'http',
      event: 'request_completed',
      requestId: '460ca6ff-b001-4c97-aab4-c566ec7534d6',
      methodClass: 'POST',
      durationMs: 20,
      statusCode: 201
    }

      at write (src/observability/safeLogger.js:178:17)

  console.info
    {
      component: 'http',
      event: 'request_completed',
      requestId: 'fe33a007-b5ab-4f6e-a7ff-7eb8bdf2bbb8',
      methodClass: 'POST',
      durationMs: 10,
      statusCode: 201
    }

      at write (src/observability/safeLogger.js:178:17)

  console.info
    {
      component: 'http',
      event: 'request_completed',
      requestId: 'ba1e83db-42ac-448b-b76c-b6792f4e29d9',
      methodClass: 'POST',
      durationMs: 10,
      statusCode: 201
    }

      at write (src/observability/safeLogger.js:178:17)

  console.info
    {
      component: 'http',
      event: 'request_completed',
      requestId: 'df953bc8-4ea2-4a7b-835b-2c99d64d5626',
      methodClass: 'POST',
      durationMs: 11,
      statusCode: 201
    }

      at write (src/observability/safeLogger.js:178:17)

  console.info
    {
      component: 'http',
      event: 'request_completed',
      requestId: '27516645-8637-4aa1-926e-d877f1816832',
      methodClass: 'POST',
      durationMs: 9,
      statusCode: 201
    }

      at write (src/observability/safeLogger.js:178:17)

  console.info
    {
      component: 'http',
      event: 'request_completed',
      requestId: '0742c204-0ccb-4c22-b7f1-d99ed99b271b',
      methodClass: 'POST',
      durationMs: 9,
      statusCode: 201
    }

      at write (src/observability/safeLogger.js:178:17)

  console.info
    {
      component: 'http',
      event: 'request_completed',
      requestId: '9a7f36e5-e53b-4970-99dc-8df22c772dad',
      methodClass: 'POST',
      durationMs: 11,
      statusCode: 201
    }

      at write (src/observability/safeLogger.js:178:17)

  console.info
    {
      component: 'http',
      event: 'request_completed',
      requestId: '6c825ef0-2bfa-4dd4-b21b-79222d095bcc',
      methodClass: 'POST',
      durationMs: 9,
      statusCode: 201
    }

      at write (src/observability/safeLogger.js:178:17)

  console.info
    {
      component: 'http',
      event: 'request_completed',
      requestId: 'a03ca31d-4c9a-4d8d-9e80-747ba82c3dfb',
      methodClass: 'POST',
      durationMs: 9,
      statusCode: 201
    }

      at write (src/observability/safeLogger.js:178:17)

  console.info
    {
      component: 'http',
      event: 'request_completed',
      requestId: '95147abc-734d-4281-a313-77c6dce7fa25',
      methodClass: 'POST',
      durationMs: 9,
      statusCode: 201
    }

      at write (src/observability/safeLogger.js:178:17)

  console.info
    {
      component: 'http',
      event: 'request_completed',
      requestId: '22cdf336-d959-4b69-8b0e-806bd5838492',
      methodClass: 'GET',
      durationMs: 27,
      statusCode: 200
    }

      at write (src/observability/safeLogger.js:178:17)

  console.log
    [DB] Migration applied: 001_initial_schema.sql

      at log (src/db.js:1312:42)

  console.log
    [DB] Migration applied: 002_seed_data.sql

      at log (src/db.js:1312:42)

  console.log
    [DB] Migration applied: 003_voice_sessions.sql

      at log (src/db.js:1312:42)

  console.log
    [DB] Migration applied: 004_canonical_persistence_v2.sql

      at log (src/db.js:1312:42)

  console.log
    [DB] Migration applied: 005_canonical_organization_authority.sql

      at log (src/db.js:1312:42)

  console.log
    [DB] Migration applied: 006_canonical_voice_sessions.sql

      at log (src/db.js:1312:42)

  console.log
    [DB] Migration applied: 007_canonical_tax_authority.sql

      at log (src/db.js:1312:42)

  console.log
    [DB] Migration applied: 008_canonical_demo_authority.sql

      at log (src/db.js:1312:42)

  console.log
    [DB] Migration applied: 009_canonical_voice_provider_identity.sql

      at log (src/db.js:1312:42)

  console.log
    [DB] Migration applied: 010_account_session_authority.sql

      at log (src/db.js:1312:42)

  console.log
    [DB] Migration applied: 011_oauth_authorization_states.sql

      at log (src/db.js:1312:42)

  console.log
    [DB] Migration applied: 012_account_verification_trial.sql

      at log (src/db.js:1312:42)

  console.log
    [DB] Migration applied: 015_workforce_authority.sql

      at log (src/db.js:1312:42)

  console.log
    [DB] Migration applied: 016_tenant_asset_catalogue.sql

      at log (src/db.js:1312:42)

  console.log
    [DB] Migration applied: 017_retell_webhook_replay_authority.sql

      at log (src/db.js:1312:42)

  console.log
    [DB] Migration applied: 018_canonical_map_preferences.sql

      at log (src/db.js:1312:42)

  console.log
    [DB] Migration applied: 019_account_email_outbox.sql

      at log (src/db.js:1312:42)

  console.log
    [DB] Migration applied: 020_canonical_workforce_access_roles.sql

      at log (src/db.js:1312:42)

  console.log
    [DB] Migration applied: 021_bounded_api_observability.sql

      at log (src/db.js:1312:42)

  console.log
    [DB] Migration applied: 022_demo_command_center_sessions.sql

      at log (src/db.js:1312:42)

  console.log
    [DB] Migration applied: 023_homepage_demo_admission.sql

      at log (src/db.js:1312:42)

  console.log
    [DB] Migration applied: 024_homepage_verified_purge_receipt.sql

      at log (src/db.js:1312:42)

  console.log
    [DB] Migration applied: 025_provider_agnostic_knowledge_registry.sql

      at log (src/db.js:1312:42)

  console.log
    [DB] Migration applied: 026_canonical_knowledge_review_publication.sql

      at log (src/db.js:1312:42)

  console.log
    [DB] Migration applied: 027_canonical_knowledge_audit_graph_authority.sql

      at log (src/db.js:1312:42)

  console.log
    [DB] Migration applied: 028_canonical_knowledge_immutable_lifecycle.sql

      at log (src/db.js:1312:42)

  console.log
    [DB] Migration applied: 029_canonical_knowledge_transactional_sync.sql

      at log (src/db.js:1312:42)

  console.log
    [DB] Migration applied: 030_canonical_knowledge_sync_revocation.sql

      at log (src/db.js:1312:42)

  console.log
    [DB] Migration applied: 031_canonical_knowledge_sync_recovery_lifecycle.sql

      at log (src/db.js:1312:42)

  console.log
    [DB] Migration applied: 032_canonical_schedule_assignment_authority.sql

      at log (src/db.js:1312:42)

  console.log
    [DB] Migration applied: 033_canonical_schedule_time_evidence.sql

      at log (src/db.js:1312:42)

  console.log
    [DB] Migration applied: 034_schedule_availability_conflict_authority.sql

      at log (src/db.js:1312:42)

  console.log
    [DB] Migration applied: 035_schedule_human_preview_approval.sql

      at log (src/db.js:1312:42)

  console.info
    {
      component: 'http',
      event: 'request_completed',
      requestId: '90fc19b4-89b9-408e-a690-785c7e514d88',
      methodClass: 'GET',
      durationMs: 17,
      statusCode: 200
    }

      at write (src/observability/safeLogger.js:178:17)

  console.info
    {
      component: 'http',
      event: 'request_completed',
      requestId: 'e37e8ed7-0fb1-43f5-8e75-d08b47e20bba',
      methodClass: 'GET',
      durationMs: 9,
      statusCode: 200
    }

      at write (src/observability/safeLogger.js:178:17)

  console.info
    {
      component: 'http',
      event: 'request_completed',
      requestId: '04e97380-fdb6-4dd8-b78e-5b1cde21ab1e',
      methodClass: 'GET',
      durationMs: 11,
      statusCode: 200
    }

      at write (src/observability/safeLogger.js:178:17)

  console.info
    {
      component: 'http',
      event: 'request_completed',
      requestId: 'a5cc8978-9202-4295-a5df-46f34b3e33b0',
      methodClass: 'GET',
      durationMs: 10,
      statusCode: 200
    }

      at write (src/observability/safeLogger.js:178:17)

  console.info
    {
      component: 'http',
      event: 'request_completed',
      requestId: '6a2ff604-8c15-41ed-9dff-0a15999cbb9d',
      methodClass: 'GET',
      durationMs: 10,
      statusCode: 200
    }

      at write (src/observability/safeLogger.js:178:17)

  console.info
    {
      component: 'http',
      event: 'request_completed',
      requestId: 'c6874c93-e1f6-4973-8a73-d1c1cfb9c825',
      methodClass: 'GET',
      durationMs: 1,
      statusCode: 401
    }

      at write (src/observability/safeLogger.js:178:17)

  console.info
    {
      component: 'http',
      event: 'request_completed',
      requestId: 'bc86c0aa-c5ab-43f2-a573-4963613de7d6',
      methodClass: 'GET',
      durationMs: 1,
      statusCode: 401
    }

      at write (src/observability/safeLogger.js:178:17)

  console.info
    {
      component: 'http',
      event: 'request_completed',
      requestId: 'c25f884d-92c3-419d-a92c-66a4c0e12ad2',
      methodClass: 'GET',
      durationMs: 5,
      statusCode: 410
    }

      at write (src/observability/safeLogger.js:178:17)

  console.info
    {
      component: 'http',
      event: 'request_completed',
      requestId: '33469676-c7f7-409f-91f7-031e09b3c5c8',
      methodClass: 'POST',
      durationMs: 9,
      statusCode: 201
    }

      at write (src/observability/safeLogger.js:178:17)

  console.info
    {
      component: 'http',
      event: 'request_completed',
      requestId: '94421053-875e-4524-9345-03f01a37dd1e',
      methodClass: 'POST',
      durationMs: 6,
      statusCode: 201
    }

      at write (src/observability/safeLogger.js:178:17)

  console.info
    {
      component: 'http',
      event: 'request_completed',
      requestId: 'e7fe7064-181e-4af0-ad5c-ecde1ff3e47a',
      methodClass: 'POST',
      durationMs: 4,
      statusCode: 403
    }

      at write (src/observability/safeLogger.js:178:17)

  console.info
    {
      component: 'http',
      event: 'request_completed',
      requestId: 'b367e31b-2f02-4f7f-83b9-b52af86c8349',
      methodClass: 'POST',
      durationMs: 3,
      statusCode: 403
    }

      at write (src/observability/safeLogger.js:178:17)

  console.info
    {
      component: 'http',
      event: 'request_completed',
      requestId: '4e580239-6302-4c98-b608-1d42608b3fb8',
      methodClass: 'POST',
      durationMs: 7,
      statusCode: 201
    }

      at write (src/observability/safeLogger.js:178:17)

  console.info
    {
      component: 'http',
      event: 'request_completed',
      requestId: '68418891-911a-4838-9155-70dad1b79168',
      methodClass: 'GET',
      durationMs: 4,
      statusCode: 200
    }

      at write (src/observability/safeLogger.js:178:17)

  console.info
    {
      component: 'http',
      event: 'request_completed',
      requestId: '189c0112-8687-4b2f-be5d-e7d80fa6b42c',
      methodClass: 'GET',
      durationMs: 4,
      statusCode: 200
    }

      at write (src/observability/safeLogger.js:178:17)

  console.info
    {
      component: 'http',
      event: 'request_completed',
      requestId: 'b457bb19-c7bb-449b-8480-1f30ae53ebac',
      methodClass: 'PUT',
      durationMs: 7,
      statusCode: 200
    }

      at write (src/observability/safeLogger.js:178:17)

  console.info
    {
      component: 'http',
      event: 'request_completed',
      requestId: '8d6bfda7-9753-47bc-910d-f9cdd4e32730',
      methodClass: 'PUT',
      durationMs: 5,
      statusCode: 409
    }

      at write (src/observability/safeLogger.js:178:17)

  console.info
    {
      component: 'http',
      event: 'request_completed',
      requestId: '036f03a9-cff1-43f1-9e61-1fa3dafd6afe',
      methodClass: 'PATCH',
      durationMs: 2,
      statusCode: 403
    }

      at write (src/observability/safeLogger.js:178:17)

  console.info
    {
      component: 'http',
      event: 'request_completed',
      requestId: 'd1c9042c-81dc-4726-ba03-fdaf64e3de9c',
      methodClass: 'PATCH',
      durationMs: 6,
      statusCode: 200
    }

      at write (src/observability/safeLogger.js:178:17)

  console.info
    {
      component: 'http',
      event: 'request_completed',
      requestId: 'aaf7e48a-a53d-4e8c-a01e-465f9c2dff9e',
      methodClass: 'PATCH',
      durationMs: 6,
      statusCode: 200
    }

      at write (src/observability/safeLogger.js:178:17)

  console.info
    {
      component: 'http',
      event: 'request_completed',
      requestId: '00afb7f5-3904-4d71-a85f-64ff3c446939',
      methodClass: 'POST',
      durationMs: 5,
      statusCode: 409
    }

      at write (src/observability/safeLogger.js:178:17)

  console.info
    {
      component: 'http',
      event: 'request_completed',
      requestId: 'd714cbdb-51eb-4cf1-9393-0c614c30fb15',
      methodClass: 'POST',
      durationMs: 4,
      statusCode: 400
    }

      at write (src/observability/safeLogger.js:178:17)

  console.info
    {
      component: 'http',
      event: 'request_completed',
      requestId: 'fb1b11a4-c648-4a1e-885f-1bda1f2be891',
      methodClass: 'POST',
      durationMs: 4,
      statusCode: 400
    }

      at write (src/observability/safeLogger.js:178:17)

  console.info
    {
      component: 'http',
      event: 'request_completed',
      requestId: 'b3f5b390-c0bd-46a9-b103-ed6e6e503fa1',
      methodClass: 'PUT',
      durationMs: 5,
      statusCode: 404
    }

      at write (src/observability/safeLogger.js:178:17)

  console.info
    {
      component: 'http',
      event: 'request_completed',
      requestId: '4d2bcaf3-70c6-44e1-80c7-da6ce48c3d2c',
      methodClass: 'POST',
      durationMs: 3,
      statusCode: 400
    }

      at write (src/observability/safeLogger.js:178:17)

  console.info
    {
      component: 'http',
      event: 'request_completed',
      requestId: '78751954-d05c-4797-a1af-16c9664b5658',
      methodClass: 'POST',
      durationMs: 2,
      statusCode: 400
    }

      at write (src/observability/safeLogger.js:178:17)

  console.info
    {
      component: 'http',
      event: 'request_completed',
      requestId: 'e9d3809f-a439-4853-bb34-d06463f7cfe3',
      methodClass: 'POST',
      durationMs: 2,
      statusCode: 400
    }

      at write (src/observability/safeLogger.js:178:17)

  console.info
    {
      component: 'http',
      event: 'request_completed',
      requestId: '29563b73-844e-472b-8429-3fb52ad9406c',
      methodClass: 'POST',
      durationMs: 3,
      statusCode: 400
    }

      at write (src/observability/safeLogger.js:178:17)

  console.info
    {
      component: 'http',
      event: 'request_completed',
      requestId: '87a4c4d2-7f4c-41fe-b103-4c24966a132b',
      methodClass: 'POST',
      durationMs: 2,
      statusCode: 400
    }

      at write (src/observability/safeLogger.js:178:17)

  console.info
    {
      component: 'http',
      event: 'request_completed',
      requestId: '6ee8f3ef-5c8f-4199-befc-b73c377211e0',
      methodClass: 'POST',
      durationMs: 2,
      statusCode: 400
    }

      at write (src/observability/safeLogger.js:178:17)

  console.info
    {
      component: 'http',
      event: 'request_completed',
      requestId: '6cf6503c-838e-44e0-bebe-d9ae08a23f55',
      methodClass: 'POST',
      durationMs: 5,
      statusCode: 201
    }

      at write (src/observability/safeLogger.js:178:17)

  console.info
    {
      component: 'http',
      event: 'request_completed',
      requestId: '0d01f759-98c6-4bef-8d82-f3131aaabb27',
      methodClass: 'PATCH',
      durationMs: 5,
      statusCode: 200
    }

      at write (src/observability/safeLogger.js:178:17)

  console.info
    {
      component: 'http',
      event: 'request_completed',
      requestId: '83304024-d284-49e2-b16e-c32b70a0ab3e',
      methodClass: 'POST',
      durationMs: 5,
      statusCode: 201
    }

      at write (src/observability/safeLogger.js:178:17)

  console.info
    {
      component: 'http',
      event: 'request_completed',
      requestId: '0adbc3f5-65c4-45d7-88a6-d137b8838ec6',
      methodClass: 'PATCH',
      durationMs: 5,
      statusCode: 200
    }

      at write (src/observability/safeLogger.js:178:17)

  console.info
    {
      component: 'http',
      event: 'request_completed',
      requestId: 'f6866073-574e-4fd1-97b5-751135822e9b',
      methodClass: 'PATCH',
      durationMs: 4,
      statusCode: 409
    }

      at write (src/observability/safeLogger.js:178:17)

  console.info
    {
      component: 'http',
      event: 'request_completed',
      requestId: '155c9f14-4678-4002-951c-cd42a63d3ae1',
      methodClass: 'PATCH',
      durationMs: 5,
      statusCode: 409
    }

      at write (src/observability/safeLogger.js:178:17)

  console.info
    {
      component: 'http',
      event: 'request_completed',
      requestId: 'a49670bd-f568-4387-9a28-65bd7c24130b',
      methodClass: 'PUT',
      durationMs: 5,
      statusCode: 200
    }

      at write (src/observability/safeLogger.js:178:17)

  console.info
    {
      component: 'http',
      event: 'request_completed',
      requestId: 'ecafbb00-57d8-46e1-a795-f72e6eb237ca',
      methodClass: 'PATCH',
      durationMs: 4,
      statusCode: 200
    }

      at write (src/observability/safeLogger.js:178:17)

  console.log
    [DB] Migration applied: 001_initial_schema.sql

      at log (src/db.js:1312:42)

  console.log
    [DB] Migration applied: 002_seed_data.sql

      at log (src/db.js:1312:42)

  console.log
    [DB] Migration applied: 003_voice_sessions.sql

      at log (src/db.js:1312:42)

  console.log
    [DB] Migration applied: 004_canonical_persistence_v2.sql

      at log (src/db.js:1312:42)

  console.log
    [DB] Migration applied: 005_canonical_organization_authority.sql

      at log (src/db.js:1312:42)

  console.log
    [DB] Migration applied: 006_canonical_voice_sessions.sql

      at log (src/db.js:1312:42)

  console.log
    [DB] Migration applied: 007_canonical_tax_authority.sql

      at log (src/db.js:1312:42)

  console.log
    [DB] Migration applied: 008_canonical_demo_authority.sql

      at log (src/db.js:1312:42)

  console.log
    [DB] Migration applied: 009_canonical_voice_provider_identity.sql

      at log (src/db.js:1312:42)

  console.log
    [DB] Migration applied: 010_account_session_authority.sql

      at log (src/db.js:1312:42)

  console.log
    [DB] Migration applied: 011_oauth_authorization_states.sql

      at log (src/db.js:1312:42)

  console.log
    [DB] Migration applied: 012_account_verification_trial.sql

      at log (src/db.js:1312:42)

  console.log
    [DB] Migration applied: 015_workforce_authority.sql

      at log (src/db.js:1312:42)

  console.log
    [DB] Migration applied: 016_tenant_asset_catalogue.sql

      at log (src/db.js:1312:42)

  console.log
    [DB] Migration applied: 017_retell_webhook_replay_authority.sql

      at log (src/db.js:1312:42)

  console.log
    [DB] Migration applied: 018_canonical_map_preferences.sql

      at log (src/db.js:1312:42)

  console.log
    [DB] Migration applied: 019_account_email_outbox.sql

      at log (src/db.js:1312:42)

  console.log
    [DB] Migration applied: 020_canonical_workforce_access_roles.sql

      at log (src/db.js:1312:42)

  console.log
    [DB] Migration applied: 021_bounded_api_observability.sql

      at log (src/db.js:1312:42)

  console.log
    [DB] Migration applied: 022_demo_command_center_sessions.sql

      at log (src/db.js:1312:42)

  console.log
    [DB] Migration applied: 023_homepage_demo_admission.sql

      at log (src/db.js:1312:42)

  console.log
    [DB] Migration applied: 024_homepage_verified_purge_receipt.sql

      at log (src/db.js:1312:42)

  console.log
    [DB] Migration applied: 025_provider_agnostic_knowledge_registry.sql

      at log (src/db.js:1312:42)

  console.log
    [DB] Migration applied: 026_canonical_knowledge_review_publication.sql

      at log (src/db.js:1312:42)

  console.log
    [DB] Migration applied: 027_canonical_knowledge_audit_graph_authority.sql

      at log (src/db.js:1312:42)

  console.log
    [DB] Migration applied: 028_canonical_knowledge_immutable_lifecycle.sql

      at log (src/db.js:1312:42)

  console.log
    [DB] Migration applied: 029_canonical_knowledge_transactional_sync.sql

      at log (src/db.js:1312:42)

  console.log
    [DB] Migration applied: 030_canonical_knowledge_sync_revocation.sql

      at log (src/db.js:1312:42)

  console.log
    [DB] Migration applied: 031_canonical_knowledge_sync_recovery_lifecycle.sql

      at log (src/db.js:1312:42)

  console.log
    [DB] Migration applied: 032_canonical_schedule_assignment_authority.sql

      at log (src/db.js:1312:42)

  console.log
    [DB] Migration applied: 033_canonical_schedule_time_evidence.sql

      at log (src/db.js:1312:42)

  console.log
    [DB] Migration applied: 034_schedule_availability_conflict_authority.sql

      at log (src/db.js:1312:42)

  console.log
    [DB] Migration applied: 035_schedule_human_preview_approval.sql

      at log (src/db.js:1312:42)

  console.info
    {
      component: 'http',
      event: 'request_completed',
      requestId: 'd5c88ab8-398b-4222-a0b4-8f48cdad09e9',
      methodClass: 'GET',
      durationMs: 10,
      statusCode: 200
    }

      at write (src/observability/safeLogger.js:178:17)

  console.info
    {
      component: 'http',
      event: 'request_completed',
      requestId: 'ee302944-de8c-4ae7-a78b-8c11d764f6cb',
      methodClass: 'GET',
      durationMs: 6,
      statusCode: 200
    }

      at write (src/observability/safeLogger.js:178:17)

  console.info
    {
      component: 'http',
      event: 'request_completed',
      requestId: '471f8f24-cfd7-46f4-ba0b-51beb1d8dbc2',
      methodClass: 'GET',
      durationMs: 7,
      statusCode: 200
    }

      at write (src/observability/safeLogger.js:178:17)

  console.info
    {
      component: 'http',
      event: 'request_completed',
      requestId: '5fac0b2d-900f-458b-99e6-9aa71c8e4e03',
      methodClass: 'GET',
      durationMs: 7,
      statusCode: 200
    }

      at write (src/observability/safeLogger.js:178:17)

  console.info
    {
      component: 'http',
      event: 'request_completed',
      requestId: 'b7aa31a3-abc7-4ab6-944a-11742d4f9d96',
      methodClass: 'GET',
      durationMs: 8,
      statusCode: 200
    }

      at write (src/observability/safeLogger.js:178:17)

  console.info
    {
      component: 'http',
      event: 'request_completed',
      requestId: '8d24b63d-d81d-41d4-8e04-0dd3d366920d',
      methodClass: 'PUT',
      durationMs: 5,
      statusCode: 403
    }

      at write (src/observability/safeLogger.js:178:17)

  console.info
    {
      component: 'http',
      event: 'request_completed',
      requestId: '33f612ed-8e2d-4742-84b6-6889f10ae46a',
      methodClass: 'PUT',
      durationMs: 64,
      statusCode: 403
    }

      at write (src/observability/safeLogger.js:178:17)

  console.info
    {
      component: 'http',
      event: 'request_completed',
      requestId: 'ea7d0494-6554-4d02-87aa-5581106f0cc7',
      methodClass: 'PUT',
      durationMs: 3,
      statusCode: 403
    }

      at write (src/observability/safeLogger.js:178:17)

  console.info
    {
      component: 'http',
      event: 'request_completed',
      requestId: 'bf05bf32-f344-436a-8c94-678561f911c0',
      methodClass: 'PUT',
      durationMs: 6,
      statusCode: 200
    }

      at write (src/observability/safeLogger.js:178:17)

  console.info
    {
      component: 'http',
      event: 'request_completed',
      requestId: '002c1a4e-e313-428f-a865-01788a51ee67',
      methodClass: 'PUT',
      durationMs: 3,
      statusCode: 200
    }

      at write (src/observability/safeLogger.js:178:17)

  console.info
    {
      component: 'http',
      event: 'request_completed',
      requestId: 'cc986e68-00b8-4c67-bfaa-7f28326291ea',
      methodClass: 'PUT',
      durationMs: 3,
      statusCode: 409
    }

      at write (src/observability/safeLogger.js:178:17)

  console.info
    {
      component: 'http',
      event: 'request_completed',
      requestId: 'd8d36152-9797-49d2-8d25-9c9807795dfc',
      methodClass: 'PUT',
      durationMs: 2,
      statusCode: 400
    }

      at write (src/observability/safeLogger.js:178:17)

  console.info
    {
      component: 'http',
      event: 'request_completed',
      requestId: '1cc98e7c-b310-4f51-b03c-970b470d82ef',
      methodClass: 'PUT',
      durationMs: 2,
      statusCode: 400
    }

      at write (src/observability/safeLogger.js:178:17)

  console.info
    {
      component: 'http',
      event: 'request_completed',
      requestId: '0bd47171-c3f2-4581-bc40-0d1df1c86d22',
      methodClass: 'PUT',
      durationMs: 2,
      statusCode: 400
    }

      at write (src/observability/safeLogger.js:178:17)

  console.info
    {
      component: 'http',
      event: 'request_completed',
      requestId: 'c17e5373-d43d-4483-ad7a-c225c86a22af',
      methodClass: 'PUT',
      durationMs: 3,
      statusCode: 400
    }

      at write (src/observability/safeLogger.js:178:17)

  console.info
    {
      component: 'http',
      event: 'request_completed',
      requestId: 'b382d159-66b3-4340-b56b-0e9443482dd7',
      methodClass: 'PUT',
      durationMs: 4,
      statusCode: 200
    }

      at write (src/observability/safeLogger.js:178:17)

  console.info
    {
      component: 'http',
      event: 'request_completed',
      requestId: 'b6b04b5b-c994-4a04-9d71-a3b03f6de099',
      methodClass: 'PUT',
      durationMs: 6,
      statusCode: 409
    }

      at write (src/observability/safeLogger.js:178:17)

  console.info
    {
      component: 'http',
      event: 'request_completed',
      requestId: '24b4dc03-aab3-455e-8f59-bea81cea6afa',
      methodClass: 'PUT',
      durationMs: 7,
      statusCode: 200
    }

      at write (src/observability/safeLogger.js:178:17)

  console.info
    {
      component: 'http',
      event: 'request_completed',
      requestId: 'dab4b3d3-fb55-43c5-bea6-d245d91e2892',
      methodClass: 'PUT',
      durationMs: 4,
      statusCode: 200
    }

      at write (src/observability/safeLogger.js:178:17)

  console.info
    {
      component: 'http',
      event: 'request_completed',
      requestId: '81359d2f-c43f-4325-b6f5-33744e82c259',
      methodClass: 'PUT',
      durationMs: 4,
      statusCode: 200
    }

      at write (src/observability/safeLogger.js:178:17)

  console.info
    {
      component: 'http',
      event: 'request_completed',
      requestId: 'ec3d5e48-3b66-4bf5-ad07-b2163de844b7',
      methodClass: 'PUT',
      durationMs: 4,
      statusCode: 200
    }

      at write (src/observability/safeLogger.js:178:17)

  console.info
    {
      component: 'http',
      event: 'request_completed',
      requestId: 'c805b83a-9e9b-4dad-afd0-0db61b1cca63',
      methodClass: 'PUT',
      durationMs: 2,
      statusCode: 400
    }

      at write (src/observability/safeLogger.js:178:17)

  console.info
    {
      component: 'http',
      event: 'request_completed',
      requestId: '9919a416-9e03-4451-9765-334599c1f678',
      methodClass: 'PUT',
      durationMs: 4,
      statusCode: 200
    }

      at write (src/observability/safeLogger.js:178:17)

  console.info
    {
      component: 'http',
      event: 'request_completed',
      requestId: '6234566e-4c3c-4b51-a7f0-b420858a447e',
      methodClass: 'PUT',
      durationMs: 4,
      statusCode: 200
    }

      at write (src/observability/safeLogger.js:178:17)

  console.info
    {
      component: 'http',
      event: 'request_completed',
      requestId: '315b4440-8fef-4ad6-8558-54b70aecbc80',
      methodClass: 'PUT',
      durationMs: 4,
      statusCode: 409
    }

      at write (src/observability/safeLogger.js:178:17)

  console.info
    {
      component: 'http',
      event: 'request_completed',
      requestId: '9da47d10-9837-4c64-a6d4-0f86675e953a',
      methodClass: 'PUT',
      durationMs: 5,
      statusCode: 200
    }

      at write (src/observability/safeLogger.js:178:17)

  console.info
    {
      component: 'http',
      event: 'request_completed',
      requestId: '48f6fd0a-0f55-46c4-a270-72ca8b64ba9e',
      methodClass: 'PUT',
      durationMs: 5,
      statusCode: 409
    }

      at write (src/observability/safeLogger.js:178:17)

  console.info
    {
      component: 'http',
      event: 'request_completed',
      requestId: 'd6bb6fb5-3ce1-40a0-b24e-fcdfa29dc849',
      methodClass: 'GET',
      durationMs: 0,
      statusCode: 401
    }

      at write (src/observability/safeLogger.js:178:17)

  console.info
    {
      component: 'http',
      event: 'request_completed',
      requestId: 'cbe35a69-c160-4d69-a93a-b38c567f22f2',
      methodClass: 'PUT',
      durationMs: 0,
      statusCode: 401
    }

      at write (src/observability/safeLogger.js:178:17)

  console.info
    {
      component: 'http',
      event: 'request_completed',
      requestId: 'd75c81cc-256d-4ca9-9c48-d5c41529c074',
      methodClass: 'PUT',
      durationMs: 2,
      statusCode: 400
    }

      at write (src/observability/safeLogger.js:178:17)

  console.warn
    [MapPreferences] Canonical authority unavailable: {
      event: 'map_preferences_authority_unavailable',
      requestId: 'unavailable'
    }

      24 |     });
      25 |   }
    > 26 |   console.warn('[MapPreferences] Canonical authority unavailable:', {
         |           ^
      27 |     event: 'map_preferences_authority_unavailable',
      28 |     requestId: requestId(req),
      29 |   });

      at warn (src/routes/mapPreferences.js:26:11)
      at failure (src/routes/mapPreferences.js:59:14)

  console.warn
    [MapPreferences] Canonical authority unavailable: {
      event: 'map_preferences_authority_unavailable',
      requestId: 'unavailable'
    }

      24 |     });
      25 |   }
    > 26 |   console.warn('[MapPreferences] Canonical authority unavailable:', {
         |           ^
      27 |     event: 'map_preferences_authority_unavailable',
      28 |     requestId: requestId(req),
      29 |   });

      at warn (src/routes/mapPreferences.js:26:11)
      at failure (src/routes/mapPreferences.js:83:16)

  console.info
    {
      component: 'http',
      event: 'request_completed',
      requestId: '58a918cd-f762-42ef-b7ec-b7aed0bd5f31',
      methodClass: 'GET',
      durationMs: 5,
      statusCode: 200
    }

      at write (src/observability/safeLogger.js:178:17)

  console.info
    {
      component: 'http',
      event: 'request_completed',
      requestId: '5b359359-5dbf-487d-a7e9-815e21b5fdc3',
      methodClass: 'GET',
      durationMs: 3,
      statusCode: 200
    }

      at write (src/observability/safeLogger.js:178:17)

  console.info
    {
      component: 'http',
      event: 'request_completed',
      requestId: '9620c260-fd09-4fc7-aa7b-61c7d94d33cd',
      methodClass: 'PUT',
      durationMs: 4,
      statusCode: 200
    }

      at write (src/observability/safeLogger.js:178:17)

  console.info
    {
      component: 'http',
      event: 'request_completed',
      requestId: '666a2a5f-a52f-4de2-8ead-37127f48a392',
      methodClass: 'GET',
      durationMs: 5,
      statusCode: 200
    }

      at write (src/observability/safeLogger.js:178:17)

  console.info
    {
      component: 'http',
      event: 'request_completed',
      requestId: '8442d5fb-beaa-4c76-8f95-69b982c4c469',
      methodClass: 'GET',
      durationMs: 3,
      statusCode: 200
    }

      at write (src/observability/safeLogger.js:178:17)

  console.warn
    [MapPreferences] Canonical authority unavailable: {
      event: 'map_preferences_authority_unavailable',
      requestId: 'unavailable'
    }

      24 |     });
      25 |   }
    > 26 |   console.warn('[MapPreferences] Canonical authority unavailable:', {
         |           ^
      27 |     event: 'map_preferences_authority_unavailable',
      28 |     requestId: requestId(req),
      29 |   });

      at warn (src/routes/mapPreferences.js:26:11)
      at failure (src/routes/mapPreferences.js:83:16)

  console.info
    {
      component: 'http',
      event: 'request_completed',
      requestId: 'e921875a-0b86-43a2-b2e0-1e674a2aedf8',
      methodClass: 'GET',
      durationMs: 3,
      statusCode: 200
    }

      at write (src/observability/safeLogger.js:178:17)

  console.warn
    [MapPreferences] Canonical authority unavailable: {
      event: 'map_preferences_authority_unavailable',
      requestId: 'unavailable'
    }

      24 |     });
      25 |   }
    > 26 |   console.warn('[MapPreferences] Canonical authority unavailable:', {
         |           ^
      27 |     event: 'map_preferences_authority_unavailable',
      28 |     requestId: requestId(req),
      29 |   });

      at warn (src/routes/mapPreferences.js:26:11)
      at failure (src/routes/mapPreferences.js:104:14)

  console.info
    {
      component: 'http',
      event: 'request_completed',
      requestId: 'd22e9ad5-6c70-4fbc-8bb9-abb4a93963e7',
      methodClass: 'GET',
      durationMs: 4,
      statusCode: 200
    }

      at write (src/observability/safeLogger.js:178:17)

  console.info
    {
      component: 'http',
      event: 'request_completed',
      requestId: '19445b9a-bf32-4116-8593-6484c8c56d0f',
      methodClass: 'PUT',
      durationMs: 5,
      statusCode: 200
    }

      at write (src/observability/safeLogger.js:178:17)

  console.info
    {
      component: 'http',
      event: 'request_completed',
      requestId: '293b44eb-197b-4ff3-bdcb-d9905b504ebc',
      methodClass: 'PUT',
      durationMs: 6,
      statusCode: 409
    }

      at write (src/observability/safeLogger.js:178:17)

  console.info
    {
      component: 'http',
      event: 'request_completed',
      requestId: '99ab63c0-e522-4fe8-9df7-c75a078dd1d2',
      methodClass: 'PUT',
      durationMs: 4,
      statusCode: 200
    }

      at write (src/observability/safeLogger.js:178:17)

  console.info
    {
      component: 'http',
      event: 'request_completed',
      requestId: '5f9faf07-779a-467d-b1d4-5b0a272f3e29',
      methodClass: 'PUT',
      durationMs: 5,
      statusCode: 200
    }

      at write (src/observability/safeLogger.js:178:17)

  console.log
    [DB] Migration applied: 001_initial_schema.sql

      at log (src/db.js:1312:42)

  console.log
    [DB] Migration applied: 002_seed_data.sql

      at log (src/db.js:1312:42)

  console.log
    [DB] Migration applied: 003_voice_sessions.sql

      at log (src/db.js:1312:42)

  console.log
    [DB] Migration applied: 004_canonical_persistence_v2.sql

      at log (src/db.js:1312:42)

  console.log
    [DB] Migration applied: 005_canonical_organization_authority.sql

      at log (src/db.js:1312:42)

  console.log
    [DB] Migration applied: 006_canonical_voice_sessions.sql

      at log (src/db.js:1312:42)

  console.log
    [DB] Migration applied: 007_canonical_tax_authority.sql

      at log (src/db.js:1312:42)

  console.log
    [DB] Migration applied: 008_canonical_demo_authority.sql

      at log (src/db.js:1312:42)

  console.log
    [DB] Migration applied: 009_canonical_voice_provider_identity.sql

      at log (src/db.js:1312:42)

  console.log
    [DB] Migration applied: 010_account_session_authority.sql

      at log (src/db.js:1312:42)

  console.log
    [DB] Migration applied: 011_oauth_authorization_states.sql

      at log (src/db.js:1312:42)

  console.log
    [DB] Migration applied: 012_account_verification_trial.sql

      at log (src/db.js:1312:42)

  console.log
    [DB] Migration applied: 015_workforce_authority.sql

      at log (src/db.js:1312:42)

  console.log
    [DB] Migration applied: 016_tenant_asset_catalogue.sql

      at log (src/db.js:1312:42)

  console.log
    [DB] Migration applied: 017_retell_webhook_replay_authority.sql

      at log (src/db.js:1312:42)

  console.log
    [DB] Migration applied: 018_canonical_map_preferences.sql

      at log (src/db.js:1312:42)

  console.log
    [DB] Migration applied: 019_account_email_outbox.sql

      at log (src/db.js:1312:42)

  console.log
    [DB] Migration applied: 020_canonical_workforce_access_roles.sql

      at log (src/db.js:1312:42)

  console.log
    [DB] Migration applied: 021_bounded_api_observability.sql

      at log (src/db.js:1312:42)

  console.log
    [DB] Migration applied: 022_demo_command_center_sessions.sql

      at log (src/db.js:1312:42)

  console.log
    [DB] Migration applied: 023_homepage_demo_admission.sql

      at log (src/db.js:1312:42)

  console.log
    [DB] Migration applied: 024_homepage_verified_purge_receipt.sql

      at log (src/db.js:1312:42)

  console.log
    [DB] Migration applied: 025_provider_agnostic_knowledge_registry.sql

      at log (src/db.js:1312:42)

  console.log
    [DB] Migration applied: 026_canonical_knowledge_review_publication.sql

      at log (src/db.js:1312:42)

  console.log
    [DB] Migration applied: 027_canonical_knowledge_audit_graph_authority.sql

      at log (src/db.js:1312:42)

  console.log
    [DB] Migration applied: 028_canonical_knowledge_immutable_lifecycle.sql

      at log (src/db.js:1312:42)

  console.log
    [DB] Migration applied: 029_canonical_knowledge_transactional_sync.sql

      at log (src/db.js:1312:42)

  console.log
    [DB] Migration applied: 030_canonical_knowledge_sync_revocation.sql

      at log (src/db.js:1312:42)

  console.log
    [DB] Migration applied: 031_canonical_knowledge_sync_recovery_lifecycle.sql

      at log (src/db.js:1312:42)

  console.log
    [DB] Migration applied: 032_canonical_schedule_assignment_authority.sql

      at log (src/db.js:1312:42)

  console.log
    [DB] Migration applied: 033_canonical_schedule_time_evidence.sql

      at log (src/db.js:1312:42)

  console.log
    [DB] Migration applied: 034_schedule_availability_conflict_authority.sql

      at log (src/db.js:1312:42)

  console.log
    [DB] Migration applied: 035_schedule_human_preview_approval.sql

      at log (src/db.js:1312:42)

  console.log
    [DB] Migration applied: 001_initial_schema.sql

      at log (src/db.js:1312:42)

  console.log
    [DB] Migration applied: 002_seed_data.sql

      at log (src/db.js:1312:42)

  console.log
    [DB] Migration applied: 003_voice_sessions.sql

      at log (src/db.js:1312:42)

  console.log
    [DB] Migration applied: 004_canonical_persistence_v2.sql

      at log (src/db.js:1312:42)

  console.log
    [DB] Migration applied: 005_canonical_organization_authority.sql

      at log (src/db.js:1312:42)

  console.log
    [DB] Migration applied: 006_canonical_voice_sessions.sql

      at log (src/db.js:1312:42)

  console.log
    [DB] Migration applied: 007_canonical_tax_authority.sql

      at log (src/db.js:1312:42)

  console.log
    [DB] Migration applied: 008_canonical_demo_authority.sql

      at log (src/db.js:1312:42)

  console.log
    [DB] Migration applied: 009_canonical_voice_provider_identity.sql

      at log (src/db.js:1312:42)

  console.log
    [DB] Migration applied: 010_account_session_authority.sql

      at log (src/db.js:1312:42)

  console.log
    [DB] Migration applied: 011_oauth_authorization_states.sql

      at log (src/db.js:1312:42)

  console.log
    [DB] Migration applied: 012_account_verification_trial.sql

      at log (src/db.js:1312:42)

  console.log
    [DB] Migration applied: 015_workforce_authority.sql

      at log (src/db.js:1312:42)

  console.log
    [DB] Migration applied: 016_tenant_asset_catalogue.sql

      at log (src/db.js:1312:42)

  console.log
    [DB] Migration applied: 017_retell_webhook_replay_authority.sql

      at log (src/db.js:1312:42)

  console.log
    [DB] Migration applied: 018_canonical_map_preferences.sql

      at log (src/db.js:1312:42)

  console.log
    [DB] Migration applied: 019_account_email_outbox.sql

      at log (src/db.js:1312:42)

  console.log
    [DB] Migration applied: 020_canonical_workforce_access_roles.sql

      at log (src/db.js:1312:42)

  console.log
    [DB] Migration applied: 021_bounded_api_observability.sql

      at log (src/db.js:1312:42)

  console.log
    [DB] Migration applied: 022_demo_command_center_sessions.sql

      at log (src/db.js:1312:42)

  console.log
    [DB] Migration applied: 023_homepage_demo_admission.sql

      at log (src/db.js:1312:42)

  console.log
    [DB] Migration applied: 024_homepage_verified_purge_receipt.sql

      at log (src/db.js:1312:42)

  console.log
    [DB] Migration applied: 025_provider_agnostic_knowledge_registry.sql

      at log (src/db.js:1312:42)

  console.log
    [DB] Migration applied: 026_canonical_knowledge_review_publication.sql

      at log (src/db.js:1312:42)

  console.log
    [DB] Migration applied: 027_canonical_knowledge_audit_graph_authority.sql

      at log (src/db.js:1312:42)

  console.log
    [DB] Migration applied: 028_canonical_knowledge_immutable_lifecycle.sql

      at log (src/db.js:1312:42)

  console.log
    [DB] Migration applied: 029_canonical_knowledge_transactional_sync.sql

      at log (src/db.js:1312:42)

  console.log
    [DB] Migration applied: 030_canonical_knowledge_sync_revocation.sql

      at log (src/db.js:1312:42)

  console.log
    [DB] Migration applied: 031_canonical_knowledge_sync_recovery_lifecycle.sql

      at log (src/db.js:1312:42)

  console.log
    [DB] Migration applied: 032_canonical_schedule_assignment_authority.sql

      at log (src/db.js:1312:42)

  console.log
    [DB] Migration applied: 033_canonical_schedule_time_evidence.sql

      at log (src/db.js:1312:42)

  console.log
    [DB] Migration applied: 034_schedule_availability_conflict_authority.sql

      at log (src/db.js:1312:42)

  console.log
    [DB] Migration applied: 035_schedule_human_preview_approval.sql

      at log (src/db.js:1312:42)

  console.info
    {
      component: 'http',
      event: 'request_completed',
      requestId: 'fd1a4ee4-a23a-42e2-8e78-bc2f35a102d5',
      methodClass: 'GET',
      durationMs: 14,
      statusCode: 200
    }

      at write (src/observability/safeLogger.js:178:17)

  console.info
    {
      component: 'http',
      event: 'request_completed',
      requestId: 'a25d5a49-3cf1-4fd6-aff7-f869c0d72f40',
      methodClass: 'PUT',
      durationMs: 25,
      statusCode: 200
    }

      at write (src/observability/safeLogger.js:178:17)

  console.info
    {
      component: 'http',
      event: 'request_completed',
      requestId: 'f2ea772f-c560-4780-85c4-af9817487db6',
      methodClass: 'PUT',
      durationMs: 60,
      statusCode: 200
    }

      at write (src/observability/safeLogger.js:178:17)

  console.info
    {
      component: 'http',
      event: 'request_completed',
      requestId: '994580a1-5030-4e58-baa6-003ce85e2816',
      methodClass: 'PUT',
      durationMs: 3,
      statusCode: 403
    }

      at write (src/observability/safeLogger.js:178:17)

  console.info
    {
      component: 'http',
      event: 'request_completed',
      requestId: 'da476b05-9358-445e-8dbd-5bb7796e4f80',
      methodClass: 'PUT',
      durationMs: 2,
      statusCode: 400
    }

      at write (src/observability/safeLogger.js:178:17)

  console.info
    {
      component: 'http',
      event: 'request_completed',
      requestId: 'b2e6ceec-c673-41eb-95f7-f083e47ac355',
      methodClass: 'PUT',
      durationMs: 3,
      statusCode: 400
    }

      at write (src/observability/safeLogger.js:178:17)

  console.info
    {
      component: 'http',
      event: 'request_completed',
      requestId: '0e04e151-f554-4419-8c92-d67328183c2a',
      methodClass: 'PUT',
      durationMs: 3,
      statusCode: 400
    }

      at write (src/observability/safeLogger.js:178:17)

  console.info
    {
      component: 'http',
      event: 'request_completed',
      requestId: '6e3cf273-4d52-49c2-ab81-295cb38e6a70',
      methodClass: 'PUT',
      durationMs: 3,
      statusCode: 400
    }

      at write (src/observability/safeLogger.js:178:17)

  console.info
    {
      component: 'http',
      event: 'request_completed',
      requestId: 'b21a27cf-a1ca-4de7-85da-6a16b670b8b5',
      methodClass: 'POST',
      durationMs: 3,
      statusCode: 403
    }

      at write (src/observability/safeLogger.js:178:17)

  console.info
    {
      component: 'retell',
      event: 'create_call_prepared',
      variableCount: 20
    }

      at write (src/observability/safeLogger.js:178:17)

  console.info
    {
      component: 'retell',
      event: 'request_started',
      methodClass: 'POST',
      attempt: 1
    }

      at write (src/observability/safeLogger.js:178:17)

  console.info
    {
      component: 'retell',
      event: 'response_received',
      attempt: 1,
      statusCode: 200
    }

      at write (src/observability/safeLogger.js:178:17)

  console.info
    {
      component: 'retell',
      event: 'create_call_succeeded',
      attempt: 1,
      maxAttempts: 3
    }

      at write (src/observability/safeLogger.js:178:17)

  console.info
    {
      component: 'http',
      event: 'request_completed',
      requestId: '49422911-12d9-4bab-8840-255f05ac0955',
      methodClass: 'POST',
      durationMs: 18,
      statusCode: 200
    }

      at write (src/observability/safeLogger.js:178:17)

  console.log
    [DB] Migration applied: 001_initial_schema.sql

      at log (src/db.js:1312:42)

  console.log
    [DB] Migration applied: 002_seed_data.sql

      at log (src/db.js:1312:42)

  console.log
    [DB] Migration applied: 003_voice_sessions.sql

      at log (src/db.js:1312:42)

  console.log
    [DB] Migration applied: 004_canonical_persistence_v2.sql

      at log (src/db.js:1312:42)

  console.log
    [DB] Migration applied: 005_canonical_organization_authority.sql

      at log (src/db.js:1312:42)

  console.log
    [DB] Migration applied: 006_canonical_voice_sessions.sql

      at log (src/db.js:1312:42)

  console.log
    [DB] Migration applied: 007_canonical_tax_authority.sql

      at log (src/db.js:1312:42)

  console.log
    [DB] Migration applied: 008_canonical_demo_authority.sql

      at log (src/db.js:1312:42)

  console.log
    [DB] Migration applied: 009_canonical_voice_provider_identity.sql

      at log (src/db.js:1312:42)

  console.log
    [DB] Migration applied: 010_account_session_authority.sql

      at log (src/db.js:1312:42)

  console.log
    [DB] Migration applied: 011_oauth_authorization_states.sql

      at log (src/db.js:1312:42)

  console.log
    [DB] Migration applied: 012_account_verification_trial.sql

      at log (src/db.js:1312:42)

  console.log
    [DB] Migration applied: 015_workforce_authority.sql

      at log (src/db.js:1312:42)

  console.log
    [DB] Migration applied: 016_tenant_asset_catalogue.sql

      at log (src/db.js:1312:42)

  console.log
    [DB] Migration applied: 017_retell_webhook_replay_authority.sql

      at log (src/db.js:1312:42)

  console.log
    [DB] Migration applied: 018_canonical_map_preferences.sql

      at log (src/db.js:1312:42)

  console.log
    [DB] Migration applied: 019_account_email_outbox.sql

      at log (src/db.js:1312:42)

  console.log
    [DB] Migration applied: 020_canonical_workforce_access_roles.sql

      at log (src/db.js:1312:42)

  console.log
    [DB] Migration applied: 021_bounded_api_observability.sql

      at log (src/db.js:1312:42)

  console.log
    [DB] Migration applied: 022_demo_command_center_sessions.sql

      at log (src/db.js:1312:42)

  console.log
    [DB] Migration applied: 023_homepage_demo_admission.sql

      at log (src/db.js:1312:42)

  console.log
    [DB] Migration applied: 024_homepage_verified_purge_receipt.sql

      at log (src/db.js:1312:42)

  console.log
    [DB] Migration applied: 025_provider_agnostic_knowledge_registry.sql

      at log (src/db.js:1312:42)

  console.log
    [DB] Migration applied: 026_canonical_knowledge_review_publication.sql

      at log (src/db.js:1312:42)

  console.log
    [DB] Migration applied: 027_canonical_knowledge_audit_graph_authority.sql

      at log (src/db.js:1312:42)

  console.log
    [DB] Migration applied: 028_canonical_knowledge_immutable_lifecycle.sql

      at log (src/db.js:1312:42)

  console.log
    [DB] Migration applied: 029_canonical_knowledge_transactional_sync.sql

      at log (src/db.js:1312:42)

  console.log
    [DB] Migration applied: 030_canonical_knowledge_sync_revocation.sql

      at log (src/db.js:1312:42)

  console.log
    [DB] Migration applied: 031_canonical_knowledge_sync_recovery_lifecycle.sql

      at log (src/db.js:1312:42)

  console.log
    [DB] Migration applied: 032_canonical_schedule_assignment_authority.sql

      at log (src/db.js:1312:42)

  console.log
    [DB] Migration applied: 033_canonical_schedule_time_evidence.sql

      at log (src/db.js:1312:42)

  console.log
    [DB] Migration applied: 034_schedule_availability_conflict_authority.sql

      at log (src/db.js:1312:42)

  console.log
    [DB] Migration applied: 035_schedule_human_preview_approval.sql

      at log (src/db.js:1312:42)

  console.info
    {
      component: 'http',
      event: 'request_completed',
      requestId: '413d0275-1b1f-4329-ba24-4e52683f5966',
      methodClass: 'GET',
      durationMs: 4,
      statusCode: 200
    }

      at write (src/observability/safeLogger.js:178:17)

  console.info
    {
      component: 'http',
      event: 'request_completed',
      requestId: 'c92a22fd-2320-4fdf-a014-7883fdb3747b',
      methodClass: 'GET',
      durationMs: 3,
      statusCode: 200
    }

      at write (src/observability/safeLogger.js:178:17)

  console.info
    {
      component: 'http',
      event: 'request_completed',
      requestId: '14c28e52-c11c-4249-b180-d41c5ffa8af9',
      methodClass: 'GET',
      durationMs: 3,
      statusCode: 200
    }

      at write (src/observability/safeLogger.js:178:17)

  console.info
    {
      component: 'http',
      event: 'request_completed',
      requestId: '8d2012c4-7dca-4ac8-aef7-1368262c3246',
      methodClass: 'GET',
      durationMs: 3,
      statusCode: 200
    }

      at write (src/observability/safeLogger.js:178:17)

  console.info
    {
      component: 'http',
      event: 'request_completed',
      requestId: 'b4c24c5a-8751-411a-9ba6-8e9ecf42a177',
      methodClass: 'GET',
      durationMs: 4,
      statusCode: 200
    }

      at write (src/observability/safeLogger.js:178:17)

  console.info
    {
      component: 'http',
      event: 'request_completed',
      requestId: '56d8442e-4dc8-41f5-a1d8-2106a4b14caf',
      methodClass: 'GET',
      durationMs: 1,
      statusCode: 401
    }

      at write (src/observability/safeLogger.js:178:17)

  console.info
    {
      component: 'http',
      event: 'request_completed',
      requestId: '00a1d41b-ebde-4954-91e0-277abbd0b18e',
      methodClass: 'GET',
      durationMs: 42,
      statusCode: 200
    }

      at write (src/observability/safeLogger.js:178:17)

  console.info
    {
      component: 'http',
      event: 'request_completed',
      requestId: 'db4cc427-65bc-45da-8f60-eb5d34185e15',
      methodClass: 'GET',
      durationMs: 3,
      statusCode: 200
    }

      at write (src/observability/safeLogger.js:178:17)

  console.log
    [DB] Migration applied: 001_initial_schema.sql

      at log (src/db.js:1312:42)

  console.log
    [DB] Migration applied: 002_seed_data.sql

      at log (src/db.js:1312:42)

  console.log
    [DB] Migration applied: 003_voice_sessions.sql

      at log (src/db.js:1312:42)

  console.log
    [DB] Migration applied: 004_canonical_persistence_v2.sql

      at log (src/db.js:1312:42)

  console.log
    [DB] Migration applied: 005_canonical_organization_authority.sql

      at log (src/db.js:1312:42)

  console.log
    [DB] Migration applied: 006_canonical_voice_sessions.sql

      at log (src/db.js:1312:42)

  console.log
    [DB] Migration applied: 007_canonical_tax_authority.sql

      at log (src/db.js:1312:42)

  console.log
    [DB] Migration applied: 008_canonical_demo_authority.sql

      at log (src/db.js:1312:42)

  console.log
    [DB] Migration applied: 009_canonical_voice_provider_identity.sql

      at log (src/db.js:1312:42)

  console.log
    [DB] Migration applied: 010_account_session_authority.sql

      at log (src/db.js:1312:42)

  console.log
    [DB] Migration applied: 011_oauth_authorization_states.sql

      at log (src/db.js:1312:42)

  console.log
    [DB] Migration applied: 012_account_verification_trial.sql

      at log (src/db.js:1312:42)

  console.log
    [DB] Migration applied: 015_workforce_authority.sql

      at log (src/db.js:1312:42)

  console.log
    [DB] Migration applied: 016_tenant_asset_catalogue.sql

      at log (src/db.js:1312:42)

  console.log
    [DB] Migration applied: 017_retell_webhook_replay_authority.sql

      at log (src/db.js:1312:42)

  console.log
    [DB] Migration applied: 018_canonical_map_preferences.sql

      at log (src/db.js:1312:42)

  console.log
    [DB] Migration applied: 019_account_email_outbox.sql

      at log (src/db.js:1312:42)

  console.log
    [DB] Migration applied: 020_canonical_workforce_access_roles.sql

      at log (src/db.js:1312:42)

  console.log
    [DB] Migration applied: 021_bounded_api_observability.sql

      at log (src/db.js:1312:42)

  console.log
    [DB] Migration applied: 022_demo_command_center_sessions.sql

      at log (src/db.js:1312:42)

  console.log
    [DB] Migration applied: 023_homepage_demo_admission.sql

      at log (src/db.js:1312:42)

  console.log
    [DB] Migration applied: 024_homepage_verified_purge_receipt.sql

      at log (src/db.js:1312:42)

  console.log
    [DB] Migration applied: 025_provider_agnostic_knowledge_registry.sql

      at log (src/db.js:1312:42)

  console.log
    [DB] Migration applied: 026_canonical_knowledge_review_publication.sql

      at log (src/db.js:1312:42)

  console.log
    [DB] Migration applied: 027_canonical_knowledge_audit_graph_authority.sql

      at log (src/db.js:1312:42)

  console.log
    [DB] Migration applied: 028_canonical_knowledge_immutable_lifecycle.sql

      at log (src/db.js:1312:42)

  console.log
    [DB] Migration applied: 029_canonical_knowledge_transactional_sync.sql

      at log (src/db.js:1312:42)

  console.log
    [DB] Migration applied: 030_canonical_knowledge_sync_revocation.sql

      at log (src/db.js:1312:42)

  console.log
    [DB] Migration applied: 031_canonical_knowledge_sync_recovery_lifecycle.sql

      at log (src/db.js:1312:42)

  console.log
    [DB] Migration applied: 032_canonical_schedule_assignment_authority.sql

      at log (src/db.js:1312:42)

  console.log
    [DB] Migration applied: 033_canonical_schedule_time_evidence.sql

      at log (src/db.js:1312:42)

  console.log
    [DB] Migration applied: 034_schedule_availability_conflict_authority.sql

      at log (src/db.js:1312:42)

  console.log
    [DB] Migration applied: 035_schedule_human_preview_approval.sql

      at log (src/db.js:1312:42)

  console.info
    {
      component: 'http',
      event: 'request_completed',
      requestId: 'de9a7c06-644a-46fa-b2a5-0587bea7026a',
      methodClass: 'GET',
      durationMs: 5,
      statusCode: 200
    }

      at write (src/observability/safeLogger.js:178:17)

  console.info
    {
      component: 'http',
      event: 'request_completed',
      requestId: '40c4668a-8a60-45b1-b17a-0b753ae78e52',
      methodClass: 'PUT',
      durationMs: 10,
      statusCode: 200
    }

      at write (src/observability/safeLogger.js:178:17)

  console.info
    {
      component: 'http',
      event: 'request_completed',
      requestId: 'bba2bdfd-d289-4122-a87e-c555d0cefdb2',
      methodClass: 'GET',
      durationMs: 5,
      statusCode: 200
    }

      at write (src/observability/safeLogger.js:178:17)

  console.info
    {
      component: 'http',
      event: 'request_completed',
      requestId: '271f8285-f664-4945-b8c3-b123df695574',
      methodClass: 'PUT',
      durationMs: 3,
      statusCode: 400
    }

      at write (src/observability/safeLogger.js:178:17)

  console.info
    {
      component: 'http',
      event: 'request_completed',
      requestId: 'ce0fd449-4235-4ede-9638-003ead6151e0',
      methodClass: 'PUT',
      durationMs: 2,
      statusCode: 400
    }

      at write (src/observability/safeLogger.js:178:17)

  console.info
    {
      component: 'http',
      event: 'request_completed',
      requestId: 'e924a928-a07e-44d9-a863-8b40b01df772',
      methodClass: 'PUT',
      durationMs: 2,
      statusCode: 400
    }

      at write (src/observability/safeLogger.js:178:17)

  console.info
    {
      component: 'http',
      event: 'request_completed',
      requestId: '74e441da-7b70-47b3-b22a-a868ca0332da',
      methodClass: 'PUT',
      durationMs: 3,
      statusCode: 400
    }

      at write (src/observability/safeLogger.js:178:17)

  console.info
    {
      component: 'http',
      event: 'request_completed',
      requestId: '3634f062-6e4a-49e9-b8df-b32bb43f32a8',
      methodClass: 'PUT',
      durationMs: 2,
      statusCode: 400
    }

      at write (src/observability/safeLogger.js:178:17)

  console.info
    {
      component: 'http',
      event: 'request_completed',
      requestId: '3af21a4a-2b1d-4768-b2b7-9c1c4d5eccc1',
      methodClass: 'PUT',
      durationMs: 2,
      statusCode: 400
    }

      at write (src/observability/safeLogger.js:178:17)

  console.info
    {
      component: 'http',
      event: 'request_completed',
      requestId: '5eb61a27-ebf7-4a50-8111-787ea2e4ae60',
      methodClass: 'PUT',
      durationMs: 2,
      statusCode: 400
    }

      at write (src/observability/safeLogger.js:178:17)

  console.info
    {
      component: 'http',
      event: 'request_completed',
      requestId: 'c3ef3c2c-9bd0-45da-85e5-dd3a79d1c50b',
      methodClass: 'PUT',
      durationMs: 2,
      statusCode: 400
    }

      at write (src/observability/safeLogger.js:178:17)

  console.info
    {
      component: 'http',
      event: 'request_completed',
      requestId: 'ec9228a6-bd94-4736-88eb-3ae6c5ac426f',
      methodClass: 'PUT',
      durationMs: 3,
      statusCode: 400
    }

      at write (src/observability/safeLogger.js:178:17)

  console.info
    {
      component: 'http',
      event: 'request_completed',
      requestId: '34a4570b-da71-4494-b49c-9cec117755c0',
      methodClass: 'PUT',
      durationMs: 2,
      statusCode: 400
    }

      at write (src/observability/safeLogger.js:178:17)

  console.info
    {
      component: 'http',
      event: 'request_completed',
      requestId: '5304038a-3206-4a66-bbe4-bc1c80f886d6',
      methodClass: 'PUT',
      durationMs: 2,
      statusCode: 400
    }

      at write (src/observability/safeLogger.js:178:17)

  console.info
    {
      component: 'http',
      event: 'request_completed',
      requestId: 'b45f47e4-25da-40ee-8808-3fb2152fd913',
      methodClass: 'PUT',
      durationMs: 3,
      statusCode: 400
    }

      at write (src/observability/safeLogger.js:178:17)

  console.info
    {
      component: 'http',
      event: 'request_completed',
      requestId: '21d06fe6-38c1-45ad-8960-1193baf7df74',
      methodClass: 'GET',
      durationMs: 3,
      statusCode: 200
    }

      at write (src/observability/safeLogger.js:178:17)

  console.info
    {
      component: 'http',
      event: 'request_completed',
      requestId: 'd7b2aa7f-d08c-46a7-b945-3c1467256e35',
      methodClass: 'PUT',
      durationMs: 2,
      statusCode: 403
    }

      at write (src/observability/safeLogger.js:178:17)

  console.info
    {
      component: 'http',
      event: 'request_completed',
      requestId: '1a6e10de-ffa1-4476-8389-10a4c6eead91',
      methodClass: 'GET',
      durationMs: 4,
      statusCode: 200
    }

      at write (src/observability/safeLogger.js:178:17)

  console.info
    {
      component: 'http',
      event: 'request_completed',
      requestId: 'b9502a5a-abeb-4578-bbee-486599b195a3',
      methodClass: 'PUT',
      durationMs: 2,
      statusCode: 403
    }

      at write (src/observability/safeLogger.js:178:17)

  console.info
    {
      component: 'http',
      event: 'request_completed',
      requestId: '8aa69e25-e84c-4f11-a2fb-ff6263cb1783',
      methodClass: 'PUT',
      durationMs: 1,
      statusCode: 401
    }

      at write (src/observability/safeLogger.js:178:17)

  console.info
    {
      component: 'http',
      event: 'request_completed',
      requestId: 'a93c75a3-b6f1-46ed-a455-4b95b0871a3d',
      methodClass: 'PUT',
      durationMs: 2,
      statusCode: 403
    }

      at write (src/observability/safeLogger.js:178:17)

  console.info
    {
      component: 'http',
      event: 'request_completed',
      requestId: '03598bcb-7139-4197-ab56-e8b24031d805',
      methodClass: 'PUT',
      durationMs: 8,
      statusCode: 200
    }

      at write (src/observability/safeLogger.js:178:17)

  console.info
    {
      component: 'http',
      event: 'request_completed',
      requestId: 'e8432290-58d4-4273-a7c1-e225e0bcdc38',
      methodClass: 'PUT',
      durationMs: 4,
      statusCode: 409
    }

      at write (src/observability/safeLogger.js:178:17)

  console.info
    {
      component: 'http',
      event: 'request_completed',
      requestId: '17d3aa82-5f49-44d6-a433-a94e42445bc7',
      methodClass: 'PUT',
      durationMs: 8,
      statusCode: 200
    }

      at write (src/observability/safeLogger.js:178:17)

  console.info
    {
      component: 'http',
      event: 'request_completed',
      requestId: 'a960aadb-4ea4-4c72-9f26-606210939d27',
      methodClass: 'PUT',
      durationMs: 9,
      statusCode: 409
    }

      at write (src/observability/safeLogger.js:178:17)

  console.info
    {
      component: 'http',
      event: 'request_completed',
      requestId: 'b7c221ae-f210-40d5-833d-50a76cf6584b',
      methodClass: 'GET',
      durationMs: 5,
      statusCode: 200
    }

      at write (src/observability/safeLogger.js:178:17)

  console.info
    {
      component: 'http',
      event: 'request_completed',
      requestId: 'db36cfda-3f6d-4b2b-94c3-00b625b539ba',
      methodClass: 'PUT',
      durationMs: 3,
      statusCode: 400
    }

      at write (src/observability/safeLogger.js:178:17)

  console.info
    {
      component: 'http',
      event: 'request_completed',
      requestId: '3099fb54-eea4-41b6-97de-d463cf7d812f',
      methodClass: 'PUT',
      durationMs: 20,
      statusCode: 200
    }

      at write (src/observability/safeLogger.js:178:17)

  console.info
    {
      component: 'http',
      event: 'request_completed',
      requestId: 'd4704867-75d2-474d-9904-b87030f027a0',
      methodClass: 'PUT',
      durationMs: 2,
      statusCode: 400
    }

      at write (src/observability/safeLogger.js:178:17)

  console.info
    {
      component: 'http',
      event: 'request_completed',
      requestId: 'bdc34cb6-71c7-489e-b2ef-f65d4c44976a',
      methodClass: 'PUT',
      durationMs: 8,
      statusCode: 200
    }

      at write (src/observability/safeLogger.js:178:17)

  console.info
    {
      component: 'http',
      event: 'request_completed',
      requestId: '6adad7d3-aa56-4d04-92bd-f0705fb7d9ca',
      methodClass: 'PUT',
      durationMs: 7,
      statusCode: 200
    }

      at write (src/observability/safeLogger.js:178:17)

  console.info
    {
      component: 'http',
      event: 'request_completed',
      requestId: 'df700747-1f98-464b-bc78-f877da8dded3',
      methodClass: 'PUT',
      durationMs: 4,
      statusCode: 409
    }

      at write (src/observability/safeLogger.js:178:17)

  console.info
    {
      component: 'http',
      event: 'request_completed',
      requestId: 'be1edc2f-2a3d-4031-8661-23d78c1d2476',
      methodClass: 'PUT',
      durationMs: 2,
      statusCode: 400
    }

      at write (src/observability/safeLogger.js:178:17)

  console.info
    {
      component: 'http',
      event: 'request_completed',
      requestId: 'ca9f5621-87ca-4f82-821a-cced6dd55bf9',
      methodClass: 'PUT',
      durationMs: 2,
      statusCode: 400
    }

      at write (src/observability/safeLogger.js:178:17)

  console.info
    {
      component: 'http',
      event: 'request_completed',
      requestId: '98ca732d-fe49-4f87-af22-1ea86dccc245',
      methodClass: 'PUT',
      durationMs: 2,
      statusCode: 400
    }

      at write (src/observability/safeLogger.js:178:17)

  console.info
    {
      component: 'http',
      event: 'request_completed',
      requestId: 'ad391ff7-7004-4ea3-9ec7-066aad9f39fb',
      methodClass: 'PUT',
      durationMs: 2,
      statusCode: 400
    }

      at write (src/observability/safeLogger.js:178:17)

  console.info
    {
      component: 'http',
      event: 'request_completed',
      requestId: '3e1abf56-9191-4aaa-902b-e7e9406dd5d9',
      methodClass: 'GET',
      durationMs: 3,
      statusCode: 200
    }

      at write (src/observability/safeLogger.js:178:17)

  console.log
    [DB] Migration applied: 001_initial_schema.sql

      at Object.log [as runMigrations] (src/db.js:1312:42)

  console.log
    [DB] Migration applied: 002_seed_data.sql

      at Object.log [as runMigrations] (src/db.js:1312:42)

  console.log
    [DB] Migration applied: 003_voice_sessions.sql

      at Object.log [as runMigrations] (src/db.js:1312:42)

  console.log
    [DB] Migration applied: 004_canonical_persistence_v2.sql

      at Object.log [as runMigrations] (src/db.js:1312:42)

  console.log
    [DB] Migration applied: 005_canonical_organization_authority.sql

      at Object.log [as runMigrations] (src/db.js:1312:42)

  console.log
    [DB] Migration applied: 006_canonical_voice_sessions.sql

      at Object.log [as runMigrations] (src/db.js:1312:42)

  console.log
    [DB] Migration applied: 007_canonical_tax_authority.sql

      at Object.log [as runMigrations] (src/db.js:1312:42)

  console.log
    [DB] Migration applied: 008_canonical_demo_authority.sql

      at Object.log [as runMigrations] (src/db.js:1312:42)

  console.log
    [DB] Migration applied: 009_canonical_voice_provider_identity.sql

      at Object.log [as runMigrations] (src/db.js:1312:42)

  console.log
    [DB] Migration applied: 010_account_session_authority.sql

      at Object.log [as runMigrations] (src/db.js:1312:42)

  console.log
    [DB] Migration applied: 011_oauth_authorization_states.sql

      at Object.log [as runMigrations] (src/db.js:1312:42)

  console.log
    [DB] Migration applied: 012_account_verification_trial.sql

      at Object.log [as runMigrations] (src/db.js:1312:42)

  console.log
    [DB] Migration applied: 015_workforce_authority.sql

      at Object.log [as runMigrations] (src/db.js:1312:42)

  console.log
    [DB] Migration applied: 016_tenant_asset_catalogue.sql

      at Object.log [as runMigrations] (src/db.js:1312:42)

  console.log
    [DB] Migration applied: 017_retell_webhook_replay_authority.sql

      at Object.log [as runMigrations] (src/db.js:1312:42)

  console.log
    [DB] Migration applied: 018_canonical_map_preferences.sql

      at Object.log [as runMigrations] (src/db.js:1312:42)

  console.log
    [DB] Migration applied: 019_account_email_outbox.sql

      at Object.log [as runMigrations] (src/db.js:1312:42)

  console.log
    [DB] Migration applied: 020_canonical_workforce_access_roles.sql

      at Object.log [as runMigrations] (src/db.js:1312:42)

  console.log
    [DB] Migration applied: 021_bounded_api_observability.sql

      at Object.log [as runMigrations] (src/db.js:1312:42)

  console.log
    [DB] Migration applied: 022_demo_command_center_sessions.sql

      at Object.log [as runMigrations] (src/db.js:1312:42)

  console.log
    [DB] Migration applied: 023_homepage_demo_admission.sql

      at Object.log [as runMigrations] (src/db.js:1312:42)

  console.log
    [DB] Migration applied: 024_homepage_verified_purge_receipt.sql

      at Object.log [as runMigrations] (src/db.js:1312:42)

  console.log
    [DB] Migration applied: 025_provider_agnostic_knowledge_registry.sql

      at Object.log [as runMigrations] (src/db.js:1312:42)

  console.log
    [DB] Migration applied: 026_canonical_knowledge_review_publication.sql

      at Object.log [as runMigrations] (src/db.js:1312:42)

  console.log
    [DB] Migration applied: 027_canonical_knowledge_audit_graph_authority.sql

      at Object.log [as runMigrations] (src/db.js:1312:42)

  console.log
    [DB] Migration applied: 028_canonical_knowledge_immutable_lifecycle.sql

      at Object.log [as runMigrations] (src/db.js:1312:42)

  console.log
    [DB] Migration applied: 029_canonical_knowledge_transactional_sync.sql

      at Object.log [as runMigrations] (src/db.js:1312:42)

  console.log
    [DB] Migration applied: 030_canonical_knowledge_sync_revocation.sql

      at Object.log [as runMigrations] (src/db.js:1312:42)

  console.log
    [DB] Migration applied: 031_canonical_knowledge_sync_recovery_lifecycle.sql

      at Object.log [as runMigrations] (src/db.js:1312:42)

  console.log
    [DB] Migration applied: 032_canonical_schedule_assignment_authority.sql

      at Object.log [as runMigrations] (src/db.js:1312:42)

  console.log
    [DB] Migration applied: 033_canonical_schedule_time_evidence.sql

      at Object.log [as runMigrations] (src/db.js:1312:42)

  console.log
    [DB] Migration applied: 034_schedule_availability_conflict_authority.sql

      at Object.log [as runMigrations] (src/db.js:1312:42)

  console.log
    [DB] Migration applied: 035_schedule_human_preview_approval.sql

      at Object.log [as runMigrations] (src/db.js:1312:42)

  console.log
    [DB] Migration applied: 001_initial_schema.sql

      at log (src/db.js:1312:42)

  console.log
    [DB] Migration applied: 002_seed_data.sql

      at log (src/db.js:1312:42)

  console.log
    [DB] Migration applied: 003_voice_sessions.sql

      at log (src/db.js:1312:42)

  console.log
    [DB] Migration applied: 004_canonical_persistence_v2.sql

      at log (src/db.js:1312:42)

  console.log
    [DB] Migration applied: 005_canonical_organization_authority.sql

      at log (src/db.js:1312:42)

  console.log
    [DB] Migration applied: 006_canonical_voice_sessions.sql

      at log (src/db.js:1312:42)

  console.log
    [DB] Migration applied: 007_canonical_tax_authority.sql

      at log (src/db.js:1312:42)

  console.log
    [DB] Migration applied: 008_canonical_demo_authority.sql

      at log (src/db.js:1312:42)

  console.log
    [DB] Migration applied: 009_canonical_voice_provider_identity.sql

      at log (src/db.js:1312:42)

  console.log
    [DB] Migration applied: 010_account_session_authority.sql

      at log (src/db.js:1312:42)

  console.log
    [DB] Migration applied: 011_oauth_authorization_states.sql

      at log (src/db.js:1312:42)

  console.log
    [DB] Migration applied: 012_account_verification_trial.sql

      at log (src/db.js:1312:42)

  console.log
    [DB] Migration applied: 015_workforce_authority.sql

      at log (src/db.js:1312:42)

  console.log
    [DB] Migration applied: 016_tenant_asset_catalogue.sql

      at log (src/db.js:1312:42)

  console.log
    [DB] Migration applied: 017_retell_webhook_replay_authority.sql

      at log (src/db.js:1312:42)

  console.log
    [DB] Migration applied: 018_canonical_map_preferences.sql

      at log (src/db.js:1312:42)

  console.log
    [DB] Migration applied: 019_account_email_outbox.sql

      at log (src/db.js:1312:42)

  console.log
    [DB] Migration applied: 020_canonical_workforce_access_roles.sql

      at log (src/db.js:1312:42)

  console.log
    [DB] Migration applied: 021_bounded_api_observability.sql

      at log (src/db.js:1312:42)

  console.log
    [DB] Migration applied: 022_demo_command_center_sessions.sql

      at log (src/db.js:1312:42)

  console.log
    [DB] Migration applied: 023_homepage_demo_admission.sql

      at log (src/db.js:1312:42)

  console.log
    [DB] Migration applied: 024_homepage_verified_purge_receipt.sql

      at log (src/db.js:1312:42)

  console.log
    [DB] Migration applied: 025_provider_agnostic_knowledge_registry.sql

      at log (src/db.js:1312:42)

  console.log
    [DB] Migration applied: 026_canonical_knowledge_review_publication.sql

      at log (src/db.js:1312:42)

  console.log
    [DB] Migration applied: 027_canonical_knowledge_audit_graph_authority.sql

      at log (src/db.js:1312:42)

  console.log
    [DB] Migration applied: 028_canonical_knowledge_immutable_lifecycle.sql

      at log (src/db.js:1312:42)

  console.log
    [DB] Migration applied: 029_canonical_knowledge_transactional_sync.sql

      at log (src/db.js:1312:42)

  console.log
    [DB] Migration applied: 030_canonical_knowledge_sync_revocation.sql

      at log (src/db.js:1312:42)

  console.log
    [DB] Migration applied: 031_canonical_knowledge_sync_recovery_lifecycle.sql

      at log (src/db.js:1312:42)

  console.log
    [DB] Migration applied: 032_canonical_schedule_assignment_authority.sql

      at log (src/db.js:1312:42)

  console.log
    [DB] Migration applied: 033_canonical_schedule_time_evidence.sql

      at log (src/db.js:1312:42)

  console.log
    [DB] Migration applied: 034_schedule_availability_conflict_authority.sql

      at log (src/db.js:1312:42)

  console.log
    [DB] Migration applied: 035_schedule_human_preview_approval.sql

      at log (src/db.js:1312:42)

  console.info
    {
      component: 'http',
      event: 'request_completed',
      requestId: 'fdb8f616-2197-476d-af9b-77b78c058e51',
      methodClass: 'GET',
      durationMs: 22,
      statusCode: 200
    }

      at write (src/observability/safeLogger.js:178:17)

  console.info
    {
      component: 'http',
      event: 'request_completed',
      requestId: '177806c6-d035-473d-a7d6-688ba7664e1a',
      methodClass: 'PUT',
      durationMs: 13,
      statusCode: 200
    }

      at write (src/observability/safeLogger.js:178:17)

  console.info
    {
      component: 'http',
      event: 'request_completed',
      requestId: 'c408a621-52ad-4b4a-9302-7237ede7004d',
      methodClass: 'PUT',
      durationMs: 58,
      statusCode: 200
    }

      at write (src/observability/safeLogger.js:178:17)

  console.info
    {
      component: 'http',
      event: 'request_completed',
      requestId: '5d325ab3-a417-4d2f-b05a-dee30ed9e75a',
      methodClass: 'PUT',
      durationMs: 12,
      statusCode: 200
    }

      at write (src/observability/safeLogger.js:178:17)

  console.info
    {
      component: 'http',
      event: 'request_completed',
      requestId: '07d33f13-6686-40ed-b505-e2b0a8e6d1e3',
      methodClass: 'PUT',
      durationMs: 10,
      statusCode: 200
    }

      at write (src/observability/safeLogger.js:178:17)

  console.info
    {
      component: 'http',
      event: 'request_completed',
      requestId: '2e517911-dbf5-4493-8c98-d1686dc02e21',
      methodClass: 'PUT',
      durationMs: 5,
      statusCode: 409
    }

      at write (src/observability/safeLogger.js:178:17)

  console.info
    {
      component: 'http',
      event: 'request_completed',
      requestId: '7bae6ccd-e2e0-49d7-b27e-4650d7c292ed',
      methodClass: 'PUT',
      durationMs: 14,
      statusCode: 200
    }

      at write (src/observability/safeLogger.js:178:17)

  console.info
    {
      component: 'http',
      event: 'request_completed',
      requestId: 'f2679969-c115-49da-997f-e4362c57b56b',
      methodClass: 'PUT',
      durationMs: 15,
      statusCode: 409
    }

      at write (src/observability/safeLogger.js:178:17)

  console.info
    {
      component: 'http',
      event: 'request_completed',
      requestId: '98ce2f3c-bae6-4b53-a67e-e2987196b85b',
      methodClass: 'GET',
      durationMs: 3,
      statusCode: 200
    }

      at write (src/observability/safeLogger.js:178:17)

  console.info
    {
      component: 'http',
      event: 'request_completed',
      requestId: '6d9b9068-1c87-4a8a-aa5a-5c11a9c5471d',
      methodClass: 'PUT',
      durationMs: 7,
      statusCode: 200
    }

      at write (src/observability/safeLogger.js:178:17)

  console.info
    {
      component: 'http',
      event: 'request_completed',
      requestId: '2cf10030-dbde-4fd3-8081-7b1ccaf4e911',
      methodClass: 'GET',
      durationMs: 4,
      statusCode: 200
    }

      at write (src/observability/safeLogger.js:178:17)

  console.info
    {
      component: 'http',
      event: 'request_completed',
      requestId: '7bfec077-a36d-4314-b741-f660875a1114',
      methodClass: 'PUT',
      durationMs: 3,
      statusCode: 400
    }

      at write (src/observability/safeLogger.js:178:17)

  console.info
    {
      component: 'http',
      event: 'request_completed',
      requestId: '998e36a9-c27f-4610-8ada-68f91c915a56',
      methodClass: 'PUT',
      durationMs: 3,
      statusCode: 400
    }

      at write (src/observability/safeLogger.js:178:17)

  console.info
    {
      component: 'http',
      event: 'request_completed',
      requestId: 'c90ff01f-40e9-43c9-9398-0f914e59e5a2',
      methodClass: 'PUT',
      durationMs: 2,
      statusCode: 400
    }

      at write (src/observability/safeLogger.js:178:17)

  console.info
    {
      component: 'http',
      event: 'request_completed',
      requestId: '890b18ab-8f2b-4737-b7c7-69254f67367e',
      methodClass: 'PUT',
      durationMs: 2,
      statusCode: 400
    }

      at write (src/observability/safeLogger.js:178:17)

  console.info
    {
      component: 'http',
      event: 'request_completed',
      requestId: 'b71a8dd0-b5c7-46f7-b934-ede1f23f6e6f',
      methodClass: 'PUT',
      durationMs: 2,
      statusCode: 400
    }

      at write (src/observability/safeLogger.js:178:17)

  console.info
    {
      component: 'http',
      event: 'request_completed',
      requestId: 'd0f27013-ab07-4b95-9970-d01d905601f7',
      methodClass: 'PUT',
      durationMs: 3,
      statusCode: 400
    }

      at write (src/observability/safeLogger.js:178:17)

  console.info
    {
      component: 'http',
      event: 'request_completed',
      requestId: '746267e8-a8a3-4d86-b105-4a165ec86064',
      methodClass: 'PUT',
      durationMs: 2,
      statusCode: 403
    }

      at write (src/observability/safeLogger.js:178:17)

  console.info
    {
      component: 'http',
      event: 'request_completed',
      requestId: '7b2fc190-24c9-445d-99f2-c7f7e6cb8846',
      methodClass: 'PUT',
      durationMs: 2,
      statusCode: 403
    }

      at write (src/observability/safeLogger.js:178:17)

  console.info
    {
      component: 'http',
      event: 'request_completed',
      requestId: 'ee537003-326c-441c-b215-c4249426c48c',
      methodClass: 'PUT',
      durationMs: 0,
      statusCode: 401
    }

      at write (src/observability/safeLogger.js:178:17)

  console.info
    {
      component: 'http',
      event: 'request_completed',
      requestId: 'ef5425d7-0374-46d6-91eb-be2675ebbe8c',
      methodClass: 'PUT',
      durationMs: 2,
      statusCode: 403
    }

      at write (src/observability/safeLogger.js:178:17)

  console.info
    {
      component: 'http',
      event: 'request_completed',
      requestId: '47e41644-ce03-4d59-8175-f69bdc7645f3',
      methodClass: 'GET',
      durationMs: 3,
      statusCode: 200
    }

      at write (src/observability/safeLogger.js:178:17)

  console.info
    {
      component: 'http',
      event: 'request_completed',
      requestId: '2b9f6ca3-396d-449a-9210-c4f412f368f0',
      methodClass: 'GET',
      durationMs: 4,
      statusCode: 200
    }

      at write (src/observability/safeLogger.js:178:17)

  console.info
    {
      component: 'http',
      event: 'request_completed',
      requestId: '31322409-b39c-413b-a458-0214c88712df',
      methodClass: 'PUT',
      durationMs: 3,
      statusCode: 200
    }

      at write (src/observability/safeLogger.js:178:17)

  console.info
    {
      component: 'http',
      event: 'request_completed',
      requestId: 'a9c770b5-ca11-4a4e-a671-c741d32ed540',
      methodClass: 'GET',
      durationMs: 4,
      statusCode: 200
    }

      at write (src/observability/safeLogger.js:178:17)

  console.info
    {
      component: 'http',
      event: 'request_completed',
      requestId: 'e6b164f8-f48a-4b6f-a36c-a7231e0ff9c5',
      methodClass: 'POST',
      durationMs: 2,
      statusCode: 410
    }

      at write (src/observability/safeLogger.js:178:17)

  console.info
    {
      component: 'http',
      event: 'request_completed',
      requestId: '2e3187c4-e4f7-4b3e-80fc-66cfad622f5b',
      methodClass: 'POST',
      durationMs: 2,
      statusCode: 410
    }

      at write (src/observability/safeLogger.js:178:17)

  console.info
    {
      component: 'http',
      event: 'request_completed',
      requestId: '2e132313-c73b-4162-a8c3-60d1515e0ca2',
      methodClass: 'POST',
      durationMs: 2,
      statusCode: 403
    }

      at write (src/observability/safeLogger.js:178:17)

  console.info
    {
      component: 'http',
      event: 'request_completed',
      requestId: '60b20581-fa63-4da3-b04c-c740817afda8',
      methodClass: 'POST',
      durationMs: 2,
      statusCode: 403
    }

      at write (src/observability/safeLogger.js:178:17)

  console.log
    [DB] Migration applied: 001_initial_schema.sql

      at log (src/db.js:1312:42)

  console.log
    [DB] Migration applied: 002_seed_data.sql

      at log (src/db.js:1312:42)

  console.log
    [DB] Migration applied: 003_voice_sessions.sql

      at log (src/db.js:1312:42)

  console.log
    [DB] Migration applied: 004_canonical_persistence_v2.sql

      at log (src/db.js:1312:42)

  console.log
    [DB] Migration applied: 005_canonical_organization_authority.sql

      at log (src/db.js:1312:42)

  console.log
    [DB] Migration applied: 006_canonical_voice_sessions.sql

      at log (src/db.js:1312:42)

  console.log
    [DB] Migration applied: 007_canonical_tax_authority.sql

      at log (src/db.js:1312:42)

  console.log
    [DB] Migration applied: 008_canonical_demo_authority.sql

      at log (src/db.js:1312:42)

  console.log
    [DB] Migration applied: 009_canonical_voice_provider_identity.sql

      at log (src/db.js:1312:42)

  console.log
    [DB] Migration applied: 010_account_session_authority.sql

      at log (src/db.js:1312:42)

  console.log
    [DB] Migration applied: 011_oauth_authorization_states.sql

      at log (src/db.js:1312:42)

  console.log
    [DB] Migration applied: 012_account_verification_trial.sql

      at log (src/db.js:1312:42)

  console.log
    [DB] Migration applied: 015_workforce_authority.sql

      at log (src/db.js:1312:42)

  console.log
    [DB] Migration applied: 016_tenant_asset_catalogue.sql

      at log (src/db.js:1312:42)

  console.log
    [DB] Migration applied: 017_retell_webhook_replay_authority.sql

      at log (src/db.js:1312:42)

  console.log
    [DB] Migration applied: 018_canonical_map_preferences.sql

      at log (src/db.js:1312:42)

  console.log
    [DB] Migration applied: 019_account_email_outbox.sql

      at log (src/db.js:1312:42)

  console.log
    [DB] Migration applied: 020_canonical_workforce_access_roles.sql

      at log (src/db.js:1312:42)

  console.log
    [DB] Migration applied: 021_bounded_api_observability.sql

      at log (src/db.js:1312:42)

  console.log
    [DB] Migration applied: 022_demo_command_center_sessions.sql

      at log (src/db.js:1312:42)

  console.log
    [DB] Migration applied: 023_homepage_demo_admission.sql

      at log (src/db.js:1312:42)

  console.log
    [DB] Migration applied: 024_homepage_verified_purge_receipt.sql

      at log (src/db.js:1312:42)

  console.log
    [DB] Migration applied: 025_provider_agnostic_knowledge_registry.sql

      at log (src/db.js:1312:42)

  console.log
    [DB] Migration applied: 026_canonical_knowledge_review_publication.sql

      at log (src/db.js:1312:42)

  console.log
    [DB] Migration applied: 027_canonical_knowledge_audit_graph_authority.sql

      at log (src/db.js:1312:42)

  console.log
    [DB] Migration applied: 028_canonical_knowledge_immutable_lifecycle.sql

      at log (src/db.js:1312:42)

  console.log
    [DB] Migration applied: 029_canonical_knowledge_transactional_sync.sql

      at log (src/db.js:1312:42)

  console.log
    [DB] Migration applied: 030_canonical_knowledge_sync_revocation.sql

      at log (src/db.js:1312:42)

  console.log
    [DB] Migration applied: 031_canonical_knowledge_sync_recovery_lifecycle.sql

      at log (src/db.js:1312:42)

  console.log
    [DB] Migration applied: 032_canonical_schedule_assignment_authority.sql

      at log (src/db.js:1312:42)

  console.log
    [DB] Migration applied: 033_canonical_schedule_time_evidence.sql

      at log (src/db.js:1312:42)

  console.log
    [DB] Migration applied: 034_schedule_availability_conflict_authority.sql

      at log (src/db.js:1312:42)

  console.log
    [DB] Migration applied: 035_schedule_human_preview_approval.sql

      at log (src/db.js:1312:42)

  console.info
    {
      component: 'http',
      event: 'request_completed',
      requestId: '7ca94fef-848f-4c8a-bf6d-226211ddac9e',
      methodClass: 'GET',
      durationMs: 11,
      statusCode: 200
    }

      at write (src/observability/safeLogger.js:178:17)

  console.info
    {
      component: 'http',
      event: 'request_completed',
      requestId: 'c9482ba5-14f6-4b4f-ac2c-82000fb1cb4e',
      methodClass: 'GET',
      durationMs: 9,
      statusCode: 200
    }

      at write (src/observability/safeLogger.js:178:17)

  console.info
    {
      component: 'http',
      event: 'request_completed',
      requestId: '28c67a07-80c5-4cff-bd65-7c48b39a033f',
      methodClass: 'GET',
      durationMs: 8,
      statusCode: 200
    }

      at write (src/observability/safeLogger.js:178:17)

  console.info
    {
      component: 'http',
      event: 'request_completed',
      requestId: '087e3680-0367-49a6-a65f-ccef6bafd8eb',
      methodClass: 'GET',
      durationMs: 1,
      statusCode: 401
    }

      at write (src/observability/safeLogger.js:178:17)

  console.info
    {
      component: 'http',
      event: 'request_completed',
      requestId: '617166ed-2204-463e-befb-8f98e4c441e8',
      methodClass: 'GET',
      durationMs: 48,
      statusCode: 200
    }

      at write (src/observability/safeLogger.js:178:17)

  console.info
    {
      component: 'http',
      event: 'request_completed',
      requestId: '3767744f-a1b4-4bfe-b54c-ae6bdbed1f47',
      methodClass: 'GET',
      durationMs: 3,
      statusCode: 200
    }

      at write (src/observability/safeLogger.js:178:17)

  console.info
    {
      component: 'http',
      event: 'request_completed',
      requestId: '3d647bc4-285c-41d8-8443-c6334d575f64',
      methodClass: 'GET',
      durationMs: 3,
      statusCode: 200
    }

      at write (src/observability/safeLogger.js:178:17)

  console.info
    {
      component: 'http',
      event: 'request_completed',
      requestId: '604a9dd5-8472-48fa-b942-3d57663758e6',
      methodClass: 'GET',
      durationMs: 4,
      statusCode: 200
    }

      at write (src/observability/safeLogger.js:178:17)

  console.info
    {
      component: 'http',
      event: 'request_completed',
      requestId: 'a51d49b5-206e-4dd5-ad9b-f597094db9e8',
      methodClass: 'PUT',
      durationMs: 10,
      statusCode: 200
    }

      at write (src/observability/safeLogger.js:178:17)

  console.info
    {
      component: 'http',
      event: 'request_completed',
      requestId: '6804584a-051d-45f1-9cf8-cc0c04547b33',
      methodClass: 'GET',
      durationMs: 3,
      statusCode: 200
    }

      at write (src/observability/safeLogger.js:178:17)

  console.log
    [DB] Migration applied: 001_initial_schema.sql

      at log (src/db.js:1312:42)

  console.log
    [DB] Migration applied: 002_seed_data.sql

      at log (src/db.js:1312:42)

  console.log
    [DB] Migration applied: 003_voice_sessions.sql

      at log (src/db.js:1312:42)

  console.log
    [DB] Migration applied: 004_canonical_persistence_v2.sql

      at log (src/db.js:1312:42)

  console.log
    [DB] Migration applied: 005_canonical_organization_authority.sql

      at log (src/db.js:1312:42)

  console.log
    [DB] Migration applied: 006_canonical_voice_sessions.sql

      at log (src/db.js:1312:42)

  console.log
    [DB] Migration applied: 007_canonical_tax_authority.sql

      at log (src/db.js:1312:42)

  console.log
    [DB] Migration applied: 008_canonical_demo_authority.sql

      at log (src/db.js:1312:42)

  console.log
    [DB] Migration applied: 009_canonical_voice_provider_identity.sql

      at log (src/db.js:1312:42)

  console.log
    [DB] Migration applied: 010_account_session_authority.sql

      at log (src/db.js:1312:42)

  console.log
    [DB] Migration applied: 011_oauth_authorization_states.sql

      at log (src/db.js:1312:42)

  console.log
    [DB] Migration applied: 012_account_verification_trial.sql

      at log (src/db.js:1312:42)

  console.log
    [DB] Migration applied: 015_workforce_authority.sql

      at log (src/db.js:1312:42)

  console.log
    [DB] Migration applied: 016_tenant_asset_catalogue.sql

      at log (src/db.js:1312:42)

  console.log
    [DB] Migration applied: 017_retell_webhook_replay_authority.sql

      at log (src/db.js:1312:42)

  console.log
    [DB] Migration applied: 018_canonical_map_preferences.sql

      at log (src/db.js:1312:42)

  console.log
    [DB] Migration applied: 019_account_email_outbox.sql

      at log (src/db.js:1312:42)

  console.log
    [DB] Migration applied: 020_canonical_workforce_access_roles.sql

      at log (src/db.js:1312:42)

  console.log
    [DB] Migration applied: 021_bounded_api_observability.sql

      at log (src/db.js:1312:42)

  console.log
    [DB] Migration applied: 022_demo_command_center_sessions.sql

      at log (src/db.js:1312:42)

  console.log
    [DB] Migration applied: 023_homepage_demo_admission.sql

      at log (src/db.js:1312:42)

  console.log
    [DB] Migration applied: 024_homepage_verified_purge_receipt.sql

      at log (src/db.js:1312:42)

  console.log
    [DB] Migration applied: 025_provider_agnostic_knowledge_registry.sql

      at log (src/db.js:1312:42)

  console.log
    [DB] Migration applied: 026_canonical_knowledge_review_publication.sql

      at log (src/db.js:1312:42)

  console.log
    [DB] Migration applied: 027_canonical_knowledge_audit_graph_authority.sql

      at log (src/db.js:1312:42)

  console.log
    [DB] Migration applied: 028_canonical_knowledge_immutable_lifecycle.sql

      at log (src/db.js:1312:42)

  console.log
    [DB] Migration applied: 029_canonical_knowledge_transactional_sync.sql

      at log (src/db.js:1312:42)

  console.log
    [DB] Migration applied: 030_canonical_knowledge_sync_revocation.sql

      at log (src/db.js:1312:42)

  console.log
    [DB] Migration applied: 031_canonical_knowledge_sync_recovery_lifecycle.sql

      at log (src/db.js:1312:42)

  console.log
    [DB] Migration applied: 032_canonical_schedule_assignment_authority.sql

      at log (src/db.js:1312:42)

  console.log
    [DB] Migration applied: 033_canonical_schedule_time_evidence.sql

      at log (src/db.js:1312:42)

  console.log
    [DB] Migration applied: 034_schedule_availability_conflict_authority.sql

      at log (src/db.js:1312:42)

  console.log
    [DB] Migration applied: 035_schedule_human_preview_approval.sql

      at log (src/db.js:1312:42)

  console.info
    {
      component: 'http',
      event: 'request_completed',
      requestId: '68ac70d0-1c40-47ff-8f34-3f7c92fecbd1',
      methodClass: 'GET',
      durationMs: 10,
      statusCode: 200
    }

      at write (src/observability/safeLogger.js:178:17)

  console.info
    {
      component: 'http',
      event: 'request_completed',
      requestId: '5b1c0d30-4a7e-439a-b536-a2c6dceef964',
      methodClass: 'GET',
      durationMs: 6,
      statusCode: 200
    }

      at write (src/observability/safeLogger.js:178:17)

  console.info
    {
      component: 'http',
      event: 'request_completed',
      requestId: '1ca620b7-d4ee-4d84-80af-ab8a3d8f64bd',
      methodClass: 'GET',
      durationMs: 7,
      statusCode: 200
    }

      at write (src/observability/safeLogger.js:178:17)

  console.info
    {
      component: 'http',
      event: 'request_completed',
      requestId: '73a607c4-27ea-4320-9b69-8dffe921e4ca',
      methodClass: 'GET',
      durationMs: 7,
      statusCode: 200
    }

      at write (src/observability/safeLogger.js:178:17)

  console.info
    {
      component: 'http',
      event: 'request_completed',
      requestId: '441c5ea3-355f-42df-8cbf-f6d530f1df4d',
      methodClass: 'GET',
      durationMs: 0,
      statusCode: 401
    }

      at write (src/observability/safeLogger.js:178:17)

  console.info
    {
      component: 'http',
      event: 'request_completed',
      requestId: 'ce0a0b84-8e60-4c83-88fb-309522dcdb65',
      methodClass: 'PUT',
      durationMs: 72,
      statusCode: 200
    }

      at write (src/observability/safeLogger.js:178:17)

  console.info
    {
      component: 'http',
      event: 'request_completed',
      requestId: 'c5f77408-06a3-4b40-ae26-67c823fbcf77',
      methodClass: 'PUT',
      durationMs: 4,
      statusCode: 200
    }

      at write (src/observability/safeLogger.js:178:17)

  console.info
    {
      component: 'http',
      event: 'request_completed',
      requestId: 'c5923dce-23cd-4654-b309-ca090e014edb',
      methodClass: 'PUT',
      durationMs: 2,
      statusCode: 403
    }

      at write (src/observability/safeLogger.js:178:17)

  console.info
    {
      component: 'http',
      event: 'request_completed',
      requestId: '946e3be9-80a9-44c7-9734-4df6b8868aa5',
      methodClass: 'PUT',
      durationMs: 2,
      statusCode: 403
    }

      at write (src/observability/safeLogger.js:178:17)

  console.info
    {
      component: 'http',
      event: 'request_completed',
      requestId: '6835c6d7-9aff-455a-8f7c-be80a98f2605',
      methodClass: 'PUT',
      durationMs: 2,
      statusCode: 400
    }

      at write (src/observability/safeLogger.js:178:17)

  console.info
    {
      component: 'http',
      event: 'request_completed',
      requestId: '6d842c3d-75f0-43ce-8d2d-cd51be4952d2',
      methodClass: 'PUT',
      durationMs: 2,
      statusCode: 400
    }

      at write (src/observability/safeLogger.js:178:17)

  console.info
    {
      component: 'http',
      event: 'request_completed',
      requestId: '7b0eb0c3-dbac-4f44-80d9-e249b37702dd',
      methodClass: 'PUT',
      durationMs: 4,
      statusCode: 400
    }

      at write (src/observability/safeLogger.js:178:17)

  console.info
    {
      component: 'http',
      event: 'request_completed',
      requestId: '3fde4bac-9346-4647-884f-430083026fa4',
      methodClass: 'PUT',
      durationMs: 2,
      statusCode: 400
    }

      at write (src/observability/safeLogger.js:178:17)

  console.info
    {
      component: 'http',
      event: 'request_completed',
      requestId: '62d6e0b1-17a6-4112-9452-fcfac653891d',
      methodClass: 'PUT',
      durationMs: 2,
      statusCode: 400
    }

      at write (src/observability/safeLogger.js:178:17)

  console.info
    {
      component: 'http',
      event: 'request_completed',
      requestId: 'bdf8968f-ff1b-424f-bbc0-ca3b33f6f99e',
      methodClass: 'PUT',
      durationMs: 2,
      statusCode: 400
    }

      at write (src/observability/safeLogger.js:178:17)

  console.info
    {
      component: 'http',
      event: 'request_completed',
      requestId: '215e28f5-0096-4119-8880-f8d34e11a091',
      methodClass: 'PUT',
      durationMs: 4,
      statusCode: 400
    }

      at write (src/observability/safeLogger.js:178:17)

  console.info
    {
      component: 'http',
      event: 'request_completed',
      requestId: '2e985c1a-206e-4a19-b9ec-c6331a350cd5',
      methodClass: 'PUT',
      durationMs: 3,
      statusCode: 400
    }

      at write (src/observability/safeLogger.js:178:17)

  console.info
    {
      component: 'http',
      event: 'request_completed',
      requestId: '98f91543-3ab4-4a3b-b661-b18e258399e4',
      methodClass: 'PUT',
      durationMs: 3,
      statusCode: 400
    }

      at write (src/observability/safeLogger.js:178:17)

  console.info
    {
      component: 'http',
      event: 'request_completed',
      requestId: 'dc9a24de-80ba-4d99-9c76-d790c805b822',
      methodClass: 'GET',
      durationMs: 4,
      statusCode: 200
    }

      at write (src/observability/safeLogger.js:178:17)

  console.info
    {
      component: 'http',
      event: 'request_completed',
      requestId: '07a1797e-e321-4215-91e2-8dd6e162cd8c',
      methodClass: 'PUT',
      durationMs: 9,
      statusCode: 200
    }

      at write (src/observability/safeLogger.js:178:17)

  console.log
    [DB] Migration applied: 001_initial_schema.sql

      at log (src/db.js:1312:42)

  console.log
    [DB] Migration applied: 002_seed_data.sql

      at log (src/db.js:1312:42)

  console.log
    [DB] Migration applied: 003_voice_sessions.sql

      at log (src/db.js:1312:42)

  console.log
    [DB] Migration applied: 004_canonical_persistence_v2.sql

      at log (src/db.js:1312:42)

  console.log
    [DB] Migration applied: 005_canonical_organization_authority.sql

      at log (src/db.js:1312:42)

  console.log
    [DB] Migration applied: 006_canonical_voice_sessions.sql

      at log (src/db.js:1312:42)

  console.log
    [DB] Migration applied: 007_canonical_tax_authority.sql

      at log (src/db.js:1312:42)

  console.log
    [DB] Migration applied: 008_canonical_demo_authority.sql

      at log (src/db.js:1312:42)

  console.log
    [DB] Migration applied: 009_canonical_voice_provider_identity.sql

      at log (src/db.js:1312:42)

  console.log
    [DB] Migration applied: 010_account_session_authority.sql

      at log (src/db.js:1312:42)

  console.log
    [DB] Migration applied: 011_oauth_authorization_states.sql

      at log (src/db.js:1312:42)

  console.log
    [DB] Migration applied: 012_account_verification_trial.sql

      at log (src/db.js:1312:42)

  console.log
    [DB] Migration applied: 015_workforce_authority.sql

      at log (src/db.js:1312:42)

  console.log
    [DB] Migration applied: 016_tenant_asset_catalogue.sql

      at log (src/db.js:1312:42)

  console.log
    [DB] Migration applied: 017_retell_webhook_replay_authority.sql

      at log (src/db.js:1312:42)

  console.log
    [DB] Migration applied: 018_canonical_map_preferences.sql

      at log (src/db.js:1312:42)

  console.log
    [DB] Migration applied: 019_account_email_outbox.sql

      at log (src/db.js:1312:42)

  console.log
    [DB] Migration applied: 020_canonical_workforce_access_roles.sql

      at log (src/db.js:1312:42)

  console.log
    [DB] Migration applied: 021_bounded_api_observability.sql

      at log (src/db.js:1312:42)

  console.log
    [DB] Migration applied: 022_demo_command_center_sessions.sql

      at log (src/db.js:1312:42)

  console.log
    [DB] Migration applied: 023_homepage_demo_admission.sql

      at log (src/db.js:1312:42)

  console.log
    [DB] Migration applied: 024_homepage_verified_purge_receipt.sql

      at log (src/db.js:1312:42)

  console.log
    [DB] Migration applied: 025_provider_agnostic_knowledge_registry.sql

      at log (src/db.js:1312:42)

  console.log
    [DB] Migration applied: 026_canonical_knowledge_review_publication.sql

      at log (src/db.js:1312:42)

  console.log
    [DB] Migration applied: 027_canonical_knowledge_audit_graph_authority.sql

      at log (src/db.js:1312:42)

  console.log
    [DB] Migration applied: 028_canonical_knowledge_immutable_lifecycle.sql

      at log (src/db.js:1312:42)

  console.log
    [DB] Migration applied: 029_canonical_knowledge_transactional_sync.sql

      at log (src/db.js:1312:42)

  console.log
    [DB] Migration applied: 030_canonical_knowledge_sync_revocation.sql

      at log (src/db.js:1312:42)

  console.log
    [DB] Migration applied: 031_canonical_knowledge_sync_recovery_lifecycle.sql

      at log (src/db.js:1312:42)

  console.log
    [DB] Migration applied: 032_canonical_schedule_assignment_authority.sql

      at log (src/db.js:1312:42)

  console.log
    [DB] Migration applied: 033_canonical_schedule_time_evidence.sql

      at log (src/db.js:1312:42)

  console.log
    [DB] Migration applied: 034_schedule_availability_conflict_authority.sql

      at log (src/db.js:1312:42)

  console.log
    [DB] Migration applied: 035_schedule_human_preview_approval.sql

      at log (src/db.js:1312:42)

  console.log
    [DB] Migration applied: 001_initial_schema.sql

      at log (src/db.js:1312:42)

  console.log
    [DB] Migration applied: 002_seed_data.sql

      at log (src/db.js:1312:42)

  console.log
    [DB] Migration applied: 003_voice_sessions.sql

      at log (src/db.js:1312:42)

  console.log
    [DB] Migration applied: 004_canonical_persistence_v2.sql

      at log (src/db.js:1312:42)

  console.log
    [DB] Migration applied: 005_canonical_organization_authority.sql

      at log (src/db.js:1312:42)

  console.log
    [DB] Migration applied: 006_canonical_voice_sessions.sql

      at log (src/db.js:1312:42)

  console.log
    [DB] Migration applied: 007_canonical_tax_authority.sql

      at log (src/db.js:1312:42)

  console.log
    [DB] Migration applied: 008_canonical_demo_authority.sql

      at log (src/db.js:1312:42)

  console.log
    [DB] Migration applied: 009_canonical_voice_provider_identity.sql

      at log (src/db.js:1312:42)

  console.log
    [DB] Migration applied: 010_account_session_authority.sql

      at log (src/db.js:1312:42)

  console.log
    [DB] Migration applied: 011_oauth_authorization_states.sql

      at log (src/db.js:1312:42)

  console.log
    [DB] Migration applied: 012_account_verification_trial.sql

      at log (src/db.js:1312:42)

  console.log
    [DB] Migration applied: 015_workforce_authority.sql

      at log (src/db.js:1312:42)

  console.log
    [DB] Migration applied: 016_tenant_asset_catalogue.sql

      at log (src/db.js:1312:42)

  console.log
    [DB] Migration applied: 017_retell_webhook_replay_authority.sql

      at log (src/db.js:1312:42)

  console.log
    [DB] Migration applied: 018_canonical_map_preferences.sql

      at log (src/db.js:1312:42)

  console.log
    [DB] Migration applied: 019_account_email_outbox.sql

      at log (src/db.js:1312:42)

  console.log
    [DB] Migration applied: 020_canonical_workforce_access_roles.sql

      at log (src/db.js:1312:42)

  console.log
    [DB] Migration applied: 021_bounded_api_observability.sql

      at log (src/db.js:1312:42)

  console.log
    [DB] Migration applied: 022_demo_command_center_sessions.sql

      at log (src/db.js:1312:42)

  console.log
    [DB] Migration applied: 023_homepage_demo_admission.sql

      at log (src/db.js:1312:42)

  console.log
    [DB] Migration applied: 024_homepage_verified_purge_receipt.sql

      at log (src/db.js:1312:42)

  console.log
    [DB] Migration applied: 025_provider_agnostic_knowledge_registry.sql

      at log (src/db.js:1312:42)

  console.log
    [DB] Migration applied: 026_canonical_knowledge_review_publication.sql

      at log (src/db.js:1312:42)

  console.log
    [DB] Migration applied: 027_canonical_knowledge_audit_graph_authority.sql

      at log (src/db.js:1312:42)

  console.log
    [DB] Migration applied: 028_canonical_knowledge_immutable_lifecycle.sql

      at log (src/db.js:1312:42)

  console.log
    [DB] Migration applied: 029_canonical_knowledge_transactional_sync.sql

      at log (src/db.js:1312:42)

  console.log
    [DB] Migration applied: 030_canonical_knowledge_sync_revocation.sql

      at log (src/db.js:1312:42)

  console.log
    [DB] Migration applied: 031_canonical_knowledge_sync_recovery_lifecycle.sql

      at log (src/db.js:1312:42)

  console.log
    [DB] Migration applied: 032_canonical_schedule_assignment_authority.sql

      at log (src/db.js:1312:42)

  console.log
    [DB] Migration applied: 033_canonical_schedule_time_evidence.sql

      at log (src/db.js:1312:42)

  console.log
    [DB] Migration applied: 034_schedule_availability_conflict_authority.sql

      at log (src/db.js:1312:42)

  console.log
    [DB] Migration applied: 035_schedule_human_preview_approval.sql

      at log (src/db.js:1312:42)

  console.log
    [DB] Migration applied: 001_initial_schema.sql

      at Object.log [as runMigrations] (src/db.js:1312:42)

  console.log
    [DB] Migration applied: 002_seed_data.sql

      at Object.log [as runMigrations] (src/db.js:1312:42)

  console.log
    [DB] Migration applied: 003_voice_sessions.sql

      at Object.log [as runMigrations] (src/db.js:1312:42)

  console.log
    [DB] Migration applied: 004_canonical_persistence_v2.sql

      at Object.log [as runMigrations] (src/db.js:1312:42)

  console.log
    [DB] Migration applied: 005_canonical_organization_authority.sql

      at Object.log [as runMigrations] (src/db.js:1312:42)

  console.log
    [DB] Migration applied: 006_canonical_voice_sessions.sql

      at Object.log [as runMigrations] (src/db.js:1312:42)

  console.log
    [DB] Migration applied: 007_canonical_tax_authority.sql

      at Object.log [as runMigrations] (src/db.js:1312:42)

  console.log
    [DB] Migration applied: 008_canonical_demo_authority.sql

      at Object.log [as runMigrations] (src/db.js:1312:42)

  console.log
    [DB] Migration applied: 009_canonical_voice_provider_identity.sql

      at Object.log [as runMigrations] (src/db.js:1312:42)

  console.log
    [DB] Migration applied: 010_account_session_authority.sql

      at Object.log [as runMigrations] (src/db.js:1312:42)

  console.log
    [DB] Migration applied: 011_oauth_authorization_states.sql

      at Object.log [as runMigrations] (src/db.js:1312:42)

  console.log
    [DB] Migration applied: 012_account_verification_trial.sql

      at Object.log [as runMigrations] (src/db.js:1312:42)

  console.log
    [DB] Migration applied: 016_tenant_asset_catalogue.sql

      at Object.log [as runMigrations] (src/db.js:1312:42)

  console.log
    [DB] Migration applied: 017_retell_webhook_replay_authority.sql

      at Object.log [as runMigrations] (src/db.js:1312:42)

  console.log
    [DB] Migration applied: 018_canonical_map_preferences.sql

      at Object.log [as runMigrations] (src/db.js:1312:42)

  console.log
    [DB] Migration applied: 019_account_email_outbox.sql

      at Object.log [as runMigrations] (src/db.js:1312:42)

  console.log
    [DB] Migration applied: 021_bounded_api_observability.sql

      at Object.log [as runMigrations] (src/db.js:1312:42)

  console.log
    [DB] Migration applied: 022_demo_command_center_sessions.sql

      at Object.log [as runMigrations] (src/db.js:1312:42)

  console.log
    [DB] Migration applied: 023_homepage_demo_admission.sql

      at Object.log [as runMigrations] (src/db.js:1312:42)

  console.log
    [DB] Migration applied: 024_homepage_verified_purge_receipt.sql

      at Object.log [as runMigrations] (src/db.js:1312:42)

  console.log
    [DB] Migration applied: 025_provider_agnostic_knowledge_registry.sql

      at Object.log [as runMigrations] (src/db.js:1312:42)

  console.log
    [DB] Migration applied: 026_canonical_knowledge_review_publication.sql

      at Object.log [as runMigrations] (src/db.js:1312:42)

  console.log
    [DB] Migration applied: 027_canonical_knowledge_audit_graph_authority.sql

      at Object.log [as runMigrations] (src/db.js:1312:42)

  console.log
    [DB] Migration applied: 028_canonical_knowledge_immutable_lifecycle.sql

      at Object.log [as runMigrations] (src/db.js:1312:42)

  console.log
    [DB] Migration applied: 029_canonical_knowledge_transactional_sync.sql

      at Object.log [as runMigrations] (src/db.js:1312:42)

  console.log
    [DB] Migration applied: 030_canonical_knowledge_sync_revocation.sql

      at Object.log [as runMigrations] (src/db.js:1312:42)

  console.log
    [DB] Migration applied: 031_canonical_knowledge_sync_recovery_lifecycle.sql

      at Object.log [as runMigrations] (src/db.js:1312:42)

  console.log
    [DB] Migration applied: 015_workforce_authority.sql

      at Object.log [as runMigrations] (src/db.js:1312:42)

  console.log
    [DB] Migration applied: 020_canonical_workforce_access_roles.sql

      at Object.log [as runMigrations] (src/db.js:1312:42)

  console.log
    [DB] Migration applied: 032_canonical_schedule_assignment_authority.sql

      at Object.log [as runMigrations] (src/db.js:1312:42)

  console.log
    [DB] Migration applied: 033_canonical_schedule_time_evidence.sql

      at Object.log [as runMigrations] (src/db.js:1312:42)

  console.log
    [DB] Migration applied: 034_schedule_availability_conflict_authority.sql

      at Object.log [as runMigrations] (src/db.js:1312:42)

  console.log
    [DB] Migration applied: 035_schedule_human_preview_approval.sql

      at Object.log [as runMigrations] (src/db.js:1312:42)

  console.info
    {
      component: 'http',
      event: 'request_completed',
      requestId: '9c46050f-9902-440b-b2bc-9aa98acba191',
      methodClass: 'POST',
      durationMs: 1,
      statusCode: 400
    }

      at write (src/observability/safeLogger.js:178:17)

  console.info
    {
      component: 'http',
      event: 'request_completed',
      requestId: 'e6ea30ce-9ecb-4435-8727-e788c8e4b629',
      methodClass: 'POST',
      durationMs: 1,
      statusCode: 400
    }

      at write (src/observability/safeLogger.js:178:17)

  console.info
    {
      component: 'http',
      event: 'request_completed',
      requestId: 'a442907e-4902-40d7-a1dc-00d9c5180e8a',
      methodClass: 'POST',
      durationMs: 0,
      statusCode: 413
    }

      at write (src/observability/safeLogger.js:178:17)

  console.info
    {
      component: 'product_telemetry',
      event: 'aggregate_updated',
      eventClass: 'page_view',
      surface: 'public',
      routeClass: 'home',
      action: 'none',
      elapsedBucket: 'under_15s',
      count: 2
    }

      at info (src/observability/productTelemetry.js:53:11)

  console.info
    {
      component: 'http',
      event: 'request_completed',
      requestId: 'f1cbbf32-5ff0-4b04-b610-48bce6a10486',
      methodClass: 'POST',
      durationMs: 4,
      statusCode: 202
    }

      at write (src/observability/safeLogger.js:178:17)

  console.log
    [DB] Migration applied: 001_initial_schema.sql

      at Object.log [as runMigrations] (src/db.js:1312:42)

  console.log
    [DB] Migration applied: 002_seed_data.sql

      at Object.log [as runMigrations] (src/db.js:1312:42)

  console.log
    [DB] Migration applied: 003_voice_sessions.sql

      at Object.log [as runMigrations] (src/db.js:1312:42)

  console.log
    [DB] Migration applied: 004_canonical_persistence_v2.sql

      at Object.log [as runMigrations] (src/db.js:1312:42)

  console.log
    [DB] Migration applied: 005_canonical_organization_authority.sql

      at Object.log [as runMigrations] (src/db.js:1312:42)

  console.log
    [DB] Migration applied: 006_canonical_voice_sessions.sql

      at Object.log [as runMigrations] (src/db.js:1312:42)

  console.log
    [DB] Migration applied: 007_canonical_tax_authority.sql

      at Object.log [as runMigrations] (src/db.js:1312:42)

  console.log
    [DB] Migration applied: 008_canonical_demo_authority.sql

      at Object.log [as runMigrations] (src/db.js:1312:42)

  console.log
    [DB] Migration applied: 009_canonical_voice_provider_identity.sql

      at Object.log [as runMigrations] (src/db.js:1312:42)

  console.log
    [DB] Migration applied: 010_account_session_authority.sql

      at Object.log [as runMigrations] (src/db.js:1312:42)

  console.log
    [DB] Migration applied: 011_oauth_authorization_states.sql

      at Object.log [as runMigrations] (src/db.js:1312:42)

  console.log
    [DB] Migration applied: 012_account_verification_trial.sql

      at Object.log [as runMigrations] (src/db.js:1312:42)

  console.log
    [DB] Migration applied: 015_workforce_authority.sql

      at Object.log [as runMigrations] (src/db.js:1312:42)

  console.log
    [DB] Migration applied: 017_retell_webhook_replay_authority.sql

      at Object.log [as runMigrations] (src/db.js:1312:42)

  console.log
    [DB] Migration applied: 018_canonical_map_preferences.sql

      at Object.log [as runMigrations] (src/db.js:1312:42)

  console.log
    [DB] Migration applied: 019_account_email_outbox.sql

      at Object.log [as runMigrations] (src/db.js:1312:42)

  console.log
    [DB] Migration applied: 020_canonical_workforce_access_roles.sql

      at Object.log [as runMigrations] (src/db.js:1312:42)

  console.log
    [DB] Migration applied: 021_bounded_api_observability.sql

      at Object.log [as runMigrations] (src/db.js:1312:42)

  console.log
    [DB] Migration applied: 022_demo_command_center_sessions.sql

      at Object.log [as runMigrations] (src/db.js:1312:42)

  console.log
    [DB] Migration applied: 023_homepage_demo_admission.sql

      at Object.log [as runMigrations] (src/db.js:1312:42)

  console.log
    [DB] Migration applied: 024_homepage_verified_purge_receipt.sql

      at Object.log [as runMigrations] (src/db.js:1312:42)

  console.log
    [DB] Migration applied: 025_provider_agnostic_knowledge_registry.sql

      at Object.log [as runMigrations] (src/db.js:1312:42)

  console.log
    [DB] Migration applied: 026_canonical_knowledge_review_publication.sql

      at Object.log [as runMigrations] (src/db.js:1312:42)

  console.log
    [DB] Migration applied: 027_canonical_knowledge_audit_graph_authority.sql

      at Object.log [as runMigrations] (src/db.js:1312:42)

  console.log
    [DB] Migration applied: 028_canonical_knowledge_immutable_lifecycle.sql

      at Object.log [as runMigrations] (src/db.js:1312:42)

  console.log
    [DB] Migration applied: 029_canonical_knowledge_transactional_sync.sql

      at Object.log [as runMigrations] (src/db.js:1312:42)

  console.log
    [DB] Migration applied: 030_canonical_knowledge_sync_revocation.sql

      at Object.log [as runMigrations] (src/db.js:1312:42)

  console.log
    [DB] Migration applied: 031_canonical_knowledge_sync_recovery_lifecycle.sql

      at Object.log [as runMigrations] (src/db.js:1312:42)

  console.log
    [DB] Migration applied: 032_canonical_schedule_assignment_authority.sql

      at Object.log [as runMigrations] (src/db.js:1312:42)

  console.log
    [DB] Migration applied: 033_canonical_schedule_time_evidence.sql

      at Object.log [as runMigrations] (src/db.js:1312:42)

  console.log
    [DB] Migration applied: 034_schedule_availability_conflict_authority.sql

      at Object.log [as runMigrations] (src/db.js:1312:42)

  console.log
    [DB] Migration applied: 035_schedule_human_preview_approval.sql

      at Object.log [as runMigrations] (src/db.js:1312:42)

  console.log
    [DB] Migration applied: 016_tenant_asset_catalogue.sql

      at Object.log [as runMigrations] (src/db.js:1312:42)

  console.log
    [DB] Migration applied: 001_initial_schema.sql

      at Object.log [as runMigrations] (src/db.js:1312:42)

  console.log
    [DB] Migration applied: 002_seed_data.sql

      at Object.log [as runMigrations] (src/db.js:1312:42)

  console.log
    [DB] Migration applied: 003_voice_sessions.sql

      at Object.log [as runMigrations] (src/db.js:1312:42)

  console.log
    [DB] Migration applied: 004_canonical_persistence_v2.sql

      at Object.log [as runMigrations] (src/db.js:1312:42)

  console.log
    [DB] Migration applied: 005_canonical_organization_authority.sql

      at Object.log [as runMigrations] (src/db.js:1312:42)

  console.log
    [DB] Migration applied: 006_canonical_voice_sessions.sql

      at Object.log [as runMigrations] (src/db.js:1312:42)

  console.log
    [DB] Migration applied: 007_canonical_tax_authority.sql

      at Object.log [as runMigrations] (src/db.js:1312:42)

  console.log
    [DB] Migration applied: 008_canonical_demo_authority.sql

      at Object.log [as runMigrations] (src/db.js:1312:42)

  console.log
    [DB] Migration applied: 009_canonical_voice_provider_identity.sql

      at Object.log [as runMigrations] (src/db.js:1312:42)

  console.log
    [DB] Migration applied: 010_account_session_authority.sql

      at Object.log [as runMigrations] (src/db.js:1312:42)

  console.log
    [DB] Migration applied: 011_oauth_authorization_states.sql

      at Object.log [as runMigrations] (src/db.js:1312:42)

  console.log
    [DB] Migration applied: 012_account_verification_trial.sql

      at Object.log [as runMigrations] (src/db.js:1312:42)

  console.log
    [DB] Migration applied: 015_workforce_authority.sql

      at Object.log [as runMigrations] (src/db.js:1312:42)

  console.log
    [DB] Migration applied: 016_tenant_asset_catalogue.sql

      at Object.log [as runMigrations] (src/db.js:1312:42)

  console.log
    [DB] Migration applied: 017_retell_webhook_replay_authority.sql

      at Object.log [as runMigrations] (src/db.js:1312:42)

  console.log
    [DB] Migration applied: 018_canonical_map_preferences.sql

      at Object.log [as runMigrations] (src/db.js:1312:42)

  console.log
    [DB] Migration applied: 019_account_email_outbox.sql

      at Object.log [as runMigrations] (src/db.js:1312:42)

  console.log
    [DB] Migration applied: 020_canonical_workforce_access_roles.sql

      at Object.log [as runMigrations] (src/db.js:1312:42)

  console.log
    [DB] Migration applied: 021_bounded_api_observability.sql

      at Object.log [as runMigrations] (src/db.js:1312:42)

  console.log
    [DB] Migration applied: 022_demo_command_center_sessions.sql

      at Object.log [as runMigrations] (src/db.js:1312:42)

  console.log
    [DB] Migration applied: 023_homepage_demo_admission.sql

      at Object.log [as runMigrations] (src/db.js:1312:42)

  console.log
    [DB] Migration applied: 025_provider_agnostic_knowledge_registry.sql

      at Object.log [as runMigrations] (src/db.js:1312:42)

  console.log
    [DB] Migration applied: 026_canonical_knowledge_review_publication.sql

      at Object.log [as runMigrations] (src/db.js:1312:42)

  console.log
    [DB] Migration applied: 027_canonical_knowledge_audit_graph_authority.sql

      at Object.log [as runMigrations] (src/db.js:1312:42)

  console.log
    [DB] Migration applied: 028_canonical_knowledge_immutable_lifecycle.sql

      at Object.log [as runMigrations] (src/db.js:1312:42)

  console.log
    [DB] Migration applied: 029_canonical_knowledge_transactional_sync.sql

      at Object.log [as runMigrations] (src/db.js:1312:42)

  console.log
    [DB] Migration applied: 030_canonical_knowledge_sync_revocation.sql

      at Object.log [as runMigrations] (src/db.js:1312:42)

  console.log
    [DB] Migration applied: 031_canonical_knowledge_sync_recovery_lifecycle.sql

      at Object.log [as runMigrations] (src/db.js:1312:42)

  console.log
    [DB] Migration applied: 032_canonical_schedule_assignment_authority.sql

      at Object.log [as runMigrations] (src/db.js:1312:42)

  console.log
    [DB] Migration applied: 033_canonical_schedule_time_evidence.sql

      at Object.log [as runMigrations] (src/db.js:1312:42)

  console.log
    [DB] Migration applied: 034_schedule_availability_conflict_authority.sql

      at Object.log [as runMigrations] (src/db.js:1312:42)

  console.log
    [DB] Migration applied: 035_schedule_human_preview_approval.sql

      at Object.log [as runMigrations] (src/db.js:1312:42)

  console.log
    [DB] Migration applied: 024_homepage_verified_purge_receipt.sql

      at Object.log [as runMigrations] (src/db.js:1312:42)

  console.log
    [DB] Migration applied: 001_initial_schema.sql

      at log (src/db.js:1312:42)

  console.log
    [DB] Migration applied: 002_seed_data.sql

      at log (src/db.js:1312:42)

  console.log
    [DB] Migration applied: 003_voice_sessions.sql

      at log (src/db.js:1312:42)

  console.log
    [DB] Migration applied: 004_canonical_persistence_v2.sql

      at log (src/db.js:1312:42)

  console.log
    [DB] Migration applied: 005_canonical_organization_authority.sql

      at log (src/db.js:1312:42)

  console.log
    [DB] Migration applied: 006_canonical_voice_sessions.sql

      at log (src/db.js:1312:42)

  console.log
    [DB] Migration applied: 007_canonical_tax_authority.sql

      at log (src/db.js:1312:42)

  console.log
    [DB] Migration applied: 008_canonical_demo_authority.sql

      at log (src/db.js:1312:42)

  console.log
    [DB] Migration applied: 009_canonical_voice_provider_identity.sql

      at log (src/db.js:1312:42)

  console.log
    [DB] Migration applied: 010_account_session_authority.sql

      at log (src/db.js:1312:42)

  console.log
    [DB] Migration applied: 011_oauth_authorization_states.sql

      at log (src/db.js:1312:42)

  console.log
    [DB] Migration applied: 012_account_verification_trial.sql

      at log (src/db.js:1312:42)

  console.log
    [DB] Migration applied: 015_workforce_authority.sql

      at log (src/db.js:1312:42)

  console.log
    [DB] Migration applied: 016_tenant_asset_catalogue.sql

      at log (src/db.js:1312:42)

  console.log
    [DB] Migration applied: 017_retell_webhook_replay_authority.sql

      at log (src/db.js:1312:42)

  console.log
    [DB] Migration applied: 018_canonical_map_preferences.sql

      at log (src/db.js:1312:42)

  console.log
    [DB] Migration applied: 019_account_email_outbox.sql

      at log (src/db.js:1312:42)

  console.log
    [DB] Migration applied: 020_canonical_workforce_access_roles.sql

      at log (src/db.js:1312:42)

  console.log
    [DB] Migration applied: 021_bounded_api_observability.sql

      at log (src/db.js:1312:42)

  console.log
    [DB] Migration applied: 022_demo_command_center_sessions.sql

      at log (src/db.js:1312:42)

  console.log
    [DB] Migration applied: 023_homepage_demo_admission.sql

      at log (src/db.js:1312:42)

  console.log
    [DB] Migration applied: 024_homepage_verified_purge_receipt.sql

      at log (src/db.js:1312:42)

  console.log
    [DB] Migration applied: 025_provider_agnostic_knowledge_registry.sql

      at log (src/db.js:1312:42)

  console.log
    [DB] Migration applied: 026_canonical_knowledge_review_publication.sql

      at log (src/db.js:1312:42)

  console.log
    [DB] Migration applied: 027_canonical_knowledge_audit_graph_authority.sql

      at log (src/db.js:1312:42)

  console.log
    [DB] Migration applied: 028_canonical_knowledge_immutable_lifecycle.sql

      at log (src/db.js:1312:42)

  console.log
    [DB] Migration applied: 029_canonical_knowledge_transactional_sync.sql

      at log (src/db.js:1312:42)

  console.log
    [DB] Migration applied: 030_canonical_knowledge_sync_revocation.sql

      at log (src/db.js:1312:42)

  console.log
    [DB] Migration applied: 031_canonical_knowledge_sync_recovery_lifecycle.sql

      at log (src/db.js:1312:42)

  console.log
    [DB] Migration applied: 032_canonical_schedule_assignment_authority.sql

      at log (src/db.js:1312:42)

  console.log
    [DB] Migration applied: 033_canonical_schedule_time_evidence.sql

      at log (src/db.js:1312:42)

  console.log
    [DB] Migration applied: 034_schedule_availability_conflict_authority.sql

      at log (src/db.js:1312:42)

  console.log
    [DB] Migration applied: 035_schedule_human_preview_approval.sql

      at log (src/db.js:1312:42)

  console.info
    {
      component: 'http',
      event: 'request_completed',
      requestId: 'b91ca1fa-b983-4a95-9948-7eb6c7a49219',
      methodClass: 'GET',
      durationMs: 1,
      statusCode: 503
    }

      at write (src/observability/safeLogger.js:178:17)

  console.info
    {
      component: 'http',
      event: 'request_completed',
      requestId: '21e8cc5e-f77f-42fb-b9b0-ca3c5019fcdc',
      methodClass: 'GET',
      durationMs: 1,
      statusCode: 410
    }

      at write (src/observability/safeLogger.js:178:17)

  console.info
    {
      component: 'http',
      event: 'request_completed',
      requestId: 'ce11c240-9905-4042-ba66-85bb18f4404c',
      methodClass: 'GET',
      durationMs: 1,
      statusCode: 401
    }

      at write (src/observability/safeLogger.js:178:17)

  console.info
    {
      component: 'http',
      event: 'request_completed',
      requestId: 'add62ccb-c20a-40b2-8552-2f7e654518c2',
      methodClass: 'POST',
      durationMs: 2,
      statusCode: 401
    }

      at write (src/observability/safeLogger.js:178:17)

  console.info
    {
      component: 'http',
      event: 'request_completed',
      requestId: 'ded9d9e1-46ea-45f6-a44f-de7d65ba7e88',
      methodClass: 'GET',
      durationMs: 3,
      statusCode: 503
    }

      at write (src/observability/safeLogger.js:178:17)

  console.info
    {
      component: 'http',
      event: 'request_completed',
      requestId: 'fb2ba072-ad11-4ff4-ac34-ae427b9c5640',
      methodClass: 'GET',
      durationMs: 1,
      statusCode: 401
    }

      at write (src/observability/safeLogger.js:178:17)

  console.info
    {
      component: 'http',
      event: 'request_completed',
      requestId: 'd1ea8067-79fa-4c02-99a0-0f64c095527f',
      methodClass: 'GET',
      durationMs: 1,
      statusCode: 401
    }

      at write (src/observability/safeLogger.js:178:17)

  console.info
    {
      component: 'http',
      event: 'request_completed',
      requestId: 'e81c4f65-e694-4232-98d3-6262f24c404e',
      methodClass: 'GET',
      durationMs: 1,
      statusCode: 401
    }

      at write (src/observability/safeLogger.js:178:17)

  console.warn
    [Auth] PostgreSQL account authority unavailable: {
      requestId: 'ac40c333-c357-4e0f-a80d-444052d3fedf',
      event: 'login_failed'
    }

      20 |   }
      21 |   if (error instanceof AccountPersistenceError || (error && error.name === 'AccountPersistenceError')) {
    > 22 |     console.warn('[Auth] PostgreSQL account authority unavailable:', { requestId: requestId(req), event });
         |             ^
      23 |     return failure(req, res, 503, 'account_authority_unavailable', 'Account service is temporarily unavailable');
      24 |   }
      25 |   console.error('[Auth] Request failed:', { requestId: requestId(req), event });

      at warn (src/routes/auth.js:22:13)
      at handleError (src/routes/auth.js:56:14)

  console.info
    {
      component: 'http',
      event: 'request_completed',
      requestId: 'ac40c333-c357-4e0f-a80d-444052d3fedf',
      methodClass: 'POST',
      durationMs: 3,
      statusCode: 503
    }

      at write (src/observability/safeLogger.js:178:17)

  console.info
    {
      component: 'http',
      event: 'request_completed',
      requestId: '0f9cd744-5efb-4ac8-bcc5-498852eb0369',
      methodClass: 'GET',
      durationMs: 1,
      statusCode: 401
    }

      at write (src/observability/safeLogger.js:178:17)

  console.info
    {
      component: 'http',
      event: 'request_completed',
      requestId: '1d249a28-7460-442c-93ee-0295d1664d49',
      methodClass: 'GET',
      durationMs: 1,
      statusCode: 503
    }

      at write (src/observability/safeLogger.js:178:17)

  console.info
    {
      component: 'http',
      event: 'request_completed',
      requestId: 'd0c1c881-9fb4-4142-b3c6-3e37fa71e266',
      methodClass: 'GET',
      durationMs: 0,
      statusCode: 401
    }

      at write (src/observability/safeLogger.js:178:17)

  console.info
    {
      component: 'http',
      event: 'request_completed',
      requestId: 'f1a83617-d937-4e1f-aad9-65cd2ee44cd6',
      methodClass: 'GET',
      durationMs: 1,
      statusCode: 410
    }

      at write (src/observability/safeLogger.js:178:17)

  console.info
    {
      component: 'http',
      event: 'request_completed',
      requestId: '9cac115b-caa4-4a2c-b53d-759dd5968f0e',
      methodClass: 'GET',
      durationMs: 1,
      statusCode: 503
    }

      at write (src/observability/safeLogger.js:178:17)

  console.log
    [DB] Migration applied: 001_initial_schema.sql

      at Object.log [as runMigrations] (src/db.js:1312:42)

  console.log
    [DB] Migration applied: 002_seed_data.sql

      at Object.log [as runMigrations] (src/db.js:1312:42)

  console.log
    [DB] Migration applied: 003_voice_sessions.sql

      at Object.log [as runMigrations] (src/db.js:1312:42)

  console.log
    [DB] Migration applied: 004_canonical_persistence_v2.sql

      at Object.log [as runMigrations] (src/db.js:1312:42)

  console.log
    [DB] Migration applied: 005_canonical_organization_authority.sql

      at Object.log [as runMigrations] (src/db.js:1312:42)

  console.log
    [DB] Migration applied: 006_canonical_voice_sessions.sql

      at Object.log [as runMigrations] (src/db.js:1312:42)

  console.log
    [DB] Migration applied: 007_canonical_tax_authority.sql

      at Object.log [as runMigrations] (src/db.js:1312:42)

  console.log
    [DB] Migration applied: 008_canonical_demo_authority.sql

      at Object.log [as runMigrations] (src/db.js:1312:42)

  console.log
    [DB] Migration applied: 009_canonical_voice_provider_identity.sql

      at Object.log [as runMigrations] (src/db.js:1312:42)

  console.log
    [DB] Migration applied: 010_account_session_authority.sql

      at Object.log [as runMigrations] (src/db.js:1312:42)

  console.log
    [DB] Migration applied: 011_oauth_authorization_states.sql

      at Object.log [as runMigrations] (src/db.js:1312:42)

  console.log
    [DB] Migration applied: 012_account_verification_trial.sql

      at Object.log [as runMigrations] (src/db.js:1312:42)

  console.log
    [DB] Migration applied: 015_workforce_authority.sql

      at Object.log [as runMigrations] (src/db.js:1312:42)

  console.log
    [DB] Migration applied: 016_tenant_asset_catalogue.sql

      at Object.log [as runMigrations] (src/db.js:1312:42)

  console.log
    [DB] Migration applied: 017_retell_webhook_replay_authority.sql

      at Object.log [as runMigrations] (src/db.js:1312:42)

  console.log
    [DB] Migration applied: 018_canonical_map_preferences.sql

      at Object.log [as runMigrations] (src/db.js:1312:42)

  console.log
    [DB] Migration applied: 019_account_email_outbox.sql

      at Object.log [as runMigrations] (src/db.js:1312:42)

  console.log
    [DB] Migration applied: 020_canonical_workforce_access_roles.sql

      at Object.log [as runMigrations] (src/db.js:1312:42)

  console.log
    [DB] Migration applied: 021_bounded_api_observability.sql

      at Object.log [as runMigrations] (src/db.js:1312:42)

  console.log
    [DB] Migration applied: 022_demo_command_center_sessions.sql

      at Object.log [as runMigrations] (src/db.js:1312:42)

  console.log
    [DB] Migration applied: 023_homepage_demo_admission.sql

      at Object.log [as runMigrations] (src/db.js:1312:42)

  console.log
    [DB] Migration applied: 024_homepage_verified_purge_receipt.sql

      at Object.log [as runMigrations] (src/db.js:1312:42)

  console.log
    [DB] Migration applied: 025_provider_agnostic_knowledge_registry.sql

      at Object.log [as runMigrations] (src/db.js:1312:42)

  console.info
    { component: 'voice', event: 'business_event_emitting' }

      at write (src/observability/safeLogger.js:178:17)

  console.info
    { component: 'voice', event: 'business_event_emitting' }

      at write (src/observability/safeLogger.js:178:17)

  console.info
    { component: 'voice', event: 'business_event_emitting' }

      at write (src/observability/safeLogger.js:178:17)

  console.info
    {
      component: 'voice',
      event: 'business_event_unhandled',
      handlerCount: 0
    }

      at write (src/observability/safeLogger.js:178:17)

  console.info
    { component: 'voice', event: 'business_event_emitting' }

      at write (src/observability/safeLogger.js:178:17)

  console.info
    { component: 'voice', event: 'business_event_emitting' }

      at write (src/observability/safeLogger.js:178:17)

  console.info
    { component: 'voice', event: 'business_event_emitting' }

      at write (src/observability/safeLogger.js:178:17)

  console.info
    {
      component: 'voice',
      event: 'business_event_unhandled',
      handlerCount: 0
    }

      at write (src/observability/safeLogger.js:178:17)

  console.info
    { component: 'voice', event: 'business_event_emitting' }

      at write (src/observability/safeLogger.js:178:17)

  console.info
    {
      component: 'voice',
      event: 'business_event_unhandled',
      handlerCount: 0
    }

      at write (src/observability/safeLogger.js:178:17)

  console.info
    { component: 'voice', event: 'business_event_emitting' }

      at write (src/observability/safeLogger.js:178:17)

  console.error
    { component: 'voice', event: 'business_event_handler_failed' }

      176 |     ...safeFields(fields),
      177 |   };
    > 178 |   console[level](record);
          |                 ^
      179 |   return record;
      180 | }
      181 |

      at write (src/observability/safeLogger.js:178:17)
      at Object.write (src/observability/safeLogger.js:191:10)
      at error (src/voice/businessEvents.js:161:20)
          at async Promise.all (index 0)
      at EventBus.emit (src/voice/businessEvents.js:165:5)
      at Object.<anonymous> (tests/unit/voice/businessEvents.test.js:202:22)

  console.info
    { component: 'voice', event: 'business_event_emitting' }

      at write (src/observability/safeLogger.js:178:17)

  console.info
    { component: 'voice', event: 'business_event_emitting' }

      at write (src/observability/safeLogger.js:178:17)

  console.info
    {
      component: 'voice',
      event: 'business_event_unhandled',
      handlerCount: 0
    }

      at write (src/observability/safeLogger.js:178:17)

  console.info
    { component: 'voice', event: 'business_event_emitting' }

      at write (src/observability/safeLogger.js:178:17)

  console.info
    {
      component: 'voice',
      event: 'business_event_unhandled',
      handlerCount: 0
    }

      at write (src/observability/safeLogger.js:178:17)

  console.info
    { component: 'voice', event: 'business_event_emitting' }

      at write (src/observability/safeLogger.js:178:17)

  console.info
    {
      component: 'voice',
      event: 'business_event_unhandled',
      handlerCount: 0
    }

      at write (src/observability/safeLogger.js:178:17)

  console.info
    { component: 'voice', event: 'business_event_emitting' }

      at write (src/observability/safeLogger.js:178:17)

  console.info
    {
      component: 'voice',
      event: 'business_event_unhandled',
      handlerCount: 0
    }

      at write (src/observability/safeLogger.js:178:17)

  console.info
    { component: 'voice', event: 'business_event_emitting' }

      at write (src/observability/safeLogger.js:178:17)

  console.info
    {
      component: 'voice',
      event: 'business_event_unhandled',
      handlerCount: 0
    }

      at write (src/observability/safeLogger.js:178:17)

  console.info
    { component: 'voice', event: 'business_event_emitting' }

      at write (src/observability/safeLogger.js:178:17)

  console.info
    {
      component: 'voice',
      event: 'business_event_unhandled',
      handlerCount: 0
    }

      at write (src/observability/safeLogger.js:178:17)

  console.info
    { component: 'voice', event: 'business_event_emitting' }

      at write (src/observability/safeLogger.js:178:17)

  console.info
    {
      component: 'voice',
      event: 'business_event_unhandled',
      handlerCount: 0
    }

      at write (src/observability/safeLogger.js:178:17)

  console.info
    { component: 'voice', event: 'business_event_emitting' }

      at write (src/observability/safeLogger.js:178:17)

  console.info
    {
      component: 'voice',
      event: 'business_event_unhandled',
      handlerCount: 0
    }

      at write (src/observability/safeLogger.js:178:17)

  console.info
    { component: 'voice', event: 'business_event_emitting' }

      at write (src/observability/safeLogger.js:178:17)

  console.info
    {
      component: 'voice',
      event: 'business_event_unhandled',
      handlerCount: 0
    }

      at write (src/observability/safeLogger.js:178:17)

  console.info
    { component: 'voice', event: 'business_event_emitting' }

      at write (src/observability/safeLogger.js:178:17)

  console.info
    {
      component: 'voice',
      event: 'business_event_unhandled',
      handlerCount: 0
    }

      at write (src/observability/safeLogger.js:178:17)

  console.info
    { component: 'voice', event: 'business_event_emitting' }

      at write (src/observability/safeLogger.js:178:17)

  console.info
    {
      component: 'voice',
      event: 'business_event_unhandled',
      handlerCount: 0
    }

      at write (src/observability/safeLogger.js:178:17)

  console.info
    { component: 'voice', event: 'business_event_emitting' }

      at write (src/observability/safeLogger.js:178:17)

  console.info
    {
      component: 'voice',
      event: 'business_event_unhandled',
      handlerCount: 0
    }

      at write (src/observability/safeLogger.js:178:17)

  console.info
    { component: 'voice', event: 'business_event_emitting' }

      at write (src/observability/safeLogger.js:178:17)

  console.info
    {
      component: 'voice',
      event: 'business_event_unhandled',
      handlerCount: 0
    }

      at write (src/observability/safeLogger.js:178:17)

  console.info
    { component: 'voice', event: 'business_event_emitting' }

      at write (src/observability/safeLogger.js:178:17)

  console.info
    {
      component: 'voice',
      event: 'business_event_unhandled',
      handlerCount: 0
    }

      at write (src/observability/safeLogger.js:178:17)

  console.info
    { component: 'voice', event: 'business_event_emitting' }

      at write (src/observability/safeLogger.js:178:17)

  console.log
    [CustomerRepo] Initialized (empty)

      at log (src/polaris/customerRepository.js:77:15)

  console.info
    { component: 'voice', event: 'tool_schedule_stub_invoked' }

      at write (src/observability/safeLogger.js:178:17)

  console.info
    { component: 'voice', event: 'tool_schedule_stub_invoked' }

      at write (src/observability/safeLogger.js:178:17)

  console.info
    { component: 'voice', event: 'tool_availability_stub_invoked' }

      at write (src/observability/safeLogger.js:178:17)

  console.info
    { component: 'voice', event: 'tool_availability_stub_invoked' }

      at write (src/observability/safeLogger.js:178:17)

  console.warn
    {
      component: 'voice',
      event: 'signature_validation_unavailable',
      configured: false
    }

      176 |     ...safeFields(fields),
      177 |   };
    > 178 |   console[level](record);
          |                 ^
      179 |   return record;
      180 | }
      181 |

      at write (src/observability/safeLogger.js:178:17)
      at Object.write [as warn] (src/observability/safeLogger.js:187:10)
      at Object.warn [as validateSignature] (src/voice/webhook.js:167:16)
      at Object.validateSignature (tests/unit/voice/webhook.test.js:63:22)

  console.warn
    { component: 'voice', event: 'signature_missing' }

      176 |     ...safeFields(fields),
      177 |   };
    > 178 |   console[level](record);
          |                 ^
      179 |   return record;
      180 | }
      181 |

      at write (src/observability/safeLogger.js:178:17)
      at Object.write [as warn] (src/observability/safeLogger.js:187:10)
      at Object.warn [as validateSignature] (src/voice/webhook.js:172:16)
      at Object.validateSignature (tests/unit/voice/webhook.test.js:67:22)

  console.warn
    { component: 'voice', event: 'signature_missing' }

      176 |     ...safeFields(fields),
      177 |   };
    > 178 |   console[level](record);
          |                 ^
      179 |   return record;
      180 | }
      181 |

      at write (src/observability/safeLogger.js:178:17)
      at Object.write [as warn] (src/observability/safeLogger.js:187:10)
      at Object.warn [as validateSignature] (src/voice/webhook.js:172:16)
      at Object.validateSignature (tests/unit/voice/webhook.test.js:87:22)

  console.warn
    { component: 'voice', event: 'signature_missing' }

      176 |     ...safeFields(fields),
      177 |   };
    > 178 |   console[level](record);
          |                 ^
      179 |   return record;
      180 | }
      181 |

      at write (src/observability/safeLogger.js:178:17)
      at Object.write [as warn] (src/observability/safeLogger.js:187:10)
      at Object.warn [as validateSignature] (src/voice/webhook.js:172:16)
      at Object.validateSignature (tests/unit/voice/webhook.test.js:88:22)

  console.warn
    { component: 'voice', event: 'signature_missing' }

      176 |     ...safeFields(fields),
      177 |   };
    > 178 |   console[level](record);
          |                 ^
      179 |   return record;
      180 | }
      181 |

      at write (src/observability/safeLogger.js:178:17)
      at Object.write [as warn] (src/observability/safeLogger.js:187:10)
      at Object.warn [as validateSignature] (src/voice/webhook.js:172:16)
      at Object.validateSignature (tests/unit/voice/webhook.test.js:89:22)

  console.warn
    { component: 'voice', event: 'signature_missing' }

      176 |     ...safeFields(fields),
      177 |   };
    > 178 |   console[level](record);
          |                 ^
      179 |   return record;
      180 | }
      181 |

      at write (src/observability/safeLogger.js:178:17)
      at Object.write [as warn] (src/observability/safeLogger.js:187:10)
      at Object.warn [as validateSignature] (src/voice/webhook.js:172:16)
      at Object.validateSignature (tests/unit/voice/webhook.test.js:90:22)

  console.warn
    { component: 'voice', event: 'signature_missing' }

      176 |     ...safeFields(fields),
      177 |   };
    > 178 |   console[level](record);
          |                 ^
      179 |   return record;
      180 | }
      181 |

      at write (src/observability/safeLogger.js:178:17)
      at Object.write [as warn] (src/observability/safeLogger.js:187:10)
      at Object.warn [as validateSignature] (src/voice/webhook.js:172:16)
      at Object.validateSignature (tests/unit/voice/webhook.test.js:91:22)

  console.warn
    { component: 'voice', event: 'timestamp_missing' }

      176 |     ...safeFields(fields),
      177 |   };
    > 178 |   console[level](record);
          |                 ^
      179 |   return record;
      180 | }
      181 |

      at write (src/observability/safeLogger.js:178:17)
      at Object.write [as warn] (src/observability/safeLogger.js:187:10)
      at Object.warn [as validateTimestamp] (src/voice/webhook.js:202:16)
      at Object.validateTimestamp (tests/unit/voice/webhook.test.js:111:22)

  console.warn
    { component: 'voice', event: 'timestamp_missing' }

      176 |     ...safeFields(fields),
      177 |   };
    > 178 |   console[level](record);
          |                 ^
      179 |   return record;
      180 | }
      181 |

      at write (src/observability/safeLogger.js:178:17)
      at Object.write [as warn] (src/observability/safeLogger.js:187:10)
      at Object.warn [as validateTimestamp] (src/voice/webhook.js:202:16)
      at Object.validateTimestamp (tests/unit/voice/webhook.test.js:112:22)

  console.warn
    { component: 'voice', event: 'timestamp_missing' }

      176 |     ...safeFields(fields),
      177 |   };
    > 178 |   console[level](record);
          |                 ^
      179 |   return record;
      180 | }
      181 |

      at write (src/observability/safeLogger.js:178:17)
      at Object.write [as warn] (src/observability/safeLogger.js:187:10)
      at Object.warn [as validateTimestamp] (src/voice/webhook.js:202:16)
      at Object.validateTimestamp (tests/unit/voice/webhook.test.js:113:22)

  console.warn
    {
      component: 'voice',
      event: 'timestamp_outside_window',
      clockSkewMs: 600000
    }

      176 |     ...safeFields(fields),
      177 |   };
    > 178 |   console[level](record);
          |                 ^
      179 |   return record;
      180 | }
      181 |

      at write (src/observability/safeLogger.js:178:17)
      at Object.write [as warn] (src/observability/safeLogger.js:187:10)
      at Object.warn [as validateTimestamp] (src/voice/webhook.js:212:16)
      at Object.validateTimestamp (tests/unit/voice/webhook.test.js:129:22)

  console.warn
    {
      component: 'voice',
      event: 'timestamp_outside_window',
      clockSkewMs: 600000
    }

      176 |     ...safeFields(fields),
      177 |   };
    > 178 |   console[level](record);
          |                 ^
      179 |   return record;
      180 | }
      181 |

      at write (src/observability/safeLogger.js:178:17)
      at Object.write [as warn] (src/observability/safeLogger.js:187:10)
      at Object.warn [as validateTimestamp] (src/voice/webhook.js:212:16)
      at Object.validateTimestamp (tests/unit/voice/webhook.test.js:134:22)

  console.warn
    {
      component: 'voice',
      event: 'timestamp_outside_window',
      clockSkewMs: 1786121893306
    }

      176 |     ...safeFields(fields),
      177 |   };
    > 178 |   console[level](record);
          |                 ^
      179 |   return record;
      180 | }
      181 |

      at write (src/observability/safeLogger.js:178:17)
      at Object.write [as warn] (src/observability/safeLogger.js:187:10)
      at Object.warn [as validateTimestamp] (src/voice/webhook.js:212:16)
      at Object.validateTimestamp (tests/unit/voice/webhook.test.js:138:22)

  console.warn
    { component: 'voice', event: 'timestamp_missing' }

      176 |     ...safeFields(fields),
      177 |   };
    > 178 |   console[level](record);
          |                 ^
      179 |   return record;
      180 | }
      181 |

      at write (src/observability/safeLogger.js:178:17)
      at Object.write [as warn] (src/observability/safeLogger.js:187:10)
      at Object.warn [as validateTimestamp] (src/voice/webhook.js:202:16)
      at Object.validateTimestamp (tests/unit/voice/webhook.test.js:139:22)

  console.warn
    { component: 'voice', event: 'timestamp_missing' }

      176 |     ...safeFields(fields),
      177 |   };
    > 178 |   console[level](record);
          |                 ^
      179 |   return record;
      180 | }
      181 |

      at write (src/observability/safeLogger.js:178:17)
      at Object.write [as warn] (src/observability/safeLogger.js:187:10)
      at Object.warn [as validateTimestamp] (src/voice/webhook.js:202:16)
      at Object.validateTimestamp (tests/unit/voice/webhook.test.js:140:22)

  console.warn
    { component: 'voice', event: 'timestamp_missing' }

      176 |     ...safeFields(fields),
      177 |   };
    > 178 |   console[level](record);
          |                 ^
      179 |   return record;
      180 | }
      181 |

      at write (src/observability/safeLogger.js:178:17)
      at Object.write [as warn] (src/observability/safeLogger.js:187:10)
      at Object.warn [as validateTimestamp] (src/voice/webhook.js:202:16)
      at Object.validateTimestamp (tests/unit/voice/webhook.test.js:141:22)

  console.warn
    { component: 'voice', event: 'timestamp_missing' }

      176 |     ...safeFields(fields),
      177 |   };
    > 178 |   console[level](record);
          |                 ^
      179 |   return record;
      180 | }
      181 |

      at write (src/observability/safeLogger.js:178:17)
      at Object.write [as warn] (src/observability/safeLogger.js:187:10)
      at Object.warn [as validateTimestamp] (src/voice/webhook.js:202:16)
      at Object.validateTimestamp (tests/unit/voice/webhook.test.js:142:22)

  console.warn
    {
      component: 'voice',
      event: 'webhook_event_unsupported',
      routed: false
    }

      176 |     ...safeFields(fields),
      177 |   };
    > 178 |   console[level](record);
          |                 ^
      179 |   return record;
      180 | }
      181 |

      at write (src/observability/safeLogger.js:178:17)
      at Object.write [as warn] (src/observability/safeLogger.js:187:10)
      at Object.warn [as routeEvent] (src/voice/webhook.js:252:16)
      at Object.routeEvent (tests/unit/voice/webhook.test.js:217:36)

  console.warn
    {
      component: 'voice',
      event: 'webhook_event_unsupported',
      routed: false
    }

      176 |     ...safeFields(fields),
      177 |   };
    > 178 |   console[level](record);
          |                 ^
      179 |   return record;
      180 | }
      181 |

      at write (src/observability/safeLogger.js:178:17)
      at Object.write [as warn] (src/observability/safeLogger.js:187:10)
      at Object.warn [as routeEvent] (src/voice/webhook.js:252:16)
      at Object.routeEvent (tests/unit/voice/webhook.test.js:224:36)

  console.info
    { component: 'voice', event: 'webhook_event_routing', routed: true }

      at write (src/observability/safeLogger.js:178:17)

  console.info
    { component: 'voice', event: 'webhook_event_routing', routed: true }

      at write (src/observability/safeLogger.js:178:17)

  console.info
    { component: 'voice', event: 'webhook_event_routing', routed: true }

      at write (src/observability/safeLogger.js:178:17)

  console.info
    { component: 'voice', event: 'webhook_event_routing', routed: true }

      at write (src/observability/safeLogger.js:178:17)

  console.info
    { component: 'voice', event: 'webhook_event_routing', routed: true }

      at write (src/observability/safeLogger.js:178:17)

  console.info
    { component: 'voice', event: 'webhook_event_routing', routed: true }

      at write (src/observability/safeLogger.js:178:17)

  console.info
    { component: 'voice', event: 'webhook_event_routing', routed: true }

      at write (src/observability/safeLogger.js:178:17)

  console.info
    { component: 'voice', event: 'webhook_event_routing', routed: true }

      at write (src/observability/safeLogger.js:178:17)

  console.info
    { component: 'voice', event: 'webhook_event_routing', routed: true }

      at write (src/observability/safeLogger.js:178:17)

  console.info
    { component: 'voice', event: 'webhook_event_routing', routed: true }

      at write (src/observability/safeLogger.js:178:17)

  console.info
    { component: 'voice', event: 'webhook_event_routing', routed: true }

      at write (src/observability/safeLogger.js:178:17)

  console.info
    { component: 'voice', event: 'webhook_event_routing', routed: true }

      at write (src/observability/safeLogger.js:178:17)

  console.error
    { component: 'voice', event: 'webhook_fatal_error' }

      176 |     ...safeFields(fields),
      177 |   };
    > 178 |   console[level](record);
          |                 ^
      179 |   return record;
      180 | }
      181 |

      at write (src/observability/safeLogger.js:178:17)
      at Object.write (src/observability/safeLogger.js:191:10)
      at error (src/voice/webhook.js:522:16)
      at Object.<anonymous> (tests/unit/voice/webhook.test.js:531:7)

  console.warn
    {
      component: 'voice',
      event: 'timestamp_outside_window',
      clockSkewMs: 1200000
    }

      176 |     ...safeFields(fields),
      177 |   };
    > 178 |   console[level](record);
          |                 ^
      179 |   return record;
      180 | }
      181 |

      at write (src/observability/safeLogger.js:178:17)
      at Object.write [as warn] (src/observability/safeLogger.js:187:10)
      at warn (src/voice/webhook.js:212:16)
      at validateTimestamp (src/voice/webhook.js:432:10)
      at Object.handleSignedWebhook [as handleWebhook] (src/voice/webhook.js:537:10)
      at Object.handleWebhook (tests/unit/voice/webhook.test.js:545:21)

  console.info
    {
      component: 'retell',
      event: 'create_call_prepared',
      variableCount: 20
    }

      at write (src/observability/safeLogger.js:178:17)

  console.info
    {
      component: 'retell',
      event: 'request_started',
      methodClass: 'POST',
      attempt: 1
    }

      at write (src/observability/safeLogger.js:178:17)

  console.info
    {
      component: 'retell',
      event: 'response_received',
      attempt: 1,
      statusCode: 200
    }

      at write (src/observability/safeLogger.js:178:17)

  console.info
    {
      component: 'retell',
      event: 'create_call_succeeded',
      attempt: 1,
      maxAttempts: 3
    }

      at write (src/observability/safeLogger.js:178:17)

  console.info
    {
      component: 'voice',
      event: 'intelligence_guidance_generated',
      voiceEvent: 'emergency_detected'
    }

      at write (src/observability/safeLogger.js:178:17)

  console.info
    { component: 'voice', event: 'intelligence_guidance_generated' }

      at write (src/observability/safeLogger.js:178:17)

  console.info
    { component: 'voice', event: 'intelligence_guidance_generated' }

      at write (src/observability/safeLogger.js:178:17)

  console.info
    {
      component: 'voice',
      event: 'intelligence_guidance_generated',
      voiceEvent: 'objection_detected'
    }

      at write (src/observability/safeLogger.js:178:17)

  console.info
    { component: 'voice', event: 'intelligence_guidance_generated' }

      at write (src/observability/safeLogger.js:178:17)

  console.info
    {
      component: 'voice',
      event: 'intelligence_guidance_generated',
      voiceEvent: 'emergency_detected'
    }

      at write (src/observability/safeLogger.js:178:17)

  console.info
    { component: 'voice', event: 'escalation_initiated' }

      at write (src/observability/safeLogger.js:178:17)

  console.info
    { component: 'voice', event: 'escalation_initiated' }

      at write (src/observability/safeLogger.js:178:17)

  console.info
    { component: 'voice', event: 'escalation_initiated' }

      at write (src/observability/safeLogger.js:178:17)

  console.info
    { component: 'voice', event: 'escalation_resolved' }

      at write (src/observability/safeLogger.js:178:17)

  console.info
    { component: 'voice', event: 'escalation_initiated' }

      at write (src/observability/safeLogger.js:178:17)

  console.info
    { component: 'voice', event: 'escalation_initiated' }

      at write (src/observability/safeLogger.js:178:17)

  console.info
    { component: 'voice', event: 'escalation_initiated' }

      at write (src/observability/safeLogger.js:178:17)

  console.info
    { component: 'voice', event: 'escalation_resolved' }

      at write (src/observability/safeLogger.js:178:17)

  console.info
    { component: 'voice', event: 'escalation_initiated' }

      at write (src/observability/safeLogger.js:178:17)

  console.info
    { component: 'voice', event: 'escalation_resolved' }

      at write (src/observability/safeLogger.js:178:17)

  console.info
    { component: 'voice', event: 'escalation_initiated' }

      at write (src/observability/safeLogger.js:178:17)

  console.info
    { component: 'voice', event: 'escalation_initiated' }

      at write (src/observability/safeLogger.js:178:17)

  console.info
    {
      component: 'voice',
      event: 'intelligence_guidance_generated',
      voiceEvent: 'emergency_detected'
    }

      at write (src/observability/safeLogger.js:178:17)

  console.info
    {
      component: 'retell',
      event: 'request_started',
      methodClass: 'POST',
      attempt: 1
    }

      at write (src/observability/safeLogger.js:178:17)

  console.info
    {
      component: 'retell',
      event: 'response_received',
      attempt: 1,
      statusCode: 201
    }

      at write (src/observability/safeLogger.js:178:17)

  console.info
    {
      component: 'retell',
      event: 'request_started',
      methodClass: 'DELETE',
      attempt: 1
    }

      at write (src/observability/safeLogger.js:178:17)

  console.info
    {
      component: 'retell',
      event: 'response_received',
      attempt: 1,
      statusCode: 404
    }

      at write (src/observability/safeLogger.js:178:17)

  console.info
    {
      component: 'retell',
      event: 'request_started',
      methodClass: 'GET',
      attempt: 1
    }

      at write (src/observability/safeLogger.js:178:17)

  console.error
    { component: 'retell', event: 'request_network_failed', attempt: 1 }

      176 |     ...safeFields(fields),
      177 |   };
    > 178 |   console[level](record);
          |                 ^
      179 |   return record;
      180 | }
      181 |

      at write (src/observability/safeLogger.js:178:17)
      at Object.write (src/observability/safeLogger.js:191:10)
      at error (src/retell/client.js:108:16)

  console.info
    {
      component: 'retell',
      event: 'request_started',
      methodClass: 'GET',
      attempt: 1
    }

      at write (src/observability/safeLogger.js:178:17)

