  console.log
    [DB] Migration applied: 001_initial_schema.sql

      at log (src/db.js:1312:42)

  console.log
    [DB] Migration applied: 002_seed_data.sql

      at log (src/db.js:1312:42)

  console.log
    [DB] Migration applied: 003_voice_sessions.sql

      at log (src/db.js:1312:42)

  console.log
    [DB] Migration applied: 004_canonical_persistence_v2.sql

      at log (src/db.js:1312:42)

  console.log
    [DB] Migration applied: 005_canonical_organization_authority.sql

      at log (src/db.js:1312:42)

  console.log
    [DB] Migration applied: 006_canonical_voice_sessions.sql

      at log (src/db.js:1312:42)

  console.log
    [DB] Migration applied: 007_canonical_tax_authority.sql

      at log (src/db.js:1312:42)

  console.log
    [DB] Migration applied: 008_canonical_demo_authority.sql

      at log (src/db.js:1312:42)

  console.log
    [DB] Migration applied: 009_canonical_voice_provider_identity.sql

      at log (src/db.js:1312:42)

  console.log
    [DB] Migration applied: 010_account_session_authority.sql

      at log (src/db.js:1312:42)

  console.log
    [DB] Migration applied: 011_oauth_authorization_states.sql

      at log (src/db.js:1312:42)

  console.log
    [DB] Migration applied: 012_account_verification_trial.sql

      at log (src/db.js:1312:42)

  console.log
    [DB] Migration applied: 015_workforce_authority.sql

      at log (src/db.js:1312:42)

  console.log
    [DB] Migration applied: 016_tenant_asset_catalogue.sql

      at log (src/db.js:1312:42)

  console.log
    [DB] Migration applied: 017_retell_webhook_replay_authority.sql

      at log (src/db.js:1312:42)

  console.log
    [DB] Migration applied: 018_canonical_map_preferences.sql

      at log (src/db.js:1312:42)

  console.log
    [DB] Migration applied: 019_account_email_outbox.sql

      at log (src/db.js:1312:42)

  console.log
    [DB] Migration applied: 020_canonical_workforce_access_roles.sql

      at log (src/db.js:1312:42)

  console.log
    [DB] Migration applied: 021_bounded_api_observability.sql

      at log (src/db.js:1312:42)

  console.log
    [DB] Migration applied: 022_demo_command_center_sessions.sql

      at log (src/db.js:1312:42)

  console.log
    [DB] Migration applied: 023_homepage_demo_admission.sql

      at log (src/db.js:1312:42)

  console.log
    [DB] Migration applied: 024_homepage_verified_purge_receipt.sql

      at log (src/db.js:1312:42)

  console.log
    [DB] Migration applied: 025_provider_agnostic_knowledge_registry.sql

      at log (src/db.js:1312:42)

  console.log
    [DB] Migration applied: 026_canonical_knowledge_review_publication.sql

      at log (src/db.js:1312:42)

  console.log
    [DB] Migration applied: 027_canonical_knowledge_audit_graph_authority.sql

      at log (src/db.js:1312:42)

  console.log
    [DB] Migration applied: 028_canonical_knowledge_immutable_lifecycle.sql

      at log (src/db.js:1312:42)

  console.log
    [DB] Migration applied: 029_canonical_knowledge_transactional_sync.sql

      at log (src/db.js:1312:42)

  console.log
    [DB] Migration applied: 030_canonical_knowledge_sync_revocation.sql

      at log (src/db.js:1312:42)

  console.log
    [DB] Migration applied: 031_canonical_knowledge_sync_recovery_lifecycle.sql

      at log (src/db.js:1312:42)

  console.log
    [DB] Migration applied: 032_canonical_schedule_assignment_authority.sql

      at log (src/db.js:1312:42)

  console.log
    [DB] Migration applied: 033_canonical_schedule_time_evidence.sql

      at log (src/db.js:1312:42)

  console.log
    [DB] Migration applied: 034_schedule_availability_conflict_authority.sql

      at log (src/db.js:1312:42)

  console.log
    [DB] Migration applied: 035_schedule_human_preview_approval.sql

      at log (src/db.js:1312:42)

  console.log
    [DB] Migration applied: 001_initial_schema.sql

      at log (src/db.js:1312:42)

  console.log
    [DB] Migration applied: 002_seed_data.sql

      at log (src/db.js:1312:42)

  console.log
    [DB] Migration applied: 003_voice_sessions.sql

      at log (src/db.js:1312:42)

  console.log
    [DB] Migration applied: 004_canonical_persistence_v2.sql

      at log (src/db.js:1312:42)

  console.log
    [DB] Migration applied: 005_canonical_organization_authority.sql

      at log (src/db.js:1312:42)

  console.log
    [DB] Migration applied: 006_canonical_voice_sessions.sql

      at log (src/db.js:1312:42)

  console.log
    [DB] Migration applied: 007_canonical_tax_authority.sql

      at log (src/db.js:1312:42)

  console.log
    [DB] Migration applied: 008_canonical_demo_authority.sql

      at log (src/db.js:1312:42)

  console.log
    [DB] Migration applied: 009_canonical_voice_provider_identity.sql

      at log (src/db.js:1312:42)

  console.log
    [DB] Migration applied: 010_account_session_authority.sql

      at log (src/db.js:1312:42)

  console.log
    [DB] Migration applied: 011_oauth_authorization_states.sql

      at log (src/db.js:1312:42)

  console.log
    [DB] Migration applied: 012_account_verification_trial.sql

      at log (src/db.js:1312:42)

  console.log
    [DB] Migration applied: 015_workforce_authority.sql

      at log (src/db.js:1312:42)

  console.log
    [DB] Migration applied: 016_tenant_asset_catalogue.sql

      at log (src/db.js:1312:42)

  console.log
    [DB] Migration applied: 017_retell_webhook_replay_authority.sql

      at log (src/db.js:1312:42)

  console.log
    [DB] Migration applied: 018_canonical_map_preferences.sql

      at log (src/db.js:1312:42)

  console.log
    [DB] Migration applied: 019_account_email_outbox.sql

      at log (src/db.js:1312:42)

  console.log
    [DB] Migration applied: 020_canonical_workforce_access_roles.sql

      at log (src/db.js:1312:42)

  console.log
    [DB] Migration applied: 021_bounded_api_observability.sql

      at log (src/db.js:1312:42)

  console.log
    [DB] Migration applied: 022_demo_command_center_sessions.sql

      at log (src/db.js:1312:42)

  console.log
    [DB] Migration applied: 023_homepage_demo_admission.sql

      at log (src/db.js:1312:42)

  console.log
    [DB] Migration applied: 024_homepage_verified_purge_receipt.sql

      at log (src/db.js:1312:42)

  console.log
    [DB] Migration applied: 025_provider_agnostic_knowledge_registry.sql

      at log (src/db.js:1312:42)

  console.log
    [DB] Migration applied: 026_canonical_knowledge_review_publication.sql

      at log (src/db.js:1312:42)

  console.log
    [DB] Migration applied: 027_canonical_knowledge_audit_graph_authority.sql

      at log (src/db.js:1312:42)

  console.log
    [DB] Migration applied: 028_canonical_knowledge_immutable_lifecycle.sql

      at log (src/db.js:1312:42)

  console.log
    [DB] Migration applied: 029_canonical_knowledge_transactional_sync.sql

      at log (src/db.js:1312:42)

  console.log
    [DB] Migration applied: 030_canonical_knowledge_sync_revocation.sql

      at log (src/db.js:1312:42)

  console.log
    [DB] Migration applied: 031_canonical_knowledge_sync_recovery_lifecycle.sql

      at log (src/db.js:1312:42)

  console.log
    [DB] Migration applied: 032_canonical_schedule_assignment_authority.sql

      at log (src/db.js:1312:42)

  console.log
    [DB] Migration applied: 033_canonical_schedule_time_evidence.sql

      at log (src/db.js:1312:42)

  console.log
    [DB] Migration applied: 034_schedule_availability_conflict_authority.sql

      at log (src/db.js:1312:42)

  console.log
    [DB] Migration applied: 035_schedule_human_preview_approval.sql

      at log (src/db.js:1312:42)

  console.info
    {
      component: 'http',
      event: 'request_completed',
      requestId: 'b0d25998-2064-4d2c-9a55-6751a5bec651',
      methodClass: 'POST',
      durationMs: 268,
      statusCode: 202
    }

      at write (src/observability/safeLogger.js:178:17)
  console.info
    {
      component: 'http',
      event: 'request_completed',
      requestId: '503b7a7a-c64c-4beb-97dd-f8bcbe0ba644',
      methodClass: 'POST',
      durationMs: 533,
      statusCode: 401
    }

      at write (src/observability/safeLogger.js:178:17)

  console.info
    {
      component: 'http',
      event: 'request_completed',
      requestId: '30077d4f-32b0-4259-9648-9618cc65573d',
      methodClass: 'POST',
      durationMs: 291,
      statusCode: 200
    }

      at write (src/observability/safeLogger.js:178:17)

  console.log
    [DB] Migration applied: 001_initial_schema.sql

      at log (src/db.js:1312:42)

  console.log
    [DB] Migration applied: 002_seed_data.sql

      at log (src/db.js:1312:42)

  console.log
    [DB] Migration applied: 003_voice_sessions.sql

      at log (src/db.js:1312:42)

  console.log
    [DB] Migration applied: 004_canonical_persistence_v2.sql

      at log (src/db.js:1312:42)

  console.log
    [DB] Migration applied: 005_canonical_organization_authority.sql

      at log (src/db.js:1312:42)

  console.log
    [DB] Migration applied: 006_canonical_voice_sessions.sql

      at log (src/db.js:1312:42)

  console.log
    [DB] Migration applied: 007_canonical_tax_authority.sql

      at log (src/db.js:1312:42)

  console.log
    [DB] Migration applied: 008_canonical_demo_authority.sql

      at log (src/db.js:1312:42)

  console.log
    [DB] Migration applied: 009_canonical_voice_provider_identity.sql

      at log (src/db.js:1312:42)

  console.log
    [DB] Migration applied: 010_account_session_authority.sql

      at log (src/db.js:1312:42)

  console.log
    [DB] Migration applied: 011_oauth_authorization_states.sql

      at log (src/db.js:1312:42)

  console.log
    [DB] Migration applied: 012_account_verification_trial.sql

      at log (src/db.js:1312:42)

  console.log
    [DB] Migration applied: 015_workforce_authority.sql

      at log (src/db.js:1312:42)

  console.log
    [DB] Migration applied: 016_tenant_asset_catalogue.sql

      at log (src/db.js:1312:42)

  console.log
    [DB] Migration applied: 017_retell_webhook_replay_authority.sql

      at log (src/db.js:1312:42)

  console.log
    [DB] Migration applied: 018_canonical_map_preferences.sql

      at log (src/db.js:1312:42)

  console.log
    [DB] Migration applied: 019_account_email_outbox.sql

      at log (src/db.js:1312:42)

  console.log
    [DB] Migration applied: 020_canonical_workforce_access_roles.sql

      at log (src/db.js:1312:42)

  console.log
    [DB] Migration applied: 021_bounded_api_observability.sql

      at log (src/db.js:1312:42)

  console.log
    [DB] Migration applied: 022_demo_command_center_sessions.sql

      at log (src/db.js:1312:42)

  console.log
    [DB] Migration applied: 023_homepage_demo_admission.sql

      at log (src/db.js:1312:42)

  console.log
    [DB] Migration applied: 024_homepage_verified_purge_receipt.sql

      at log (src/db.js:1312:42)

  console.log
    [DB] Migration applied: 025_provider_agnostic_knowledge_registry.sql

      at log (src/db.js:1312:42)

  console.log
    [DB] Migration applied: 026_canonical_knowledge_review_publication.sql

      at log (src/db.js:1312:42)

  console.log
    [DB] Migration applied: 027_canonical_knowledge_audit_graph_authority.sql

      at log (src/db.js:1312:42)

  console.log
    [DB] Migration applied: 028_canonical_knowledge_immutable_lifecycle.sql

      at log (src/db.js:1312:42)

  console.log
    [DB] Migration applied: 029_canonical_knowledge_transactional_sync.sql

      at log (src/db.js:1312:42)

  console.log
    [DB] Migration applied: 030_canonical_knowledge_sync_revocation.sql

      at log (src/db.js:1312:42)

  console.log
    [DB] Migration applied: 031_canonical_knowledge_sync_recovery_lifecycle.sql

      at log (src/db.js:1312:42)

  console.log
    [DB] Migration applied: 032_canonical_schedule_assignment_authority.sql

      at log (src/db.js:1312:42)

  console.log
    [DB] Migration applied: 033_canonical_schedule_time_evidence.sql

      at log (src/db.js:1312:42)

  console.log
    [DB] Migration applied: 034_schedule_availability_conflict_authority.sql

      at log (src/db.js:1312:42)

  console.log
    [DB] Migration applied: 035_schedule_human_preview_approval.sql

      at log (src/db.js:1312:42)

  console.log
    [DB] Migration applied: 001_initial_schema.sql

      at log (src/db.js:1312:42)

  console.log
    [DB] Migration applied: 002_seed_data.sql

      at log (src/db.js:1312:42)

  console.log
    [DB] Migration applied: 003_voice_sessions.sql

      at log (src/db.js:1312:42)

  console.log
    [DB] Migration applied: 004_canonical_persistence_v2.sql

      at log (src/db.js:1312:42)

  console.log
    [DB] Migration applied: 005_canonical_organization_authority.sql

      at log (src/db.js:1312:42)

  console.log
    [DB] Migration applied: 006_canonical_voice_sessions.sql

      at log (src/db.js:1312:42)

  console.log
    [DB] Migration applied: 007_canonical_tax_authority.sql

      at log (src/db.js:1312:42)

  console.log
    [DB] Migration applied: 008_canonical_demo_authority.sql

      at log (src/db.js:1312:42)

  console.log
    [DB] Migration applied: 009_canonical_voice_provider_identity.sql

      at log (src/db.js:1312:42)

  console.log
    [DB] Migration applied: 010_account_session_authority.sql

      at log (src/db.js:1312:42)

  console.log
    [DB] Migration applied: 011_oauth_authorization_states.sql

      at log (src/db.js:1312:42)

  console.log
    [DB] Migration applied: 012_account_verification_trial.sql

      at log (src/db.js:1312:42)

  console.log
    [DB] Migration applied: 015_workforce_authority.sql

      at log (src/db.js:1312:42)

  console.log
    [DB] Migration applied: 016_tenant_asset_catalogue.sql

      at log (src/db.js:1312:42)

  console.log
    [DB] Migration applied: 017_retell_webhook_replay_authority.sql

      at log (src/db.js:1312:42)

  console.log
    [DB] Migration applied: 018_canonical_map_preferences.sql

      at log (src/db.js:1312:42)

  console.log
    [DB] Migration applied: 019_account_email_outbox.sql

      at log (src/db.js:1312:42)

  console.log
    [DB] Migration applied: 020_canonical_workforce_access_roles.sql

      at log (src/db.js:1312:42)

  console.log
    [DB] Migration applied: 021_bounded_api_observability.sql

      at log (src/db.js:1312:42)

  console.log
    [DB] Migration applied: 022_demo_command_center_sessions.sql

      at log (src/db.js:1312:42)

  console.log
    [DB] Migration applied: 023_homepage_demo_admission.sql

      at log (src/db.js:1312:42)

  console.log
    [DB] Migration applied: 024_homepage_verified_purge_receipt.sql

      at log (src/db.js:1312:42)

  console.log
    [DB] Migration applied: 025_provider_agnostic_knowledge_registry.sql

      at log (src/db.js:1312:42)

  console.log
    [DB] Migration applied: 026_canonical_knowledge_review_publication.sql

      at log (src/db.js:1312:42)

  console.log
    [DB] Migration applied: 027_canonical_knowledge_audit_graph_authority.sql

      at log (src/db.js:1312:42)

  console.log
    [DB] Migration applied: 028_canonical_knowledge_immutable_lifecycle.sql

      at log (src/db.js:1312:42)

  console.log
    [DB] Migration applied: 029_canonical_knowledge_transactional_sync.sql

      at log (src/db.js:1312:42)

  console.log
    [DB] Migration applied: 030_canonical_knowledge_sync_revocation.sql

      at log (src/db.js:1312:42)

  console.log
    [DB] Migration applied: 031_canonical_knowledge_sync_recovery_lifecycle.sql

      at log (src/db.js:1312:42)

  console.log
    [DB] Migration applied: 032_canonical_schedule_assignment_authority.sql

      at log (src/db.js:1312:42)

  console.log
    [DB] Migration applied: 033_canonical_schedule_time_evidence.sql

      at log (src/db.js:1312:42)

  console.log
    [DB] Migration applied: 034_schedule_availability_conflict_authority.sql

      at log (src/db.js:1312:42)

  console.log
    [DB] Migration applied: 035_schedule_human_preview_approval.sql

      at log (src/db.js:1312:42)

  console.log
    [DB] Migration applied: 001_initial_schema.sql

      at Object.log [as runMigrations] (src/db.js:1312:42)

  console.log
    [DB] Migration applied: 002_seed_data.sql

      at Object.log [as runMigrations] (src/db.js:1312:42)

  console.log
    [DB] Migration applied: 003_voice_sessions.sql

      at Object.log [as runMigrations] (src/db.js:1312:42)

  console.log
    [DB] Migration applied: 004_canonical_persistence_v2.sql

      at Object.log [as runMigrations] (src/db.js:1312:42)

  console.log
    [DB] Migration applied: 005_canonical_organization_authority.sql

      at Object.log [as runMigrations] (src/db.js:1312:42)

  console.log
    [DB] Migration applied: 006_canonical_voice_sessions.sql

      at Object.log [as runMigrations] (src/db.js:1312:42)

  console.log
    [DB] Migration applied: 007_canonical_tax_authority.sql

      at Object.log [as runMigrations] (src/db.js:1312:42)

  console.log
    [DB] Migration applied: 008_canonical_demo_authority.sql

      at Object.log [as runMigrations] (src/db.js:1312:42)

  console.log
    [DB] Migration applied: 009_canonical_voice_provider_identity.sql

      at Object.log [as runMigrations] (src/db.js:1312:42)

  console.log
    [DB] Migration applied: 010_account_session_authority.sql

      at Object.log [as runMigrations] (src/db.js:1312:42)

  console.log
    [DB] Migration applied: 011_oauth_authorization_states.sql

      at Object.log [as runMigrations] (src/db.js:1312:42)

  console.log
    [DB] Migration applied: 012_account_verification_trial.sql

      at Object.log [as runMigrations] (src/db.js:1312:42)

  console.log
    [DB] Migration applied: 015_workforce_authority.sql

      at Object.log [as runMigrations] (src/db.js:1312:42)

  console.log
    [DB] Migration applied: 016_tenant_asset_catalogue.sql

      at Object.log [as runMigrations] (src/db.js:1312:42)

  console.log
    [DB] Migration applied: 017_retell_webhook_replay_authority.sql

      at Object.log [as runMigrations] (src/db.js:1312:42)

  console.log
    [DB] Migration applied: 018_canonical_map_preferences.sql

      at Object.log [as runMigrations] (src/db.js:1312:42)

  console.log
    [DB] Migration applied: 019_account_email_outbox.sql

      at Object.log [as runMigrations] (src/db.js:1312:42)

  console.log
    [DB] Migration applied: 020_canonical_workforce_access_roles.sql

      at Object.log [as runMigrations] (src/db.js:1312:42)

  console.log
    [DB] Migration applied: 021_bounded_api_observability.sql

      at Object.log [as runMigrations] (src/db.js:1312:42)

  console.log
    [DB] Migration applied: 022_demo_command_center_sessions.sql

      at Object.log [as runMigrations] (src/db.js:1312:42)

  console.log
    [DB] Migration applied: 023_homepage_demo_admission.sql

      at Object.log [as runMigrations] (src/db.js:1312:42)

  console.log
    [DB] Migration applied: 024_homepage_verified_purge_receipt.sql

      at Object.log [as runMigrations] (src/db.js:1312:42)

  console.log
    [DB] Migration applied: 025_provider_agnostic_knowledge_registry.sql

      at Object.log [as runMigrations] (src/db.js:1312:42)

  console.log
    [DB] Migration applied: 026_canonical_knowledge_review_publication.sql

      at Object.log [as runMigrations] (src/db.js:1312:42)

  console.log
    [DB] Migration applied: 027_canonical_knowledge_audit_graph_authority.sql

      at Object.log [as runMigrations] (src/db.js:1312:42)

  console.log
    [DB] Migration applied: 028_canonical_knowledge_immutable_lifecycle.sql

      at Object.log [as runMigrations] (src/db.js:1312:42)

  console.log
    [DB] Migration applied: 029_canonical_knowledge_transactional_sync.sql

      at Object.log [as runMigrations] (src/db.js:1312:42)

  console.log
    [DB] Migration applied: 030_canonical_knowledge_sync_revocation.sql

      at Object.log [as runMigrations] (src/db.js:1312:42)

  console.log
    [DB] Migration applied: 031_canonical_knowledge_sync_recovery_lifecycle.sql

      at Object.log [as runMigrations] (src/db.js:1312:42)

  console.log
    [DB] Migration applied: 032_canonical_schedule_assignment_authority.sql

      at Object.log [as runMigrations] (src/db.js:1312:42)

  console.log
    [DB] Migration applied: 033_canonical_schedule_time_evidence.sql

      at Object.log [as runMigrations] (src/db.js:1312:42)

  console.log
    [DB] Migration applied: 034_schedule_availability_conflict_authority.sql

      at Object.log [as runMigrations] (src/db.js:1312:42)

  console.log
    [DB] Migration applied: 035_schedule_human_preview_approval.sql

      at Object.log [as runMigrations] (src/db.js:1312:42)

  console.info
    {
      component: 'http',
      event: 'request_completed',
      requestId: '98d4a621-a4da-4e43-aadd-c6e525a3c2d4',
      methodClass: 'POST',
      durationMs: 75,
      statusCode: 201
    }

      at write (src/observability/safeLogger.js:178:17)

  console.info
    {
      component: 'http',
      event: 'request_completed',
      requestId: '6ef9d843-27c7-43bd-9590-4b22921b31ac',
      methodClass: 'POST',
      durationMs: 112,
      statusCode: 200
    }

      at write (src/observability/safeLogger.js:178:17)

  console.info
    {
      component: 'http',
      event: 'request_completed',
      requestId: '91a5d60a-50c6-47d5-930d-7d66661fee06',
      methodClass: 'POST',
      durationMs: 142,
      statusCode: 201
    }

      at write (src/observability/safeLogger.js:178:17)

  console.info
    {
      component: 'http',
      event: 'request_completed',
      requestId: '4fee084f-59df-4cab-a912-fd0d3703214e',
      methodClass: 'POST',
      durationMs: 158,
      statusCode: 200
    }

      at write (src/observability/safeLogger.js:178:17)

  console.info
    {
      component: 'http',
      event: 'request_completed',
      requestId: '5300869f-83d8-4b16-b37a-60bf043c8390',
      methodClass: 'GET',
      durationMs: 22,
      statusCode: 200
    }

      at write (src/observability/safeLogger.js:178:17)

  console.info
    {
      component: 'http',
      event: 'request_completed',
      requestId: 'e22751c3-ad3b-4a05-8741-41b8b310511c',
      methodClass: 'GET',
      durationMs: 3,
      statusCode: 403
    }

      at write (src/observability/safeLogger.js:178:17)

  console.info
    {
      component: 'http',
      event: 'request_completed',
      requestId: '42518fcf-8fd0-4213-8bee-2ab761dce644',
      methodClass: 'GET',
      durationMs: 5,
      statusCode: 403
    }

      at write (src/observability/safeLogger.js:178:17)

  console.info
    {
      component: 'http',
      event: 'request_completed',
      requestId: '3ab59f07-ae62-459c-a31b-45d2e8c79b96',
      methodClass: 'GET',
      durationMs: 3,
      statusCode: 403
    }

      at write (src/observability/safeLogger.js:178:17)

  console.info
    {
      component: 'http',
      event: 'request_completed',
      requestId: 'bdc88c2f-6fc0-4f93-989d-4106e46a9b25',
      methodClass: 'GET',
      durationMs: 3,
      statusCode: 403
    }

      at write (src/observability/safeLogger.js:178:17)

  console.info
    {
      component: 'http',
      event: 'request_completed',
      requestId: '23f16243-2824-47eb-9c23-1ccc0af5d950',
      methodClass: 'GET',
      durationMs: 3,
      statusCode: 403
    }

      at write (src/observability/safeLogger.js:178:17)

  console.info
    {
      component: 'http',
      event: 'request_completed',
      requestId: '6859b22a-67bd-407d-bef6-b36b7368b5e5',
      methodClass: 'GET',
      durationMs: 3,
      statusCode: 403
    }

      at write (src/observability/safeLogger.js:178:17)

  console.info
    {
      component: 'http',
      event: 'request_completed',
      requestId: '638374ef-a32c-46ae-8850-a81c3776df17',
      methodClass: 'GET',
      durationMs: 5,
      statusCode: 403
    }

      at write (src/observability/safeLogger.js:178:17)

  console.info
    {
      component: 'http',
      event: 'request_completed',
      requestId: '933f01b8-61a7-407f-8307-fbc80c232a6b',
      methodClass: 'GET',
      durationMs: 4,
      statusCode: 403
    }

      at write (src/observability/safeLogger.js:178:17)

  console.info
    {
      component: 'http',
      event: 'request_completed',
      requestId: '6d814584-6302-4024-9c96-d2a9ab7e4f29',
      methodClass: 'GET',
      durationMs: 4,
      statusCode: 403
    }

      at write (src/observability/safeLogger.js:178:17)

  console.info
    {
      component: 'http',
      event: 'request_completed',
      requestId: '9c111a2f-6e69-44e7-be0c-11e2fd86b203',
      methodClass: 'GET',
      durationMs: 3,
      statusCode: 403
    }

      at write (src/observability/safeLogger.js:178:17)

  console.info
    {
      component: 'http',
      event: 'request_completed',
      requestId: 'c6e22fdc-307f-4c99-a63d-e4b61a5a72ec',
      methodClass: 'GET',
      durationMs: 3,
      statusCode: 403
    }

      at write (src/observability/safeLogger.js:178:17)

  console.info
    {
      component: 'http',
      event: 'request_completed',
      requestId: '1f052adf-7abf-4f74-a76f-f052557fc068',
      methodClass: 'GET',
      durationMs: 6,
      statusCode: 200
    }

      at write (src/observability/safeLogger.js:178:17)

  console.info
    {
      component: 'http',
      event: 'request_completed',
      requestId: '7fe4e5ef-5247-473d-b9fb-a26730523f5b',
      methodClass: 'GET',
      durationMs: 4,
      statusCode: 200
    }

      at write (src/observability/safeLogger.js:178:17)

  console.info
    {
      component: 'http',
      event: 'request_completed',
      requestId: '78b8f2ba-7db5-4a36-8867-479eca392421',
      methodClass: 'GET',
      durationMs: 5,
      statusCode: 200
    }

      at write (src/observability/safeLogger.js:178:17)

  console.info
    {
      component: 'http',
      event: 'request_completed',
      requestId: 'c91f26e8-fdbc-45c8-bd55-366adafee5b5',
      methodClass: 'GET',
      durationMs: 4,
      statusCode: 200
    }

      at write (src/observability/safeLogger.js:178:17)

  console.info
    {
      component: 'http',
      event: 'request_completed',
      requestId: '30838b44-a343-415a-8d53-f2479bb1c165',
      methodClass: 'GET',
      durationMs: 5,
      statusCode: 200
    }

      at write (src/observability/safeLogger.js:178:17)

  console.info
    {
      component: 'http',
      event: 'request_completed',
      requestId: '1786d09c-0cf5-4143-a1b7-6d3fc2121f86',
      methodClass: 'GET',
      durationMs: 4,
      statusCode: 200
    }

      at write (src/observability/safeLogger.js:178:17)

  console.info
    {
      component: 'http',
      event: 'request_completed',
      requestId: 'cc255df0-51df-4c97-8645-ffa72efbd2c3',
      methodClass: 'GET',
      durationMs: 4,
      statusCode: 200
    }

      at write (src/observability/safeLogger.js:178:17)

  console.info
    {
      component: 'http',
      event: 'request_completed',
      requestId: 'df402111-60f4-4e2a-9b14-e5780cdde8b2',
      methodClass: 'GET',
      durationMs: 5,
      statusCode: 200
    }

      at write (src/observability/safeLogger.js:178:17)

  console.info
    {
      component: 'http',
      event: 'request_completed',
      requestId: '77248f7f-6d01-439e-ad07-f6adc78f17e4',
      methodClass: 'GET',
      durationMs: 2,
      statusCode: 403
    }

      at write (src/observability/safeLogger.js:178:17)

  console.info
    {
      component: 'http',
      event: 'request_completed',
      requestId: '58270851-e755-44be-9222-ae786c9df0b2',
      methodClass: 'GET',
      durationMs: 2,
      statusCode: 403
    }

      at write (src/observability/safeLogger.js:178:17)

  console.info
    {
      component: 'http',
      event: 'request_completed',
      requestId: 'abf6a0fd-ef8f-4d36-a10c-5a6ce6493139',
      methodClass: 'GET',
      durationMs: 5,
      statusCode: 401
    }

      at write (src/observability/safeLogger.js:178:17)

  console.info
    {
      component: 'http',
      event: 'request_completed',
      requestId: 'f43cca69-14a2-4bbf-977b-4d7670b6133a',
      methodClass: 'GET',
      durationMs: 4,
      statusCode: 401
    }

      at write (src/observability/safeLogger.js:178:17)

  console.info
    {
      component: 'http',
      event: 'request_completed',
      requestId: '1bfd5a14-1e94-4169-8255-feaba534f766',
      methodClass: 'GET',
      durationMs: 33,
      statusCode: 200
    }

      at write (src/observability/safeLogger.js:178:17)

  console.info
    {
      component: 'http',
      event: 'request_completed',
      requestId: '40cfaed7-4a51-409b-b35e-2ef9e64b40d0',
      methodClass: 'GET',
      durationMs: 7,
      statusCode: 403
    }

      at write (src/observability/safeLogger.js:178:17)

  console.info
    {
      component: 'http',
      event: 'request_completed',
      requestId: 'ba88e502-f5bd-467f-976e-3e52cf73b8a2',
      methodClass: 'GET',
      durationMs: 30,
      statusCode: 200
    }

      at write (src/observability/safeLogger.js:178:17)

  console.info
    {
      component: 'http',
      event: 'request_completed',
      requestId: '25db7ff3-9ea5-4f15-84bb-5593633bb611',
      methodClass: 'GET',
      durationMs: 18,
      statusCode: 200
    }

      at write (src/observability/safeLogger.js:178:17)

  console.info
    {
      component: 'http',
      event: 'request_completed',
      requestId: '596b3407-004b-4d38-bbab-3162d8797517',
      methodClass: 'GET',
      durationMs: 5,
      statusCode: 200
    }

      at write (src/observability/safeLogger.js:178:17)

  console.info
    {
      component: 'http',
      event: 'request_completed',
      requestId: '5331104b-a423-4ba0-9235-638119307c3a',
      methodClass: 'GET',
      durationMs: 5,
      statusCode: 200
    }

      at write (src/observability/safeLogger.js:178:17)

  console.info
    {
      component: 'http',
      event: 'request_completed',
      requestId: '895c2f84-b217-4cb8-8a33-b54b4814b0ff',
      methodClass: 'GET',
      durationMs: 8,
      statusCode: 403
    }

      at write (src/observability/safeLogger.js:178:17)

  console.info
    {
      component: 'http',
      event: 'request_completed',
      requestId: '8f47cb73-3cf2-417d-9b22-ce32aa29164f',
      methodClass: 'GET',
      durationMs: 5,
      statusCode: 403
    }

      at write (src/observability/safeLogger.js:178:17)

  console.info
    {
      component: 'http',
      event: 'request_completed',
      requestId: '01af883a-31d3-4093-a9da-caf5a314e52e',
      methodClass: 'GET',
      durationMs: 6,
      statusCode: 403
    }

      at write (src/observability/safeLogger.js:178:17)

  console.info
    {
      component: 'http',
      event: 'request_completed',
      requestId: '73c45b4a-2b1a-4738-9403-325c16c69a61',
      methodClass: 'GET',
      durationMs: 5,
      statusCode: 403
    }

      at write (src/observability/safeLogger.js:178:17)

  console.info
    {
      component: 'http',
      event: 'request_completed',
      requestId: '4a3b378f-1c54-4b24-90d6-b760a760987e',
      methodClass: 'GET',
      durationMs: 7,
      statusCode: 403
    }

      at write (src/observability/safeLogger.js:178:17)

  console.info
    {
      component: 'http',
      event: 'request_completed',
      requestId: '87f378a3-8359-46e9-8b25-19860e3b5c41',
      methodClass: 'GET',
      durationMs: 6,
      statusCode: 403
    }

      at write (src/observability/safeLogger.js:178:17)

  console.info
    {
      component: 'http',
      event: 'request_completed',
      requestId: '1a93dfe1-0982-40c6-812e-455dcd686e3d',
      methodClass: 'GET',
      durationMs: 4,
      statusCode: 403
    }

      at write (src/observability/safeLogger.js:178:17)

  console.info
    {
      component: 'http',
      event: 'request_completed',
      requestId: '7c9094b4-ee82-409e-868f-fc9331a0b0a8',
      methodClass: 'GET',
      durationMs: 4,
      statusCode: 403
    }

      at write (src/observability/safeLogger.js:178:17)

  console.info
    {
      component: 'http',
      event: 'request_completed',
      requestId: '073ed37a-1314-4cda-87b3-15426e071be4',
      methodClass: 'GET',
      durationMs: 5,
      statusCode: 403
    }

      at write (src/observability/safeLogger.js:178:17)

  console.info
    {
      component: 'http',
      event: 'request_completed',
      requestId: '48231d89-08df-4ff6-bd89-d42036687735',
      methodClass: 'GET',
      durationMs: 6,
      statusCode: 403
    }

      at write (src/observability/safeLogger.js:178:17)

  console.info
    {
      component: 'http',
      event: 'request_completed',
      requestId: '29c81a26-b49e-4c50-b3db-31a5abc7018f',
      methodClass: 'GET',
      durationMs: 4,
      statusCode: 403
    }

      at write (src/observability/safeLogger.js:178:17)

  console.info
    {
      component: 'http',
      event: 'request_completed',
      requestId: '03dd522a-b45c-4905-80b5-8f8ccbfbe4e3',
      methodClass: 'GET',
      durationMs: 5,
      statusCode: 403
    }

      at write (src/observability/safeLogger.js:178:17)

  console.info
    {
      component: 'http',
      event: 'request_completed',
      requestId: '5cb08801-595d-43cd-b625-a26550b9f38a',
      methodClass: 'GET',
      durationMs: 4,
      statusCode: 401
    }

      at write (src/observability/safeLogger.js:178:17)

  console.info
    {
      component: 'http',
      event: 'request_completed',
      requestId: 'a91df9cc-5c29-4411-b8f1-8d6946a88d47',
      methodClass: 'GET',
      durationMs: 3,
      statusCode: 401
    }

      at write (src/observability/safeLogger.js:178:17)

  console.info
    {
      component: 'http',
      event: 'request_completed',
      requestId: 'd4106818-9476-49d7-8e48-ab106da2b07a',
      methodClass: 'GET',
      durationMs: 5,
      statusCode: 401
    }

      at write (src/observability/safeLogger.js:178:17)

  console.info
    {
      component: 'http',
      event: 'request_completed',
      requestId: 'b02b7ee9-be27-4a1f-96f4-3aa9f37218ea',
      methodClass: 'GET',
      durationMs: 3,
      statusCode: 401
    }

      at write (src/observability/safeLogger.js:178:17)

  console.info
    {
      component: 'http',
      event: 'request_completed',
      requestId: '7bd38c69-d63b-460b-a8a2-829f2acd8817',
      methodClass: 'GET',
      durationMs: 5,
      statusCode: 401
    }

      at write (src/observability/safeLogger.js:178:17)

  console.info
    {
      component: 'http',
      event: 'request_completed',
      requestId: 'df23577b-1166-46ab-8610-96e07653e061',
      methodClass: 'GET',
      durationMs: 4,
      statusCode: 401
    }

      at write (src/observability/safeLogger.js:178:17)

  console.info
    {
      component: 'http',
      event: 'request_completed',
      requestId: '89af9fa4-2320-43a1-a5df-116fd2804310',
      methodClass: 'GET',
      durationMs: 5,
      statusCode: 401
    }

      at write (src/observability/safeLogger.js:178:17)

  console.info
    {
      component: 'http',
      event: 'request_completed',
      requestId: '626a7d91-679a-421f-8b0e-85a6acb933e5',
      methodClass: 'GET',
      durationMs: 4,
      statusCode: 401
    }

      at write (src/observability/safeLogger.js:178:17)

  console.info
    {
      component: 'http',
      event: 'request_completed',
      requestId: '5fe37758-a04b-48da-b8db-d39f951ebb07',
      methodClass: 'GET',
      durationMs: 4,
      statusCode: 401
    }

      at write (src/observability/safeLogger.js:178:17)

  console.info
    {
      component: 'http',
      event: 'request_completed',
      requestId: 'ec1c7edc-0d03-45f4-af34-666aff1a4804',
      methodClass: 'GET',
      durationMs: 4,
      statusCode: 401
    }

      at write (src/observability/safeLogger.js:178:17)

  console.info
    {
      component: 'http',
      event: 'request_completed',
      requestId: 'e82b08c0-40ae-4855-b59f-c2fc224d0ac0',
      methodClass: 'GET',
      durationMs: 4,
      statusCode: 401
    }

      at write (src/observability/safeLogger.js:178:17)

  console.info
    {
      component: 'http',
      event: 'request_completed',
      requestId: '1aa16d71-3e71-4482-8c1d-c52f6781aa1d',
      methodClass: 'GET',
      durationMs: 3,
      statusCode: 401
    }

      at write (src/observability/safeLogger.js:178:17)

  console.info
    {
      component: 'http',
      event: 'request_completed',
      requestId: 'cd711f19-2645-4cf1-a2fa-0e1b371f2f9b',
      methodClass: 'GET',
      durationMs: 4,
      statusCode: 403
    }

      at write (src/observability/safeLogger.js:178:17)

  console.info
    {
      component: 'http',
      event: 'request_completed',
      requestId: '28da2ef9-20ad-47ae-bdc5-48121e3f3108',
      methodClass: 'GET',
      durationMs: 4,
      statusCode: 403
    }

      at write (src/observability/safeLogger.js:178:17)

  console.info
    {
      component: 'http',
      event: 'request_completed',
      requestId: 'c8b29fe3-a32e-4dd2-abd2-c0d89214958c',
      methodClass: 'GET',
      durationMs: 4,
      statusCode: 401
    }

      at write (src/observability/safeLogger.js:178:17)

  console.info
    {
      component: 'http',
      event: 'request_completed',
      requestId: '030ed5e0-b996-4182-b4d4-4fee5594800f',
      methodClass: 'GET',
      durationMs: 6,
      statusCode: 200
    }

      at write (src/observability/safeLogger.js:178:17)

  console.info
    {
      component: 'http',
      event: 'request_completed',
      requestId: '0f8eb64e-7189-454f-a1d1-34548a61d1b2',
      methodClass: 'GET',
      durationMs: 23,
      statusCode: 200
    }

      at write (src/observability/safeLogger.js:178:17)

  console.info
    {
      component: 'http',
      event: 'request_completed',
      requestId: '79bfe213-62ac-49bb-90ea-b78fcd355a37',
      methodClass: 'GET',
      durationMs: 22,
      statusCode: 200
    }

      at write (src/observability/safeLogger.js:178:17)

  console.info
    {
      component: 'http',
      event: 'request_completed',
      requestId: '8082784d-d249-4663-be7a-f2fd825c9daa',
      methodClass: 'GET',
      durationMs: 8,
      statusCode: 403
    }

      at write (src/observability/safeLogger.js:178:17)

  console.info
    {
      component: 'http',
      event: 'request_completed',
      requestId: '0e74aa7a-d64d-46ce-a977-81f1548d4089',
      methodClass: 'GET',
      durationMs: 10,
      statusCode: 200
    }

      at write (src/observability/safeLogger.js:178:17)

  console.info
    {
      component: 'http',
      event: 'request_completed',
      requestId: '2a3a2ac4-2164-4f81-a657-2106d8c6c592',
      methodClass: 'GET',
      durationMs: 23,
      statusCode: 200
    }

      at write (src/observability/safeLogger.js:178:17)

  console.info
    {
      component: 'http',
      event: 'request_completed',
      requestId: '27167b40-2caf-4155-8879-cffc676cdaa2',
      methodClass: 'GET',
      durationMs: 22,
      statusCode: 200
    }

      at write (src/observability/safeLogger.js:178:17)

  console.info
    {
      component: 'http',
      event: 'request_completed',
      requestId: '9fd912e6-1821-4a5f-b350-9db08ff297bc',
      methodClass: 'POST',
      durationMs: 92,
      statusCode: 409
    }

      at write (src/observability/safeLogger.js:178:17)

  console.info
    {
      component: 'http',
      event: 'request_completed',
      requestId: '63c11bfd-4245-451c-9b50-a102c752cfb6',
      methodClass: 'POST',
      durationMs: 107,
      statusCode: 201
    }

      at write (src/observability/safeLogger.js:178:17)

  console.info
    {
      component: 'http',
      event: 'request_completed',
      requestId: '923728ed-9e73-4ac9-afa8-b4e71bee6568',
      methodClass: 'POST',
      durationMs: 157,
      statusCode: 409
    }

      at write (src/observability/safeLogger.js:178:17)

  console.info
    {
      component: 'http',
      event: 'request_completed',
      requestId: 'c491e970-ba10-47d7-98fe-cb7b37a9d8a8',
      methodClass: 'POST',
      durationMs: 46,
      statusCode: 201
    }

      at write (src/observability/safeLogger.js:178:17)

  console.info
    {
      component: 'http',
      event: 'request_completed',
      requestId: '31332179-20f7-4158-a60a-3a9fabd3bd80',
      methodClass: 'POST',
      durationMs: 80,
      statusCode: 200
    }

      at write (src/observability/safeLogger.js:178:17)

  console.info
    {
      component: 'http',
      event: 'request_completed',
      requestId: 'b4fde9d3-e3ea-46c8-862f-88ce6faa7e7c',
      methodClass: 'POST',
      durationMs: 114,
      statusCode: 201
    }

      at write (src/observability/safeLogger.js:178:17)

  console.info
    {
      component: 'http',
      event: 'request_completed',
      requestId: '731fe3d7-c010-42c5-b32d-2b43492ae4ee',
      methodClass: 'POST',
      durationMs: 295,
      statusCode: 200
    }

      at write (src/observability/safeLogger.js:178:17)

  console.info
    {
      component: 'http',
      event: 'request_completed',
      requestId: 'e41ef4eb-668c-490b-b760-627472f30920',
      methodClass: 'POST',
      durationMs: 300,
      statusCode: 201
    }

      at write (src/observability/safeLogger.js:178:17)

  console.info
    {
      component: 'http',
      event: 'request_completed',
      requestId: 'ea014aaa-1f7d-4b9a-9cc4-a75c9c9bf44f',
      methodClass: 'POST',
      durationMs: 282,
      statusCode: 200
    }

      at write (src/observability/safeLogger.js:178:17)

  console.info
    {
      component: 'http',
      event: 'request_completed',
      requestId: '7ec68e6e-8309-4133-b86a-e91d1ce97c89',
      methodClass: 'POST',
      durationMs: 291,
      statusCode: 201
    }

      at write (src/observability/safeLogger.js:178:17)

  console.info
    {
      component: 'http',
      event: 'request_completed',
      requestId: '9c1b2da3-0197-4ca5-8fd9-890f3fad7cfb',
      methodClass: 'POST',
      durationMs: 285,
      statusCode: 200
    }

      at write (src/observability/safeLogger.js:178:17)

  console.info
    {
      component: 'http',
      event: 'request_completed',
      requestId: '56d87495-d800-4001-9ceb-0b402984c113',
      methodClass: 'POST',
      durationMs: 298,
      statusCode: 201
    }

      at write (src/observability/safeLogger.js:178:17)

  console.info
    {
      component: 'http',
      event: 'request_completed',
      requestId: '5d2b7c78-1686-4e84-8158-00e8e04bbb3f',
      methodClass: 'POST',
      durationMs: 333,
      statusCode: 200
    }

      at write (src/observability/safeLogger.js:178:17)

  console.info
    {
      component: 'http',
      event: 'request_completed',
      requestId: '058c9553-c4e1-42b0-b97b-767602e49d6e',
      methodClass: 'POST',
      durationMs: 350,
      statusCode: 201
    }

      at write (src/observability/safeLogger.js:178:17)

  console.info
    {
      component: 'http',
      event: 'request_completed',
      requestId: 'b9e5007d-2575-4c74-a701-bf65d22544b1',
      methodClass: 'POST',
      durationMs: 351,
      statusCode: 200
    }

      at write (src/observability/safeLogger.js:178:17)

  console.info
    {
      component: 'http',
      event: 'request_completed',
      requestId: '1c522326-6086-4c4d-aea5-521daa53b287',
      methodClass: 'POST',
      durationMs: 309,
      statusCode: 201
    }

      at write (src/observability/safeLogger.js:178:17)

  console.info
    {
      component: 'http',
      event: 'request_completed',
      requestId: '3f604b8c-cfc6-4348-a03e-894daefb2b7a',
      methodClass: 'POST',
      durationMs: 426,
      statusCode: 200
    }

      at write (src/observability/safeLogger.js:178:17)

  console.info
    {
      component: 'http',
      event: 'request_completed',
      requestId: '43040e15-b9af-4490-a841-ae52d2ce5896',
      methodClass: 'POST',
      durationMs: 257,
      statusCode: 201
    }

      at write (src/observability/safeLogger.js:178:17)

  console.info
    {
      component: 'http',
      event: 'request_completed',
      requestId: 'fd10ab50-81fa-406c-8aba-9eea33855aa9',
      methodClass: 'POST',
      durationMs: 361,
      statusCode: 200
    }

      at write (src/observability/safeLogger.js:178:17)

  console.info
    {
      component: 'http',
      event: 'request_completed',
      requestId: 'aeaae5f0-8d7f-4e18-9d31-fa09ae554785',
      methodClass: 'POST',
      durationMs: 43,
      statusCode: 201
    }

      at write (src/observability/safeLogger.js:178:17)

  console.info
    {
      component: 'http',
      event: 'request_completed',
      requestId: '87c5a232-cf35-48e4-9105-d6f27c013b4b',
      methodClass: 'POST',
      durationMs: 157,
      statusCode: 200
    }

      at write (src/observability/safeLogger.js:178:17)

  console.info
    {
      component: 'http',
      event: 'request_completed',
      requestId: '0a8f1396-bdcf-41b8-874b-b6bf3eb67ffd',
      methodClass: 'POST',
      durationMs: 74,
      statusCode: 200
    }

      at write (src/observability/safeLogger.js:178:17)

  console.info
    {
      component: 'http',
      event: 'request_completed',
      requestId: '7ec727eb-a4fe-4984-a484-272507259dd1',
      methodClass: 'POST',
      durationMs: 80,
      statusCode: 409
    }

      at write (src/observability/safeLogger.js:178:17)

  console.info
    {
      component: 'http',
      event: 'request_completed',
      requestId: '653757b4-9552-45c4-b450-e6f083595028',
      methodClass: 'POST',
      durationMs: 96,
      statusCode: 201
    }

      at write (src/observability/safeLogger.js:178:17)

  console.info
    {
      component: 'http',
      event: 'request_completed',
      requestId: 'ac121115-a935-446f-9719-50756e9cab7b',
      methodClass: 'POST',
      durationMs: 6,
      statusCode: 403
    }

      at write (src/observability/safeLogger.js:178:17)

  console.info
    {
      component: 'http',
      event: 'request_completed',
      requestId: '53205158-d97a-4aaa-8327-c8fd7a61b7bf',
      methodClass: 'POST',
      durationMs: 13,
      statusCode: 403
    }

      at write (src/observability/safeLogger.js:178:17)

  console.info
    {
      component: 'http',
      event: 'request_completed',
      requestId: 'f9521133-01f6-4c06-ad91-423185ee416b',
      methodClass: 'POST',
      durationMs: 11,
      statusCode: 404
    }

      at write (src/observability/safeLogger.js:178:17)

  console.info
    {
      component: 'http',
      event: 'request_completed',
      requestId: '49e4cee1-c066-4c6a-9f29-2a777fb3b6d0',
      methodClass: 'PATCH',
      durationMs: 4,
      statusCode: 428
    }

      at write (src/observability/safeLogger.js:178:17)

  console.error
    {
      component: 'http',
      event: 'request_failed',
      requestId: 'fec419dd-6e3d-4759-96fb-ebcabf1528e3',
      methodClass: 'POST',
      statusCode: 400
    }

      176 |     ...safeFields(fields),
      177 |   };
    > 178 |   console[level](record);
          |                 ^
      179 |   return record;
      180 | }
      181 |

      at write (src/observability/safeLogger.js:178:17)
      at Object.write (src/observability/safeLogger.js:191:10)
      at error (src/middleware/errorHandler.js:22:14)
      at Layer.handle_error (../m22-part3-route-writer/node_modules/express/lib/router/layer.js:71:5)
      at trim_prefix (../m22-part3-route-writer/node_modules/express/lib/router/index.js:326:13)
      at ../m22-part3-route-writer/node_modules/express/lib/router/index.js:286:9
      at router.process_params (../m22-part3-route-writer/node_modules/express/lib/router/index.js:346:12)
      at next (../m22-part3-route-writer/node_modules/express/lib/router/index.js:280:10)
      at Layer.handle_error (../m22-part3-route-writer/node_modules/express/lib/router/layer.js:67:12)
      at trim_prefix (../m22-part3-route-writer/node_modules/express/lib/router/index.js:326:13)
      at ../m22-part3-route-writer/node_modules/express/lib/router/index.js:286:9
      at router.process_params (../m22-part3-route-writer/node_modules/express/lib/router/index.js:346:12)
      at next (../m22-part3-route-writer/node_modules/express/lib/router/index.js:280:10)
      at Layer.handle_error (../m22-part3-route-writer/node_modules/express/lib/router/layer.js:67:12)
      at trim_prefix (../m22-part3-route-writer/node_modules/express/lib/router/index.js:326:13)
      at ../m22-part3-route-writer/node_modules/express/lib/router/index.js:286:9
      at router.process_params (../m22-part3-route-writer/node_modules/express/lib/router/index.js:346:12)
      at next (../m22-part3-route-writer/node_modules/express/lib/router/index.js:280:10)
      at Layer.handle_error (../m22-part3-route-writer/node_modules/express/lib/router/layer.js:67:12)
      at trim_prefix (../m22-part3-route-writer/node_modules/express/lib/router/index.js:326:13)
      at ../m22-part3-route-writer/node_modules/express/lib/router/index.js:286:9
      at router.process_params (../m22-part3-route-writer/node_modules/express/lib/router/index.js:346:12)
      at next (../m22-part3-route-writer/node_modules/express/lib/router/index.js:280:10)
      at Layer.handle_error (../m22-part3-route-writer/node_modules/express/lib/router/layer.js:67:12)
      at trim_prefix (../m22-part3-route-writer/node_modules/express/lib/router/index.js:326:13)
      at ../m22-part3-route-writer/node_modules/express/lib/router/index.js:286:9
      at router.process_params (../m22-part3-route-writer/node_modules/express/lib/router/index.js:346:12)
      at next (../m22-part3-route-writer/node_modules/express/lib/router/index.js:280:10)
      at Layer.handle_error (../m22-part3-route-writer/node_modules/express/lib/router/layer.js:67:12)
      at trim_prefix (../m22-part3-route-writer/node_modules/express/lib/router/index.js:326:13)
      at ../m22-part3-route-writer/node_modules/express/lib/router/index.js:286:9
      at router.process_params (../m22-part3-route-writer/node_modules/express/lib/router/index.js:346:12)
      at next (../m22-part3-route-writer/node_modules/express/lib/router/index.js:280:10)
      at Layer.handle_error (../m22-part3-route-writer/node_modules/express/lib/router/layer.js:67:12)
      at trim_prefix (../m22-part3-route-writer/node_modules/express/lib/router/index.js:326:13)
      at ../m22-part3-route-writer/node_modules/express/lib/router/index.js:286:9
      at router.process_params (../m22-part3-route-writer/node_modules/express/lib/router/index.js:346:12)
      at next (../m22-part3-route-writer/node_modules/express/lib/router/index.js:280:10)
      at Layer.handle_error (../m22-part3-route-writer/node_modules/express/lib/router/layer.js:67:12)
      at trim_prefix (../m22-part3-route-writer/node_modules/express/lib/router/index.js:326:13)
      at ../m22-part3-route-writer/node_modules/express/lib/router/index.js:286:9
      at router.process_params (../m22-part3-route-writer/node_modules/express/lib/router/index.js:346:12)
      at next (../m22-part3-route-writer/node_modules/express/lib/router/index.js:280:10)
      at Layer.handle_error (../m22-part3-route-writer/node_modules/express/lib/router/layer.js:67:12)
      at trim_prefix (../m22-part3-route-writer/node_modules/express/lib/router/index.js:326:13)
      at ../m22-part3-route-writer/node_modules/express/lib/router/index.js:286:9
      at router.process_params (../m22-part3-route-writer/node_modules/express/lib/router/index.js:346:12)
      at next (../m22-part3-route-writer/node_modules/express/lib/router/index.js:280:10)
      at Layer.handle_error (../m22-part3-route-writer/node_modules/express/lib/router/layer.js:67:12)
      at trim_prefix (../m22-part3-route-writer/node_modules/express/lib/router/index.js:326:13)
      at ../m22-part3-route-writer/node_modules/express/lib/router/index.js:286:9
      at router.process_params (../m22-part3-route-writer/node_modules/express/lib/router/index.js:346:12)
      at next (../m22-part3-route-writer/node_modules/express/lib/router/index.js:280:10)
      at Layer.handle_error (../m22-part3-route-writer/node_modules/express/lib/router/layer.js:67:12)
      at trim_prefix (../m22-part3-route-writer/node_modules/express/lib/router/index.js:326:13)
      at ../m22-part3-route-writer/node_modules/express/lib/router/index.js:286:9
      at router.process_params (../m22-part3-route-writer/node_modules/express/lib/router/index.js:346:12)
      at next (../m22-part3-route-writer/node_modules/express/lib/router/index.js:280:10)
      at Layer.handle_error (../m22-part3-route-writer/node_modules/express/lib/router/layer.js:67:12)
      at trim_prefix (../m22-part3-route-writer/node_modules/express/lib/router/index.js:326:13)
      at ../m22-part3-route-writer/node_modules/express/lib/router/index.js:286:9
      at router.process_params (../m22-part3-route-writer/node_modules/express/lib/router/index.js:346:12)
      at next (../m22-part3-route-writer/node_modules/express/lib/router/index.js:280:10)
      at Layer.handle_error (../m22-part3-route-writer/node_modules/express/lib/router/layer.js:67:12)
      at trim_prefix (../m22-part3-route-writer/node_modules/express/lib/router/index.js:326:13)
      at ../m22-part3-route-writer/node_modules/express/lib/router/index.js:286:9
      at router.process_params (../m22-part3-route-writer/node_modules/express/lib/router/index.js:346:12)
      at next (../m22-part3-route-writer/node_modules/express/lib/router/index.js:280:10)
      at next (src/scheduling/approvalHttpBoundary.js:80:16)
      at ../m22-part3-route-writer/node_modules/body-parser/lib/read.js:137:5
      at invokeCallback (../m22-part3-route-writer/node_modules/raw-body/index.js:238:16)
      at done (../m22-part3-route-writer/node_modules/raw-body/index.js:227:7)
      at IncomingMessage.onEnd (../m22-part3-route-writer/node_modules/raw-body/index.js:287:7)

  console.error
    {
      component: 'http',
      event: 'request_failed',
      requestId: 'a1deb9a1-387d-4926-9c28-c6ce0bbe052b',
      methodClass: 'POST',
      statusCode: 413
    }

      176 |     ...safeFields(fields),
      177 |   };
    > 178 |   console[level](record);
          |                 ^
      179 |   return record;
      180 | }
      181 |

      at write (src/observability/safeLogger.js:178:17)
      at Object.write (src/observability/safeLogger.js:191:10)
      at error (src/middleware/errorHandler.js:22:14)
      at Layer.handle_error (../m22-part3-route-writer/node_modules/express/lib/router/layer.js:71:5)
      at trim_prefix (../m22-part3-route-writer/node_modules/express/lib/router/index.js:326:13)
      at ../m22-part3-route-writer/node_modules/express/lib/router/index.js:286:9
      at router.process_params (../m22-part3-route-writer/node_modules/express/lib/router/index.js:346:12)
      at next (../m22-part3-route-writer/node_modules/express/lib/router/index.js:280:10)
      at Layer.handle_error (../m22-part3-route-writer/node_modules/express/lib/router/layer.js:67:12)
      at trim_prefix (../m22-part3-route-writer/node_modules/express/lib/router/index.js:326:13)
      at ../m22-part3-route-writer/node_modules/express/lib/router/index.js:286:9
      at router.process_params (../m22-part3-route-writer/node_modules/express/lib/router/index.js:346:12)
      at next (../m22-part3-route-writer/node_modules/express/lib/router/index.js:280:10)
      at Layer.handle_error (../m22-part3-route-writer/node_modules/express/lib/router/layer.js:67:12)
      at trim_prefix (../m22-part3-route-writer/node_modules/express/lib/router/index.js:326:13)
      at ../m22-part3-route-writer/node_modules/express/lib/router/index.js:286:9
      at router.process_params (../m22-part3-route-writer/node_modules/express/lib/router/index.js:346:12)
      at next (../m22-part3-route-writer/node_modules/express/lib/router/index.js:280:10)
      at Layer.handle_error (../m22-part3-route-writer/node_modules/express/lib/router/layer.js:67:12)
      at trim_prefix (../m22-part3-route-writer/node_modules/express/lib/router/index.js:326:13)
      at ../m22-part3-route-writer/node_modules/express/lib/router/index.js:286:9
      at router.process_params (../m22-part3-route-writer/node_modules/express/lib/router/index.js:346:12)
      at next (../m22-part3-route-writer/node_modules/express/lib/router/index.js:280:10)
      at Layer.handle_error (../m22-part3-route-writer/node_modules/express/lib/router/layer.js:67:12)
      at trim_prefix (../m22-part3-route-writer/node_modules/express/lib/router/index.js:326:13)
      at ../m22-part3-route-writer/node_modules/express/lib/router/index.js:286:9
      at router.process_params (../m22-part3-route-writer/node_modules/express/lib/router/index.js:346:12)
      at next (../m22-part3-route-writer/node_modules/express/lib/router/index.js:280:10)
      at Layer.handle_error (../m22-part3-route-writer/node_modules/express/lib/router/layer.js:67:12)
      at trim_prefix (../m22-part3-route-writer/node_modules/express/lib/router/index.js:326:13)
      at ../m22-part3-route-writer/node_modules/express/lib/router/index.js:286:9
      at router.process_params (../m22-part3-route-writer/node_modules/express/lib/router/index.js:346:12)
      at next (../m22-part3-route-writer/node_modules/express/lib/router/index.js:280:10)
      at Layer.handle_error (../m22-part3-route-writer/node_modules/express/lib/router/layer.js:67:12)
      at trim_prefix (../m22-part3-route-writer/node_modules/express/lib/router/index.js:326:13)
      at ../m22-part3-route-writer/node_modules/express/lib/router/index.js:286:9
      at router.process_params (../m22-part3-route-writer/node_modules/express/lib/router/index.js:346:12)
      at next (../m22-part3-route-writer/node_modules/express/lib/router/index.js:280:10)
      at Layer.handle_error (../m22-part3-route-writer/node_modules/express/lib/router/layer.js:67:12)
      at trim_prefix (../m22-part3-route-writer/node_modules/express/lib/router/index.js:326:13)
      at ../m22-part3-route-writer/node_modules/express/lib/router/index.js:286:9
      at router.process_params (../m22-part3-route-writer/node_modules/express/lib/router/index.js:346:12)
      at next (../m22-part3-route-writer/node_modules/express/lib/router/index.js:280:10)
      at Layer.handle_error (../m22-part3-route-writer/node_modules/express/lib/router/layer.js:67:12)
      at trim_prefix (../m22-part3-route-writer/node_modules/express/lib/router/index.js:326:13)
      at ../m22-part3-route-writer/node_modules/express/lib/router/index.js:286:9
      at router.process_params (../m22-part3-route-writer/node_modules/express/lib/router/index.js:346:12)
      at next (../m22-part3-route-writer/node_modules/express/lib/router/index.js:280:10)
      at Layer.handle_error (../m22-part3-route-writer/node_modules/express/lib/router/layer.js:67:12)
      at trim_prefix (../m22-part3-route-writer/node_modules/express/lib/router/index.js:326:13)
      at ../m22-part3-route-writer/node_modules/express/lib/router/index.js:286:9
      at router.process_params (../m22-part3-route-writer/node_modules/express/lib/router/index.js:346:12)
      at next (../m22-part3-route-writer/node_modules/express/lib/router/index.js:280:10)
      at Layer.handle_error (../m22-part3-route-writer/node_modules/express/lib/router/layer.js:67:12)
      at trim_prefix (../m22-part3-route-writer/node_modules/express/lib/router/index.js:326:13)
      at ../m22-part3-route-writer/node_modules/express/lib/router/index.js:286:9
      at router.process_params (../m22-part3-route-writer/node_modules/express/lib/router/index.js:346:12)
      at next (../m22-part3-route-writer/node_modules/express/lib/router/index.js:280:10)
      at Layer.handle_error (../m22-part3-route-writer/node_modules/express/lib/router/layer.js:67:12)
      at trim_prefix (../m22-part3-route-writer/node_modules/express/lib/router/index.js:326:13)
      at ../m22-part3-route-writer/node_modules/express/lib/router/index.js:286:9
      at router.process_params (../m22-part3-route-writer/node_modules/express/lib/router/index.js:346:12)
      at next (../m22-part3-route-writer/node_modules/express/lib/router/index.js:280:10)
      at Layer.handle_error (../m22-part3-route-writer/node_modules/express/lib/router/layer.js:67:12)
      at trim_prefix (../m22-part3-route-writer/node_modules/express/lib/router/index.js:326:13)
      at ../m22-part3-route-writer/node_modules/express/lib/router/index.js:286:9
      at router.process_params (../m22-part3-route-writer/node_modules/express/lib/router/index.js:346:12)
      at next (../m22-part3-route-writer/node_modules/express/lib/router/index.js:280:10)
      at next (src/scheduling/approvalHttpBoundary.js:66:25)
      at onfinished (../m22-part3-route-writer/node_modules/body-parser/lib/read.js:102:9)
      at listener (../m22-part3-route-writer/node_modules/on-finished/index.js:170:15)
      at onFinish (../m22-part3-route-writer/node_modules/on-finished/index.js:101:5)
      at callback (../m22-part3-route-writer/node_modules/ee-first/index.js:55:10)
      at IncomingMessage.onevent (../m22-part3-route-writer/node_modules/ee-first/index.js:93:5)

  console.info
    {
      component: 'http',
      event: 'request_completed',
      requestId: 'afbeda2b-0e42-49f8-b9ba-e9120fc3117c',
      methodClass: 'POST',
      durationMs: 55,
      statusCode: 201
    }

      at write (src/observability/safeLogger.js:178:17)

  console.info
    {
      component: 'http',
      event: 'request_completed',
      requestId: 'b14150f2-fd83-4f56-b801-fa9e594e2177',
      methodClass: 'POST',
      durationMs: 128,
      statusCode: 200
    }

      at write (src/observability/safeLogger.js:178:17)

  console.info
    {
      component: 'http',
      event: 'request_completed',
      requestId: '7cabb7c6-5409-4097-80e2-e13c44c94bf5',
      methodClass: 'POST',
      durationMs: 52,
      statusCode: 201
    }

      at write (src/observability/safeLogger.js:178:17)

  console.info
    {
      component: 'http',
      event: 'request_completed',
      requestId: '5e6e0973-d2f1-43ea-8d59-082b4d49b1c2',
      methodClass: 'POST',
      durationMs: 75,
      statusCode: 409
    }

      at write (src/observability/safeLogger.js:178:17)

  console.info
    {
      component: 'http',
      event: 'request_completed',
      requestId: '3ee4f269-c502-435f-bc6b-2cfbd71280e6',
      methodClass: 'POST',
      durationMs: 44,
      statusCode: 201
    }

      at write (src/observability/safeLogger.js:178:17)

  console.info
    {
      component: 'http',
      event: 'request_completed',
      requestId: '08d3cc57-b5de-4381-b8d2-ca1dca2c3a36',
      methodClass: 'POST',
      durationMs: 264,
      statusCode: 200
    }

      at write (src/observability/safeLogger.js:178:17)

  console.info
    {
      component: 'http',
      event: 'request_completed',
      requestId: 'ca92a211-bc35-4568-926f-da2312ad86e3',
      methodClass: 'POST',
      durationMs: 74,
      statusCode: 201
    }

      at write (src/observability/safeLogger.js:178:17)

  console.info
    {
      component: 'http',
      event: 'request_completed',
      requestId: 'ee9c3ae5-1b2c-4a98-8b84-f8c20c1fb860',
      methodClass: 'POST',
      durationMs: 71,
      statusCode: 503
    }

      at write (src/observability/safeLogger.js:178:17)

  console.info
    {
      component: 'http',
      event: 'request_completed',
      requestId: '1dd49082-335e-4ee1-931a-60452acfa56e',
      methodClass: 'POST',
      durationMs: 40,
      statusCode: 201
    }

      at write (src/observability/safeLogger.js:178:17)

  console.info
    {
      component: 'http',
      event: 'request_completed',
      requestId: '814bafca-4228-495b-8655-1696c3c90b59',
      methodClass: 'POST',
      durationMs: 75,
      statusCode: 200
    }

      at write (src/observability/safeLogger.js:178:17)

  console.info
    {
      component: 'http',
      event: 'request_completed',
      requestId: 'c3ed1dc6-3da1-41c9-8b7b-929916b748d6',
      methodClass: 'POST',
      durationMs: 41,
      statusCode: 201
    }

      at write (src/observability/safeLogger.js:178:17)

  console.info
    {
      component: 'http',
      event: 'request_completed',
      requestId: '9f3c6bb4-5d59-4b58-a46d-c2b2634e98e6',
      methodClass: 'POST',
      durationMs: 77,
      statusCode: 201
    }

      at write (src/observability/safeLogger.js:178:17)

  console.info
    {
      component: 'http',
      event: 'request_completed',
      requestId: 'ae052232-b96e-4eaa-973c-aad712c49a30',
      methodClass: 'POST',
      durationMs: 72,
      statusCode: 200
    }

      at write (src/observability/safeLogger.js:178:17)

  console.info
    {
      component: 'http',
      event: 'request_completed',
      requestId: '72c9b189-867e-44dc-adc0-60f1d054d243',
      methodClass: 'POST',
      durationMs: 122,
      statusCode: 409
    }

      at write (src/observability/safeLogger.js:178:17)

  console.info
    {
      component: 'http',
      event: 'request_completed',
      requestId: '392a04b0-5770-468d-9e16-0b5e96b9a3f5',
      methodClass: 'POST',
      durationMs: 39,
      statusCode: 201
    }

      at write (src/observability/safeLogger.js:178:17)

  console.info
    {
      component: 'http',
      event: 'request_completed',
      requestId: '5ff69266-466e-4c3e-af55-314a0da9f543',
      methodClass: 'POST',
      durationMs: 83,
      statusCode: 200
    }

      at write (src/observability/safeLogger.js:178:17)

  console.info
    {
      component: 'http',
      event: 'request_completed',
      requestId: '4890ee21-4ea6-4436-92a6-7256d265a7a9',
      methodClass: 'POST',
      durationMs: 45,
      statusCode: 201
    }

      at write (src/observability/safeLogger.js:178:17)

  console.info
    {
      component: 'http',
      event: 'request_completed',
      requestId: '2636f4b8-a416-4d78-a9c7-9bcb954f4950',
      methodClass: 'POST',
      durationMs: 66,
      statusCode: 409
    }

      at write (src/observability/safeLogger.js:178:17)

  console.info
    {
      component: 'http',
      event: 'request_completed',
      requestId: '7ef73d27-2374-4167-821f-a94cb34502ed',
      methodClass: 'POST',
      durationMs: 42,
      statusCode: 201
    }

      at write (src/observability/safeLogger.js:178:17)

  console.info
    {
      component: 'http',
      event: 'request_completed',
      requestId: '80904de9-bc97-44ef-b346-93214174c409',
      methodClass: 'POST',
      durationMs: 2,
      statusCode: 403
    }

      at write (src/observability/safeLogger.js:178:17)

  console.info
    {
      component: 'http',
      event: 'request_completed',
      requestId: '01e9c0fb-ae09-45b9-b774-18a1fd230151',
      methodClass: 'POST',
      durationMs: 42,
      statusCode: 201
    }

      at write (src/observability/safeLogger.js:178:17)

  console.info
    {
      component: 'http',
      event: 'request_completed',
      requestId: 'c1a7cf09-752a-4c35-b8b1-096c91068e1d',
      methodClass: 'POST',
      durationMs: 70,
      statusCode: 200
    }

      at write (src/observability/safeLogger.js:178:17)

  console.info
    {
      component: 'http',
      event: 'request_completed',
      requestId: 'be26813c-a483-43b5-8401-a635de0c7dde',
      methodClass: 'POST',
      durationMs: 118,
      statusCode: 201
    }

      at write (src/observability/safeLogger.js:178:17)

  console.info
    {
      component: 'http',
      event: 'request_completed',
      requestId: '88d6d3d2-1387-45eb-a920-e98522418c01',
      methodClass: 'POST',
      durationMs: 156,
      statusCode: 200
    }

      at write (src/observability/safeLogger.js:178:17)

  console.info
    {
      component: 'http',
      event: 'request_completed',
      requestId: '5262d68e-41fd-42b5-bd26-308266a286ee',
      methodClass: 'PUT',
      durationMs: 124,
      statusCode: 200
    }

      at write (src/observability/safeLogger.js:178:17)

  console.info
    {
      component: 'http',
      event: 'request_completed',
      requestId: 'cab4cb72-0341-4b0a-8935-329fd86c284c',
      methodClass: 'POST',
      durationMs: 156,
      statusCode: 201
    }

      at write (src/observability/safeLogger.js:178:17)

  console.info
    {
      component: 'http',
      event: 'request_completed',
      requestId: '292f5102-75b4-4cf0-bfa3-1764c73d44a9',
      methodClass: 'POST',
      durationMs: 184,
      statusCode: 409
    }

      at write (src/observability/safeLogger.js:178:17)

  console.info
    {
      component: 'http',
      event: 'request_completed',
      requestId: 'fa0754df-f2df-43d8-b21f-92b3d9e5d5a2',
      methodClass: 'POST',
      durationMs: 186,
      statusCode: 409
    }

      at write (src/observability/safeLogger.js:178:17)

  console.info
    {
      component: 'http',
      event: 'request_completed',
      requestId: '3581e738-3d5d-41ed-b592-b7b467ebfcbe',
      methodClass: 'POST',
      durationMs: 44,
      statusCode: 201
    }

      at write (src/observability/safeLogger.js:178:17)

  console.info
    {
      component: 'http',
      event: 'request_completed',
      requestId: '66a0e64e-6b07-4da7-beb3-7576c2cce55d',
      methodClass: 'POST',
      durationMs: 65,
      statusCode: 409
    }

      at write (src/observability/safeLogger.js:178:17)

  console.info
    {
      component: 'http',
      event: 'request_completed',
      requestId: 'e2958340-d85d-4642-a167-42e00930d7da',
      methodClass: 'POST',
      durationMs: 39,
      statusCode: 201
    }

      at write (src/observability/safeLogger.js:178:17)

  console.info
    {
      component: 'http',
      event: 'request_completed',
      requestId: 'e534e2a8-af5f-47de-9e73-e201db974a9d',
      methodClass: 'POST',
      durationMs: 72,
      statusCode: 200
    }

      at write (src/observability/safeLogger.js:178:17)

  console.info
    {
      component: 'http',
      event: 'request_completed',
      requestId: '7ac7e302-0fe7-4814-91ec-900ca298ec70',
      methodClass: 'PUT',
      durationMs: 115,
      statusCode: 200
    }

      at write (src/observability/safeLogger.js:178:17)

  console.info
    {
      component: 'http',
      event: 'request_completed',
      requestId: 'e004e4e8-b8c0-4dfd-b0fd-adcbd1269e32',
      methodClass: 'POST',
      durationMs: 118,
      statusCode: 201
    }

      at write (src/observability/safeLogger.js:178:17)

  console.info
    {
      component: 'http',
      event: 'request_completed',
      requestId: '79a2a665-69d7-4d74-92ca-a3d1ee0ad2a7',
      methodClass: 'POST',
      durationMs: 56,
      statusCode: 201
    }

      at write (src/observability/safeLogger.js:178:17)

  console.info
    {
      component: 'http',
      event: 'request_completed',
      requestId: '5ebcc531-42a4-408b-a5c8-02bca650587e',
      methodClass: 'POST',
      durationMs: 73,
      statusCode: 200
    }

      at write (src/observability/safeLogger.js:178:17)

  console.info
    {
      component: 'http',
      event: 'request_completed',
      requestId: '569a7596-2ba9-4332-827d-1dd1e56eea1a',
      methodClass: 'POST',
      durationMs: 183,
      statusCode: 201
    }

      at write (src/observability/safeLogger.js:178:17)

  console.info
    {
      component: 'http',
      event: 'request_completed',
      requestId: 'c5a2b055-46d2-4348-8c8b-c6e889ea4a9d',
      methodClass: 'POST',
      durationMs: 45,
      statusCode: 409
    }

      at write (src/observability/safeLogger.js:178:17)

  console.info
    {
      component: 'http',
      event: 'request_completed',
      requestId: '20de3ab6-5ae3-4bb3-a736-5dc16ce94f4f',
      methodClass: 'POST',
      durationMs: 39,
      statusCode: 409
    }

      at write (src/observability/safeLogger.js:178:17)

  console.info
    {
      component: 'http',
      event: 'request_completed',
      requestId: '5104131e-6a95-4dfd-adf3-93735f5844bc',
      methodClass: 'POST',
      durationMs: 41,
      statusCode: 201
    }

      at write (src/observability/safeLogger.js:178:17)

  console.info
    {
      component: 'http',
      event: 'request_completed',
      requestId: '59acec73-de58-4591-8816-e7b4c6f39e06',
      methodClass: 'POST',
      durationMs: 80,
      statusCode: 200
    }

      at write (src/observability/safeLogger.js:178:17)

  console.info
    {
      component: 'http',
      event: 'request_completed',
      requestId: 'c4909cab-a9ad-44dd-8806-5d34fd3a28c5',
      methodClass: 'POST',
      durationMs: 206,
      statusCode: 201
    }

      at write (src/observability/safeLogger.js:178:17)

  console.info
    {
      component: 'http',
      event: 'request_completed',
      requestId: '8f76ccc0-1d98-42d7-b259-69826ac92efb',
      methodClass: 'POST',
      durationMs: 163,
      statusCode: 200
    }

      at write (src/observability/safeLogger.js:178:17)

  console.info
    {
      component: 'http',
      event: 'request_completed',
      requestId: '440f40cc-b102-4c0e-907f-47e2b8132a16',
      methodClass: 'POST',
      durationMs: 45,
      statusCode: 201
    }

      at write (src/observability/safeLogger.js:178:17)

  console.info
    {
      component: 'http',
      event: 'request_completed',
      requestId: 'bfcdbc2d-b18e-4bbd-9bca-f94d2002d878',
      methodClass: 'POST',
      durationMs: 70,
      statusCode: 200
    }

      at write (src/observability/safeLogger.js:178:17)

  console.info
    {
      component: 'http',
      event: 'request_completed',
      requestId: '60859886-1d34-494b-99c6-e4ebf9e89d95',
      methodClass: 'POST',
      durationMs: 231,
      statusCode: 201
    }

      at write (src/observability/safeLogger.js:178:17)

  console.info
    {
      component: 'http',
      event: 'request_completed',
      requestId: '43705346-13a3-494a-b146-7f4fefa46747',
      methodClass: 'POST',
      durationMs: 5,
      statusCode: 400
    }

      at write (src/observability/safeLogger.js:178:17)

  console.info
    {
      component: 'http',
      event: 'request_completed',
      requestId: '82b36475-f203-421a-b308-4ba5220fc01a',
      methodClass: 'POST',
      durationMs: 8,
      statusCode: 400
    }

      at write (src/observability/safeLogger.js:178:17)

  console.info
    {
      component: 'http',
      event: 'request_completed',
      requestId: 'c61237e8-fe61-492b-b9b2-014f7d2df2e6',
      methodClass: 'POST',
      durationMs: 51,
      statusCode: 201
    }

      at write (src/observability/safeLogger.js:178:17)

  console.info
    {
      component: 'http',
      event: 'request_completed',
      requestId: '9e259d0c-b67c-41d4-8673-5ef80397e90f',
      methodClass: 'POST',
      durationMs: 44,
      statusCode: 201
    }

      at write (src/observability/safeLogger.js:178:17)

  console.log
    [Simulations] Canonical graph committed: {"operationId":"e532dc7c-ebd1-4291-8e9e-5634784244a5","service":"plumbing","replayed":false}

      at log (src/routes/simulations.js:131:11)

  console.info
    {
      component: 'http',
      event: 'request_completed',
      requestId: '03418a5f-437c-4a37-aede-ff08fb6c7904',
      methodClass: 'POST',
      durationMs: 90,
      statusCode: 201
    }

      at write (src/observability/safeLogger.js:178:17)

  console.log
    [Simulations] Canonical graph committed: {"operationId":"d2dd4d45-24ab-4847-8bdf-19fb40cfebc4","service":"plumbing","replayed":false}

      at log (src/routes/simulations.js:131:11)

  console.info
    {
      component: 'http',
      event: 'request_completed',
      requestId: 'aa4fe2f4-5266-4c04-b729-a23e1439ea54',
      methodClass: 'POST',
      durationMs: 104,
      statusCode: 201
    }

      at write (src/observability/safeLogger.js:178:17)

  console.log
    [Simulations] Canonical graph committed: {"operationId":"329a120e-3ca9-48c0-a91a-721c9a463f76","service":"plumbing","replayed":false}

      at log (src/routes/simulations.js:131:11)

  console.info
    {
      component: 'http',
      event: 'request_completed',
      requestId: 'b944fbe4-227a-4951-8a70-6df73e2e7a04',
      methodClass: 'POST',
      durationMs: 124,
      statusCode: 201
    }

      at write (src/observability/safeLogger.js:178:17)

  console.log
    [Simulations] Canonical graph committed: {"operationId":"ec7213ff-81e4-48c4-b42a-a1938fcf8f57","service":"plumbing","replayed":false}

      at log (src/routes/simulations.js:131:11)

  console.info
    {
      component: 'http',
      event: 'request_completed',
      requestId: 'fbf0e949-25c8-4375-b880-c7992f318ded',
      methodClass: 'POST',
      durationMs: 147,
      statusCode: 201
    }

      at write (src/observability/safeLogger.js:178:17)

  console.log
    [Simulations] Canonical graph committed: {"operationId":"8354ebc0-2a51-4d3c-83cb-5bbe81da56f6","service":"plumbing","replayed":false}

      at log (src/routes/simulations.js:131:11)

  console.info
    {
      component: 'http',
      event: 'request_completed',
      requestId: '386fd443-7bb0-4aa2-bae6-39b4338b8fad',
      methodClass: 'POST',
      durationMs: 164,
      statusCode: 201
    }

      at write (src/observability/safeLogger.js:178:17)

  console.log
    [Simulations] Canonical graph committed: {"operationId":"0f696f5a-a2b5-4329-8370-21e348963297","service":"plumbing","replayed":false}

      at log (src/routes/simulations.js:131:11)

  console.info
    {
      component: 'http',
      event: 'request_completed',
      requestId: '67ce256f-6eea-4261-a3fe-8e2e27928599',
      methodClass: 'POST',
      durationMs: 41,
      statusCode: 201
    }

      at write (src/observability/safeLogger.js:178:17)

  console.log
    [Simulations] Canonical graph committed: {"operationId":"4974206e-82c5-46a7-8b81-733688bb525d","service":"plumbing","replayed":false}

      at log (src/routes/simulations.js:131:11)

  console.info
    {
      component: 'http',
      event: 'request_completed',
      requestId: 'd2a463c5-3b79-4a4e-b433-a086528f3519',
      methodClass: 'POST',
      durationMs: 52,
      statusCode: 201
    }

      at write (src/observability/safeLogger.js:178:17)

  console.log
    [Simulations] Canonical graph committed: {"operationId":"f70a9217-c060-40f7-8878-4e29b83c8bf1","service":"plumbing","replayed":false}

      at log (src/routes/simulations.js:131:11)

  console.info
    {
      component: 'http',
      event: 'request_completed',
      requestId: '77dccd20-4175-4886-a990-c3fff0d50a91',
      methodClass: 'POST',
      durationMs: 63,
      statusCode: 201
    }

      at write (src/observability/safeLogger.js:178:17)

  console.log
    [Simulations] Canonical graph committed: {"operationId":"77ce6ddf-4636-4483-9342-96d66d7fedb8","service":"plumbing","replayed":false}

      at log (src/routes/simulations.js:131:11)

  console.info
    {
      component: 'http',
      event: 'request_completed',
      requestId: 'b9298085-c50a-449b-9cc6-754e15dace05',
      methodClass: 'POST',
      durationMs: 72,
      statusCode: 201
    }

      at write (src/observability/safeLogger.js:178:17)

  console.log
    [Simulations] Canonical graph committed: {"operationId":"048a7b4a-fc46-4ef6-9856-b0b14163ccd2","service":"plumbing","replayed":false}

      at log (src/routes/simulations.js:131:11)

  console.info
    {
      component: 'http',
      event: 'request_completed',
      requestId: '8355a288-7ed9-4395-a3fa-ac37d356543a',
      methodClass: 'POST',
      durationMs: 89,
      statusCode: 201
    }

      at write (src/observability/safeLogger.js:178:17)

  console.log
    [Simulations] Canonical graph committed: {"operationId":"9f3d4f00-615e-4104-9a97-5771fecbc127","service":"plumbing","replayed":false}

      at log (src/routes/simulations.js:131:11)

  console.info
    {
      component: 'http',
      event: 'request_completed',
      requestId: 'e04b54fa-f52b-40b1-87db-05133a783242',
      methodClass: 'POST',
      durationMs: 19,
      statusCode: 201
    }

      at write (src/observability/safeLogger.js:178:17)

  console.log
    [Simulations] Canonical graph committed: {"operationId":"cc6d9449-bbd6-4476-b96f-be70ab6e6f6a","service":"plumbing","replayed":false}

      at log (src/routes/simulations.js:131:11)

  console.info
    {
      component: 'http',
      event: 'request_completed',
      requestId: '91d129d3-3571-4ea5-bc5f-8a13bf305945',
      methodClass: 'POST',
      durationMs: 27,
      statusCode: 201
    }

      at write (src/observability/safeLogger.js:178:17)

  console.log
    [Simulations] Canonical graph committed: {"operationId":"9fe4ce3b-5634-4f2d-bd1a-0a234054a2e6","service":"plumbing","replayed":false}

      at log (src/routes/simulations.js:131:11)

  console.info
    {
      component: 'http',
      event: 'request_completed',
      requestId: 'acca614c-64bc-461c-af76-4008fa3082f0',
      methodClass: 'POST',
      durationMs: 35,
      statusCode: 201
    }

      at write (src/observability/safeLogger.js:178:17)

  console.log
    [Simulations] Canonical graph committed: {"operationId":"06afe07b-35b3-42c6-af4f-c5a4128e92f7","service":"plumbing","replayed":false}

      at log (src/routes/simulations.js:131:11)

  console.info
    {
      component: 'http',
      event: 'request_completed',
      requestId: '1a8830fe-b46a-40c8-b933-29d5436464ea',
      methodClass: 'POST',
      durationMs: 47,
      statusCode: 201
    }

      at write (src/observability/safeLogger.js:178:17)

  console.log
    [Simulations] Canonical graph committed: {"operationId":"62c76159-485b-4b9c-820e-60c758385d22","service":"plumbing","replayed":false}

      at log (src/routes/simulations.js:131:11)

  console.info
    {
      component: 'http',
      event: 'request_completed',
      requestId: '5b055334-ddc2-4e40-bb58-51271075bf3a',
      methodClass: 'POST',
      durationMs: 58,
      statusCode: 201
    }

      at write (src/observability/safeLogger.js:178:17)

  console.log
    [Simulations] Canonical graph committed: {"operationId":"2c80bdfe-54bf-4eec-812e-84681ce48e96","service":"plumbing","replayed":false}

      at log (src/routes/simulations.js:131:11)

  console.info
    {
      component: 'http',
      event: 'request_completed',
      requestId: 'eb852c12-2dc1-4243-b6be-0e13677e4d06',
      methodClass: 'POST',
      durationMs: 18,
      statusCode: 201
    }

      at write (src/observability/safeLogger.js:178:17)

  console.log
    [Simulations] Canonical graph committed: {"operationId":"998d01c5-4207-4071-82ed-9637c6f13c20","service":"plumbing","replayed":false}

      at log (src/routes/simulations.js:131:11)

  console.info
    {
      component: 'http',
      event: 'request_completed',
      requestId: '02f2aa8e-2b47-40a9-8117-13c32fc336a9',
      methodClass: 'POST',
      durationMs: 27,
      statusCode: 201
    }

      at write (src/observability/safeLogger.js:178:17)

  console.log
    [Simulations] Canonical graph committed: {"operationId":"8be3ef32-6f7e-468c-8a2d-5e636e9b69db","service":"plumbing","replayed":false}

      at log (src/routes/simulations.js:131:11)

  console.info
    {
      component: 'http',
      event: 'request_completed',
      requestId: '74cfcbab-0cc1-48de-918e-a640a2936c59',
      methodClass: 'POST',
      durationMs: 36,
      statusCode: 201
    }

      at write (src/observability/safeLogger.js:178:17)

  console.log
    [Simulations] Canonical graph committed: {"operationId":"6382c518-a1a8-48a2-9193-0d31c0fa954b","service":"plumbing","replayed":false}

      at log (src/routes/simulations.js:131:11)

  console.info
    {
      component: 'http',
      event: 'request_completed',
      requestId: '10e74c2e-b52e-4f80-a120-e5165934a947',
      methodClass: 'POST',
      durationMs: 47,
      statusCode: 201
    }

      at write (src/observability/safeLogger.js:178:17)

  console.log
    [Simulations] Canonical graph committed: {"operationId":"24524008-243a-4398-bb4f-d7b6af906b60","service":"plumbing","replayed":false}

      at log (src/routes/simulations.js:131:11)

  console.info
    {
      component: 'http',
      event: 'request_completed',
      requestId: 'befd70df-fc48-4d37-b11b-23d7319f7b50',
      methodClass: 'POST',
      durationMs: 55,
      statusCode: 201
    }

      at write (src/observability/safeLogger.js:178:17)

  console.log
    [Simulations] Canonical graph committed: {"operationId":"bd8bca18-b6b4-4fdc-9a50-18b34492de19","service":"plumbing","replayed":false}

      at log (src/routes/simulations.js:131:11)

  console.info
    {
      component: 'http',
      event: 'request_completed',
      requestId: 'dc142402-ba9d-4aca-851c-6a700a708103',
      methodClass: 'POST',
      durationMs: 18,
      statusCode: 201
    }

      at write (src/observability/safeLogger.js:178:17)

  console.log
    [Simulations] Canonical graph committed: {"operationId":"02fc6466-0d74-47f4-928c-28e83d50ef15","service":"plumbing","replayed":false}

      at log (src/routes/simulations.js:131:11)

  console.info
    {
      component: 'http',
      event: 'request_completed',
      requestId: '4a7620c1-e0a1-49a3-b5ed-fc20710489df',
      methodClass: 'POST',
      durationMs: 25,
      statusCode: 201
    }

      at write (src/observability/safeLogger.js:178:17)

  console.log
    [Simulations] Canonical graph committed: {"operationId":"1ab3e69b-3b80-4b93-b0ad-0e794f8af75b","service":"plumbing","replayed":false}

      at log (src/routes/simulations.js:131:11)

  console.info
    {
      component: 'http',
      event: 'request_completed',
      requestId: 'f8974ca6-a6f9-48f8-bc79-fa76e25cb27a',
      methodClass: 'POST',
      durationMs: 36,
      statusCode: 201
    }

      at write (src/observability/safeLogger.js:178:17)

  console.log
    [Simulations] Canonical graph committed: {"operationId":"d25c4ed6-bf3a-4df4-aea7-7a3f08271117","service":"plumbing","replayed":false}

      at log (src/routes/simulations.js:131:11)

  console.info
    {
      component: 'http',
      event: 'request_completed',
      requestId: '34f65b7f-804e-4142-a280-4f34d244ee71',
      methodClass: 'POST',
      durationMs: 44,
      statusCode: 201
    }

      at write (src/observability/safeLogger.js:178:17)

  console.log
    [Simulations] Canonical graph committed: {"operationId":"1cff5c61-29a6-4d5d-a0fc-d4bc2b44952c","service":"plumbing","replayed":false}

      at log (src/routes/simulations.js:131:11)

  console.info
    {
      component: 'http',
      event: 'request_completed',
      requestId: 'cb07910e-add8-47a8-9f90-925292fcfcdb',
      methodClass: 'POST',
      durationMs: 54,
      statusCode: 201
    }

      at write (src/observability/safeLogger.js:178:17)

  console.log
    [Simulations] Canonical graph committed: {"operationId":"39a3182e-f7dd-4e2d-b02b-366b6821d78a","service":"plumbing","replayed":false}

      at log (src/routes/simulations.js:131:11)

  console.info
    {
      component: 'http',
      event: 'request_completed',
      requestId: 'fea1ea8d-742f-4ac3-ad42-d8c665e65e9b',
      methodClass: 'POST',
      durationMs: 34,
      statusCode: 201
    }

      at write (src/observability/safeLogger.js:178:17)

  console.log
    [Simulations] Canonical graph committed: {"operationId":"a176433c-f832-4115-9401-09970eea8d7e","service":"plumbing","replayed":false}

      at log (src/routes/simulations.js:131:11)

  console.info
    {
      component: 'http',
      event: 'request_completed',
      requestId: '8076b1f6-c4c1-4438-87ab-05dc63f96a7f',
      methodClass: 'POST',
      durationMs: 48,
      statusCode: 201
    }

      at write (src/observability/safeLogger.js:178:17)

  console.log
    [Simulations] Canonical graph committed: {"operationId":"c5d4ef9f-4bf9-4189-a20c-33da7ab73c61","service":"plumbing","replayed":false}

      at log (src/routes/simulations.js:131:11)

  console.info
    {
      component: 'http',
      event: 'request_completed',
      requestId: '3613021f-7fac-45b6-9110-3f27f94fe083',
      methodClass: 'POST',
      durationMs: 57,
      statusCode: 201
    }

      at write (src/observability/safeLogger.js:178:17)

  console.log
    [Simulations] Canonical graph committed: {"operationId":"bc5f169f-1160-4793-9525-e597b147a2b5","service":"plumbing","replayed":false}

      at log (src/routes/simulations.js:131:11)

  console.info
    {
      component: 'http',
      event: 'request_completed',
      requestId: '0ec93077-d6b1-40ae-91ec-7148846253c5',
      methodClass: 'POST',
      durationMs: 62,
      statusCode: 201
    }

      at write (src/observability/safeLogger.js:178:17)

  console.log
    [Simulations] Canonical graph committed: {"operationId":"accaf846-9b58-46e7-91ce-22213e63bd59","service":"plumbing","replayed":false}

      at log (src/routes/simulations.js:131:11)

  console.info
    {
      component: 'http',
      event: 'request_completed',
      requestId: '4c254650-6b35-41a1-b98e-41554f03a5a9',
      methodClass: 'POST',
      durationMs: 72,
      statusCode: 201
    }

      at write (src/observability/safeLogger.js:178:17)

  console.log
    [Simulations] Canonical graph committed: {"operationId":"1626944f-0045-48f1-bd4f-e552f70beceb","service":"plumbing","replayed":false}

      at log (src/routes/simulations.js:131:11)

  console.info
    {
      component: 'http',
      event: 'request_completed',
      requestId: 'f8ebe222-7874-4c5c-8c1a-2575caffc89d',
      methodClass: 'POST',
      durationMs: 24,
      statusCode: 201
    }

      at write (src/observability/safeLogger.js:178:17)

  console.log
    [Simulations] Canonical graph committed: {"operationId":"208289ea-24bc-4ed3-b22b-009445465e08","service":"plumbing","replayed":false}

      at log (src/routes/simulations.js:131:11)

  console.info
    {
      component: 'http',
      event: 'request_completed',
      requestId: 'd4979ad1-81f2-42c5-be43-7d26d53256a6',
      methodClass: 'POST',
      durationMs: 32,
      statusCode: 201
    }

      at write (src/observability/safeLogger.js:178:17)

  console.log
    [Simulations] Canonical graph committed: {"operationId":"21e70161-81b4-454a-ba1b-63b84f90512e","service":"plumbing","replayed":false}

      at log (src/routes/simulations.js:131:11)

  console.info
    {
      component: 'http',
      event: 'request_completed',
      requestId: '792c8806-f6d3-48de-9036-55301c7f2460',
      methodClass: 'POST',
      durationMs: 41,
      statusCode: 201
    }

      at write (src/observability/safeLogger.js:178:17)

  console.log
    [Simulations] Canonical graph committed: {"operationId":"46d6c794-476d-4167-ba6c-cacc487ca182","service":"plumbing","replayed":false}

      at log (src/routes/simulations.js:131:11)

  console.info
    {
      component: 'http',
      event: 'request_completed',
      requestId: '79c014fb-f218-4442-b424-2c8283cf8402',
      methodClass: 'POST',
      durationMs: 49,
      statusCode: 201
    }

      at write (src/observability/safeLogger.js:178:17)

  console.log
    [Simulations] Canonical graph committed: {"operationId":"6d39ae25-d492-48e9-aa08-c64e6f00c415","service":"plumbing","replayed":false}

      at log (src/routes/simulations.js:131:11)

  console.info
    {
      component: 'http',
      event: 'request_completed',
      requestId: '069594a0-bc4f-4af9-8195-eda28c709959',
      methodClass: 'POST',
      durationMs: 56,
      statusCode: 201
    }

      at write (src/observability/safeLogger.js:178:17)

  console.log
    [Simulations] Canonical graph committed: {"operationId":"7ee209d3-9d28-40b4-9450-e8e53a6bc353","service":"plumbing","replayed":false}

      at log (src/routes/simulations.js:131:11)

  console.info
    {
      component: 'http',
      event: 'request_completed',
      requestId: '4196a06f-5683-4781-ade8-047bda237db9',
      methodClass: 'POST',
      durationMs: 16,
      statusCode: 201
    }

      at write (src/observability/safeLogger.js:178:17)

  console.log
    [Simulations] Canonical graph committed: {"operationId":"307c8849-5d81-4c8e-af34-10d148dac770","service":"plumbing","replayed":false}

      at log (src/routes/simulations.js:131:11)

  console.info
    {
      component: 'http',
      event: 'request_completed',
      requestId: '34a21cf4-e992-4ece-af39-e352721e95bb',
      methodClass: 'POST',
      durationMs: 23,
      statusCode: 201
    }

      at write (src/observability/safeLogger.js:178:17)

  console.log
    [Simulations] Canonical graph committed: {"operationId":"5251deff-eaf4-4938-b034-9e986863028b","service":"plumbing","replayed":false}

      at log (src/routes/simulations.js:131:11)

  console.info
    {
      component: 'http',
      event: 'request_completed',
      requestId: '602cb815-9b09-4112-bf7c-6f8aa8f4f8bf',
      methodClass: 'POST',
      durationMs: 32,
      statusCode: 201
    }

      at write (src/observability/safeLogger.js:178:17)

  console.log
    [Simulations] Canonical graph committed: {"operationId":"b71ee04a-b61a-4b52-b429-757a9b9b4fdc","service":"plumbing","replayed":false}

      at log (src/routes/simulations.js:131:11)

  console.info
    {
      component: 'http',
      event: 'request_completed',
      requestId: '98e8be90-ec13-4164-bf53-0d9d67fa3ac6',
      methodClass: 'POST',
      durationMs: 40,
      statusCode: 201
    }

      at write (src/observability/safeLogger.js:178:17)

  console.log
    [Simulations] Canonical graph committed: {"operationId":"66ff01de-979d-422d-ba7d-f976d68a492c","service":"plumbing","replayed":false}

      at log (src/routes/simulations.js:131:11)

  console.info
    {
      component: 'http',
      event: 'request_completed',
      requestId: 'cd5a8ec0-5b4b-4d0d-9ea3-a452c556dcef',
      methodClass: 'POST',
      durationMs: 48,
      statusCode: 201
    }

      at write (src/observability/safeLogger.js:178:17)

  console.log
    [Simulations] Canonical graph committed: {"operationId":"2a15d9cb-4568-4109-a60b-4bb42afbca12","service":"plumbing","replayed":false}

      at log (src/routes/simulations.js:131:11)

  console.info
    {
      component: 'http',
      event: 'request_completed',
      requestId: 'd7ea92a2-9dd9-4e45-aa67-f2792b347ede',
      methodClass: 'POST',
      durationMs: 15,
      statusCode: 201
    }

      at write (src/observability/safeLogger.js:178:17)

  console.log
    [Simulations] Canonical graph committed: {"operationId":"94b7d32d-6cd2-49cf-a55c-d11829ec6115","service":"plumbing","replayed":false}

      at log (src/routes/simulations.js:131:11)

  console.info
    {
      component: 'http',
      event: 'request_completed',
      requestId: '10965ae6-d5dd-401c-9f0b-e3a88ad7d651',
      methodClass: 'POST',
      durationMs: 21,
      statusCode: 201
    }

      at write (src/observability/safeLogger.js:178:17)

  console.log
    [Simulations] Canonical graph committed: {"operationId":"73b7701e-a72e-42a1-ae2e-77ead89f844c","service":"plumbing","replayed":false}

      at log (src/routes/simulations.js:131:11)

  console.info
    {
      component: 'http',
      event: 'request_completed',
      requestId: '31a838fa-5deb-4c95-ab15-e5b9bb5105cd',
      methodClass: 'POST',
      durationMs: 29,
      statusCode: 201
    }

      at write (src/observability/safeLogger.js:178:17)

  console.log
    [Simulations] Canonical graph committed: {"operationId":"a0a26e04-36d7-4e81-bdf3-d17ae0a09df4","service":"plumbing","replayed":false}

      at log (src/routes/simulations.js:131:11)

  console.info
    {
      component: 'http',
      event: 'request_completed',
      requestId: '029a5b31-dcd1-4b44-ab9e-42c6f16d0604',
      methodClass: 'POST',
      durationMs: 38,
      statusCode: 201
    }

      at write (src/observability/safeLogger.js:178:17)

  console.log
    [Simulations] Canonical graph committed: {"operationId":"f824dec9-8fd4-4718-b817-a891af61442f","service":"plumbing","replayed":false}

      at log (src/routes/simulations.js:131:11)

  console.info
    {
      component: 'http',
      event: 'request_completed',
      requestId: '9ac84837-5bee-42b9-b0bb-eec244be350f',
      methodClass: 'POST',
      durationMs: 43,
      statusCode: 201
    }

      at write (src/observability/safeLogger.js:178:17)

  console.log
    [Simulations] Canonical graph committed: {"operationId":"334744d8-6f96-44ce-b20d-8e36566e9c89","service":"plumbing","replayed":false}

      at log (src/routes/simulations.js:131:11)

  console.info
    {
      component: 'http',
      event: 'request_completed',
      requestId: 'c4e30ef5-0dc2-41a0-9b73-f0a9ca8605dd',
      methodClass: 'POST',
      durationMs: 17,
      statusCode: 201
    }

      at write (src/observability/safeLogger.js:178:17)

  console.log
    [Simulations] Canonical graph committed: {"operationId":"49bc9519-9733-4c34-b4d3-44ef450101a1","service":"plumbing","replayed":false}

      at log (src/routes/simulations.js:131:11)

  console.info
    {
      component: 'http',
      event: 'request_completed',
      requestId: '31011656-4153-43f6-8e4d-7b4b32c7a341',
      methodClass: 'POST',
      durationMs: 24,
      statusCode: 201
    }

      at write (src/observability/safeLogger.js:178:17)

  console.log
    [Simulations] Canonical graph committed: {"operationId":"cba690ca-2eae-4866-9252-3ae6a85b22aa","service":"plumbing","replayed":false}

      at log (src/routes/simulations.js:131:11)

  console.info
    {
      component: 'http',
      event: 'request_completed',
      requestId: 'a1e8a7d7-e44e-415e-bf92-2cb3500c4d3a',
      methodClass: 'POST',
      durationMs: 33,
      statusCode: 201
    }

      at write (src/observability/safeLogger.js:178:17)

  console.log
    [Simulations] Canonical graph committed: {"operationId":"5174f53e-12fe-40f0-afc9-c2d004bc6e26","service":"plumbing","replayed":false}

      at log (src/routes/simulations.js:131:11)

  console.info
    {
      component: 'http',
      event: 'request_completed',
      requestId: 'ee223838-d64c-46f9-b2ee-2ad995bae0f9',
      methodClass: 'POST',
      durationMs: 39,
      statusCode: 201
    }

      at write (src/observability/safeLogger.js:178:17)

  console.log
    [Simulations] Canonical graph committed: {"operationId":"519368c4-dd80-4f72-afcf-273ecaaf740f","service":"plumbing","replayed":false}

      at log (src/routes/simulations.js:131:11)

  console.info
    {
      component: 'http',
      event: 'request_completed',
      requestId: 'eee69c3f-5e60-4da5-8afc-e82136bd3643',
      methodClass: 'POST',
      durationMs: 46,
      statusCode: 201
    }

      at write (src/observability/safeLogger.js:178:17)

  console.log
    [Simulations] Canonical graph committed: {"operationId":"281899ab-8d4a-4ea2-8b57-36f33ec9d717","service":"plumbing","replayed":false}

      at log (src/routes/simulations.js:131:11)

  console.info
    {
      component: 'http',
      event: 'request_completed',
      requestId: '2c8ab20a-5747-447d-a054-dbf73bbecd2f',
      methodClass: 'POST',
      durationMs: 16,
      statusCode: 201
    }

      at write (src/observability/safeLogger.js:178:17)

  console.log
    [Simulations] Canonical graph committed: {"operationId":"722baf71-4747-4c74-83e3-e997ce5a99f6","service":"plumbing","replayed":false}

      at log (src/routes/simulations.js:131:11)

  console.info
    {
      component: 'http',
      event: 'request_completed',
      requestId: '9e0083f7-d204-4995-96fe-ba4bedba6a67',
      methodClass: 'POST',
      durationMs: 23,
      statusCode: 201
    }

      at write (src/observability/safeLogger.js:178:17)

  console.log
    [Simulations] Canonical graph committed: {"operationId":"4307d84a-14fa-4b55-8895-463d059f54c8","service":"plumbing","replayed":false}

      at log (src/routes/simulations.js:131:11)

  console.info
    {
      component: 'http',
      event: 'request_completed',
      requestId: 'b398d865-c59b-4eab-b323-7320f3d1139e',
      methodClass: 'POST',
      durationMs: 32,
      statusCode: 201
    }

      at write (src/observability/safeLogger.js:178:17)

  console.log
    [Simulations] Canonical graph committed: {"operationId":"76e23787-677f-44af-a040-4c6c21170253","service":"plumbing","replayed":false}

      at log (src/routes/simulations.js:131:11)

  console.info
    {
      component: 'http',
      event: 'request_completed',
      requestId: '484f37b0-0469-4314-92e8-69cc8bb8459a',
      methodClass: 'POST',
      durationMs: 41,
      statusCode: 201
    }

      at write (src/observability/safeLogger.js:178:17)

  console.log
    [Simulations] Canonical graph committed: {"operationId":"a218a0da-d646-41c9-8155-200f1f83773c","service":"plumbing","replayed":false}

      at log (src/routes/simulations.js:131:11)

  console.info
    {
      component: 'http',
      event: 'request_completed',
      requestId: '94fcfcdb-b129-4b1c-9d1d-e7b7f794bd70',
      methodClass: 'POST',
      durationMs: 48,
      statusCode: 201
    }

      at write (src/observability/safeLogger.js:178:17)

  console.log
    [Simulations] Canonical graph committed: {"operationId":"dfcd317f-4052-423c-981d-196f820ffa97","service":"plumbing","replayed":false}

      at log (src/routes/simulations.js:131:11)

  console.info
    {
      component: 'http',
      event: 'request_completed',
      requestId: 'c768321e-078c-4430-b11a-ae4764661096',
      methodClass: 'POST',
      durationMs: 21,
      statusCode: 201
    }

      at write (src/observability/safeLogger.js:178:17)

  console.log
    [Simulations] Canonical graph committed: {"operationId":"6d86d8e2-e66d-4c8d-a19c-91791485c5a5","service":"plumbing","replayed":false}

      at log (src/routes/simulations.js:131:11)

  console.info
    {
      component: 'http',
      event: 'request_completed',
      requestId: 'ae2d4a14-c632-4a95-85b8-4de7b4859e14',
      methodClass: 'POST',
      durationMs: 31,
      statusCode: 201
    }

      at write (src/observability/safeLogger.js:178:17)

  console.log
    [Simulations] Canonical graph committed: {"operationId":"16e6a4df-d35a-4348-a0c1-688daf598080","service":"plumbing","replayed":false}

      at log (src/routes/simulations.js:131:11)

  console.info
    {
      component: 'http',
      event: 'request_completed',
      requestId: '0e365a13-7484-4a3f-8026-3f7259595450',
      methodClass: 'POST',
      durationMs: 35,
      statusCode: 201
    }

      at write (src/observability/safeLogger.js:178:17)

  console.log
    [Simulations] Canonical graph committed: {"operationId":"1dcd6452-521c-4265-9cbe-9c422932f6fc","service":"plumbing","replayed":false}

      at log (src/routes/simulations.js:131:11)

  console.info
    {
      component: 'http',
      event: 'request_completed',
      requestId: '28396e68-9ab3-40d6-8520-88703a39e0e3',
      methodClass: 'POST',
      durationMs: 45,
      statusCode: 201
    }

      at write (src/observability/safeLogger.js:178:17)

  console.log
    [Simulations] Canonical graph committed: {"operationId":"4a006984-19d6-4ba5-b13d-9afcde726485","service":"plumbing","replayed":false}

      at log (src/routes/simulations.js:131:11)

  console.info
    {
      component: 'http',
      event: 'request_completed',
      requestId: 'ec2ba945-f3ba-43d7-aff6-25af5a1d0422',
      methodClass: 'POST',
      durationMs: 51,
      statusCode: 201
    }

      at write (src/observability/safeLogger.js:178:17)

  console.log
    [Simulations] Canonical graph committed: {"operationId":"0a3eb5b3-0700-4e64-a97a-b06e405a5270","service":"plumbing","replayed":false}

      at log (src/routes/simulations.js:131:11)

  console.info
    {
      component: 'http',
      event: 'request_completed',
      requestId: '47a53324-6077-4dbd-957c-c1f026509323',
      methodClass: 'POST',
      durationMs: 18,
      statusCode: 201
    }

      at write (src/observability/safeLogger.js:178:17)

  console.log
    [Simulations] Canonical graph committed: {"operationId":"54956f5e-ce13-4ada-bbf5-b468cd2c1268","service":"plumbing","replayed":false}

      at log (src/routes/simulations.js:131:11)

  console.info
    {
      component: 'http',
      event: 'request_completed',
      requestId: '91b6744a-b069-4720-8142-deca1a02aafa',
      methodClass: 'POST',
      durationMs: 24,
      statusCode: 201
    }

      at write (src/observability/safeLogger.js:178:17)

  console.log
    [Simulations] Canonical graph committed: {"operationId":"a57f2142-2af7-4acf-aa60-088195967bf9","service":"plumbing","replayed":false}

      at log (src/routes/simulations.js:131:11)

  console.info
    {
      component: 'http',
      event: 'request_completed',
      requestId: '2c332646-1ae1-431e-9a97-d85330b12256',
      methodClass: 'POST',
      durationMs: 31,
      statusCode: 201
    }

      at write (src/observability/safeLogger.js:178:17)

  console.log
    [Simulations] Canonical graph committed: {"operationId":"7eda61b0-a7e0-4cd3-8d29-4ec5c04cd962","service":"plumbing","replayed":false}

      at log (src/routes/simulations.js:131:11)

  console.info
    {
      component: 'http',
      event: 'request_completed',
      requestId: '5f379ba2-45d1-43e6-96db-c98af8f3e71a',
      methodClass: 'POST',
      durationMs: 38,
      statusCode: 201
    }

      at write (src/observability/safeLogger.js:178:17)

  console.log
    [Simulations] Canonical graph committed: {"operationId":"f7a3e727-8bd6-49bc-bc50-66b74ef437e6","service":"plumbing","replayed":false}

      at log (src/routes/simulations.js:131:11)

  console.info
    {
      component: 'http',
      event: 'request_completed',
      requestId: 'dfef92f9-91ba-4873-b417-f5b9a96fccb3',
      methodClass: 'POST',
      durationMs: 52,
      statusCode: 201
    }

      at write (src/observability/safeLogger.js:178:17)

  console.log
    [Simulations] Canonical graph committed: {"operationId":"d57bd4c3-8a31-4833-b829-52c080cd3003","service":"plumbing","replayed":false}

      at log (src/routes/simulations.js:131:11)

  console.info
    {
      component: 'http',
      event: 'request_completed',
      requestId: 'b2e258ce-1b5b-40bc-b322-baca008314e3',
      methodClass: 'POST',
      durationMs: 18,
      statusCode: 201
    }

      at write (src/observability/safeLogger.js:178:17)

  console.log
    [Simulations] Canonical graph committed: {"operationId":"0df53731-8609-40c6-945b-95e0853d5e46","service":"plumbing","replayed":false}

      at log (src/routes/simulations.js:131:11)

  console.info
    {
      component: 'http',
      event: 'request_completed',
      requestId: '1da778dc-45e6-49a4-92ba-adda0c323923',
      methodClass: 'POST',
      durationMs: 28,
      statusCode: 201
    }

      at write (src/observability/safeLogger.js:178:17)

  console.log
    [Simulations] Canonical graph committed: {"operationId":"4ba5047c-76cb-4629-9be0-7d037aeb0df5","service":"plumbing","replayed":false}

      at log (src/routes/simulations.js:131:11)

  console.info
    {
      component: 'http',
      event: 'request_completed',
      requestId: '7fdce639-0d79-4c1a-8da8-b70f8bf1a566',
      methodClass: 'POST',
      durationMs: 34,
      statusCode: 201
    }

      at write (src/observability/safeLogger.js:178:17)

  console.log
    [Simulations] Canonical graph committed: {"operationId":"67d652b5-aa84-4ac5-a3ab-89a0505949f8","service":"plumbing","replayed":false}

      at log (src/routes/simulations.js:131:11)

  console.info
    {
      component: 'http',
      event: 'request_completed',
      requestId: '6897bdd1-838b-4967-96f8-82d12ca59389',
      methodClass: 'POST',
      durationMs: 44,
      statusCode: 201
    }

      at write (src/observability/safeLogger.js:178:17)

  console.log
    [Simulations] Canonical graph committed: {"operationId":"3a4e9703-00e3-4423-a706-374539624dcc","service":"plumbing","replayed":false}

      at log (src/routes/simulations.js:131:11)

  console.info
    {
      component: 'http',
      event: 'request_completed',
      requestId: '5e76f240-0f33-4596-8551-43e84c2d88e9',
      methodClass: 'POST',
      durationMs: 51,
      statusCode: 201
    }

      at write (src/observability/safeLogger.js:178:17)

  console.log
    [Simulations] Canonical graph committed: {"operationId":"76c3d639-8810-4a61-98e9-13e937752601","service":"plumbing","replayed":false}

      at log (src/routes/simulations.js:131:11)

  console.info
    {
      component: 'http',
      event: 'request_completed',
      requestId: '558c115b-f4d1-47b8-8743-fb2632664f9b',
      methodClass: 'POST',
      durationMs: 20,
      statusCode: 201
    }

      at write (src/observability/safeLogger.js:178:17)

  console.log
    [Simulations] Canonical graph committed: {"operationId":"428bd0c6-c8b7-4ccb-a263-14c40c3aee9c","service":"plumbing","replayed":false}

      at log (src/routes/simulations.js:131:11)

  console.info
    {
      component: 'http',
      event: 'request_completed',
      requestId: '79707e61-e56e-4fd0-8e0e-3b8f4a774aa8',
      methodClass: 'POST',
      durationMs: 27,
      statusCode: 201
    }

      at write (src/observability/safeLogger.js:178:17)

  console.log
    [Simulations] Canonical graph committed: {"operationId":"cbeb92b2-b171-42cd-aad3-e69ed880b84f","service":"plumbing","replayed":false}

      at log (src/routes/simulations.js:131:11)

  console.info
    {
      component: 'http',
      event: 'request_completed',
      requestId: '87f9eae6-4e08-44be-b897-3519124937f5',
      methodClass: 'POST',
      durationMs: 37,
      statusCode: 201
    }

      at write (src/observability/safeLogger.js:178:17)

  console.log
    [Simulations] Canonical graph committed: {"operationId":"1ed93ad3-baf8-4b1c-b6a3-4aa44f7db9d2","service":"plumbing","replayed":false}

      at log (src/routes/simulations.js:131:11)

  console.info
    {
      component: 'http',
      event: 'request_completed',
      requestId: 'ddacd8e6-c061-4c4c-8236-4e129a374c6c',
      methodClass: 'POST',
      durationMs: 43,
      statusCode: 201
    }

      at write (src/observability/safeLogger.js:178:17)

  console.log
    [Simulations] Canonical graph committed: {"operationId":"cdaafa13-a61e-4cf6-b06e-62298a3a89c0","service":"plumbing","replayed":false}

      at log (src/routes/simulations.js:131:11)

  console.info
    {
      component: 'http',
      event: 'request_completed',
      requestId: '3ac9b786-3327-41a0-a7c4-3a9f4dc10b0a',
      methodClass: 'POST',
      durationMs: 51,
      statusCode: 201
    }

      at write (src/observability/safeLogger.js:178:17)

  console.log
    [Simulations] Canonical graph committed: {"operationId":"07999c87-a6f9-43b7-9c26-ff4ea43bbfc4","service":"plumbing","replayed":false}

      at log (src/routes/simulations.js:131:11)

  console.info
    {
      component: 'http',
      event: 'request_completed',
      requestId: 'd2b30517-9c59-4e63-897b-02192ae7d0ba',
      methodClass: 'POST',
      durationMs: 16,
      statusCode: 201
    }

      at write (src/observability/safeLogger.js:178:17)

  console.log
    [Simulations] Canonical graph committed: {"operationId":"38a7dec1-8052-46a1-9c82-f2691f0e409c","service":"plumbing","replayed":false}

      at log (src/routes/simulations.js:131:11)

  console.info
    {
      component: 'http',
      event: 'request_completed',
      requestId: '1070af04-3f04-419f-b6bb-a3210be02756',
      methodClass: 'POST',
      durationMs: 26,
      statusCode: 201
    }

      at write (src/observability/safeLogger.js:178:17)

  console.log
    [Simulations] Canonical graph committed: {"operationId":"f783e4d9-1acf-440d-bb11-d8a6a705775c","service":"plumbing","replayed":false}

      at log (src/routes/simulations.js:131:11)

  console.info
    {
      component: 'http',
      event: 'request_completed',
      requestId: 'f219fab5-1a61-4b0b-be23-40cf9369c0a1',
      methodClass: 'POST',
      durationMs: 32,
      statusCode: 201
    }

      at write (src/observability/safeLogger.js:178:17)

  console.log
    [Simulations] Canonical graph committed: {"operationId":"da759758-34d6-4169-bac1-cbaef3a3a460","service":"plumbing","replayed":false}

      at log (src/routes/simulations.js:131:11)

  console.info
    {
      component: 'http',
      event: 'request_completed',
      requestId: '10845d24-51e0-4829-b4ec-114f3bce9199',
      methodClass: 'POST',
      durationMs: 39,
      statusCode: 201
    }

      at write (src/observability/safeLogger.js:178:17)

  console.log
    [Simulations] Canonical graph committed: {"operationId":"935d9a19-f55e-4b25-9e47-60226f826431","service":"plumbing","replayed":false}

      at log (src/routes/simulations.js:131:11)

  console.info
    {
      component: 'http',
      event: 'request_completed',
      requestId: '5f53d19c-31b7-4258-9f7e-474beaef7950',
      methodClass: 'POST',
      durationMs: 46,
      statusCode: 201
    }

      at write (src/observability/safeLogger.js:178:17)

  console.log
    [Simulations] Canonical graph committed: {"operationId":"4cc77bf9-d7d0-4856-a776-1b5345a0e860","service":"plumbing","replayed":false}

      at log (src/routes/simulations.js:131:11)

  console.info
    {
      component: 'http',
      event: 'request_completed',
      requestId: '33038980-f4c7-41db-84e0-a53453dd11b2',
      methodClass: 'POST',
      durationMs: 17,
      statusCode: 201
    }

      at write (src/observability/safeLogger.js:178:17)

  console.log
    [Simulations] Canonical graph committed: {"operationId":"784ff8e4-2579-4f12-86eb-807c3a7977f6","service":"plumbing","replayed":false}

      at log (src/routes/simulations.js:131:11)

  console.info
    {
      component: 'http',
      event: 'request_completed',
      requestId: '3052deb9-4464-4126-bd80-4a44c952a4b6',
      methodClass: 'POST',
      durationMs: 28,
      statusCode: 201
    }

      at write (src/observability/safeLogger.js:178:17)

  console.log
    [Simulations] Canonical graph committed: {"operationId":"745d841e-eb00-448b-9205-20731eec384b","service":"plumbing","replayed":false}

      at log (src/routes/simulations.js:131:11)

  console.info
    {
      component: 'http',
      event: 'request_completed',
      requestId: '4b5a9b0f-0c88-44c0-8365-79d6ad7a4371',
      methodClass: 'POST',
      durationMs: 35,
      statusCode: 201
    }

      at write (src/observability/safeLogger.js:178:17)

  console.log
    [Simulations] Canonical graph committed: {"operationId":"8f7cfeb4-710a-4b15-b08b-4735553061c5","service":"plumbing","replayed":false}

      at log (src/routes/simulations.js:131:11)

  console.info
    {
      component: 'http',
      event: 'request_completed',
      requestId: '4f02168b-751e-4b2b-a8ea-e5bcbf757ae5',
      methodClass: 'POST',
      durationMs: 43,
      statusCode: 201
    }

      at write (src/observability/safeLogger.js:178:17)

  console.log
    [Simulations] Canonical graph committed: {"operationId":"daec8284-d818-47bf-a8e3-49a24a21786c","service":"plumbing","replayed":false}

      at log (src/routes/simulations.js:131:11)

  console.info
    {
      component: 'http',
      event: 'request_completed',
      requestId: '3403a285-4150-49a3-964e-cd24eb93f58f',
      methodClass: 'POST',
      durationMs: 50,
      statusCode: 201
    }

      at write (src/observability/safeLogger.js:178:17)

  console.log
    [Simulations] Canonical graph committed: {"operationId":"710abb26-1430-4cfb-be36-4914dcea8b10","service":"plumbing","replayed":false}

      at log (src/routes/simulations.js:131:11)

  console.info
    {
      component: 'http',
      event: 'request_completed',
      requestId: '6d087f0f-0563-495a-b06a-66e7d94cf0ef',
      methodClass: 'POST',
      durationMs: 19,
      statusCode: 201
    }

      at write (src/observability/safeLogger.js:178:17)

  console.log
    [Simulations] Canonical graph committed: {"operationId":"33c8e3ed-0f10-47d9-9335-e0666331002a","service":"plumbing","replayed":false}

      at log (src/routes/simulations.js:131:11)

  console.info
    {
      component: 'http',
      event: 'request_completed',
      requestId: '1a00c7f7-ed61-4ab8-9d72-221b3ef8e918',
      methodClass: 'POST',
      durationMs: 25,
      statusCode: 201
    }

      at write (src/observability/safeLogger.js:178:17)

  console.log
    [Simulations] Canonical graph committed: {"operationId":"e7bb9c67-3780-41e8-a8d2-bc4dd3ebcc65","service":"plumbing","replayed":false}

      at log (src/routes/simulations.js:131:11)

  console.info
    {
      component: 'http',
      event: 'request_completed',
      requestId: 'c31cc182-e1a6-4c73-9cd5-24bbb574ae43',
      methodClass: 'POST',
      durationMs: 35,
      statusCode: 201
    }

      at write (src/observability/safeLogger.js:178:17)

  console.log
    [Simulations] Canonical graph committed: {"operationId":"7a7734b2-73c5-4b5a-86b1-32014fe97809","service":"plumbing","replayed":false}

      at log (src/routes/simulations.js:131:11)

  console.info
    {
      component: 'http',
      event: 'request_completed',
      requestId: '3fdcde3f-18c1-4909-9261-fd67a7d42289',
      methodClass: 'POST',
      durationMs: 43,
      statusCode: 201
    }

      at write (src/observability/safeLogger.js:178:17)

  console.log
    [Simulations] Canonical graph committed: {"operationId":"d034ef5d-9de4-496e-8e52-b9618707cc97","service":"plumbing","replayed":false}

      at log (src/routes/simulations.js:131:11)

  console.info
    {
      component: 'http',
      event: 'request_completed',
      requestId: '958ae686-0c39-4022-87a3-12846df3c27e',
      methodClass: 'POST',
      durationMs: 51,
      statusCode: 201
    }

      at write (src/observability/safeLogger.js:178:17)

  console.log
    [Simulations] Canonical graph committed: {"operationId":"b82ccb91-0657-4212-bf52-996b08662619","service":"plumbing","replayed":false}

      at log (src/routes/simulations.js:131:11)

  console.info
    {
      component: 'http',
      event: 'request_completed',
      requestId: 'cad674f2-e7d4-45e8-92bd-dd9db178a618',
      methodClass: 'POST',
      durationMs: 17,
      statusCode: 201
    }

      at write (src/observability/safeLogger.js:178:17)

  console.log
    [Simulations] Canonical graph committed: {"operationId":"7224b2f0-5ae6-4589-a6b2-f7dc0ba5f30f","service":"plumbing","replayed":false}

      at log (src/routes/simulations.js:131:11)

  console.info
    {
      component: 'http',
      event: 'request_completed',
      requestId: '0823c6ad-bb68-4804-a029-559f27ddcfbd',
      methodClass: 'POST',
      durationMs: 26,
      statusCode: 201
    }

      at write (src/observability/safeLogger.js:178:17)

  console.log
    [Simulations] Canonical graph committed: {"operationId":"e2a5572d-452e-4fc0-a29d-0a43829341ff","service":"plumbing","replayed":false}

      at log (src/routes/simulations.js:131:11)

  console.info
    {
      component: 'http',
      event: 'request_completed',
      requestId: '144795f9-db9b-4385-8095-b7a5c68a1520',
      methodClass: 'POST',
      durationMs: 33,
      statusCode: 201
    }

      at write (src/observability/safeLogger.js:178:17)

  console.log
    [Simulations] Canonical graph committed: {"operationId":"78de63c5-7e0a-4b75-bb61-de37b934fac3","service":"plumbing","replayed":false}

      at log (src/routes/simulations.js:131:11)

  console.info
    {
      component: 'http',
      event: 'request_completed',
      requestId: '9501f15e-869d-4f86-b3af-30bfcd51dad6',
      methodClass: 'POST',
      durationMs: 41,
      statusCode: 201
    }

      at write (src/observability/safeLogger.js:178:17)

  console.log
    [Simulations] Canonical graph committed: {"operationId":"3548c2c1-15b4-4be1-b0cd-a5746eea27ad","service":"plumbing","replayed":false}

      at log (src/routes/simulations.js:131:11)

  console.info
    {
      component: 'http',
      event: 'request_completed',
      requestId: '71b7055b-8283-4dad-bbd8-e5b472ce0e80',
      methodClass: 'POST',
      durationMs: 48,
      statusCode: 201
    }

      at write (src/observability/safeLogger.js:178:17)

  console.log
    [Simulations] Canonical graph committed: {"operationId":"3c875081-83b7-45d2-8c4f-d2dd1025f4b9","service":"plumbing","replayed":false}

      at log (src/routes/simulations.js:131:11)

  console.info
    {
      component: 'http',
      event: 'request_completed',
      requestId: '44f70176-3746-4415-b514-0dca2e758fe8',
      methodClass: 'POST',
      durationMs: 19,
      statusCode: 201
    }

      at write (src/observability/safeLogger.js:178:17)

  console.log
    [Simulations] Canonical graph committed: {"operationId":"84cebdcd-db0e-4cee-b05a-ceab62e5ef20","service":"plumbing","replayed":false}

      at log (src/routes/simulations.js:131:11)

  console.info
    {
      component: 'http',
      event: 'request_completed',
      requestId: 'd52905b3-7709-4de0-99f4-3da046178078',
      methodClass: 'POST',
      durationMs: 27,
      statusCode: 201
    }

      at write (src/observability/safeLogger.js:178:17)

  console.log
    [Simulations] Canonical graph committed: {"operationId":"023c6158-e5ba-45b2-8741-a64c5717660a","service":"plumbing","replayed":false}

      at log (src/routes/simulations.js:131:11)

  console.info
    {
      component: 'http',
      event: 'request_completed',
      requestId: 'ec779053-b102-4f0a-8de7-2b0c74e8145c',
      methodClass: 'POST',
      durationMs: 37,
      statusCode: 201
    }

      at write (src/observability/safeLogger.js:178:17)

  console.log
    [Simulations] Canonical graph committed: {"operationId":"8f1ecd12-22be-4984-b11f-2ed1596f35a9","service":"plumbing","replayed":false}

      at log (src/routes/simulations.js:131:11)

  console.info
    {
      component: 'http',
      event: 'request_completed',
      requestId: '200f768a-768c-40ec-90b5-0119e37c2094',
      methodClass: 'POST',
      durationMs: 42,
      statusCode: 201
    }

      at write (src/observability/safeLogger.js:178:17)

  console.log
    [Simulations] Canonical graph committed: {"operationId":"9907a425-8645-46be-9c17-3930b3c3d2a7","service":"plumbing","replayed":false}

      at log (src/routes/simulations.js:131:11)

  console.info
    {
      component: 'http',
      event: 'request_completed',
      requestId: '3320ba56-9a8b-44d7-953b-5fdf3cb53264',
      methodClass: 'POST',
      durationMs: 50,
      statusCode: 201
    }

      at write (src/observability/safeLogger.js:178:17)

  console.log
    [Simulations] Canonical graph committed: {"operationId":"0074df21-c2e6-431b-9f44-e5c56f45a2c0","service":"plumbing","replayed":false}

      at log (src/routes/simulations.js:131:11)

  console.info
    {
      component: 'http',
      event: 'request_completed',
      requestId: '1d689730-f423-4264-b117-fd7b879f5e54',
      methodClass: 'POST',
      durationMs: 10,
      statusCode: 201
    }

      at write (src/observability/safeLogger.js:178:17)

  console.info
    {
      component: 'http',
      event: 'request_completed',
      requestId: '1b1ab204-10fc-471c-8d3e-4da7e84dc740',
      methodClass: 'GET',
      durationMs: 21,
      statusCode: 200
    }

      at write (src/observability/safeLogger.js:178:17)

  console.info
    {
      component: 'http',
      event: 'request_completed',
      requestId: '1e808cca-e2fe-41c2-af36-6636585fc743',
      methodClass: 'GET',
      durationMs: 193,
      statusCode: 200
    }

      at write (src/observability/safeLogger.js:178:17)

  console.info
    {
      component: 'http',
      event: 'request_completed',
      requestId: 'c29f3e98-c3d9-4a47-896b-78947bacf9db',
      methodClass: 'GET',
      durationMs: 2,
      statusCode: 400
    }

      at write (src/observability/safeLogger.js:178:17)

  console.info
    {
      component: 'http',
      event: 'request_completed',
      requestId: '74824fb9-e947-4aa9-961b-5a3330dd1ff4',
      methodClass: 'GET',
      durationMs: 3,
      statusCode: 400
    }

      at write (src/observability/safeLogger.js:178:17)

  console.info
    {
      component: 'http',
      event: 'request_completed',
      requestId: 'cca93372-45a6-413b-b15b-33a706d0220b',
      methodClass: 'GET',
      durationMs: 2,
      statusCode: 400
    }

      at write (src/observability/safeLogger.js:178:17)

  console.info
    {
      component: 'http',
      event: 'request_completed',
      requestId: 'e7d4aad1-7ae0-4b34-b298-1101b9e36f1a',
      methodClass: 'GET',
      durationMs: 2,
      statusCode: 400
    }

      at write (src/observability/safeLogger.js:178:17)

  console.info
    {
      component: 'http',
      event: 'request_completed',
      requestId: '2c91eaa0-ff79-4dce-85c2-dba91977df1c',
      methodClass: 'GET',
      durationMs: 2,
      statusCode: 400
    }

      at write (src/observability/safeLogger.js:178:17)

  console.info
    {
      component: 'http',
      event: 'request_completed',
      requestId: '6bd0c47c-deed-4825-ba2c-8c400aad4634',
      methodClass: 'GET',
      durationMs: 2,
      statusCode: 400
    }

      at write (src/observability/safeLogger.js:178:17)

  console.info
    {
      component: 'http',
      event: 'request_completed',
      requestId: 'e9a73ad2-fcd8-415f-8ea3-779bcea6f611',
      methodClass: 'GET',
      durationMs: 2,
      statusCode: 400
    }

      at write (src/observability/safeLogger.js:178:17)

  console.info
    {
      component: 'http',
      event: 'request_completed',
      requestId: '6ab3a522-34d5-44be-951d-624b1c7b6f4b',
      methodClass: 'GET',
      durationMs: 2,
      statusCode: 400
    }

      at write (src/observability/safeLogger.js:178:17)

  console.info
    {
      component: 'http',
      event: 'request_completed',
      requestId: 'b2243803-4755-4842-af63-3dc9aebdca79',
      methodClass: 'GET',
      durationMs: 4,
      statusCode: 400
    }

      at write (src/observability/safeLogger.js:178:17)

  console.info
    {
      component: 'http',
      event: 'request_completed',
      requestId: '67755a8e-46ee-4594-96e2-011805586127',
      methodClass: 'GET',
      durationMs: 3,
      statusCode: 400
    }

      at write (src/observability/safeLogger.js:178:17)

  console.info
    {
      component: 'http',
      event: 'request_completed',
      requestId: '371661ff-8c71-45d5-ab7e-b81760415f17',
      methodClass: 'GET',
      durationMs: 2,
      statusCode: 400
    }

      at write (src/observability/safeLogger.js:178:17)

  console.info
    {
      component: 'http',
      event: 'request_completed',
      requestId: 'da7076ba-f418-457a-b8b5-6765404f9c68',
      methodClass: 'GET',
      durationMs: 2,
      statusCode: 400
    }

      at write (src/observability/safeLogger.js:178:17)

  console.info
    {
      component: 'http',
      event: 'request_completed',
      requestId: '4737261a-b8f6-4a5b-ba29-1fcd6ac5fed3',
      methodClass: 'GET',
      durationMs: 2,
      statusCode: 400
    }

      at write (src/observability/safeLogger.js:178:17)

  console.info
    {
      component: 'http',
      event: 'request_completed',
      requestId: 'f9070a92-92cc-4da5-a1d7-43ed8a52cf3b',
      methodClass: 'GET',
      durationMs: 2,
      statusCode: 400
    }

      at write (src/observability/safeLogger.js:178:17)

  console.info
    {
      component: 'http',
      event: 'request_completed',
      requestId: '56025b93-ee0f-4417-a648-bb49a1cfa924',
      methodClass: 'GET',
      durationMs: 2,
      statusCode: 400
    }

      at write (src/observability/safeLogger.js:178:17)

  console.info
    {
      component: 'http',
      event: 'request_completed',
      requestId: '274a8838-fae6-43dd-a09b-5837d5aedf30',
      methodClass: 'GET',
      durationMs: 31,
      statusCode: 200
    }

      at write (src/observability/safeLogger.js:178:17)

  console.info
    {
      component: 'http',
      event: 'request_completed',
      requestId: 'c26f405f-2f8b-4b68-90c6-2e21b399462c',
      methodClass: 'GET',
      durationMs: 146,
      statusCode: 200
    }

      at write (src/observability/safeLogger.js:178:17)

  console.info
    {
      component: 'http',
      event: 'request_completed',
      requestId: '44bea3d7-3b0e-48ef-bbbc-b1f2457c4687',
      methodClass: 'POST',
      durationMs: 52,
      statusCode: 201
    }

      at write (src/observability/safeLogger.js:178:17)

  console.info
    {
      component: 'http',
      event: 'request_completed',
      requestId: '68ab68ac-b8c6-40c3-8796-e2afe898b8be',
      methodClass: 'POST',
      durationMs: 81,
      statusCode: 200
    }

      at write (src/observability/safeLogger.js:178:17)

  console.info
    {
      component: 'http',
      event: 'request_completed',
      requestId: '742704e2-9557-4036-b0fc-1486c0743296',
      methodClass: 'GET',
      durationMs: 138,
      statusCode: 200
    }

      at write (src/observability/safeLogger.js:178:17)

  console.info
    {
      component: 'http',
      event: 'request_completed',
      requestId: '9cf72c71-d486-4ea5-aa4b-8408e778d986',
      methodClass: 'GET',
      durationMs: 2,
      statusCode: 400
    }

      at write (src/observability/safeLogger.js:178:17)

  console.log
    [DB] Migration applied: 001_initial_schema.sql

      at Object.log [as runMigrations] (src/db.js:1312:42)

  console.log
    [DB] Migration applied: 002_seed_data.sql

      at Object.log [as runMigrations] (src/db.js:1312:42)

  console.log
    [DB] Migration applied: 003_voice_sessions.sql

      at Object.log [as runMigrations] (src/db.js:1312:42)

  console.log
    [DB] Migration applied: 004_canonical_persistence_v2.sql

      at Object.log [as runMigrations] (src/db.js:1312:42)

  console.log
    [DB] Migration applied: 005_canonical_organization_authority.sql

      at Object.log [as runMigrations] (src/db.js:1312:42)

  console.log
    [DB] Migration applied: 006_canonical_voice_sessions.sql

      at Object.log [as runMigrations] (src/db.js:1312:42)

  console.log
    [DB] Migration applied: 007_canonical_tax_authority.sql

      at Object.log [as runMigrations] (src/db.js:1312:42)

  console.log
    [DB] Migration applied: 008_canonical_demo_authority.sql

      at Object.log [as runMigrations] (src/db.js:1312:42)

  console.log
    [DB] Migration applied: 009_canonical_voice_provider_identity.sql

      at Object.log [as runMigrations] (src/db.js:1312:42)

  console.log
    [DB] Migration applied: 010_account_session_authority.sql

      at Object.log [as runMigrations] (src/db.js:1312:42)

  console.log
    [DB] Migration applied: 011_oauth_authorization_states.sql

      at Object.log [as runMigrations] (src/db.js:1312:42)

  console.log
    [DB] Migration applied: 012_account_verification_trial.sql

      at Object.log [as runMigrations] (src/db.js:1312:42)

  console.log
    [DB] Migration applied: 015_workforce_authority.sql

      at Object.log [as runMigrations] (src/db.js:1312:42)

  console.log
    [DB] Migration applied: 016_tenant_asset_catalogue.sql

      at Object.log [as runMigrations] (src/db.js:1312:42)

  console.log
    [DB] Migration applied: 017_retell_webhook_replay_authority.sql

      at Object.log [as runMigrations] (src/db.js:1312:42)

  console.log
    [DB] Migration applied: 018_canonical_map_preferences.sql

      at Object.log [as runMigrations] (src/db.js:1312:42)

  console.log
    [DB] Migration applied: 019_account_email_outbox.sql

      at Object.log [as runMigrations] (src/db.js:1312:42)

  console.log
    [DB] Migration applied: 020_canonical_workforce_access_roles.sql

      at Object.log [as runMigrations] (src/db.js:1312:42)

  console.log
    [DB] Migration applied: 021_bounded_api_observability.sql

      at Object.log [as runMigrations] (src/db.js:1312:42)

  console.log
    [DB] Migration applied: 022_demo_command_center_sessions.sql

      at Object.log [as runMigrations] (src/db.js:1312:42)

  console.log
    [DB] Migration applied: 023_homepage_demo_admission.sql

      at Object.log [as runMigrations] (src/db.js:1312:42)

  console.log
    [DB] Migration applied: 024_homepage_verified_purge_receipt.sql

      at Object.log [as runMigrations] (src/db.js:1312:42)

  console.log
    [DB] Migration applied: 025_provider_agnostic_knowledge_registry.sql

      at Object.log [as runMigrations] (src/db.js:1312:42)

  console.log
    [DB] Migration applied: 026_canonical_knowledge_review_publication.sql

      at Object.log [as runMigrations] (src/db.js:1312:42)

  console.log
    [DB] Migration applied: 027_canonical_knowledge_audit_graph_authority.sql

      at Object.log [as runMigrations] (src/db.js:1312:42)

  console.log
    [DB] Migration applied: 028_canonical_knowledge_immutable_lifecycle.sql

      at Object.log [as runMigrations] (src/db.js:1312:42)

  console.log
    [DB] Migration applied: 029_canonical_knowledge_transactional_sync.sql

      at Object.log [as runMigrations] (src/db.js:1312:42)

  console.log
    [DB] Migration applied: 030_canonical_knowledge_sync_revocation.sql

      at Object.log [as runMigrations] (src/db.js:1312:42)

  console.log
    [DB] Migration applied: 031_canonical_knowledge_sync_recovery_lifecycle.sql

      at Object.log [as runMigrations] (src/db.js:1312:42)

  console.log
    [DB] Migration applied: 032_canonical_schedule_assignment_authority.sql

      at Object.log [as runMigrations] (src/db.js:1312:42)

  console.log
    [DB] Migration applied: 033_canonical_schedule_time_evidence.sql

      at Object.log [as runMigrations] (src/db.js:1312:42)

  console.log
    [DB] Migration applied: 034_schedule_availability_conflict_authority.sql

      at Object.log [as runMigrations] (src/db.js:1312:42)

  console.log
    [DB] Migration applied: 035_schedule_human_preview_approval.sql

      at Object.log [as runMigrations] (src/db.js:1312:42)

  console.log
    [DB] Migration applied: 001_initial_schema.sql

      at Object.log [as runMigrations] (src/db.js:1312:42)

  console.log
    [DB] Migration applied: 002_seed_data.sql

      at Object.log [as runMigrations] (src/db.js:1312:42)

  console.log
    [DB] Migration applied: 003_voice_sessions.sql

      at Object.log [as runMigrations] (src/db.js:1312:42)

  console.log
    [DB] Migration applied: 004_canonical_persistence_v2.sql

      at Object.log [as runMigrations] (src/db.js:1312:42)

  console.log
    [DB] Migration applied: 005_canonical_organization_authority.sql

      at Object.log [as runMigrations] (src/db.js:1312:42)

  console.log
    [DB] Migration applied: 006_canonical_voice_sessions.sql

      at Object.log [as runMigrations] (src/db.js:1312:42)

  console.log
    [DB] Migration applied: 007_canonical_tax_authority.sql

      at Object.log [as runMigrations] (src/db.js:1312:42)

  console.log
    [DB] Migration applied: 008_canonical_demo_authority.sql

      at Object.log [as runMigrations] (src/db.js:1312:42)

  console.log
    [DB] Migration applied: 009_canonical_voice_provider_identity.sql

      at Object.log [as runMigrations] (src/db.js:1312:42)

  console.log
    [DB] Migration applied: 010_account_session_authority.sql

      at Object.log [as runMigrations] (src/db.js:1312:42)

  console.log
    [DB] Migration applied: 011_oauth_authorization_states.sql

      at Object.log [as runMigrations] (src/db.js:1312:42)

  console.log
    [DB] Migration applied: 012_account_verification_trial.sql

      at Object.log [as runMigrations] (src/db.js:1312:42)

  console.log
    [DB] Migration applied: 015_workforce_authority.sql

      at Object.log [as runMigrations] (src/db.js:1312:42)

  console.log
    [DB] Migration applied: 016_tenant_asset_catalogue.sql

      at Object.log [as runMigrations] (src/db.js:1312:42)

  console.log
    [DB] Migration applied: 017_retell_webhook_replay_authority.sql

      at Object.log [as runMigrations] (src/db.js:1312:42)

  console.log
    [DB] Migration applied: 018_canonical_map_preferences.sql

      at Object.log [as runMigrations] (src/db.js:1312:42)

  console.log
    [DB] Migration applied: 019_account_email_outbox.sql

      at Object.log [as runMigrations] (src/db.js:1312:42)

  console.log
    [DB] Migration applied: 020_canonical_workforce_access_roles.sql

      at Object.log [as runMigrations] (src/db.js:1312:42)

  console.log
    [DB] Migration applied: 021_bounded_api_observability.sql

      at Object.log [as runMigrations] (src/db.js:1312:42)

  console.log
    [DB] Migration applied: 022_demo_command_center_sessions.sql

      at Object.log [as runMigrations] (src/db.js:1312:42)

  console.log
    [DB] Migration applied: 023_homepage_demo_admission.sql

      at Object.log [as runMigrations] (src/db.js:1312:42)

  console.log
    [DB] Migration applied: 024_homepage_verified_purge_receipt.sql

      at Object.log [as runMigrations] (src/db.js:1312:42)

  console.log
    [DB] Migration applied: 025_provider_agnostic_knowledge_registry.sql

      at Object.log [as runMigrations] (src/db.js:1312:42)

  console.log
    [DB] Migration applied: 026_canonical_knowledge_review_publication.sql

      at Object.log [as runMigrations] (src/db.js:1312:42)

  console.log
    [DB] Migration applied: 027_canonical_knowledge_audit_graph_authority.sql

      at Object.log [as runMigrations] (src/db.js:1312:42)

  console.log
    [DB] Migration applied: 028_canonical_knowledge_immutable_lifecycle.sql

      at Object.log [as runMigrations] (src/db.js:1312:42)

  console.log
    [DB] Migration applied: 029_canonical_knowledge_transactional_sync.sql

      at Object.log [as runMigrations] (src/db.js:1312:42)

  console.log
    [DB] Migration applied: 030_canonical_knowledge_sync_revocation.sql

      at Object.log [as runMigrations] (src/db.js:1312:42)

  console.log
    [DB] Migration applied: 031_canonical_knowledge_sync_recovery_lifecycle.sql

      at Object.log [as runMigrations] (src/db.js:1312:42)

  console.log
    [DB] Migration applied: 032_canonical_schedule_assignment_authority.sql

      at Object.log [as runMigrations] (src/db.js:1312:42)

  console.log
    [DB] Migration applied: 033_canonical_schedule_time_evidence.sql

      at Object.log [as runMigrations] (src/db.js:1312:42)

  console.log
    [DB] Migration applied: 034_schedule_availability_conflict_authority.sql

      at Object.log [as runMigrations] (src/db.js:1312:42)

  console.log
    [DB] Migration applied: 035_schedule_human_preview_approval.sql

      at Object.log [as runMigrations] (src/db.js:1312:42)

  console.error
    [DB] PostgreSQL initialization failed: Runtime database session is not in origin replication mode

      1350 |   } catch (error) {
      1351 |     readinessFailure = 'postgres_initialization_failed';
    > 1352 |     console.error('[DB] PostgreSQL initialization failed:', error.message);
           |             ^
      1353 |     dbAvailable = false;
      1354 |     return false;
      1355 |   } finally {

      at Object.error [as initDatabase] (src/db.js:1352:13)
      at Object.<anonymous> (tests/integration/m21-part6-knowledge-synchronization-postgres.test.js:533:14)

  console.error
    [DB] PostgreSQL initialization failed: Migration run failed: Runtime database role owns or can create in an application schema

      1350 |   } catch (error) {
      1351 |     readinessFailure = 'postgres_initialization_failed';
    > 1352 |     console.error('[DB] PostgreSQL initialization failed:', error.message);
           |             ^
      1353 |     dbAvailable = false;
      1354 |     return false;
      1355 |   } finally {

      at Object.error [as initDatabase] (src/db.js:1352:13)
      at Object.<anonymous> (tests/integration/m21-part6-knowledge-synchronization-postgres.test.js:586:14)

  console.log
    [DB] Migration applied: 001_initial_schema.sql

      at log (src/db.js:1312:42)

  console.log
    [DB] Migration applied: 002_seed_data.sql

      at log (src/db.js:1312:42)

  console.log
    [DB] Migration applied: 003_voice_sessions.sql

      at log (src/db.js:1312:42)

  console.log
    [DB] Migration applied: 004_canonical_persistence_v2.sql

      at log (src/db.js:1312:42)

  console.log
    [DB] Migration applied: 005_canonical_organization_authority.sql

      at log (src/db.js:1312:42)

  console.log
    [DB] Migration applied: 006_canonical_voice_sessions.sql

      at log (src/db.js:1312:42)

  console.log
    [DB] Migration applied: 007_canonical_tax_authority.sql

      at log (src/db.js:1312:42)

  console.log
    [DB] Migration applied: 008_canonical_demo_authority.sql

      at log (src/db.js:1312:42)

  console.log
    [DB] Migration applied: 009_canonical_voice_provider_identity.sql

      at log (src/db.js:1312:42)

  console.log
    [DB] Migration applied: 010_account_session_authority.sql

      at log (src/db.js:1312:42)

  console.log
    [DB] Migration applied: 011_oauth_authorization_states.sql

      at log (src/db.js:1312:42)

  console.log
    [DB] Migration applied: 012_account_verification_trial.sql

      at log (src/db.js:1312:42)

  console.log
    [DB] Migration applied: 015_workforce_authority.sql

      at log (src/db.js:1312:42)

  console.log
    [DB] Migration applied: 016_tenant_asset_catalogue.sql

      at log (src/db.js:1312:42)

  console.log
    [DB] Migration applied: 017_retell_webhook_replay_authority.sql

      at log (src/db.js:1312:42)

  console.log
    [DB] Migration applied: 018_canonical_map_preferences.sql

      at log (src/db.js:1312:42)

  console.log
    [DB] Migration applied: 019_account_email_outbox.sql

      at log (src/db.js:1312:42)

  console.log
    [DB] Migration applied: 020_canonical_workforce_access_roles.sql

      at log (src/db.js:1312:42)

  console.log
    [DB] Migration applied: 021_bounded_api_observability.sql

      at log (src/db.js:1312:42)

  console.log
    [DB] Migration applied: 022_demo_command_center_sessions.sql

      at log (src/db.js:1312:42)

  console.log
    [DB] Migration applied: 023_homepage_demo_admission.sql

      at log (src/db.js:1312:42)

  console.log
    [DB] Migration applied: 024_homepage_verified_purge_receipt.sql

      at log (src/db.js:1312:42)

  console.log
    [DB] Migration applied: 025_provider_agnostic_knowledge_registry.sql

      at log (src/db.js:1312:42)

  console.log
    [DB] Migration applied: 026_canonical_knowledge_review_publication.sql

      at log (src/db.js:1312:42)

  console.log
    [DB] Migration applied: 027_canonical_knowledge_audit_graph_authority.sql

      at log (src/db.js:1312:42)

  console.log
    [DB] Migration applied: 028_canonical_knowledge_immutable_lifecycle.sql

      at log (src/db.js:1312:42)

  console.log
    [DB] Migration applied: 029_canonical_knowledge_transactional_sync.sql

      at log (src/db.js:1312:42)

  console.log
    [DB] Migration applied: 030_canonical_knowledge_sync_revocation.sql

      at log (src/db.js:1312:42)

  console.log
    [DB] Migration applied: 031_canonical_knowledge_sync_recovery_lifecycle.sql

      at log (src/db.js:1312:42)

  console.log
    [DB] Migration applied: 032_canonical_schedule_assignment_authority.sql

      at log (src/db.js:1312:42)

  console.log
    [DB] Migration applied: 033_canonical_schedule_time_evidence.sql

      at log (src/db.js:1312:42)

  console.log
    [DB] Migration applied: 034_schedule_availability_conflict_authority.sql

      at log (src/db.js:1312:42)

  console.log
    [DB] Migration applied: 035_schedule_human_preview_approval.sql

      at log (src/db.js:1312:42)

  console.log
    [DB] Migration applied: 001_initial_schema.sql

      at log (src/db.js:1312:42)

  console.log
    [DB] Migration applied: 002_seed_data.sql

      at log (src/db.js:1312:42)

  console.log
    [DB] Migration applied: 003_voice_sessions.sql

      at log (src/db.js:1312:42)

  console.log
    [DB] Migration applied: 004_canonical_persistence_v2.sql

      at log (src/db.js:1312:42)

  console.log
    [DB] Migration applied: 005_canonical_organization_authority.sql

      at log (src/db.js:1312:42)

  console.log
    [DB] Migration applied: 006_canonical_voice_sessions.sql

      at log (src/db.js:1312:42)

  console.log
    [DB] Migration applied: 007_canonical_tax_authority.sql

      at log (src/db.js:1312:42)

  console.log
    [DB] Migration applied: 008_canonical_demo_authority.sql

      at log (src/db.js:1312:42)

  console.log
    [DB] Migration applied: 009_canonical_voice_provider_identity.sql

      at log (src/db.js:1312:42)

  console.log
    [DB] Migration applied: 010_account_session_authority.sql

      at log (src/db.js:1312:42)

  console.log
    [DB] Migration applied: 011_oauth_authorization_states.sql

      at log (src/db.js:1312:42)

  console.log
    [DB] Migration applied: 012_account_verification_trial.sql

      at log (src/db.js:1312:42)

  console.log
    [DB] Migration applied: 015_workforce_authority.sql

      at log (src/db.js:1312:42)

  console.log
    [DB] Migration applied: 016_tenant_asset_catalogue.sql

      at log (src/db.js:1312:42)

  console.log
    [DB] Migration applied: 017_retell_webhook_replay_authority.sql

      at log (src/db.js:1312:42)

  console.log
    [DB] Migration applied: 018_canonical_map_preferences.sql

      at log (src/db.js:1312:42)

  console.log
    [DB] Migration applied: 019_account_email_outbox.sql

      at log (src/db.js:1312:42)

  console.log
    [DB] Migration applied: 020_canonical_workforce_access_roles.sql

      at log (src/db.js:1312:42)

  console.log
    [DB] Migration applied: 021_bounded_api_observability.sql

      at log (src/db.js:1312:42)

  console.log
    [DB] Migration applied: 022_demo_command_center_sessions.sql

      at log (src/db.js:1312:42)

  console.log
    [DB] Migration applied: 023_homepage_demo_admission.sql

      at log (src/db.js:1312:42)

  console.log
    [DB] Migration applied: 024_homepage_verified_purge_receipt.sql

      at log (src/db.js:1312:42)

  console.log
    [DB] Migration applied: 025_provider_agnostic_knowledge_registry.sql

      at log (src/db.js:1312:42)

  console.log
    [DB] Migration applied: 026_canonical_knowledge_review_publication.sql

      at log (src/db.js:1312:42)

  console.log
    [DB] Migration applied: 027_canonical_knowledge_audit_graph_authority.sql

      at log (src/db.js:1312:42)

  console.log
    [DB] Migration applied: 028_canonical_knowledge_immutable_lifecycle.sql

      at log (src/db.js:1312:42)

  console.log
    [DB] Migration applied: 029_canonical_knowledge_transactional_sync.sql

      at log (src/db.js:1312:42)

  console.log
    [DB] Migration applied: 030_canonical_knowledge_sync_revocation.sql

      at log (src/db.js:1312:42)

  console.log
    [DB] Migration applied: 031_canonical_knowledge_sync_recovery_lifecycle.sql

      at log (src/db.js:1312:42)

  console.log
    [DB] Migration applied: 032_canonical_schedule_assignment_authority.sql

      at log (src/db.js:1312:42)

  console.log
    [DB] Migration applied: 033_canonical_schedule_time_evidence.sql

      at log (src/db.js:1312:42)

  console.log
    [DB] Migration applied: 034_schedule_availability_conflict_authority.sql

      at log (src/db.js:1312:42)

  console.log
    [DB] Migration applied: 035_schedule_human_preview_approval.sql

      at log (src/db.js:1312:42)

  console.info
    {
      component: 'http',
      event: 'request_completed',
      requestId: '4fe74a8e-cc8a-4034-998e-7dc948fcd2ff',
      methodClass: 'GET',
      durationMs: 1,
      statusCode: 200
    }

      at write (src/observability/safeLogger.js:178:17)

  console.info
    {
      component: 'http',
      event: 'request_completed',
      requestId: 'a1912c43-1bb2-417e-b552-6c5e8a11bba2',
      methodClass: 'GET',
      durationMs: 1,
      statusCode: 200
    }

      at write (src/observability/safeLogger.js:178:17)

  console.info
    {
      component: 'http',
      event: 'request_completed',
      requestId: '370c5785-a1a0-41b3-9513-1d02d06985f1',
      methodClass: 'POST',
      durationMs: 2,
      statusCode: 404
    }

      at write (src/observability/safeLogger.js:178:17)

  console.info
    {
      component: 'http',
      event: 'request_completed',
      requestId: '64babf67-4a19-4a33-8833-904a4ba7e48e',
      methodClass: 'POST',
      durationMs: 3,
      statusCode: 404
    }

      at write (src/observability/safeLogger.js:178:17)

  console.info
    {
      component: 'http',
      event: 'request_completed',
      requestId: '647e6a04-5cba-4e21-9218-4d96a81cf8dc',
      methodClass: 'POST',
      durationMs: 1,
      statusCode: 404
    }

      at write (src/observability/safeLogger.js:178:17)

  console.info
    {
      component: 'http',
      event: 'request_completed',
      requestId: '68d2d259-2e15-4a17-b75c-fd511ae12e81',
      methodClass: 'POST',
      durationMs: 1,
      statusCode: 404
    }

      at write (src/observability/safeLogger.js:178:17)

  console.info
    {
      component: 'http',
      event: 'request_completed',
      requestId: '68f7a165-1259-41cc-9fec-9e52b14ac2f0',
      methodClass: 'POST',
      durationMs: 0,
      statusCode: 401
    }

      at write (src/observability/safeLogger.js:178:17)

  console.info
    {
      component: 'http',
      event: 'request_completed',
      requestId: '31482de4-5e37-49bf-8d26-f8b4649bb8ff',
      methodClass: 'POST',
      durationMs: 1,
      statusCode: 401
    }

      at write (src/observability/safeLogger.js:178:17)

  console.info
    {
      component: 'http',
      event: 'request_completed',
      requestId: 'c5b82713-a8fd-4d8d-8bfe-76b580d829eb',
      methodClass: 'POST',
      durationMs: 0,
      statusCode: 401
    }

      at write (src/observability/safeLogger.js:178:17)

  console.info
    {
      component: 'http',
      event: 'request_completed',
      requestId: '496fb815-19e3-4354-b3f0-098e85397601',
      methodClass: 'POST',
      durationMs: 1,
      statusCode: 401
    }

      at write (src/observability/safeLogger.js:178:17)

  console.info
    {
      component: 'http',
      event: 'request_completed',
      requestId: '3f33b3ee-30d7-45e0-bf65-77fb218a1acc',
      methodClass: 'POST',
      durationMs: 0,
      statusCode: 401
    }

      at write (src/observability/safeLogger.js:178:17)

  console.info
    {
      component: 'http',
      event: 'request_completed',
      requestId: '0ebd9341-ebe8-46c2-8595-e61fa4410f96',
      methodClass: 'POST',
      durationMs: 0,
      statusCode: 401
    }

      at write (src/observability/safeLogger.js:178:17)

  console.info
    {
      component: 'http',
      event: 'request_completed',
      requestId: '9c3e6298-11ca-4855-b288-8fe4dc5b2a1e',
      methodClass: 'POST',
      durationMs: 1,
      statusCode: 401
    }

      at write (src/observability/safeLogger.js:178:17)

  console.info
    {
      component: 'http',
      event: 'request_completed',
      requestId: 'e3a4440a-c4d8-4b3e-aa01-b45f7fdd9c84',
      methodClass: 'POST',
      durationMs: 0,
      statusCode: 401
    }

      at write (src/observability/safeLogger.js:178:17)

  console.info
    {
      component: 'http',
      event: 'request_completed',
      requestId: '7f40dd60-6ed6-4501-96aa-b9b7444dc78a',
      methodClass: 'POST',
      durationMs: 0,
      statusCode: 401
    }

      at write (src/observability/safeLogger.js:178:17)

  console.info
    {
      component: 'http',
      event: 'request_completed',
      requestId: '6d7c3190-3050-4096-a094-1ca8eaea400e',
      methodClass: 'POST',
      durationMs: 0,
      statusCode: 401
    }

      at write (src/observability/safeLogger.js:178:17)

  console.warn
    {
      component: 'voice',
      event: 'timestamp_outside_window',
      clockSkewMs: 360101
    }

      176 |     ...safeFields(fields),
      177 |   };
    > 178 |   console[level](record);
          |                 ^
      179 |   return record;
      180 | }
      181 |

      at write (src/observability/safeLogger.js:178:17)
      at Object.write [as warn] (src/observability/safeLogger.js:187:10)
      at warn (src/voice/webhook.js:212:16)
      at validateTimestamp (src/voice/webhook.js:432:10)
      at handleSignedWebhook (src/voice/webhook.js:541:10)
      at Layer.handle [as handle_request] (../m22-part3-route-writer/node_modules/express/lib/router/layer.js:95:5)
      at next (../m22-part3-route-writer/node_modules/express/lib/router/route.js:149:13)
      at ../m22-part3-route-writer/node_modules/body-parser/lib/read.js:137:5
      at invokeCallback (../m22-part3-route-writer/node_modules/raw-body/index.js:238:16)
      at done (../m22-part3-route-writer/node_modules/raw-body/index.js:227:7)
      at IncomingMessage.onEnd (../m22-part3-route-writer/node_modules/raw-body/index.js:287:7)

  console.info
    {
      component: 'http',
      event: 'request_completed',
      requestId: 'bd9dc771-e22c-4882-8d75-6184cd5360a3',
      methodClass: 'POST',
      durationMs: 7,
      statusCode: 400
    }

      at write (src/observability/safeLogger.js:178:17)

  console.warn
    {
      component: 'voice',
      event: 'timestamp_outside_window',
      clockSkewMs: 359900
    }

      176 |     ...safeFields(fields),
      177 |   };
    > 178 |   console[level](record);
          |                 ^
      179 |   return record;
      180 | }
      181 |

      at write (src/observability/safeLogger.js:178:17)
      at Object.write [as warn] (src/observability/safeLogger.js:187:10)
      at warn (src/voice/webhook.js:212:16)
      at validateTimestamp (src/voice/webhook.js:432:10)
      at handleSignedWebhook (src/voice/webhook.js:541:10)
      at Layer.handle [as handle_request] (../m22-part3-route-writer/node_modules/express/lib/router/layer.js:95:5)
      at next (../m22-part3-route-writer/node_modules/express/lib/router/route.js:149:13)
      at ../m22-part3-route-writer/node_modules/body-parser/lib/read.js:137:5
      at invokeCallback (../m22-part3-route-writer/node_modules/raw-body/index.js:238:16)
      at done (../m22-part3-route-writer/node_modules/raw-body/index.js:227:7)
      at IncomingMessage.onEnd (../m22-part3-route-writer/node_modules/raw-body/index.js:287:7)

  console.info
    {
      component: 'http',
      event: 'request_completed',
      requestId: '5c31359f-ae9a-4aa4-a214-a2a580158afe',
      methodClass: 'POST',
      durationMs: 2,
      statusCode: 400
    }

      at write (src/observability/safeLogger.js:178:17)

  console.info
    {
      component: 'http',
      event: 'request_completed',
      requestId: 'efd8a654-94af-4ab2-b9d7-e673f3ab7117',
      methodClass: 'POST',
      durationMs: 1,
      statusCode: 400
    }

      at write (src/observability/safeLogger.js:178:17)

  console.info
    {
      component: 'http',
      event: 'request_completed',
      requestId: '00787d83-c0c3-4365-a7d2-c53b1652c64d',
      methodClass: 'POST',
      durationMs: 0,
      statusCode: 401
    }

      at write (src/observability/safeLogger.js:178:17)

  console.warn
    {
      component: 'voice',
      event: 'signature_validation_unavailable',
      configured: false
    }

      176 |     ...safeFields(fields),
      177 |   };
    > 178 |   console[level](record);
          |                 ^
      179 |   return record;
      180 | }
      181 |

      at write (src/observability/safeLogger.js:178:17)
      at Object.write [as warn] (src/observability/safeLogger.js:187:10)
      at warn (src/voice/webhook.js:167:16)
      at validateSignature (src/voice/webhook.js:436:10)
      at handleSignedWebhook (src/voice/webhook.js:541:10)
      at Layer.handle [as handle_request] (../m22-part3-route-writer/node_modules/express/lib/router/layer.js:95:5)
      at next (../m22-part3-route-writer/node_modules/express/lib/router/route.js:149:13)
      at ../m22-part3-route-writer/node_modules/body-parser/lib/read.js:137:5
      at invokeCallback (../m22-part3-route-writer/node_modules/raw-body/index.js:238:16)
      at done (../m22-part3-route-writer/node_modules/raw-body/index.js:227:7)
      at IncomingMessage.onEnd (../m22-part3-route-writer/node_modules/raw-body/index.js:287:7)

  console.info
    {
      component: 'http',
      event: 'request_completed',
      requestId: '5eb59802-c897-4b51-801b-bba1a26f564e',
      methodClass: 'POST',
      durationMs: 3,
      statusCode: 401
    }

      at write (src/observability/safeLogger.js:178:17)

  console.info
    {
      component: 'http',
      event: 'request_completed',
      requestId: '4996c0dc-f064-4920-b337-718ae2f6e022',
      methodClass: 'POST',
      durationMs: 5,
      statusCode: 400
    }

      at write (src/observability/safeLogger.js:178:17)

  console.info
    {
      component: 'http',
      event: 'request_completed',
      requestId: 'c0fb6a1a-195b-4a1e-8138-d14fa00e9a5a',
      methodClass: 'POST',
      durationMs: 5,
      statusCode: 400
    }

      at write (src/observability/safeLogger.js:178:17)

  console.info
    {
      component: 'http',
      event: 'request_completed',
      requestId: 'b85e7e04-da2c-47d4-b755-67a6f8d88dcb',
      methodClass: 'POST',
      durationMs: 6,
      statusCode: 400
    }

      at write (src/observability/safeLogger.js:178:17)

  console.info
    {
      component: 'http',
      event: 'request_completed',
      requestId: '6154bdec-46b5-4a2d-b75e-c3b8281e7f65',
      methodClass: 'POST',
      durationMs: 6,
      statusCode: 400
    }

      at write (src/observability/safeLogger.js:178:17)

  console.info
    {
      component: 'http',
      event: 'request_completed',
      requestId: '46a6471c-0dad-47a6-9c33-637a2aabf805',
      methodClass: 'POST',
      durationMs: 6,
      statusCode: 400
    }

      at write (src/observability/safeLogger.js:178:17)

  console.info
    {
      component: 'http',
      event: 'request_completed',
      requestId: 'cfef4795-4526-422e-a301-883ef4952ebd',
      methodClass: 'POST',
      durationMs: 7,
      statusCode: 400
    }

      at write (src/observability/safeLogger.js:178:17)

  console.info
    {
      component: 'http',
      event: 'request_completed',
      requestId: 'b271b6fb-732b-48af-8025-774e8fd4c991',
      methodClass: 'POST',
      durationMs: 7,
      statusCode: 415
    }

      at write (src/observability/safeLogger.js:178:17)

  console.info
    {
      component: 'http',
      event: 'request_completed',
      requestId: '295d76af-b44d-4cda-a1e2-6ef80dcab5ad',
      methodClass: 'POST',
      durationMs: 6,
      statusCode: 415
    }

      at write (src/observability/safeLogger.js:178:17)

  console.info
    { component: 'voice', event: 'webhook_event_received', routed: true }

      at write (src/observability/safeLogger.js:178:17)

  console.info
    {
      component: 'http',
      event: 'request_completed',
      requestId: '646d2d14-6e6e-4deb-808e-d9219898177b',
      methodClass: 'POST',
      durationMs: 15,
      statusCode: 400
    }

      at write (src/observability/safeLogger.js:178:17)

  console.info
    { component: 'voice', event: 'webhook_event_received', routed: true }

      at write (src/observability/safeLogger.js:178:17)

  console.info
    {
      component: 'http',
      event: 'request_completed',
      requestId: 'c9c2b9d0-f6b6-4434-b225-4862cdceee62',
      methodClass: 'POST',
      durationMs: 14,
      statusCode: 400
    }

      at write (src/observability/safeLogger.js:178:17)

  console.error
    {
      component: 'http',
      event: 'request_failed',
      requestId: '6a21d0d1-4b26-4a7f-9034-6cc034a859f8',
      methodClass: 'POST',
      statusCode: 413
    }

      176 |     ...safeFields(fields),
      177 |   };
    > 178 |   console[level](record);
          |                 ^
      179 |   return record;
      180 | }
      181 |

      at write (src/observability/safeLogger.js:178:17)
      at Object.write (src/observability/safeLogger.js:191:10)
      at error (src/middleware/errorHandler.js:22:14)
      at Layer.handle_error (../m22-part3-route-writer/node_modules/express/lib/router/layer.js:71:5)
      at trim_prefix (../m22-part3-route-writer/node_modules/express/lib/router/index.js:326:13)
      at ../m22-part3-route-writer/node_modules/express/lib/router/index.js:286:9
      at router.process_params (../m22-part3-route-writer/node_modules/express/lib/router/index.js:346:12)
      at next (../m22-part3-route-writer/node_modules/express/lib/router/index.js:280:10)
      at Layer.handle_error (../m22-part3-route-writer/node_modules/express/lib/router/layer.js:67:12)
      at trim_prefix (../m22-part3-route-writer/node_modules/express/lib/router/index.js:326:13)
      at ../m22-part3-route-writer/node_modules/express/lib/router/index.js:286:9
      at router.process_params (../m22-part3-route-writer/node_modules/express/lib/router/index.js:346:12)
      at next (../m22-part3-route-writer/node_modules/express/lib/router/index.js:280:10)
      at Layer.handle_error (../m22-part3-route-writer/node_modules/express/lib/router/layer.js:67:12)
      at trim_prefix (../m22-part3-route-writer/node_modules/express/lib/router/index.js:326:13)
      at ../m22-part3-route-writer/node_modules/express/lib/router/index.js:286:9
      at router.process_params (../m22-part3-route-writer/node_modules/express/lib/router/index.js:346:12)
      at next (../m22-part3-route-writer/node_modules/express/lib/router/index.js:280:10)
      at Layer.handle_error (../m22-part3-route-writer/node_modules/express/lib/router/layer.js:67:12)
      at trim_prefix (../m22-part3-route-writer/node_modules/express/lib/router/index.js:326:13)
      at ../m22-part3-route-writer/node_modules/express/lib/router/index.js:286:9
      at router.process_params (../m22-part3-route-writer/node_modules/express/lib/router/index.js:346:12)
      at next (../m22-part3-route-writer/node_modules/express/lib/router/index.js:280:10)
      at Layer.handle_error (../m22-part3-route-writer/node_modules/express/lib/router/layer.js:67:12)
      at trim_prefix (../m22-part3-route-writer/node_modules/express/lib/router/index.js:326:13)
      at ../m22-part3-route-writer/node_modules/express/lib/router/index.js:286:9
      at router.process_params (../m22-part3-route-writer/node_modules/express/lib/router/index.js:346:12)
      at next (../m22-part3-route-writer/node_modules/express/lib/router/index.js:280:10)
      at Layer.handle_error (../m22-part3-route-writer/node_modules/express/lib/router/layer.js:67:12)
      at trim_prefix (../m22-part3-route-writer/node_modules/express/lib/router/index.js:326:13)
      at ../m22-part3-route-writer/node_modules/express/lib/router/index.js:286:9
      at router.process_params (../m22-part3-route-writer/node_modules/express/lib/router/index.js:346:12)
      at next (../m22-part3-route-writer/node_modules/express/lib/router/index.js:280:10)
      at Layer.handle_error (../m22-part3-route-writer/node_modules/express/lib/router/layer.js:67:12)
      at trim_prefix (../m22-part3-route-writer/node_modules/express/lib/router/index.js:326:13)
      at ../m22-part3-route-writer/node_modules/express/lib/router/index.js:286:9
      at router.process_params (../m22-part3-route-writer/node_modules/express/lib/router/index.js:346:12)
      at next (../m22-part3-route-writer/node_modules/express/lib/router/index.js:280:10)
      at Layer.handle_error (../m22-part3-route-writer/node_modules/express/lib/router/layer.js:67:12)
      at trim_prefix (../m22-part3-route-writer/node_modules/express/lib/router/index.js:326:13)
      at ../m22-part3-route-writer/node_modules/express/lib/router/index.js:286:9
      at router.process_params (../m22-part3-route-writer/node_modules/express/lib/router/index.js:346:12)
      at next (../m22-part3-route-writer/node_modules/express/lib/router/index.js:280:10)
      at Layer.handle_error (../m22-part3-route-writer/node_modules/express/lib/router/layer.js:67:12)
      at trim_prefix (../m22-part3-route-writer/node_modules/express/lib/router/index.js:326:13)
      at ../m22-part3-route-writer/node_modules/express/lib/router/index.js:286:9
      at router.process_params (../m22-part3-route-writer/node_modules/express/lib/router/index.js:346:12)
      at next (../m22-part3-route-writer/node_modules/express/lib/router/index.js:280:10)
      at Layer.handle_error (../m22-part3-route-writer/node_modules/express/lib/router/layer.js:67:12)
      at trim_prefix (../m22-part3-route-writer/node_modules/express/lib/router/index.js:326:13)
      at ../m22-part3-route-writer/node_modules/express/lib/router/index.js:286:9
      at router.process_params (../m22-part3-route-writer/node_modules/express/lib/router/index.js:346:12)
      at next (../m22-part3-route-writer/node_modules/express/lib/router/index.js:280:10)
      at Layer.handle_error (../m22-part3-route-writer/node_modules/express/lib/router/layer.js:67:12)
      at trim_prefix (../m22-part3-route-writer/node_modules/express/lib/router/index.js:326:13)
      at ../m22-part3-route-writer/node_modules/express/lib/router/index.js:286:9
      at router.process_params (../m22-part3-route-writer/node_modules/express/lib/router/index.js:346:12)
      at next (../m22-part3-route-writer/node_modules/express/lib/router/index.js:280:10)
      at ../m22-part3-route-writer/node_modules/express/lib/router/index.js:646:15
      at next (../m22-part3-route-writer/node_modules/express/lib/router/index.js:265:14)
      at next (../m22-part3-route-writer/node_modules/express/lib/router/route.js:141:14)
      at Layer.handle_error (../m22-part3-route-writer/node_modules/express/lib/router/layer.js:67:12)
      at next (../m22-part3-route-writer/node_modules/express/lib/router/route.js:147:13)
      at onfinished (../m22-part3-route-writer/node_modules/body-parser/lib/read.js:102:9)
      at listener (../m22-part3-route-writer/node_modules/on-finished/index.js:170:15)
      at onFinish (../m22-part3-route-writer/node_modules/on-finished/index.js:101:5)
      at callback (../m22-part3-route-writer/node_modules/ee-first/index.js:55:10)
      at IncomingMessage.onevent (../m22-part3-route-writer/node_modules/ee-first/index.js:93:5)

  console.info
    {
      component: 'http',
      event: 'request_completed',
      requestId: '6a21d0d1-4b26-4a7f-9034-6cc034a859f8',
      methodClass: 'POST',
      durationMs: 6,
      statusCode: 413
    }

      at write (src/observability/safeLogger.js:178:17)

  console.info
    {
      component: 'http',
      event: 'request_completed',
      requestId: '60a0d05f-5cf7-49b1-b420-a6b68a3d5ec7',
      methodClass: 'POST',
      durationMs: 5,
      statusCode: 503
    }

      at write (src/observability/safeLogger.js:178:17)

  console.info
    { component: 'voice', event: 'webhook_event_received', routed: true }

      at write (src/observability/safeLogger.js:178:17)

  console.info
    {
      component: 'voice',
      event: 'webhook_event_completed',
      durationMs: 65
    }

      at write (src/observability/safeLogger.js:178:17)

  console.info
    {
      component: 'http',
      event: 'request_completed',
      requestId: '8f0322b2-5dd8-4e94-b5bb-150db1ac575b',
      methodClass: 'POST',
      durationMs: 66,
      statusCode: 201
    }

      at write (src/observability/safeLogger.js:178:17)

  console.info
    {
      component: 'http',
      event: 'request_completed',
      requestId: 'd2fc8ec8-3ec9-4298-bf3d-bb2c03b65876',
      methodClass: 'POST',
      durationMs: 3,
      statusCode: 409
    }

      at write (src/observability/safeLogger.js:178:17)

  console.info
    {
      component: 'http',
      event: 'request_completed',
      requestId: 'd6d38d0d-d907-4a63-9d28-ff3e9f81cb19',
      methodClass: 'POST',
      durationMs: 2,
      statusCode: 409
    }

      at write (src/observability/safeLogger.js:178:17)

  console.info
    { component: 'voice', event: 'webhook_event_received', routed: true }

      at write (src/observability/safeLogger.js:178:17)

  console.info
    {
      component: 'voice',
      event: 'webhook_event_completed',
      durationMs: 34
    }

      at write (src/observability/safeLogger.js:178:17)

  console.info
    {
      component: 'http',
      event: 'request_completed',
      requestId: 'b85cf053-795b-460d-becc-d7686854b4ad',
      methodClass: 'POST',
      durationMs: 35,
      statusCode: 201
    }

      at write (src/observability/safeLogger.js:178:17)

  console.info
    { component: 'voice', event: 'webhook_event_received', routed: true }

      at write (src/observability/safeLogger.js:178:17)

  console.info
    {
      component: 'voice',
      event: 'webhook_event_completed',
      durationMs: 15
    }

      at write (src/observability/safeLogger.js:178:17)

  console.info
    {
      component: 'http',
      event: 'request_completed',
      requestId: 'bc32a5e7-6a8f-4e7e-813a-c036d4c3f03c',
      methodClass: 'POST',
      durationMs: 16,
      statusCode: 201
    }

      at write (src/observability/safeLogger.js:178:17)

  console.info
    { component: 'voice', event: 'webhook_event_received', routed: true }

      at write (src/observability/safeLogger.js:178:17)

  console.info
    {
      component: 'voice',
      event: 'webhook_event_completed',
      durationMs: 34
    }

      at write (src/observability/safeLogger.js:178:17)

  console.info
    {
      component: 'http',
      event: 'request_completed',
      requestId: '5ebead58-af3e-4946-b94b-e9d54230c83c',
      methodClass: 'POST',
      durationMs: 35,
      statusCode: 201
    }

      at write (src/observability/safeLogger.js:178:17)

  console.info
    { component: 'voice', event: 'webhook_event_received', routed: true }

      at write (src/observability/safeLogger.js:178:17)

  console.info
    {
      component: 'voice',
      event: 'webhook_event_completed',
      durationMs: 15
    }

      at write (src/observability/safeLogger.js:178:17)

  console.info
    {
      component: 'http',
      event: 'request_completed',
      requestId: 'df2b48dd-94ab-4a8e-8613-93ecb7d0764e',
      methodClass: 'POST',
      durationMs: 16,
      statusCode: 201
    }

      at write (src/observability/safeLogger.js:178:17)

  console.info
    { component: 'voice', event: 'webhook_event_received', routed: true }

      at write (src/observability/safeLogger.js:178:17)

  console.info
    {
      component: 'http',
      event: 'request_completed',
      requestId: '37b74a1d-5225-47f6-85c5-fff04cf266d2',
      methodClass: 'POST',
      durationMs: 11,
      statusCode: 409
    }

      at write (src/observability/safeLogger.js:178:17)

  console.info
    { component: 'voice', event: 'webhook_event_received', routed: true }

      at write (src/observability/safeLogger.js:178:17)

  console.info
    {
      component: 'voice',
      event: 'webhook_event_completed',
      durationMs: 18
    }

      at write (src/observability/safeLogger.js:178:17)

  console.info
    {
      component: 'http',
      event: 'request_completed',
      requestId: 'db62cb69-387f-4ca8-adf3-22656a7da6c9',
      methodClass: 'POST',
      durationMs: 19,
      statusCode: 202
    }

      at write (src/observability/safeLogger.js:178:17)

  console.info
    {
      component: 'http',
      event: 'request_completed',
      requestId: '8fdb7caa-459b-4907-a38c-a0b3da497579',
      methodClass: 'POST',
      durationMs: 55,
      statusCode: 409
    }

      at write (src/observability/safeLogger.js:178:17)

  console.info
    { component: 'voice', event: 'webhook_event_received', routed: true }

      at write (src/observability/safeLogger.js:178:17)

  console.info
    {
      component: 'voice',
      event: 'webhook_event_completed',
      durationMs: 23
    }

      at write (src/observability/safeLogger.js:178:17)

  console.info
    {
      component: 'http',
      event: 'request_completed',
      requestId: '4d7123e1-ab61-4c12-8b53-aa41006c3ee7',
      methodClass: 'POST',
      durationMs: 24,
      statusCode: 201
    }

      at write (src/observability/safeLogger.js:178:17)

  console.info
    { component: 'voice', event: 'webhook_event_received', routed: true }

      at write (src/observability/safeLogger.js:178:17)

  console.info
    { component: 'voice', event: 'webhook_event_completed', durationMs: 9 }

      at write (src/observability/safeLogger.js:178:17)

  console.info
    {
      component: 'http',
      event: 'request_completed',
      requestId: '2e52b3d5-327b-45e2-9a41-3fa7e320bbd1',
      methodClass: 'POST',
      durationMs: 10,
      statusCode: 201
    }

      at write (src/observability/safeLogger.js:178:17)

  console.info
    { component: 'voice', event: 'webhook_event_received', routed: true }

      at write (src/observability/safeLogger.js:178:17)

  console.info
    { component: 'voice', event: 'webhook_event_received', routed: true }

      at write (src/observability/safeLogger.js:178:17)

  console.info
    {
      component: 'voice',
      event: 'webhook_event_completed',
      durationMs: 145
    }

      at write (src/observability/safeLogger.js:178:17)

  console.info
    {
      component: 'http',
      event: 'request_completed',
      requestId: 'd1818ae7-dd37-4190-bd12-5b45df7f76ff',
      methodClass: 'POST',
      durationMs: 145,
      statusCode: 201
    }

      at write (src/observability/safeLogger.js:178:17)

  console.info
    {
      component: 'voice',
      event: 'webhook_event_completed',
      durationMs: 88
    }

      at write (src/observability/safeLogger.js:178:17)

  console.info
    {
      component: 'http',
      event: 'request_completed',
      requestId: 'a88a1fae-396c-4208-be2b-1317a0e5b6ee',
      methodClass: 'POST',
      durationMs: 89,
      statusCode: 201
    }

      at write (src/observability/safeLogger.js:178:17)

  console.info
    {
      component: 'http',
      event: 'request_completed',
      requestId: 'fd07c759-156d-4527-b64c-bbe2bbcdc436',
      methodClass: 'POST',
      durationMs: 5,
      statusCode: 409
    }

      at write (src/observability/safeLogger.js:178:17)

  console.info
    { component: 'voice', event: 'webhook_event_received', routed: true }

      at write (src/observability/safeLogger.js:178:17)

  console.info
    { component: 'voice', event: 'webhook_event_received', routed: true }

      at write (src/observability/safeLogger.js:178:17)

  console.info
    {
      component: 'voice',
      event: 'webhook_event_completed',
      durationMs: 82
    }

      at write (src/observability/safeLogger.js:178:17)

  console.info
    {
      component: 'http',
      event: 'request_completed',
      requestId: '12d0f135-c250-4fc3-9ef3-0a8fdd188df1',
      methodClass: 'POST',
      durationMs: 83,
      statusCode: 201
    }

      at write (src/observability/safeLogger.js:178:17)

  console.info
    {
      component: 'voice',
      event: 'webhook_event_completed',
      durationMs: 56
    }

      at write (src/observability/safeLogger.js:178:17)

  console.info
    {
      component: 'http',
      event: 'request_completed',
      requestId: '703e3c4d-729d-4f61-aa2c-c4bc69806228',
      methodClass: 'POST',
      durationMs: 57,
      statusCode: 201
    }

      at write (src/observability/safeLogger.js:178:17)

  console.info
    {
      component: 'http',
      event: 'request_completed',
      requestId: 'e81833cf-3a54-4ce3-8b3f-6317222fa2aa',
      methodClass: 'POST',
      durationMs: 3,
      statusCode: 409
    }

      at write (src/observability/safeLogger.js:178:17)

  console.info
    { component: 'voice', event: 'webhook_event_received', routed: true }

      at write (src/observability/safeLogger.js:178:17)

  console.info
    { component: 'voice', event: 'webhook_event_received', routed: true }

      at write (src/observability/safeLogger.js:178:17)

  console.info
    { component: 'voice', event: 'webhook_event_received', routed: true }

      at write (src/observability/safeLogger.js:178:17)

  console.info
    {
      component: 'voice',
      event: 'webhook_event_completed',
      durationMs: 18
    }

      at write (src/observability/safeLogger.js:178:17)

  console.info
    {
      component: 'http',
      event: 'request_completed',
      requestId: '61b8cfc7-2922-42a2-a3ba-6cba3f39a022',
      methodClass: 'POST',
      durationMs: 19,
      statusCode: 201
    }

      at write (src/observability/safeLogger.js:178:17)

  console.info
    {
      component: 'voice',
      event: 'webhook_event_completed',
      durationMs: 24
    }

      at write (src/observability/safeLogger.js:178:17)

  console.info
    {
      component: 'http',
      event: 'request_completed',
      requestId: 'be63d9e5-0405-41f4-ba16-a4ed58bff2d3',
      methodClass: 'POST',
      durationMs: 25,
      statusCode: 201
    }

      at write (src/observability/safeLogger.js:178:17)

  console.info
    {
      component: 'voice',
      event: 'webhook_event_completed',
      durationMs: 75
    }

      at write (src/observability/safeLogger.js:178:17)

  console.info
    {
      component: 'http',
      event: 'request_completed',
      requestId: 'df745016-9a7d-4a8f-ac0d-5232273d3bcf',
      methodClass: 'POST',
      durationMs: 76,
      statusCode: 201
    }

      at write (src/observability/safeLogger.js:178:17)

  console.info
    { component: 'voice', event: 'webhook_event_received', routed: true }

      at write (src/observability/safeLogger.js:178:17)

  console.info
    {
      component: 'http',
      event: 'request_completed',
      requestId: '909182d2-5731-4c06-b5d5-140dd151d418',
      methodClass: 'POST',
      durationMs: 13,
      statusCode: 409
    }

      at write (src/observability/safeLogger.js:178:17)

  console.info
    { component: 'voice', event: 'webhook_event_received', routed: true }

      at write (src/observability/safeLogger.js:178:17)

  console.info
    {
      component: 'voice',
      event: 'webhook_event_completed',
      durationMs: 28
    }

      at write (src/observability/safeLogger.js:178:17)

  console.info
    {
      component: 'http',
      event: 'request_completed',
      requestId: '5b47187f-57a1-46ca-a5f6-edacac7daff0',
      methodClass: 'POST',
      durationMs: 29,
      statusCode: 201
    }

      at write (src/observability/safeLogger.js:178:17)

  console.info
    {
      component: 'http',
      event: 'request_completed',
      requestId: '21362dff-c375-4865-a3ef-364a2b5732d2',
      methodClass: 'POST',
      durationMs: 3,
      statusCode: 409
    }

      at write (src/observability/safeLogger.js:178:17)

  console.info
    { component: 'voice', event: 'webhook_event_received', routed: true }

      at write (src/observability/safeLogger.js:178:17)

  console.info
    {
      component: 'voice',
      event: 'webhook_event_completed',
      durationMs: 13
    }

      at write (src/observability/safeLogger.js:178:17)

  console.info
    {
      component: 'http',
      event: 'request_completed',
      requestId: 'e3317152-f290-49b6-a042-9c2b633ac6bf',
      methodClass: 'POST',
      durationMs: 16,
      statusCode: 202
    }

      at write (src/observability/safeLogger.js:178:17)

  console.info
    { component: 'voice', event: 'webhook_event_received', routed: true }

      at write (src/observability/safeLogger.js:178:17)

  console.info
    {
      component: 'voice',
      event: 'webhook_event_completed',
      durationMs: 10
    }

      at write (src/observability/safeLogger.js:178:17)

  console.info
    {
      component: 'http',
      event: 'request_completed',
      requestId: '37c0e575-93b7-443d-9c02-703c66bc8c7b',
      methodClass: 'POST',
      durationMs: 13,
      statusCode: 202
    }

      at write (src/observability/safeLogger.js:178:17)

  console.info
    { component: 'voice', event: 'webhook_event_received', routed: true }

      at write (src/observability/safeLogger.js:178:17)

  console.info
    { component: 'voice', event: 'webhook_event_completed', durationMs: 8 }

      at write (src/observability/safeLogger.js:178:17)

  console.info
    {
      component: 'http',
      event: 'request_completed',
      requestId: 'e24f878b-f8ae-4720-8f42-44db671db695',
      methodClass: 'POST',
      durationMs: 9,
      statusCode: 202
    }

      at write (src/observability/safeLogger.js:178:17)

  console.info
    { component: 'voice', event: 'webhook_event_received', routed: true }

      at write (src/observability/safeLogger.js:178:17)

  console.info
    { component: 'voice', event: 'webhook_event_completed', durationMs: 7 }

      at write (src/observability/safeLogger.js:178:17)

  console.info
    {
      component: 'http',
      event: 'request_completed',
      requestId: 'ffd4c954-548c-4ca2-af70-226b986bb82f',
      methodClass: 'POST',
      durationMs: 8,
      statusCode: 202
    }

      at write (src/observability/safeLogger.js:178:17)

  console.info
    { component: 'voice', event: 'webhook_event_received', routed: true }

      at write (src/observability/safeLogger.js:178:17)

  console.info
    { component: 'voice', event: 'webhook_event_completed', durationMs: 5 }

      at write (src/observability/safeLogger.js:178:17)

  console.info
    {
      component: 'http',
      event: 'request_completed',
      requestId: '9d3e460e-c25d-4d33-a6a5-4e9704450f1f',
      methodClass: 'POST',
      durationMs: 5,
      statusCode: 202
    }

      at write (src/observability/safeLogger.js:178:17)

  console.info
    { component: 'voice', event: 'webhook_event_received', routed: true }

      at write (src/observability/safeLogger.js:178:17)

  console.info
    {
      component: 'http',
      event: 'request_completed',
      requestId: '55e2bbab-cbff-4fde-baf0-fc7164b81d69',
      methodClass: 'POST',
      durationMs: 6,
      statusCode: 503
    }

      at write (src/observability/safeLogger.js:178:17)

  console.info
    { component: 'voice', event: 'webhook_event_received', routed: true }

      at write (src/observability/safeLogger.js:178:17)

  console.info
    {
      component: 'http',
      event: 'request_completed',
      requestId: '246a7a09-6357-451e-8cce-6ab164dd99fd',
      methodClass: 'POST',
      durationMs: 11,
      statusCode: 503
    }

      at write (src/observability/safeLogger.js:178:17)

  console.info
    { component: 'voice', event: 'webhook_event_received', routed: true }

      at write (src/observability/safeLogger.js:178:17)

  console.error
    { component: 'voice', event: 'webhook_fatal_error' }

      176 |     ...safeFields(fields),
      177 |   };
    > 178 |   console[level](record);
          |                 ^
      179 |   return record;
      180 | }
      181 |

      at write (src/observability/safeLogger.js:178:17)
      at Object.write (src/observability/safeLogger.js:191:10)
      at error (src/voice/webhook.js:522:16)

  console.info
    {
      component: 'http',
      event: 'request_completed',
      requestId: 'ff6b2760-9df4-49cc-8f3f-05822eb8dc24',
      methodClass: 'POST',
      durationMs: 35,
      statusCode: 503
    }

      at write (src/observability/safeLogger.js:178:17)

  console.info
    { component: 'voice', event: 'webhook_event_received', routed: true }

      at write (src/observability/safeLogger.js:178:17)

  console.error
    { component: 'voice', event: 'webhook_fatal_error' }

      176 |     ...safeFields(fields),
      177 |   };
    > 178 |   console[level](record);
          |                 ^
      179 |   return record;
      180 | }
      181 |

      at write (src/observability/safeLogger.js:178:17)
      at Object.write (src/observability/safeLogger.js:191:10)
      at error (src/voice/webhook.js:522:16)

  console.info
    {
      component: 'http',
      event: 'request_completed',
      requestId: 'f04e47ed-cc03-4a58-a0f7-29e2fcecc618',
      methodClass: 'POST',
      durationMs: 31,
      statusCode: 503
    }

      at write (src/observability/safeLogger.js:178:17)

  console.info
    { component: 'voice', event: 'webhook_event_received', routed: true }

      at write (src/observability/safeLogger.js:178:17)

  console.info
    {
      component: 'http',
      event: 'request_completed',
      requestId: '63e426c4-6ba9-4195-90c6-148249d2ba3a',
      methodClass: 'POST',
      durationMs: 8,
      statusCode: 404
    }

      at write (src/observability/safeLogger.js:178:17)

  console.info
    { component: 'voice', event: 'webhook_event_received', routed: true }

      at write (src/observability/safeLogger.js:178:17)

  console.info
    {
      component: 'http',
      event: 'request_completed',
      requestId: '10488bb7-2e22-49a1-9032-35c618ec7f3d',
      methodClass: 'POST',
      durationMs: 11,
      statusCode: 404
    }

      at write (src/observability/safeLogger.js:178:17)

  console.info
    { component: 'voice', event: 'webhook_event_received', routed: true }

      at write (src/observability/safeLogger.js:178:17)

  console.info
    {
      component: 'voice',
      event: 'webhook_event_completed',
      durationMs: 15
    }

      at write (src/observability/safeLogger.js:178:17)

  console.info
    {
      component: 'http',
      event: 'request_completed',
      requestId: '9e973e76-fb88-4f31-9884-4ae20502cca3',
      methodClass: 'POST',
      durationMs: 16,
      statusCode: 202
    }

      at write (src/observability/safeLogger.js:178:17)

  console.info
    { component: 'voice', event: 'webhook_event_received', routed: true }

      at write (src/observability/safeLogger.js:178:17)

  console.info
    {
      component: 'http',
      event: 'request_completed',
      requestId: '9e344103-c571-4ca6-9dad-ef88854b5610',
      methodClass: 'POST',
      durationMs: 13,
      statusCode: 409
    }

      at write (src/observability/safeLogger.js:178:17)

  console.info
    { component: 'voice', event: 'webhook_event_received', routed: true }

      at write (src/observability/safeLogger.js:178:17)

  console.info
    {
      component: 'http',
      event: 'request_completed',
      requestId: '214f1124-b49d-4afa-92dc-d2c497b2d1ab',
      methodClass: 'POST',
      durationMs: 13,
      statusCode: 409
    }

      at write (src/observability/safeLogger.js:178:17)

  console.log
    [DB] Migration applied: 001_initial_schema.sql

      at log (src/db.js:1312:42)

  console.log
    [DB] Migration applied: 002_seed_data.sql

      at log (src/db.js:1312:42)

  console.log
    [DB] Migration applied: 003_voice_sessions.sql

      at log (src/db.js:1312:42)

  console.log
    [DB] Migration applied: 004_canonical_persistence_v2.sql

      at log (src/db.js:1312:42)

  console.log
    [DB] Migration applied: 005_canonical_organization_authority.sql

      at log (src/db.js:1312:42)

  console.log
    [DB] Migration applied: 006_canonical_voice_sessions.sql

      at log (src/db.js:1312:42)

  console.log
    [DB] Migration applied: 007_canonical_tax_authority.sql

      at log (src/db.js:1312:42)

  console.log
    [DB] Migration applied: 008_canonical_demo_authority.sql

      at log (src/db.js:1312:42)

  console.log
    [DB] Migration applied: 009_canonical_voice_provider_identity.sql

      at log (src/db.js:1312:42)

  console.log
    [DB] Migration applied: 010_account_session_authority.sql

      at log (src/db.js:1312:42)

  console.log
    [DB] Migration applied: 011_oauth_authorization_states.sql

      at log (src/db.js:1312:42)

  console.log
    [DB] Migration applied: 012_account_verification_trial.sql

      at log (src/db.js:1312:42)

  console.log
    [DB] Migration applied: 015_workforce_authority.sql

      at log (src/db.js:1312:42)

  console.log
    [DB] Migration applied: 016_tenant_asset_catalogue.sql

      at log (src/db.js:1312:42)

  console.log
    [DB] Migration applied: 017_retell_webhook_replay_authority.sql

      at log (src/db.js:1312:42)

  console.log
    [DB] Migration applied: 018_canonical_map_preferences.sql

      at log (src/db.js:1312:42)

  console.log
    [DB] Migration applied: 019_account_email_outbox.sql

      at log (src/db.js:1312:42)

  console.log
    [DB] Migration applied: 020_canonical_workforce_access_roles.sql

      at log (src/db.js:1312:42)

  console.log
    [DB] Migration applied: 021_bounded_api_observability.sql

      at log (src/db.js:1312:42)

  console.log
    [DB] Migration applied: 022_demo_command_center_sessions.sql

      at log (src/db.js:1312:42)

  console.log
    [DB] Migration applied: 023_homepage_demo_admission.sql

      at log (src/db.js:1312:42)

  console.log
    [DB] Migration applied: 024_homepage_verified_purge_receipt.sql

      at log (src/db.js:1312:42)

  console.log
    [DB] Migration applied: 025_provider_agnostic_knowledge_registry.sql

      at log (src/db.js:1312:42)

  console.log
    [DB] Migration applied: 026_canonical_knowledge_review_publication.sql

      at log (src/db.js:1312:42)

  console.log
    [DB] Migration applied: 027_canonical_knowledge_audit_graph_authority.sql

      at log (src/db.js:1312:42)

  console.log
    [DB] Migration applied: 028_canonical_knowledge_immutable_lifecycle.sql

      at log (src/db.js:1312:42)

  console.log
    [DB] Migration applied: 029_canonical_knowledge_transactional_sync.sql

      at log (src/db.js:1312:42)

  console.log
    [DB] Migration applied: 030_canonical_knowledge_sync_revocation.sql

      at log (src/db.js:1312:42)

  console.log
    [DB] Migration applied: 031_canonical_knowledge_sync_recovery_lifecycle.sql

      at log (src/db.js:1312:42)

  console.log
    [DB] Migration applied: 032_canonical_schedule_assignment_authority.sql

      at log (src/db.js:1312:42)

  console.log
    [DB] Migration applied: 033_canonical_schedule_time_evidence.sql

      at log (src/db.js:1312:42)

  console.log
    [DB] Migration applied: 034_schedule_availability_conflict_authority.sql

      at log (src/db.js:1312:42)

  console.log
    [DB] Migration applied: 035_schedule_human_preview_approval.sql

      at log (src/db.js:1312:42)

  console.log
    [DB] Migration applied: 001_initial_schema.sql

      at log (src/db.js:1312:42)

  console.log
    [DB] Migration applied: 002_seed_data.sql

      at log (src/db.js:1312:42)

  console.log
    [DB] Migration applied: 003_voice_sessions.sql

      at log (src/db.js:1312:42)

  console.log
    [DB] Migration applied: 004_canonical_persistence_v2.sql

      at log (src/db.js:1312:42)

  console.log
    [DB] Migration applied: 005_canonical_organization_authority.sql

      at log (src/db.js:1312:42)

  console.log
    [DB] Migration applied: 006_canonical_voice_sessions.sql

      at log (src/db.js:1312:42)

  console.log
    [DB] Migration applied: 007_canonical_tax_authority.sql

      at log (src/db.js:1312:42)

  console.log
    [DB] Migration applied: 008_canonical_demo_authority.sql

      at log (src/db.js:1312:42)

  console.log
    [DB] Migration applied: 009_canonical_voice_provider_identity.sql

      at log (src/db.js:1312:42)

  console.log
    [DB] Migration applied: 010_account_session_authority.sql

      at log (src/db.js:1312:42)

  console.log
    [DB] Migration applied: 011_oauth_authorization_states.sql

      at log (src/db.js:1312:42)

  console.log
    [DB] Migration applied: 012_account_verification_trial.sql

      at log (src/db.js:1312:42)

  console.log
    [DB] Migration applied: 015_workforce_authority.sql

      at log (src/db.js:1312:42)

  console.log
    [DB] Migration applied: 016_tenant_asset_catalogue.sql

      at log (src/db.js:1312:42)

  console.log
    [DB] Migration applied: 017_retell_webhook_replay_authority.sql

      at log (src/db.js:1312:42)

  console.log
    [DB] Migration applied: 018_canonical_map_preferences.sql

      at log (src/db.js:1312:42)

  console.log
    [DB] Migration applied: 019_account_email_outbox.sql

      at log (src/db.js:1312:42)

  console.log
    [DB] Migration applied: 020_canonical_workforce_access_roles.sql

      at log (src/db.js:1312:42)

  console.log
    [DB] Migration applied: 021_bounded_api_observability.sql

      at log (src/db.js:1312:42)

  console.log
    [DB] Migration applied: 022_demo_command_center_sessions.sql

      at log (src/db.js:1312:42)

  console.log
    [DB] Migration applied: 023_homepage_demo_admission.sql

      at log (src/db.js:1312:42)

  console.log
    [DB] Migration applied: 024_homepage_verified_purge_receipt.sql

      at log (src/db.js:1312:42)

  console.log
    [DB] Migration applied: 025_provider_agnostic_knowledge_registry.sql

      at log (src/db.js:1312:42)

  console.log
    [DB] Migration applied: 026_canonical_knowledge_review_publication.sql

      at log (src/db.js:1312:42)

  console.log
    [DB] Migration applied: 027_canonical_knowledge_audit_graph_authority.sql

      at log (src/db.js:1312:42)

  console.log
    [DB] Migration applied: 028_canonical_knowledge_immutable_lifecycle.sql

      at log (src/db.js:1312:42)

  console.log
    [DB] Migration applied: 029_canonical_knowledge_transactional_sync.sql

      at log (src/db.js:1312:42)

  console.log
    [DB] Migration applied: 030_canonical_knowledge_sync_revocation.sql

      at log (src/db.js:1312:42)

  console.log
    [DB] Migration applied: 031_canonical_knowledge_sync_recovery_lifecycle.sql

      at log (src/db.js:1312:42)

  console.log
    [DB] Migration applied: 032_canonical_schedule_assignment_authority.sql

      at log (src/db.js:1312:42)

  console.log
    [DB] Migration applied: 033_canonical_schedule_time_evidence.sql

      at log (src/db.js:1312:42)

  console.log
    [DB] Migration applied: 034_schedule_availability_conflict_authority.sql

      at log (src/db.js:1312:42)

  console.log
    [DB] Migration applied: 035_schedule_human_preview_approval.sql

      at log (src/db.js:1312:42)

  console.info
    {
      component: 'http',
      event: 'request_completed',
      requestId: 'dea61317-b8b9-4aa8-99a7-e4382635275e',
      methodClass: 'GET',
      durationMs: 3,
      statusCode: 200
    }

      at write (src/observability/safeLogger.js:178:17)

  console.info
    {
      component: 'http',
      event: 'request_completed',
      requestId: '1dbb72b8-cae6-4c96-9512-54261a5142f4',
      methodClass: 'GET',
      durationMs: 5,
      statusCode: 503
    }

      at write (src/observability/safeLogger.js:178:17)

  console.info
    {
      component: 'http',
      event: 'request_completed',
      requestId: '96ef994d-0f7f-4e16-934d-4991233c9782',
      methodClass: 'GET',
      durationMs: 2,
      statusCode: 503
    }

      at write (src/observability/safeLogger.js:178:17)

  console.info
    {
      component: 'http',
      event: 'request_completed',
      requestId: '6f63c7b2-8001-4e50-a6ff-576763fa00d8',
      methodClass: 'POST',
      durationMs: 2,
      statusCode: 503
    }

      at write (src/observability/safeLogger.js:178:17)

  console.info
    {
      component: 'http',
      event: 'request_completed',
      requestId: '4165f12a-dae2-43d6-b372-09d1fe68598c',
      methodClass: 'GET',
      durationMs: 4,
      statusCode: 403
    }

      at write (src/observability/safeLogger.js:178:17)

  console.info
    {
      component: 'http',
      event: 'request_completed',
      requestId: 'dc7e4391-1391-4b17-8a41-47a991a0afd6',
      methodClass: 'GET',
      durationMs: 4,
      statusCode: 403
    }

      at write (src/observability/safeLogger.js:178:17)

  console.info
    {
      component: 'http',
      event: 'request_completed',
      requestId: '7d9cea4e-7064-4572-b996-90c157543d1e',
      methodClass: 'GET',
      durationMs: 3,
      statusCode: 503
    }

      at write (src/observability/safeLogger.js:178:17)

  console.log
    [DB] Migration applied: 001_initial_schema.sql

      at log (src/db.js:1312:42)

  console.log
    [DB] Migration applied: 002_seed_data.sql

      at log (src/db.js:1312:42)

  console.log
    [DB] Migration applied: 003_voice_sessions.sql

      at log (src/db.js:1312:42)

  console.log
    [DB] Migration applied: 004_canonical_persistence_v2.sql

      at log (src/db.js:1312:42)

  console.log
    [DB] Migration applied: 005_canonical_organization_authority.sql

      at log (src/db.js:1312:42)

  console.log
    [DB] Migration applied: 006_canonical_voice_sessions.sql

      at log (src/db.js:1312:42)

  console.log
    [DB] Migration applied: 007_canonical_tax_authority.sql

      at log (src/db.js:1312:42)

  console.log
    [DB] Migration applied: 008_canonical_demo_authority.sql

      at log (src/db.js:1312:42)

  console.log
    [DB] Migration applied: 009_canonical_voice_provider_identity.sql

      at log (src/db.js:1312:42)

  console.log
    [DB] Migration applied: 010_account_session_authority.sql

      at log (src/db.js:1312:42)

  console.log
    [DB] Migration applied: 011_oauth_authorization_states.sql

      at log (src/db.js:1312:42)

  console.log
    [DB] Migration applied: 012_account_verification_trial.sql

      at log (src/db.js:1312:42)

  console.log
    [DB] Migration applied: 015_workforce_authority.sql

      at log (src/db.js:1312:42)

  console.log
    [DB] Migration applied: 016_tenant_asset_catalogue.sql

      at log (src/db.js:1312:42)

  console.log
    [DB] Migration applied: 017_retell_webhook_replay_authority.sql

      at log (src/db.js:1312:42)

  console.log
    [DB] Migration applied: 018_canonical_map_preferences.sql

      at log (src/db.js:1312:42)

  console.log
    [DB] Migration applied: 019_account_email_outbox.sql

      at log (src/db.js:1312:42)

  console.log
    [DB] Migration applied: 020_canonical_workforce_access_roles.sql

      at log (src/db.js:1312:42)

  console.log
    [DB] Migration applied: 021_bounded_api_observability.sql

      at log (src/db.js:1312:42)

  console.log
    [DB] Migration applied: 022_demo_command_center_sessions.sql

      at log (src/db.js:1312:42)

  console.log
    [DB] Migration applied: 023_homepage_demo_admission.sql

      at log (src/db.js:1312:42)

  console.log
    [DB] Migration applied: 024_homepage_verified_purge_receipt.sql

      at log (src/db.js:1312:42)

  console.log
    [DB] Migration applied: 025_provider_agnostic_knowledge_registry.sql

      at log (src/db.js:1312:42)

  console.log
    [DB] Migration applied: 026_canonical_knowledge_review_publication.sql

      at log (src/db.js:1312:42)

  console.log
    [DB] Migration applied: 027_canonical_knowledge_audit_graph_authority.sql

      at log (src/db.js:1312:42)

  console.log
    [DB] Migration applied: 028_canonical_knowledge_immutable_lifecycle.sql

      at log (src/db.js:1312:42)

  console.log
    [DB] Migration applied: 029_canonical_knowledge_transactional_sync.sql

      at log (src/db.js:1312:42)

  console.log
    [DB] Migration applied: 030_canonical_knowledge_sync_revocation.sql

      at log (src/db.js:1312:42)

  console.log
    [DB] Migration applied: 031_canonical_knowledge_sync_recovery_lifecycle.sql

      at log (src/db.js:1312:42)

  console.log
    [DB] Migration applied: 032_canonical_schedule_assignment_authority.sql

      at log (src/db.js:1312:42)

  console.log
    [DB] Migration applied: 033_canonical_schedule_time_evidence.sql

      at log (src/db.js:1312:42)

  console.log
    [DB] Migration applied: 034_schedule_availability_conflict_authority.sql

      at log (src/db.js:1312:42)

  console.log
    [DB] Migration applied: 035_schedule_human_preview_approval.sql

      at log (src/db.js:1312:42)

  console.log
    [DB] Migration applied: 001_initial_schema.sql

      at log (src/db.js:1312:42)

  console.log
    [DB] Migration applied: 002_seed_data.sql

      at log (src/db.js:1312:42)

  console.log
    [DB] Migration applied: 003_voice_sessions.sql

      at log (src/db.js:1312:42)

  console.log
    [DB] Migration applied: 004_canonical_persistence_v2.sql

      at log (src/db.js:1312:42)

  console.log
    [DB] Migration applied: 005_canonical_organization_authority.sql

      at log (src/db.js:1312:42)

  console.log
    [DB] Migration applied: 006_canonical_voice_sessions.sql

      at log (src/db.js:1312:42)

  console.log
    [DB] Migration applied: 007_canonical_tax_authority.sql

      at log (src/db.js:1312:42)

  console.log
    [DB] Migration applied: 008_canonical_demo_authority.sql

      at log (src/db.js:1312:42)

  console.log
    [DB] Migration applied: 009_canonical_voice_provider_identity.sql

      at log (src/db.js:1312:42)

  console.log
    [DB] Migration applied: 010_account_session_authority.sql

      at log (src/db.js:1312:42)

  console.log
    [DB] Migration applied: 011_oauth_authorization_states.sql

      at log (src/db.js:1312:42)

  console.log
    [DB] Migration applied: 012_account_verification_trial.sql

      at log (src/db.js:1312:42)

  console.log
    [DB] Migration applied: 015_workforce_authority.sql

      at log (src/db.js:1312:42)

  console.log
    [DB] Migration applied: 016_tenant_asset_catalogue.sql

      at log (src/db.js:1312:42)

  console.log
    [DB] Migration applied: 017_retell_webhook_replay_authority.sql

      at log (src/db.js:1312:42)

  console.log
    [DB] Migration applied: 018_canonical_map_preferences.sql

      at log (src/db.js:1312:42)

  console.log
    [DB] Migration applied: 019_account_email_outbox.sql

      at log (src/db.js:1312:42)

  console.log
    [DB] Migration applied: 020_canonical_workforce_access_roles.sql

      at log (src/db.js:1312:42)

  console.log
    [DB] Migration applied: 021_bounded_api_observability.sql

      at log (src/db.js:1312:42)

  console.log
    [DB] Migration applied: 022_demo_command_center_sessions.sql

      at log (src/db.js:1312:42)

  console.log
    [DB] Migration applied: 023_homepage_demo_admission.sql

      at log (src/db.js:1312:42)

  console.log
    [DB] Migration applied: 024_homepage_verified_purge_receipt.sql

      at log (src/db.js:1312:42)

  console.log
    [DB] Migration applied: 025_provider_agnostic_knowledge_registry.sql

      at log (src/db.js:1312:42)

  console.log
    [DB] Migration applied: 026_canonical_knowledge_review_publication.sql

      at log (src/db.js:1312:42)

  console.log
    [DB] Migration applied: 027_canonical_knowledge_audit_graph_authority.sql

      at log (src/db.js:1312:42)

  console.log
    [DB] Migration applied: 028_canonical_knowledge_immutable_lifecycle.sql

      at log (src/db.js:1312:42)

  console.log
    [DB] Migration applied: 029_canonical_knowledge_transactional_sync.sql

      at log (src/db.js:1312:42)

  console.log
    [DB] Migration applied: 030_canonical_knowledge_sync_revocation.sql

      at log (src/db.js:1312:42)

  console.log
    [DB] Migration applied: 031_canonical_knowledge_sync_recovery_lifecycle.sql

      at log (src/db.js:1312:42)

  console.log
    [DB] Migration applied: 032_canonical_schedule_assignment_authority.sql

      at log (src/db.js:1312:42)

  console.log
    [DB] Migration applied: 033_canonical_schedule_time_evidence.sql

      at log (src/db.js:1312:42)

  console.log
    [DB] Migration applied: 034_schedule_availability_conflict_authority.sql

      at log (src/db.js:1312:42)

  console.log
    [DB] Migration applied: 035_schedule_human_preview_approval.sql

      at log (src/db.js:1312:42)

  console.log
    [DB] Migration applied: 001_initial_schema.sql

      at log (src/db.js:1312:42)

  console.log
    [DB] Migration applied: 002_seed_data.sql

      at log (src/db.js:1312:42)

  console.log
    [DB] Migration applied: 003_voice_sessions.sql

      at log (src/db.js:1312:42)

  console.log
    [DB] Migration applied: 004_canonical_persistence_v2.sql

      at log (src/db.js:1312:42)

  console.log
    [DB] Migration applied: 005_canonical_organization_authority.sql

      at log (src/db.js:1312:42)

  console.log
    [DB] Migration applied: 006_canonical_voice_sessions.sql

      at log (src/db.js:1312:42)

  console.log
    [DB] Migration applied: 007_canonical_tax_authority.sql

      at log (src/db.js:1312:42)

  console.log
    [DB] Migration applied: 008_canonical_demo_authority.sql

      at log (src/db.js:1312:42)

  console.log
    [DB] Migration applied: 009_canonical_voice_provider_identity.sql

      at log (src/db.js:1312:42)

  console.log
    [DB] Migration applied: 010_account_session_authority.sql

      at log (src/db.js:1312:42)

  console.log
    [DB] Migration applied: 011_oauth_authorization_states.sql

      at log (src/db.js:1312:42)

  console.log
    [DB] Migration applied: 012_account_verification_trial.sql

      at log (src/db.js:1312:42)

  console.log
    [DB] Migration applied: 015_workforce_authority.sql

      at log (src/db.js:1312:42)

  console.log
    [DB] Migration applied: 016_tenant_asset_catalogue.sql

      at log (src/db.js:1312:42)

  console.log
    [DB] Migration applied: 017_retell_webhook_replay_authority.sql

      at log (src/db.js:1312:42)

  console.log
    [DB] Migration applied: 018_canonical_map_preferences.sql

      at log (src/db.js:1312:42)

  console.log
    [DB] Migration applied: 019_account_email_outbox.sql

      at log (src/db.js:1312:42)

  console.log
    [DB] Migration applied: 020_canonical_workforce_access_roles.sql

      at log (src/db.js:1312:42)

  console.log
    [DB] Migration applied: 021_bounded_api_observability.sql

      at log (src/db.js:1312:42)

  console.log
    [DB] Migration applied: 022_demo_command_center_sessions.sql

      at log (src/db.js:1312:42)

  console.log
    [DB] Migration applied: 023_homepage_demo_admission.sql

      at log (src/db.js:1312:42)

  console.log
    [DB] Migration applied: 024_homepage_verified_purge_receipt.sql

      at log (src/db.js:1312:42)

  console.log
    [DB] Migration applied: 025_provider_agnostic_knowledge_registry.sql

      at log (src/db.js:1312:42)

  console.log
    [DB] Migration applied: 026_canonical_knowledge_review_publication.sql

      at log (src/db.js:1312:42)

  console.log
    [DB] Migration applied: 027_canonical_knowledge_audit_graph_authority.sql

      at log (src/db.js:1312:42)

  console.log
    [DB] Migration applied: 028_canonical_knowledge_immutable_lifecycle.sql

      at log (src/db.js:1312:42)

  console.log
    [DB] Migration applied: 029_canonical_knowledge_transactional_sync.sql

      at log (src/db.js:1312:42)

  console.log
    [DB] Migration applied: 030_canonical_knowledge_sync_revocation.sql

      at log (src/db.js:1312:42)

  console.log
    [DB] Migration applied: 031_canonical_knowledge_sync_recovery_lifecycle.sql

      at log (src/db.js:1312:42)

  console.log
    [DB] Migration applied: 032_canonical_schedule_assignment_authority.sql

      at log (src/db.js:1312:42)

  console.log
    [DB] Migration applied: 033_canonical_schedule_time_evidence.sql

      at log (src/db.js:1312:42)

  console.log
    [DB] Migration applied: 034_schedule_availability_conflict_authority.sql

      at log (src/db.js:1312:42)

  console.log
    [DB] Migration applied: 035_schedule_human_preview_approval.sql

      at log (src/db.js:1312:42)

  console.info
    {
      component: 'http',
      event: 'request_completed',
      requestId: '2fa5bcb6-96c5-4ab1-b372-71a8351ebd2c',
      methodClass: 'POST',
      durationMs: 130,
      statusCode: 201
    }

      at write (src/observability/safeLogger.js:178:17)

  console.info
    {
      component: 'http',
      event: 'request_completed',
      requestId: 'c1a6cd64-2954-4137-b077-9fbaa543ebc8',
      methodClass: 'POST',
      durationMs: 184,
      statusCode: 200
    }

      at write (src/observability/safeLogger.js:178:17)

  console.info
    {
      component: 'http',
      event: 'request_completed',
      requestId: 'af894f13-2ca3-4787-be91-82fa74962cf3',
      methodClass: 'POST',
      durationMs: 99,
      statusCode: 201
    }

      at write (src/observability/safeLogger.js:178:17)

  console.info
    {
      component: 'http',
      event: 'request_completed',
      requestId: '41d5cf02-63b4-4460-b58d-5212ac518dd6',
      methodClass: 'POST',
      durationMs: 136,
      statusCode: 200
    }

      at write (src/observability/safeLogger.js:178:17)

  console.info
    {
      component: 'http',
      event: 'request_completed',
      requestId: '57f97d53-7a35-4536-b806-7285593d3024',
      methodClass: 'POST',
      durationMs: 95,
      statusCode: 201
    }

      at write (src/observability/safeLogger.js:178:17)

  console.info
    {
      component: 'http',
      event: 'request_completed',
      requestId: '0db17f33-b4da-473a-9cba-b96bd865ba47',
      methodClass: 'POST',
      durationMs: 129,
      statusCode: 200
    }

      at write (src/observability/safeLogger.js:178:17)

  console.info
    {
      component: 'http',
      event: 'request_completed',
      requestId: '363fd8ae-ac0e-44ab-89f7-1a3add833ad9',
      methodClass: 'PUT',
      durationMs: 119,
      statusCode: 200
    }

      at write (src/observability/safeLogger.js:178:17)

  console.info
    {
      component: 'http',
      event: 'request_completed',
      requestId: 'ca6ab442-9553-400f-9d46-f438b74a1448',
      methodClass: 'PUT',
      durationMs: 117,
      statusCode: 200
    }

      at write (src/observability/safeLogger.js:178:17)

  console.info
    {
      component: 'http',
      event: 'request_completed',
      requestId: 'fe052f6d-9243-4eb1-9fed-2c15403eadf1',
      methodClass: 'POST',
      durationMs: 64,
      statusCode: 200
    }

      at write (src/observability/safeLogger.js:178:17)

  console.info
    {
      component: 'http',
      event: 'request_completed',
      requestId: '0ec12db2-1ff5-4aac-bf5a-90eedcd8da25',
      methodClass: 'POST',
      durationMs: 71,
      statusCode: 200
    }

      at write (src/observability/safeLogger.js:178:17)

  console.info
    {
      component: 'http',
      event: 'request_completed',
      requestId: '290cbb32-db31-4b54-8b4a-854ba280c5d8',
      methodClass: 'POST',
      durationMs: 112,
      statusCode: 200
    }

      at write (src/observability/safeLogger.js:178:17)

  console.info
    {
      component: 'http',
      event: 'request_completed',
      requestId: 'd30b16d4-4230-476d-8923-3a6e53074cfb',
      methodClass: 'POST',
      durationMs: 110,
      statusCode: 200
    }

      at write (src/observability/safeLogger.js:178:17)

  console.error
    {
      component: 'http',
      event: 'request_failed',
      requestId: 'af1240f0-895b-4943-a392-c4b5e3c0b460',
      methodClass: 'POST',
      statusCode: 413
    }

      176 |     ...safeFields(fields),
      177 |   };
    > 178 |   console[level](record);
          |                 ^
      179 |   return record;
      180 | }
      181 |

      at write (src/observability/safeLogger.js:178:17)
      at Object.write (src/observability/safeLogger.js:191:10)
      at error (src/middleware/errorHandler.js:22:14)
      at Layer.handle_error (../m22-part3-route-writer/node_modules/express/lib/router/layer.js:71:5)
      at trim_prefix (../m22-part3-route-writer/node_modules/express/lib/router/index.js:326:13)
      at ../m22-part3-route-writer/node_modules/express/lib/router/index.js:286:9
      at router.process_params (../m22-part3-route-writer/node_modules/express/lib/router/index.js:346:12)
      at next (../m22-part3-route-writer/node_modules/express/lib/router/index.js:280:10)
      at Layer.handle_error (../m22-part3-route-writer/node_modules/express/lib/router/layer.js:67:12)
      at trim_prefix (../m22-part3-route-writer/node_modules/express/lib/router/index.js:326:13)
      at ../m22-part3-route-writer/node_modules/express/lib/router/index.js:286:9
      at router.process_params (../m22-part3-route-writer/node_modules/express/lib/router/index.js:346:12)
      at next (../m22-part3-route-writer/node_modules/express/lib/router/index.js:280:10)
      at Layer.handle_error (../m22-part3-route-writer/node_modules/express/lib/router/layer.js:67:12)
      at trim_prefix (../m22-part3-route-writer/node_modules/express/lib/router/index.js:326:13)
      at ../m22-part3-route-writer/node_modules/express/lib/router/index.js:286:9
      at router.process_params (../m22-part3-route-writer/node_modules/express/lib/router/index.js:346:12)
      at next (../m22-part3-route-writer/node_modules/express/lib/router/index.js:280:10)
      at Layer.handle_error (../m22-part3-route-writer/node_modules/express/lib/router/layer.js:67:12)
      at trim_prefix (../m22-part3-route-writer/node_modules/express/lib/router/index.js:326:13)
      at ../m22-part3-route-writer/node_modules/express/lib/router/index.js:286:9
      at router.process_params (../m22-part3-route-writer/node_modules/express/lib/router/index.js:346:12)
      at next (../m22-part3-route-writer/node_modules/express/lib/router/index.js:280:10)
      at Layer.handle_error (../m22-part3-route-writer/node_modules/express/lib/router/layer.js:67:12)
      at trim_prefix (../m22-part3-route-writer/node_modules/express/lib/router/index.js:326:13)
      at ../m22-part3-route-writer/node_modules/express/lib/router/index.js:286:9
      at router.process_params (../m22-part3-route-writer/node_modules/express/lib/router/index.js:346:12)
      at next (../m22-part3-route-writer/node_modules/express/lib/router/index.js:280:10)
      at Layer.handle_error (../m22-part3-route-writer/node_modules/express/lib/router/layer.js:67:12)
      at trim_prefix (../m22-part3-route-writer/node_modules/express/lib/router/index.js:326:13)
      at ../m22-part3-route-writer/node_modules/express/lib/router/index.js:286:9
      at router.process_params (../m22-part3-route-writer/node_modules/express/lib/router/index.js:346:12)
      at next (../m22-part3-route-writer/node_modules/express/lib/router/index.js:280:10)
      at Layer.handle_error (../m22-part3-route-writer/node_modules/express/lib/router/layer.js:67:12)
      at trim_prefix (../m22-part3-route-writer/node_modules/express/lib/router/index.js:326:13)
      at ../m22-part3-route-writer/node_modules/express/lib/router/index.js:286:9
      at router.process_params (../m22-part3-route-writer/node_modules/express/lib/router/index.js:346:12)
      at next (../m22-part3-route-writer/node_modules/express/lib/router/index.js:280:10)
      at Layer.handle_error (../m22-part3-route-writer/node_modules/express/lib/router/layer.js:67:12)
      at trim_prefix (../m22-part3-route-writer/node_modules/express/lib/router/index.js:326:13)
      at ../m22-part3-route-writer/node_modules/express/lib/router/index.js:286:9
      at router.process_params (../m22-part3-route-writer/node_modules/express/lib/router/index.js:346:12)
      at next (../m22-part3-route-writer/node_modules/express/lib/router/index.js:280:10)
      at Layer.handle_error (../m22-part3-route-writer/node_modules/express/lib/router/layer.js:67:12)
      at trim_prefix (../m22-part3-route-writer/node_modules/express/lib/router/index.js:326:13)
      at ../m22-part3-route-writer/node_modules/express/lib/router/index.js:286:9
      at router.process_params (../m22-part3-route-writer/node_modules/express/lib/router/index.js:346:12)
      at next (../m22-part3-route-writer/node_modules/express/lib/router/index.js:280:10)
      at Layer.handle_error (../m22-part3-route-writer/node_modules/express/lib/router/layer.js:67:12)
      at trim_prefix (../m22-part3-route-writer/node_modules/express/lib/router/index.js:326:13)
      at ../m22-part3-route-writer/node_modules/express/lib/router/index.js:286:9
      at router.process_params (../m22-part3-route-writer/node_modules/express/lib/router/index.js:346:12)
      at next (../m22-part3-route-writer/node_modules/express/lib/router/index.js:280:10)
      at Layer.handle_error (../m22-part3-route-writer/node_modules/express/lib/router/layer.js:67:12)
      at trim_prefix (../m22-part3-route-writer/node_modules/express/lib/router/index.js:326:13)
      at ../m22-part3-route-writer/node_modules/express/lib/router/index.js:286:9
      at router.process_params (../m22-part3-route-writer/node_modules/express/lib/router/index.js:346:12)
      at next (../m22-part3-route-writer/node_modules/express/lib/router/index.js:280:10)
      at Layer.handle_error (../m22-part3-route-writer/node_modules/express/lib/router/layer.js:67:12)
      at trim_prefix (../m22-part3-route-writer/node_modules/express/lib/router/index.js:326:13)
      at ../m22-part3-route-writer/node_modules/express/lib/router/index.js:286:9
      at router.process_params (../m22-part3-route-writer/node_modules/express/lib/router/index.js:346:12)
      at next (../m22-part3-route-writer/node_modules/express/lib/router/index.js:280:10)
      at Layer.handle_error (../m22-part3-route-writer/node_modules/express/lib/router/layer.js:67:12)
      at trim_prefix (../m22-part3-route-writer/node_modules/express/lib/router/index.js:326:13)
      at ../m22-part3-route-writer/node_modules/express/lib/router/index.js:286:9
      at router.process_params (../m22-part3-route-writer/node_modules/express/lib/router/index.js:346:12)
      at next (../m22-part3-route-writer/node_modules/express/lib/router/index.js:280:10)
      at Layer.handle_error (../m22-part3-route-writer/node_modules/express/lib/router/layer.js:67:12)
      at trim_prefix (../m22-part3-route-writer/node_modules/express/lib/router/index.js:326:13)
      at ../m22-part3-route-writer/node_modules/express/lib/router/index.js:286:9
      at router.process_params (../m22-part3-route-writer/node_modules/express/lib/router/index.js:346:12)
      at next (../m22-part3-route-writer/node_modules/express/lib/router/index.js:280:10)
      at next (src/scheduling/recommendationHttpBoundary.js:241:25)
      at onfinished (../m22-part3-route-writer/node_modules/body-parser/lib/read.js:102:9)
      at listener (../m22-part3-route-writer/node_modules/on-finished/index.js:170:15)
      at onFinish (../m22-part3-route-writer/node_modules/on-finished/index.js:101:5)
      at callback (../m22-part3-route-writer/node_modules/ee-first/index.js:55:10)
      at IncomingMessage.onevent (../m22-part3-route-writer/node_modules/ee-first/index.js:93:5)

  console.info
    {
      component: 'http',
      event: 'request_completed',
      requestId: '521872be-324d-4ace-a8f2-010274a81f80',
      methodClass: 'POST',
      durationMs: 62,
      statusCode: 200
    }

      at write (src/observability/safeLogger.js:178:17)

  console.error
    {
      component: 'http',
      event: 'request_failed',
      requestId: 'b827cf80-de4a-4483-a094-fca1dbd930aa',
      methodClass: 'POST',
      statusCode: 413
    }

      176 |     ...safeFields(fields),
      177 |   };
    > 178 |   console[level](record);
          |                 ^
      179 |   return record;
      180 | }
      181 |

      at write (src/observability/safeLogger.js:178:17)
      at Object.write (src/observability/safeLogger.js:191:10)
      at error (src/middleware/errorHandler.js:22:14)
      at Layer.handle_error (../m22-part3-route-writer/node_modules/express/lib/router/layer.js:71:5)
      at trim_prefix (../m22-part3-route-writer/node_modules/express/lib/router/index.js:326:13)
      at ../m22-part3-route-writer/node_modules/express/lib/router/index.js:286:9
      at router.process_params (../m22-part3-route-writer/node_modules/express/lib/router/index.js:346:12)
      at next (../m22-part3-route-writer/node_modules/express/lib/router/index.js:280:10)
      at Layer.handle_error (../m22-part3-route-writer/node_modules/express/lib/router/layer.js:67:12)
      at trim_prefix (../m22-part3-route-writer/node_modules/express/lib/router/index.js:326:13)
      at ../m22-part3-route-writer/node_modules/express/lib/router/index.js:286:9
      at router.process_params (../m22-part3-route-writer/node_modules/express/lib/router/index.js:346:12)
      at next (../m22-part3-route-writer/node_modules/express/lib/router/index.js:280:10)
      at Layer.handle_error (../m22-part3-route-writer/node_modules/express/lib/router/layer.js:67:12)
      at trim_prefix (../m22-part3-route-writer/node_modules/express/lib/router/index.js:326:13)
      at ../m22-part3-route-writer/node_modules/express/lib/router/index.js:286:9
      at router.process_params (../m22-part3-route-writer/node_modules/express/lib/router/index.js:346:12)
      at next (../m22-part3-route-writer/node_modules/express/lib/router/index.js:280:10)
      at Layer.handle_error (../m22-part3-route-writer/node_modules/express/lib/router/layer.js:67:12)
      at trim_prefix (../m22-part3-route-writer/node_modules/express/lib/router/index.js:326:13)
      at ../m22-part3-route-writer/node_modules/express/lib/router/index.js:286:9
      at router.process_params (../m22-part3-route-writer/node_modules/express/lib/router/index.js:346:12)
      at next (../m22-part3-route-writer/node_modules/express/lib/router/index.js:280:10)
      at Layer.handle_error (../m22-part3-route-writer/node_modules/express/lib/router/layer.js:67:12)
      at trim_prefix (../m22-part3-route-writer/node_modules/express/lib/router/index.js:326:13)
      at ../m22-part3-route-writer/node_modules/express/lib/router/index.js:286:9
      at router.process_params (../m22-part3-route-writer/node_modules/express/lib/router/index.js:346:12)
      at next (../m22-part3-route-writer/node_modules/express/lib/router/index.js:280:10)
      at Layer.handle_error (../m22-part3-route-writer/node_modules/express/lib/router/layer.js:67:12)
      at trim_prefix (../m22-part3-route-writer/node_modules/express/lib/router/index.js:326:13)
      at ../m22-part3-route-writer/node_modules/express/lib/router/index.js:286:9
      at router.process_params (../m22-part3-route-writer/node_modules/express/lib/router/index.js:346:12)
      at next (../m22-part3-route-writer/node_modules/express/lib/router/index.js:280:10)
      at Layer.handle_error (../m22-part3-route-writer/node_modules/express/lib/router/layer.js:67:12)
      at trim_prefix (../m22-part3-route-writer/node_modules/express/lib/router/index.js:326:13)
      at ../m22-part3-route-writer/node_modules/express/lib/router/index.js:286:9
      at router.process_params (../m22-part3-route-writer/node_modules/express/lib/router/index.js:346:12)
      at next (../m22-part3-route-writer/node_modules/express/lib/router/index.js:280:10)
      at Layer.handle_error (../m22-part3-route-writer/node_modules/express/lib/router/layer.js:67:12)
      at trim_prefix (../m22-part3-route-writer/node_modules/express/lib/router/index.js:326:13)
      at ../m22-part3-route-writer/node_modules/express/lib/router/index.js:286:9
      at router.process_params (../m22-part3-route-writer/node_modules/express/lib/router/index.js:346:12)
      at next (../m22-part3-route-writer/node_modules/express/lib/router/index.js:280:10)
      at Layer.handle_error (../m22-part3-route-writer/node_modules/express/lib/router/layer.js:67:12)
      at trim_prefix (../m22-part3-route-writer/node_modules/express/lib/router/index.js:326:13)
      at ../m22-part3-route-writer/node_modules/express/lib/router/index.js:286:9
      at router.process_params (../m22-part3-route-writer/node_modules/express/lib/router/index.js:346:12)
      at next (../m22-part3-route-writer/node_modules/express/lib/router/index.js:280:10)
      at Layer.handle_error (../m22-part3-route-writer/node_modules/express/lib/router/layer.js:67:12)
      at trim_prefix (../m22-part3-route-writer/node_modules/express/lib/router/index.js:326:13)
      at ../m22-part3-route-writer/node_modules/express/lib/router/index.js:286:9
      at router.process_params (../m22-part3-route-writer/node_modules/express/lib/router/index.js:346:12)
      at next (../m22-part3-route-writer/node_modules/express/lib/router/index.js:280:10)
      at Layer.handle_error (../m22-part3-route-writer/node_modules/express/lib/router/layer.js:67:12)
      at trim_prefix (../m22-part3-route-writer/node_modules/express/lib/router/index.js:326:13)
      at ../m22-part3-route-writer/node_modules/express/lib/router/index.js:286:9
      at router.process_params (../m22-part3-route-writer/node_modules/express/lib/router/index.js:346:12)
      at next (../m22-part3-route-writer/node_modules/express/lib/router/index.js:280:10)
      at Layer.handle_error (../m22-part3-route-writer/node_modules/express/lib/router/layer.js:67:12)
      at trim_prefix (../m22-part3-route-writer/node_modules/express/lib/router/index.js:326:13)
      at ../m22-part3-route-writer/node_modules/express/lib/router/index.js:286:9
      at router.process_params (../m22-part3-route-writer/node_modules/express/lib/router/index.js:346:12)
      at next (../m22-part3-route-writer/node_modules/express/lib/router/index.js:280:10)
      at Layer.handle_error (../m22-part3-route-writer/node_modules/express/lib/router/layer.js:67:12)
      at trim_prefix (../m22-part3-route-writer/node_modules/express/lib/router/index.js:326:13)
      at ../m22-part3-route-writer/node_modules/express/lib/router/index.js:286:9
      at router.process_params (../m22-part3-route-writer/node_modules/express/lib/router/index.js:346:12)
      at next (../m22-part3-route-writer/node_modules/express/lib/router/index.js:280:10)
      at Layer.handle_error (../m22-part3-route-writer/node_modules/express/lib/router/layer.js:67:12)
      at trim_prefix (../m22-part3-route-writer/node_modules/express/lib/router/index.js:326:13)
      at ../m22-part3-route-writer/node_modules/express/lib/router/index.js:286:9
      at router.process_params (../m22-part3-route-writer/node_modules/express/lib/router/index.js:346:12)
      at next (../m22-part3-route-writer/node_modules/express/lib/router/index.js:280:10)
      at next (src/scheduling/recommendationHttpBoundary.js:241:25)
      at onfinished (../m22-part3-route-writer/node_modules/body-parser/lib/read.js:102:9)
      at listener (../m22-part3-route-writer/node_modules/on-finished/index.js:170:15)
      at onFinish (../m22-part3-route-writer/node_modules/on-finished/index.js:101:5)
      at callback (../m22-part3-route-writer/node_modules/ee-first/index.js:55:10)
      at IncomingMessage.onevent (../m22-part3-route-writer/node_modules/ee-first/index.js:93:5)

  console.error
    {
      component: 'http',
      event: 'request_failed',
      requestId: 'aa7cf3fc-3ce3-447b-bea3-56fd94a6d452',
      methodClass: 'POST',
      statusCode: 400
    }

      176 |     ...safeFields(fields),
      177 |   };
    > 178 |   console[level](record);
          |                 ^
      179 |   return record;
      180 | }
      181 |

      at write (src/observability/safeLogger.js:178:17)
      at Object.write (src/observability/safeLogger.js:191:10)
      at error (src/middleware/errorHandler.js:22:14)
      at Layer.handle_error (../m22-part3-route-writer/node_modules/express/lib/router/layer.js:71:5)
      at trim_prefix (../m22-part3-route-writer/node_modules/express/lib/router/index.js:326:13)
      at ../m22-part3-route-writer/node_modules/express/lib/router/index.js:286:9
      at router.process_params (../m22-part3-route-writer/node_modules/express/lib/router/index.js:346:12)
      at next (../m22-part3-route-writer/node_modules/express/lib/router/index.js:280:10)
      at Layer.handle_error (../m22-part3-route-writer/node_modules/express/lib/router/layer.js:67:12)
      at trim_prefix (../m22-part3-route-writer/node_modules/express/lib/router/index.js:326:13)
      at ../m22-part3-route-writer/node_modules/express/lib/router/index.js:286:9
      at router.process_params (../m22-part3-route-writer/node_modules/express/lib/router/index.js:346:12)
      at next (../m22-part3-route-writer/node_modules/express/lib/router/index.js:280:10)
      at Layer.handle_error (../m22-part3-route-writer/node_modules/express/lib/router/layer.js:67:12)
      at trim_prefix (../m22-part3-route-writer/node_modules/express/lib/router/index.js:326:13)
      at ../m22-part3-route-writer/node_modules/express/lib/router/index.js:286:9
      at router.process_params (../m22-part3-route-writer/node_modules/express/lib/router/index.js:346:12)
      at next (../m22-part3-route-writer/node_modules/express/lib/router/index.js:280:10)
      at Layer.handle_error (../m22-part3-route-writer/node_modules/express/lib/router/layer.js:67:12)
      at trim_prefix (../m22-part3-route-writer/node_modules/express/lib/router/index.js:326:13)
      at ../m22-part3-route-writer/node_modules/express/lib/router/index.js:286:9
      at router.process_params (../m22-part3-route-writer/node_modules/express/lib/router/index.js:346:12)
      at next (../m22-part3-route-writer/node_modules/express/lib/router/index.js:280:10)
      at Layer.handle_error (../m22-part3-route-writer/node_modules/express/lib/router/layer.js:67:12)
      at trim_prefix (../m22-part3-route-writer/node_modules/express/lib/router/index.js:326:13)
      at ../m22-part3-route-writer/node_modules/express/lib/router/index.js:286:9
      at router.process_params (../m22-part3-route-writer/node_modules/express/lib/router/index.js:346:12)
      at next (../m22-part3-route-writer/node_modules/express/lib/router/index.js:280:10)
      at Layer.handle_error (../m22-part3-route-writer/node_modules/express/lib/router/layer.js:67:12)
      at trim_prefix (../m22-part3-route-writer/node_modules/express/lib/router/index.js:326:13)
      at ../m22-part3-route-writer/node_modules/express/lib/router/index.js:286:9
      at router.process_params (../m22-part3-route-writer/node_modules/express/lib/router/index.js:346:12)
      at next (../m22-part3-route-writer/node_modules/express/lib/router/index.js:280:10)
      at Layer.handle_error (../m22-part3-route-writer/node_modules/express/lib/router/layer.js:67:12)
      at trim_prefix (../m22-part3-route-writer/node_modules/express/lib/router/index.js:326:13)
      at ../m22-part3-route-writer/node_modules/express/lib/router/index.js:286:9
      at router.process_params (../m22-part3-route-writer/node_modules/express/lib/router/index.js:346:12)
      at next (../m22-part3-route-writer/node_modules/express/lib/router/index.js:280:10)
      at Layer.handle_error (../m22-part3-route-writer/node_modules/express/lib/router/layer.js:67:12)
      at trim_prefix (../m22-part3-route-writer/node_modules/express/lib/router/index.js:326:13)
      at ../m22-part3-route-writer/node_modules/express/lib/router/index.js:286:9
      at router.process_params (../m22-part3-route-writer/node_modules/express/lib/router/index.js:346:12)
      at next (../m22-part3-route-writer/node_modules/express/lib/router/index.js:280:10)
      at Layer.handle_error (../m22-part3-route-writer/node_modules/express/lib/router/layer.js:67:12)
      at trim_prefix (../m22-part3-route-writer/node_modules/express/lib/router/index.js:326:13)
      at ../m22-part3-route-writer/node_modules/express/lib/router/index.js:286:9
      at router.process_params (../m22-part3-route-writer/node_modules/express/lib/router/index.js:346:12)
      at next (../m22-part3-route-writer/node_modules/express/lib/router/index.js:280:10)
      at Layer.handle_error (../m22-part3-route-writer/node_modules/express/lib/router/layer.js:67:12)
      at trim_prefix (../m22-part3-route-writer/node_modules/express/lib/router/index.js:326:13)
      at ../m22-part3-route-writer/node_modules/express/lib/router/index.js:286:9
      at router.process_params (../m22-part3-route-writer/node_modules/express/lib/router/index.js:346:12)
      at next (../m22-part3-route-writer/node_modules/express/lib/router/index.js:280:10)
      at Layer.handle_error (../m22-part3-route-writer/node_modules/express/lib/router/layer.js:67:12)
      at trim_prefix (../m22-part3-route-writer/node_modules/express/lib/router/index.js:326:13)
      at ../m22-part3-route-writer/node_modules/express/lib/router/index.js:286:9
      at router.process_params (../m22-part3-route-writer/node_modules/express/lib/router/index.js:346:12)
      at next (../m22-part3-route-writer/node_modules/express/lib/router/index.js:280:10)
      at Layer.handle_error (../m22-part3-route-writer/node_modules/express/lib/router/layer.js:67:12)
      at trim_prefix (../m22-part3-route-writer/node_modules/express/lib/router/index.js:326:13)
      at ../m22-part3-route-writer/node_modules/express/lib/router/index.js:286:9
      at router.process_params (../m22-part3-route-writer/node_modules/express/lib/router/index.js:346:12)
      at next (../m22-part3-route-writer/node_modules/express/lib/router/index.js:280:10)
      at Layer.handle_error (../m22-part3-route-writer/node_modules/express/lib/router/layer.js:67:12)
      at trim_prefix (../m22-part3-route-writer/node_modules/express/lib/router/index.js:326:13)
      at ../m22-part3-route-writer/node_modules/express/lib/router/index.js:286:9
      at router.process_params (../m22-part3-route-writer/node_modules/express/lib/router/index.js:346:12)
      at next (../m22-part3-route-writer/node_modules/express/lib/router/index.js:280:10)
      at Layer.handle_error (../m22-part3-route-writer/node_modules/express/lib/router/layer.js:67:12)
      at trim_prefix (../m22-part3-route-writer/node_modules/express/lib/router/index.js:326:13)
      at ../m22-part3-route-writer/node_modules/express/lib/router/index.js:286:9
      at router.process_params (../m22-part3-route-writer/node_modules/express/lib/router/index.js:346:12)
      at next (../m22-part3-route-writer/node_modules/express/lib/router/index.js:280:10)
      at next (src/scheduling/recommendationHttpBoundary.js:255:16)
      at ../m22-part3-route-writer/node_modules/body-parser/lib/read.js:137:5
      at invokeCallback (../m22-part3-route-writer/node_modules/raw-body/index.js:238:16)
      at done (../m22-part3-route-writer/node_modules/raw-body/index.js:227:7)
      at IncomingMessage.onEnd (../m22-part3-route-writer/node_modules/raw-body/index.js:287:7)

  console.error
    {
      component: 'http',
      event: 'request_failed',
      requestId: '9cb6b04b-b525-44e0-8532-057e72a16f89',
      methodClass: 'POST',
      statusCode: 400
    }

      176 |     ...safeFields(fields),
      177 |   };
    > 178 |   console[level](record);
          |                 ^
      179 |   return record;
      180 | }
      181 |

      at write (src/observability/safeLogger.js:178:17)
      at Object.write (src/observability/safeLogger.js:191:10)
      at error (src/middleware/errorHandler.js:22:14)
      at Layer.handle_error (../m22-part3-route-writer/node_modules/express/lib/router/layer.js:71:5)
      at trim_prefix (../m22-part3-route-writer/node_modules/express/lib/router/index.js:326:13)
      at ../m22-part3-route-writer/node_modules/express/lib/router/index.js:286:9
      at router.process_params (../m22-part3-route-writer/node_modules/express/lib/router/index.js:346:12)
      at next (../m22-part3-route-writer/node_modules/express/lib/router/index.js:280:10)
      at Layer.handle_error (../m22-part3-route-writer/node_modules/express/lib/router/layer.js:67:12)
      at trim_prefix (../m22-part3-route-writer/node_modules/express/lib/router/index.js:326:13)
      at ../m22-part3-route-writer/node_modules/express/lib/router/index.js:286:9
      at router.process_params (../m22-part3-route-writer/node_modules/express/lib/router/index.js:346:12)
      at next (../m22-part3-route-writer/node_modules/express/lib/router/index.js:280:10)
      at Layer.handle_error (../m22-part3-route-writer/node_modules/express/lib/router/layer.js:67:12)
      at trim_prefix (../m22-part3-route-writer/node_modules/express/lib/router/index.js:326:13)
      at ../m22-part3-route-writer/node_modules/express/lib/router/index.js:286:9
      at router.process_params (../m22-part3-route-writer/node_modules/express/lib/router/index.js:346:12)
      at next (../m22-part3-route-writer/node_modules/express/lib/router/index.js:280:10)
      at Layer.handle_error (../m22-part3-route-writer/node_modules/express/lib/router/layer.js:67:12)
      at trim_prefix (../m22-part3-route-writer/node_modules/express/lib/router/index.js:326:13)
      at ../m22-part3-route-writer/node_modules/express/lib/router/index.js:286:9
      at router.process_params (../m22-part3-route-writer/node_modules/express/lib/router/index.js:346:12)
      at next (../m22-part3-route-writer/node_modules/express/lib/router/index.js:280:10)
      at Layer.handle_error (../m22-part3-route-writer/node_modules/express/lib/router/layer.js:67:12)
      at trim_prefix (../m22-part3-route-writer/node_modules/express/lib/router/index.js:326:13)
      at ../m22-part3-route-writer/node_modules/express/lib/router/index.js:286:9
      at router.process_params (../m22-part3-route-writer/node_modules/express/lib/router/index.js:346:12)
      at next (../m22-part3-route-writer/node_modules/express/lib/router/index.js:280:10)
      at Layer.handle_error (../m22-part3-route-writer/node_modules/express/lib/router/layer.js:67:12)
      at trim_prefix (../m22-part3-route-writer/node_modules/express/lib/router/index.js:326:13)
      at ../m22-part3-route-writer/node_modules/express/lib/router/index.js:286:9
      at router.process_params (../m22-part3-route-writer/node_modules/express/lib/router/index.js:346:12)
      at next (../m22-part3-route-writer/node_modules/express/lib/router/index.js:280:10)
      at Layer.handle_error (../m22-part3-route-writer/node_modules/express/lib/router/layer.js:67:12)
      at trim_prefix (../m22-part3-route-writer/node_modules/express/lib/router/index.js:326:13)
      at ../m22-part3-route-writer/node_modules/express/lib/router/index.js:286:9
      at router.process_params (../m22-part3-route-writer/node_modules/express/lib/router/index.js:346:12)
      at next (../m22-part3-route-writer/node_modules/express/lib/router/index.js:280:10)
      at Layer.handle_error (../m22-part3-route-writer/node_modules/express/lib/router/layer.js:67:12)
      at trim_prefix (../m22-part3-route-writer/node_modules/express/lib/router/index.js:326:13)
      at ../m22-part3-route-writer/node_modules/express/lib/router/index.js:286:9
      at router.process_params (../m22-part3-route-writer/node_modules/express/lib/router/index.js:346:12)
      at next (../m22-part3-route-writer/node_modules/express/lib/router/index.js:280:10)
      at Layer.handle_error (../m22-part3-route-writer/node_modules/express/lib/router/layer.js:67:12)
      at trim_prefix (../m22-part3-route-writer/node_modules/express/lib/router/index.js:326:13)
      at ../m22-part3-route-writer/node_modules/express/lib/router/index.js:286:9
      at router.process_params (../m22-part3-route-writer/node_modules/express/lib/router/index.js:346:12)
      at next (../m22-part3-route-writer/node_modules/express/lib/router/index.js:280:10)
      at Layer.handle_error (../m22-part3-route-writer/node_modules/express/lib/router/layer.js:67:12)
      at trim_prefix (../m22-part3-route-writer/node_modules/express/lib/router/index.js:326:13)
      at ../m22-part3-route-writer/node_modules/express/lib/router/index.js:286:9
      at router.process_params (../m22-part3-route-writer/node_modules/express/lib/router/index.js:346:12)
      at next (../m22-part3-route-writer/node_modules/express/lib/router/index.js:280:10)
      at Layer.handle_error (../m22-part3-route-writer/node_modules/express/lib/router/layer.js:67:12)
      at trim_prefix (../m22-part3-route-writer/node_modules/express/lib/router/index.js:326:13)
      at ../m22-part3-route-writer/node_modules/express/lib/router/index.js:286:9
      at router.process_params (../m22-part3-route-writer/node_modules/express/lib/router/index.js:346:12)
      at next (../m22-part3-route-writer/node_modules/express/lib/router/index.js:280:10)
      at Layer.handle_error (../m22-part3-route-writer/node_modules/express/lib/router/layer.js:67:12)
      at trim_prefix (../m22-part3-route-writer/node_modules/express/lib/router/index.js:326:13)
      at ../m22-part3-route-writer/node_modules/express/lib/router/index.js:286:9
      at router.process_params (../m22-part3-route-writer/node_modules/express/lib/router/index.js:346:12)
      at next (../m22-part3-route-writer/node_modules/express/lib/router/index.js:280:10)
      at Layer.handle_error (../m22-part3-route-writer/node_modules/express/lib/router/layer.js:67:12)
      at trim_prefix (../m22-part3-route-writer/node_modules/express/lib/router/index.js:326:13)
      at ../m22-part3-route-writer/node_modules/express/lib/router/index.js:286:9
      at router.process_params (../m22-part3-route-writer/node_modules/express/lib/router/index.js:346:12)
      at next (../m22-part3-route-writer/node_modules/express/lib/router/index.js:280:10)
      at Layer.handle_error (../m22-part3-route-writer/node_modules/express/lib/router/layer.js:67:12)
      at trim_prefix (../m22-part3-route-writer/node_modules/express/lib/router/index.js:326:13)
      at ../m22-part3-route-writer/node_modules/express/lib/router/index.js:286:9
      at router.process_params (../m22-part3-route-writer/node_modules/express/lib/router/index.js:346:12)
      at next (../m22-part3-route-writer/node_modules/express/lib/router/index.js:280:10)
      at next (src/scheduling/recommendationHttpBoundary.js:255:16)
      at ../m22-part3-route-writer/node_modules/body-parser/lib/read.js:137:5
      at invokeCallback (../m22-part3-route-writer/node_modules/raw-body/index.js:238:16)
      at done (../m22-part3-route-writer/node_modules/raw-body/index.js:227:7)
      at IncomingMessage.onEnd (../m22-part3-route-writer/node_modules/raw-body/index.js:287:7)

  console.error
    {
      component: 'http',
      event: 'request_failed',
      requestId: '048bcd4e-119e-4c7c-9af1-8401144e68fb',
      methodClass: 'POST',
      statusCode: 400
    }

      176 |     ...safeFields(fields),
      177 |   };
    > 178 |   console[level](record);
          |                 ^
      179 |   return record;
      180 | }
      181 |

      at write (src/observability/safeLogger.js:178:17)
      at Object.write (src/observability/safeLogger.js:191:10)
      at error (src/middleware/errorHandler.js:22:14)
      at Layer.handle_error (../m22-part3-route-writer/node_modules/express/lib/router/layer.js:71:5)
      at trim_prefix (../m22-part3-route-writer/node_modules/express/lib/router/index.js:326:13)
      at ../m22-part3-route-writer/node_modules/express/lib/router/index.js:286:9
      at router.process_params (../m22-part3-route-writer/node_modules/express/lib/router/index.js:346:12)
      at next (../m22-part3-route-writer/node_modules/express/lib/router/index.js:280:10)
      at Layer.handle_error (../m22-part3-route-writer/node_modules/express/lib/router/layer.js:67:12)
      at trim_prefix (../m22-part3-route-writer/node_modules/express/lib/router/index.js:326:13)
      at ../m22-part3-route-writer/node_modules/express/lib/router/index.js:286:9
      at router.process_params (../m22-part3-route-writer/node_modules/express/lib/router/index.js:346:12)
      at next (../m22-part3-route-writer/node_modules/express/lib/router/index.js:280:10)
      at Layer.handle_error (../m22-part3-route-writer/node_modules/express/lib/router/layer.js:67:12)
      at trim_prefix (../m22-part3-route-writer/node_modules/express/lib/router/index.js:326:13)
      at ../m22-part3-route-writer/node_modules/express/lib/router/index.js:286:9
      at router.process_params (../m22-part3-route-writer/node_modules/express/lib/router/index.js:346:12)
      at next (../m22-part3-route-writer/node_modules/express/lib/router/index.js:280:10)
      at Layer.handle_error (../m22-part3-route-writer/node_modules/express/lib/router/layer.js:67:12)
      at trim_prefix (../m22-part3-route-writer/node_modules/express/lib/router/index.js:326:13)
      at ../m22-part3-route-writer/node_modules/express/lib/router/index.js:286:9
      at router.process_params (../m22-part3-route-writer/node_modules/express/lib/router/index.js:346:12)
      at next (../m22-part3-route-writer/node_modules/express/lib/router/index.js:280:10)
      at Layer.handle_error (../m22-part3-route-writer/node_modules/express/lib/router/layer.js:67:12)
      at trim_prefix (../m22-part3-route-writer/node_modules/express/lib/router/index.js:326:13)
      at ../m22-part3-route-writer/node_modules/express/lib/router/index.js:286:9
      at router.process_params (../m22-part3-route-writer/node_modules/express/lib/router/index.js:346:12)
      at next (../m22-part3-route-writer/node_modules/express/lib/router/index.js:280:10)
      at Layer.handle_error (../m22-part3-route-writer/node_modules/express/lib/router/layer.js:67:12)
      at trim_prefix (../m22-part3-route-writer/node_modules/express/lib/router/index.js:326:13)
      at ../m22-part3-route-writer/node_modules/express/lib/router/index.js:286:9
      at router.process_params (../m22-part3-route-writer/node_modules/express/lib/router/index.js:346:12)
      at next (../m22-part3-route-writer/node_modules/express/lib/router/index.js:280:10)
      at Layer.handle_error (../m22-part3-route-writer/node_modules/express/lib/router/layer.js:67:12)
      at trim_prefix (../m22-part3-route-writer/node_modules/express/lib/router/index.js:326:13)
      at ../m22-part3-route-writer/node_modules/express/lib/router/index.js:286:9
      at router.process_params (../m22-part3-route-writer/node_modules/express/lib/router/index.js:346:12)
      at next (../m22-part3-route-writer/node_modules/express/lib/router/index.js:280:10)
      at Layer.handle_error (../m22-part3-route-writer/node_modules/express/lib/router/layer.js:67:12)
      at trim_prefix (../m22-part3-route-writer/node_modules/express/lib/router/index.js:326:13)
      at ../m22-part3-route-writer/node_modules/express/lib/router/index.js:286:9
      at router.process_params (../m22-part3-route-writer/node_modules/express/lib/router/index.js:346:12)
      at next (../m22-part3-route-writer/node_modules/express/lib/router/index.js:280:10)
      at Layer.handle_error (../m22-part3-route-writer/node_modules/express/lib/router/layer.js:67:12)
      at trim_prefix (../m22-part3-route-writer/node_modules/express/lib/router/index.js:326:13)
      at ../m22-part3-route-writer/node_modules/express/lib/router/index.js:286:9
      at router.process_params (../m22-part3-route-writer/node_modules/express/lib/router/index.js:346:12)
      at next (../m22-part3-route-writer/node_modules/express/lib/router/index.js:280:10)
      at Layer.handle_error (../m22-part3-route-writer/node_modules/express/lib/router/layer.js:67:12)
      at trim_prefix (../m22-part3-route-writer/node_modules/express/lib/router/index.js:326:13)
      at ../m22-part3-route-writer/node_modules/express/lib/router/index.js:286:9
      at router.process_params (../m22-part3-route-writer/node_modules/express/lib/router/index.js:346:12)
      at next (../m22-part3-route-writer/node_modules/express/lib/router/index.js:280:10)
      at Layer.handle_error (../m22-part3-route-writer/node_modules/express/lib/router/layer.js:67:12)
      at trim_prefix (../m22-part3-route-writer/node_modules/express/lib/router/index.js:326:13)
      at ../m22-part3-route-writer/node_modules/express/lib/router/index.js:286:9
      at router.process_params (../m22-part3-route-writer/node_modules/express/lib/router/index.js:346:12)
      at next (../m22-part3-route-writer/node_modules/express/lib/router/index.js:280:10)
      at Layer.handle_error (../m22-part3-route-writer/node_modules/express/lib/router/layer.js:67:12)
      at trim_prefix (../m22-part3-route-writer/node_modules/express/lib/router/index.js:326:13)
      at ../m22-part3-route-writer/node_modules/express/lib/router/index.js:286:9
      at router.process_params (../m22-part3-route-writer/node_modules/express/lib/router/index.js:346:12)
      at next (../m22-part3-route-writer/node_modules/express/lib/router/index.js:280:10)
      at Layer.handle_error (../m22-part3-route-writer/node_modules/express/lib/router/layer.js:67:12)
      at trim_prefix (../m22-part3-route-writer/node_modules/express/lib/router/index.js:326:13)
      at ../m22-part3-route-writer/node_modules/express/lib/router/index.js:286:9
      at router.process_params (../m22-part3-route-writer/node_modules/express/lib/router/index.js:346:12)
      at next (../m22-part3-route-writer/node_modules/express/lib/router/index.js:280:10)
      at Layer.handle_error (../m22-part3-route-writer/node_modules/express/lib/router/layer.js:67:12)
      at trim_prefix (../m22-part3-route-writer/node_modules/express/lib/router/index.js:326:13)
      at ../m22-part3-route-writer/node_modules/express/lib/router/index.js:286:9
      at router.process_params (../m22-part3-route-writer/node_modules/express/lib/router/index.js:346:12)
      at next (../m22-part3-route-writer/node_modules/express/lib/router/index.js:280:10)
      at next (src/scheduling/recommendationHttpBoundary.js:255:16)
      at ../m22-part3-route-writer/node_modules/body-parser/lib/read.js:137:5
      at invokeCallback (../m22-part3-route-writer/node_modules/raw-body/index.js:238:16)
      at done (../m22-part3-route-writer/node_modules/raw-body/index.js:227:7)
      at IncomingMessage.onEnd (../m22-part3-route-writer/node_modules/raw-body/index.js:287:7)

  console.error
    {
      component: 'http',
      event: 'request_failed',
      requestId: '537182f6-20d1-4e4c-bafc-038af6cbfaff',
      methodClass: 'POST',
      statusCode: 400
    }

      176 |     ...safeFields(fields),
      177 |   };
    > 178 |   console[level](record);
          |                 ^
      179 |   return record;
      180 | }
      181 |

      at write (src/observability/safeLogger.js:178:17)
      at Object.write (src/observability/safeLogger.js:191:10)
      at error (src/middleware/errorHandler.js:22:14)
      at Layer.handle_error (../m22-part3-route-writer/node_modules/express/lib/router/layer.js:71:5)
      at trim_prefix (../m22-part3-route-writer/node_modules/express/lib/router/index.js:326:13)
      at ../m22-part3-route-writer/node_modules/express/lib/router/index.js:286:9
      at router.process_params (../m22-part3-route-writer/node_modules/express/lib/router/index.js:346:12)
      at next (../m22-part3-route-writer/node_modules/express/lib/router/index.js:280:10)
      at Layer.handle_error (../m22-part3-route-writer/node_modules/express/lib/router/layer.js:67:12)
      at trim_prefix (../m22-part3-route-writer/node_modules/express/lib/router/index.js:326:13)
      at ../m22-part3-route-writer/node_modules/express/lib/router/index.js:286:9
      at router.process_params (../m22-part3-route-writer/node_modules/express/lib/router/index.js:346:12)
      at next (../m22-part3-route-writer/node_modules/express/lib/router/index.js:280:10)
      at Layer.handle_error (../m22-part3-route-writer/node_modules/express/lib/router/layer.js:67:12)
      at trim_prefix (../m22-part3-route-writer/node_modules/express/lib/router/index.js:326:13)
      at ../m22-part3-route-writer/node_modules/express/lib/router/index.js:286:9
      at router.process_params (../m22-part3-route-writer/node_modules/express/lib/router/index.js:346:12)
      at next (../m22-part3-route-writer/node_modules/express/lib/router/index.js:280:10)
      at Layer.handle_error (../m22-part3-route-writer/node_modules/express/lib/router/layer.js:67:12)
      at trim_prefix (../m22-part3-route-writer/node_modules/express/lib/router/index.js:326:13)
      at ../m22-part3-route-writer/node_modules/express/lib/router/index.js:286:9
      at router.process_params (../m22-part3-route-writer/node_modules/express/lib/router/index.js:346:12)
      at next (../m22-part3-route-writer/node_modules/express/lib/router/index.js:280:10)
      at Layer.handle_error (../m22-part3-route-writer/node_modules/express/lib/router/layer.js:67:12)
      at trim_prefix (../m22-part3-route-writer/node_modules/express/lib/router/index.js:326:13)
      at ../m22-part3-route-writer/node_modules/express/lib/router/index.js:286:9
      at router.process_params (../m22-part3-route-writer/node_modules/express/lib/router/index.js:346:12)
      at next (../m22-part3-route-writer/node_modules/express/lib/router/index.js:280:10)
      at Layer.handle_error (../m22-part3-route-writer/node_modules/express/lib/router/layer.js:67:12)
      at trim_prefix (../m22-part3-route-writer/node_modules/express/lib/router/index.js:326:13)
      at ../m22-part3-route-writer/node_modules/express/lib/router/index.js:286:9
      at router.process_params (../m22-part3-route-writer/node_modules/express/lib/router/index.js:346:12)
      at next (../m22-part3-route-writer/node_modules/express/lib/router/index.js:280:10)
      at Layer.handle_error (../m22-part3-route-writer/node_modules/express/lib/router/layer.js:67:12)
      at trim_prefix (../m22-part3-route-writer/node_modules/express/lib/router/index.js:326:13)
      at ../m22-part3-route-writer/node_modules/express/lib/router/index.js:286:9
      at router.process_params (../m22-part3-route-writer/node_modules/express/lib/router/index.js:346:12)
      at next (../m22-part3-route-writer/node_modules/express/lib/router/index.js:280:10)
      at Layer.handle_error (../m22-part3-route-writer/node_modules/express/lib/router/layer.js:67:12)
      at trim_prefix (../m22-part3-route-writer/node_modules/express/lib/router/index.js:326:13)
      at ../m22-part3-route-writer/node_modules/express/lib/router/index.js:286:9
      at router.process_params (../m22-part3-route-writer/node_modules/express/lib/router/index.js:346:12)
      at next (../m22-part3-route-writer/node_modules/express/lib/router/index.js:280:10)
      at Layer.handle_error (../m22-part3-route-writer/node_modules/express/lib/router/layer.js:67:12)
      at trim_prefix (../m22-part3-route-writer/node_modules/express/lib/router/index.js:326:13)
      at ../m22-part3-route-writer/node_modules/express/lib/router/index.js:286:9
      at router.process_params (../m22-part3-route-writer/node_modules/express/lib/router/index.js:346:12)
      at next (../m22-part3-route-writer/node_modules/express/lib/router/index.js:280:10)
      at Layer.handle_error (../m22-part3-route-writer/node_modules/express/lib/router/layer.js:67:12)
      at trim_prefix (../m22-part3-route-writer/node_modules/express/lib/router/index.js:326:13)
      at ../m22-part3-route-writer/node_modules/express/lib/router/index.js:286:9
      at router.process_params (../m22-part3-route-writer/node_modules/express/lib/router/index.js:346:12)
      at next (../m22-part3-route-writer/node_modules/express/lib/router/index.js:280:10)
      at Layer.handle_error (../m22-part3-route-writer/node_modules/express/lib/router/layer.js:67:12)
      at trim_prefix (../m22-part3-route-writer/node_modules/express/lib/router/index.js:326:13)
      at ../m22-part3-route-writer/node_modules/express/lib/router/index.js:286:9
      at router.process_params (../m22-part3-route-writer/node_modules/express/lib/router/index.js:346:12)
      at next (../m22-part3-route-writer/node_modules/express/lib/router/index.js:280:10)
      at Layer.handle_error (../m22-part3-route-writer/node_modules/express/lib/router/layer.js:67:12)
      at trim_prefix (../m22-part3-route-writer/node_modules/express/lib/router/index.js:326:13)
      at ../m22-part3-route-writer/node_modules/express/lib/router/index.js:286:9
      at router.process_params (../m22-part3-route-writer/node_modules/express/lib/router/index.js:346:12)
      at next (../m22-part3-route-writer/node_modules/express/lib/router/index.js:280:10)
      at Layer.handle_error (../m22-part3-route-writer/node_modules/express/lib/router/layer.js:67:12)
      at trim_prefix (../m22-part3-route-writer/node_modules/express/lib/router/index.js:326:13)
      at ../m22-part3-route-writer/node_modules/express/lib/router/index.js:286:9
      at router.process_params (../m22-part3-route-writer/node_modules/express/lib/router/index.js:346:12)
      at next (../m22-part3-route-writer/node_modules/express/lib/router/index.js:280:10)
      at Layer.handle_error (../m22-part3-route-writer/node_modules/express/lib/router/layer.js:67:12)
      at trim_prefix (../m22-part3-route-writer/node_modules/express/lib/router/index.js:326:13)
      at ../m22-part3-route-writer/node_modules/express/lib/router/index.js:286:9
      at router.process_params (../m22-part3-route-writer/node_modules/express/lib/router/index.js:346:12)
      at next (../m22-part3-route-writer/node_modules/express/lib/router/index.js:280:10)
      at next (src/scheduling/recommendationHttpBoundary.js:255:16)
      at ../m22-part3-route-writer/node_modules/body-parser/lib/read.js:137:5
      at invokeCallback (../m22-part3-route-writer/node_modules/raw-body/index.js:238:16)
      at done (../m22-part3-route-writer/node_modules/raw-body/index.js:227:7)
      at IncomingMessage.onEnd (../m22-part3-route-writer/node_modules/raw-body/index.js:287:7)

  console.error
    {
      component: 'http',
      event: 'request_failed',
      requestId: '923c996e-fe99-430d-bc5a-3c27d466d646',
      methodClass: 'POST',
      statusCode: 400
    }

      176 |     ...safeFields(fields),
      177 |   };
    > 178 |   console[level](record);
          |                 ^
      179 |   return record;
      180 | }
      181 |

      at write (src/observability/safeLogger.js:178:17)
      at Object.write (src/observability/safeLogger.js:191:10)
      at error (src/middleware/errorHandler.js:22:14)
      at Layer.handle_error (../m22-part3-route-writer/node_modules/express/lib/router/layer.js:71:5)
      at trim_prefix (../m22-part3-route-writer/node_modules/express/lib/router/index.js:326:13)
      at ../m22-part3-route-writer/node_modules/express/lib/router/index.js:286:9
      at router.process_params (../m22-part3-route-writer/node_modules/express/lib/router/index.js:346:12)
      at next (../m22-part3-route-writer/node_modules/express/lib/router/index.js:280:10)
      at Layer.handle_error (../m22-part3-route-writer/node_modules/express/lib/router/layer.js:67:12)
      at trim_prefix (../m22-part3-route-writer/node_modules/express/lib/router/index.js:326:13)
      at ../m22-part3-route-writer/node_modules/express/lib/router/index.js:286:9
      at router.process_params (../m22-part3-route-writer/node_modules/express/lib/router/index.js:346:12)
      at next (../m22-part3-route-writer/node_modules/express/lib/router/index.js:280:10)
      at Layer.handle_error (../m22-part3-route-writer/node_modules/express/lib/router/layer.js:67:12)
      at trim_prefix (../m22-part3-route-writer/node_modules/express/lib/router/index.js:326:13)
      at ../m22-part3-route-writer/node_modules/express/lib/router/index.js:286:9
      at router.process_params (../m22-part3-route-writer/node_modules/express/lib/router/index.js:346:12)
      at next (../m22-part3-route-writer/node_modules/express/lib/router/index.js:280:10)
      at Layer.handle_error (../m22-part3-route-writer/node_modules/express/lib/router/layer.js:67:12)
      at trim_prefix (../m22-part3-route-writer/node_modules/express/lib/router/index.js:326:13)
      at ../m22-part3-route-writer/node_modules/express/lib/router/index.js:286:9
      at router.process_params (../m22-part3-route-writer/node_modules/express/lib/router/index.js:346:12)
      at next (../m22-part3-route-writer/node_modules/express/lib/router/index.js:280:10)
      at Layer.handle_error (../m22-part3-route-writer/node_modules/express/lib/router/layer.js:67:12)
      at trim_prefix (../m22-part3-route-writer/node_modules/express/lib/router/index.js:326:13)
      at ../m22-part3-route-writer/node_modules/express/lib/router/index.js:286:9
      at router.process_params (../m22-part3-route-writer/node_modules/express/lib/router/index.js:346:12)
      at next (../m22-part3-route-writer/node_modules/express/lib/router/index.js:280:10)
      at Layer.handle_error (../m22-part3-route-writer/node_modules/express/lib/router/layer.js:67:12)
      at trim_prefix (../m22-part3-route-writer/node_modules/express/lib/router/index.js:326:13)
      at ../m22-part3-route-writer/node_modules/express/lib/router/index.js:286:9
      at router.process_params (../m22-part3-route-writer/node_modules/express/lib/router/index.js:346:12)
      at next (../m22-part3-route-writer/node_modules/express/lib/router/index.js:280:10)
      at Layer.handle_error (../m22-part3-route-writer/node_modules/express/lib/router/layer.js:67:12)
      at trim_prefix (../m22-part3-route-writer/node_modules/express/lib/router/index.js:326:13)
      at ../m22-part3-route-writer/node_modules/express/lib/router/index.js:286:9
      at router.process_params (../m22-part3-route-writer/node_modules/express/lib/router/index.js:346:12)
      at next (../m22-part3-route-writer/node_modules/express/lib/router/index.js:280:10)
      at Layer.handle_error (../m22-part3-route-writer/node_modules/express/lib/router/layer.js:67:12)
      at trim_prefix (../m22-part3-route-writer/node_modules/express/lib/router/index.js:326:13)
      at ../m22-part3-route-writer/node_modules/express/lib/router/index.js:286:9
      at router.process_params (../m22-part3-route-writer/node_modules/express/lib/router/index.js:346:12)
      at next (../m22-part3-route-writer/node_modules/express/lib/router/index.js:280:10)
      at Layer.handle_error (../m22-part3-route-writer/node_modules/express/lib/router/layer.js:67:12)
      at trim_prefix (../m22-part3-route-writer/node_modules/express/lib/router/index.js:326:13)
      at ../m22-part3-route-writer/node_modules/express/lib/router/index.js:286:9
      at router.process_params (../m22-part3-route-writer/node_modules/express/lib/router/index.js:346:12)
      at next (../m22-part3-route-writer/node_modules/express/lib/router/index.js:280:10)
      at Layer.handle_error (../m22-part3-route-writer/node_modules/express/lib/router/layer.js:67:12)
      at trim_prefix (../m22-part3-route-writer/node_modules/express/lib/router/index.js:326:13)
      at ../m22-part3-route-writer/node_modules/express/lib/router/index.js:286:9
      at router.process_params (../m22-part3-route-writer/node_modules/express/lib/router/index.js:346:12)
      at next (../m22-part3-route-writer/node_modules/express/lib/router/index.js:280:10)
      at Layer.handle_error (../m22-part3-route-writer/node_modules/express/lib/router/layer.js:67:12)
      at trim_prefix (../m22-part3-route-writer/node_modules/express/lib/router/index.js:326:13)
      at ../m22-part3-route-writer/node_modules/express/lib/router/index.js:286:9
      at router.process_params (../m22-part3-route-writer/node_modules/express/lib/router/index.js:346:12)
      at next (../m22-part3-route-writer/node_modules/express/lib/router/index.js:280:10)
      at Layer.handle_error (../m22-part3-route-writer/node_modules/express/lib/router/layer.js:67:12)
      at trim_prefix (../m22-part3-route-writer/node_modules/express/lib/router/index.js:326:13)
      at ../m22-part3-route-writer/node_modules/express/lib/router/index.js:286:9
      at router.process_params (../m22-part3-route-writer/node_modules/express/lib/router/index.js:346:12)
      at next (../m22-part3-route-writer/node_modules/express/lib/router/index.js:280:10)
      at Layer.handle_error (../m22-part3-route-writer/node_modules/express/lib/router/layer.js:67:12)
      at trim_prefix (../m22-part3-route-writer/node_modules/express/lib/router/index.js:326:13)
      at ../m22-part3-route-writer/node_modules/express/lib/router/index.js:286:9
      at router.process_params (../m22-part3-route-writer/node_modules/express/lib/router/index.js:346:12)
      at next (../m22-part3-route-writer/node_modules/express/lib/router/index.js:280:10)
      at Layer.handle_error (../m22-part3-route-writer/node_modules/express/lib/router/layer.js:67:12)
      at trim_prefix (../m22-part3-route-writer/node_modules/express/lib/router/index.js:326:13)
      at ../m22-part3-route-writer/node_modules/express/lib/router/index.js:286:9
      at router.process_params (../m22-part3-route-writer/node_modules/express/lib/router/index.js:346:12)
      at next (../m22-part3-route-writer/node_modules/express/lib/router/index.js:280:10)
      at next (src/scheduling/recommendationHttpBoundary.js:255:16)
      at ../m22-part3-route-writer/node_modules/body-parser/lib/read.js:137:5
      at invokeCallback (../m22-part3-route-writer/node_modules/raw-body/index.js:238:16)
      at done (../m22-part3-route-writer/node_modules/raw-body/index.js:227:7)
      at IncomingMessage.onEnd (../m22-part3-route-writer/node_modules/raw-body/index.js:287:7)

  console.error
    {
      component: 'http',
      event: 'request_failed',
      requestId: '14ec463f-4ea0-4cdd-aae9-e9b925dee973',
      methodClass: 'POST',
      statusCode: 400
    }

      176 |     ...safeFields(fields),
      177 |   };
    > 178 |   console[level](record);
          |                 ^
      179 |   return record;
      180 | }
      181 |

      at write (src/observability/safeLogger.js:178:17)
      at Object.write (src/observability/safeLogger.js:191:10)
      at error (src/middleware/errorHandler.js:22:14)
      at Layer.handle_error (../m22-part3-route-writer/node_modules/express/lib/router/layer.js:71:5)
      at trim_prefix (../m22-part3-route-writer/node_modules/express/lib/router/index.js:326:13)
      at ../m22-part3-route-writer/node_modules/express/lib/router/index.js:286:9
      at router.process_params (../m22-part3-route-writer/node_modules/express/lib/router/index.js:346:12)
      at next (../m22-part3-route-writer/node_modules/express/lib/router/index.js:280:10)
      at Layer.handle_error (../m22-part3-route-writer/node_modules/express/lib/router/layer.js:67:12)
      at trim_prefix (../m22-part3-route-writer/node_modules/express/lib/router/index.js:326:13)
      at ../m22-part3-route-writer/node_modules/express/lib/router/index.js:286:9
      at router.process_params (../m22-part3-route-writer/node_modules/express/lib/router/index.js:346:12)
      at next (../m22-part3-route-writer/node_modules/express/lib/router/index.js:280:10)
      at Layer.handle_error (../m22-part3-route-writer/node_modules/express/lib/router/layer.js:67:12)
      at trim_prefix (../m22-part3-route-writer/node_modules/express/lib/router/index.js:326:13)
      at ../m22-part3-route-writer/node_modules/express/lib/router/index.js:286:9
      at router.process_params (../m22-part3-route-writer/node_modules/express/lib/router/index.js:346:12)
      at next (../m22-part3-route-writer/node_modules/express/lib/router/index.js:280:10)
      at Layer.handle_error (../m22-part3-route-writer/node_modules/express/lib/router/layer.js:67:12)
      at trim_prefix (../m22-part3-route-writer/node_modules/express/lib/router/index.js:326:13)
      at ../m22-part3-route-writer/node_modules/express/lib/router/index.js:286:9
      at router.process_params (../m22-part3-route-writer/node_modules/express/lib/router/index.js:346:12)
      at next (../m22-part3-route-writer/node_modules/express/lib/router/index.js:280:10)
      at Layer.handle_error (../m22-part3-route-writer/node_modules/express/lib/router/layer.js:67:12)
      at trim_prefix (../m22-part3-route-writer/node_modules/express/lib/router/index.js:326:13)
      at ../m22-part3-route-writer/node_modules/express/lib/router/index.js:286:9
      at router.process_params (../m22-part3-route-writer/node_modules/express/lib/router/index.js:346:12)
      at next (../m22-part3-route-writer/node_modules/express/lib/router/index.js:280:10)
      at Layer.handle_error (../m22-part3-route-writer/node_modules/express/lib/router/layer.js:67:12)
      at trim_prefix (../m22-part3-route-writer/node_modules/express/lib/router/index.js:326:13)
      at ../m22-part3-route-writer/node_modules/express/lib/router/index.js:286:9
      at router.process_params (../m22-part3-route-writer/node_modules/express/lib/router/index.js:346:12)
      at next (../m22-part3-route-writer/node_modules/express/lib/router/index.js:280:10)
      at Layer.handle_error (../m22-part3-route-writer/node_modules/express/lib/router/layer.js:67:12)
      at trim_prefix (../m22-part3-route-writer/node_modules/express/lib/router/index.js:326:13)
      at ../m22-part3-route-writer/node_modules/express/lib/router/index.js:286:9
      at router.process_params (../m22-part3-route-writer/node_modules/express/lib/router/index.js:346:12)
      at next (../m22-part3-route-writer/node_modules/express/lib/router/index.js:280:10)
      at Layer.handle_error (../m22-part3-route-writer/node_modules/express/lib/router/layer.js:67:12)
      at trim_prefix (../m22-part3-route-writer/node_modules/express/lib/router/index.js:326:13)
      at ../m22-part3-route-writer/node_modules/express/lib/router/index.js:286:9
      at router.process_params (../m22-part3-route-writer/node_modules/express/lib/router/index.js:346:12)
      at next (../m22-part3-route-writer/node_modules/express/lib/router/index.js:280:10)
      at Layer.handle_error (../m22-part3-route-writer/node_modules/express/lib/router/layer.js:67:12)
      at trim_prefix (../m22-part3-route-writer/node_modules/express/lib/router/index.js:326:13)
      at ../m22-part3-route-writer/node_modules/express/lib/router/index.js:286:9
      at router.process_params (../m22-part3-route-writer/node_modules/express/lib/router/index.js:346:12)
      at next (../m22-part3-route-writer/node_modules/express/lib/router/index.js:280:10)
      at Layer.handle_error (../m22-part3-route-writer/node_modules/express/lib/router/layer.js:67:12)
      at trim_prefix (../m22-part3-route-writer/node_modules/express/lib/router/index.js:326:13)
      at ../m22-part3-route-writer/node_modules/express/lib/router/index.js:286:9
      at router.process_params (../m22-part3-route-writer/node_modules/express/lib/router/index.js:346:12)
      at next (../m22-part3-route-writer/node_modules/express/lib/router/index.js:280:10)
      at Layer.handle_error (../m22-part3-route-writer/node_modules/express/lib/router/layer.js:67:12)
      at trim_prefix (../m22-part3-route-writer/node_modules/express/lib/router/index.js:326:13)
      at ../m22-part3-route-writer/node_modules/express/lib/router/index.js:286:9
      at router.process_params (../m22-part3-route-writer/node_modules/express/lib/router/index.js:346:12)
      at next (../m22-part3-route-writer/node_modules/express/lib/router/index.js:280:10)
      at Layer.handle_error (../m22-part3-route-writer/node_modules/express/lib/router/layer.js:67:12)
      at trim_prefix (../m22-part3-route-writer/node_modules/express/lib/router/index.js:326:13)
      at ../m22-part3-route-writer/node_modules/express/lib/router/index.js:286:9
      at router.process_params (../m22-part3-route-writer/node_modules/express/lib/router/index.js:346:12)
      at next (../m22-part3-route-writer/node_modules/express/lib/router/index.js:280:10)
      at Layer.handle_error (../m22-part3-route-writer/node_modules/express/lib/router/layer.js:67:12)
      at trim_prefix (../m22-part3-route-writer/node_modules/express/lib/router/index.js:326:13)
      at ../m22-part3-route-writer/node_modules/express/lib/router/index.js:286:9
      at router.process_params (../m22-part3-route-writer/node_modules/express/lib/router/index.js:346:12)
      at next (../m22-part3-route-writer/node_modules/express/lib/router/index.js:280:10)
      at Layer.handle_error (../m22-part3-route-writer/node_modules/express/lib/router/layer.js:67:12)
      at trim_prefix (../m22-part3-route-writer/node_modules/express/lib/router/index.js:326:13)
      at ../m22-part3-route-writer/node_modules/express/lib/router/index.js:286:9
      at router.process_params (../m22-part3-route-writer/node_modules/express/lib/router/index.js:346:12)
      at next (../m22-part3-route-writer/node_modules/express/lib/router/index.js:280:10)
      at next (src/scheduling/recommendationHttpBoundary.js:255:16)
      at ../m22-part3-route-writer/node_modules/body-parser/lib/read.js:137:5
      at invokeCallback (../m22-part3-route-writer/node_modules/raw-body/index.js:238:16)
      at done (../m22-part3-route-writer/node_modules/raw-body/index.js:227:7)
      at IncomingMessage.onEnd (../m22-part3-route-writer/node_modules/raw-body/index.js:287:7)

  console.error
    {
      component: 'http',
      event: 'request_failed',
      requestId: 'acf78362-421e-4b4b-a7ea-33db7cd202a1',
      methodClass: 'POST',
      statusCode: 400
    }

      176 |     ...safeFields(fields),
      177 |   };
    > 178 |   console[level](record);
          |                 ^
      179 |   return record;
      180 | }
      181 |

      at write (src/observability/safeLogger.js:178:17)
      at Object.write (src/observability/safeLogger.js:191:10)
      at error (src/middleware/errorHandler.js:22:14)
      at Layer.handle_error (../m22-part3-route-writer/node_modules/express/lib/router/layer.js:71:5)
      at trim_prefix (../m22-part3-route-writer/node_modules/express/lib/router/index.js:326:13)
      at ../m22-part3-route-writer/node_modules/express/lib/router/index.js:286:9
      at router.process_params (../m22-part3-route-writer/node_modules/express/lib/router/index.js:346:12)
      at next (../m22-part3-route-writer/node_modules/express/lib/router/index.js:280:10)
      at Layer.handle_error (../m22-part3-route-writer/node_modules/express/lib/router/layer.js:67:12)
      at trim_prefix (../m22-part3-route-writer/node_modules/express/lib/router/index.js:326:13)
      at ../m22-part3-route-writer/node_modules/express/lib/router/index.js:286:9
      at router.process_params (../m22-part3-route-writer/node_modules/express/lib/router/index.js:346:12)
      at next (../m22-part3-route-writer/node_modules/express/lib/router/index.js:280:10)
      at Layer.handle_error (../m22-part3-route-writer/node_modules/express/lib/router/layer.js:67:12)
      at trim_prefix (../m22-part3-route-writer/node_modules/express/lib/router/index.js:326:13)
      at ../m22-part3-route-writer/node_modules/express/lib/router/index.js:286:9
      at router.process_params (../m22-part3-route-writer/node_modules/express/lib/router/index.js:346:12)
      at next (../m22-part3-route-writer/node_modules/express/lib/router/index.js:280:10)
      at Layer.handle_error (../m22-part3-route-writer/node_modules/express/lib/router/layer.js:67:12)
      at trim_prefix (../m22-part3-route-writer/node_modules/express/lib/router/index.js:326:13)
      at ../m22-part3-route-writer/node_modules/express/lib/router/index.js:286:9
      at router.process_params (../m22-part3-route-writer/node_modules/express/lib/router/index.js:346:12)
      at next (../m22-part3-route-writer/node_modules/express/lib/router/index.js:280:10)
      at Layer.handle_error (../m22-part3-route-writer/node_modules/express/lib/router/layer.js:67:12)
      at trim_prefix (../m22-part3-route-writer/node_modules/express/lib/router/index.js:326:13)
      at ../m22-part3-route-writer/node_modules/express/lib/router/index.js:286:9
      at router.process_params (../m22-part3-route-writer/node_modules/express/lib/router/index.js:346:12)
      at next (../m22-part3-route-writer/node_modules/express/lib/router/index.js:280:10)
      at Layer.handle_error (../m22-part3-route-writer/node_modules/express/lib/router/layer.js:67:12)
      at trim_prefix (../m22-part3-route-writer/node_modules/express/lib/router/index.js:326:13)
      at ../m22-part3-route-writer/node_modules/express/lib/router/index.js:286:9
      at router.process_params (../m22-part3-route-writer/node_modules/express/lib/router/index.js:346:12)
      at next (../m22-part3-route-writer/node_modules/express/lib/router/index.js:280:10)
      at Layer.handle_error (../m22-part3-route-writer/node_modules/express/lib/router/layer.js:67:12)
      at trim_prefix (../m22-part3-route-writer/node_modules/express/lib/router/index.js:326:13)
      at ../m22-part3-route-writer/node_modules/express/lib/router/index.js:286:9
      at router.process_params (../m22-part3-route-writer/node_modules/express/lib/router/index.js:346:12)
      at next (../m22-part3-route-writer/node_modules/express/lib/router/index.js:280:10)
      at Layer.handle_error (../m22-part3-route-writer/node_modules/express/lib/router/layer.js:67:12)
      at trim_prefix (../m22-part3-route-writer/node_modules/express/lib/router/index.js:326:13)
      at ../m22-part3-route-writer/node_modules/express/lib/router/index.js:286:9
      at router.process_params (../m22-part3-route-writer/node_modules/express/lib/router/index.js:346:12)
      at next (../m22-part3-route-writer/node_modules/express/lib/router/index.js:280:10)
      at Layer.handle_error (../m22-part3-route-writer/node_modules/express/lib/router/layer.js:67:12)
      at trim_prefix (../m22-part3-route-writer/node_modules/express/lib/router/index.js:326:13)
      at ../m22-part3-route-writer/node_modules/express/lib/router/index.js:286:9
      at router.process_params (../m22-part3-route-writer/node_modules/express/lib/router/index.js:346:12)
      at next (../m22-part3-route-writer/node_modules/express/lib/router/index.js:280:10)
      at Layer.handle_error (../m22-part3-route-writer/node_modules/express/lib/router/layer.js:67:12)
      at trim_prefix (../m22-part3-route-writer/node_modules/express/lib/router/index.js:326:13)
      at ../m22-part3-route-writer/node_modules/express/lib/router/index.js:286:9
      at router.process_params (../m22-part3-route-writer/node_modules/express/lib/router/index.js:346:12)
      at next (../m22-part3-route-writer/node_modules/express/lib/router/index.js:280:10)
      at Layer.handle_error (../m22-part3-route-writer/node_modules/express/lib/router/layer.js:67:12)
      at trim_prefix (../m22-part3-route-writer/node_modules/express/lib/router/index.js:326:13)
      at ../m22-part3-route-writer/node_modules/express/lib/router/index.js:286:9
      at router.process_params (../m22-part3-route-writer/node_modules/express/lib/router/index.js:346:12)
      at next (../m22-part3-route-writer/node_modules/express/lib/router/index.js:280:10)
      at Layer.handle_error (../m22-part3-route-writer/node_modules/express/lib/router/layer.js:67:12)
      at trim_prefix (../m22-part3-route-writer/node_modules/express/lib/router/index.js:326:13)
      at ../m22-part3-route-writer/node_modules/express/lib/router/index.js:286:9
      at router.process_params (../m22-part3-route-writer/node_modules/express/lib/router/index.js:346:12)
      at next (../m22-part3-route-writer/node_modules/express/lib/router/index.js:280:10)
      at Layer.handle_error (../m22-part3-route-writer/node_modules/express/lib/router/layer.js:67:12)
      at trim_prefix (../m22-part3-route-writer/node_modules/express/lib/router/index.js:326:13)
      at ../m22-part3-route-writer/node_modules/express/lib/router/index.js:286:9
      at router.process_params (../m22-part3-route-writer/node_modules/express/lib/router/index.js:346:12)
      at next (../m22-part3-route-writer/node_modules/express/lib/router/index.js:280:10)
      at Layer.handle_error (../m22-part3-route-writer/node_modules/express/lib/router/layer.js:67:12)
      at trim_prefix (../m22-part3-route-writer/node_modules/express/lib/router/index.js:326:13)
      at ../m22-part3-route-writer/node_modules/express/lib/router/index.js:286:9
      at router.process_params (../m22-part3-route-writer/node_modules/express/lib/router/index.js:346:12)
      at next (../m22-part3-route-writer/node_modules/express/lib/router/index.js:280:10)
      at next (src/scheduling/recommendationHttpBoundary.js:255:16)
      at ../m22-part3-route-writer/node_modules/body-parser/lib/read.js:137:5
      at invokeCallback (../m22-part3-route-writer/node_modules/raw-body/index.js:238:16)
      at done (../m22-part3-route-writer/node_modules/raw-body/index.js:227:7)
      at IncomingMessage.onEnd (../m22-part3-route-writer/node_modules/raw-body/index.js:287:7)

  console.error
    {
      component: 'http',
      event: 'request_failed',
      requestId: '1b1f7b1a-8131-4834-8dea-ed941fd45f79',
      methodClass: 'POST',
      statusCode: 400
    }

      176 |     ...safeFields(fields),
      177 |   };
    > 178 |   console[level](record);
          |                 ^
      179 |   return record;
      180 | }
      181 |

      at write (src/observability/safeLogger.js:178:17)
      at Object.write (src/observability/safeLogger.js:191:10)
      at error (src/middleware/errorHandler.js:22:14)
      at Layer.handle_error (../m22-part3-route-writer/node_modules/express/lib/router/layer.js:71:5)
      at trim_prefix (../m22-part3-route-writer/node_modules/express/lib/router/index.js:326:13)
      at ../m22-part3-route-writer/node_modules/express/lib/router/index.js:286:9
      at router.process_params (../m22-part3-route-writer/node_modules/express/lib/router/index.js:346:12)
      at next (../m22-part3-route-writer/node_modules/express/lib/router/index.js:280:10)
      at Layer.handle_error (../m22-part3-route-writer/node_modules/express/lib/router/layer.js:67:12)
      at trim_prefix (../m22-part3-route-writer/node_modules/express/lib/router/index.js:326:13)
      at ../m22-part3-route-writer/node_modules/express/lib/router/index.js:286:9
      at router.process_params (../m22-part3-route-writer/node_modules/express/lib/router/index.js:346:12)
      at next (../m22-part3-route-writer/node_modules/express/lib/router/index.js:280:10)
      at Layer.handle_error (../m22-part3-route-writer/node_modules/express/lib/router/layer.js:67:12)
      at trim_prefix (../m22-part3-route-writer/node_modules/express/lib/router/index.js:326:13)
      at ../m22-part3-route-writer/node_modules/express/lib/router/index.js:286:9
      at router.process_params (../m22-part3-route-writer/node_modules/express/lib/router/index.js:346:12)
      at next (../m22-part3-route-writer/node_modules/express/lib/router/index.js:280:10)
      at Layer.handle_error (../m22-part3-route-writer/node_modules/express/lib/router/layer.js:67:12)
      at trim_prefix (../m22-part3-route-writer/node_modules/express/lib/router/index.js:326:13)
      at ../m22-part3-route-writer/node_modules/express/lib/router/index.js:286:9
      at router.process_params (../m22-part3-route-writer/node_modules/express/lib/router/index.js:346:12)
      at next (../m22-part3-route-writer/node_modules/express/lib/router/index.js:280:10)
      at Layer.handle_error (../m22-part3-route-writer/node_modules/express/lib/router/layer.js:67:12)
      at trim_prefix (../m22-part3-route-writer/node_modules/express/lib/router/index.js:326:13)
      at ../m22-part3-route-writer/node_modules/express/lib/router/index.js:286:9
      at router.process_params (../m22-part3-route-writer/node_modules/express/lib/router/index.js:346:12)
      at next (../m22-part3-route-writer/node_modules/express/lib/router/index.js:280:10)
      at Layer.handle_error (../m22-part3-route-writer/node_modules/express/lib/router/layer.js:67:12)
      at trim_prefix (../m22-part3-route-writer/node_modules/express/lib/router/index.js:326:13)
      at ../m22-part3-route-writer/node_modules/express/lib/router/index.js:286:9
      at router.process_params (../m22-part3-route-writer/node_modules/express/lib/router/index.js:346:12)
      at next (../m22-part3-route-writer/node_modules/express/lib/router/index.js:280:10)
      at Layer.handle_error (../m22-part3-route-writer/node_modules/express/lib/router/layer.js:67:12)
      at trim_prefix (../m22-part3-route-writer/node_modules/express/lib/router/index.js:326:13)
      at ../m22-part3-route-writer/node_modules/express/lib/router/index.js:286:9
      at router.process_params (../m22-part3-route-writer/node_modules/express/lib/router/index.js:346:12)
      at next (../m22-part3-route-writer/node_modules/express/lib/router/index.js:280:10)
      at Layer.handle_error (../m22-part3-route-writer/node_modules/express/lib/router/layer.js:67:12)
      at trim_prefix (../m22-part3-route-writer/node_modules/express/lib/router/index.js:326:13)
      at ../m22-part3-route-writer/node_modules/express/lib/router/index.js:286:9
      at router.process_params (../m22-part3-route-writer/node_modules/express/lib/router/index.js:346:12)
      at next (../m22-part3-route-writer/node_modules/express/lib/router/index.js:280:10)
      at Layer.handle_error (../m22-part3-route-writer/node_modules/express/lib/router/layer.js:67:12)
      at trim_prefix (../m22-part3-route-writer/node_modules/express/lib/router/index.js:326:13)
      at ../m22-part3-route-writer/node_modules/express/lib/router/index.js:286:9
      at router.process_params (../m22-part3-route-writer/node_modules/express/lib/router/index.js:346:12)
      at next (../m22-part3-route-writer/node_modules/express/lib/router/index.js:280:10)
      at Layer.handle_error (../m22-part3-route-writer/node_modules/express/lib/router/layer.js:67:12)
      at trim_prefix (../m22-part3-route-writer/node_modules/express/lib/router/index.js:326:13)
      at ../m22-part3-route-writer/node_modules/express/lib/router/index.js:286:9
      at router.process_params (../m22-part3-route-writer/node_modules/express/lib/router/index.js:346:12)
      at next (../m22-part3-route-writer/node_modules/express/lib/router/index.js:280:10)
      at Layer.handle_error (../m22-part3-route-writer/node_modules/express/lib/router/layer.js:67:12)
      at trim_prefix (../m22-part3-route-writer/node_modules/express/lib/router/index.js:326:13)
      at ../m22-part3-route-writer/node_modules/express/lib/router/index.js:286:9
      at router.process_params (../m22-part3-route-writer/node_modules/express/lib/router/index.js:346:12)
      at next (../m22-part3-route-writer/node_modules/express/lib/router/index.js:280:10)
      at Layer.handle_error (../m22-part3-route-writer/node_modules/express/lib/router/layer.js:67:12)
      at trim_prefix (../m22-part3-route-writer/node_modules/express/lib/router/index.js:326:13)
      at ../m22-part3-route-writer/node_modules/express/lib/router/index.js:286:9
      at router.process_params (../m22-part3-route-writer/node_modules/express/lib/router/index.js:346:12)
      at next (../m22-part3-route-writer/node_modules/express/lib/router/index.js:280:10)
      at Layer.handle_error (../m22-part3-route-writer/node_modules/express/lib/router/layer.js:67:12)
      at trim_prefix (../m22-part3-route-writer/node_modules/express/lib/router/index.js:326:13)
      at ../m22-part3-route-writer/node_modules/express/lib/router/index.js:286:9
      at router.process_params (../m22-part3-route-writer/node_modules/express/lib/router/index.js:346:12)
      at next (../m22-part3-route-writer/node_modules/express/lib/router/index.js:280:10)
      at Layer.handle_error (../m22-part3-route-writer/node_modules/express/lib/router/layer.js:67:12)
      at trim_prefix (../m22-part3-route-writer/node_modules/express/lib/router/index.js:326:13)
      at ../m22-part3-route-writer/node_modules/express/lib/router/index.js:286:9
      at router.process_params (../m22-part3-route-writer/node_modules/express/lib/router/index.js:346:12)
      at next (../m22-part3-route-writer/node_modules/express/lib/router/index.js:280:10)
      at next (src/scheduling/recommendationHttpBoundary.js:255:16)
      at ../m22-part3-route-writer/node_modules/body-parser/lib/read.js:137:5
      at invokeCallback (../m22-part3-route-writer/node_modules/raw-body/index.js:238:16)
      at done (../m22-part3-route-writer/node_modules/raw-body/index.js:227:7)
      at IncomingMessage.onEnd (../m22-part3-route-writer/node_modules/raw-body/index.js:287:7)

  console.error
    {
      component: 'http',
      event: 'request_failed',
      requestId: '4c3d6334-d8cb-43c0-9f0b-150094d1a5e2',
      methodClass: 'POST',
      statusCode: 415
    }

      176 |     ...safeFields(fields),
      177 |   };
    > 178 |   console[level](record);
          |                 ^
      179 |   return record;
      180 | }
      181 |

      at write (src/observability/safeLogger.js:178:17)
      at Object.write (src/observability/safeLogger.js:191:10)
      at error (src/middleware/errorHandler.js:22:14)
      at Layer.handle_error (../m22-part3-route-writer/node_modules/express/lib/router/layer.js:71:5)
      at trim_prefix (../m22-part3-route-writer/node_modules/express/lib/router/index.js:326:13)
      at ../m22-part3-route-writer/node_modules/express/lib/router/index.js:286:9
      at router.process_params (../m22-part3-route-writer/node_modules/express/lib/router/index.js:346:12)
      at next (../m22-part3-route-writer/node_modules/express/lib/router/index.js:280:10)
      at Layer.handle_error (../m22-part3-route-writer/node_modules/express/lib/router/layer.js:67:12)
      at trim_prefix (../m22-part3-route-writer/node_modules/express/lib/router/index.js:326:13)
      at ../m22-part3-route-writer/node_modules/express/lib/router/index.js:286:9
      at router.process_params (../m22-part3-route-writer/node_modules/express/lib/router/index.js:346:12)
      at next (../m22-part3-route-writer/node_modules/express/lib/router/index.js:280:10)
      at Layer.handle_error (../m22-part3-route-writer/node_modules/express/lib/router/layer.js:67:12)
      at trim_prefix (../m22-part3-route-writer/node_modules/express/lib/router/index.js:326:13)
      at ../m22-part3-route-writer/node_modules/express/lib/router/index.js:286:9
      at router.process_params (../m22-part3-route-writer/node_modules/express/lib/router/index.js:346:12)
      at next (../m22-part3-route-writer/node_modules/express/lib/router/index.js:280:10)
      at Layer.handle_error (../m22-part3-route-writer/node_modules/express/lib/router/layer.js:67:12)
      at trim_prefix (../m22-part3-route-writer/node_modules/express/lib/router/index.js:326:13)
      at ../m22-part3-route-writer/node_modules/express/lib/router/index.js:286:9
      at router.process_params (../m22-part3-route-writer/node_modules/express/lib/router/index.js:346:12)
      at next (../m22-part3-route-writer/node_modules/express/lib/router/index.js:280:10)
      at Layer.handle_error (../m22-part3-route-writer/node_modules/express/lib/router/layer.js:67:12)
      at trim_prefix (../m22-part3-route-writer/node_modules/express/lib/router/index.js:326:13)
      at ../m22-part3-route-writer/node_modules/express/lib/router/index.js:286:9
      at router.process_params (../m22-part3-route-writer/node_modules/express/lib/router/index.js:346:12)
      at next (../m22-part3-route-writer/node_modules/express/lib/router/index.js:280:10)
      at Layer.handle_error (../m22-part3-route-writer/node_modules/express/lib/router/layer.js:67:12)
      at trim_prefix (../m22-part3-route-writer/node_modules/express/lib/router/index.js:326:13)
      at ../m22-part3-route-writer/node_modules/express/lib/router/index.js:286:9
      at router.process_params (../m22-part3-route-writer/node_modules/express/lib/router/index.js:346:12)
      at next (../m22-part3-route-writer/node_modules/express/lib/router/index.js:280:10)
      at Layer.handle_error (../m22-part3-route-writer/node_modules/express/lib/router/layer.js:67:12)
      at trim_prefix (../m22-part3-route-writer/node_modules/express/lib/router/index.js:326:13)
      at ../m22-part3-route-writer/node_modules/express/lib/router/index.js:286:9
      at router.process_params (../m22-part3-route-writer/node_modules/express/lib/router/index.js:346:12)
      at next (../m22-part3-route-writer/node_modules/express/lib/router/index.js:280:10)
      at Layer.handle_error (../m22-part3-route-writer/node_modules/express/lib/router/layer.js:67:12)
      at trim_prefix (../m22-part3-route-writer/node_modules/express/lib/router/index.js:326:13)
      at ../m22-part3-route-writer/node_modules/express/lib/router/index.js:286:9
      at router.process_params (../m22-part3-route-writer/node_modules/express/lib/router/index.js:346:12)
      at next (../m22-part3-route-writer/node_modules/express/lib/router/index.js:280:10)
      at Layer.handle_error (../m22-part3-route-writer/node_modules/express/lib/router/layer.js:67:12)
      at trim_prefix (../m22-part3-route-writer/node_modules/express/lib/router/index.js:326:13)
      at ../m22-part3-route-writer/node_modules/express/lib/router/index.js:286:9
      at router.process_params (../m22-part3-route-writer/node_modules/express/lib/router/index.js:346:12)
      at next (../m22-part3-route-writer/node_modules/express/lib/router/index.js:280:10)
      at Layer.handle_error (../m22-part3-route-writer/node_modules/express/lib/router/layer.js:67:12)
      at trim_prefix (../m22-part3-route-writer/node_modules/express/lib/router/index.js:326:13)
      at ../m22-part3-route-writer/node_modules/express/lib/router/index.js:286:9
      at router.process_params (../m22-part3-route-writer/node_modules/express/lib/router/index.js:346:12)
      at next (../m22-part3-route-writer/node_modules/express/lib/router/index.js:280:10)
      at Layer.handle_error (../m22-part3-route-writer/node_modules/express/lib/router/layer.js:67:12)
      at trim_prefix (../m22-part3-route-writer/node_modules/express/lib/router/index.js:326:13)
      at ../m22-part3-route-writer/node_modules/express/lib/router/index.js:286:9
      at router.process_params (../m22-part3-route-writer/node_modules/express/lib/router/index.js:346:12)
      at next (../m22-part3-route-writer/node_modules/express/lib/router/index.js:280:10)
      at Layer.handle_error (../m22-part3-route-writer/node_modules/express/lib/router/layer.js:67:12)
      at trim_prefix (../m22-part3-route-writer/node_modules/express/lib/router/index.js:326:13)
      at ../m22-part3-route-writer/node_modules/express/lib/router/index.js:286:9
      at router.process_params (../m22-part3-route-writer/node_modules/express/lib/router/index.js:346:12)
      at next (../m22-part3-route-writer/node_modules/express/lib/router/index.js:280:10)
      at Layer.handle_error (../m22-part3-route-writer/node_modules/express/lib/router/layer.js:67:12)
      at trim_prefix (../m22-part3-route-writer/node_modules/express/lib/router/index.js:326:13)
      at ../m22-part3-route-writer/node_modules/express/lib/router/index.js:286:9
      at router.process_params (../m22-part3-route-writer/node_modules/express/lib/router/index.js:346:12)
      at next (../m22-part3-route-writer/node_modules/express/lib/router/index.js:280:10)
      at Layer.handle_error (../m22-part3-route-writer/node_modules/express/lib/router/layer.js:67:12)
      at trim_prefix (../m22-part3-route-writer/node_modules/express/lib/router/index.js:326:13)
      at ../m22-part3-route-writer/node_modules/express/lib/router/index.js:286:9
      at router.process_params (../m22-part3-route-writer/node_modules/express/lib/router/index.js:346:12)
      at next (../m22-part3-route-writer/node_modules/express/lib/router/index.js:280:10)
      at next (src/scheduling/recommendationHttpBoundary.js:233:14)
      at next (src/middleware/security.js:52:3)
      at securityHeaders (src/scheduling/recommendationHttpBoundary.js:224:10)
      at Layer.handle [as handle_request] (../m22-part3-route-writer/node_modules/express/lib/router/layer.js:95:5)
      at trim_prefix (../m22-part3-route-writer/node_modules/express/lib/router/index.js:328:13)
      at ../m22-part3-route-writer/node_modules/express/lib/router/index.js:286:9
      at router.process_params (../m22-part3-route-writer/node_modules/express/lib/router/index.js:346:12)
      at next (../m22-part3-route-writer/node_modules/express/lib/router/index.js:280:10)
      at ../m22-part3-route-writer/node_modules/express/lib/router/index.js:646:15
      at next (../m22-part3-route-writer/node_modules/express/lib/router/index.js:265:14)
      at router.handle (../m22-part3-route-writer/node_modules/express/lib/router/index.js:175:3)
      at router (../m22-part3-route-writer/node_modules/express/lib/router/index.js:47:12)
      at Layer.handle [as handle_request] (../m22-part3-route-writer/node_modules/express/lib/router/layer.js:95:5)
      at trim_prefix (../m22-part3-route-writer/node_modules/express/lib/router/index.js:328:13)
      at ../m22-part3-route-writer/node_modules/express/lib/router/index.js:286:9
      at router.process_params (../m22-part3-route-writer/node_modules/express/lib/router/index.js:346:12)
      at next (../m22-part3-route-writer/node_modules/express/lib/router/index.js:280:10)
      at next (src/middleware/auditLog.js:25:3)
      at Layer.handle [as handle_request] (../m22-part3-route-writer/node_modules/express/lib/router/layer.js:95:5)
      at trim_prefix (../m22-part3-route-writer/node_modules/express/lib/router/index.js:328:13)
      at ../m22-part3-route-writer/node_modules/express/lib/router/index.js:286:9
      at router.process_params (../m22-part3-route-writer/node_modules/express/lib/router/index.js:346:12)
      at next (../m22-part3-route-writer/node_modules/express/lib/router/index.js:280:10)
      at cors (../m22-part3-route-writer/node_modules/cors/lib/index.js:188:7)

  console.error
    {
      component: 'http',
      event: 'request_failed',
      requestId: '06639624-8066-4d7b-aea9-e187e91363dd',
      methodClass: 'POST',
      statusCode: 415
    }

      176 |     ...safeFields(fields),
      177 |   };
    > 178 |   console[level](record);
          |                 ^
      179 |   return record;
      180 | }
      181 |

      at write (src/observability/safeLogger.js:178:17)
      at Object.write (src/observability/safeLogger.js:191:10)
      at error (src/middleware/errorHandler.js:22:14)
      at Layer.handle_error (../m22-part3-route-writer/node_modules/express/lib/router/layer.js:71:5)
      at trim_prefix (../m22-part3-route-writer/node_modules/express/lib/router/index.js:326:13)
      at ../m22-part3-route-writer/node_modules/express/lib/router/index.js:286:9
      at router.process_params (../m22-part3-route-writer/node_modules/express/lib/router/index.js:346:12)
      at next (../m22-part3-route-writer/node_modules/express/lib/router/index.js:280:10)
      at Layer.handle_error (../m22-part3-route-writer/node_modules/express/lib/router/layer.js:67:12)
      at trim_prefix (../m22-part3-route-writer/node_modules/express/lib/router/index.js:326:13)
      at ../m22-part3-route-writer/node_modules/express/lib/router/index.js:286:9
      at router.process_params (../m22-part3-route-writer/node_modules/express/lib/router/index.js:346:12)
      at next (../m22-part3-route-writer/node_modules/express/lib/router/index.js:280:10)
      at Layer.handle_error (../m22-part3-route-writer/node_modules/express/lib/router/layer.js:67:12)
      at trim_prefix (../m22-part3-route-writer/node_modules/express/lib/router/index.js:326:13)
      at ../m22-part3-route-writer/node_modules/express/lib/router/index.js:286:9
      at router.process_params (../m22-part3-route-writer/node_modules/express/lib/router/index.js:346:12)
      at next (../m22-part3-route-writer/node_modules/express/lib/router/index.js:280:10)
      at Layer.handle_error (../m22-part3-route-writer/node_modules/express/lib/router/layer.js:67:12)
      at trim_prefix (../m22-part3-route-writer/node_modules/express/lib/router/index.js:326:13)
      at ../m22-part3-route-writer/node_modules/express/lib/router/index.js:286:9
      at router.process_params (../m22-part3-route-writer/node_modules/express/lib/router/index.js:346:12)
      at next (../m22-part3-route-writer/node_modules/express/lib/router/index.js:280:10)
      at Layer.handle_error (../m22-part3-route-writer/node_modules/express/lib/router/layer.js:67:12)
      at trim_prefix (../m22-part3-route-writer/node_modules/express/lib/router/index.js:326:13)
      at ../m22-part3-route-writer/node_modules/express/lib/router/index.js:286:9
      at router.process_params (../m22-part3-route-writer/node_modules/express/lib/router/index.js:346:12)
      at next (../m22-part3-route-writer/node_modules/express/lib/router/index.js:280:10)
      at Layer.handle_error (../m22-part3-route-writer/node_modules/express/lib/router/layer.js:67:12)
      at trim_prefix (../m22-part3-route-writer/node_modules/express/lib/router/index.js:326:13)
      at ../m22-part3-route-writer/node_modules/express/lib/router/index.js:286:9
      at router.process_params (../m22-part3-route-writer/node_modules/express/lib/router/index.js:346:12)
      at next (../m22-part3-route-writer/node_modules/express/lib/router/index.js:280:10)
      at Layer.handle_error (../m22-part3-route-writer/node_modules/express/lib/router/layer.js:67:12)
      at trim_prefix (../m22-part3-route-writer/node_modules/express/lib/router/index.js:326:13)
      at ../m22-part3-route-writer/node_modules/express/lib/router/index.js:286:9
      at router.process_params (../m22-part3-route-writer/node_modules/express/lib/router/index.js:346:12)
      at next (../m22-part3-route-writer/node_modules/express/lib/router/index.js:280:10)
      at Layer.handle_error (../m22-part3-route-writer/node_modules/express/lib/router/layer.js:67:12)
      at trim_prefix (../m22-part3-route-writer/node_modules/express/lib/router/index.js:326:13)
      at ../m22-part3-route-writer/node_modules/express/lib/router/index.js:286:9
      at router.process_params (../m22-part3-route-writer/node_modules/express/lib/router/index.js:346:12)
      at next (../m22-part3-route-writer/node_modules/express/lib/router/index.js:280:10)
      at Layer.handle_error (../m22-part3-route-writer/node_modules/express/lib/router/layer.js:67:12)
      at trim_prefix (../m22-part3-route-writer/node_modules/express/lib/router/index.js:326:13)
      at ../m22-part3-route-writer/node_modules/express/lib/router/index.js:286:9
      at router.process_params (../m22-part3-route-writer/node_modules/express/lib/router/index.js:346:12)
      at next (../m22-part3-route-writer/node_modules/express/lib/router/index.js:280:10)
      at Layer.handle_error (../m22-part3-route-writer/node_modules/express/lib/router/layer.js:67:12)
      at trim_prefix (../m22-part3-route-writer/node_modules/express/lib/router/index.js:326:13)
      at ../m22-part3-route-writer/node_modules/express/lib/router/index.js:286:9
      at router.process_params (../m22-part3-route-writer/node_modules/express/lib/router/index.js:346:12)
      at next (../m22-part3-route-writer/node_modules/express/lib/router/index.js:280:10)
      at Layer.handle_error (../m22-part3-route-writer/node_modules/express/lib/router/layer.js:67:12)
      at trim_prefix (../m22-part3-route-writer/node_modules/express/lib/router/index.js:326:13)
      at ../m22-part3-route-writer/node_modules/express/lib/router/index.js:286:9
      at router.process_params (../m22-part3-route-writer/node_modules/express/lib/router/index.js:346:12)
      at next (../m22-part3-route-writer/node_modules/express/lib/router/index.js:280:10)
      at Layer.handle_error (../m22-part3-route-writer/node_modules/express/lib/router/layer.js:67:12)
      at trim_prefix (../m22-part3-route-writer/node_modules/express/lib/router/index.js:326:13)
      at ../m22-part3-route-writer/node_modules/express/lib/router/index.js:286:9
      at router.process_params (../m22-part3-route-writer/node_modules/express/lib/router/index.js:346:12)
      at next (../m22-part3-route-writer/node_modules/express/lib/router/index.js:280:10)
      at Layer.handle_error (../m22-part3-route-writer/node_modules/express/lib/router/layer.js:67:12)
      at trim_prefix (../m22-part3-route-writer/node_modules/express/lib/router/index.js:326:13)
      at ../m22-part3-route-writer/node_modules/express/lib/router/index.js:286:9
      at router.process_params (../m22-part3-route-writer/node_modules/express/lib/router/index.js:346:12)
      at next (../m22-part3-route-writer/node_modules/express/lib/router/index.js:280:10)
      at Layer.handle_error (../m22-part3-route-writer/node_modules/express/lib/router/layer.js:67:12)
      at trim_prefix (../m22-part3-route-writer/node_modules/express/lib/router/index.js:326:13)
      at ../m22-part3-route-writer/node_modules/express/lib/router/index.js:286:9
      at router.process_params (../m22-part3-route-writer/node_modules/express/lib/router/index.js:346:12)
      at next (../m22-part3-route-writer/node_modules/express/lib/router/index.js:280:10)
      at next (src/scheduling/recommendationHttpBoundary.js:233:14)
      at next (src/middleware/security.js:52:3)
      at securityHeaders (src/scheduling/recommendationHttpBoundary.js:224:10)
      at Layer.handle [as handle_request] (../m22-part3-route-writer/node_modules/express/lib/router/layer.js:95:5)
      at trim_prefix (../m22-part3-route-writer/node_modules/express/lib/router/index.js:328:13)
      at ../m22-part3-route-writer/node_modules/express/lib/router/index.js:286:9
      at router.process_params (../m22-part3-route-writer/node_modules/express/lib/router/index.js:346:12)
      at next (../m22-part3-route-writer/node_modules/express/lib/router/index.js:280:10)
      at ../m22-part3-route-writer/node_modules/express/lib/router/index.js:646:15
      at next (../m22-part3-route-writer/node_modules/express/lib/router/index.js:265:14)
      at router.handle (../m22-part3-route-writer/node_modules/express/lib/router/index.js:175:3)
      at router (../m22-part3-route-writer/node_modules/express/lib/router/index.js:47:12)
      at Layer.handle [as handle_request] (../m22-part3-route-writer/node_modules/express/lib/router/layer.js:95:5)
      at trim_prefix (../m22-part3-route-writer/node_modules/express/lib/router/index.js:328:13)
      at ../m22-part3-route-writer/node_modules/express/lib/router/index.js:286:9
      at router.process_params (../m22-part3-route-writer/node_modules/express/lib/router/index.js:346:12)
      at next (../m22-part3-route-writer/node_modules/express/lib/router/index.js:280:10)
      at next (src/middleware/auditLog.js:25:3)
      at Layer.handle [as handle_request] (../m22-part3-route-writer/node_modules/express/lib/router/layer.js:95:5)
      at trim_prefix (../m22-part3-route-writer/node_modules/express/lib/router/index.js:328:13)
      at ../m22-part3-route-writer/node_modules/express/lib/router/index.js:286:9
      at router.process_params (../m22-part3-route-writer/node_modules/express/lib/router/index.js:346:12)
      at next (../m22-part3-route-writer/node_modules/express/lib/router/index.js:280:10)
      at cors (../m22-part3-route-writer/node_modules/cors/lib/index.js:188:7)

  console.error
    {
      component: 'http',
      event: 'request_failed',
      requestId: 'aeb700dd-6064-4e19-a192-0b9e72a32577',
      methodClass: 'POST',
      statusCode: 415
    }

      176 |     ...safeFields(fields),
      177 |   };
    > 178 |   console[level](record);
          |                 ^
      179 |   return record;
      180 | }
      181 |

      at write (src/observability/safeLogger.js:178:17)
      at Object.write (src/observability/safeLogger.js:191:10)
      at error (src/middleware/errorHandler.js:22:14)
      at Layer.handle_error (../m22-part3-route-writer/node_modules/express/lib/router/layer.js:71:5)
      at trim_prefix (../m22-part3-route-writer/node_modules/express/lib/router/index.js:326:13)
      at ../m22-part3-route-writer/node_modules/express/lib/router/index.js:286:9
      at router.process_params (../m22-part3-route-writer/node_modules/express/lib/router/index.js:346:12)
      at next (../m22-part3-route-writer/node_modules/express/lib/router/index.js:280:10)
      at Layer.handle_error (../m22-part3-route-writer/node_modules/express/lib/router/layer.js:67:12)
      at trim_prefix (../m22-part3-route-writer/node_modules/express/lib/router/index.js:326:13)
      at ../m22-part3-route-writer/node_modules/express/lib/router/index.js:286:9
      at router.process_params (../m22-part3-route-writer/node_modules/express/lib/router/index.js:346:12)
      at next (../m22-part3-route-writer/node_modules/express/lib/router/index.js:280:10)
      at Layer.handle_error (../m22-part3-route-writer/node_modules/express/lib/router/layer.js:67:12)
      at trim_prefix (../m22-part3-route-writer/node_modules/express/lib/router/index.js:326:13)
      at ../m22-part3-route-writer/node_modules/express/lib/router/index.js:286:9
      at router.process_params (../m22-part3-route-writer/node_modules/express/lib/router/index.js:346:12)
      at next (../m22-part3-route-writer/node_modules/express/lib/router/index.js:280:10)
      at Layer.handle_error (../m22-part3-route-writer/node_modules/express/lib/router/layer.js:67:12)
      at trim_prefix (../m22-part3-route-writer/node_modules/express/lib/router/index.js:326:13)
      at ../m22-part3-route-writer/node_modules/express/lib/router/index.js:286:9
      at router.process_params (../m22-part3-route-writer/node_modules/express/lib/router/index.js:346:12)
      at next (../m22-part3-route-writer/node_modules/express/lib/router/index.js:280:10)
      at Layer.handle_error (../m22-part3-route-writer/node_modules/express/lib/router/layer.js:67:12)
      at trim_prefix (../m22-part3-route-writer/node_modules/express/lib/router/index.js:326:13)
      at ../m22-part3-route-writer/node_modules/express/lib/router/index.js:286:9
      at router.process_params (../m22-part3-route-writer/node_modules/express/lib/router/index.js:346:12)
      at next (../m22-part3-route-writer/node_modules/express/lib/router/index.js:280:10)
      at Layer.handle_error (../m22-part3-route-writer/node_modules/express/lib/router/layer.js:67:12)
      at trim_prefix (../m22-part3-route-writer/node_modules/express/lib/router/index.js:326:13)
      at ../m22-part3-route-writer/node_modules/express/lib/router/index.js:286:9
      at router.process_params (../m22-part3-route-writer/node_modules/express/lib/router/index.js:346:12)
      at next (../m22-part3-route-writer/node_modules/express/lib/router/index.js:280:10)
      at Layer.handle_error (../m22-part3-route-writer/node_modules/express/lib/router/layer.js:67:12)
      at trim_prefix (../m22-part3-route-writer/node_modules/express/lib/router/index.js:326:13)
      at ../m22-part3-route-writer/node_modules/express/lib/router/index.js:286:9
      at router.process_params (../m22-part3-route-writer/node_modules/express/lib/router/index.js:346:12)
      at next (../m22-part3-route-writer/node_modules/express/lib/router/index.js:280:10)
      at Layer.handle_error (../m22-part3-route-writer/node_modules/express/lib/router/layer.js:67:12)
      at trim_prefix (../m22-part3-route-writer/node_modules/express/lib/router/index.js:326:13)
      at ../m22-part3-route-writer/node_modules/express/lib/router/index.js:286:9
      at router.process_params (../m22-part3-route-writer/node_modules/express/lib/router/index.js:346:12)
      at next (../m22-part3-route-writer/node_modules/express/lib/router/index.js:280:10)
      at Layer.handle_error (../m22-part3-route-writer/node_modules/express/lib/router/layer.js:67:12)
      at trim_prefix (../m22-part3-route-writer/node_modules/express/lib/router/index.js:326:13)
      at ../m22-part3-route-writer/node_modules/express/lib/router/index.js:286:9
      at router.process_params (../m22-part3-route-writer/node_modules/express/lib/router/index.js:346:12)
      at next (../m22-part3-route-writer/node_modules/express/lib/router/index.js:280:10)
      at Layer.handle_error (../m22-part3-route-writer/node_modules/express/lib/router/layer.js:67:12)
      at trim_prefix (../m22-part3-route-writer/node_modules/express/lib/router/index.js:326:13)
      at ../m22-part3-route-writer/node_modules/express/lib/router/index.js:286:9
      at router.process_params (../m22-part3-route-writer/node_modules/express/lib/router/index.js:346:12)
      at next (../m22-part3-route-writer/node_modules/express/lib/router/index.js:280:10)
      at Layer.handle_error (../m22-part3-route-writer/node_modules/express/lib/router/layer.js:67:12)
      at trim_prefix (../m22-part3-route-writer/node_modules/express/lib/router/index.js:326:13)
      at ../m22-part3-route-writer/node_modules/express/lib/router/index.js:286:9
      at router.process_params (../m22-part3-route-writer/node_modules/express/lib/router/index.js:346:12)
      at next (../m22-part3-route-writer/node_modules/express/lib/router/index.js:280:10)
      at Layer.handle_error (../m22-part3-route-writer/node_modules/express/lib/router/layer.js:67:12)
      at trim_prefix (../m22-part3-route-writer/node_modules/express/lib/router/index.js:326:13)
      at ../m22-part3-route-writer/node_modules/express/lib/router/index.js:286:9
      at router.process_params (../m22-part3-route-writer/node_modules/express/lib/router/index.js:346:12)
      at next (../m22-part3-route-writer/node_modules/express/lib/router/index.js:280:10)
      at Layer.handle_error (../m22-part3-route-writer/node_modules/express/lib/router/layer.js:67:12)
      at trim_prefix (../m22-part3-route-writer/node_modules/express/lib/router/index.js:326:13)
      at ../m22-part3-route-writer/node_modules/express/lib/router/index.js:286:9
      at router.process_params (../m22-part3-route-writer/node_modules/express/lib/router/index.js:346:12)
      at next (../m22-part3-route-writer/node_modules/express/lib/router/index.js:280:10)
      at Layer.handle_error (../m22-part3-route-writer/node_modules/express/lib/router/layer.js:67:12)
      at trim_prefix (../m22-part3-route-writer/node_modules/express/lib/router/index.js:326:13)
      at ../m22-part3-route-writer/node_modules/express/lib/router/index.js:286:9
      at router.process_params (../m22-part3-route-writer/node_modules/express/lib/router/index.js:346:12)
      at next (../m22-part3-route-writer/node_modules/express/lib/router/index.js:280:10)
      at next (src/scheduling/recommendationHttpBoundary.js:233:14)
      at next (src/middleware/security.js:52:3)
      at securityHeaders (src/scheduling/recommendationHttpBoundary.js:224:10)
      at Layer.handle [as handle_request] (../m22-part3-route-writer/node_modules/express/lib/router/layer.js:95:5)
      at trim_prefix (../m22-part3-route-writer/node_modules/express/lib/router/index.js:328:13)
      at ../m22-part3-route-writer/node_modules/express/lib/router/index.js:286:9
      at router.process_params (../m22-part3-route-writer/node_modules/express/lib/router/index.js:346:12)
      at next (../m22-part3-route-writer/node_modules/express/lib/router/index.js:280:10)
      at ../m22-part3-route-writer/node_modules/express/lib/router/index.js:646:15
      at next (../m22-part3-route-writer/node_modules/express/lib/router/index.js:265:14)
      at router.handle (../m22-part3-route-writer/node_modules/express/lib/router/index.js:175:3)
      at router (../m22-part3-route-writer/node_modules/express/lib/router/index.js:47:12)
      at Layer.handle [as handle_request] (../m22-part3-route-writer/node_modules/express/lib/router/layer.js:95:5)
      at trim_prefix (../m22-part3-route-writer/node_modules/express/lib/router/index.js:328:13)
      at ../m22-part3-route-writer/node_modules/express/lib/router/index.js:286:9
      at router.process_params (../m22-part3-route-writer/node_modules/express/lib/router/index.js:346:12)
      at next (../m22-part3-route-writer/node_modules/express/lib/router/index.js:280:10)
      at next (src/middleware/auditLog.js:25:3)
      at Layer.handle [as handle_request] (../m22-part3-route-writer/node_modules/express/lib/router/layer.js:95:5)
      at trim_prefix (../m22-part3-route-writer/node_modules/express/lib/router/index.js:328:13)
      at ../m22-part3-route-writer/node_modules/express/lib/router/index.js:286:9
      at router.process_params (../m22-part3-route-writer/node_modules/express/lib/router/index.js:346:12)
      at next (../m22-part3-route-writer/node_modules/express/lib/router/index.js:280:10)
      at cors (../m22-part3-route-writer/node_modules/cors/lib/index.js:188:7)

  console.error
    {
      component: 'http',
      event: 'request_failed',
      requestId: 'a2093650-7fb9-4787-8c5b-638c9623b34b',
      methodClass: 'POST',
      statusCode: 415
    }

      176 |     ...safeFields(fields),
      177 |   };
    > 178 |   console[level](record);
          |                 ^
      179 |   return record;
      180 | }
      181 |

      at write (src/observability/safeLogger.js:178:17)
      at Object.write (src/observability/safeLogger.js:191:10)
      at error (src/middleware/errorHandler.js:22:14)
      at Layer.handle_error (../m22-part3-route-writer/node_modules/express/lib/router/layer.js:71:5)
      at trim_prefix (../m22-part3-route-writer/node_modules/express/lib/router/index.js:326:13)
      at ../m22-part3-route-writer/node_modules/express/lib/router/index.js:286:9
      at router.process_params (../m22-part3-route-writer/node_modules/express/lib/router/index.js:346:12)
      at next (../m22-part3-route-writer/node_modules/express/lib/router/index.js:280:10)
      at Layer.handle_error (../m22-part3-route-writer/node_modules/express/lib/router/layer.js:67:12)
      at trim_prefix (../m22-part3-route-writer/node_modules/express/lib/router/index.js:326:13)
      at ../m22-part3-route-writer/node_modules/express/lib/router/index.js:286:9
      at router.process_params (../m22-part3-route-writer/node_modules/express/lib/router/index.js:346:12)
      at next (../m22-part3-route-writer/node_modules/express/lib/router/index.js:280:10)
      at Layer.handle_error (../m22-part3-route-writer/node_modules/express/lib/router/layer.js:67:12)
      at trim_prefix (../m22-part3-route-writer/node_modules/express/lib/router/index.js:326:13)
      at ../m22-part3-route-writer/node_modules/express/lib/router/index.js:286:9
      at router.process_params (../m22-part3-route-writer/node_modules/express/lib/router/index.js:346:12)
      at next (../m22-part3-route-writer/node_modules/express/lib/router/index.js:280:10)
      at Layer.handle_error (../m22-part3-route-writer/node_modules/express/lib/router/layer.js:67:12)
      at trim_prefix (../m22-part3-route-writer/node_modules/express/lib/router/index.js:326:13)
      at ../m22-part3-route-writer/node_modules/express/lib/router/index.js:286:9
      at router.process_params (../m22-part3-route-writer/node_modules/express/lib/router/index.js:346:12)
      at next (../m22-part3-route-writer/node_modules/express/lib/router/index.js:280:10)
      at Layer.handle_error (../m22-part3-route-writer/node_modules/express/lib/router/layer.js:67:12)
      at trim_prefix (../m22-part3-route-writer/node_modules/express/lib/router/index.js:326:13)
      at ../m22-part3-route-writer/node_modules/express/lib/router/index.js:286:9
      at router.process_params (../m22-part3-route-writer/node_modules/express/lib/router/index.js:346:12)
      at next (../m22-part3-route-writer/node_modules/express/lib/router/index.js:280:10)
      at Layer.handle_error (../m22-part3-route-writer/node_modules/express/lib/router/layer.js:67:12)
      at trim_prefix (../m22-part3-route-writer/node_modules/express/lib/router/index.js:326:13)
      at ../m22-part3-route-writer/node_modules/express/lib/router/index.js:286:9
      at router.process_params (../m22-part3-route-writer/node_modules/express/lib/router/index.js:346:12)
      at next (../m22-part3-route-writer/node_modules/express/lib/router/index.js:280:10)
      at Layer.handle_error (../m22-part3-route-writer/node_modules/express/lib/router/layer.js:67:12)
      at trim_prefix (../m22-part3-route-writer/node_modules/express/lib/router/index.js:326:13)
      at ../m22-part3-route-writer/node_modules/express/lib/router/index.js:286:9
      at router.process_params (../m22-part3-route-writer/node_modules/express/lib/router/index.js:346:12)
      at next (../m22-part3-route-writer/node_modules/express/lib/router/index.js:280:10)
      at Layer.handle_error (../m22-part3-route-writer/node_modules/express/lib/router/layer.js:67:12)
      at trim_prefix (../m22-part3-route-writer/node_modules/express/lib/router/index.js:326:13)
      at ../m22-part3-route-writer/node_modules/express/lib/router/index.js:286:9
      at router.process_params (../m22-part3-route-writer/node_modules/express/lib/router/index.js:346:12)
      at next (../m22-part3-route-writer/node_modules/express/lib/router/index.js:280:10)
      at Layer.handle_error (../m22-part3-route-writer/node_modules/express/lib/router/layer.js:67:12)
      at trim_prefix (../m22-part3-route-writer/node_modules/express/lib/router/index.js:326:13)
      at ../m22-part3-route-writer/node_modules/express/lib/router/index.js:286:9
      at router.process_params (../m22-part3-route-writer/node_modules/express/lib/router/index.js:346:12)
      at next (../m22-part3-route-writer/node_modules/express/lib/router/index.js:280:10)
      at Layer.handle_error (../m22-part3-route-writer/node_modules/express/lib/router/layer.js:67:12)
      at trim_prefix (../m22-part3-route-writer/node_modules/express/lib/router/index.js:326:13)
      at ../m22-part3-route-writer/node_modules/express/lib/router/index.js:286:9
      at router.process_params (../m22-part3-route-writer/node_modules/express/lib/router/index.js:346:12)
      at next (../m22-part3-route-writer/node_modules/express/lib/router/index.js:280:10)
      at Layer.handle_error (../m22-part3-route-writer/node_modules/express/lib/router/layer.js:67:12)
      at trim_prefix (../m22-part3-route-writer/node_modules/express/lib/router/index.js:326:13)
      at ../m22-part3-route-writer/node_modules/express/lib/router/index.js:286:9
      at router.process_params (../m22-part3-route-writer/node_modules/express/lib/router/index.js:346:12)
      at next (../m22-part3-route-writer/node_modules/express/lib/router/index.js:280:10)
      at Layer.handle_error (../m22-part3-route-writer/node_modules/express/lib/router/layer.js:67:12)
      at trim_prefix (../m22-part3-route-writer/node_modules/express/lib/router/index.js:326:13)
      at ../m22-part3-route-writer/node_modules/express/lib/router/index.js:286:9
      at router.process_params (../m22-part3-route-writer/node_modules/express/lib/router/index.js:346:12)
      at next (../m22-part3-route-writer/node_modules/express/lib/router/index.js:280:10)
      at Layer.handle_error (../m22-part3-route-writer/node_modules/express/lib/router/layer.js:67:12)
      at trim_prefix (../m22-part3-route-writer/node_modules/express/lib/router/index.js:326:13)
      at ../m22-part3-route-writer/node_modules/express/lib/router/index.js:286:9
      at router.process_params (../m22-part3-route-writer/node_modules/express/lib/router/index.js:346:12)
      at next (../m22-part3-route-writer/node_modules/express/lib/router/index.js:280:10)
      at Layer.handle_error (../m22-part3-route-writer/node_modules/express/lib/router/layer.js:67:12)
      at trim_prefix (../m22-part3-route-writer/node_modules/express/lib/router/index.js:326:13)
      at ../m22-part3-route-writer/node_modules/express/lib/router/index.js:286:9
      at router.process_params (../m22-part3-route-writer/node_modules/express/lib/router/index.js:346:12)
      at next (../m22-part3-route-writer/node_modules/express/lib/router/index.js:280:10)
      at next (src/scheduling/recommendationHttpBoundary.js:233:14)
      at next (src/middleware/security.js:52:3)
      at securityHeaders (src/scheduling/recommendationHttpBoundary.js:224:10)
      at Layer.handle [as handle_request] (../m22-part3-route-writer/node_modules/express/lib/router/layer.js:95:5)
      at trim_prefix (../m22-part3-route-writer/node_modules/express/lib/router/index.js:328:13)
      at ../m22-part3-route-writer/node_modules/express/lib/router/index.js:286:9
      at router.process_params (../m22-part3-route-writer/node_modules/express/lib/router/index.js:346:12)
      at next (../m22-part3-route-writer/node_modules/express/lib/router/index.js:280:10)
      at ../m22-part3-route-writer/node_modules/express/lib/router/index.js:646:15
      at next (../m22-part3-route-writer/node_modules/express/lib/router/index.js:265:14)
      at router.handle (../m22-part3-route-writer/node_modules/express/lib/router/index.js:175:3)
      at router (../m22-part3-route-writer/node_modules/express/lib/router/index.js:47:12)
      at Layer.handle [as handle_request] (../m22-part3-route-writer/node_modules/express/lib/router/layer.js:95:5)
      at trim_prefix (../m22-part3-route-writer/node_modules/express/lib/router/index.js:328:13)
      at ../m22-part3-route-writer/node_modules/express/lib/router/index.js:286:9
      at router.process_params (../m22-part3-route-writer/node_modules/express/lib/router/index.js:346:12)
      at next (../m22-part3-route-writer/node_modules/express/lib/router/index.js:280:10)
      at next (src/middleware/auditLog.js:25:3)
      at Layer.handle [as handle_request] (../m22-part3-route-writer/node_modules/express/lib/router/layer.js:95:5)
      at trim_prefix (../m22-part3-route-writer/node_modules/express/lib/router/index.js:328:13)
      at ../m22-part3-route-writer/node_modules/express/lib/router/index.js:286:9
      at router.process_params (../m22-part3-route-writer/node_modules/express/lib/router/index.js:346:12)
      at next (../m22-part3-route-writer/node_modules/express/lib/router/index.js:280:10)
      at cors (../m22-part3-route-writer/node_modules/cors/lib/index.js:188:7)

  console.error
    {
      component: 'http',
      event: 'request_failed',
      requestId: 'a80ad790-9c8a-41c1-96b8-3cfaf0a51aaf',
      methodClass: 'POST',
      statusCode: 415
    }

      176 |     ...safeFields(fields),
      177 |   };
    > 178 |   console[level](record);
          |                 ^
      179 |   return record;
      180 | }
      181 |

      at write (src/observability/safeLogger.js:178:17)
      at Object.write (src/observability/safeLogger.js:191:10)
      at error (src/middleware/errorHandler.js:22:14)
      at Layer.handle_error (../m22-part3-route-writer/node_modules/express/lib/router/layer.js:71:5)
      at trim_prefix (../m22-part3-route-writer/node_modules/express/lib/router/index.js:326:13)
      at ../m22-part3-route-writer/node_modules/express/lib/router/index.js:286:9
      at router.process_params (../m22-part3-route-writer/node_modules/express/lib/router/index.js:346:12)
      at next (../m22-part3-route-writer/node_modules/express/lib/router/index.js:280:10)
      at Layer.handle_error (../m22-part3-route-writer/node_modules/express/lib/router/layer.js:67:12)
      at trim_prefix (../m22-part3-route-writer/node_modules/express/lib/router/index.js:326:13)
      at ../m22-part3-route-writer/node_modules/express/lib/router/index.js:286:9
      at router.process_params (../m22-part3-route-writer/node_modules/express/lib/router/index.js:346:12)
      at next (../m22-part3-route-writer/node_modules/express/lib/router/index.js:280:10)
      at Layer.handle_error (../m22-part3-route-writer/node_modules/express/lib/router/layer.js:67:12)
      at trim_prefix (../m22-part3-route-writer/node_modules/express/lib/router/index.js:326:13)
      at ../m22-part3-route-writer/node_modules/express/lib/router/index.js:286:9
      at router.process_params (../m22-part3-route-writer/node_modules/express/lib/router/index.js:346:12)
      at next (../m22-part3-route-writer/node_modules/express/lib/router/index.js:280:10)
      at Layer.handle_error (../m22-part3-route-writer/node_modules/express/lib/router/layer.js:67:12)
      at trim_prefix (../m22-part3-route-writer/node_modules/express/lib/router/index.js:326:13)
      at ../m22-part3-route-writer/node_modules/express/lib/router/index.js:286:9
      at router.process_params (../m22-part3-route-writer/node_modules/express/lib/router/index.js:346:12)
      at next (../m22-part3-route-writer/node_modules/express/lib/router/index.js:280:10)
      at Layer.handle_error (../m22-part3-route-writer/node_modules/express/lib/router/layer.js:67:12)
      at trim_prefix (../m22-part3-route-writer/node_modules/express/lib/router/index.js:326:13)
      at ../m22-part3-route-writer/node_modules/express/lib/router/index.js:286:9
      at router.process_params (../m22-part3-route-writer/node_modules/express/lib/router/index.js:346:12)
      at next (../m22-part3-route-writer/node_modules/express/lib/router/index.js:280:10)
      at Layer.handle_error (../m22-part3-route-writer/node_modules/express/lib/router/layer.js:67:12)
      at trim_prefix (../m22-part3-route-writer/node_modules/express/lib/router/index.js:326:13)
      at ../m22-part3-route-writer/node_modules/express/lib/router/index.js:286:9
      at router.process_params (../m22-part3-route-writer/node_modules/express/lib/router/index.js:346:12)
      at next (../m22-part3-route-writer/node_modules/express/lib/router/index.js:280:10)
      at Layer.handle_error (../m22-part3-route-writer/node_modules/express/lib/router/layer.js:67:12)
      at trim_prefix (../m22-part3-route-writer/node_modules/express/lib/router/index.js:326:13)
      at ../m22-part3-route-writer/node_modules/express/lib/router/index.js:286:9
      at router.process_params (../m22-part3-route-writer/node_modules/express/lib/router/index.js:346:12)
      at next (../m22-part3-route-writer/node_modules/express/lib/router/index.js:280:10)
      at Layer.handle_error (../m22-part3-route-writer/node_modules/express/lib/router/layer.js:67:12)
      at trim_prefix (../m22-part3-route-writer/node_modules/express/lib/router/index.js:326:13)
      at ../m22-part3-route-writer/node_modules/express/lib/router/index.js:286:9
      at router.process_params (../m22-part3-route-writer/node_modules/express/lib/router/index.js:346:12)
      at next (../m22-part3-route-writer/node_modules/express/lib/router/index.js:280:10)
      at Layer.handle_error (../m22-part3-route-writer/node_modules/express/lib/router/layer.js:67:12)
      at trim_prefix (../m22-part3-route-writer/node_modules/express/lib/router/index.js:326:13)
      at ../m22-part3-route-writer/node_modules/express/lib/router/index.js:286:9
      at router.process_params (../m22-part3-route-writer/node_modules/express/lib/router/index.js:346:12)
      at next (../m22-part3-route-writer/node_modules/express/lib/router/index.js:280:10)
      at Layer.handle_error (../m22-part3-route-writer/node_modules/express/lib/router/layer.js:67:12)
      at trim_prefix (../m22-part3-route-writer/node_modules/express/lib/router/index.js:326:13)
      at ../m22-part3-route-writer/node_modules/express/lib/router/index.js:286:9
      at router.process_params (../m22-part3-route-writer/node_modules/express/lib/router/index.js:346:12)
      at next (../m22-part3-route-writer/node_modules/express/lib/router/index.js:280:10)
      at Layer.handle_error (../m22-part3-route-writer/node_modules/express/lib/router/layer.js:67:12)
      at trim_prefix (../m22-part3-route-writer/node_modules/express/lib/router/index.js:326:13)
      at ../m22-part3-route-writer/node_modules/express/lib/router/index.js:286:9
      at router.process_params (../m22-part3-route-writer/node_modules/express/lib/router/index.js:346:12)
      at next (../m22-part3-route-writer/node_modules/express/lib/router/index.js:280:10)
      at Layer.handle_error (../m22-part3-route-writer/node_modules/express/lib/router/layer.js:67:12)
      at trim_prefix (../m22-part3-route-writer/node_modules/express/lib/router/index.js:326:13)
      at ../m22-part3-route-writer/node_modules/express/lib/router/index.js:286:9
      at router.process_params (../m22-part3-route-writer/node_modules/express/lib/router/index.js:346:12)
      at next (../m22-part3-route-writer/node_modules/express/lib/router/index.js:280:10)
      at Layer.handle_error (../m22-part3-route-writer/node_modules/express/lib/router/layer.js:67:12)
      at trim_prefix (../m22-part3-route-writer/node_modules/express/lib/router/index.js:326:13)
      at ../m22-part3-route-writer/node_modules/express/lib/router/index.js:286:9
      at router.process_params (../m22-part3-route-writer/node_modules/express/lib/router/index.js:346:12)
      at next (../m22-part3-route-writer/node_modules/express/lib/router/index.js:280:10)
      at Layer.handle_error (../m22-part3-route-writer/node_modules/express/lib/router/layer.js:67:12)
      at trim_prefix (../m22-part3-route-writer/node_modules/express/lib/router/index.js:326:13)
      at ../m22-part3-route-writer/node_modules/express/lib/router/index.js:286:9
      at router.process_params (../m22-part3-route-writer/node_modules/express/lib/router/index.js:346:12)
      at next (../m22-part3-route-writer/node_modules/express/lib/router/index.js:280:10)
      at next (src/scheduling/recommendationHttpBoundary.js:237:14)
      at next (src/middleware/security.js:52:3)
      at securityHeaders (src/scheduling/recommendationHttpBoundary.js:224:10)
      at Layer.handle [as handle_request] (../m22-part3-route-writer/node_modules/express/lib/router/layer.js:95:5)
      at trim_prefix (../m22-part3-route-writer/node_modules/express/lib/router/index.js:328:13)
      at ../m22-part3-route-writer/node_modules/express/lib/router/index.js:286:9
      at router.process_params (../m22-part3-route-writer/node_modules/express/lib/router/index.js:346:12)
      at next (../m22-part3-route-writer/node_modules/express/lib/router/index.js:280:10)
      at ../m22-part3-route-writer/node_modules/express/lib/router/index.js:646:15
      at next (../m22-part3-route-writer/node_modules/express/lib/router/index.js:265:14)
      at router.handle (../m22-part3-route-writer/node_modules/express/lib/router/index.js:175:3)
      at router (../m22-part3-route-writer/node_modules/express/lib/router/index.js:47:12)
      at Layer.handle [as handle_request] (../m22-part3-route-writer/node_modules/express/lib/router/layer.js:95:5)
      at trim_prefix (../m22-part3-route-writer/node_modules/express/lib/router/index.js:328:13)
      at ../m22-part3-route-writer/node_modules/express/lib/router/index.js:286:9
      at router.process_params (../m22-part3-route-writer/node_modules/express/lib/router/index.js:346:12)
      at next (../m22-part3-route-writer/node_modules/express/lib/router/index.js:280:10)
      at next (src/middleware/auditLog.js:25:3)
      at Layer.handle [as handle_request] (../m22-part3-route-writer/node_modules/express/lib/router/layer.js:95:5)
      at trim_prefix (../m22-part3-route-writer/node_modules/express/lib/router/index.js:328:13)
      at ../m22-part3-route-writer/node_modules/express/lib/router/index.js:286:9
      at router.process_params (../m22-part3-route-writer/node_modules/express/lib/router/index.js:346:12)
      at next (../m22-part3-route-writer/node_modules/express/lib/router/index.js:280:10)
      at cors (../m22-part3-route-writer/node_modules/cors/lib/index.js:188:7)

  console.error
    {
      component: 'http',
      event: 'request_failed',
      requestId: '070d51a3-25e2-4277-9a08-981142be892d',
      methodClass: 'POST',
      statusCode: 415
    }

      176 |     ...safeFields(fields),
      177 |   };
    > 178 |   console[level](record);
          |                 ^
      179 |   return record;
      180 | }
      181 |

      at write (src/observability/safeLogger.js:178:17)
      at Object.write (src/observability/safeLogger.js:191:10)
      at error (src/middleware/errorHandler.js:22:14)
      at Layer.handle_error (../m22-part3-route-writer/node_modules/express/lib/router/layer.js:71:5)
      at trim_prefix (../m22-part3-route-writer/node_modules/express/lib/router/index.js:326:13)
      at ../m22-part3-route-writer/node_modules/express/lib/router/index.js:286:9
      at router.process_params (../m22-part3-route-writer/node_modules/express/lib/router/index.js:346:12)
      at next (../m22-part3-route-writer/node_modules/express/lib/router/index.js:280:10)
      at Layer.handle_error (../m22-part3-route-writer/node_modules/express/lib/router/layer.js:67:12)
      at trim_prefix (../m22-part3-route-writer/node_modules/express/lib/router/index.js:326:13)
      at ../m22-part3-route-writer/node_modules/express/lib/router/index.js:286:9
      at router.process_params (../m22-part3-route-writer/node_modules/express/lib/router/index.js:346:12)
      at next (../m22-part3-route-writer/node_modules/express/lib/router/index.js:280:10)
      at Layer.handle_error (../m22-part3-route-writer/node_modules/express/lib/router/layer.js:67:12)
      at trim_prefix (../m22-part3-route-writer/node_modules/express/lib/router/index.js:326:13)
      at ../m22-part3-route-writer/node_modules/express/lib/router/index.js:286:9
      at router.process_params (../m22-part3-route-writer/node_modules/express/lib/router/index.js:346:12)
      at next (../m22-part3-route-writer/node_modules/express/lib/router/index.js:280:10)
      at Layer.handle_error (../m22-part3-route-writer/node_modules/express/lib/router/layer.js:67:12)
      at trim_prefix (../m22-part3-route-writer/node_modules/express/lib/router/index.js:326:13)
      at ../m22-part3-route-writer/node_modules/express/lib/router/index.js:286:9
      at router.process_params (../m22-part3-route-writer/node_modules/express/lib/router/index.js:346:12)
      at next (../m22-part3-route-writer/node_modules/express/lib/router/index.js:280:10)
      at Layer.handle_error (../m22-part3-route-writer/node_modules/express/lib/router/layer.js:67:12)
      at trim_prefix (../m22-part3-route-writer/node_modules/express/lib/router/index.js:326:13)
      at ../m22-part3-route-writer/node_modules/express/lib/router/index.js:286:9
      at router.process_params (../m22-part3-route-writer/node_modules/express/lib/router/index.js:346:12)
      at next (../m22-part3-route-writer/node_modules/express/lib/router/index.js:280:10)
      at Layer.handle_error (../m22-part3-route-writer/node_modules/express/lib/router/layer.js:67:12)
      at trim_prefix (../m22-part3-route-writer/node_modules/express/lib/router/index.js:326:13)
      at ../m22-part3-route-writer/node_modules/express/lib/router/index.js:286:9
      at router.process_params (../m22-part3-route-writer/node_modules/express/lib/router/index.js:346:12)
      at next (../m22-part3-route-writer/node_modules/express/lib/router/index.js:280:10)
      at Layer.handle_error (../m22-part3-route-writer/node_modules/express/lib/router/layer.js:67:12)
      at trim_prefix (../m22-part3-route-writer/node_modules/express/lib/router/index.js:326:13)
      at ../m22-part3-route-writer/node_modules/express/lib/router/index.js:286:9
      at router.process_params (../m22-part3-route-writer/node_modules/express/lib/router/index.js:346:12)
      at next (../m22-part3-route-writer/node_modules/express/lib/router/index.js:280:10)
      at Layer.handle_error (../m22-part3-route-writer/node_modules/express/lib/router/layer.js:67:12)
      at trim_prefix (../m22-part3-route-writer/node_modules/express/lib/router/index.js:326:13)
      at ../m22-part3-route-writer/node_modules/express/lib/router/index.js:286:9
      at router.process_params (../m22-part3-route-writer/node_modules/express/lib/router/index.js:346:12)
      at next (../m22-part3-route-writer/node_modules/express/lib/router/index.js:280:10)
      at Layer.handle_error (../m22-part3-route-writer/node_modules/express/lib/router/layer.js:67:12)
      at trim_prefix (../m22-part3-route-writer/node_modules/express/lib/router/index.js:326:13)
      at ../m22-part3-route-writer/node_modules/express/lib/router/index.js:286:9
      at router.process_params (../m22-part3-route-writer/node_modules/express/lib/router/index.js:346:12)
      at next (../m22-part3-route-writer/node_modules/express/lib/router/index.js:280:10)
      at Layer.handle_error (../m22-part3-route-writer/node_modules/express/lib/router/layer.js:67:12)
      at trim_prefix (../m22-part3-route-writer/node_modules/express/lib/router/index.js:326:13)
      at ../m22-part3-route-writer/node_modules/express/lib/router/index.js:286:9
      at router.process_params (../m22-part3-route-writer/node_modules/express/lib/router/index.js:346:12)
      at next (../m22-part3-route-writer/node_modules/express/lib/router/index.js:280:10)
      at Layer.handle_error (../m22-part3-route-writer/node_modules/express/lib/router/layer.js:67:12)
      at trim_prefix (../m22-part3-route-writer/node_modules/express/lib/router/index.js:326:13)
      at ../m22-part3-route-writer/node_modules/express/lib/router/index.js:286:9
      at router.process_params (../m22-part3-route-writer/node_modules/express/lib/router/index.js:346:12)
      at next (../m22-part3-route-writer/node_modules/express/lib/router/index.js:280:10)
      at Layer.handle_error (../m22-part3-route-writer/node_modules/express/lib/router/layer.js:67:12)
      at trim_prefix (../m22-part3-route-writer/node_modules/express/lib/router/index.js:326:13)
      at ../m22-part3-route-writer/node_modules/express/lib/router/index.js:286:9
      at router.process_params (../m22-part3-route-writer/node_modules/express/lib/router/index.js:346:12)
      at next (../m22-part3-route-writer/node_modules/express/lib/router/index.js:280:10)
      at Layer.handle_error (../m22-part3-route-writer/node_modules/express/lib/router/layer.js:67:12)
      at trim_prefix (../m22-part3-route-writer/node_modules/express/lib/router/index.js:326:13)
      at ../m22-part3-route-writer/node_modules/express/lib/router/index.js:286:9
      at router.process_params (../m22-part3-route-writer/node_modules/express/lib/router/index.js:346:12)
      at next (../m22-part3-route-writer/node_modules/express/lib/router/index.js:280:10)
      at Layer.handle_error (../m22-part3-route-writer/node_modules/express/lib/router/layer.js:67:12)
      at trim_prefix (../m22-part3-route-writer/node_modules/express/lib/router/index.js:326:13)
      at ../m22-part3-route-writer/node_modules/express/lib/router/index.js:286:9
      at router.process_params (../m22-part3-route-writer/node_modules/express/lib/router/index.js:346:12)
      at next (../m22-part3-route-writer/node_modules/express/lib/router/index.js:280:10)
      at next (src/scheduling/recommendationHttpBoundary.js:237:14)
      at next (src/middleware/security.js:52:3)
      at securityHeaders (src/scheduling/recommendationHttpBoundary.js:224:10)
      at Layer.handle [as handle_request] (../m22-part3-route-writer/node_modules/express/lib/router/layer.js:95:5)
      at trim_prefix (../m22-part3-route-writer/node_modules/express/lib/router/index.js:328:13)
      at ../m22-part3-route-writer/node_modules/express/lib/router/index.js:286:9
      at router.process_params (../m22-part3-route-writer/node_modules/express/lib/router/index.js:346:12)
      at next (../m22-part3-route-writer/node_modules/express/lib/router/index.js:280:10)
      at ../m22-part3-route-writer/node_modules/express/lib/router/index.js:646:15
      at next (../m22-part3-route-writer/node_modules/express/lib/router/index.js:265:14)
      at router.handle (../m22-part3-route-writer/node_modules/express/lib/router/index.js:175:3)
      at router (../m22-part3-route-writer/node_modules/express/lib/router/index.js:47:12)
      at Layer.handle [as handle_request] (../m22-part3-route-writer/node_modules/express/lib/router/layer.js:95:5)
      at trim_prefix (../m22-part3-route-writer/node_modules/express/lib/router/index.js:328:13)
      at ../m22-part3-route-writer/node_modules/express/lib/router/index.js:286:9
      at router.process_params (../m22-part3-route-writer/node_modules/express/lib/router/index.js:346:12)
      at next (../m22-part3-route-writer/node_modules/express/lib/router/index.js:280:10)
      at next (src/middleware/auditLog.js:25:3)
      at Layer.handle [as handle_request] (../m22-part3-route-writer/node_modules/express/lib/router/layer.js:95:5)
      at trim_prefix (../m22-part3-route-writer/node_modules/express/lib/router/index.js:328:13)
      at ../m22-part3-route-writer/node_modules/express/lib/router/index.js:286:9
      at router.process_params (../m22-part3-route-writer/node_modules/express/lib/router/index.js:346:12)
      at next (../m22-part3-route-writer/node_modules/express/lib/router/index.js:280:10)
      at cors (../m22-part3-route-writer/node_modules/cors/lib/index.js:188:7)

  console.error
    {
      component: 'http',
      event: 'request_failed',
      requestId: '7cf2008a-0428-40e2-ac65-b70409ff5cc5',
      methodClass: 'POST',
      statusCode: 415
    }

      176 |     ...safeFields(fields),
      177 |   };
    > 178 |   console[level](record);
          |                 ^
      179 |   return record;
      180 | }
      181 |

      at write (src/observability/safeLogger.js:178:17)
      at Object.write (src/observability/safeLogger.js:191:10)
      at error (src/middleware/errorHandler.js:22:14)
      at Layer.handle_error (../m22-part3-route-writer/node_modules/express/lib/router/layer.js:71:5)
      at trim_prefix (../m22-part3-route-writer/node_modules/express/lib/router/index.js:326:13)
      at ../m22-part3-route-writer/node_modules/express/lib/router/index.js:286:9
      at router.process_params (../m22-part3-route-writer/node_modules/express/lib/router/index.js:346:12)
      at next (../m22-part3-route-writer/node_modules/express/lib/router/index.js:280:10)
      at Layer.handle_error (../m22-part3-route-writer/node_modules/express/lib/router/layer.js:67:12)
      at trim_prefix (../m22-part3-route-writer/node_modules/express/lib/router/index.js:326:13)
      at ../m22-part3-route-writer/node_modules/express/lib/router/index.js:286:9
      at router.process_params (../m22-part3-route-writer/node_modules/express/lib/router/index.js:346:12)
      at next (../m22-part3-route-writer/node_modules/express/lib/router/index.js:280:10)
      at Layer.handle_error (../m22-part3-route-writer/node_modules/express/lib/router/layer.js:67:12)
      at trim_prefix (../m22-part3-route-writer/node_modules/express/lib/router/index.js:326:13)
      at ../m22-part3-route-writer/node_modules/express/lib/router/index.js:286:9
      at router.process_params (../m22-part3-route-writer/node_modules/express/lib/router/index.js:346:12)
      at next (../m22-part3-route-writer/node_modules/express/lib/router/index.js:280:10)
      at Layer.handle_error (../m22-part3-route-writer/node_modules/express/lib/router/layer.js:67:12)
      at trim_prefix (../m22-part3-route-writer/node_modules/express/lib/router/index.js:326:13)
      at ../m22-part3-route-writer/node_modules/express/lib/router/index.js:286:9
      at router.process_params (../m22-part3-route-writer/node_modules/express/lib/router/index.js:346:12)
      at next (../m22-part3-route-writer/node_modules/express/lib/router/index.js:280:10)
      at Layer.handle_error (../m22-part3-route-writer/node_modules/express/lib/router/layer.js:67:12)
      at trim_prefix (../m22-part3-route-writer/node_modules/express/lib/router/index.js:326:13)
      at ../m22-part3-route-writer/node_modules/express/lib/router/index.js:286:9
      at router.process_params (../m22-part3-route-writer/node_modules/express/lib/router/index.js:346:12)
      at next (../m22-part3-route-writer/node_modules/express/lib/router/index.js:280:10)
      at Layer.handle_error (../m22-part3-route-writer/node_modules/express/lib/router/layer.js:67:12)
      at trim_prefix (../m22-part3-route-writer/node_modules/express/lib/router/index.js:326:13)
      at ../m22-part3-route-writer/node_modules/express/lib/router/index.js:286:9
      at router.process_params (../m22-part3-route-writer/node_modules/express/lib/router/index.js:346:12)
      at next (../m22-part3-route-writer/node_modules/express/lib/router/index.js:280:10)
      at Layer.handle_error (../m22-part3-route-writer/node_modules/express/lib/router/layer.js:67:12)
      at trim_prefix (../m22-part3-route-writer/node_modules/express/lib/router/index.js:326:13)
      at ../m22-part3-route-writer/node_modules/express/lib/router/index.js:286:9
      at router.process_params (../m22-part3-route-writer/node_modules/express/lib/router/index.js:346:12)
      at next (../m22-part3-route-writer/node_modules/express/lib/router/index.js:280:10)
      at Layer.handle_error (../m22-part3-route-writer/node_modules/express/lib/router/layer.js:67:12)
      at trim_prefix (../m22-part3-route-writer/node_modules/express/lib/router/index.js:326:13)
      at ../m22-part3-route-writer/node_modules/express/lib/router/index.js:286:9
      at router.process_params (../m22-part3-route-writer/node_modules/express/lib/router/index.js:346:12)
      at next (../m22-part3-route-writer/node_modules/express/lib/router/index.js:280:10)
      at Layer.handle_error (../m22-part3-route-writer/node_modules/express/lib/router/layer.js:67:12)
      at trim_prefix (../m22-part3-route-writer/node_modules/express/lib/router/index.js:326:13)
      at ../m22-part3-route-writer/node_modules/express/lib/router/index.js:286:9
      at router.process_params (../m22-part3-route-writer/node_modules/express/lib/router/index.js:346:12)
      at next (../m22-part3-route-writer/node_modules/express/lib/router/index.js:280:10)
      at Layer.handle_error (../m22-part3-route-writer/node_modules/express/lib/router/layer.js:67:12)
      at trim_prefix (../m22-part3-route-writer/node_modules/express/lib/router/index.js:326:13)
      at ../m22-part3-route-writer/node_modules/express/lib/router/index.js:286:9
      at router.process_params (../m22-part3-route-writer/node_modules/express/lib/router/index.js:346:12)
      at next (../m22-part3-route-writer/node_modules/express/lib/router/index.js:280:10)
      at Layer.handle_error (../m22-part3-route-writer/node_modules/express/lib/router/layer.js:67:12)
      at trim_prefix (../m22-part3-route-writer/node_modules/express/lib/router/index.js:326:13)
      at ../m22-part3-route-writer/node_modules/express/lib/router/index.js:286:9
      at router.process_params (../m22-part3-route-writer/node_modules/express/lib/router/index.js:346:12)
      at next (../m22-part3-route-writer/node_modules/express/lib/router/index.js:280:10)
      at Layer.handle_error (../m22-part3-route-writer/node_modules/express/lib/router/layer.js:67:12)
      at trim_prefix (../m22-part3-route-writer/node_modules/express/lib/router/index.js:326:13)
      at ../m22-part3-route-writer/node_modules/express/lib/router/index.js:286:9
      at router.process_params (../m22-part3-route-writer/node_modules/express/lib/router/index.js:346:12)
      at next (../m22-part3-route-writer/node_modules/express/lib/router/index.js:280:10)
      at Layer.handle_error (../m22-part3-route-writer/node_modules/express/lib/router/layer.js:67:12)
      at trim_prefix (../m22-part3-route-writer/node_modules/express/lib/router/index.js:326:13)
      at ../m22-part3-route-writer/node_modules/express/lib/router/index.js:286:9
      at router.process_params (../m22-part3-route-writer/node_modules/express/lib/router/index.js:346:12)
      at next (../m22-part3-route-writer/node_modules/express/lib/router/index.js:280:10)
      at Layer.handle_error (../m22-part3-route-writer/node_modules/express/lib/router/layer.js:67:12)
      at trim_prefix (../m22-part3-route-writer/node_modules/express/lib/router/index.js:326:13)
      at ../m22-part3-route-writer/node_modules/express/lib/router/index.js:286:9
      at router.process_params (../m22-part3-route-writer/node_modules/express/lib/router/index.js:346:12)
      at next (../m22-part3-route-writer/node_modules/express/lib/router/index.js:280:10)
      at next (src/scheduling/recommendationHttpBoundary.js:237:14)
      at next (src/middleware/security.js:52:3)
      at securityHeaders (src/scheduling/recommendationHttpBoundary.js:224:10)
      at Layer.handle [as handle_request] (../m22-part3-route-writer/node_modules/express/lib/router/layer.js:95:5)
      at trim_prefix (../m22-part3-route-writer/node_modules/express/lib/router/index.js:328:13)
      at ../m22-part3-route-writer/node_modules/express/lib/router/index.js:286:9
      at router.process_params (../m22-part3-route-writer/node_modules/express/lib/router/index.js:346:12)
      at next (../m22-part3-route-writer/node_modules/express/lib/router/index.js:280:10)
      at ../m22-part3-route-writer/node_modules/express/lib/router/index.js:646:15
      at next (../m22-part3-route-writer/node_modules/express/lib/router/index.js:265:14)
      at router.handle (../m22-part3-route-writer/node_modules/express/lib/router/index.js:175:3)
      at router (../m22-part3-route-writer/node_modules/express/lib/router/index.js:47:12)
      at Layer.handle [as handle_request] (../m22-part3-route-writer/node_modules/express/lib/router/layer.js:95:5)
      at trim_prefix (../m22-part3-route-writer/node_modules/express/lib/router/index.js:328:13)
      at ../m22-part3-route-writer/node_modules/express/lib/router/index.js:286:9
      at router.process_params (../m22-part3-route-writer/node_modules/express/lib/router/index.js:346:12)
      at next (../m22-part3-route-writer/node_modules/express/lib/router/index.js:280:10)
      at next (src/middleware/auditLog.js:25:3)
      at Layer.handle [as handle_request] (../m22-part3-route-writer/node_modules/express/lib/router/layer.js:95:5)
      at trim_prefix (../m22-part3-route-writer/node_modules/express/lib/router/index.js:328:13)
      at ../m22-part3-route-writer/node_modules/express/lib/router/index.js:286:9
      at router.process_params (../m22-part3-route-writer/node_modules/express/lib/router/index.js:346:12)
      at next (../m22-part3-route-writer/node_modules/express/lib/router/index.js:280:10)
      at cors (../m22-part3-route-writer/node_modules/cors/lib/index.js:188:7)

  console.info
    {
      component: 'http',
      event: 'request_completed',
      requestId: '1d603a8b-977d-46da-a5bd-9aa541d263aa',
      methodClass: 'POST',
      durationMs: 112,
      statusCode: 200
    }

      at write (src/observability/safeLogger.js:178:17)

  console.info
    {
      component: 'http',
      event: 'request_completed',
      requestId: '2e2d3015-be54-40e0-b6e5-ad1a32664dc0',
      methodClass: 'POST',
      durationMs: 119,
      statusCode: 200
    }

      at write (src/observability/safeLogger.js:178:17)

  console.info
    {
      component: 'http',
      event: 'request_completed',
      requestId: 'b61b79ef-15b0-4d48-a4d8-caa0af423a53',
      methodClass: 'POST',
      durationMs: 114,
      statusCode: 200
    }

      at write (src/observability/safeLogger.js:178:17)

  console.error
    {
      component: 'http',
      event: 'request_failed',
      requestId: '4ad4e969-4d75-459c-aaf4-b45661cead92',
      methodClass: 'POST',
      statusCode: 400
    }

      176 |     ...safeFields(fields),
      177 |   };
    > 178 |   console[level](record);
          |                 ^
      179 |   return record;
      180 | }
      181 |

      at write (src/observability/safeLogger.js:178:17)
      at Object.write (src/observability/safeLogger.js:191:10)
      at error (src/middleware/errorHandler.js:22:14)
      at Layer.handle_error (../m22-part3-route-writer/node_modules/express/lib/router/layer.js:71:5)
      at trim_prefix (../m22-part3-route-writer/node_modules/express/lib/router/index.js:326:13)
      at ../m22-part3-route-writer/node_modules/express/lib/router/index.js:286:9
      at router.process_params (../m22-part3-route-writer/node_modules/express/lib/router/index.js:346:12)
      at next (../m22-part3-route-writer/node_modules/express/lib/router/index.js:280:10)
      at Layer.handle_error (../m22-part3-route-writer/node_modules/express/lib/router/layer.js:67:12)
      at trim_prefix (../m22-part3-route-writer/node_modules/express/lib/router/index.js:326:13)
      at ../m22-part3-route-writer/node_modules/express/lib/router/index.js:286:9
      at router.process_params (../m22-part3-route-writer/node_modules/express/lib/router/index.js:346:12)
      at next (../m22-part3-route-writer/node_modules/express/lib/router/index.js:280:10)
      at Layer.handle_error (../m22-part3-route-writer/node_modules/express/lib/router/layer.js:67:12)
      at trim_prefix (../m22-part3-route-writer/node_modules/express/lib/router/index.js:326:13)
      at ../m22-part3-route-writer/node_modules/express/lib/router/index.js:286:9
      at router.process_params (../m22-part3-route-writer/node_modules/express/lib/router/index.js:346:12)
      at next (../m22-part3-route-writer/node_modules/express/lib/router/index.js:280:10)
      at Layer.handle_error (../m22-part3-route-writer/node_modules/express/lib/router/layer.js:67:12)
      at trim_prefix (../m22-part3-route-writer/node_modules/express/lib/router/index.js:326:13)
      at ../m22-part3-route-writer/node_modules/express/lib/router/index.js:286:9
      at router.process_params (../m22-part3-route-writer/node_modules/express/lib/router/index.js:346:12)
      at next (../m22-part3-route-writer/node_modules/express/lib/router/index.js:280:10)
      at Layer.handle_error (../m22-part3-route-writer/node_modules/express/lib/router/layer.js:67:12)
      at trim_prefix (../m22-part3-route-writer/node_modules/express/lib/router/index.js:326:13)
      at ../m22-part3-route-writer/node_modules/express/lib/router/index.js:286:9
      at router.process_params (../m22-part3-route-writer/node_modules/express/lib/router/index.js:346:12)
      at next (../m22-part3-route-writer/node_modules/express/lib/router/index.js:280:10)
      at Layer.handle_error (../m22-part3-route-writer/node_modules/express/lib/router/layer.js:67:12)
      at trim_prefix (../m22-part3-route-writer/node_modules/express/lib/router/index.js:326:13)
      at ../m22-part3-route-writer/node_modules/express/lib/router/index.js:286:9
      at router.process_params (../m22-part3-route-writer/node_modules/express/lib/router/index.js:346:12)
      at next (../m22-part3-route-writer/node_modules/express/lib/router/index.js:280:10)
      at Layer.handle_error (../m22-part3-route-writer/node_modules/express/lib/router/layer.js:67:12)
      at trim_prefix (../m22-part3-route-writer/node_modules/express/lib/router/index.js:326:13)
      at ../m22-part3-route-writer/node_modules/express/lib/router/index.js:286:9
      at router.process_params (../m22-part3-route-writer/node_modules/express/lib/router/index.js:346:12)
      at next (../m22-part3-route-writer/node_modules/express/lib/router/index.js:280:10)
      at Layer.handle_error (../m22-part3-route-writer/node_modules/express/lib/router/layer.js:67:12)
      at trim_prefix (../m22-part3-route-writer/node_modules/express/lib/router/index.js:326:13)
      at ../m22-part3-route-writer/node_modules/express/lib/router/index.js:286:9
      at router.process_params (../m22-part3-route-writer/node_modules/express/lib/router/index.js:346:12)
      at next (../m22-part3-route-writer/node_modules/express/lib/router/index.js:280:10)
      at Layer.handle_error (../m22-part3-route-writer/node_modules/express/lib/router/layer.js:67:12)
      at trim_prefix (../m22-part3-route-writer/node_modules/express/lib/router/index.js:326:13)
      at ../m22-part3-route-writer/node_modules/express/lib/router/index.js:286:9
      at router.process_params (../m22-part3-route-writer/node_modules/express/lib/router/index.js:346:12)
      at next (../m22-part3-route-writer/node_modules/express/lib/router/index.js:280:10)
      at Layer.handle_error (../m22-part3-route-writer/node_modules/express/lib/router/layer.js:67:12)
      at trim_prefix (../m22-part3-route-writer/node_modules/express/lib/router/index.js:326:13)
      at ../m22-part3-route-writer/node_modules/express/lib/router/index.js:286:9
      at router.process_params (../m22-part3-route-writer/node_modules/express/lib/router/index.js:346:12)
      at next (../m22-part3-route-writer/node_modules/express/lib/router/index.js:280:10)
      at Layer.handle_error (../m22-part3-route-writer/node_modules/express/lib/router/layer.js:67:12)
      at trim_prefix (../m22-part3-route-writer/node_modules/express/lib/router/index.js:326:13)
      at ../m22-part3-route-writer/node_modules/express/lib/router/index.js:286:9
      at router.process_params (../m22-part3-route-writer/node_modules/express/lib/router/index.js:346:12)
      at next (../m22-part3-route-writer/node_modules/express/lib/router/index.js:280:10)
      at Layer.handle_error (../m22-part3-route-writer/node_modules/express/lib/router/layer.js:67:12)
      at trim_prefix (../m22-part3-route-writer/node_modules/express/lib/router/index.js:326:13)
      at ../m22-part3-route-writer/node_modules/express/lib/router/index.js:286:9
      at router.process_params (../m22-part3-route-writer/node_modules/express/lib/router/index.js:346:12)
      at next (../m22-part3-route-writer/node_modules/express/lib/router/index.js:280:10)
      at Layer.handle_error (../m22-part3-route-writer/node_modules/express/lib/router/layer.js:67:12)
      at trim_prefix (../m22-part3-route-writer/node_modules/express/lib/router/index.js:326:13)
      at ../m22-part3-route-writer/node_modules/express/lib/router/index.js:286:9
      at router.process_params (../m22-part3-route-writer/node_modules/express/lib/router/index.js:346:12)
      at next (../m22-part3-route-writer/node_modules/express/lib/router/index.js:280:10)
      at Layer.handle_error (../m22-part3-route-writer/node_modules/express/lib/router/layer.js:67:12)
      at trim_prefix (../m22-part3-route-writer/node_modules/express/lib/router/index.js:326:13)
      at ../m22-part3-route-writer/node_modules/express/lib/router/index.js:286:9
      at router.process_params (../m22-part3-route-writer/node_modules/express/lib/router/index.js:346:12)
      at next (../m22-part3-route-writer/node_modules/express/lib/router/index.js:280:10)
      at next (src/scheduling/recommendationHttpBoundary.js:255:16)
      at ../m22-part3-route-writer/node_modules/body-parser/lib/read.js:137:5
      at invokeCallback (../m22-part3-route-writer/node_modules/raw-body/index.js:238:16)
      at done (../m22-part3-route-writer/node_modules/raw-body/index.js:227:7)
      at IncomingMessage.onEnd (../m22-part3-route-writer/node_modules/raw-body/index.js:287:7)

  console.info
    {
      component: 'http',
      event: 'request_completed',
      requestId: '579ba1d6-4ff4-4471-9a79-fe082e698baa',
      methodClass: 'POST',
      durationMs: 0,
      statusCode: 401
    }

      at write (src/observability/safeLogger.js:178:17)

  console.info
    {
      component: 'http',
      event: 'request_completed',
      requestId: '3d5a7e7c-2ade-4231-82ff-56acf699057a',
      methodClass: 'POST',
      durationMs: 1,
      statusCode: 401
    }

      at write (src/observability/safeLogger.js:178:17)

  console.info
    {
      component: 'http',
      event: 'request_completed',
      requestId: '8e9bec60-56cb-4554-a8cf-9320dc8d1b5c',
      methodClass: 'POST',
      durationMs: 0,
      statusCode: 401
    }

      at write (src/observability/safeLogger.js:178:17)

  console.info
    {
      component: 'http',
      event: 'request_completed',
      requestId: 'b33dcd13-3d3d-4025-8ba7-fe9a9c122db6',
      methodClass: 'POST',
      durationMs: 0,
      statusCode: 401
    }

      at write (src/observability/safeLogger.js:178:17)

  console.info
    {
      component: 'http',
      event: 'request_completed',
      requestId: '4293a8c6-b318-4533-8481-34c7c0aae3fc',
      methodClass: 'POST',
      durationMs: 1,
      statusCode: 401
    }

      at write (src/observability/safeLogger.js:178:17)

  console.info
    {
      component: 'http',
      event: 'request_completed',
      requestId: 'b2cb72ea-4e78-4c5f-a50e-e2f8a9e547e7',
      methodClass: 'POST',
      durationMs: 0,
      statusCode: 401
    }

      at write (src/observability/safeLogger.js:178:17)

  console.info
    {
      component: 'http',
      event: 'request_completed',
      requestId: 'db0e3200-24dc-467f-8788-332a706eaec8',
      methodClass: 'POST',
      durationMs: 0,
      statusCode: 401
    }

      at write (src/observability/safeLogger.js:178:17)

  console.info
    {
      component: 'http',
      event: 'request_completed',
      requestId: 'cf4a0006-b8a1-47d6-b4ea-4a3fbe351ebb',
      methodClass: 'POST',
      durationMs: 0,
      statusCode: 401
    }

      at write (src/observability/safeLogger.js:178:17)

  console.info
    {
      component: 'http',
      event: 'request_completed',
      requestId: '7f5ee425-77b0-4da7-94d2-8bb28883a8b4',
      methodClass: 'POST',
      durationMs: 0,
      statusCode: 401
    }

      at write (src/observability/safeLogger.js:178:17)

  console.info
    {
      component: 'http',
      event: 'request_completed',
      requestId: '27fcc3c2-d564-410a-b3a4-532cb02e9374',
      methodClass: 'POST',
      durationMs: 0,
      statusCode: 401
    }

      at write (src/observability/safeLogger.js:178:17)

  console.info
    {
      component: 'http',
      event: 'request_completed',
      requestId: 'ef7e01e8-95cb-475e-ab9d-acad146adeae',
      methodClass: 'POST',
      durationMs: 1,
      statusCode: 401
    }

      at write (src/observability/safeLogger.js:178:17)

  console.info
    {
      component: 'http',
      event: 'request_completed',
      requestId: '980d1efc-7c8a-41e5-ad42-70c27a2b0f49',
      methodClass: 'POST',
      durationMs: 1,
      statusCode: 401
    }

      at write (src/observability/safeLogger.js:178:17)

  console.info
    {
      component: 'http',
      event: 'request_completed',
      requestId: '72ca056a-ca01-4c7d-8751-127ea485179c',
      methodClass: 'POST',
      durationMs: 1,
      statusCode: 401
    }

      at write (src/observability/safeLogger.js:178:17)

  console.info
    {
      component: 'http',
      event: 'request_completed',
      requestId: 'ece45752-d07e-4d28-b8af-7f25112de108',
      methodClass: 'POST',
      durationMs: 0,
      statusCode: 401
    }

      at write (src/observability/safeLogger.js:178:17)

  console.info
    {
      component: 'http',
      event: 'request_completed',
      requestId: 'c59b922e-619e-4595-88dd-bd82279f2ecc',
      methodClass: 'POST',
      durationMs: 0,
      statusCode: 401
    }

      at write (src/observability/safeLogger.js:178:17)

  console.info
    {
      component: 'http',
      event: 'request_completed',
      requestId: '6c707ac7-67d0-420b-8e1b-f1c2921d4e08',
      methodClass: 'POST',
      durationMs: 1,
      statusCode: 401
    }

      at write (src/observability/safeLogger.js:178:17)

  console.info
    {
      component: 'http',
      event: 'request_completed',
      requestId: '634781d0-cce8-4334-bfc2-7d3e27ef1cdd',
      methodClass: 'POST',
      durationMs: 0,
      statusCode: 401
    }

      at write (src/observability/safeLogger.js:178:17)

  console.info
    {
      component: 'http',
      event: 'request_completed',
      requestId: '4ba82d81-db50-470a-b230-eb171f900661',
      methodClass: 'POST',
      durationMs: 3,
      statusCode: 404
    }

      at write (src/observability/safeLogger.js:178:17)

  console.info
    {
      component: 'http',
      event: 'request_completed',
      requestId: '0fb54cf8-019d-47c0-89a9-78f6f2cfc3e0',
      methodClass: 'POST',
      durationMs: 1,
      statusCode: 404
    }

      at write (src/observability/safeLogger.js:178:17)

  console.info
    {
      component: 'http',
      event: 'request_completed',
      requestId: '975456d4-6e64-4450-908d-d3a38a6f71ae',
      methodClass: 'POST',
      durationMs: 1,
      statusCode: 404
    }

      at write (src/observability/safeLogger.js:178:17)

  console.info
    {
      component: 'http',
      event: 'request_completed',
      requestId: '0901263a-b558-411f-a525-ab49bf252256',
      methodClass: 'POST',
      durationMs: 0,
      statusCode: 404
    }

      at write (src/observability/safeLogger.js:178:17)

  console.info
    {
      component: 'http',
      event: 'request_completed',
      requestId: '0490a947-3819-4236-ae6b-24636e9d4c3f',
      methodClass: 'POST',
      durationMs: 0,
      statusCode: 404
    }

      at write (src/observability/safeLogger.js:178:17)

  console.error
    {
      component: 'http',
      event: 'request_failed',
      requestId: 'b8b0e275-db3c-41ad-9227-99b8ebae0ec1',
      methodClass: 'POST',
      statusCode: 500
    }

      176 |     ...safeFields(fields),
      177 |   };
    > 178 |   console[level](record);
          |                 ^
      179 |   return record;
      180 | }
      181 |

      at write (src/observability/safeLogger.js:178:17)
      at Object.write (src/observability/safeLogger.js:191:10)
      at error (src/middleware/errorHandler.js:22:14)
      at Layer.handle_error (../m22-part3-route-writer/node_modules/express/lib/router/layer.js:71:5)
      at trim_prefix (../m22-part3-route-writer/node_modules/express/lib/router/index.js:326:13)
      at ../m22-part3-route-writer/node_modules/express/lib/router/index.js:286:9
      at router.process_params (../m22-part3-route-writer/node_modules/express/lib/router/index.js:346:12)
      at next (../m22-part3-route-writer/node_modules/express/lib/router/index.js:280:10)
      at Layer.handle_error (../m22-part3-route-writer/node_modules/express/lib/router/layer.js:67:12)
      at trim_prefix (../m22-part3-route-writer/node_modules/express/lib/router/index.js:326:13)
      at ../m22-part3-route-writer/node_modules/express/lib/router/index.js:286:9
      at router.process_params (../m22-part3-route-writer/node_modules/express/lib/router/index.js:346:12)
      at next (../m22-part3-route-writer/node_modules/express/lib/router/index.js:280:10)
      at Layer.handle_error (../m22-part3-route-writer/node_modules/express/lib/router/layer.js:67:12)
      at trim_prefix (../m22-part3-route-writer/node_modules/express/lib/router/index.js:326:13)
      at ../m22-part3-route-writer/node_modules/express/lib/router/index.js:286:9
      at router.process_params (../m22-part3-route-writer/node_modules/express/lib/router/index.js:346:12)
      at next (../m22-part3-route-writer/node_modules/express/lib/router/index.js:280:10)
      at Layer.handle_error (../m22-part3-route-writer/node_modules/express/lib/router/layer.js:67:12)
      at trim_prefix (../m22-part3-route-writer/node_modules/express/lib/router/index.js:326:13)
      at ../m22-part3-route-writer/node_modules/express/lib/router/index.js:286:9
      at router.process_params (../m22-part3-route-writer/node_modules/express/lib/router/index.js:346:12)
      at next (../m22-part3-route-writer/node_modules/express/lib/router/index.js:280:10)
      at Layer.handle_error (../m22-part3-route-writer/node_modules/express/lib/router/layer.js:67:12)
      at trim_prefix (../m22-part3-route-writer/node_modules/express/lib/router/index.js:326:13)
      at ../m22-part3-route-writer/node_modules/express/lib/router/index.js:286:9
      at router.process_params (../m22-part3-route-writer/node_modules/express/lib/router/index.js:346:12)
      at next (../m22-part3-route-writer/node_modules/express/lib/router/index.js:280:10)
      at Layer.handle_error (../m22-part3-route-writer/node_modules/express/lib/router/layer.js:67:12)
      at trim_prefix (../m22-part3-route-writer/node_modules/express/lib/router/index.js:326:13)
      at ../m22-part3-route-writer/node_modules/express/lib/router/index.js:286:9
      at router.process_params (../m22-part3-route-writer/node_modules/express/lib/router/index.js:346:12)
      at next (../m22-part3-route-writer/node_modules/express/lib/router/index.js:280:10)
      at Layer.handle_error (../m22-part3-route-writer/node_modules/express/lib/router/layer.js:67:12)
      at trim_prefix (../m22-part3-route-writer/node_modules/express/lib/router/index.js:326:13)
      at ../m22-part3-route-writer/node_modules/express/lib/router/index.js:286:9
      at router.process_params (../m22-part3-route-writer/node_modules/express/lib/router/index.js:346:12)
      at next (../m22-part3-route-writer/node_modules/express/lib/router/index.js:280:10)
      at Layer.handle_error (../m22-part3-route-writer/node_modules/express/lib/router/layer.js:67:12)
      at trim_prefix (../m22-part3-route-writer/node_modules/express/lib/router/index.js:326:13)
      at ../m22-part3-route-writer/node_modules/express/lib/router/index.js:286:9
      at router.process_params (../m22-part3-route-writer/node_modules/express/lib/router/index.js:346:12)
      at next (../m22-part3-route-writer/node_modules/express/lib/router/index.js:280:10)
      at ../m22-part3-route-writer/node_modules/express/lib/router/index.js:646:15
      at next (../m22-part3-route-writer/node_modules/express/lib/router/index.js:265:14)
      at next (../m22-part3-route-writer/node_modules/express/lib/router/route.js:141:14)
      at Layer.handle_error (../m22-part3-route-writer/node_modules/express/lib/router/layer.js:67:12)
      at next (../m22-part3-route-writer/node_modules/express/lib/router/route.js:147:13)
      at Layer.handle_error (../m22-part3-route-writer/node_modules/express/lib/router/layer.js:67:12)
      at next (../m22-part3-route-writer/node_modules/express/lib/router/route.js:147:13)
      at Layer.handle_error (../m22-part3-route-writer/node_modules/express/lib/router/layer.js:67:12)
      at next (../m22-part3-route-writer/node_modules/express/lib/router/route.js:147:13)
      at Layer.handle_error (../m22-part3-route-writer/node_modules/express/lib/router/layer.js:67:12)
      at next (../m22-part3-route-writer/node_modules/express/lib/router/route.js:147:13)
      at next (src/scheduling/recommendationHttpBoundary.js:268:10)
      at Layer.handle [as handle_request] (../m22-part3-route-writer/node_modules/express/lib/router/layer.js:95:5)
      at next (../m22-part3-route-writer/node_modules/express/lib/router/route.js:149:13)
      at Route.dispatch (../m22-part3-route-writer/node_modules/express/lib/router/route.js:119:3)
      at Layer.handle [as handle_request] (../m22-part3-route-writer/node_modules/express/lib/router/layer.js:95:5)
      at ../m22-part3-route-writer/node_modules/express/lib/router/index.js:284:15
      at param (../m22-part3-route-writer/node_modules/express/lib/router/index.js:365:14)
      at param (../m22-part3-route-writer/node_modules/express/lib/router/index.js:376:14)
      at router.process_params (../m22-part3-route-writer/node_modules/express/lib/router/index.js:421:3)
      at next (../m22-part3-route-writer/node_modules/express/lib/router/index.js:280:10)
      at router.handle (../m22-part3-route-writer/node_modules/express/lib/router/index.js:175:3)
      at router (../m22-part3-route-writer/node_modules/express/lib/router/index.js:47:12)
      at Layer.handle [as handle_request] (../m22-part3-route-writer/node_modules/express/lib/router/layer.js:95:5)
      at trim_prefix (../m22-part3-route-writer/node_modules/express/lib/router/index.js:328:13)
      at ../m22-part3-route-writer/node_modules/express/lib/router/index.js:286:9
      at router.process_params (../m22-part3-route-writer/node_modules/express/lib/router/index.js:346:12)
      at next (../m22-part3-route-writer/node_modules/express/lib/router/index.js:280:10)
      at ../m22-part3-route-writer/node_modules/express/lib/router/index.js:646:15
      at next (../m22-part3-route-writer/node_modules/express/lib/router/index.js:265:14)
      at router.handle (../m22-part3-route-writer/node_modules/express/lib/router/index.js:175:3)
      at router (../m22-part3-route-writer/node_modules/express/lib/router/index.js:47:12)
      at Layer.handle [as handle_request] (../m22-part3-route-writer/node_modules/express/lib/router/layer.js:95:5)
      at trim_prefix (../m22-part3-route-writer/node_modules/express/lib/router/index.js:328:13)
      at ../m22-part3-route-writer/node_modules/express/lib/router/index.js:286:9
      at router.process_params (../m22-part3-route-writer/node_modules/express/lib/router/index.js:346:12)
      at next (../m22-part3-route-writer/node_modules/express/lib/router/index.js:280:10)
      at next (src/middleware/auditLog.js:168:3)
      at Layer.handle [as handle_request] (../m22-part3-route-writer/node_modules/express/lib/router/layer.js:95:5)
      at trim_prefix (../m22-part3-route-writer/node_modules/express/lib/router/index.js:328:13)
      at ../m22-part3-route-writer/node_modules/express/lib/router/index.js:286:9
      at router.process_params (../m22-part3-route-writer/node_modules/express/lib/router/index.js:346:12)
      at next (../m22-part3-route-writer/node_modules/express/lib/router/index.js:280:10)
      at next (src/middleware/security.js:52:3)
      at Layer.handle [as handle_request] (../m22-part3-route-writer/node_modules/express/lib/router/layer.js:95:5)
      at trim_prefix (../m22-part3-route-writer/node_modules/express/lib/router/index.js:328:13)
      at ../m22-part3-route-writer/node_modules/express/lib/router/index.js:286:9
      at router.process_params (../m22-part3-route-writer/node_modules/express/lib/router/index.js:346:12)
      at next (../m22-part3-route-writer/node_modules/express/lib/router/index.js:280:10)
      at ../m22-part3-route-writer/node_modules/body-parser/lib/read.js:137:5
      at invokeCallback (../m22-part3-route-writer/node_modules/raw-body/index.js:238:16)
      at done (../m22-part3-route-writer/node_modules/raw-body/index.js:227:7)
      at IncomingMessage.onEnd (../m22-part3-route-writer/node_modules/raw-body/index.js:287:7)

  console.info
    {
      component: 'http',
      event: 'request_completed',
      requestId: 'b8b0e275-db3c-41ad-9227-99b8ebae0ec1',
      methodClass: 'POST',
      durationMs: 5,
      statusCode: 500
    }

      at write (src/observability/safeLogger.js:178:17)

  console.error
    {
      component: 'http',
      event: 'request_failed',
      requestId: '8d309878-363f-4c2b-990f-a9746c115079',
      methodClass: 'POST',
      statusCode: 500
    }

      176 |     ...safeFields(fields),
      177 |   };
    > 178 |   console[level](record);
          |                 ^
      179 |   return record;
      180 | }
      181 |

      at write (src/observability/safeLogger.js:178:17)
      at Object.write (src/observability/safeLogger.js:191:10)
      at error (src/middleware/errorHandler.js:22:14)
      at Layer.handle_error (../m22-part3-route-writer/node_modules/express/lib/router/layer.js:71:5)
      at trim_prefix (../m22-part3-route-writer/node_modules/express/lib/router/index.js:326:13)
      at ../m22-part3-route-writer/node_modules/express/lib/router/index.js:286:9
      at router.process_params (../m22-part3-route-writer/node_modules/express/lib/router/index.js:346:12)
      at next (../m22-part3-route-writer/node_modules/express/lib/router/index.js:280:10)
      at Layer.handle_error (../m22-part3-route-writer/node_modules/express/lib/router/layer.js:67:12)
      at trim_prefix (../m22-part3-route-writer/node_modules/express/lib/router/index.js:326:13)
      at ../m22-part3-route-writer/node_modules/express/lib/router/index.js:286:9
      at router.process_params (../m22-part3-route-writer/node_modules/express/lib/router/index.js:346:12)
      at next (../m22-part3-route-writer/node_modules/express/lib/router/index.js:280:10)
      at Layer.handle_error (../m22-part3-route-writer/node_modules/express/lib/router/layer.js:67:12)
      at trim_prefix (../m22-part3-route-writer/node_modules/express/lib/router/index.js:326:13)
      at ../m22-part3-route-writer/node_modules/express/lib/router/index.js:286:9
      at router.process_params (../m22-part3-route-writer/node_modules/express/lib/router/index.js:346:12)
      at next (../m22-part3-route-writer/node_modules/express/lib/router/index.js:280:10)
      at Layer.handle_error (../m22-part3-route-writer/node_modules/express/lib/router/layer.js:67:12)
      at trim_prefix (../m22-part3-route-writer/node_modules/express/lib/router/index.js:326:13)
      at ../m22-part3-route-writer/node_modules/express/lib/router/index.js:286:9
      at router.process_params (../m22-part3-route-writer/node_modules/express/lib/router/index.js:346:12)
      at next (../m22-part3-route-writer/node_modules/express/lib/router/index.js:280:10)
      at Layer.handle_error (../m22-part3-route-writer/node_modules/express/lib/router/layer.js:67:12)
      at trim_prefix (../m22-part3-route-writer/node_modules/express/lib/router/index.js:326:13)
      at ../m22-part3-route-writer/node_modules/express/lib/router/index.js:286:9
      at router.process_params (../m22-part3-route-writer/node_modules/express/lib/router/index.js:346:12)
      at next (../m22-part3-route-writer/node_modules/express/lib/router/index.js:280:10)
      at Layer.handle_error (../m22-part3-route-writer/node_modules/express/lib/router/layer.js:67:12)
      at trim_prefix (../m22-part3-route-writer/node_modules/express/lib/router/index.js:326:13)
      at ../m22-part3-route-writer/node_modules/express/lib/router/index.js:286:9
      at router.process_params (../m22-part3-route-writer/node_modules/express/lib/router/index.js:346:12)
      at next (../m22-part3-route-writer/node_modules/express/lib/router/index.js:280:10)
      at Layer.handle_error (../m22-part3-route-writer/node_modules/express/lib/router/layer.js:67:12)
      at trim_prefix (../m22-part3-route-writer/node_modules/express/lib/router/index.js:326:13)
      at ../m22-part3-route-writer/node_modules/express/lib/router/index.js:286:9
      at router.process_params (../m22-part3-route-writer/node_modules/express/lib/router/index.js:346:12)
      at next (../m22-part3-route-writer/node_modules/express/lib/router/index.js:280:10)
      at Layer.handle_error (../m22-part3-route-writer/node_modules/express/lib/router/layer.js:67:12)
      at trim_prefix (../m22-part3-route-writer/node_modules/express/lib/router/index.js:326:13)
      at ../m22-part3-route-writer/node_modules/express/lib/router/index.js:286:9
      at router.process_params (../m22-part3-route-writer/node_modules/express/lib/router/index.js:346:12)
      at next (../m22-part3-route-writer/node_modules/express/lib/router/index.js:280:10)
      at ../m22-part3-route-writer/node_modules/express/lib/router/index.js:646:15
      at next (../m22-part3-route-writer/node_modules/express/lib/router/index.js:265:14)
      at next (../m22-part3-route-writer/node_modules/express/lib/router/route.js:141:14)
      at Layer.handle_error (../m22-part3-route-writer/node_modules/express/lib/router/layer.js:67:12)
      at next (../m22-part3-route-writer/node_modules/express/lib/router/route.js:147:13)
      at Layer.handle_error (../m22-part3-route-writer/node_modules/express/lib/router/layer.js:67:12)
      at next (../m22-part3-route-writer/node_modules/express/lib/router/route.js:147:13)
      at Layer.handle_error (../m22-part3-route-writer/node_modules/express/lib/router/layer.js:67:12)
      at next (../m22-part3-route-writer/node_modules/express/lib/router/route.js:147:13)
      at Layer.handle_error (../m22-part3-route-writer/node_modules/express/lib/router/layer.js:67:12)
      at next (../m22-part3-route-writer/node_modules/express/lib/router/route.js:147:13)
      at next (src/scheduling/recommendationHttpBoundary.js:268:10)
      at Layer.handle [as handle_request] (../m22-part3-route-writer/node_modules/express/lib/router/layer.js:95:5)
      at next (../m22-part3-route-writer/node_modules/express/lib/router/route.js:149:13)
      at Route.dispatch (../m22-part3-route-writer/node_modules/express/lib/router/route.js:119:3)
      at Layer.handle [as handle_request] (../m22-part3-route-writer/node_modules/express/lib/router/layer.js:95:5)
      at ../m22-part3-route-writer/node_modules/express/lib/router/index.js:284:15
      at param (../m22-part3-route-writer/node_modules/express/lib/router/index.js:365:14)
      at param (../m22-part3-route-writer/node_modules/express/lib/router/index.js:376:14)
      at router.process_params (../m22-part3-route-writer/node_modules/express/lib/router/index.js:421:3)
      at next (../m22-part3-route-writer/node_modules/express/lib/router/index.js:280:10)
      at router.handle (../m22-part3-route-writer/node_modules/express/lib/router/index.js:175:3)
      at router (../m22-part3-route-writer/node_modules/express/lib/router/index.js:47:12)
      at Layer.handle [as handle_request] (../m22-part3-route-writer/node_modules/express/lib/router/layer.js:95:5)
      at trim_prefix (../m22-part3-route-writer/node_modules/express/lib/router/index.js:328:13)
      at ../m22-part3-route-writer/node_modules/express/lib/router/index.js:286:9
      at router.process_params (../m22-part3-route-writer/node_modules/express/lib/router/index.js:346:12)
      at next (../m22-part3-route-writer/node_modules/express/lib/router/index.js:280:10)
      at ../m22-part3-route-writer/node_modules/express/lib/router/index.js:646:15
      at next (../m22-part3-route-writer/node_modules/express/lib/router/index.js:265:14)
      at router.handle (../m22-part3-route-writer/node_modules/express/lib/router/index.js:175:3)
      at router (../m22-part3-route-writer/node_modules/express/lib/router/index.js:47:12)
      at Layer.handle [as handle_request] (../m22-part3-route-writer/node_modules/express/lib/router/layer.js:95:5)
      at trim_prefix (../m22-part3-route-writer/node_modules/express/lib/router/index.js:328:13)
      at ../m22-part3-route-writer/node_modules/express/lib/router/index.js:286:9
      at router.process_params (../m22-part3-route-writer/node_modules/express/lib/router/index.js:346:12)
      at next (../m22-part3-route-writer/node_modules/express/lib/router/index.js:280:10)
      at next (src/middleware/auditLog.js:168:3)
      at Layer.handle [as handle_request] (../m22-part3-route-writer/node_modules/express/lib/router/layer.js:95:5)
      at trim_prefix (../m22-part3-route-writer/node_modules/express/lib/router/index.js:328:13)
      at ../m22-part3-route-writer/node_modules/express/lib/router/index.js:286:9
      at router.process_params (../m22-part3-route-writer/node_modules/express/lib/router/index.js:346:12)
      at next (../m22-part3-route-writer/node_modules/express/lib/router/index.js:280:10)
      at next (src/middleware/security.js:52:3)
      at Layer.handle [as handle_request] (../m22-part3-route-writer/node_modules/express/lib/router/layer.js:95:5)
      at trim_prefix (../m22-part3-route-writer/node_modules/express/lib/router/index.js:328:13)
      at ../m22-part3-route-writer/node_modules/express/lib/router/index.js:286:9
      at router.process_params (../m22-part3-route-writer/node_modules/express/lib/router/index.js:346:12)
      at next (../m22-part3-route-writer/node_modules/express/lib/router/index.js:280:10)
      at ../m22-part3-route-writer/node_modules/body-parser/lib/read.js:137:5
      at invokeCallback (../m22-part3-route-writer/node_modules/raw-body/index.js:238:16)
      at done (../m22-part3-route-writer/node_modules/raw-body/index.js:227:7)
      at IncomingMessage.onEnd (../m22-part3-route-writer/node_modules/raw-body/index.js:287:7)

  console.info
    {
      component: 'http',
      event: 'request_completed',
      requestId: '8d309878-363f-4c2b-990f-a9746c115079',
      methodClass: 'POST',
      durationMs: 4,
      statusCode: 500
    }

      at write (src/observability/safeLogger.js:178:17)

  console.error
    {
      component: 'http',
      event: 'request_failed',
      requestId: '4b6868fb-5772-4695-a579-ad1aeed59fee',
      methodClass: 'POST',
      statusCode: 500
    }

      176 |     ...safeFields(fields),
      177 |   };
    > 178 |   console[level](record);
          |                 ^
      179 |   return record;
      180 | }
      181 |

      at write (src/observability/safeLogger.js:178:17)
      at Object.write (src/observability/safeLogger.js:191:10)
      at error (src/middleware/errorHandler.js:22:14)
      at Layer.handle_error (../m22-part3-route-writer/node_modules/express/lib/router/layer.js:71:5)
      at trim_prefix (../m22-part3-route-writer/node_modules/express/lib/router/index.js:326:13)
      at ../m22-part3-route-writer/node_modules/express/lib/router/index.js:286:9
      at router.process_params (../m22-part3-route-writer/node_modules/express/lib/router/index.js:346:12)
      at next (../m22-part3-route-writer/node_modules/express/lib/router/index.js:280:10)
      at Layer.handle_error (../m22-part3-route-writer/node_modules/express/lib/router/layer.js:67:12)
      at trim_prefix (../m22-part3-route-writer/node_modules/express/lib/router/index.js:326:13)
      at ../m22-part3-route-writer/node_modules/express/lib/router/index.js:286:9
      at router.process_params (../m22-part3-route-writer/node_modules/express/lib/router/index.js:346:12)
      at next (../m22-part3-route-writer/node_modules/express/lib/router/index.js:280:10)
      at Layer.handle_error (../m22-part3-route-writer/node_modules/express/lib/router/layer.js:67:12)
      at trim_prefix (../m22-part3-route-writer/node_modules/express/lib/router/index.js:326:13)
      at ../m22-part3-route-writer/node_modules/express/lib/router/index.js:286:9
      at router.process_params (../m22-part3-route-writer/node_modules/express/lib/router/index.js:346:12)
      at next (../m22-part3-route-writer/node_modules/express/lib/router/index.js:280:10)
      at Layer.handle_error (../m22-part3-route-writer/node_modules/express/lib/router/layer.js:67:12)
      at trim_prefix (../m22-part3-route-writer/node_modules/express/lib/router/index.js:326:13)
      at ../m22-part3-route-writer/node_modules/express/lib/router/index.js:286:9
      at router.process_params (../m22-part3-route-writer/node_modules/express/lib/router/index.js:346:12)
      at next (../m22-part3-route-writer/node_modules/express/lib/router/index.js:280:10)
      at Layer.handle_error (../m22-part3-route-writer/node_modules/express/lib/router/layer.js:67:12)
      at trim_prefix (../m22-part3-route-writer/node_modules/express/lib/router/index.js:326:13)
      at ../m22-part3-route-writer/node_modules/express/lib/router/index.js:286:9
      at router.process_params (../m22-part3-route-writer/node_modules/express/lib/router/index.js:346:12)
      at next (../m22-part3-route-writer/node_modules/express/lib/router/index.js:280:10)
      at Layer.handle_error (../m22-part3-route-writer/node_modules/express/lib/router/layer.js:67:12)
      at trim_prefix (../m22-part3-route-writer/node_modules/express/lib/router/index.js:326:13)
      at ../m22-part3-route-writer/node_modules/express/lib/router/index.js:286:9
      at router.process_params (../m22-part3-route-writer/node_modules/express/lib/router/index.js:346:12)
      at next (../m22-part3-route-writer/node_modules/express/lib/router/index.js:280:10)
      at Layer.handle_error (../m22-part3-route-writer/node_modules/express/lib/router/layer.js:67:12)
      at trim_prefix (../m22-part3-route-writer/node_modules/express/lib/router/index.js:326:13)
      at ../m22-part3-route-writer/node_modules/express/lib/router/index.js:286:9
      at router.process_params (../m22-part3-route-writer/node_modules/express/lib/router/index.js:346:12)
      at next (../m22-part3-route-writer/node_modules/express/lib/router/index.js:280:10)
      at Layer.handle_error (../m22-part3-route-writer/node_modules/express/lib/router/layer.js:67:12)
      at trim_prefix (../m22-part3-route-writer/node_modules/express/lib/router/index.js:326:13)
      at ../m22-part3-route-writer/node_modules/express/lib/router/index.js:286:9
      at router.process_params (../m22-part3-route-writer/node_modules/express/lib/router/index.js:346:12)
      at next (../m22-part3-route-writer/node_modules/express/lib/router/index.js:280:10)
      at ../m22-part3-route-writer/node_modules/express/lib/router/index.js:646:15
      at next (../m22-part3-route-writer/node_modules/express/lib/router/index.js:265:14)
      at next (../m22-part3-route-writer/node_modules/express/lib/router/route.js:141:14)
      at Layer.handle_error (../m22-part3-route-writer/node_modules/express/lib/router/layer.js:67:12)
      at next (../m22-part3-route-writer/node_modules/express/lib/router/route.js:147:13)
      at Layer.handle_error (../m22-part3-route-writer/node_modules/express/lib/router/layer.js:67:12)
      at next (../m22-part3-route-writer/node_modules/express/lib/router/route.js:147:13)
      at Layer.handle_error (../m22-part3-route-writer/node_modules/express/lib/router/layer.js:67:12)
      at next (../m22-part3-route-writer/node_modules/express/lib/router/route.js:147:13)
      at Layer.handle_error (../m22-part3-route-writer/node_modules/express/lib/router/layer.js:67:12)
      at next (../m22-part3-route-writer/node_modules/express/lib/router/route.js:147:13)
      at next (src/scheduling/recommendationHttpBoundary.js:268:10)
      at Layer.handle [as handle_request] (../m22-part3-route-writer/node_modules/express/lib/router/layer.js:95:5)
      at next (../m22-part3-route-writer/node_modules/express/lib/router/route.js:149:13)
      at Route.dispatch (../m22-part3-route-writer/node_modules/express/lib/router/route.js:119:3)
      at Layer.handle [as handle_request] (../m22-part3-route-writer/node_modules/express/lib/router/layer.js:95:5)
      at ../m22-part3-route-writer/node_modules/express/lib/router/index.js:284:15
      at param (../m22-part3-route-writer/node_modules/express/lib/router/index.js:365:14)
      at param (../m22-part3-route-writer/node_modules/express/lib/router/index.js:376:14)
      at router.process_params (../m22-part3-route-writer/node_modules/express/lib/router/index.js:421:3)
      at next (../m22-part3-route-writer/node_modules/express/lib/router/index.js:280:10)
      at router.handle (../m22-part3-route-writer/node_modules/express/lib/router/index.js:175:3)
      at router (../m22-part3-route-writer/node_modules/express/lib/router/index.js:47:12)
      at Layer.handle [as handle_request] (../m22-part3-route-writer/node_modules/express/lib/router/layer.js:95:5)
      at trim_prefix (../m22-part3-route-writer/node_modules/express/lib/router/index.js:328:13)
      at ../m22-part3-route-writer/node_modules/express/lib/router/index.js:286:9
      at router.process_params (../m22-part3-route-writer/node_modules/express/lib/router/index.js:346:12)
      at next (../m22-part3-route-writer/node_modules/express/lib/router/index.js:280:10)
      at ../m22-part3-route-writer/node_modules/express/lib/router/index.js:646:15
      at next (../m22-part3-route-writer/node_modules/express/lib/router/index.js:265:14)
      at router.handle (../m22-part3-route-writer/node_modules/express/lib/router/index.js:175:3)
      at router (../m22-part3-route-writer/node_modules/express/lib/router/index.js:47:12)
      at Layer.handle [as handle_request] (../m22-part3-route-writer/node_modules/express/lib/router/layer.js:95:5)
      at trim_prefix (../m22-part3-route-writer/node_modules/express/lib/router/index.js:328:13)
      at ../m22-part3-route-writer/node_modules/express/lib/router/index.js:286:9
      at router.process_params (../m22-part3-route-writer/node_modules/express/lib/router/index.js:346:12)
      at next (../m22-part3-route-writer/node_modules/express/lib/router/index.js:280:10)
      at next (src/middleware/auditLog.js:168:3)
      at Layer.handle [as handle_request] (../m22-part3-route-writer/node_modules/express/lib/router/layer.js:95:5)
      at trim_prefix (../m22-part3-route-writer/node_modules/express/lib/router/index.js:328:13)
      at ../m22-part3-route-writer/node_modules/express/lib/router/index.js:286:9
      at router.process_params (../m22-part3-route-writer/node_modules/express/lib/router/index.js:346:12)
      at next (../m22-part3-route-writer/node_modules/express/lib/router/index.js:280:10)
      at next (src/middleware/security.js:52:3)
      at Layer.handle [as handle_request] (../m22-part3-route-writer/node_modules/express/lib/router/layer.js:95:5)
      at trim_prefix (../m22-part3-route-writer/node_modules/express/lib/router/index.js:328:13)
      at ../m22-part3-route-writer/node_modules/express/lib/router/index.js:286:9
      at router.process_params (../m22-part3-route-writer/node_modules/express/lib/router/index.js:346:12)
      at next (../m22-part3-route-writer/node_modules/express/lib/router/index.js:280:10)
      at ../m22-part3-route-writer/node_modules/body-parser/lib/read.js:137:5
      at invokeCallback (../m22-part3-route-writer/node_modules/raw-body/index.js:238:16)
      at done (../m22-part3-route-writer/node_modules/raw-body/index.js:227:7)
      at IncomingMessage.onEnd (../m22-part3-route-writer/node_modules/raw-body/index.js:287:7)

  console.info
    {
      component: 'http',
      event: 'request_completed',
      requestId: '4b6868fb-5772-4695-a579-ad1aeed59fee',
      methodClass: 'POST',
      durationMs: 3,
      statusCode: 500
    }

      at write (src/observability/safeLogger.js:178:17)

  console.error
    {
      component: 'http',
      event: 'request_failed',
      requestId: 'fa4c53f4-2b35-43c0-b7d1-3a8384bf974b',
      methodClass: 'POST',
      statusCode: 500
    }

      176 |     ...safeFields(fields),
      177 |   };
    > 178 |   console[level](record);
          |                 ^
      179 |   return record;
      180 | }
      181 |

      at write (src/observability/safeLogger.js:178:17)
      at Object.write (src/observability/safeLogger.js:191:10)
      at error (src/middleware/errorHandler.js:22:14)
      at Layer.handle_error (../m22-part3-route-writer/node_modules/express/lib/router/layer.js:71:5)
      at trim_prefix (../m22-part3-route-writer/node_modules/express/lib/router/index.js:326:13)
      at ../m22-part3-route-writer/node_modules/express/lib/router/index.js:286:9
      at router.process_params (../m22-part3-route-writer/node_modules/express/lib/router/index.js:346:12)
      at next (../m22-part3-route-writer/node_modules/express/lib/router/index.js:280:10)
      at Layer.handle_error (../m22-part3-route-writer/node_modules/express/lib/router/layer.js:67:12)
      at trim_prefix (../m22-part3-route-writer/node_modules/express/lib/router/index.js:326:13)
      at ../m22-part3-route-writer/node_modules/express/lib/router/index.js:286:9
      at router.process_params (../m22-part3-route-writer/node_modules/express/lib/router/index.js:346:12)
      at next (../m22-part3-route-writer/node_modules/express/lib/router/index.js:280:10)
      at Layer.handle_error (../m22-part3-route-writer/node_modules/express/lib/router/layer.js:67:12)
      at trim_prefix (../m22-part3-route-writer/node_modules/express/lib/router/index.js:326:13)
      at ../m22-part3-route-writer/node_modules/express/lib/router/index.js:286:9
      at router.process_params (../m22-part3-route-writer/node_modules/express/lib/router/index.js:346:12)
      at next (../m22-part3-route-writer/node_modules/express/lib/router/index.js:280:10)
      at Layer.handle_error (../m22-part3-route-writer/node_modules/express/lib/router/layer.js:67:12)
      at trim_prefix (../m22-part3-route-writer/node_modules/express/lib/router/index.js:326:13)
      at ../m22-part3-route-writer/node_modules/express/lib/router/index.js:286:9
      at router.process_params (../m22-part3-route-writer/node_modules/express/lib/router/index.js:346:12)
      at next (../m22-part3-route-writer/node_modules/express/lib/router/index.js:280:10)
      at Layer.handle_error (../m22-part3-route-writer/node_modules/express/lib/router/layer.js:67:12)
      at trim_prefix (../m22-part3-route-writer/node_modules/express/lib/router/index.js:326:13)
      at ../m22-part3-route-writer/node_modules/express/lib/router/index.js:286:9
      at router.process_params (../m22-part3-route-writer/node_modules/express/lib/router/index.js:346:12)
      at next (../m22-part3-route-writer/node_modules/express/lib/router/index.js:280:10)
      at Layer.handle_error (../m22-part3-route-writer/node_modules/express/lib/router/layer.js:67:12)
      at trim_prefix (../m22-part3-route-writer/node_modules/express/lib/router/index.js:326:13)
      at ../m22-part3-route-writer/node_modules/express/lib/router/index.js:286:9
      at router.process_params (../m22-part3-route-writer/node_modules/express/lib/router/index.js:346:12)
      at next (../m22-part3-route-writer/node_modules/express/lib/router/index.js:280:10)
      at Layer.handle_error (../m22-part3-route-writer/node_modules/express/lib/router/layer.js:67:12)
      at trim_prefix (../m22-part3-route-writer/node_modules/express/lib/router/index.js:326:13)
      at ../m22-part3-route-writer/node_modules/express/lib/router/index.js:286:9
      at router.process_params (../m22-part3-route-writer/node_modules/express/lib/router/index.js:346:12)
      at next (../m22-part3-route-writer/node_modules/express/lib/router/index.js:280:10)
      at Layer.handle_error (../m22-part3-route-writer/node_modules/express/lib/router/layer.js:67:12)
      at trim_prefix (../m22-part3-route-writer/node_modules/express/lib/router/index.js:326:13)
      at ../m22-part3-route-writer/node_modules/express/lib/router/index.js:286:9
      at router.process_params (../m22-part3-route-writer/node_modules/express/lib/router/index.js:346:12)
      at next (../m22-part3-route-writer/node_modules/express/lib/router/index.js:280:10)
      at ../m22-part3-route-writer/node_modules/express/lib/router/index.js:646:15
      at next (../m22-part3-route-writer/node_modules/express/lib/router/index.js:265:14)
      at next (../m22-part3-route-writer/node_modules/express/lib/router/route.js:141:14)
      at Layer.handle_error (../m22-part3-route-writer/node_modules/express/lib/router/layer.js:67:12)
      at next (../m22-part3-route-writer/node_modules/express/lib/router/route.js:147:13)
      at Layer.handle_error (../m22-part3-route-writer/node_modules/express/lib/router/layer.js:67:12)
      at next (../m22-part3-route-writer/node_modules/express/lib/router/route.js:147:13)
      at Layer.handle_error (../m22-part3-route-writer/node_modules/express/lib/router/layer.js:67:12)
      at next (../m22-part3-route-writer/node_modules/express/lib/router/route.js:147:13)
      at Layer.handle_error (../m22-part3-route-writer/node_modules/express/lib/router/layer.js:67:12)
      at next (../m22-part3-route-writer/node_modules/express/lib/router/route.js:147:13)
      at next (src/scheduling/recommendationHttpBoundary.js:268:10)
      at Layer.handle [as handle_request] (../m22-part3-route-writer/node_modules/express/lib/router/layer.js:95:5)
      at next (../m22-part3-route-writer/node_modules/express/lib/router/route.js:149:13)
      at Route.dispatch (../m22-part3-route-writer/node_modules/express/lib/router/route.js:119:3)
      at Layer.handle [as handle_request] (../m22-part3-route-writer/node_modules/express/lib/router/layer.js:95:5)
      at ../m22-part3-route-writer/node_modules/express/lib/router/index.js:284:15
      at param (../m22-part3-route-writer/node_modules/express/lib/router/index.js:365:14)
      at param (../m22-part3-route-writer/node_modules/express/lib/router/index.js:376:14)
      at router.process_params (../m22-part3-route-writer/node_modules/express/lib/router/index.js:421:3)
      at next (../m22-part3-route-writer/node_modules/express/lib/router/index.js:280:10)
      at router.handle (../m22-part3-route-writer/node_modules/express/lib/router/index.js:175:3)
      at router (../m22-part3-route-writer/node_modules/express/lib/router/index.js:47:12)
      at Layer.handle [as handle_request] (../m22-part3-route-writer/node_modules/express/lib/router/layer.js:95:5)
      at trim_prefix (../m22-part3-route-writer/node_modules/express/lib/router/index.js:328:13)
      at ../m22-part3-route-writer/node_modules/express/lib/router/index.js:286:9
      at router.process_params (../m22-part3-route-writer/node_modules/express/lib/router/index.js:346:12)
      at next (../m22-part3-route-writer/node_modules/express/lib/router/index.js:280:10)
      at ../m22-part3-route-writer/node_modules/express/lib/router/index.js:646:15
      at next (../m22-part3-route-writer/node_modules/express/lib/router/index.js:265:14)
      at router.handle (../m22-part3-route-writer/node_modules/express/lib/router/index.js:175:3)
      at router (../m22-part3-route-writer/node_modules/express/lib/router/index.js:47:12)
      at Layer.handle [as handle_request] (../m22-part3-route-writer/node_modules/express/lib/router/layer.js:95:5)
      at trim_prefix (../m22-part3-route-writer/node_modules/express/lib/router/index.js:328:13)
      at ../m22-part3-route-writer/node_modules/express/lib/router/index.js:286:9
      at router.process_params (../m22-part3-route-writer/node_modules/express/lib/router/index.js:346:12)
      at next (../m22-part3-route-writer/node_modules/express/lib/router/index.js:280:10)
      at next (src/middleware/auditLog.js:168:3)
      at Layer.handle [as handle_request] (../m22-part3-route-writer/node_modules/express/lib/router/layer.js:95:5)
      at trim_prefix (../m22-part3-route-writer/node_modules/express/lib/router/index.js:328:13)
      at ../m22-part3-route-writer/node_modules/express/lib/router/index.js:286:9
      at router.process_params (../m22-part3-route-writer/node_modules/express/lib/router/index.js:346:12)
      at next (../m22-part3-route-writer/node_modules/express/lib/router/index.js:280:10)
      at next (src/middleware/security.js:52:3)
      at Layer.handle [as handle_request] (../m22-part3-route-writer/node_modules/express/lib/router/layer.js:95:5)
      at trim_prefix (../m22-part3-route-writer/node_modules/express/lib/router/index.js:328:13)
      at ../m22-part3-route-writer/node_modules/express/lib/router/index.js:286:9
      at router.process_params (../m22-part3-route-writer/node_modules/express/lib/router/index.js:346:12)
      at next (../m22-part3-route-writer/node_modules/express/lib/router/index.js:280:10)
      at ../m22-part3-route-writer/node_modules/body-parser/lib/read.js:137:5
      at invokeCallback (../m22-part3-route-writer/node_modules/raw-body/index.js:238:16)
      at done (../m22-part3-route-writer/node_modules/raw-body/index.js:227:7)
      at IncomingMessage.onEnd (../m22-part3-route-writer/node_modules/raw-body/index.js:287:7)

  console.info
    {
      component: 'http',
      event: 'request_completed',
      requestId: 'fa4c53f4-2b35-43c0-b7d1-3a8384bf974b',
      methodClass: 'POST',
      durationMs: 4,
      statusCode: 500
    }

      at write (src/observability/safeLogger.js:178:17)

  console.error
    {
      component: 'http',
      event: 'request_failed',
      requestId: 'b230981f-9648-4d18-bfa9-1637aa534bdc',
      methodClass: 'POST',
      statusCode: 500
    }

      176 |     ...safeFields(fields),
      177 |   };
    > 178 |   console[level](record);
          |                 ^
      179 |   return record;
      180 | }
      181 |

      at write (src/observability/safeLogger.js:178:17)
      at Object.write (src/observability/safeLogger.js:191:10)
      at error (src/middleware/errorHandler.js:22:14)
      at Layer.handle_error (../m22-part3-route-writer/node_modules/express/lib/router/layer.js:71:5)
      at trim_prefix (../m22-part3-route-writer/node_modules/express/lib/router/index.js:326:13)
      at ../m22-part3-route-writer/node_modules/express/lib/router/index.js:286:9
      at router.process_params (../m22-part3-route-writer/node_modules/express/lib/router/index.js:346:12)
      at next (../m22-part3-route-writer/node_modules/express/lib/router/index.js:280:10)
      at Layer.handle_error (../m22-part3-route-writer/node_modules/express/lib/router/layer.js:67:12)
      at trim_prefix (../m22-part3-route-writer/node_modules/express/lib/router/index.js:326:13)
      at ../m22-part3-route-writer/node_modules/express/lib/router/index.js:286:9
      at router.process_params (../m22-part3-route-writer/node_modules/express/lib/router/index.js:346:12)
      at next (../m22-part3-route-writer/node_modules/express/lib/router/index.js:280:10)
      at Layer.handle_error (../m22-part3-route-writer/node_modules/express/lib/router/layer.js:67:12)
      at trim_prefix (../m22-part3-route-writer/node_modules/express/lib/router/index.js:326:13)
      at ../m22-part3-route-writer/node_modules/express/lib/router/index.js:286:9
      at router.process_params (../m22-part3-route-writer/node_modules/express/lib/router/index.js:346:12)
      at next (../m22-part3-route-writer/node_modules/express/lib/router/index.js:280:10)
      at Layer.handle_error (../m22-part3-route-writer/node_modules/express/lib/router/layer.js:67:12)
      at trim_prefix (../m22-part3-route-writer/node_modules/express/lib/router/index.js:326:13)
      at ../m22-part3-route-writer/node_modules/express/lib/router/index.js:286:9
      at router.process_params (../m22-part3-route-writer/node_modules/express/lib/router/index.js:346:12)
      at next (../m22-part3-route-writer/node_modules/express/lib/router/index.js:280:10)
      at Layer.handle_error (../m22-part3-route-writer/node_modules/express/lib/router/layer.js:67:12)
      at trim_prefix (../m22-part3-route-writer/node_modules/express/lib/router/index.js:326:13)
      at ../m22-part3-route-writer/node_modules/express/lib/router/index.js:286:9
      at router.process_params (../m22-part3-route-writer/node_modules/express/lib/router/index.js:346:12)
      at next (../m22-part3-route-writer/node_modules/express/lib/router/index.js:280:10)
      at Layer.handle_error (../m22-part3-route-writer/node_modules/express/lib/router/layer.js:67:12)
      at trim_prefix (../m22-part3-route-writer/node_modules/express/lib/router/index.js:326:13)
      at ../m22-part3-route-writer/node_modules/express/lib/router/index.js:286:9
      at router.process_params (../m22-part3-route-writer/node_modules/express/lib/router/index.js:346:12)
      at next (../m22-part3-route-writer/node_modules/express/lib/router/index.js:280:10)
      at Layer.handle_error (../m22-part3-route-writer/node_modules/express/lib/router/layer.js:67:12)
      at trim_prefix (../m22-part3-route-writer/node_modules/express/lib/router/index.js:326:13)
      at ../m22-part3-route-writer/node_modules/express/lib/router/index.js:286:9
      at router.process_params (../m22-part3-route-writer/node_modules/express/lib/router/index.js:346:12)
      at next (../m22-part3-route-writer/node_modules/express/lib/router/index.js:280:10)
      at Layer.handle_error (../m22-part3-route-writer/node_modules/express/lib/router/layer.js:67:12)
      at trim_prefix (../m22-part3-route-writer/node_modules/express/lib/router/index.js:326:13)
      at ../m22-part3-route-writer/node_modules/express/lib/router/index.js:286:9
      at router.process_params (../m22-part3-route-writer/node_modules/express/lib/router/index.js:346:12)
      at next (../m22-part3-route-writer/node_modules/express/lib/router/index.js:280:10)
      at ../m22-part3-route-writer/node_modules/express/lib/router/index.js:646:15
      at next (../m22-part3-route-writer/node_modules/express/lib/router/index.js:265:14)
      at next (../m22-part3-route-writer/node_modules/express/lib/router/route.js:141:14)
      at Layer.handle_error (../m22-part3-route-writer/node_modules/express/lib/router/layer.js:67:12)
      at next (../m22-part3-route-writer/node_modules/express/lib/router/route.js:147:13)
      at Layer.handle_error (../m22-part3-route-writer/node_modules/express/lib/router/layer.js:67:12)
      at next (../m22-part3-route-writer/node_modules/express/lib/router/route.js:147:13)
      at Layer.handle_error (../m22-part3-route-writer/node_modules/express/lib/router/layer.js:67:12)
      at next (../m22-part3-route-writer/node_modules/express/lib/router/route.js:147:13)
      at Layer.handle_error (../m22-part3-route-writer/node_modules/express/lib/router/layer.js:67:12)
      at next (../m22-part3-route-writer/node_modules/express/lib/router/route.js:147:13)
      at next (src/scheduling/recommendationHttpBoundary.js:268:10)
      at Layer.handle [as handle_request] (../m22-part3-route-writer/node_modules/express/lib/router/layer.js:95:5)
      at next (../m22-part3-route-writer/node_modules/express/lib/router/route.js:149:13)
      at Route.dispatch (../m22-part3-route-writer/node_modules/express/lib/router/route.js:119:3)
      at Layer.handle [as handle_request] (../m22-part3-route-writer/node_modules/express/lib/router/layer.js:95:5)
      at ../m22-part3-route-writer/node_modules/express/lib/router/index.js:284:15
      at param (../m22-part3-route-writer/node_modules/express/lib/router/index.js:365:14)
      at param (../m22-part3-route-writer/node_modules/express/lib/router/index.js:376:14)
      at router.process_params (../m22-part3-route-writer/node_modules/express/lib/router/index.js:421:3)
      at next (../m22-part3-route-writer/node_modules/express/lib/router/index.js:280:10)
      at router.handle (../m22-part3-route-writer/node_modules/express/lib/router/index.js:175:3)
      at router (../m22-part3-route-writer/node_modules/express/lib/router/index.js:47:12)
      at Layer.handle [as handle_request] (../m22-part3-route-writer/node_modules/express/lib/router/layer.js:95:5)
      at trim_prefix (../m22-part3-route-writer/node_modules/express/lib/router/index.js:328:13)
      at ../m22-part3-route-writer/node_modules/express/lib/router/index.js:286:9
      at router.process_params (../m22-part3-route-writer/node_modules/express/lib/router/index.js:346:12)
      at next (../m22-part3-route-writer/node_modules/express/lib/router/index.js:280:10)
      at ../m22-part3-route-writer/node_modules/express/lib/router/index.js:646:15
      at next (../m22-part3-route-writer/node_modules/express/lib/router/index.js:265:14)
      at router.handle (../m22-part3-route-writer/node_modules/express/lib/router/index.js:175:3)
      at router (../m22-part3-route-writer/node_modules/express/lib/router/index.js:47:12)
      at Layer.handle [as handle_request] (../m22-part3-route-writer/node_modules/express/lib/router/layer.js:95:5)
      at trim_prefix (../m22-part3-route-writer/node_modules/express/lib/router/index.js:328:13)
      at ../m22-part3-route-writer/node_modules/express/lib/router/index.js:286:9
      at router.process_params (../m22-part3-route-writer/node_modules/express/lib/router/index.js:346:12)
      at next (../m22-part3-route-writer/node_modules/express/lib/router/index.js:280:10)
      at next (src/middleware/auditLog.js:168:3)
      at Layer.handle [as handle_request] (../m22-part3-route-writer/node_modules/express/lib/router/layer.js:95:5)
      at trim_prefix (../m22-part3-route-writer/node_modules/express/lib/router/index.js:328:13)
      at ../m22-part3-route-writer/node_modules/express/lib/router/index.js:286:9
      at router.process_params (../m22-part3-route-writer/node_modules/express/lib/router/index.js:346:12)
      at next (../m22-part3-route-writer/node_modules/express/lib/router/index.js:280:10)
      at next (src/middleware/security.js:52:3)
      at Layer.handle [as handle_request] (../m22-part3-route-writer/node_modules/express/lib/router/layer.js:95:5)
      at trim_prefix (../m22-part3-route-writer/node_modules/express/lib/router/index.js:328:13)
      at ../m22-part3-route-writer/node_modules/express/lib/router/index.js:286:9
      at router.process_params (../m22-part3-route-writer/node_modules/express/lib/router/index.js:346:12)
      at next (../m22-part3-route-writer/node_modules/express/lib/router/index.js:280:10)
      at ../m22-part3-route-writer/node_modules/body-parser/lib/read.js:137:5
      at invokeCallback (../m22-part3-route-writer/node_modules/raw-body/index.js:238:16)
      at done (../m22-part3-route-writer/node_modules/raw-body/index.js:227:7)
      at IncomingMessage.onEnd (../m22-part3-route-writer/node_modules/raw-body/index.js:287:7)

  console.info
    {
      component: 'http',
      event: 'request_completed',
      requestId: 'b230981f-9648-4d18-bfa9-1637aa534bdc',
      methodClass: 'POST',
      durationMs: 5,
      statusCode: 500
    }

      at write (src/observability/safeLogger.js:178:17)

  console.error
    {
      component: 'http',
      event: 'request_failed',
      requestId: '14c242a5-8806-47ee-883f-8b7097d6c14a',
      methodClass: 'POST',
      statusCode: 400
    }

      176 |     ...safeFields(fields),
      177 |   };
    > 178 |   console[level](record);
          |                 ^
      179 |   return record;
      180 | }
      181 |

      at write (src/observability/safeLogger.js:178:17)
      at Object.write (src/observability/safeLogger.js:191:10)
      at error (src/middleware/errorHandler.js:22:14)
      at Layer.handle_error (../m22-part3-route-writer/node_modules/express/lib/router/layer.js:71:5)
      at trim_prefix (../m22-part3-route-writer/node_modules/express/lib/router/index.js:326:13)
      at ../m22-part3-route-writer/node_modules/express/lib/router/index.js:286:9
      at router.process_params (../m22-part3-route-writer/node_modules/express/lib/router/index.js:346:12)
      at next (../m22-part3-route-writer/node_modules/express/lib/router/index.js:280:10)
      at Layer.handle_error (../m22-part3-route-writer/node_modules/express/lib/router/layer.js:67:12)
      at trim_prefix (../m22-part3-route-writer/node_modules/express/lib/router/index.js:326:13)
      at ../m22-part3-route-writer/node_modules/express/lib/router/index.js:286:9
      at router.process_params (../m22-part3-route-writer/node_modules/express/lib/router/index.js:346:12)
      at next (../m22-part3-route-writer/node_modules/express/lib/router/index.js:280:10)
      at Layer.handle_error (../m22-part3-route-writer/node_modules/express/lib/router/layer.js:67:12)
      at trim_prefix (../m22-part3-route-writer/node_modules/express/lib/router/index.js:326:13)
      at ../m22-part3-route-writer/node_modules/express/lib/router/index.js:286:9
      at router.process_params (../m22-part3-route-writer/node_modules/express/lib/router/index.js:346:12)
      at next (../m22-part3-route-writer/node_modules/express/lib/router/index.js:280:10)
      at Layer.handle_error (../m22-part3-route-writer/node_modules/express/lib/router/layer.js:67:12)
      at trim_prefix (../m22-part3-route-writer/node_modules/express/lib/router/index.js:326:13)
      at ../m22-part3-route-writer/node_modules/express/lib/router/index.js:286:9
      at router.process_params (../m22-part3-route-writer/node_modules/express/lib/router/index.js:346:12)
      at next (../m22-part3-route-writer/node_modules/express/lib/router/index.js:280:10)
      at Layer.handle_error (../m22-part3-route-writer/node_modules/express/lib/router/layer.js:67:12)
      at trim_prefix (../m22-part3-route-writer/node_modules/express/lib/router/index.js:326:13)
      at ../m22-part3-route-writer/node_modules/express/lib/router/index.js:286:9
      at router.process_params (../m22-part3-route-writer/node_modules/express/lib/router/index.js:346:12)
      at next (../m22-part3-route-writer/node_modules/express/lib/router/index.js:280:10)
      at Layer.handle_error (../m22-part3-route-writer/node_modules/express/lib/router/layer.js:67:12)
      at trim_prefix (../m22-part3-route-writer/node_modules/express/lib/router/index.js:326:13)
      at ../m22-part3-route-writer/node_modules/express/lib/router/index.js:286:9
      at router.process_params (../m22-part3-route-writer/node_modules/express/lib/router/index.js:346:12)
      at next (../m22-part3-route-writer/node_modules/express/lib/router/index.js:280:10)
      at Layer.handle_error (../m22-part3-route-writer/node_modules/express/lib/router/layer.js:67:12)
      at trim_prefix (../m22-part3-route-writer/node_modules/express/lib/router/index.js:326:13)
      at ../m22-part3-route-writer/node_modules/express/lib/router/index.js:286:9
      at router.process_params (../m22-part3-route-writer/node_modules/express/lib/router/index.js:346:12)
      at next (../m22-part3-route-writer/node_modules/express/lib/router/index.js:280:10)
      at Layer.handle_error (../m22-part3-route-writer/node_modules/express/lib/router/layer.js:67:12)
      at trim_prefix (../m22-part3-route-writer/node_modules/express/lib/router/index.js:326:13)
      at ../m22-part3-route-writer/node_modules/express/lib/router/index.js:286:9
      at router.process_params (../m22-part3-route-writer/node_modules/express/lib/router/index.js:346:12)
      at next (../m22-part3-route-writer/node_modules/express/lib/router/index.js:280:10)
      at ../m22-part3-route-writer/node_modules/express/lib/router/index.js:646:15
      at next (../m22-part3-route-writer/node_modules/express/lib/router/index.js:265:14)
      at router.handle (../m22-part3-route-writer/node_modules/express/lib/router/index.js:175:3)
      at router (../m22-part3-route-writer/node_modules/express/lib/router/index.js:47:12)
      at Layer.handle [as handle_request] (../m22-part3-route-writer/node_modules/express/lib/router/layer.js:95:5)
      at trim_prefix (../m22-part3-route-writer/node_modules/express/lib/router/index.js:328:13)
      at ../m22-part3-route-writer/node_modules/express/lib/router/index.js:286:9
      at router.process_params (../m22-part3-route-writer/node_modules/express/lib/router/index.js:346:12)
      at next (../m22-part3-route-writer/node_modules/express/lib/router/index.js:280:10)
      at ../m22-part3-route-writer/node_modules/express/lib/router/index.js:646:15
      at next (../m22-part3-route-writer/node_modules/express/lib/router/index.js:265:14)
      at router.handle (../m22-part3-route-writer/node_modules/express/lib/router/index.js:175:3)
      at router (../m22-part3-route-writer/node_modules/express/lib/router/index.js:47:12)
      at Layer.handle [as handle_request] (../m22-part3-route-writer/node_modules/express/lib/router/layer.js:95:5)
      at trim_prefix (../m22-part3-route-writer/node_modules/express/lib/router/index.js:328:13)
      at ../m22-part3-route-writer/node_modules/express/lib/router/index.js:286:9
      at router.process_params (../m22-part3-route-writer/node_modules/express/lib/router/index.js:346:12)
      at next (../m22-part3-route-writer/node_modules/express/lib/router/index.js:280:10)
      at next (src/middleware/auditLog.js:168:3)
      at Layer.handle [as handle_request] (../m22-part3-route-writer/node_modules/express/lib/router/layer.js:95:5)
      at trim_prefix (../m22-part3-route-writer/node_modules/express/lib/router/index.js:328:13)
      at ../m22-part3-route-writer/node_modules/express/lib/router/index.js:286:9
      at router.process_params (../m22-part3-route-writer/node_modules/express/lib/router/index.js:346:12)
      at next (../m22-part3-route-writer/node_modules/express/lib/router/index.js:280:10)
      at next (src/middleware/security.js:52:3)
      at Layer.handle [as handle_request] (../m22-part3-route-writer/node_modules/express/lib/router/layer.js:95:5)
      at trim_prefix (../m22-part3-route-writer/node_modules/express/lib/router/index.js:328:13)
      at ../m22-part3-route-writer/node_modules/express/lib/router/index.js:286:9
      at router.process_params (../m22-part3-route-writer/node_modules/express/lib/router/index.js:346:12)
      at next (../m22-part3-route-writer/node_modules/express/lib/router/index.js:280:10)
      at ../m22-part3-route-writer/node_modules/body-parser/lib/read.js:137:5
      at invokeCallback (../m22-part3-route-writer/node_modules/raw-body/index.js:238:16)
      at done (../m22-part3-route-writer/node_modules/raw-body/index.js:227:7)
      at IncomingMessage.onEnd (../m22-part3-route-writer/node_modules/raw-body/index.js:287:7)

  console.info
    {
      component: 'http',
      event: 'request_completed',
      requestId: '14c242a5-8806-47ee-883f-8b7097d6c14a',
      methodClass: 'POST',
      durationMs: 5,
      statusCode: 400
    }

      at write (src/observability/safeLogger.js:178:17)

  console.error
    {
      component: 'http',
      event: 'request_failed',
      requestId: 'df6a326d-ecaa-4838-a4df-1aec506de282',
      methodClass: 'POST',
      statusCode: 413
    }

      176 |     ...safeFields(fields),
      177 |   };
    > 178 |   console[level](record);
          |                 ^
      179 |   return record;
      180 | }
      181 |

      at write (src/observability/safeLogger.js:178:17)
      at Object.write (src/observability/safeLogger.js:191:10)
      at error (src/middleware/errorHandler.js:22:14)
      at Layer.handle_error (../m22-part3-route-writer/node_modules/express/lib/router/layer.js:71:5)
      at trim_prefix (../m22-part3-route-writer/node_modules/express/lib/router/index.js:326:13)
      at ../m22-part3-route-writer/node_modules/express/lib/router/index.js:286:9
      at router.process_params (../m22-part3-route-writer/node_modules/express/lib/router/index.js:346:12)
      at next (../m22-part3-route-writer/node_modules/express/lib/router/index.js:280:10)
      at Layer.handle_error (../m22-part3-route-writer/node_modules/express/lib/router/layer.js:67:12)
      at trim_prefix (../m22-part3-route-writer/node_modules/express/lib/router/index.js:326:13)
      at ../m22-part3-route-writer/node_modules/express/lib/router/index.js:286:9
      at router.process_params (../m22-part3-route-writer/node_modules/express/lib/router/index.js:346:12)
      at next (../m22-part3-route-writer/node_modules/express/lib/router/index.js:280:10)
      at Layer.handle_error (../m22-part3-route-writer/node_modules/express/lib/router/layer.js:67:12)
      at trim_prefix (../m22-part3-route-writer/node_modules/express/lib/router/index.js:326:13)
      at ../m22-part3-route-writer/node_modules/express/lib/router/index.js:286:9
      at router.process_params (../m22-part3-route-writer/node_modules/express/lib/router/index.js:346:12)
      at next (../m22-part3-route-writer/node_modules/express/lib/router/index.js:280:10)
      at Layer.handle_error (../m22-part3-route-writer/node_modules/express/lib/router/layer.js:67:12)
      at trim_prefix (../m22-part3-route-writer/node_modules/express/lib/router/index.js:326:13)
      at ../m22-part3-route-writer/node_modules/express/lib/router/index.js:286:9
      at router.process_params (../m22-part3-route-writer/node_modules/express/lib/router/index.js:346:12)
      at next (../m22-part3-route-writer/node_modules/express/lib/router/index.js:280:10)
      at Layer.handle_error (../m22-part3-route-writer/node_modules/express/lib/router/layer.js:67:12)
      at trim_prefix (../m22-part3-route-writer/node_modules/express/lib/router/index.js:326:13)
      at ../m22-part3-route-writer/node_modules/express/lib/router/index.js:286:9
      at router.process_params (../m22-part3-route-writer/node_modules/express/lib/router/index.js:346:12)
      at next (../m22-part3-route-writer/node_modules/express/lib/router/index.js:280:10)
      at Layer.handle_error (../m22-part3-route-writer/node_modules/express/lib/router/layer.js:67:12)
      at trim_prefix (../m22-part3-route-writer/node_modules/express/lib/router/index.js:326:13)
      at ../m22-part3-route-writer/node_modules/express/lib/router/index.js:286:9
      at router.process_params (../m22-part3-route-writer/node_modules/express/lib/router/index.js:346:12)
      at next (../m22-part3-route-writer/node_modules/express/lib/router/index.js:280:10)
      at Layer.handle_error (../m22-part3-route-writer/node_modules/express/lib/router/layer.js:67:12)
      at trim_prefix (../m22-part3-route-writer/node_modules/express/lib/router/index.js:326:13)
      at ../m22-part3-route-writer/node_modules/express/lib/router/index.js:286:9
      at router.process_params (../m22-part3-route-writer/node_modules/express/lib/router/index.js:346:12)
      at next (../m22-part3-route-writer/node_modules/express/lib/router/index.js:280:10)
      at Layer.handle_error (../m22-part3-route-writer/node_modules/express/lib/router/layer.js:67:12)
      at trim_prefix (../m22-part3-route-writer/node_modules/express/lib/router/index.js:326:13)
      at ../m22-part3-route-writer/node_modules/express/lib/router/index.js:286:9
      at router.process_params (../m22-part3-route-writer/node_modules/express/lib/router/index.js:346:12)
      at next (../m22-part3-route-writer/node_modules/express/lib/router/index.js:280:10)
      at Layer.handle_error (../m22-part3-route-writer/node_modules/express/lib/router/layer.js:67:12)
      at trim_prefix (../m22-part3-route-writer/node_modules/express/lib/router/index.js:326:13)
      at ../m22-part3-route-writer/node_modules/express/lib/router/index.js:286:9
      at router.process_params (../m22-part3-route-writer/node_modules/express/lib/router/index.js:346:12)
      at next (../m22-part3-route-writer/node_modules/express/lib/router/index.js:280:10)
      at Layer.handle_error (../m22-part3-route-writer/node_modules/express/lib/router/layer.js:67:12)
      at trim_prefix (../m22-part3-route-writer/node_modules/express/lib/router/index.js:326:13)
      at ../m22-part3-route-writer/node_modules/express/lib/router/index.js:286:9
      at router.process_params (../m22-part3-route-writer/node_modules/express/lib/router/index.js:346:12)
      at next (../m22-part3-route-writer/node_modules/express/lib/router/index.js:280:10)
      at Layer.handle_error (../m22-part3-route-writer/node_modules/express/lib/router/layer.js:67:12)
      at trim_prefix (../m22-part3-route-writer/node_modules/express/lib/router/index.js:326:13)
      at ../m22-part3-route-writer/node_modules/express/lib/router/index.js:286:9
      at router.process_params (../m22-part3-route-writer/node_modules/express/lib/router/index.js:346:12)
      at next (../m22-part3-route-writer/node_modules/express/lib/router/index.js:280:10)
      at Layer.handle_error (../m22-part3-route-writer/node_modules/express/lib/router/layer.js:67:12)
      at trim_prefix (../m22-part3-route-writer/node_modules/express/lib/router/index.js:326:13)
      at ../m22-part3-route-writer/node_modules/express/lib/router/index.js:286:9
      at router.process_params (../m22-part3-route-writer/node_modules/express/lib/router/index.js:346:12)
      at next (../m22-part3-route-writer/node_modules/express/lib/router/index.js:280:10)
      at Layer.handle_error (../m22-part3-route-writer/node_modules/express/lib/router/layer.js:67:12)
      at trim_prefix (../m22-part3-route-writer/node_modules/express/lib/router/index.js:326:13)
      at ../m22-part3-route-writer/node_modules/express/lib/router/index.js:286:9
      at router.process_params (../m22-part3-route-writer/node_modules/express/lib/router/index.js:346:12)
      at next (../m22-part3-route-writer/node_modules/express/lib/router/index.js:280:10)
      at Layer.handle_error (../m22-part3-route-writer/node_modules/express/lib/router/layer.js:67:12)
      at trim_prefix (../m22-part3-route-writer/node_modules/express/lib/router/index.js:326:13)
      at ../m22-part3-route-writer/node_modules/express/lib/router/index.js:286:9
      at router.process_params (../m22-part3-route-writer/node_modules/express/lib/router/index.js:346:12)
      at next (../m22-part3-route-writer/node_modules/express/lib/router/index.js:280:10)
      at next (src/scheduling/recommendationHttpBoundary.js:241:25)
      at onfinished (../m22-part3-route-writer/node_modules/body-parser/lib/read.js:102:9)
      at listener (../m22-part3-route-writer/node_modules/on-finished/index.js:170:15)
      at onFinish (../m22-part3-route-writer/node_modules/on-finished/index.js:101:5)
      at callback (../m22-part3-route-writer/node_modules/ee-first/index.js:55:10)
      at IncomingMessage.onevent (../m22-part3-route-writer/node_modules/ee-first/index.js:93:5)

  console.error
    {
      component: 'http',
      event: 'request_failed',
      requestId: '0eb0ecf1-584e-436d-8901-362343332a04',
      methodClass: 'POST',
      statusCode: 400
    }

      176 |     ...safeFields(fields),
      177 |   };
    > 178 |   console[level](record);
          |                 ^
      179 |   return record;
      180 | }
      181 |

      at write (src/observability/safeLogger.js:178:17)
      at Object.write (src/observability/safeLogger.js:191:10)
      at error (src/middleware/errorHandler.js:22:14)
      at Layer.handle_error (../m22-part3-route-writer/node_modules/express/lib/router/layer.js:71:5)
      at trim_prefix (../m22-part3-route-writer/node_modules/express/lib/router/index.js:326:13)
      at ../m22-part3-route-writer/node_modules/express/lib/router/index.js:286:9
      at router.process_params (../m22-part3-route-writer/node_modules/express/lib/router/index.js:346:12)
      at next (../m22-part3-route-writer/node_modules/express/lib/router/index.js:280:10)
      at Layer.handle_error (../m22-part3-route-writer/node_modules/express/lib/router/layer.js:67:12)
      at trim_prefix (../m22-part3-route-writer/node_modules/express/lib/router/index.js:326:13)
      at ../m22-part3-route-writer/node_modules/express/lib/router/index.js:286:9
      at router.process_params (../m22-part3-route-writer/node_modules/express/lib/router/index.js:346:12)
      at next (../m22-part3-route-writer/node_modules/express/lib/router/index.js:280:10)
      at Layer.handle_error (../m22-part3-route-writer/node_modules/express/lib/router/layer.js:67:12)
      at trim_prefix (../m22-part3-route-writer/node_modules/express/lib/router/index.js:326:13)
      at ../m22-part3-route-writer/node_modules/express/lib/router/index.js:286:9
      at router.process_params (../m22-part3-route-writer/node_modules/express/lib/router/index.js:346:12)
      at next (../m22-part3-route-writer/node_modules/express/lib/router/index.js:280:10)
      at Layer.handle_error (../m22-part3-route-writer/node_modules/express/lib/router/layer.js:67:12)
      at trim_prefix (../m22-part3-route-writer/node_modules/express/lib/router/index.js:326:13)
      at ../m22-part3-route-writer/node_modules/express/lib/router/index.js:286:9
      at router.process_params (../m22-part3-route-writer/node_modules/express/lib/router/index.js:346:12)
      at next (../m22-part3-route-writer/node_modules/express/lib/router/index.js:280:10)
      at Layer.handle_error (../m22-part3-route-writer/node_modules/express/lib/router/layer.js:67:12)
      at trim_prefix (../m22-part3-route-writer/node_modules/express/lib/router/index.js:326:13)
      at ../m22-part3-route-writer/node_modules/express/lib/router/index.js:286:9
      at router.process_params (../m22-part3-route-writer/node_modules/express/lib/router/index.js:346:12)
      at next (../m22-part3-route-writer/node_modules/express/lib/router/index.js:280:10)
      at Layer.handle_error (../m22-part3-route-writer/node_modules/express/lib/router/layer.js:67:12)
      at trim_prefix (../m22-part3-route-writer/node_modules/express/lib/router/index.js:326:13)
      at ../m22-part3-route-writer/node_modules/express/lib/router/index.js:286:9
      at router.process_params (../m22-part3-route-writer/node_modules/express/lib/router/index.js:346:12)
      at next (../m22-part3-route-writer/node_modules/express/lib/router/index.js:280:10)
      at Layer.handle_error (../m22-part3-route-writer/node_modules/express/lib/router/layer.js:67:12)
      at trim_prefix (../m22-part3-route-writer/node_modules/express/lib/router/index.js:326:13)
      at ../m22-part3-route-writer/node_modules/express/lib/router/index.js:286:9
      at router.process_params (../m22-part3-route-writer/node_modules/express/lib/router/index.js:346:12)
      at next (../m22-part3-route-writer/node_modules/express/lib/router/index.js:280:10)
      at Layer.handle_error (../m22-part3-route-writer/node_modules/express/lib/router/layer.js:67:12)
      at trim_prefix (../m22-part3-route-writer/node_modules/express/lib/router/index.js:326:13)
      at ../m22-part3-route-writer/node_modules/express/lib/router/index.js:286:9
      at router.process_params (../m22-part3-route-writer/node_modules/express/lib/router/index.js:346:12)
      at next (../m22-part3-route-writer/node_modules/express/lib/router/index.js:280:10)
      at Layer.handle_error (../m22-part3-route-writer/node_modules/express/lib/router/layer.js:67:12)
      at trim_prefix (../m22-part3-route-writer/node_modules/express/lib/router/index.js:326:13)
      at ../m22-part3-route-writer/node_modules/express/lib/router/index.js:286:9
      at router.process_params (../m22-part3-route-writer/node_modules/express/lib/router/index.js:346:12)
      at next (../m22-part3-route-writer/node_modules/express/lib/router/index.js:280:10)
      at Layer.handle_error (../m22-part3-route-writer/node_modules/express/lib/router/layer.js:67:12)
      at trim_prefix (../m22-part3-route-writer/node_modules/express/lib/router/index.js:326:13)
      at ../m22-part3-route-writer/node_modules/express/lib/router/index.js:286:9
      at router.process_params (../m22-part3-route-writer/node_modules/express/lib/router/index.js:346:12)
      at next (../m22-part3-route-writer/node_modules/express/lib/router/index.js:280:10)
      at Layer.handle_error (../m22-part3-route-writer/node_modules/express/lib/router/layer.js:67:12)
      at trim_prefix (../m22-part3-route-writer/node_modules/express/lib/router/index.js:326:13)
      at ../m22-part3-route-writer/node_modules/express/lib/router/index.js:286:9
      at router.process_params (../m22-part3-route-writer/node_modules/express/lib/router/index.js:346:12)
      at next (../m22-part3-route-writer/node_modules/express/lib/router/index.js:280:10)
      at Layer.handle_error (../m22-part3-route-writer/node_modules/express/lib/router/layer.js:67:12)
      at trim_prefix (../m22-part3-route-writer/node_modules/express/lib/router/index.js:326:13)
      at ../m22-part3-route-writer/node_modules/express/lib/router/index.js:286:9
      at router.process_params (../m22-part3-route-writer/node_modules/express/lib/router/index.js:346:12)
      at next (../m22-part3-route-writer/node_modules/express/lib/router/index.js:280:10)
      at Layer.handle_error (../m22-part3-route-writer/node_modules/express/lib/router/layer.js:67:12)
      at trim_prefix (../m22-part3-route-writer/node_modules/express/lib/router/index.js:326:13)
      at ../m22-part3-route-writer/node_modules/express/lib/router/index.js:286:9
      at router.process_params (../m22-part3-route-writer/node_modules/express/lib/router/index.js:346:12)
      at next (../m22-part3-route-writer/node_modules/express/lib/router/index.js:280:10)
      at Layer.handle_error (../m22-part3-route-writer/node_modules/express/lib/router/layer.js:67:12)
      at trim_prefix (../m22-part3-route-writer/node_modules/express/lib/router/index.js:326:13)
      at ../m22-part3-route-writer/node_modules/express/lib/router/index.js:286:9
      at router.process_params (../m22-part3-route-writer/node_modules/express/lib/router/index.js:346:12)
      at next (../m22-part3-route-writer/node_modules/express/lib/router/index.js:280:10)
      at next (src/scheduling/recommendationHttpBoundary.js:255:16)
      at ../m22-part3-route-writer/node_modules/body-parser/lib/read.js:137:5
      at invokeCallback (../m22-part3-route-writer/node_modules/raw-body/index.js:238:16)
      at done (../m22-part3-route-writer/node_modules/raw-body/index.js:227:7)
      at IncomingMessage.onEnd (../m22-part3-route-writer/node_modules/raw-body/index.js:287:7)

  console.info
    {
      component: 'http',
      event: 'request_completed',
      requestId: '98385d77-6051-41c4-b151-f96b300761f1',
      methodClass: 'POST',
      durationMs: 0,
      statusCode: 401
    }

      at write (src/observability/safeLogger.js:178:17)

  console.info
    {
      component: 'http',
      event: 'request_completed',
      requestId: '08b23eea-9dab-4e38-82d3-80c7cbace3a8',
      methodClass: 'POST',
      durationMs: 167,
      statusCode: 400
    }

      at write (src/observability/safeLogger.js:178:17)

  console.info
    {
      component: 'http',
      event: 'request_completed',
      requestId: 'a35c2ef6-7a23-4ef4-a8dc-c3e9b6d54a5d',
      methodClass: 'POST',
      durationMs: 207,
      statusCode: 409
    }

      at write (src/observability/safeLogger.js:178:17)

  console.info
    {
      component: 'http',
      event: 'request_completed',
      requestId: 'bfb3347f-822f-45e9-bf71-7c4e90caa94d',
      methodClass: 'POST',
      durationMs: 403,
      statusCode: 200
    }

      at write (src/observability/safeLogger.js:178:17)

  console.info
    {
      component: 'http',
      event: 'request_completed',
      requestId: '1c0e69ee-6775-4c2e-93dd-bcfdfc91b50f',
      methodClass: 'POST',
      durationMs: 466,
      statusCode: 200
    }

      at write (src/observability/safeLogger.js:178:17)

  console.info
    {
      component: 'http',
      event: 'request_completed',
      requestId: '5b4802a1-fc6c-4926-b52b-6a1e947df2a5',
      methodClass: 'POST',
      durationMs: 449,
      statusCode: 200
    }

      at write (src/observability/safeLogger.js:178:17)

  console.info
    {
      component: 'http',
      event: 'request_completed',
      requestId: '95a65563-2848-4144-b57c-4b8b1dfeed6a',
      methodClass: 'POST',
      durationMs: 563,
      statusCode: 200
    }

      at write (src/observability/safeLogger.js:178:17)

  console.info
    {
      component: 'http',
      event: 'request_completed',
      requestId: '365c4b29-5df3-416a-adfa-ea170b56d355',
      methodClass: 'POST',
      durationMs: 771,
      statusCode: 200
    }

      at write (src/observability/safeLogger.js:178:17)

  console.info
    {
      component: 'http',
      event: 'request_completed',
      requestId: 'b42a0c3b-9420-4a20-8aad-dfd03c11c1fc',
      methodClass: 'POST',
      durationMs: 768,
      statusCode: 200
    }

      at write (src/observability/safeLogger.js:178:17)

  console.info
    {
      component: 'http',
      event: 'request_completed',
      requestId: 'e480750a-2e02-4864-aa55-ed2a170b5df4',
      methodClass: 'POST',
      durationMs: 974,
      statusCode: 200
    }

      at write (src/observability/safeLogger.js:178:17)

  console.info
    {
      component: 'http',
      event: 'request_completed',
      requestId: 'a44fcf3f-e560-4fb2-91c4-ae89b6de5566',
      methodClass: 'POST',
      durationMs: 946,
      statusCode: 200
    }

      at write (src/observability/safeLogger.js:178:17)

  console.info
    {
      component: 'http',
      event: 'request_completed',
      requestId: '995a852d-65f5-4a24-b16d-40f42ceaca90',
      methodClass: 'POST',
      durationMs: 1159,
      statusCode: 200
    }

      at write (src/observability/safeLogger.js:178:17)

  console.info
    {
      component: 'http',
      event: 'request_completed',
      requestId: '161252d7-6156-4542-a254-dc1b1fde84b0',
      methodClass: 'POST',
      durationMs: 1159,
      statusCode: 200
    }

      at write (src/observability/safeLogger.js:178:17)

  console.info
    {
      component: 'http',
      event: 'request_completed',
      requestId: 'e4fbf3e7-911f-452d-9728-f4668bb7360d',
      methodClass: 'POST',
      durationMs: 4,
      statusCode: 428
    }

      at write (src/observability/safeLogger.js:178:17)

  console.info
    {
      component: 'http',
      event: 'request_completed',
      requestId: 'aee9d383-005a-47b4-bcf4-0d412afd5e4f',
      methodClass: 'POST',
      durationMs: 160,
      statusCode: 200
    }

      at write (src/observability/safeLogger.js:178:17)

  console.info
    {
      component: 'http',
      event: 'request_completed',
      requestId: '2de1a920-e986-4ba9-b079-23a2e9f4ace9',
      methodClass: 'POST',
      durationMs: 1,
      statusCode: 401
    }

      at write (src/observability/safeLogger.js:178:17)

  console.info
    {
      component: 'http',
      event: 'request_completed',
      requestId: 'fc4be10b-3c1d-4a9f-9869-0e1f5918065f',
      methodClass: 'POST',
      durationMs: 9,
      statusCode: 403
    }

      at write (src/observability/safeLogger.js:178:17)

  console.info
    {
      component: 'http',
      event: 'request_completed',
      requestId: '7048b5e2-868a-4f29-88cf-d0911bf10bf1',
      methodClass: 'POST',
      durationMs: 9,
      statusCode: 403
    }

      at write (src/observability/safeLogger.js:178:17)

  console.info
    {
      component: 'http',
      event: 'request_completed',
      requestId: '8df9b17c-9f6b-4667-9c57-3648c61e5f9e',
      methodClass: 'POST',
      durationMs: 8,
      statusCode: 404
    }

      at write (src/observability/safeLogger.js:178:17)

  console.info
    {
      component: 'http',
      event: 'request_completed',
      requestId: '9dab1e29-1775-4bf4-aecf-3e302b4221f3',
      methodClass: 'POST',
      durationMs: 8,
      statusCode: 404
    }

      at write (src/observability/safeLogger.js:178:17)

  console.info
    {
      component: 'http',
      event: 'request_completed',
      requestId: '97f0ff63-b2c3-45f7-b719-fac2b3c692f2',
      methodClass: 'POST',
      durationMs: 9,
      statusCode: 404
    }

      at write (src/observability/safeLogger.js:178:17)

  console.info
    {
      component: 'http',
      event: 'request_completed',
      requestId: '9507fcb6-28fd-413d-bb38-5bb795b40834',
      methodClass: 'POST',
      durationMs: 9,
      statusCode: 404
    }

      at write (src/observability/safeLogger.js:178:17)

  console.info
    {
      component: 'http',
      event: 'request_completed',
      requestId: '350d7ce5-7314-42f9-a08b-94a070ac3af2',
      methodClass: 'POST',
      durationMs: 9,
      statusCode: 404
    }

      at write (src/observability/safeLogger.js:178:17)

  console.info
    {
      component: 'http',
      event: 'request_completed',
      requestId: '0df256b7-282a-48bc-9758-3026792bc669',
      methodClass: 'POST',
      durationMs: 8,
      statusCode: 404
    }

      at write (src/observability/safeLogger.js:178:17)

  console.info
    {
      component: 'http',
      event: 'request_completed',
      requestId: '1147b55e-c77b-4e4a-96c9-37e4067267e3',
      methodClass: 'POST',
      durationMs: 9,
      statusCode: 404
    }

      at write (src/observability/safeLogger.js:178:17)

  console.info
    {
      component: 'http',
      event: 'request_completed',
      requestId: '0a19778a-c2d2-4b95-a8a3-8c75b767ca26',
      methodClass: 'POST',
      durationMs: 10,
      statusCode: 404
    }

      at write (src/observability/safeLogger.js:178:17)

  console.info
    {
      component: 'http',
      event: 'request_completed',
      requestId: 'b0d42e69-38fd-4668-839a-71c801660806',
      methodClass: 'POST',
      durationMs: 64,
      statusCode: 200
    }

      at write (src/observability/safeLogger.js:178:17)

  console.info
    {
      component: 'http',
      event: 'request_completed',
      requestId: '6aece83f-a981-40fa-8228-e526bb1fb009',
      methodClass: 'POST',
      durationMs: 3,
      statusCode: 400
    }

      at write (src/observability/safeLogger.js:178:17)

  console.info
    {
      component: 'http',
      event: 'request_completed',
      requestId: '312bc0ba-edff-47c3-9882-721752fd9c9e',
      methodClass: 'POST',
      durationMs: 2,
      statusCode: 400
    }

      at write (src/observability/safeLogger.js:178:17)

  console.info
    {
      component: 'http',
      event: 'request_completed',
      requestId: '6f27cd79-51c2-4402-8842-d257e17da12a',
      methodClass: 'POST',
      durationMs: 3,
      statusCode: 400
    }

      at write (src/observability/safeLogger.js:178:17)

  console.info
    {
      component: 'http',
      event: 'request_completed',
      requestId: '063d8df1-1de4-4775-8b13-bb1a1584d37b',
      methodClass: 'POST',
      durationMs: 2,
      statusCode: 400
    }

      at write (src/observability/safeLogger.js:178:17)

  console.info
    {
      component: 'http',
      event: 'request_completed',
      requestId: '319e98aa-b0d4-456e-90eb-ac79c9a388c5',
      methodClass: 'POST',
      durationMs: 7,
      statusCode: 400
    }

      at write (src/observability/safeLogger.js:178:17)

  console.info
    {
      component: 'http',
      event: 'request_completed',
      requestId: '3c68548b-3380-4958-b8f2-2e9cd0f328a2',
      methodClass: 'POST',
      durationMs: 10,
      statusCode: 400
    }

      at write (src/observability/safeLogger.js:178:17)

  console.info
    {
      component: 'http',
      event: 'request_completed',
      requestId: '0c605a57-c952-44b7-a879-26891673da01',
      methodClass: 'POST',
      durationMs: 11,
      statusCode: 400
    }

      at write (src/observability/safeLogger.js:178:17)

  console.info
    {
      component: 'http',
      event: 'request_completed',
      requestId: '4a9d71b9-e772-4ee4-b779-7f9565f00ece',
      methodClass: 'POST',
      durationMs: 82,
      statusCode: 400
    }

      at write (src/observability/safeLogger.js:178:17)

  console.info
    {
      component: 'http',
      event: 'request_completed',
      requestId: '45a1487c-f199-4560-afc1-7ac916506e36',
      methodClass: 'POST',
      durationMs: 6,
      statusCode: 400
    }

      at write (src/observability/safeLogger.js:178:17)

  console.error
    {
      component: 'http',
      event: 'request_failed',
      requestId: 'bdcb8379-d76d-412f-a4c9-1fe3dbfe358e',
      methodClass: 'POST',
      statusCode: 413
    }

      176 |     ...safeFields(fields),
      177 |   };
    > 178 |   console[level](record);
          |                 ^
      179 |   return record;
      180 | }
      181 |

      at write (src/observability/safeLogger.js:178:17)
      at Object.write (src/observability/safeLogger.js:191:10)
      at error (src/middleware/errorHandler.js:22:14)
      at Layer.handle_error (../m22-part3-route-writer/node_modules/express/lib/router/layer.js:71:5)
      at trim_prefix (../m22-part3-route-writer/node_modules/express/lib/router/index.js:326:13)
      at ../m22-part3-route-writer/node_modules/express/lib/router/index.js:286:9
      at router.process_params (../m22-part3-route-writer/node_modules/express/lib/router/index.js:346:12)
      at next (../m22-part3-route-writer/node_modules/express/lib/router/index.js:280:10)
      at Layer.handle_error (../m22-part3-route-writer/node_modules/express/lib/router/layer.js:67:12)
      at trim_prefix (../m22-part3-route-writer/node_modules/express/lib/router/index.js:326:13)
      at ../m22-part3-route-writer/node_modules/express/lib/router/index.js:286:9
      at router.process_params (../m22-part3-route-writer/node_modules/express/lib/router/index.js:346:12)
      at next (../m22-part3-route-writer/node_modules/express/lib/router/index.js:280:10)
      at Layer.handle_error (../m22-part3-route-writer/node_modules/express/lib/router/layer.js:67:12)
      at trim_prefix (../m22-part3-route-writer/node_modules/express/lib/router/index.js:326:13)
      at ../m22-part3-route-writer/node_modules/express/lib/router/index.js:286:9
      at router.process_params (../m22-part3-route-writer/node_modules/express/lib/router/index.js:346:12)
      at next (../m22-part3-route-writer/node_modules/express/lib/router/index.js:280:10)
      at Layer.handle_error (../m22-part3-route-writer/node_modules/express/lib/router/layer.js:67:12)
      at trim_prefix (../m22-part3-route-writer/node_modules/express/lib/router/index.js:326:13)
      at ../m22-part3-route-writer/node_modules/express/lib/router/index.js:286:9
      at router.process_params (../m22-part3-route-writer/node_modules/express/lib/router/index.js:346:12)
      at next (../m22-part3-route-writer/node_modules/express/lib/router/index.js:280:10)
      at Layer.handle_error (../m22-part3-route-writer/node_modules/express/lib/router/layer.js:67:12)
      at trim_prefix (../m22-part3-route-writer/node_modules/express/lib/router/index.js:326:13)
      at ../m22-part3-route-writer/node_modules/express/lib/router/index.js:286:9
      at router.process_params (../m22-part3-route-writer/node_modules/express/lib/router/index.js:346:12)
      at next (../m22-part3-route-writer/node_modules/express/lib/router/index.js:280:10)
      at Layer.handle_error (../m22-part3-route-writer/node_modules/express/lib/router/layer.js:67:12)
      at trim_prefix (../m22-part3-route-writer/node_modules/express/lib/router/index.js:326:13)
      at ../m22-part3-route-writer/node_modules/express/lib/router/index.js:286:9
      at router.process_params (../m22-part3-route-writer/node_modules/express/lib/router/index.js:346:12)
      at next (../m22-part3-route-writer/node_modules/express/lib/router/index.js:280:10)
      at Layer.handle_error (../m22-part3-route-writer/node_modules/express/lib/router/layer.js:67:12)
      at trim_prefix (../m22-part3-route-writer/node_modules/express/lib/router/index.js:326:13)
      at ../m22-part3-route-writer/node_modules/express/lib/router/index.js:286:9
      at router.process_params (../m22-part3-route-writer/node_modules/express/lib/router/index.js:346:12)
      at next (../m22-part3-route-writer/node_modules/express/lib/router/index.js:280:10)
      at Layer.handle_error (../m22-part3-route-writer/node_modules/express/lib/router/layer.js:67:12)
      at trim_prefix (../m22-part3-route-writer/node_modules/express/lib/router/index.js:326:13)
      at ../m22-part3-route-writer/node_modules/express/lib/router/index.js:286:9
      at router.process_params (../m22-part3-route-writer/node_modules/express/lib/router/index.js:346:12)
      at next (../m22-part3-route-writer/node_modules/express/lib/router/index.js:280:10)
      at Layer.handle_error (../m22-part3-route-writer/node_modules/express/lib/router/layer.js:67:12)
      at trim_prefix (../m22-part3-route-writer/node_modules/express/lib/router/index.js:326:13)
      at ../m22-part3-route-writer/node_modules/express/lib/router/index.js:286:9
      at router.process_params (../m22-part3-route-writer/node_modules/express/lib/router/index.js:346:12)
      at next (../m22-part3-route-writer/node_modules/express/lib/router/index.js:280:10)
      at Layer.handle_error (../m22-part3-route-writer/node_modules/express/lib/router/layer.js:67:12)
      at trim_prefix (../m22-part3-route-writer/node_modules/express/lib/router/index.js:326:13)
      at ../m22-part3-route-writer/node_modules/express/lib/router/index.js:286:9
      at router.process_params (../m22-part3-route-writer/node_modules/express/lib/router/index.js:346:12)
      at next (../m22-part3-route-writer/node_modules/express/lib/router/index.js:280:10)
      at Layer.handle_error (../m22-part3-route-writer/node_modules/express/lib/router/layer.js:67:12)
      at trim_prefix (../m22-part3-route-writer/node_modules/express/lib/router/index.js:326:13)
      at ../m22-part3-route-writer/node_modules/express/lib/router/index.js:286:9
      at router.process_params (../m22-part3-route-writer/node_modules/express/lib/router/index.js:346:12)
      at next (../m22-part3-route-writer/node_modules/express/lib/router/index.js:280:10)
      at Layer.handle_error (../m22-part3-route-writer/node_modules/express/lib/router/layer.js:67:12)
      at trim_prefix (../m22-part3-route-writer/node_modules/express/lib/router/index.js:326:13)
      at ../m22-part3-route-writer/node_modules/express/lib/router/index.js:286:9
      at router.process_params (../m22-part3-route-writer/node_modules/express/lib/router/index.js:346:12)
      at next (../m22-part3-route-writer/node_modules/express/lib/router/index.js:280:10)
      at Layer.handle_error (../m22-part3-route-writer/node_modules/express/lib/router/layer.js:67:12)
      at trim_prefix (../m22-part3-route-writer/node_modules/express/lib/router/index.js:326:13)
      at ../m22-part3-route-writer/node_modules/express/lib/router/index.js:286:9
      at router.process_params (../m22-part3-route-writer/node_modules/express/lib/router/index.js:346:12)
      at next (../m22-part3-route-writer/node_modules/express/lib/router/index.js:280:10)
      at Layer.handle_error (../m22-part3-route-writer/node_modules/express/lib/router/layer.js:67:12)
      at trim_prefix (../m22-part3-route-writer/node_modules/express/lib/router/index.js:326:13)
      at ../m22-part3-route-writer/node_modules/express/lib/router/index.js:286:9
      at router.process_params (../m22-part3-route-writer/node_modules/express/lib/router/index.js:346:12)
      at next (../m22-part3-route-writer/node_modules/express/lib/router/index.js:280:10)
      at next (src/scheduling/recommendationHttpBoundary.js:241:25)
      at onfinished (../m22-part3-route-writer/node_modules/body-parser/lib/read.js:102:9)
      at listener (../m22-part3-route-writer/node_modules/on-finished/index.js:170:15)
      at onFinish (../m22-part3-route-writer/node_modules/on-finished/index.js:101:5)
      at callback (../m22-part3-route-writer/node_modules/ee-first/index.js:55:10)
      at IncomingMessage.onevent (../m22-part3-route-writer/node_modules/ee-first/index.js:93:5)

  console.info
    {
      component: 'http',
      event: 'request_completed',
      requestId: '77aff97e-86b5-46ca-9a4d-862f74a55935',
      methodClass: 'POST',
      durationMs: 7,
      statusCode: 403
    }

      at write (src/observability/safeLogger.js:178:17)

  console.info
    {
      component: 'http',
      event: 'request_completed',
      requestId: '4b2a8ded-f113-4b81-b669-65a38951cf05',
      methodClass: 'POST',
      durationMs: 4,
      statusCode: 403
    }

      at write (src/observability/safeLogger.js:178:17)

  console.info
    {
      component: 'http',
      event: 'request_completed',
      requestId: '33002827-75eb-4578-8e95-7d6ea90be266',
      methodClass: 'POST',
      durationMs: 5,
      statusCode: 401
    }

      at write (src/observability/safeLogger.js:178:17)

  console.info
    {
      component: 'http',
      event: 'request_completed',
      requestId: 'aad4cfed-6a28-495d-8ec8-4c9391902ec0',
      methodClass: 'POST',
      durationMs: 3,
      statusCode: 401
    }

      at write (src/observability/safeLogger.js:178:17)

  console.info
    {
      component: 'http',
      event: 'request_completed',
      requestId: 'b3260120-b47e-4391-87d3-772c8c642bad',
      methodClass: 'POST',
      durationMs: 12,
      statusCode: 409
    }

      at write (src/observability/safeLogger.js:178:17)

  console.info
    {
      component: 'http',
      event: 'request_completed',
      requestId: 'acea0c6e-445f-4ce8-9156-c979db7a1ed7',
      methodClass: 'POST',
      durationMs: 14,
      statusCode: 409
    }

      at write (src/observability/safeLogger.js:178:17)

  console.info
    {
      component: 'http',
      event: 'request_completed',
      requestId: 'c0be4ab0-3d5f-44c4-a580-63947e070dc4',
      methodClass: 'POST',
      durationMs: 5,
      statusCode: 404
    }

      at write (src/observability/safeLogger.js:178:17)

  console.info
    {
      component: 'http',
      event: 'request_completed',
      requestId: 'f5e4f6ed-3f4c-4ab7-bcca-fa7595ebd577',
      methodClass: 'POST',
      durationMs: 9,
      statusCode: 404
    }

      at write (src/observability/safeLogger.js:178:17)

  console.info
    {
      component: 'http',
      event: 'request_completed',
      requestId: '608c8095-1968-476d-a957-e318a2657028',
      methodClass: 'POST',
      durationMs: 115,
      statusCode: 200
    }

      at write (src/observability/safeLogger.js:178:17)

  console.info
    {
      component: 'http',
      event: 'request_completed',
      requestId: '5122d982-322e-4559-bb14-39ac2050f77d',
      methodClass: 'POST',
      durationMs: 109,
      statusCode: 200
    }

      at write (src/observability/safeLogger.js:178:17)

  console.info
    {
      component: 'http',
      event: 'request_completed',
      requestId: '2b21382d-c972-4c0c-ac5a-69f54cf6ae29',
      methodClass: 'POST',
      durationMs: 105,
      statusCode: 200
    }

      at write (src/observability/safeLogger.js:178:17)

  console.info
    {
      component: 'http',
      event: 'request_completed',
      requestId: 'def189ba-f228-4caa-806a-3e4dc6d2aa8a',
      methodClass: 'POST',
      durationMs: 126,
      statusCode: 200
    }

      at write (src/observability/safeLogger.js:178:17)

  console.log
    [DB] Migration applied: 001_initial_schema.sql

      at log (src/db.js:1312:42)

  console.log
    [DB] Migration applied: 002_seed_data.sql

      at log (src/db.js:1312:42)

  console.log
    [DB] Migration applied: 003_voice_sessions.sql

      at log (src/db.js:1312:42)

  console.log
    [DB] Migration applied: 004_canonical_persistence_v2.sql

      at log (src/db.js:1312:42)

  console.log
    [DB] Migration applied: 005_canonical_organization_authority.sql

      at log (src/db.js:1312:42)

  console.log
    [DB] Migration applied: 006_canonical_voice_sessions.sql

      at log (src/db.js:1312:42)

  console.log
    [DB] Migration applied: 007_canonical_tax_authority.sql

      at log (src/db.js:1312:42)

  console.log
    [DB] Migration applied: 008_canonical_demo_authority.sql

      at log (src/db.js:1312:42)

  console.log
    [DB] Migration applied: 009_canonical_voice_provider_identity.sql

      at log (src/db.js:1312:42)

  console.log
    [DB] Migration applied: 010_account_session_authority.sql

      at log (src/db.js:1312:42)

  console.log
    [DB] Migration applied: 011_oauth_authorization_states.sql

      at log (src/db.js:1312:42)

  console.log
    [DB] Migration applied: 012_account_verification_trial.sql

      at log (src/db.js:1312:42)

  console.log
    [DB] Migration applied: 015_workforce_authority.sql

      at log (src/db.js:1312:42)

  console.log
    [DB] Migration applied: 016_tenant_asset_catalogue.sql

      at log (src/db.js:1312:42)

  console.log
    [DB] Migration applied: 017_retell_webhook_replay_authority.sql

      at log (src/db.js:1312:42)

  console.log
    [DB] Migration applied: 018_canonical_map_preferences.sql

      at log (src/db.js:1312:42)

  console.log
    [DB] Migration applied: 019_account_email_outbox.sql

      at log (src/db.js:1312:42)

  console.log
    [DB] Migration applied: 020_canonical_workforce_access_roles.sql

      at log (src/db.js:1312:42)

  console.log
    [DB] Migration applied: 021_bounded_api_observability.sql

      at log (src/db.js:1312:42)

  console.log
    [DB] Migration applied: 022_demo_command_center_sessions.sql

      at log (src/db.js:1312:42)

  console.log
    [DB] Migration applied: 023_homepage_demo_admission.sql

      at log (src/db.js:1312:42)

  console.log
    [DB] Migration applied: 024_homepage_verified_purge_receipt.sql

      at log (src/db.js:1312:42)

  console.log
    [DB] Migration applied: 025_provider_agnostic_knowledge_registry.sql

      at log (src/db.js:1312:42)

  console.log
    [DB] Migration applied: 026_canonical_knowledge_review_publication.sql

      at log (src/db.js:1312:42)

  console.log
    [DB] Migration applied: 027_canonical_knowledge_audit_graph_authority.sql

      at log (src/db.js:1312:42)

  console.log
    [DB] Migration applied: 028_canonical_knowledge_immutable_lifecycle.sql

      at log (src/db.js:1312:42)

  console.log
    [DB] Migration applied: 029_canonical_knowledge_transactional_sync.sql

      at log (src/db.js:1312:42)

  console.log
    [DB] Migration applied: 030_canonical_knowledge_sync_revocation.sql

      at log (src/db.js:1312:42)

  console.log
    [DB] Migration applied: 031_canonical_knowledge_sync_recovery_lifecycle.sql

      at log (src/db.js:1312:42)

  console.log
    [DB] Migration applied: 032_canonical_schedule_assignment_authority.sql

      at log (src/db.js:1312:42)

  console.log
    [DB] Migration applied: 033_canonical_schedule_time_evidence.sql

      at log (src/db.js:1312:42)

  console.log
    [DB] Migration applied: 034_schedule_availability_conflict_authority.sql

      at log (src/db.js:1312:42)

  console.log
    [DB] Migration applied: 035_schedule_human_preview_approval.sql

      at log (src/db.js:1312:42)

  console.log
    [DB] Migration applied: 001_initial_schema.sql

      at log (src/db.js:1312:42)

  console.log
    [DB] Migration applied: 002_seed_data.sql

      at log (src/db.js:1312:42)

  console.log
    [DB] Migration applied: 003_voice_sessions.sql

      at log (src/db.js:1312:42)

  console.log
    [DB] Migration applied: 004_canonical_persistence_v2.sql

      at log (src/db.js:1312:42)

  console.log
    [DB] Migration applied: 005_canonical_organization_authority.sql

      at log (src/db.js:1312:42)

  console.log
    [DB] Migration applied: 006_canonical_voice_sessions.sql

      at log (src/db.js:1312:42)

  console.log
    [DB] Migration applied: 007_canonical_tax_authority.sql

      at log (src/db.js:1312:42)

  console.log
    [DB] Migration applied: 008_canonical_demo_authority.sql

      at log (src/db.js:1312:42)

  console.log
    [DB] Migration applied: 009_canonical_voice_provider_identity.sql

      at log (src/db.js:1312:42)

  console.log
    [DB] Migration applied: 010_account_session_authority.sql

      at log (src/db.js:1312:42)

  console.log
    [DB] Migration applied: 011_oauth_authorization_states.sql

      at log (src/db.js:1312:42)

  console.log
    [DB] Migration applied: 012_account_verification_trial.sql

      at log (src/db.js:1312:42)

  console.log
    [DB] Migration applied: 015_workforce_authority.sql

      at log (src/db.js:1312:42)

  console.log
    [DB] Migration applied: 016_tenant_asset_catalogue.sql

      at log (src/db.js:1312:42)

  console.log
    [DB] Migration applied: 017_retell_webhook_replay_authority.sql

      at log (src/db.js:1312:42)

  console.log
    [DB] Migration applied: 018_canonical_map_preferences.sql

      at log (src/db.js:1312:42)

  console.log
    [DB] Migration applied: 019_account_email_outbox.sql

      at log (src/db.js:1312:42)

  console.log
    [DB] Migration applied: 020_canonical_workforce_access_roles.sql

      at log (src/db.js:1312:42)

  console.log
    [DB] Migration applied: 021_bounded_api_observability.sql

      at log (src/db.js:1312:42)

  console.log
    [DB] Migration applied: 022_demo_command_center_sessions.sql

      at log (src/db.js:1312:42)

  console.log
    [DB] Migration applied: 023_homepage_demo_admission.sql

      at log (src/db.js:1312:42)

  console.log
    [DB] Migration applied: 024_homepage_verified_purge_receipt.sql

      at log (src/db.js:1312:42)

  console.log
    [DB] Migration applied: 025_provider_agnostic_knowledge_registry.sql

      at log (src/db.js:1312:42)

  console.log
    [DB] Migration applied: 026_canonical_knowledge_review_publication.sql

      at log (src/db.js:1312:42)

  console.log
    [DB] Migration applied: 027_canonical_knowledge_audit_graph_authority.sql

      at log (src/db.js:1312:42)

  console.log
    [DB] Migration applied: 028_canonical_knowledge_immutable_lifecycle.sql

      at log (src/db.js:1312:42)

  console.log
    [DB] Migration applied: 029_canonical_knowledge_transactional_sync.sql

      at log (src/db.js:1312:42)

  console.log
    [DB] Migration applied: 030_canonical_knowledge_sync_revocation.sql

      at log (src/db.js:1312:42)

  console.log
    [DB] Migration applied: 031_canonical_knowledge_sync_recovery_lifecycle.sql

      at log (src/db.js:1312:42)

  console.log
    [DB] Migration applied: 032_canonical_schedule_assignment_authority.sql

      at log (src/db.js:1312:42)

  console.log
    [DB] Migration applied: 033_canonical_schedule_time_evidence.sql

      at log (src/db.js:1312:42)

  console.log
    [DB] Migration applied: 034_schedule_availability_conflict_authority.sql

      at log (src/db.js:1312:42)

  console.log
    [DB] Migration applied: 035_schedule_human_preview_approval.sql

      at log (src/db.js:1312:42)

  console.warn
    {
      component: 'email',
      event: 'outbox_delivery_failed',
      category: 'delivery_failed',
      attempt: 1
    }

      176 |     ...safeFields(fields),
      177 |   };
    > 178 |   console[level](record);
          |                 ^
      179 |   return record;
      180 | }
      181 |

      at write (src/observability/safeLogger.js:178:17)
      at Object.write [as warn] (src/observability/safeLogger.js:187:10)
      at AccountEmailOutboxWorker.warn [as deliver] (src/email/outbox.js:86:18)
      at AccountEmailOutboxWorker.drainOnce (src/email/outbox.js:124:22)
      at Object.<anonymous> (tests/api/account-lifecycle-b1-postgres.test.js:347:5)

  console.error
    [Auth] Request failed: { requestId: 'unavailable', event: 'verification_failed' }

      23 |     return failure(req, res, 503, 'account_authority_unavailable', 'Account service is temporarily unavailable');
      24 |   }
    > 25 |   console.error('[Auth] Request failed:', { requestId: requestId(req), event });
         |           ^
      26 |   return failure(req, res, 500, 'auth_request_failed', 'Authentication request failed');
      27 | }
      28 |

      at error (src/routes/auth.js:25:11)
      at handleError (src/routes/auth.js:117:14)

  console.error
    [Auth] Request failed: { requestId: 'unavailable', event: 'password_reset_failed' }

      23 |     return failure(req, res, 503, 'account_authority_unavailable', 'Account service is temporarily unavailable');
      24 |   }
    > 25 |   console.error('[Auth] Request failed:', { requestId: requestId(req), event });
         |           ^
      26 |   return failure(req, res, 500, 'auth_request_failed', 'Authentication request failed');
      27 | }
      28 |

      at error (src/routes/auth.js:25:11)
      at handleError (src/routes/auth.js:170:14)

  console.log
    [DB] Migration applied: 001_initial_schema.sql

      at log (src/db.js:1312:42)

  console.log
    [DB] Migration applied: 002_seed_data.sql

      at log (src/db.js:1312:42)

  console.log
    [DB] Migration applied: 003_voice_sessions.sql

      at log (src/db.js:1312:42)

  console.log
    [DB] Migration applied: 004_canonical_persistence_v2.sql

      at log (src/db.js:1312:42)

  console.log
    [DB] Migration applied: 005_canonical_organization_authority.sql

      at log (src/db.js:1312:42)

  console.log
    [DB] Migration applied: 006_canonical_voice_sessions.sql

      at log (src/db.js:1312:42)

  console.log
    [DB] Migration applied: 007_canonical_tax_authority.sql

      at log (src/db.js:1312:42)

  console.log
    [DB] Migration applied: 008_canonical_demo_authority.sql

      at log (src/db.js:1312:42)

  console.log
    [DB] Migration applied: 009_canonical_voice_provider_identity.sql

      at log (src/db.js:1312:42)

  console.log
    [DB] Migration applied: 010_account_session_authority.sql

      at log (src/db.js:1312:42)

  console.log
    [DB] Migration applied: 011_oauth_authorization_states.sql

      at log (src/db.js:1312:42)

  console.log
    [DB] Migration applied: 012_account_verification_trial.sql

      at log (src/db.js:1312:42)

  console.log
    [DB] Migration applied: 015_workforce_authority.sql

      at log (src/db.js:1312:42)

  console.log
    [DB] Migration applied: 016_tenant_asset_catalogue.sql

      at log (src/db.js:1312:42)

  console.log
    [DB] Migration applied: 017_retell_webhook_replay_authority.sql

      at log (src/db.js:1312:42)

  console.log
    [DB] Migration applied: 018_canonical_map_preferences.sql

      at log (src/db.js:1312:42)

  console.log
    [DB] Migration applied: 019_account_email_outbox.sql

      at log (src/db.js:1312:42)

  console.log
    [DB] Migration applied: 020_canonical_workforce_access_roles.sql

      at log (src/db.js:1312:42)

  console.log
    [DB] Migration applied: 021_bounded_api_observability.sql

      at log (src/db.js:1312:42)

  console.log
    [DB] Migration applied: 022_demo_command_center_sessions.sql

      at log (src/db.js:1312:42)

  console.log
    [DB] Migration applied: 023_homepage_demo_admission.sql

      at log (src/db.js:1312:42)

  console.log
    [DB] Migration applied: 024_homepage_verified_purge_receipt.sql

      at log (src/db.js:1312:42)

  console.log
    [DB] Migration applied: 025_provider_agnostic_knowledge_registry.sql

      at log (src/db.js:1312:42)

  console.log
    [DB] Migration applied: 026_canonical_knowledge_review_publication.sql

      at log (src/db.js:1312:42)

  console.log
    [DB] Migration applied: 027_canonical_knowledge_audit_graph_authority.sql

      at log (src/db.js:1312:42)

  console.log
    [DB] Migration applied: 028_canonical_knowledge_immutable_lifecycle.sql

      at log (src/db.js:1312:42)

  console.log
    [DB] Migration applied: 029_canonical_knowledge_transactional_sync.sql

      at log (src/db.js:1312:42)

  console.log
    [DB] Migration applied: 030_canonical_knowledge_sync_revocation.sql

      at log (src/db.js:1312:42)

  console.log
    [DB] Migration applied: 031_canonical_knowledge_sync_recovery_lifecycle.sql

      at log (src/db.js:1312:42)

  console.log
    [DB] Migration applied: 032_canonical_schedule_assignment_authority.sql

      at log (src/db.js:1312:42)

  console.log
    [DB] Migration applied: 033_canonical_schedule_time_evidence.sql

      at log (src/db.js:1312:42)

  console.log
    [DB] Migration applied: 034_schedule_availability_conflict_authority.sql

      at log (src/db.js:1312:42)

  console.log
    [DB] Migration applied: 035_schedule_human_preview_approval.sql

      at log (src/db.js:1312:42)

  console.error
    [Auth] Request failed: {
      requestId: 'signup-ratification-f4aaa2e9-3b38-437b-8db2-bb393abfa33a',
      event: 'signup_failed'
    }

      23 |     return failure(req, res, 503, 'account_authority_unavailable', 'Account service is temporarily unavailable');
      24 |   }
    > 25 |   console.error('[Auth] Request failed:', { requestId: requestId(req), event });
         |           ^
      26 |   return failure(req, res, 500, 'auth_request_failed', 'Authentication request failed');
      27 | }
      28 |

      at error (src/routes/auth.js:25:11)
      at handleError (src/routes/auth.js:46:14)

  console.error
    [Auth] Request failed: {
      requestId: 'signup-ratification-4fb8c0b4-5b5b-4e84-92bd-1dc0ddf927f2',
      event: 'signup_failed'
    }

      23 |     return failure(req, res, 503, 'account_authority_unavailable', 'Account service is temporarily unavailable');
      24 |   }
    > 25 |   console.error('[Auth] Request failed:', { requestId: requestId(req), event });
         |           ^
      26 |   return failure(req, res, 500, 'auth_request_failed', 'Authentication request failed');
      27 | }
      28 |

      at error (src/routes/auth.js:25:11)
      at handleError (src/routes/auth.js:46:14)

  console.error
    [Auth] Request failed: {
      requestId: 'signup-ratification-a6838303-0123-497e-a01e-0fbd4ba3fb1e',
      event: 'signup_failed'
    }

      23 |     return failure(req, res, 503, 'account_authority_unavailable', 'Account service is temporarily unavailable');
      24 |   }
    > 25 |   console.error('[Auth] Request failed:', { requestId: requestId(req), event });
         |           ^
      26 |   return failure(req, res, 500, 'auth_request_failed', 'Authentication request failed');
      27 | }
      28 |

      at error (src/routes/auth.js:25:11)
      at handleError (src/routes/auth.js:46:14)

  console.error
    [Auth] Request failed: {
      requestId: 'signup-ratification-95bde6f9-9887-440f-82b3-e504f82c20fc',
      event: 'signup_failed'
    }

      23 |     return failure(req, res, 503, 'account_authority_unavailable', 'Account service is temporarily unavailable');
      24 |   }
    > 25 |   console.error('[Auth] Request failed:', { requestId: requestId(req), event });
         |           ^
      26 |   return failure(req, res, 500, 'auth_request_failed', 'Authentication request failed');
      27 | }
      28 |

      at error (src/routes/auth.js:25:11)
      at handleError (src/routes/auth.js:46:14)

  console.error
    [Auth] Request failed: {
      requestId: 'signup-ratification-4a3383d8-c195-4aa6-ac57-633daecc9dec',
      event: 'signup_failed'
    }

      23 |     return failure(req, res, 503, 'account_authority_unavailable', 'Account service is temporarily unavailable');
      24 |   }
    > 25 |   console.error('[Auth] Request failed:', { requestId: requestId(req), event });
         |           ^
      26 |   return failure(req, res, 500, 'auth_request_failed', 'Authentication request failed');
      27 | }
      28 |

      at error (src/routes/auth.js:25:11)
      at handleError (src/routes/auth.js:46:14)

  console.error
    [Auth] Request failed: {
      requestId: 'signup-ratification-4def5f43-c760-481b-bc26-0633271b9b56',
      event: 'signup_failed'
    }

      23 |     return failure(req, res, 503, 'account_authority_unavailable', 'Account service is temporarily unavailable');
      24 |   }
    > 25 |   console.error('[Auth] Request failed:', { requestId: requestId(req), event });
         |           ^
      26 |   return failure(req, res, 500, 'auth_request_failed', 'Authentication request failed');
      27 | }
      28 |

      at error (src/routes/auth.js:25:11)
      at handleError (src/routes/auth.js:46:14)

  console.error
    [Auth] Request failed: {
      requestId: 'signup-ratification-9e1f8570-8afc-45d5-a796-edba9d85c41f',
      event: 'signup_failed'
    }

      23 |     return failure(req, res, 503, 'account_authority_unavailable', 'Account service is temporarily unavailable');
      24 |   }
    > 25 |   console.error('[Auth] Request failed:', { requestId: requestId(req), event });
         |           ^
      26 |   return failure(req, res, 500, 'auth_request_failed', 'Authentication request failed');
      27 | }
      28 |

      at error (src/routes/auth.js:25:11)
      at handleError (src/routes/auth.js:46:14)

  console.error
    [Auth] Request failed: {
      requestId: 'signup-ratification-13419889-e90d-44bd-aa64-483c0f401189',
      event: 'signup_failed'
    }

      23 |     return failure(req, res, 503, 'account_authority_unavailable', 'Account service is temporarily unavailable');
      24 |   }
    > 25 |   console.error('[Auth] Request failed:', { requestId: requestId(req), event });
         |           ^
      26 |   return failure(req, res, 500, 'auth_request_failed', 'Authentication request failed');
      27 | }
      28 |

      at error (src/routes/auth.js:25:11)
      at handleError (src/routes/auth.js:46:14)

  console.error
    [Auth] Request failed: {
      requestId: 'signup-ratification-acc3d8c6-73a7-488f-979e-ddf476e154b5',
      event: 'signup_failed'
    }

      23 |     return failure(req, res, 503, 'account_authority_unavailable', 'Account service is temporarily unavailable');
      24 |   }
    > 25 |   console.error('[Auth] Request failed:', { requestId: requestId(req), event });
         |           ^
      26 |   return failure(req, res, 500, 'auth_request_failed', 'Authentication request failed');
      27 | }
      28 |

      at error (src/routes/auth.js:25:11)
      at handleError (src/routes/auth.js:46:14)

  console.log
    [DB] Migration applied: 001_initial_schema.sql

      at Object.log [as runMigrations] (src/db.js:1312:42)

  console.log
    [DB] Migration applied: 002_seed_data.sql

      at Object.log [as runMigrations] (src/db.js:1312:42)

  console.log
    [DB] Migration applied: 003_voice_sessions.sql

      at Object.log [as runMigrations] (src/db.js:1312:42)

  console.log
    [DB] Migration applied: 004_canonical_persistence_v2.sql

      at Object.log [as runMigrations] (src/db.js:1312:42)

  console.log
    [DB] Migration applied: 005_canonical_organization_authority.sql

      at Object.log [as runMigrations] (src/db.js:1312:42)

  console.log
    [DB] Migration applied: 006_canonical_voice_sessions.sql

      at Object.log [as runMigrations] (src/db.js:1312:42)

  console.log
    [DB] Migration applied: 007_canonical_tax_authority.sql

      at Object.log [as runMigrations] (src/db.js:1312:42)

  console.log
    [DB] Migration applied: 008_canonical_demo_authority.sql

      at Object.log [as runMigrations] (src/db.js:1312:42)

  console.log
    [DB] Migration applied: 009_canonical_voice_provider_identity.sql

      at Object.log [as runMigrations] (src/db.js:1312:42)

  console.log
    [DB] Migration applied: 010_account_session_authority.sql

      at Object.log [as runMigrations] (src/db.js:1312:42)

  console.log
    [DB] Migration applied: 011_oauth_authorization_states.sql

      at Object.log [as runMigrations] (src/db.js:1312:42)

  console.log
    [DB] Migration applied: 012_account_verification_trial.sql

      at Object.log [as runMigrations] (src/db.js:1312:42)

  console.log
    [DB] Migration applied: 015_workforce_authority.sql

      at Object.log [as runMigrations] (src/db.js:1312:42)

  console.log
    [DB] Migration applied: 016_tenant_asset_catalogue.sql

      at Object.log [as runMigrations] (src/db.js:1312:42)

  console.log
    [DB] Migration applied: 017_retell_webhook_replay_authority.sql

      at Object.log [as runMigrations] (src/db.js:1312:42)

  console.log
    [DB] Migration applied: 018_canonical_map_preferences.sql

      at Object.log [as runMigrations] (src/db.js:1312:42)

  console.log
    [DB] Migration applied: 019_account_email_outbox.sql

      at Object.log [as runMigrations] (src/db.js:1312:42)

  console.log
    [DB] Migration applied: 020_canonical_workforce_access_roles.sql

      at Object.log [as runMigrations] (src/db.js:1312:42)

  console.log
    [DB] Migration applied: 021_bounded_api_observability.sql

      at Object.log [as runMigrations] (src/db.js:1312:42)

  console.log
    [DB] Migration applied: 022_demo_command_center_sessions.sql

      at Object.log [as runMigrations] (src/db.js:1312:42)

  console.log
    [DB] Migration applied: 023_homepage_demo_admission.sql

      at Object.log [as runMigrations] (src/db.js:1312:42)

  console.log
    [DB] Migration applied: 024_homepage_verified_purge_receipt.sql

      at Object.log [as runMigrations] (src/db.js:1312:42)

  console.log
    [DB] Migration applied: 025_provider_agnostic_knowledge_registry.sql

      at Object.log [as runMigrations] (src/db.js:1312:42)

  console.log
    [DB] Migration applied: 026_canonical_knowledge_review_publication.sql

      at Object.log [as runMigrations] (src/db.js:1312:42)

  console.log
    [DB] Migration applied: 027_canonical_knowledge_audit_graph_authority.sql

      at Object.log [as runMigrations] (src/db.js:1312:42)

  console.log
    [DB] Migration applied: 001_initial_schema.sql

      at Object.log [as runMigrations] (src/db.js:1312:42)

  console.log
    [DB] Migration applied: 002_seed_data.sql

      at Object.log [as runMigrations] (src/db.js:1312:42)

  console.log
    [DB] Migration applied: 003_voice_sessions.sql

      at Object.log [as runMigrations] (src/db.js:1312:42)

  console.log
    [DB] Migration applied: 004_canonical_persistence_v2.sql

      at Object.log [as runMigrations] (src/db.js:1312:42)

  console.log
    [DB] Migration applied: 005_canonical_organization_authority.sql

      at Object.log [as runMigrations] (src/db.js:1312:42)

  console.log
    [DB] Migration applied: 006_canonical_voice_sessions.sql

      at Object.log [as runMigrations] (src/db.js:1312:42)

  console.log
    [DB] Migration applied: 007_canonical_tax_authority.sql

      at Object.log [as runMigrations] (src/db.js:1312:42)

  console.log
    [DB] Migration applied: 008_canonical_demo_authority.sql

      at Object.log [as runMigrations] (src/db.js:1312:42)

  console.log
    [DB] Migration applied: 009_canonical_voice_provider_identity.sql

      at Object.log [as runMigrations] (src/db.js:1312:42)

  console.log
    [DB] Migration applied: 010_account_session_authority.sql

      at Object.log [as runMigrations] (src/db.js:1312:42)

  console.log
    [DB] Migration applied: 011_oauth_authorization_states.sql

      at Object.log [as runMigrations] (src/db.js:1312:42)

  console.log
    [DB] Migration applied: 012_account_verification_trial.sql

      at Object.log [as runMigrations] (src/db.js:1312:42)

  console.log
    [DB] Migration applied: 015_workforce_authority.sql

      at Object.log [as runMigrations] (src/db.js:1312:42)

  console.log
    [DB] Migration applied: 016_tenant_asset_catalogue.sql

      at Object.log [as runMigrations] (src/db.js:1312:42)

  console.log
    [DB] Migration applied: 017_retell_webhook_replay_authority.sql

      at Object.log [as runMigrations] (src/db.js:1312:42)

  console.log
    [DB] Migration applied: 018_canonical_map_preferences.sql

      at Object.log [as runMigrations] (src/db.js:1312:42)

  console.log
    [DB] Migration applied: 019_account_email_outbox.sql

      at Object.log [as runMigrations] (src/db.js:1312:42)

  console.log
    [DB] Migration applied: 020_canonical_workforce_access_roles.sql

      at Object.log [as runMigrations] (src/db.js:1312:42)

  console.log
    [DB] Migration applied: 021_bounded_api_observability.sql

      at Object.log [as runMigrations] (src/db.js:1312:42)

  console.log
    [DB] Migration applied: 022_demo_command_center_sessions.sql

      at Object.log [as runMigrations] (src/db.js:1312:42)

  console.log
    [DB] Migration applied: 023_homepage_demo_admission.sql

      at Object.log [as runMigrations] (src/db.js:1312:42)

  console.log
    [DB] Migration applied: 024_homepage_verified_purge_receipt.sql

      at Object.log [as runMigrations] (src/db.js:1312:42)

  console.log
    [DB] Migration applied: 025_provider_agnostic_knowledge_registry.sql

      at Object.log [as runMigrations] (src/db.js:1312:42)

  console.log
    [DB] Migration applied: 026_canonical_knowledge_review_publication.sql

      at Object.log [as runMigrations] (src/db.js:1312:42)

  console.log
    [DB] Migration applied: 027_canonical_knowledge_audit_graph_authority.sql

      at Object.log [as runMigrations] (src/db.js:1312:42)

  console.log
    [DB] Migration applied: 001_initial_schema.sql

      at Object.log [as runMigrations] (src/db.js:1312:42)

  console.log
    [DB] Migration applied: 002_seed_data.sql

      at Object.log [as runMigrations] (src/db.js:1312:42)

  console.log
    [DB] Migration applied: 003_voice_sessions.sql

      at Object.log [as runMigrations] (src/db.js:1312:42)

  console.log
    [DB] Migration applied: 004_canonical_persistence_v2.sql

      at Object.log [as runMigrations] (src/db.js:1312:42)

  console.log
    [DB] Migration applied: 005_canonical_organization_authority.sql

      at Object.log [as runMigrations] (src/db.js:1312:42)

  console.log
    [DB] Migration applied: 006_canonical_voice_sessions.sql

      at Object.log [as runMigrations] (src/db.js:1312:42)

  console.log
    [DB] Migration applied: 007_canonical_tax_authority.sql

      at Object.log [as runMigrations] (src/db.js:1312:42)

  console.log
    [DB] Migration applied: 008_canonical_demo_authority.sql

      at Object.log [as runMigrations] (src/db.js:1312:42)

  console.log
    [DB] Migration applied: 009_canonical_voice_provider_identity.sql

      at Object.log [as runMigrations] (src/db.js:1312:42)

  console.log
    [DB] Migration applied: 010_account_session_authority.sql

      at Object.log [as runMigrations] (src/db.js:1312:42)

  console.log
    [DB] Migration applied: 011_oauth_authorization_states.sql

      at Object.log [as runMigrations] (src/db.js:1312:42)

  console.log
    [DB] Migration applied: 012_account_verification_trial.sql

      at Object.log [as runMigrations] (src/db.js:1312:42)

  console.log
    [DB] Migration applied: 015_workforce_authority.sql

      at Object.log [as runMigrations] (src/db.js:1312:42)

  console.log
    [DB] Migration applied: 016_tenant_asset_catalogue.sql

      at Object.log [as runMigrations] (src/db.js:1312:42)

  console.log
    [DB] Migration applied: 017_retell_webhook_replay_authority.sql

      at Object.log [as runMigrations] (src/db.js:1312:42)

  console.log
    [DB] Migration applied: 018_canonical_map_preferences.sql

      at Object.log [as runMigrations] (src/db.js:1312:42)

  console.log
    [DB] Migration applied: 019_account_email_outbox.sql

      at Object.log [as runMigrations] (src/db.js:1312:42)

  console.log
    [DB] Migration applied: 020_canonical_workforce_access_roles.sql

      at Object.log [as runMigrations] (src/db.js:1312:42)

  console.log
    [DB] Migration applied: 021_bounded_api_observability.sql

      at Object.log [as runMigrations] (src/db.js:1312:42)

  console.log
    [DB] Migration applied: 022_demo_command_center_sessions.sql

      at Object.log [as runMigrations] (src/db.js:1312:42)

  console.log
    [DB] Migration applied: 023_homepage_demo_admission.sql

      at Object.log [as runMigrations] (src/db.js:1312:42)

  console.log
    [DB] Migration applied: 024_homepage_verified_purge_receipt.sql

      at Object.log [as runMigrations] (src/db.js:1312:42)

  console.log
    [DB] Migration applied: 025_provider_agnostic_knowledge_registry.sql

      at Object.log [as runMigrations] (src/db.js:1312:42)

  console.log
    [DB] Migration applied: 026_canonical_knowledge_review_publication.sql

      at Object.log [as runMigrations] (src/db.js:1312:42)

  console.log
    [DB] Migration applied: 027_canonical_knowledge_audit_graph_authority.sql

      at Object.log [as runMigrations] (src/db.js:1312:42)

  console.log
    [DB] Migration applied: 001_initial_schema.sql

      at Object.log [as runMigrations] (src/db.js:1312:42)

  console.log
    [DB] Migration applied: 002_seed_data.sql

      at Object.log [as runMigrations] (src/db.js:1312:42)

  console.log
    [DB] Migration applied: 003_voice_sessions.sql

      at Object.log [as runMigrations] (src/db.js:1312:42)

  console.log
    [DB] Migration applied: 004_canonical_persistence_v2.sql

      at Object.log [as runMigrations] (src/db.js:1312:42)

  console.log
    [DB] Migration applied: 005_canonical_organization_authority.sql

      at Object.log [as runMigrations] (src/db.js:1312:42)

  console.log
    [DB] Migration applied: 006_canonical_voice_sessions.sql

      at Object.log [as runMigrations] (src/db.js:1312:42)

  console.log
    [DB] Migration applied: 007_canonical_tax_authority.sql

      at Object.log [as runMigrations] (src/db.js:1312:42)

  console.log
    [DB] Migration applied: 008_canonical_demo_authority.sql

      at Object.log [as runMigrations] (src/db.js:1312:42)

  console.log
    [DB] Migration applied: 009_canonical_voice_provider_identity.sql

      at Object.log [as runMigrations] (src/db.js:1312:42)

  console.log
    [DB] Migration applied: 010_account_session_authority.sql

      at Object.log [as runMigrations] (src/db.js:1312:42)

  console.log
    [DB] Migration applied: 011_oauth_authorization_states.sql

      at Object.log [as runMigrations] (src/db.js:1312:42)

  console.log
    [DB] Migration applied: 012_account_verification_trial.sql

      at Object.log [as runMigrations] (src/db.js:1312:42)

  console.log
    [DB] Migration applied: 015_workforce_authority.sql

      at Object.log [as runMigrations] (src/db.js:1312:42)

  console.log
    [DB] Migration applied: 016_tenant_asset_catalogue.sql

      at Object.log [as runMigrations] (src/db.js:1312:42)

  console.log
    [DB] Migration applied: 017_retell_webhook_replay_authority.sql

      at Object.log [as runMigrations] (src/db.js:1312:42)

  console.log
    [DB] Migration applied: 018_canonical_map_preferences.sql

      at Object.log [as runMigrations] (src/db.js:1312:42)

  console.log
    [DB] Migration applied: 019_account_email_outbox.sql

      at Object.log [as runMigrations] (src/db.js:1312:42)

  console.log
    [DB] Migration applied: 020_canonical_workforce_access_roles.sql

      at Object.log [as runMigrations] (src/db.js:1312:42)

  console.log
    [DB] Migration applied: 021_bounded_api_observability.sql

      at Object.log [as runMigrations] (src/db.js:1312:42)

  console.log
    [DB] Migration applied: 022_demo_command_center_sessions.sql

      at Object.log [as runMigrations] (src/db.js:1312:42)

  console.log
    [DB] Migration applied: 023_homepage_demo_admission.sql

      at Object.log [as runMigrations] (src/db.js:1312:42)

  console.log
    [DB] Migration applied: 024_homepage_verified_purge_receipt.sql

      at Object.log [as runMigrations] (src/db.js:1312:42)

  console.log
    [DB] Migration applied: 025_provider_agnostic_knowledge_registry.sql

      at Object.log [as runMigrations] (src/db.js:1312:42)

  console.log
    [DB] Migration applied: 026_canonical_knowledge_review_publication.sql

      at Object.log [as runMigrations] (src/db.js:1312:42)

  console.log
    [DB] Migration applied: 001_initial_schema.sql

      at Object.log [as runMigrations] (src/db.js:1312:42)

  console.log
    [DB] Migration applied: 002_seed_data.sql

      at Object.log [as runMigrations] (src/db.js:1312:42)

  console.log
    [DB] Migration applied: 003_voice_sessions.sql

      at Object.log [as runMigrations] (src/db.js:1312:42)

  console.log
    [DB] Migration applied: 004_canonical_persistence_v2.sql

      at Object.log [as runMigrations] (src/db.js:1312:42)

  console.log
    [DB] Migration applied: 005_canonical_organization_authority.sql

      at Object.log [as runMigrations] (src/db.js:1312:42)

  console.log
    [DB] Migration applied: 006_canonical_voice_sessions.sql

      at Object.log [as runMigrations] (src/db.js:1312:42)

  console.log
    [DB] Migration applied: 007_canonical_tax_authority.sql

      at Object.log [as runMigrations] (src/db.js:1312:42)

  console.log
    [DB] Migration applied: 008_canonical_demo_authority.sql

      at Object.log [as runMigrations] (src/db.js:1312:42)

  console.log
    [DB] Migration applied: 009_canonical_voice_provider_identity.sql

      at Object.log [as runMigrations] (src/db.js:1312:42)

  console.log
    [DB] Migration applied: 010_account_session_authority.sql

      at Object.log [as runMigrations] (src/db.js:1312:42)

  console.log
    [DB] Migration applied: 011_oauth_authorization_states.sql

      at Object.log [as runMigrations] (src/db.js:1312:42)

  console.log
    [DB] Migration applied: 012_account_verification_trial.sql

      at Object.log [as runMigrations] (src/db.js:1312:42)

  console.log
    [DB] Migration applied: 015_workforce_authority.sql

      at Object.log [as runMigrations] (src/db.js:1312:42)

  console.log
    [DB] Migration applied: 016_tenant_asset_catalogue.sql

      at Object.log [as runMigrations] (src/db.js:1312:42)

  console.log
    [DB] Migration applied: 017_retell_webhook_replay_authority.sql

      at Object.log [as runMigrations] (src/db.js:1312:42)

  console.log
    [DB] Migration applied: 018_canonical_map_preferences.sql

      at Object.log [as runMigrations] (src/db.js:1312:42)

  console.log
    [DB] Migration applied: 019_account_email_outbox.sql

      at Object.log [as runMigrations] (src/db.js:1312:42)

  console.log
    [DB] Migration applied: 020_canonical_workforce_access_roles.sql

      at Object.log [as runMigrations] (src/db.js:1312:42)

  console.log
    [DB] Migration applied: 021_bounded_api_observability.sql

      at Object.log [as runMigrations] (src/db.js:1312:42)

  console.log
    [DB] Migration applied: 022_demo_command_center_sessions.sql

      at Object.log [as runMigrations] (src/db.js:1312:42)

  console.log
    [DB] Migration applied: 023_homepage_demo_admission.sql

      at Object.log [as runMigrations] (src/db.js:1312:42)

  console.log
    [DB] Migration applied: 024_homepage_verified_purge_receipt.sql

      at Object.log [as runMigrations] (src/db.js:1312:42)

  console.log
    [DB] Migration applied: 025_provider_agnostic_knowledge_registry.sql

      at Object.log [as runMigrations] (src/db.js:1312:42)

  console.log
    [DB] Migration applied: 026_canonical_knowledge_review_publication.sql

      at Object.log [as runMigrations] (src/db.js:1312:42)

  console.log
    [DB] Migration applied: 001_initial_schema.sql

      at Object.log [as runMigrations] (src/db.js:1312:42)

  console.log
    [DB] Migration applied: 002_seed_data.sql

      at Object.log [as runMigrations] (src/db.js:1312:42)

  console.log
    [DB] Migration applied: 003_voice_sessions.sql

      at Object.log [as runMigrations] (src/db.js:1312:42)

  console.log
    [DB] Migration applied: 004_canonical_persistence_v2.sql

      at Object.log [as runMigrations] (src/db.js:1312:42)

  console.log
    [DB] Migration applied: 005_canonical_organization_authority.sql

      at Object.log [as runMigrations] (src/db.js:1312:42)

  console.log
    [DB] Migration applied: 006_canonical_voice_sessions.sql

      at Object.log [as runMigrations] (src/db.js:1312:42)

  console.log
    [DB] Migration applied: 007_canonical_tax_authority.sql

      at Object.log [as runMigrations] (src/db.js:1312:42)

  console.log
    [DB] Migration applied: 008_canonical_demo_authority.sql

      at Object.log [as runMigrations] (src/db.js:1312:42)

  console.log
    [DB] Migration applied: 009_canonical_voice_provider_identity.sql

      at Object.log [as runMigrations] (src/db.js:1312:42)

  console.log
    [DB] Migration applied: 010_account_session_authority.sql

      at Object.log [as runMigrations] (src/db.js:1312:42)

  console.log
    [DB] Migration applied: 011_oauth_authorization_states.sql

      at Object.log [as runMigrations] (src/db.js:1312:42)

  console.log
    [DB] Migration applied: 012_account_verification_trial.sql

      at Object.log [as runMigrations] (src/db.js:1312:42)

  console.log
    [DB] Migration applied: 015_workforce_authority.sql

      at Object.log [as runMigrations] (src/db.js:1312:42)

  console.log
    [DB] Migration applied: 016_tenant_asset_catalogue.sql

      at Object.log [as runMigrations] (src/db.js:1312:42)

  console.log
    [DB] Migration applied: 017_retell_webhook_replay_authority.sql

      at Object.log [as runMigrations] (src/db.js:1312:42)

  console.log
    [DB] Migration applied: 018_canonical_map_preferences.sql

      at Object.log [as runMigrations] (src/db.js:1312:42)

  console.log
    [DB] Migration applied: 019_account_email_outbox.sql

      at Object.log [as runMigrations] (src/db.js:1312:42)

  console.log
    [DB] Migration applied: 020_canonical_workforce_access_roles.sql

      at Object.log [as runMigrations] (src/db.js:1312:42)

  console.log
    [DB] Migration applied: 021_bounded_api_observability.sql

      at Object.log [as runMigrations] (src/db.js:1312:42)

  console.log
    [DB] Migration applied: 022_demo_command_center_sessions.sql

      at Object.log [as runMigrations] (src/db.js:1312:42)

  console.log
    [DB] Migration applied: 023_homepage_demo_admission.sql

      at Object.log [as runMigrations] (src/db.js:1312:42)

  console.log
    [DB] Migration applied: 024_homepage_verified_purge_receipt.sql

      at Object.log [as runMigrations] (src/db.js:1312:42)

  console.log
    [DB] Migration applied: 025_provider_agnostic_knowledge_registry.sql

      at Object.log [as runMigrations] (src/db.js:1312:42)

  console.log
    [DB] Migration applied: 026_canonical_knowledge_review_publication.sql

      at Object.log [as runMigrations] (src/db.js:1312:42)

  console.log
    [DB] Migration applied: 001_initial_schema.sql

      at Object.log [as runMigrations] (src/db.js:1312:42)

  console.log
    [DB] Migration applied: 002_seed_data.sql

      at Object.log [as runMigrations] (src/db.js:1312:42)

  console.log
    [DB] Migration applied: 003_voice_sessions.sql

      at Object.log [as runMigrations] (src/db.js:1312:42)

  console.log
    [DB] Migration applied: 004_canonical_persistence_v2.sql

      at Object.log [as runMigrations] (src/db.js:1312:42)

  console.log
    [DB] Migration applied: 005_canonical_organization_authority.sql

      at Object.log [as runMigrations] (src/db.js:1312:42)

  console.log
    [DB] Migration applied: 006_canonical_voice_sessions.sql

      at Object.log [as runMigrations] (src/db.js:1312:42)

  console.log
    [DB] Migration applied: 007_canonical_tax_authority.sql

      at Object.log [as runMigrations] (src/db.js:1312:42)

  console.log
    [DB] Migration applied: 008_canonical_demo_authority.sql

      at Object.log [as runMigrations] (src/db.js:1312:42)

  console.log
    [DB] Migration applied: 009_canonical_voice_provider_identity.sql

      at Object.log [as runMigrations] (src/db.js:1312:42)

  console.log
    [DB] Migration applied: 010_account_session_authority.sql

      at Object.log [as runMigrations] (src/db.js:1312:42)

  console.log
    [DB] Migration applied: 011_oauth_authorization_states.sql

      at Object.log [as runMigrations] (src/db.js:1312:42)

  console.log
    [DB] Migration applied: 012_account_verification_trial.sql

      at Object.log [as runMigrations] (src/db.js:1312:42)

  console.log
    [DB] Migration applied: 015_workforce_authority.sql

      at Object.log [as runMigrations] (src/db.js:1312:42)

  console.log
    [DB] Migration applied: 016_tenant_asset_catalogue.sql

      at Object.log [as runMigrations] (src/db.js:1312:42)

  console.log
    [DB] Migration applied: 017_retell_webhook_replay_authority.sql

      at Object.log [as runMigrations] (src/db.js:1312:42)

  console.log
    [DB] Migration applied: 018_canonical_map_preferences.sql

      at Object.log [as runMigrations] (src/db.js:1312:42)

  console.log
    [DB] Migration applied: 019_account_email_outbox.sql

      at Object.log [as runMigrations] (src/db.js:1312:42)

  console.log
    [DB] Migration applied: 020_canonical_workforce_access_roles.sql

      at Object.log [as runMigrations] (src/db.js:1312:42)

  console.log
    [DB] Migration applied: 021_bounded_api_observability.sql

      at Object.log [as runMigrations] (src/db.js:1312:42)

  console.log
    [DB] Migration applied: 022_demo_command_center_sessions.sql

      at Object.log [as runMigrations] (src/db.js:1312:42)

  console.log
    [DB] Migration applied: 023_homepage_demo_admission.sql

      at Object.log [as runMigrations] (src/db.js:1312:42)

  console.log
    [DB] Migration applied: 024_homepage_verified_purge_receipt.sql

      at Object.log [as runMigrations] (src/db.js:1312:42)

  console.log
    [DB] Migration applied: 025_provider_agnostic_knowledge_registry.sql

      at Object.log [as runMigrations] (src/db.js:1312:42)

  console.log
    [DB] Migration applied: 026_canonical_knowledge_review_publication.sql

      at Object.log [as runMigrations] (src/db.js:1312:42)

  console.log
    [DB] Migration applied: 027_canonical_knowledge_audit_graph_authority.sql

      at Object.log [as runMigrations] (src/db.js:1312:42)

  console.log
    [DB] Migration applied: 028_canonical_knowledge_immutable_lifecycle.sql

      at Object.log [as runMigrations] (src/db.js:1312:42)

  console.log
    [DB] Migration applied: 029_canonical_knowledge_transactional_sync.sql

      at Object.log [as runMigrations] (src/db.js:1312:42)

  console.log
    [DB] Migration applied: 030_canonical_knowledge_sync_revocation.sql

      at Object.log [as runMigrations] (src/db.js:1312:42)

  console.log
    [DB] Migration applied: 031_canonical_knowledge_sync_recovery_lifecycle.sql

      at Object.log [as runMigrations] (src/db.js:1312:42)

  console.log
    [DB] Migration applied: 032_canonical_schedule_assignment_authority.sql

      at Object.log [as runMigrations] (src/db.js:1312:42)

  console.log
    [DB] Migration applied: 033_canonical_schedule_time_evidence.sql

      at Object.log [as runMigrations] (src/db.js:1312:42)

  console.log
    [DB] Migration applied: 001_initial_schema.sql

      at Object.log [as runMigrations] (src/db.js:1312:42)

  console.log
    [DB] Migration applied: 002_seed_data.sql

      at Object.log [as runMigrations] (src/db.js:1312:42)

  console.log
    [DB] Migration applied: 003_voice_sessions.sql

      at Object.log [as runMigrations] (src/db.js:1312:42)

  console.log
    [DB] Migration applied: 004_canonical_persistence_v2.sql

      at Object.log [as runMigrations] (src/db.js:1312:42)

  console.log
    [DB] Migration applied: 005_canonical_organization_authority.sql

      at Object.log [as runMigrations] (src/db.js:1312:42)

  console.log
    [DB] Migration applied: 006_canonical_voice_sessions.sql

      at Object.log [as runMigrations] (src/db.js:1312:42)

  console.log
    [DB] Migration applied: 007_canonical_tax_authority.sql

      at Object.log [as runMigrations] (src/db.js:1312:42)

  console.log
    [DB] Migration applied: 008_canonical_demo_authority.sql

      at Object.log [as runMigrations] (src/db.js:1312:42)

  console.log
    [DB] Migration applied: 009_canonical_voice_provider_identity.sql

      at Object.log [as runMigrations] (src/db.js:1312:42)

  console.log
    [DB] Migration applied: 010_account_session_authority.sql

      at Object.log [as runMigrations] (src/db.js:1312:42)

  console.log
    [DB] Migration applied: 011_oauth_authorization_states.sql

      at Object.log [as runMigrations] (src/db.js:1312:42)

  console.log
    [DB] Migration applied: 012_account_verification_trial.sql

      at Object.log [as runMigrations] (src/db.js:1312:42)

  console.log
    [DB] Migration applied: 015_workforce_authority.sql

      at Object.log [as runMigrations] (src/db.js:1312:42)

  console.log
    [DB] Migration applied: 016_tenant_asset_catalogue.sql

      at Object.log [as runMigrations] (src/db.js:1312:42)

  console.log
    [DB] Migration applied: 017_retell_webhook_replay_authority.sql

      at Object.log [as runMigrations] (src/db.js:1312:42)

  console.log
    [DB] Migration applied: 018_canonical_map_preferences.sql

      at Object.log [as runMigrations] (src/db.js:1312:42)

  console.log
    [DB] Migration applied: 019_account_email_outbox.sql

      at Object.log [as runMigrations] (src/db.js:1312:42)

  console.log
    [DB] Migration applied: 020_canonical_workforce_access_roles.sql

      at Object.log [as runMigrations] (src/db.js:1312:42)

  console.log
    [DB] Migration applied: 021_bounded_api_observability.sql

      at Object.log [as runMigrations] (src/db.js:1312:42)

  console.log
    [DB] Migration applied: 022_demo_command_center_sessions.sql

      at Object.log [as runMigrations] (src/db.js:1312:42)

  console.log
    [DB] Migration applied: 023_homepage_demo_admission.sql

      at Object.log [as runMigrations] (src/db.js:1312:42)

  console.log
    [DB] Migration applied: 024_homepage_verified_purge_receipt.sql

      at Object.log [as runMigrations] (src/db.js:1312:42)

  console.log
    [DB] Migration applied: 025_provider_agnostic_knowledge_registry.sql

      at Object.log [as runMigrations] (src/db.js:1312:42)

  console.log
    [DB] Migration applied: 026_canonical_knowledge_review_publication.sql

      at Object.log [as runMigrations] (src/db.js:1312:42)

  console.log
    [DB] Migration applied: 027_canonical_knowledge_audit_graph_authority.sql

      at Object.log [as runMigrations] (src/db.js:1312:42)

  console.log
    [DB] Migration applied: 028_canonical_knowledge_immutable_lifecycle.sql

      at Object.log [as runMigrations] (src/db.js:1312:42)

  console.log
    [DB] Migration applied: 029_canonical_knowledge_transactional_sync.sql

      at Object.log [as runMigrations] (src/db.js:1312:42)

  console.log
    [DB] Migration applied: 030_canonical_knowledge_sync_revocation.sql

      at Object.log [as runMigrations] (src/db.js:1312:42)

  console.log
    [DB] Migration applied: 031_canonical_knowledge_sync_recovery_lifecycle.sql

      at Object.log [as runMigrations] (src/db.js:1312:42)

  console.log
    [DB] Migration applied: 032_canonical_schedule_assignment_authority.sql

      at Object.log [as runMigrations] (src/db.js:1312:42)

  console.log
    [DB] Migration applied: 033_canonical_schedule_time_evidence.sql

      at Object.log [as runMigrations] (src/db.js:1312:42)

  console.log
    [DB] Migration applied: 001_initial_schema.sql

      at Object.log [as runMigrations] (src/db.js:1312:42)

  console.log
    [DB] Migration applied: 002_seed_data.sql

      at Object.log [as runMigrations] (src/db.js:1312:42)

  console.log
    [DB] Migration applied: 003_voice_sessions.sql

      at Object.log [as runMigrations] (src/db.js:1312:42)

  console.log
    [DB] Migration applied: 004_canonical_persistence_v2.sql

      at Object.log [as runMigrations] (src/db.js:1312:42)

  console.log
    [DB] Migration applied: 005_canonical_organization_authority.sql

      at Object.log [as runMigrations] (src/db.js:1312:42)

  console.log
    [DB] Migration applied: 006_canonical_voice_sessions.sql

      at Object.log [as runMigrations] (src/db.js:1312:42)

  console.log
    [DB] Migration applied: 007_canonical_tax_authority.sql

      at Object.log [as runMigrations] (src/db.js:1312:42)

  console.log
    [DB] Migration applied: 008_canonical_demo_authority.sql

      at Object.log [as runMigrations] (src/db.js:1312:42)

  console.log
    [DB] Migration applied: 009_canonical_voice_provider_identity.sql

      at Object.log [as runMigrations] (src/db.js:1312:42)

  console.log
    [DB] Migration applied: 010_account_session_authority.sql

      at Object.log [as runMigrations] (src/db.js:1312:42)

  console.log
    [DB] Migration applied: 011_oauth_authorization_states.sql

      at Object.log [as runMigrations] (src/db.js:1312:42)

  console.log
    [DB] Migration applied: 012_account_verification_trial.sql

      at Object.log [as runMigrations] (src/db.js:1312:42)

  console.log
    [DB] Migration applied: 015_workforce_authority.sql

      at Object.log [as runMigrations] (src/db.js:1312:42)

  console.log
    [DB] Migration applied: 016_tenant_asset_catalogue.sql

      at Object.log [as runMigrations] (src/db.js:1312:42)

  console.log
    [DB] Migration applied: 017_retell_webhook_replay_authority.sql

      at Object.log [as runMigrations] (src/db.js:1312:42)

  console.log
    [DB] Migration applied: 018_canonical_map_preferences.sql

      at Object.log [as runMigrations] (src/db.js:1312:42)

  console.log
    [DB] Migration applied: 019_account_email_outbox.sql

      at Object.log [as runMigrations] (src/db.js:1312:42)

  console.log
    [DB] Migration applied: 020_canonical_workforce_access_roles.sql

      at Object.log [as runMigrations] (src/db.js:1312:42)

  console.log
    [DB] Migration applied: 021_bounded_api_observability.sql

      at Object.log [as runMigrations] (src/db.js:1312:42)

  console.log
    [DB] Migration applied: 022_demo_command_center_sessions.sql

      at Object.log [as runMigrations] (src/db.js:1312:42)

  console.log
    [DB] Migration applied: 023_homepage_demo_admission.sql

      at Object.log [as runMigrations] (src/db.js:1312:42)

  console.log
    [DB] Migration applied: 024_homepage_verified_purge_receipt.sql

      at Object.log [as runMigrations] (src/db.js:1312:42)

  console.log
    [DB] Migration applied: 025_provider_agnostic_knowledge_registry.sql

      at Object.log [as runMigrations] (src/db.js:1312:42)

  console.log
    [DB] Migration applied: 026_canonical_knowledge_review_publication.sql

      at Object.log [as runMigrations] (src/db.js:1312:42)

  console.log
    [DB] Migration applied: 027_canonical_knowledge_audit_graph_authority.sql

      at Object.log [as runMigrations] (src/db.js:1312:42)

  console.log
    [DB] Migration applied: 028_canonical_knowledge_immutable_lifecycle.sql

      at Object.log [as runMigrations] (src/db.js:1312:42)

  console.log
    [DB] Migration applied: 029_canonical_knowledge_transactional_sync.sql

      at Object.log [as runMigrations] (src/db.js:1312:42)

  console.log
    [DB] Migration applied: 030_canonical_knowledge_sync_revocation.sql

      at Object.log [as runMigrations] (src/db.js:1312:42)

  console.log
    [DB] Migration applied: 031_canonical_knowledge_sync_recovery_lifecycle.sql

      at Object.log [as runMigrations] (src/db.js:1312:42)

  console.log
    [DB] Migration applied: 032_canonical_schedule_assignment_authority.sql

      at Object.log [as runMigrations] (src/db.js:1312:42)

  console.log
    [DB] Migration applied: 033_canonical_schedule_time_evidence.sql

      at Object.log [as runMigrations] (src/db.js:1312:42)

  console.log
    [DB] Migration applied: 001_initial_schema.sql

      at log (src/db.js:1312:42)

  console.log
    [DB] Migration applied: 002_seed_data.sql

      at log (src/db.js:1312:42)

  console.log
    [DB] Migration applied: 003_voice_sessions.sql

      at log (src/db.js:1312:42)

  console.log
    [DB] Migration applied: 004_canonical_persistence_v2.sql

      at log (src/db.js:1312:42)

  console.log
    [DB] Migration applied: 005_canonical_organization_authority.sql

      at log (src/db.js:1312:42)

  console.log
    [DB] Migration applied: 006_canonical_voice_sessions.sql

      at log (src/db.js:1312:42)

  console.log
    [DB] Migration applied: 007_canonical_tax_authority.sql

      at log (src/db.js:1312:42)

  console.log
    [DB] Migration applied: 008_canonical_demo_authority.sql

      at log (src/db.js:1312:42)

  console.log
    [DB] Migration applied: 009_canonical_voice_provider_identity.sql

      at log (src/db.js:1312:42)

  console.log
    [DB] Migration applied: 010_account_session_authority.sql

      at log (src/db.js:1312:42)

  console.log
    [DB] Migration applied: 011_oauth_authorization_states.sql

      at log (src/db.js:1312:42)

  console.log
    [DB] Migration applied: 012_account_verification_trial.sql

      at log (src/db.js:1312:42)

  console.log
    [DB] Migration applied: 015_workforce_authority.sql

      at log (src/db.js:1312:42)

  console.log
    [DB] Migration applied: 016_tenant_asset_catalogue.sql

      at log (src/db.js:1312:42)

  console.log
    [DB] Migration applied: 017_retell_webhook_replay_authority.sql

      at log (src/db.js:1312:42)

  console.log
    [DB] Migration applied: 018_canonical_map_preferences.sql

      at log (src/db.js:1312:42)

  console.log
    [DB] Migration applied: 019_account_email_outbox.sql

      at log (src/db.js:1312:42)

  console.log
    [DB] Migration applied: 020_canonical_workforce_access_roles.sql

      at log (src/db.js:1312:42)

  console.log
    [DB] Migration applied: 021_bounded_api_observability.sql

      at log (src/db.js:1312:42)

  console.log
    [DB] Migration applied: 022_demo_command_center_sessions.sql

      at log (src/db.js:1312:42)

  console.log
    [DB] Migration applied: 023_homepage_demo_admission.sql

      at log (src/db.js:1312:42)

  console.log
    [DB] Migration applied: 024_homepage_verified_purge_receipt.sql

      at log (src/db.js:1312:42)

  console.log
    [DB] Migration applied: 025_provider_agnostic_knowledge_registry.sql

      at log (src/db.js:1312:42)

  console.log
    [DB] Migration applied: 026_canonical_knowledge_review_publication.sql

      at log (src/db.js:1312:42)

  console.log
    [DB] Migration applied: 027_canonical_knowledge_audit_graph_authority.sql

      at log (src/db.js:1312:42)

  console.log
    [DB] Migration applied: 028_canonical_knowledge_immutable_lifecycle.sql

      at log (src/db.js:1312:42)

  console.log
    [DB] Migration applied: 029_canonical_knowledge_transactional_sync.sql

      at log (src/db.js:1312:42)

  console.log
    [DB] Migration applied: 030_canonical_knowledge_sync_revocation.sql

      at log (src/db.js:1312:42)

  console.log
    [DB] Migration applied: 031_canonical_knowledge_sync_recovery_lifecycle.sql

      at log (src/db.js:1312:42)

  console.log
    [DB] Migration applied: 032_canonical_schedule_assignment_authority.sql

      at log (src/db.js:1312:42)

  console.log
    [DB] Migration applied: 033_canonical_schedule_time_evidence.sql

      at log (src/db.js:1312:42)

  console.log
    [DB] Migration applied: 034_schedule_availability_conflict_authority.sql

      at log (src/db.js:1312:42)

  console.log
    [DB] Migration applied: 035_schedule_human_preview_approval.sql

      at log (src/db.js:1312:42)

  console.info
    {
      component: 'http',
      event: 'request_completed',
      requestId: '39b6c5e7-14a9-4c88-b793-e48a3cfe487b',
      methodClass: 'PUT',
      durationMs: 172,
      statusCode: 200
    }

      at write (src/observability/safeLogger.js:178:17)

  console.info
    {
      component: 'http',
      event: 'request_completed',
      requestId: 'dde7b308-f14c-4524-a5e6-3fe617346c12',
      methodClass: 'PUT',
      durationMs: 43,
      statusCode: 200
    }

      at write (src/observability/safeLogger.js:178:17)

  console.info
    {
      component: 'http',
      event: 'request_completed',
      requestId: 'f74a258b-5347-44b9-a7e6-68b95bec3fd5',
      methodClass: 'PUT',
      durationMs: 2,
      statusCode: 403
    }

      at write (src/observability/safeLogger.js:178:17)

  console.info
    {
      component: 'http',
      event: 'request_completed',
      requestId: '847e1819-c5ac-48aa-b91f-7306210bfc56',
      methodClass: 'PUT',
      durationMs: 6,
      statusCode: 403
    }

      at write (src/observability/safeLogger.js:178:17)

  console.info
    {
      component: 'http',
      event: 'request_completed',
      requestId: 'cec80ad9-79c6-4fd1-a0d8-2d7241952055',
      methodClass: 'PUT',
      durationMs: 116,
      statusCode: 200
    }

      at write (src/observability/safeLogger.js:178:17)

  console.info
    {
      component: 'http',
      event: 'request_completed',
      requestId: 'bad1ce2b-c257-4472-8b95-8ab0fb20de6f',
      methodClass: 'PUT',
      durationMs: 120,
      statusCode: 200
    }

      at write (src/observability/safeLogger.js:178:17)

  console.info
    {
      component: 'http',
      event: 'request_completed',
      requestId: '9bd0c21f-698c-4bd1-a0fe-053e2ef7b44c',
      methodClass: 'PUT',
      durationMs: 41,
      statusCode: 200
    }

      at write (src/observability/safeLogger.js:178:17)

  console.info
    {
      component: 'http',
      event: 'request_completed',
      requestId: '1681c4bb-15de-4aa4-9879-8a45ebd2bce8',
      methodClass: 'PUT',
      durationMs: 6,
      statusCode: 409
    }

      at write (src/observability/safeLogger.js:178:17)

  console.info
    {
      component: 'http',
      event: 'request_completed',
      requestId: 'a6ee85be-c78d-4c0f-b9bb-3818e01f770d',
      methodClass: 'PUT',
      durationMs: 131,
      statusCode: 200
    }

      at write (src/observability/safeLogger.js:178:17)

  console.info
    {
      component: 'http',
      event: 'request_completed',
      requestId: 'fd9d3cf7-837a-44cd-a989-c53a5ca4fcd8',
      methodClass: 'PUT',
      durationMs: 139,
      statusCode: 200
    }

      at write (src/observability/safeLogger.js:178:17)

  console.info
    {
      component: 'http',
      event: 'request_completed',
      requestId: 'b09ebc23-c102-4708-b7dc-527d34e22f87',
      methodClass: 'PUT',
      durationMs: 5,
      statusCode: 200
    }

      at write (src/observability/safeLogger.js:178:17)

  console.info
    {
      component: 'http',
      event: 'request_completed',
      requestId: '24f9c263-feea-4985-b518-7ce8e9cebf2b',
      methodClass: 'PUT',
      durationMs: 123,
      statusCode: 400
    }

      at write (src/observability/safeLogger.js:178:17)

  console.info
    {
      component: 'http',
      event: 'request_completed',
      requestId: '87c6f9e8-7f3b-4e9f-9b08-fb9a501514f3',
      methodClass: 'PUT',
      durationMs: 117,
      statusCode: 200
    }

      at write (src/observability/safeLogger.js:178:17)

  console.info
    {
      component: 'http',
      event: 'request_completed',
      requestId: '2b188c62-4d6b-4a3c-a668-0486198a8062',
      methodClass: 'PUT',
      durationMs: 5,
      statusCode: 404
    }

      at write (src/observability/safeLogger.js:178:17)

  console.info
    {
      component: 'http',
      event: 'request_completed',
      requestId: '164b5a52-043f-4af2-9cbc-a06e3e407dc3',
      methodClass: 'PUT',
      durationMs: 6,
      statusCode: 404
    }

      at write (src/observability/safeLogger.js:178:17)

  console.info
    {
      component: 'http',
      event: 'request_completed',
      requestId: 'ed18d013-df8f-4007-bb87-0e7c76661583',
      methodClass: 'POST',
      durationMs: 7,
      statusCode: 404
    }

      at write (src/observability/safeLogger.js:178:17)

  console.info
    {
      component: 'http',
      event: 'request_completed',
      requestId: '39ca1ddc-51bb-4f86-8cae-04aba9847bb3',
      methodClass: 'POST',
      durationMs: 7,
      statusCode: 404
    }

      at write (src/observability/safeLogger.js:178:17)

  console.info
    {
      component: 'http',
      event: 'request_completed',
      requestId: '4a885e99-afda-41bf-9973-cc0b4ef654e2',
      methodClass: 'POST',
      durationMs: 9,
      statusCode: 200
    }

      at write (src/observability/safeLogger.js:178:17)

  console.info
    {
      component: 'http',
      event: 'request_completed',
      requestId: '9ea07a1f-f1ee-4f31-9274-bbdc6e5418fd',
      methodClass: 'POST',
      durationMs: 8,
      statusCode: 200
    }

      at write (src/observability/safeLogger.js:178:17)

  console.info
    {
      component: 'http',
      event: 'request_completed',
      requestId: 'a087fc0d-945b-4306-8e0a-ab3276a01271',
      methodClass: 'POST',
      durationMs: 21,
      statusCode: 200
    }

      at write (src/observability/safeLogger.js:178:17)

  console.info
    {
      component: 'http',
      event: 'request_completed',
      requestId: 'd341f0f2-0515-4cac-a3ef-79605b729c10',
      methodClass: 'POST',
      durationMs: 20,
      statusCode: 200
    }

      at write (src/observability/safeLogger.js:178:17)

  console.info
    {
      component: 'http',
      event: 'request_completed',
      requestId: 'da31478d-a38b-4817-b2c9-6d5e179c953c',
      methodClass: 'POST',
      durationMs: 4,
      statusCode: 400
    }

      at write (src/observability/safeLogger.js:178:17)

  console.info
    {
      component: 'http',
      event: 'request_completed',
      requestId: '6cc05256-0ce5-4d59-aeb5-80b47c1f6d9f',
      methodClass: 'POST',
      durationMs: 19,
      statusCode: 200
    }

      at write (src/observability/safeLogger.js:178:17)

  console.info
    {
      component: 'http',
      event: 'request_completed',
      requestId: 'bc5a92b4-bf81-472b-aa1a-b6a6c4ec6ea4',
      methodClass: 'POST',
      durationMs: 20,
      statusCode: 200
    }

      at write (src/observability/safeLogger.js:178:17)

  console.info
    {
      component: 'http',
      event: 'request_completed',
      requestId: '567b6721-f3c6-4ffd-aa49-07ff01d57608',
      methodClass: 'POST',
      durationMs: 26,
      statusCode: 200
    }

      at write (src/observability/safeLogger.js:178:17)

  console.info
    {
      component: 'http',
      event: 'request_completed',
      requestId: 'bde4b430-48af-451c-bf2e-740c1ba575dc',
      methodClass: 'POST',
      durationMs: 27,
      statusCode: 200
    }

      at write (src/observability/safeLogger.js:178:17)

  console.info
    {
      component: 'http',
      event: 'request_completed',
      requestId: '63db84bc-4044-4cfe-9b21-3d9e7729ae73',
      methodClass: 'PUT',
      durationMs: 171,
      statusCode: 200
    }

      at write (src/observability/safeLogger.js:178:17)

  console.info
    {
      component: 'http',
      event: 'request_completed',
      requestId: 'db23ec24-ca04-4196-be43-c03f447500df',
      methodClass: 'POST',
      durationMs: 19,
      statusCode: 200
    }

      at write (src/observability/safeLogger.js:178:17)

  console.info
    {
      component: 'http',
      event: 'request_completed',
      requestId: '0f69be30-7df5-4f5c-97aa-7ad856d9e8c7',
      methodClass: 'POST',
      durationMs: 19,
      statusCode: 200
    }

      at write (src/observability/safeLogger.js:178:17)

  console.info
    {
      component: 'http',
      event: 'request_completed',
      requestId: '8370b086-ab7e-425f-844d-4cc6db2ef275',
      methodClass: 'POST',
      durationMs: 17,
      statusCode: 200
    }

      at write (src/observability/safeLogger.js:178:17)

  console.info
    {
      component: 'http',
      event: 'request_completed',
      requestId: 'b0ecf2bf-901c-4038-a30a-21d0511b4f70',
      methodClass: 'POST',
      durationMs: 20,
      statusCode: 200
    }

      at write (src/observability/safeLogger.js:178:17)

  console.info
    {
      component: 'http',
      event: 'request_completed',
      requestId: '33dd961d-b860-447f-9291-4023e4ac0270',
      methodClass: 'POST',
      durationMs: 20,
      statusCode: 200
    }

      at write (src/observability/safeLogger.js:178:17)

  console.info
    {
      component: 'http',
      event: 'request_completed',
      requestId: 'a689ff40-5b39-431a-86aa-a868ed01a415',
      methodClass: 'POST',
      durationMs: 20,
      statusCode: 200
    }

      at write (src/observability/safeLogger.js:178:17)

  console.info
    {
      component: 'http',
      event: 'request_completed',
      requestId: '67d4eadd-4991-43e7-addb-bf2f17ae52a8',
      methodClass: 'POST',
      durationMs: 19,
      statusCode: 200
    }

      at write (src/observability/safeLogger.js:178:17)

  console.info
    {
      component: 'http',
      event: 'request_completed',
      requestId: '3a275d44-5c9b-487e-8b88-88fb36e3d975',
      methodClass: 'POST',
      durationMs: 19,
      statusCode: 200
    }

      at write (src/observability/safeLogger.js:178:17)

  console.info
    {
      component: 'http',
      event: 'request_completed',
      requestId: 'df1f393b-3644-45f8-84e6-48471656d544',
      methodClass: 'POST',
      durationMs: 20,
      statusCode: 200
    }

      at write (src/observability/safeLogger.js:178:17)

  console.info
    {
      component: 'http',
      event: 'request_completed',
      requestId: '0f3aa30d-6b19-4b9d-a9d1-9e2276a4dac9',
      methodClass: 'POST',
      durationMs: 19,
      statusCode: 200
    }

      at write (src/observability/safeLogger.js:178:17)

  console.info
    {
      component: 'http',
      event: 'request_completed',
      requestId: '16ff2a75-46df-4870-8d6f-0e619f7bc645',
      methodClass: 'POST',
      durationMs: 19,
      statusCode: 200
    }

      at write (src/observability/safeLogger.js:178:17)

  console.info
    {
      component: 'http',
      event: 'request_completed',
      requestId: '222e0138-2a23-4b68-b72d-1544c06bfc79',
      methodClass: 'POST',
      durationMs: 19,
      statusCode: 200
    }

      at write (src/observability/safeLogger.js:178:17)

  console.info
    {
      component: 'http',
      event: 'request_completed',
      requestId: 'f89099e3-4923-4b35-860f-39dbde9f22ec',
      methodClass: 'POST',
      durationMs: 21,
      statusCode: 200
    }

      at write (src/observability/safeLogger.js:178:17)

  console.info
    {
      component: 'http',
      event: 'request_completed',
      requestId: 'f53b5507-ddfa-43d2-9e22-4fd2dd9c6bca',
      methodClass: 'POST',
      durationMs: 25,
      statusCode: 200
    }

      at write (src/observability/safeLogger.js:178:17)

  console.info
    {
      component: 'http',
      event: 'request_completed',
      requestId: 'a6e4433f-2350-4307-8e76-f75de2d793ee',
      methodClass: 'PUT',
      durationMs: 134,
      statusCode: 200
    }

      at write (src/observability/safeLogger.js:178:17)

  console.info
    {
      component: 'http',
      event: 'request_completed',
      requestId: 'b57483d3-74f6-43a7-8fc8-245f2ddca5bd',
      methodClass: 'PUT',
      durationMs: 142,
      statusCode: 409
    }

      at write (src/observability/safeLogger.js:178:17)

  console.info
    {
      component: 'http',
      event: 'request_completed',
      requestId: '37a872db-f344-413e-93e2-a60e8a06095a',
      methodClass: 'PUT',
      durationMs: 3,
      statusCode: 400
    }

      at write (src/observability/safeLogger.js:178:17)

  console.info
    {
      component: 'http',
      event: 'request_completed',
      requestId: '69acfd1e-7a70-4fb8-9b06-487dc025f380',
      methodClass: 'POST',
      durationMs: 2,
      statusCode: 400
    }

      at write (src/observability/safeLogger.js:178:17)

  console.info
    {
      component: 'http',
      event: 'request_completed',
      requestId: 'f48cd6f7-2cbd-4199-a0c9-4380f3756a54',
      methodClass: 'POST',
      durationMs: 2,
      statusCode: 401
    }

      at write (src/observability/safeLogger.js:178:17)

  console.info
    {
      component: 'http',
      event: 'request_completed',
      requestId: '0efe1060-f695-49ec-b321-f32a9186a8b1',
      methodClass: 'POST',
      durationMs: 2,
      statusCode: 403
    }

      at write (src/observability/safeLogger.js:178:17)

  console.info
    {
      component: 'http',
      event: 'request_completed',
      requestId: '805bcce7-092e-4af2-a23f-704ba469a711',
      methodClass: 'POST',
      durationMs: 4,
      statusCode: 403
    }

      at write (src/observability/safeLogger.js:178:17)

  console.info
    {
      component: 'http',
      event: 'request_completed',
      requestId: '0021fe2b-a53d-48cb-a3d5-9139234117e0',
      methodClass: 'POST',
      durationMs: 4,
      statusCode: 409
    }

      at write (src/observability/safeLogger.js:178:17)

  console.log
    [DB] Migration applied: 001_initial_schema.sql

      at Object.log [as runMigrations] (src/db.js:1312:42)

  console.log
    [DB] Migration applied: 002_seed_data.sql

      at Object.log [as runMigrations] (src/db.js:1312:42)

  console.log
    [DB] Migration applied: 003_voice_sessions.sql

      at Object.log [as runMigrations] (src/db.js:1312:42)

  console.log
    [DB] Migration applied: 004_canonical_persistence_v2.sql

      at Object.log [as runMigrations] (src/db.js:1312:42)

  console.log
    [DB] Migration applied: 005_canonical_organization_authority.sql

      at Object.log [as runMigrations] (src/db.js:1312:42)

  console.log
    [DB] Migration applied: 006_canonical_voice_sessions.sql

      at Object.log [as runMigrations] (src/db.js:1312:42)

  console.log
    [DB] Migration applied: 007_canonical_tax_authority.sql

      at Object.log [as runMigrations] (src/db.js:1312:42)

  console.log
    [DB] Migration applied: 008_canonical_demo_authority.sql

      at Object.log [as runMigrations] (src/db.js:1312:42)

  console.log
    [DB] Migration applied: 009_canonical_voice_provider_identity.sql

      at Object.log [as runMigrations] (src/db.js:1312:42)

  console.log
    [DB] Migration applied: 010_account_session_authority.sql

      at Object.log [as runMigrations] (src/db.js:1312:42)

  console.log
    [DB] Migration applied: 011_oauth_authorization_states.sql

      at Object.log [as runMigrations] (src/db.js:1312:42)

  console.log
    [DB] Migration applied: 012_account_verification_trial.sql

      at Object.log [as runMigrations] (src/db.js:1312:42)

  console.log
    [DB] Migration applied: 015_workforce_authority.sql

      at Object.log [as runMigrations] (src/db.js:1312:42)

  console.log
    [DB] Migration applied: 016_tenant_asset_catalogue.sql

      at Object.log [as runMigrations] (src/db.js:1312:42)

  console.log
    [DB] Migration applied: 017_retell_webhook_replay_authority.sql

      at Object.log [as runMigrations] (src/db.js:1312:42)

  console.log
    [DB] Migration applied: 018_canonical_map_preferences.sql

      at Object.log [as runMigrations] (src/db.js:1312:42)

  console.log
    [DB] Migration applied: 019_account_email_outbox.sql

      at Object.log [as runMigrations] (src/db.js:1312:42)

  console.log
    [DB] Migration applied: 020_canonical_workforce_access_roles.sql

      at Object.log [as runMigrations] (src/db.js:1312:42)

  console.log
    [DB] Migration applied: 021_bounded_api_observability.sql

      at Object.log [as runMigrations] (src/db.js:1312:42)

  console.log
    [DB] Migration applied: 022_demo_command_center_sessions.sql

      at Object.log [as runMigrations] (src/db.js:1312:42)

  console.log
    [DB] Migration applied: 023_homepage_demo_admission.sql

      at Object.log [as runMigrations] (src/db.js:1312:42)

  console.log
    [DB] Migration applied: 024_homepage_verified_purge_receipt.sql

      at Object.log [as runMigrations] (src/db.js:1312:42)

  console.log
    [DB] Migration applied: 025_provider_agnostic_knowledge_registry.sql

      at Object.log [as runMigrations] (src/db.js:1312:42)

  console.log
    [DB] Migration applied: 026_canonical_knowledge_review_publication.sql

      at Object.log [as runMigrations] (src/db.js:1312:42)

  console.log
    [DB] Migration applied: 027_canonical_knowledge_audit_graph_authority.sql

      at Object.log [as runMigrations] (src/db.js:1312:42)

  console.log
    [DB] Migration applied: 028_canonical_knowledge_immutable_lifecycle.sql

      at Object.log [as runMigrations] (src/db.js:1312:42)

  console.log
    [DB] Migration applied: 029_canonical_knowledge_transactional_sync.sql

      at Object.log [as runMigrations] (src/db.js:1312:42)

  console.log
    [DB] Migration applied: 030_canonical_knowledge_sync_revocation.sql

      at Object.log [as runMigrations] (src/db.js:1312:42)

  console.log
    [DB] Migration applied: 031_canonical_knowledge_sync_recovery_lifecycle.sql

      at Object.log [as runMigrations] (src/db.js:1312:42)

  console.log
    [DB] Migration applied: 032_canonical_schedule_assignment_authority.sql

      at Object.log [as runMigrations] (src/db.js:1312:42)

  console.log
    [DB] Migration applied: 033_canonical_schedule_time_evidence.sql

      at Object.log [as runMigrations] (src/db.js:1312:42)

  console.log
    [DB] Migration applied: 034_schedule_availability_conflict_authority.sql

      at Object.log [as runMigrations] (src/db.js:1312:42)

  console.log
    [DB] Migration applied: 035_schedule_human_preview_approval.sql

      at Object.log [as runMigrations] (src/db.js:1312:42)

  console.log
    [DB] Migration applied: 001_initial_schema.sql

      at log (src/db.js:1312:42)

  console.log
    [DB] Migration applied: 002_seed_data.sql

      at log (src/db.js:1312:42)

  console.log
    [DB] Migration applied: 003_voice_sessions.sql

      at log (src/db.js:1312:42)

  console.log
    [DB] Migration applied: 004_canonical_persistence_v2.sql

      at log (src/db.js:1312:42)

  console.log
    [DB] Migration applied: 005_canonical_organization_authority.sql

      at log (src/db.js:1312:42)

  console.log
    [DB] Migration applied: 006_canonical_voice_sessions.sql

      at log (src/db.js:1312:42)

  console.log
    [DB] Migration applied: 007_canonical_tax_authority.sql

      at log (src/db.js:1312:42)

  console.log
    [DB] Migration applied: 008_canonical_demo_authority.sql

      at log (src/db.js:1312:42)

  console.log
    [DB] Migration applied: 009_canonical_voice_provider_identity.sql

      at log (src/db.js:1312:42)

  console.log
    [DB] Migration applied: 010_account_session_authority.sql

      at log (src/db.js:1312:42)

  console.log
    [DB] Migration applied: 011_oauth_authorization_states.sql

      at log (src/db.js:1312:42)

  console.log
    [DB] Migration applied: 012_account_verification_trial.sql

      at log (src/db.js:1312:42)

  console.log
    [DB] Migration applied: 015_workforce_authority.sql

      at log (src/db.js:1312:42)

  console.log
    [DB] Migration applied: 016_tenant_asset_catalogue.sql

      at log (src/db.js:1312:42)

  console.log
    [DB] Migration applied: 017_retell_webhook_replay_authority.sql

      at log (src/db.js:1312:42)

  console.log
    [DB] Migration applied: 018_canonical_map_preferences.sql

      at log (src/db.js:1312:42)

  console.log
    [DB] Migration applied: 019_account_email_outbox.sql

      at log (src/db.js:1312:42)

  console.log
    [DB] Migration applied: 020_canonical_workforce_access_roles.sql

      at log (src/db.js:1312:42)

  console.log
    [DB] Migration applied: 021_bounded_api_observability.sql

      at log (src/db.js:1312:42)

  console.log
    [DB] Migration applied: 022_demo_command_center_sessions.sql

      at log (src/db.js:1312:42)

  console.log
    [DB] Migration applied: 023_homepage_demo_admission.sql

      at log (src/db.js:1312:42)

  console.log
    [DB] Migration applied: 024_homepage_verified_purge_receipt.sql

      at log (src/db.js:1312:42)

  console.log
    [DB] Migration applied: 025_provider_agnostic_knowledge_registry.sql

      at log (src/db.js:1312:42)

  console.log
    [DB] Migration applied: 026_canonical_knowledge_review_publication.sql

      at log (src/db.js:1312:42)

  console.log
    [DB] Migration applied: 027_canonical_knowledge_audit_graph_authority.sql

      at log (src/db.js:1312:42)

  console.log
    [DB] Migration applied: 028_canonical_knowledge_immutable_lifecycle.sql

      at log (src/db.js:1312:42)

  console.log
    [DB] Migration applied: 029_canonical_knowledge_transactional_sync.sql

      at log (src/db.js:1312:42)

  console.log
    [DB] Migration applied: 030_canonical_knowledge_sync_revocation.sql

      at log (src/db.js:1312:42)

  console.log
    [DB] Migration applied: 031_canonical_knowledge_sync_recovery_lifecycle.sql

      at log (src/db.js:1312:42)

  console.log
    [DB] Migration applied: 032_canonical_schedule_assignment_authority.sql

      at log (src/db.js:1312:42)

  console.log
    [DB] Migration applied: 033_canonical_schedule_time_evidence.sql

      at log (src/db.js:1312:42)

  console.log
    [DB] Migration applied: 034_schedule_availability_conflict_authority.sql

      at log (src/db.js:1312:42)

  console.log
    [DB] Migration applied: 035_schedule_human_preview_approval.sql

      at log (src/db.js:1312:42)

  console.info
    {
      component: 'http',
      event: 'request_completed',
      requestId: '586fc0a6-c2df-42e0-8b54-ca6b9483dfb9',
      methodClass: 'POST',
      durationMs: 176,
      statusCode: 201
    }

      at write (src/observability/safeLogger.js:178:17)

  console.info
    {
      component: 'http',
      event: 'request_completed',
      requestId: '8b9b7cf4-5208-4aab-b1a1-bf9683fff68e',
      methodClass: 'POST',
      durationMs: 248,
      statusCode: 200
    }

      at write (src/observability/safeLogger.js:178:17)

  console.info
    {
      component: 'http',
      event: 'request_completed',
      requestId: '71d118ff-2789-4b67-958f-8de9cd4e6eef',
      methodClass: 'POST',
      durationMs: 167,
      statusCode: 201
    }

      at write (src/observability/safeLogger.js:178:17)

  console.info
    {
      component: 'http',
      event: 'request_completed',
      requestId: '61dc94eb-8ec7-461d-9f62-b6f45c00e275',
      methodClass: 'POST',
      durationMs: 196,
      statusCode: 200
    }

      at write (src/observability/safeLogger.js:178:17)

  console.info
    {
      component: 'http',
      event: 'request_completed',
      requestId: '7a2c069e-ec3f-4cc9-99ef-ecd01ccf56d2',
      methodClass: 'POST',
      durationMs: 172,
      statusCode: 201
    }

      at write (src/observability/safeLogger.js:178:17)

  console.info
    {
      component: 'http',
      event: 'request_completed',
      requestId: 'be63d8c5-2d18-41d3-923c-87c6c3195c7e',
      methodClass: 'POST',
      durationMs: 207,
      statusCode: 200
    }

      at write (src/observability/safeLogger.js:178:17)

  console.info
    {
      component: 'http',
      event: 'request_completed',
      requestId: 'b10b7a17-8508-4ea5-8476-45310a4adba9',
      methodClass: 'POST',
      durationMs: 154,
      statusCode: 201
    }

      at write (src/observability/safeLogger.js:178:17)

  console.info
    {
      component: 'http',
      event: 'request_completed',
      requestId: 'ef7a7ee7-fb4f-4850-8c6e-bbd17119dbc9',
      methodClass: 'POST',
      durationMs: 185,
      statusCode: 200
    }

      at write (src/observability/safeLogger.js:178:17)

  console.info
    {
      component: 'http',
      event: 'request_completed',
      requestId: 'af2926db-f231-4000-9827-e425b3e2a79d',
      methodClass: 'POST',
      durationMs: 152,
      statusCode: 201
    }

      at write (src/observability/safeLogger.js:178:17)

  console.info
    {
      component: 'http',
      event: 'request_completed',
      requestId: 'fa74e268-8d65-421c-b1ae-5323623e83f8',
      methodClass: 'POST',
      durationMs: 193,
      statusCode: 200
    }

      at write (src/observability/safeLogger.js:178:17)

  console.info
    {
      component: 'http',
      event: 'request_completed',
      requestId: 'a71d0e6b-c326-422a-95d5-57ecb4cf056c',
      methodClass: 'POST',
      durationMs: 167,
      statusCode: 201
    }

      at write (src/observability/safeLogger.js:178:17)

  console.info
    {
      component: 'http',
      event: 'request_completed',
      requestId: '6cbfbaea-936a-4956-8e69-e6e50221f46a',
      methodClass: 'POST',
      durationMs: 336,
      statusCode: 200
    }

      at write (src/observability/safeLogger.js:178:17)

  console.info
    {
      component: 'http',
      event: 'request_completed',
      requestId: '865b8cb4-10de-4c19-bccf-254ec497f1e2',
      methodClass: 'POST',
      durationMs: 291,
      statusCode: 201
    }

      at write (src/observability/safeLogger.js:178:17)

  console.info
    {
      component: 'http',
      event: 'request_completed',
      requestId: '42df6bc7-d77c-4959-87ba-57d3f5138088',
      methodClass: 'POST',
      durationMs: 314,
      statusCode: 200
    }

      at write (src/observability/safeLogger.js:178:17)

  console.info
    {
      component: 'http',
      event: 'request_completed',
      requestId: '6a372692-f4a6-4988-86e5-ec33f8b2a538',
      methodClass: 'GET',
      durationMs: 19,
      statusCode: 200
    }

      at write (src/observability/safeLogger.js:178:17)

  console.info
    {
      component: 'http',
      event: 'request_completed',
      requestId: '919f0e2a-d624-4cf7-a1d3-80d0d13d9cd7',
      methodClass: 'GET',
      durationMs: 43,
      statusCode: 200
    }

      at write (src/observability/safeLogger.js:178:17)

  console.info
    {
      component: 'http',
      event: 'request_completed',
      requestId: '87c0ee60-78b6-4587-aa76-a4c8bedc2a80',
      methodClass: 'GET',
      durationMs: 4,
      statusCode: 400
    }

      at write (src/observability/safeLogger.js:178:17)

  console.info
    {
      component: 'http',
      event: 'request_completed',
      requestId: '25cbe8da-c04f-43b2-ac9d-c3ac91f50c0c',
      methodClass: 'POST',
      durationMs: 6,
      statusCode: 404
    }

      at write (src/observability/safeLogger.js:178:17)

  console.info
    {
      component: 'http',
      event: 'request_completed',
      requestId: 'd1751e7c-a1ad-43db-bc96-bbff5ccf10b5',
      methodClass: 'GET',
      durationMs: 29,
      statusCode: 200
    }

      at write (src/observability/safeLogger.js:178:17)

  console.info
    {
      component: 'http',
      event: 'request_completed',
      requestId: '8b5883fc-1851-43f2-90c1-c886e01ffc8f',
      methodClass: 'GET',
      durationMs: 32,
      statusCode: 200
    }

      at write (src/observability/safeLogger.js:178:17)

  console.info
    {
      component: 'http',
      event: 'request_completed',
      requestId: 'a5bb58a8-146c-4ffc-882a-8c39c0b3ebe9',
      methodClass: 'GET',
      durationMs: 39,
      statusCode: 200
    }

      at write (src/observability/safeLogger.js:178:17)

  console.info
    {
      component: 'http',
      event: 'request_completed',
      requestId: 'f8773067-0354-44aa-8608-5654d89d4507',
      methodClass: 'GET',
      durationMs: 2,
      statusCode: 401
    }

      at write (src/observability/safeLogger.js:178:17)

  console.info
    {
      component: 'http',
      event: 'request_completed',
      requestId: '35fb0bfa-452b-4bfb-9e8f-bba41a303772',
      methodClass: 'GET',
      durationMs: 2,
      statusCode: 401
    }

      at write (src/observability/safeLogger.js:178:17)

  console.info
    {
      component: 'http',
      event: 'request_completed',
      requestId: 'a39708c7-009a-40bd-9373-c779e99338b9',
      methodClass: 'GET',
      durationMs: 3,
      statusCode: 403
    }

      at write (src/observability/safeLogger.js:178:17)

  console.info
    {
      component: 'http',
      event: 'request_completed',
      requestId: '39980925-ec63-490c-839b-2b97d0eef155',
      methodClass: 'GET',
      durationMs: 3,
      statusCode: 403
    }

      at write (src/observability/safeLogger.js:178:17)

  console.info
    {
      component: 'http',
      event: 'request_completed',
      requestId: '555c721b-5993-4ecd-97cb-6bbd4476da98',
      methodClass: 'GET',
      durationMs: 18,
      statusCode: 200
    }

      at write (src/observability/safeLogger.js:178:17)

  console.log
    [DB] Migration applied: 001_initial_schema.sql

      at log (src/db.js:1312:42)

  console.log
    [DB] Migration applied: 002_seed_data.sql

      at log (src/db.js:1312:42)

  console.log
    [DB] Migration applied: 003_voice_sessions.sql

      at log (src/db.js:1312:42)

  console.log
    [DB] Migration applied: 004_canonical_persistence_v2.sql

      at log (src/db.js:1312:42)

  console.log
    [DB] Migration applied: 005_canonical_organization_authority.sql

      at log (src/db.js:1312:42)

  console.log
    [DB] Migration applied: 006_canonical_voice_sessions.sql

      at log (src/db.js:1312:42)

  console.log
    [DB] Migration applied: 007_canonical_tax_authority.sql

      at log (src/db.js:1312:42)

  console.log
    [DB] Migration applied: 008_canonical_demo_authority.sql

      at log (src/db.js:1312:42)

  console.log
    [DB] Migration applied: 009_canonical_voice_provider_identity.sql

      at log (src/db.js:1312:42)

  console.log
    [DB] Migration applied: 010_account_session_authority.sql

      at log (src/db.js:1312:42)

  console.log
    [DB] Migration applied: 011_oauth_authorization_states.sql

      at log (src/db.js:1312:42)

  console.log
    [DB] Migration applied: 012_account_verification_trial.sql

      at log (src/db.js:1312:42)

  console.log
    [DB] Migration applied: 015_workforce_authority.sql

      at log (src/db.js:1312:42)

  console.log
    [DB] Migration applied: 016_tenant_asset_catalogue.sql

      at log (src/db.js:1312:42)

  console.log
    [DB] Migration applied: 017_retell_webhook_replay_authority.sql

      at log (src/db.js:1312:42)

  console.log
    [DB] Migration applied: 018_canonical_map_preferences.sql

      at log (src/db.js:1312:42)

  console.log
    [DB] Migration applied: 019_account_email_outbox.sql

      at log (src/db.js:1312:42)

  console.log
    [DB] Migration applied: 020_canonical_workforce_access_roles.sql

      at log (src/db.js:1312:42)

  console.log
    [DB] Migration applied: 021_bounded_api_observability.sql

      at log (src/db.js:1312:42)

  console.log
    [DB] Migration applied: 022_demo_command_center_sessions.sql

      at log (src/db.js:1312:42)

  console.log
    [DB] Migration applied: 023_homepage_demo_admission.sql

      at log (src/db.js:1312:42)

  console.log
    [DB] Migration applied: 024_homepage_verified_purge_receipt.sql

      at log (src/db.js:1312:42)

  console.log
    [DB] Migration applied: 025_provider_agnostic_knowledge_registry.sql

      at log (src/db.js:1312:42)

  console.log
    [DB] Migration applied: 026_canonical_knowledge_review_publication.sql

      at log (src/db.js:1312:42)

  console.log
    [DB] Migration applied: 027_canonical_knowledge_audit_graph_authority.sql

      at log (src/db.js:1312:42)

  console.log
    [DB] Migration applied: 028_canonical_knowledge_immutable_lifecycle.sql

      at log (src/db.js:1312:42)

  console.log
    [DB] Migration applied: 029_canonical_knowledge_transactional_sync.sql

      at log (src/db.js:1312:42)

  console.log
    [DB] Migration applied: 030_canonical_knowledge_sync_revocation.sql

      at log (src/db.js:1312:42)

  console.log
    [DB] Migration applied: 031_canonical_knowledge_sync_recovery_lifecycle.sql

      at log (src/db.js:1312:42)

  console.log
    [DB] Migration applied: 032_canonical_schedule_assignment_authority.sql

      at log (src/db.js:1312:42)

  console.log
    [DB] Migration applied: 033_canonical_schedule_time_evidence.sql

      at log (src/db.js:1312:42)

  console.log
    [DB] Migration applied: 034_schedule_availability_conflict_authority.sql

      at log (src/db.js:1312:42)

  console.log
    [DB] Migration applied: 035_schedule_human_preview_approval.sql

      at log (src/db.js:1312:42)

  console.log
    [DB] Migration applied: 001_initial_schema.sql

      at Object.log [as runMigrations] (src/db.js:1312:42)

  console.log
    [DB] Migration applied: 002_seed_data.sql

      at Object.log [as runMigrations] (src/db.js:1312:42)

  console.log
    [DB] Migration applied: 003_voice_sessions.sql

      at Object.log [as runMigrations] (src/db.js:1312:42)

  console.log
    [DB] Migration applied: 004_canonical_persistence_v2.sql

      at Object.log [as runMigrations] (src/db.js:1312:42)

  console.log
    [DB] Migration applied: 005_canonical_organization_authority.sql

      at Object.log [as runMigrations] (src/db.js:1312:42)

  console.log
    [DB] Migration applied: 006_canonical_voice_sessions.sql

      at Object.log [as runMigrations] (src/db.js:1312:42)

  console.log
    [DB] Migration applied: 007_canonical_tax_authority.sql

      at Object.log [as runMigrations] (src/db.js:1312:42)

  console.log
    [DB] Migration applied: 008_canonical_demo_authority.sql

      at Object.log [as runMigrations] (src/db.js:1312:42)

  console.log
    [DB] Migration applied: 009_canonical_voice_provider_identity.sql

      at Object.log [as runMigrations] (src/db.js:1312:42)

  console.log
    [DB] Migration applied: 010_account_session_authority.sql

      at Object.log [as runMigrations] (src/db.js:1312:42)

  console.log
    [DB] Migration applied: 011_oauth_authorization_states.sql

      at Object.log [as runMigrations] (src/db.js:1312:42)

  console.log
    [DB] Migration applied: 012_account_verification_trial.sql

      at Object.log [as runMigrations] (src/db.js:1312:42)

  console.log
    [DB] Migration applied: 015_workforce_authority.sql

      at Object.log [as runMigrations] (src/db.js:1312:42)

  console.log
    [DB] Migration applied: 016_tenant_asset_catalogue.sql

      at Object.log [as runMigrations] (src/db.js:1312:42)

  console.log
    [DB] Migration applied: 017_retell_webhook_replay_authority.sql

      at Object.log [as runMigrations] (src/db.js:1312:42)

  console.log
    [DB] Migration applied: 018_canonical_map_preferences.sql

      at Object.log [as runMigrations] (src/db.js:1312:42)

  console.log
    [DB] Migration applied: 019_account_email_outbox.sql

      at Object.log [as runMigrations] (src/db.js:1312:42)

  console.log
    [DB] Migration applied: 020_canonical_workforce_access_roles.sql

      at Object.log [as runMigrations] (src/db.js:1312:42)

  console.log
    [DB] Migration applied: 021_bounded_api_observability.sql

      at Object.log [as runMigrations] (src/db.js:1312:42)

  console.log
    [DB] Migration applied: 022_demo_command_center_sessions.sql

      at Object.log [as runMigrations] (src/db.js:1312:42)

  console.log
    [DB] Migration applied: 023_homepage_demo_admission.sql

      at Object.log [as runMigrations] (src/db.js:1312:42)

  console.log
    [DB] Migration applied: 024_homepage_verified_purge_receipt.sql

      at Object.log [as runMigrations] (src/db.js:1312:42)

  console.log
    [DB] Migration applied: 025_provider_agnostic_knowledge_registry.sql

      at Object.log [as runMigrations] (src/db.js:1312:42)

  console.log
    [DB] Migration applied: 026_canonical_knowledge_review_publication.sql

      at Object.log [as runMigrations] (src/db.js:1312:42)

  console.log
    [DB] Migration applied: 027_canonical_knowledge_audit_graph_authority.sql

      at Object.log [as runMigrations] (src/db.js:1312:42)

  console.log
    [DB] Migration applied: 028_canonical_knowledge_immutable_lifecycle.sql

      at Object.log [as runMigrations] (src/db.js:1312:42)

  console.log
    [DB] Migration applied: 029_canonical_knowledge_transactional_sync.sql

      at Object.log [as runMigrations] (src/db.js:1312:42)

  console.log
    [DB] Migration applied: 030_canonical_knowledge_sync_revocation.sql

      at Object.log [as runMigrations] (src/db.js:1312:42)

  console.log
    [DB] Migration applied: 031_canonical_knowledge_sync_recovery_lifecycle.sql

      at Object.log [as runMigrations] (src/db.js:1312:42)

  console.log
    [DB] Migration applied: 032_canonical_schedule_assignment_authority.sql

      at Object.log [as runMigrations] (src/db.js:1312:42)

  console.log
    [DB] Migration applied: 033_canonical_schedule_time_evidence.sql

      at Object.log [as runMigrations] (src/db.js:1312:42)

  console.log
    [DB] Migration applied: 034_schedule_availability_conflict_authority.sql

      at Object.log [as runMigrations] (src/db.js:1312:42)

  console.log
    [DB] Migration applied: 035_schedule_human_preview_approval.sql

      at Object.log [as runMigrations] (src/db.js:1312:42)

  console.log
    [DB] Migration applied: 001_initial_schema.sql

      at log (src/db.js:1312:42)

  console.log
    [DB] Migration applied: 002_seed_data.sql

      at log (src/db.js:1312:42)

  console.log
    [DB] Migration applied: 003_voice_sessions.sql

      at log (src/db.js:1312:42)

  console.log
    [DB] Migration applied: 004_canonical_persistence_v2.sql

      at log (src/db.js:1312:42)

  console.log
    [DB] Migration applied: 005_canonical_organization_authority.sql

      at log (src/db.js:1312:42)

  console.log
    [DB] Migration applied: 006_canonical_voice_sessions.sql

      at log (src/db.js:1312:42)

  console.log
    [DB] Migration applied: 007_canonical_tax_authority.sql

      at log (src/db.js:1312:42)

  console.log
    [DB] Migration applied: 008_canonical_demo_authority.sql

      at log (src/db.js:1312:42)

  console.log
    [DB] Migration applied: 009_canonical_voice_provider_identity.sql

      at log (src/db.js:1312:42)

  console.log
    [DB] Migration applied: 010_account_session_authority.sql

      at log (src/db.js:1312:42)

  console.log
    [DB] Migration applied: 011_oauth_authorization_states.sql

      at log (src/db.js:1312:42)

  console.log
    [DB] Migration applied: 012_account_verification_trial.sql

      at log (src/db.js:1312:42)

  console.log
    [DB] Migration applied: 015_workforce_authority.sql

      at log (src/db.js:1312:42)

  console.log
    [DB] Migration applied: 016_tenant_asset_catalogue.sql

      at log (src/db.js:1312:42)

  console.log
    [DB] Migration applied: 017_retell_webhook_replay_authority.sql

      at log (src/db.js:1312:42)

  console.log
    [DB] Migration applied: 018_canonical_map_preferences.sql

      at log (src/db.js:1312:42)

  console.log
    [DB] Migration applied: 019_account_email_outbox.sql

      at log (src/db.js:1312:42)

  console.log
    [DB] Migration applied: 020_canonical_workforce_access_roles.sql

      at log (src/db.js:1312:42)

  console.log
    [DB] Migration applied: 021_bounded_api_observability.sql

      at log (src/db.js:1312:42)

  console.log
    [DB] Migration applied: 022_demo_command_center_sessions.sql

      at log (src/db.js:1312:42)

  console.log
    [DB] Migration applied: 023_homepage_demo_admission.sql

      at log (src/db.js:1312:42)

  console.log
    [DB] Migration applied: 024_homepage_verified_purge_receipt.sql

      at log (src/db.js:1312:42)

  console.log
    [DB] Migration applied: 025_provider_agnostic_knowledge_registry.sql

      at log (src/db.js:1312:42)

  console.log
    [DB] Migration applied: 026_canonical_knowledge_review_publication.sql

      at log (src/db.js:1312:42)

  console.log
    [DB] Migration applied: 027_canonical_knowledge_audit_graph_authority.sql

      at log (src/db.js:1312:42)

  console.log
    [DB] Migration applied: 028_canonical_knowledge_immutable_lifecycle.sql

      at log (src/db.js:1312:42)

  console.log
    [DB] Migration applied: 029_canonical_knowledge_transactional_sync.sql

      at log (src/db.js:1312:42)

  console.log
    [DB] Migration applied: 030_canonical_knowledge_sync_revocation.sql

      at log (src/db.js:1312:42)

  console.log
    [DB] Migration applied: 031_canonical_knowledge_sync_recovery_lifecycle.sql

      at log (src/db.js:1312:42)

  console.log
    [DB] Migration applied: 032_canonical_schedule_assignment_authority.sql

      at log (src/db.js:1312:42)

  console.log
    [DB] Migration applied: 033_canonical_schedule_time_evidence.sql

      at log (src/db.js:1312:42)

  console.log
    [DB] Migration applied: 034_schedule_availability_conflict_authority.sql

      at log (src/db.js:1312:42)

  console.log
    [DB] Migration applied: 035_schedule_human_preview_approval.sql

      at log (src/db.js:1312:42)

  console.warn
    [Auth] PostgreSQL account authority unavailable: {
      requestId: 'account-preferences-7ca1c2fe-5a8d-4e7d-ac99-0b640a6f68b6',
      event: 'logout_failed'
    }

      20 |   }
      21 |   if (error instanceof AccountPersistenceError || (error && error.name === 'AccountPersistenceError')) {
    > 22 |     console.warn('[Auth] PostgreSQL account authority unavailable:', { requestId: requestId(req), event });
         |             ^
      23 |     return failure(req, res, 503, 'account_authority_unavailable', 'Account service is temporarily unavailable');
      24 |   }
      25 |   console.error('[Auth] Request failed:', { requestId: requestId(req), event });

      at warn (src/routes/auth.js:22:13)
      at handleError (src/routes/auth.js:87:14)

  console.warn
    [Auth] PostgreSQL account authority unavailable: {
      requestId: 'account-preferences-0dfa1705-2ff3-4613-a503-90ac9d500d4e',
      event: 'logout_failed'
    }

      20 |   }
      21 |   if (error instanceof AccountPersistenceError || (error && error.name === 'AccountPersistenceError')) {
    > 22 |     console.warn('[Auth] PostgreSQL account authority unavailable:', { requestId: requestId(req), event });
         |             ^
      23 |     return failure(req, res, 503, 'account_authority_unavailable', 'Account service is temporarily unavailable');
      24 |   }
      25 |   console.error('[Auth] Request failed:', { requestId: requestId(req), event });

      at warn (src/routes/auth.js:22:13)
      at handleError (src/routes/auth.js:87:14)

  console.log
    [DB] Migration applied: 001_initial_schema.sql

      at log (src/db.js:1312:42)

  console.log
    [DB] Migration applied: 002_seed_data.sql

      at log (src/db.js:1312:42)

  console.log
    [DB] Migration applied: 003_voice_sessions.sql

      at log (src/db.js:1312:42)

  console.log
    [DB] Migration applied: 004_canonical_persistence_v2.sql

      at log (src/db.js:1312:42)

  console.log
    [DB] Migration applied: 005_canonical_organization_authority.sql

      at log (src/db.js:1312:42)

  console.log
    [DB] Migration applied: 006_canonical_voice_sessions.sql

      at log (src/db.js:1312:42)

  console.log
    [DB] Migration applied: 007_canonical_tax_authority.sql

      at log (src/db.js:1312:42)

  console.log
    [DB] Migration applied: 008_canonical_demo_authority.sql

      at log (src/db.js:1312:42)

  console.log
    [DB] Migration applied: 009_canonical_voice_provider_identity.sql

      at log (src/db.js:1312:42)

  console.log
    [DB] Migration applied: 010_account_session_authority.sql

      at log (src/db.js:1312:42)

  console.log
    [DB] Migration applied: 011_oauth_authorization_states.sql

      at log (src/db.js:1312:42)

  console.log
    [DB] Migration applied: 012_account_verification_trial.sql

      at log (src/db.js:1312:42)

  console.log
    [DB] Migration applied: 015_workforce_authority.sql

      at log (src/db.js:1312:42)

  console.log
    [DB] Migration applied: 016_tenant_asset_catalogue.sql

      at log (src/db.js:1312:42)

  console.log
    [DB] Migration applied: 017_retell_webhook_replay_authority.sql

      at log (src/db.js:1312:42)

  console.log
    [DB] Migration applied: 018_canonical_map_preferences.sql

      at log (src/db.js:1312:42)

  console.log
    [DB] Migration applied: 019_account_email_outbox.sql

      at log (src/db.js:1312:42)

  console.log
    [DB] Migration applied: 020_canonical_workforce_access_roles.sql

      at log (src/db.js:1312:42)

  console.log
    [DB] Migration applied: 021_bounded_api_observability.sql

      at log (src/db.js:1312:42)

  console.log
    [DB] Migration applied: 022_demo_command_center_sessions.sql

      at log (src/db.js:1312:42)

  console.log
    [DB] Migration applied: 023_homepage_demo_admission.sql

      at log (src/db.js:1312:42)

  console.log
    [DB] Migration applied: 024_homepage_verified_purge_receipt.sql

      at log (src/db.js:1312:42)

  console.log
    [DB] Migration applied: 025_provider_agnostic_knowledge_registry.sql

      at log (src/db.js:1312:42)

  console.log
    [DB] Migration applied: 026_canonical_knowledge_review_publication.sql

      at log (src/db.js:1312:42)

  console.log
    [DB] Migration applied: 027_canonical_knowledge_audit_graph_authority.sql

      at log (src/db.js:1312:42)

  console.log
    [DB] Migration applied: 028_canonical_knowledge_immutable_lifecycle.sql

      at log (src/db.js:1312:42)

  console.log
    [DB] Migration applied: 029_canonical_knowledge_transactional_sync.sql

      at log (src/db.js:1312:42)

  console.log
    [DB] Migration applied: 030_canonical_knowledge_sync_revocation.sql

      at log (src/db.js:1312:42)

  console.log
    [DB] Migration applied: 031_canonical_knowledge_sync_recovery_lifecycle.sql

      at log (src/db.js:1312:42)

  console.log
    [DB] Migration applied: 032_canonical_schedule_assignment_authority.sql

      at log (src/db.js:1312:42)

  console.log
    [DB] Migration applied: 033_canonical_schedule_time_evidence.sql

      at log (src/db.js:1312:42)

  console.log
    [DB] Migration applied: 034_schedule_availability_conflict_authority.sql

      at log (src/db.js:1312:42)

  console.log
    [DB] Migration applied: 035_schedule_human_preview_approval.sql

      at log (src/db.js:1312:42)

  console.log
    [DB] Migration applied: 001_initial_schema.sql

      at Object.log [as runMigrations] (src/db.js:1312:42)

  console.log
    [DB] Migration applied: 002_seed_data.sql

      at Object.log [as runMigrations] (src/db.js:1312:42)

  console.log
    [DB] Migration applied: 003_voice_sessions.sql

      at Object.log [as runMigrations] (src/db.js:1312:42)

  console.log
    [DB] Migration applied: 004_canonical_persistence_v2.sql

      at Object.log [as runMigrations] (src/db.js:1312:42)

  console.log
    [DB] Migration applied: 005_canonical_organization_authority.sql

      at Object.log [as runMigrations] (src/db.js:1312:42)

  console.log
    [DB] Migration applied: 006_canonical_voice_sessions.sql

      at Object.log [as runMigrations] (src/db.js:1312:42)

  console.log
    [DB] Migration applied: 007_canonical_tax_authority.sql

      at Object.log [as runMigrations] (src/db.js:1312:42)

  console.log
    [DB] Migration applied: 008_canonical_demo_authority.sql

      at Object.log [as runMigrations] (src/db.js:1312:42)

  console.log
    [DB] Migration applied: 009_canonical_voice_provider_identity.sql

      at Object.log [as runMigrations] (src/db.js:1312:42)

  console.log
    [DB] Migration applied: 010_account_session_authority.sql

      at Object.log [as runMigrations] (src/db.js:1312:42)

  console.log
    [DB] Migration applied: 011_oauth_authorization_states.sql

      at Object.log [as runMigrations] (src/db.js:1312:42)

  console.log
    [DB] Migration applied: 012_account_verification_trial.sql

      at Object.log [as runMigrations] (src/db.js:1312:42)

  console.log
    [DB] Migration applied: 015_workforce_authority.sql

      at Object.log [as runMigrations] (src/db.js:1312:42)

  console.log
    [DB] Migration applied: 016_tenant_asset_catalogue.sql

      at Object.log [as runMigrations] (src/db.js:1312:42)

  console.log
    [DB] Migration applied: 017_retell_webhook_replay_authority.sql

      at Object.log [as runMigrations] (src/db.js:1312:42)

  console.log
    [DB] Migration applied: 018_canonical_map_preferences.sql

      at Object.log [as runMigrations] (src/db.js:1312:42)

  console.log
    [DB] Migration applied: 019_account_email_outbox.sql

      at Object.log [as runMigrations] (src/db.js:1312:42)

  console.log
    [DB] Migration applied: 020_canonical_workforce_access_roles.sql

      at Object.log [as runMigrations] (src/db.js:1312:42)

  console.log
    [DB] Migration applied: 022_demo_command_center_sessions.sql

      at Object.log [as runMigrations] (src/db.js:1312:42)

  console.log
    [DB] Migration applied: 023_homepage_demo_admission.sql

      at Object.log [as runMigrations] (src/db.js:1312:42)

  console.log
    [DB] Migration applied: 024_homepage_verified_purge_receipt.sql

      at Object.log [as runMigrations] (src/db.js:1312:42)

  console.log
    [DB] Migration applied: 025_provider_agnostic_knowledge_registry.sql

      at Object.log [as runMigrations] (src/db.js:1312:42)

  console.log
    [DB] Migration applied: 026_canonical_knowledge_review_publication.sql

      at Object.log [as runMigrations] (src/db.js:1312:42)

  console.log
    [DB] Migration applied: 027_canonical_knowledge_audit_graph_authority.sql

      at Object.log [as runMigrations] (src/db.js:1312:42)

  console.log
    [DB] Migration applied: 028_canonical_knowledge_immutable_lifecycle.sql

      at Object.log [as runMigrations] (src/db.js:1312:42)

  console.log
    [DB] Migration applied: 029_canonical_knowledge_transactional_sync.sql

      at Object.log [as runMigrations] (src/db.js:1312:42)

  console.log
    [DB] Migration applied: 030_canonical_knowledge_sync_revocation.sql

      at Object.log [as runMigrations] (src/db.js:1312:42)

  console.log
    [DB] Migration applied: 031_canonical_knowledge_sync_recovery_lifecycle.sql

      at Object.log [as runMigrations] (src/db.js:1312:42)

  console.log
    [DB] Migration applied: 032_canonical_schedule_assignment_authority.sql

      at Object.log [as runMigrations] (src/db.js:1312:42)

  console.log
    [DB] Migration applied: 033_canonical_schedule_time_evidence.sql

      at Object.log [as runMigrations] (src/db.js:1312:42)

  console.log
    [DB] Migration applied: 034_schedule_availability_conflict_authority.sql

      at Object.log [as runMigrations] (src/db.js:1312:42)

  console.log
    [DB] Migration applied: 035_schedule_human_preview_approval.sql

      at Object.log [as runMigrations] (src/db.js:1312:42)

  console.log
    [DB] Migration applied: 021_bounded_api_observability.sql

      at Object.log [as runMigrations] (src/db.js:1312:42)

  console.log
    [DB] Migration applied: 001_initial_schema.sql

      at log (src/db.js:1312:42)

  console.log
    [DB] Migration applied: 002_seed_data.sql

      at log (src/db.js:1312:42)

  console.log
    [DB] Migration applied: 003_voice_sessions.sql

      at log (src/db.js:1312:42)

  console.log
    [DB] Migration applied: 004_canonical_persistence_v2.sql

      at log (src/db.js:1312:42)

  console.log
    [DB] Migration applied: 005_canonical_organization_authority.sql

      at log (src/db.js:1312:42)

  console.log
    [DB] Migration applied: 006_canonical_voice_sessions.sql

      at log (src/db.js:1312:42)

  console.log
    [DB] Migration applied: 007_canonical_tax_authority.sql

      at log (src/db.js:1312:42)

  console.log
    [DB] Migration applied: 008_canonical_demo_authority.sql

      at log (src/db.js:1312:42)

  console.log
    [DB] Migration applied: 009_canonical_voice_provider_identity.sql

      at log (src/db.js:1312:42)

  console.log
    [DB] Migration applied: 010_account_session_authority.sql

      at log (src/db.js:1312:42)

  console.log
    [DB] Migration applied: 011_oauth_authorization_states.sql

      at log (src/db.js:1312:42)

  console.log
    [DB] Migration applied: 012_account_verification_trial.sql

      at log (src/db.js:1312:42)

  console.log
    [DB] Migration applied: 015_workforce_authority.sql

      at log (src/db.js:1312:42)

  console.log
    [DB] Migration applied: 016_tenant_asset_catalogue.sql

      at log (src/db.js:1312:42)

  console.log
    [DB] Migration applied: 017_retell_webhook_replay_authority.sql

      at log (src/db.js:1312:42)

  console.log
    [DB] Migration applied: 018_canonical_map_preferences.sql

      at log (src/db.js:1312:42)

  console.log
    [DB] Migration applied: 019_account_email_outbox.sql

      at log (src/db.js:1312:42)

  console.log
    [DB] Migration applied: 020_canonical_workforce_access_roles.sql

      at log (src/db.js:1312:42)

  console.log
    [DB] Migration applied: 021_bounded_api_observability.sql

      at log (src/db.js:1312:42)

  console.log
    [DB] Migration applied: 022_demo_command_center_sessions.sql

      at log (src/db.js:1312:42)

  console.log
    [DB] Migration applied: 023_homepage_demo_admission.sql

      at log (src/db.js:1312:42)

  console.log
    [DB] Migration applied: 024_homepage_verified_purge_receipt.sql

      at log (src/db.js:1312:42)

  console.log
    [DB] Migration applied: 025_provider_agnostic_knowledge_registry.sql

      at log (src/db.js:1312:42)

  console.log
    [DB] Migration applied: 026_canonical_knowledge_review_publication.sql

      at log (src/db.js:1312:42)

  console.log
    [DB] Migration applied: 027_canonical_knowledge_audit_graph_authority.sql

      at log (src/db.js:1312:42)

  console.log
    [DB] Migration applied: 028_canonical_knowledge_immutable_lifecycle.sql

      at log (src/db.js:1312:42)

  console.log
    [DB] Migration applied: 029_canonical_knowledge_transactional_sync.sql

      at log (src/db.js:1312:42)

  console.log
    [DB] Migration applied: 030_canonical_knowledge_sync_revocation.sql

      at log (src/db.js:1312:42)

  console.log
    [DB] Migration applied: 031_canonical_knowledge_sync_recovery_lifecycle.sql

      at log (src/db.js:1312:42)

  console.log
    [DB] Migration applied: 032_canonical_schedule_assignment_authority.sql

      at log (src/db.js:1312:42)

  console.log
    [DB] Migration applied: 033_canonical_schedule_time_evidence.sql

      at log (src/db.js:1312:42)

  console.log
    [DB] Migration applied: 034_schedule_availability_conflict_authority.sql

      at log (src/db.js:1312:42)

  console.log
    [DB] Migration applied: 035_schedule_human_preview_approval.sql

      at log (src/db.js:1312:42)

  console.info
    {
      component: 'http',
      event: 'request_completed',
      requestId: '20d7d821-31e4-4fd8-aea9-1b94be90df0e',
      methodClass: 'GET',
      durationMs: 130,
      statusCode: 200
    }

      at write (src/observability/safeLogger.js:178:17)

  console.info
    {
      component: 'http',
      event: 'request_completed',
      requestId: 'ad380126-0c73-494e-b95c-7bfc006840a7',
      methodClass: 'GET',
      durationMs: 6,
      statusCode: 200
    }

      at write (src/observability/safeLogger.js:178:17)

  console.info
    {
      component: 'http',
      event: 'request_completed',
      requestId: '31935ea2-b87e-45d4-b6ee-de637c0f0262',
      methodClass: 'GET',
      durationMs: 6,
      statusCode: 200
    }

      at write (src/observability/safeLogger.js:178:17)

  console.info
    {
      component: 'http',
      event: 'request_completed',
      requestId: 'd61b8cc3-3812-4cb7-9cae-4339fe204710',
      methodClass: 'GET',
      durationMs: 5,
      statusCode: 200
    }

      at write (src/observability/safeLogger.js:178:17)

  console.info
    {
      component: 'http',
      event: 'request_completed',
      requestId: '04f7ed8c-bc0d-4394-9ec9-ad712b5cc49e',
      methodClass: 'GET',
      durationMs: 10,
      statusCode: 200
    }

      at write (src/observability/safeLogger.js:178:17)

  console.info
    {
      component: 'http',
      event: 'request_completed',
      requestId: 'f0f8cb60-a0ea-43a7-9d16-91ab5784172d',
      methodClass: 'GET',
      durationMs: 0,
      statusCode: 401
    }

      at write (src/observability/safeLogger.js:178:17)

  console.info
    {
      component: 'http',
      event: 'request_completed',
      requestId: '8d995cff-3c8b-47bf-a806-cbfe5ae24d8d',
      methodClass: 'GET',
      durationMs: 0,
      statusCode: 401
    }

      at write (src/observability/safeLogger.js:178:17)

  console.info
    {
      component: 'http',
      event: 'request_completed',
      requestId: '67c54420-814f-47e1-a5f5-fe941a48772a',
      methodClass: 'POST',
      durationMs: 7,
      statusCode: 201
    }

      at write (src/observability/safeLogger.js:178:17)

  console.info
    {
      component: 'http',
      event: 'request_completed',
      requestId: '82557bf6-430b-4272-a94a-fa23e6720085',
      methodClass: 'POST',
      durationMs: 4,
      statusCode: 403
    }

      at write (src/observability/safeLogger.js:178:17)

  console.info
    {
      component: 'http',
      event: 'request_completed',
      requestId: 'dbda224a-556c-4d94-90fa-e527e9d2bc4e',
      methodClass: 'POST',
      durationMs: 3,
      statusCode: 403
    }

      at write (src/observability/safeLogger.js:178:17)

  console.info
    {
      component: 'http',
      event: 'request_completed',
      requestId: 'e19f70d9-726d-43ce-97d5-561b40ea857b',
      methodClass: 'POST',
      durationMs: 6,
      statusCode: 201
    }

      at write (src/observability/safeLogger.js:178:17)

  console.info
    {
      component: 'http',
      event: 'request_completed',
      requestId: 'ed8f2c44-dba3-4722-a94c-d97a53e2b487',
      methodClass: 'POST',
      durationMs: 4,
      statusCode: 400
    }

      at write (src/observability/safeLogger.js:178:17)

  console.info
    {
      component: 'http',
      event: 'request_completed',
      requestId: 'feec7169-4ffb-488f-91fc-c499c0e5f4a1',
      methodClass: 'POST',
      durationMs: 2,
      statusCode: 403
    }

      at write (src/observability/safeLogger.js:178:17)

  console.info
    {
      component: 'http',
      event: 'request_completed',
      requestId: '6962d372-48de-465a-9f45-8550cfa29a4a',
      methodClass: 'POST',
      durationMs: 9,
      statusCode: 202
    }

      at write (src/observability/safeLogger.js:178:17)

  console.info
    {
      component: 'http',
      event: 'request_completed',
      requestId: 'ad0b9e92-86be-4c2c-8908-7f0eb1daaa50',
      methodClass: 'GET',
      durationMs: 6,
      statusCode: 200
    }

      at write (src/observability/safeLogger.js:178:17)

  console.info
    {
      component: 'http',
      event: 'request_completed',
      requestId: '0109679e-47e3-428f-a575-6badbfb9f81b',
      methodClass: 'GET',
      durationMs: 4,
      statusCode: 200
    }

      at write (src/observability/safeLogger.js:178:17)

  console.info
    {
      component: 'http',
      event: 'request_completed',
      requestId: '1dfbc404-0609-4102-bee7-215d4697a0a6',
      methodClass: 'GET',
      durationMs: 7,
      statusCode: 200
    }

      at write (src/observability/safeLogger.js:178:17)

  console.info
    {
      component: 'http',
      event: 'request_completed',
      requestId: '92092454-726f-49b7-9ca7-cc02f8d7f81d',
      methodClass: 'GET',
      durationMs: 4,
      statusCode: 200
    }

      at write (src/observability/safeLogger.js:178:17)

  console.info
    {
      component: 'http',
      event: 'request_completed',
      requestId: '0cf32a47-d051-4ee8-9f35-3091136f3d66',
      methodClass: 'POST',
      durationMs: 521,
      statusCode: 401
    }

      at write (src/observability/safeLogger.js:178:17)

  console.info
    {
      component: 'http',
      event: 'request_completed',
      requestId: '8ac09ae2-faae-4463-b971-c51cf8862500',
      methodClass: 'POST',
      durationMs: 15,
      statusCode: 202
    }

      at write (src/observability/safeLogger.js:178:17)

  console.info
    {
      component: 'http',
      event: 'request_completed',
      requestId: '1eb0fe2f-51d4-47c8-aa5a-594e6564ad8b',
      methodClass: 'POST',
      durationMs: 268,
      statusCode: 400
    }

      at write (src/observability/safeLogger.js:178:17)

  console.info
    {
      component: 'http',
      event: 'request_completed',
      requestId: '66df2212-fccf-4e82-ba09-f7a0849c5803',
      methodClass: 'POST',
      durationMs: 315,
      statusCode: 200
    }

      at write (src/observability/safeLogger.js:178:17)

  console.info
    {
      component: 'http',
      event: 'request_completed',
      requestId: 'd5800cb0-1eba-4607-b230-51858e66e716',
      methodClass: 'POST',
      durationMs: 267,
      statusCode: 400
    }

      at write (src/observability/safeLogger.js:178:17)

  console.info
    {
      component: 'http',
      event: 'request_completed',
      requestId: '0f2a57c1-7c43-4884-85aa-4f602d22d9c2',
      methodClass: 'POST',
      durationMs: 279,
      statusCode: 200
    }

      at write (src/observability/safeLogger.js:178:17)

  console.info
    {
      component: 'http',
      event: 'request_completed',
      requestId: 'd6217488-e1e3-4557-a5f9-dd5e20f7562c',
      methodClass: 'GET',
      durationMs: 10,
      statusCode: 200
    }

      at write (src/observability/safeLogger.js:178:17)

  console.info
    {
      component: 'http',
      event: 'request_completed',
      requestId: 'a8a0a221-b99f-4edb-80c7-4c581eb8aa2d',
      methodClass: 'PUT',
      durationMs: 12,
      statusCode: 400
    }

      at write (src/observability/safeLogger.js:178:17)

  console.info
    {
      component: 'http',
      event: 'request_completed',
      requestId: '35f9c163-791c-4ed0-96de-89040c64aff7',
      methodClass: 'PUT',
      durationMs: 7,
      statusCode: 400
    }

      at write (src/observability/safeLogger.js:178:17)

  console.info
    {
      component: 'http',
      event: 'request_completed',
      requestId: '97255394-af58-449c-8b0b-2920a983291d',
      methodClass: 'POST',
      durationMs: 8,
      statusCode: 201
    }

      at write (src/observability/safeLogger.js:178:17)

  console.info
    {
      component: 'http',
      event: 'request_completed',
      requestId: '5e03d0b8-29e6-4d8b-a40f-0fc0bdbd17c8',
      methodClass: 'GET',
      durationMs: 3,
      statusCode: 200
    }

      at write (src/observability/safeLogger.js:178:17)

  console.info
    {
      component: 'http',
      event: 'request_completed',
      requestId: 'c8df4554-4f24-463c-9296-e9d87ea218e4',
      methodClass: 'PUT',
      durationMs: 3,
      statusCode: 400
    }

      at write (src/observability/safeLogger.js:178:17)

  console.info
    {
      component: 'http',
      event: 'request_completed',
      requestId: '58cb11cd-4fc1-4ca0-872b-63ba525f0ab9',
      methodClass: 'PUT',
      durationMs: 10,
      statusCode: 200
    }

      at write (src/observability/safeLogger.js:178:17)

  console.info
    {
      component: 'http',
      event: 'request_completed',
      requestId: '623fd595-6ae9-47a9-a1d5-1dcdd2d541d5',
      methodClass: 'PUT',
      durationMs: 2,
      statusCode: 403
    }

      at write (src/observability/safeLogger.js:178:17)

  console.info
    {
      component: 'http',
      event: 'request_completed',
      requestId: '789c8979-f5b9-4fe6-b147-1f08b45cf712',
      methodClass: 'PATCH',
      durationMs: 4,
      statusCode: 200
    }

      at write (src/observability/safeLogger.js:178:17)

  console.info
    {
      component: 'http',
      event: 'request_completed',
      requestId: 'b7bbbb28-735f-4f47-bf13-1a0ce6e510ae',
      methodClass: 'PATCH',
      durationMs: 5,
      statusCode: 200
    }

      at write (src/observability/safeLogger.js:178:17)

  console.info
    {
      component: 'http',
      event: 'request_completed',
      requestId: '1f1070e6-3dc2-43dc-99ef-8dd4caeedcbe',
      methodClass: 'GET',
      durationMs: 2,
      statusCode: 401
    }

      at write (src/observability/safeLogger.js:178:17)

  console.info
    {
      component: 'http',
      event: 'request_completed',
      requestId: 'd88dd7bb-9e5c-42dc-893e-8d2191f576fa',
      methodClass: 'GET',
      durationMs: 4,
      statusCode: 200
    }

      at write (src/observability/safeLogger.js:178:17)

  console.info
    {
      component: 'http',
      event: 'request_completed',
      requestId: '76526b7c-7cb3-49f3-bd0d-dbb81c922f58',
      methodClass: 'POST',
      durationMs: 7,
      statusCode: 202
    }

      at write (src/observability/safeLogger.js:178:17)

  console.info
    {
      component: 'http',
      event: 'request_completed',
      requestId: '651bcb02-1be1-4262-99cf-ba9c6cf8ae71',
      methodClass: 'POST',
      durationMs: 7,
      statusCode: 202
    }

      at write (src/observability/safeLogger.js:178:17)

  console.info
    {
      component: 'http',
      event: 'request_completed',
      requestId: 'c7cf6b6b-f221-4089-9125-98a304eba9a4',
      methodClass: 'POST',
      durationMs: 4,
      statusCode: 409
    }

      at write (src/observability/safeLogger.js:178:17)

  console.info
    {
      component: 'http',
      event: 'request_completed',
      requestId: '7e68aa69-dd1b-46f5-97b9-6fbb730595ed',
      methodClass: 'POST',
      durationMs: 4,
      statusCode: 400
    }

      at write (src/observability/safeLogger.js:178:17)

  console.info
    {
      component: 'http',
      event: 'request_completed',
      requestId: '83304855-152c-4e5b-9027-27bf833d46ca',
      methodClass: 'POST',
      durationMs: 3,
      statusCode: 409
    }

      at write (src/observability/safeLogger.js:178:17)

  console.info
    {
      component: 'http',
      event: 'request_completed',
      requestId: 'e832b5d7-19b4-459f-9608-672dacc0f2f9',
      methodClass: 'POST',
      durationMs: 6,
      statusCode: 202
    }

      at write (src/observability/safeLogger.js:178:17)

  console.info
    {
      component: 'http',
      event: 'request_completed',
      requestId: '1e6ccf52-cb83-4a70-a73e-eeaf4ca84e2c',
      methodClass: 'GET',
      durationMs: 3,
      statusCode: 200
    }

      at write (src/observability/safeLogger.js:178:17)

  console.info
    {
      component: 'http',
      event: 'request_completed',
      requestId: 'ea434507-c11a-4b43-9532-9b8b7dd63cfa',
      methodClass: 'GET',
      durationMs: 3,
      statusCode: 200
    }

      at write (src/observability/safeLogger.js:178:17)

  console.info
    {
      component: 'http',
      event: 'request_completed',
      requestId: '3b353052-8697-4ba1-97eb-92a8f661186a',
      methodClass: 'POST',
      durationMs: 230,
      statusCode: 400
    }

      at write (src/observability/safeLogger.js:178:17)

  console.info
    {
      component: 'http',
      event: 'request_completed',
      requestId: '84b03be2-8d1d-49cc-823f-dcb9a96ec4b2',
      methodClass: 'POST',
      durationMs: 5,
      statusCode: 202
    }

      at write (src/observability/safeLogger.js:178:17)

  console.info
    {
      component: 'http',
      event: 'request_completed',
      requestId: '7b027f5d-0db7-46ba-9fb4-48eb41445502',
      methodClass: 'POST',
      durationMs: 5,
      statusCode: 200
    }

      at write (src/observability/safeLogger.js:178:17)

  console.info
    {
      component: 'http',
      event: 'request_completed',
      requestId: 'e2e8ce97-faab-4434-bf00-8703a92f7e0f',
      methodClass: 'GET',
      durationMs: 4,
      statusCode: 200
    }

      at write (src/observability/safeLogger.js:178:17)

  console.log
    [DB] Migration applied: 001_initial_schema.sql

      at log (src/db.js:1312:42)

  console.log
    [DB] Migration applied: 002_seed_data.sql

      at log (src/db.js:1312:42)

  console.log
    [DB] Migration applied: 003_voice_sessions.sql

      at log (src/db.js:1312:42)

  console.log
    [DB] Migration applied: 004_canonical_persistence_v2.sql

      at log (src/db.js:1312:42)

  console.log
    [DB] Migration applied: 005_canonical_organization_authority.sql

      at log (src/db.js:1312:42)

  console.log
    [DB] Migration applied: 006_canonical_voice_sessions.sql

      at log (src/db.js:1312:42)

  console.log
    [DB] Migration applied: 007_canonical_tax_authority.sql

      at log (src/db.js:1312:42)

  console.log
    [DB] Migration applied: 008_canonical_demo_authority.sql

      at log (src/db.js:1312:42)

  console.log
    [DB] Migration applied: 009_canonical_voice_provider_identity.sql

      at log (src/db.js:1312:42)

  console.log
    [DB] Migration applied: 010_account_session_authority.sql

      at log (src/db.js:1312:42)

  console.log
    [DB] Migration applied: 011_oauth_authorization_states.sql

      at log (src/db.js:1312:42)

  console.log
    [DB] Migration applied: 012_account_verification_trial.sql

      at log (src/db.js:1312:42)

  console.log
    [DB] Migration applied: 015_workforce_authority.sql

      at log (src/db.js:1312:42)

  console.log
    [DB] Migration applied: 016_tenant_asset_catalogue.sql

      at log (src/db.js:1312:42)

  console.log
    [DB] Migration applied: 017_retell_webhook_replay_authority.sql

      at log (src/db.js:1312:42)

  console.log
    [DB] Migration applied: 018_canonical_map_preferences.sql

      at log (src/db.js:1312:42)

  console.log
    [DB] Migration applied: 019_account_email_outbox.sql

      at log (src/db.js:1312:42)

  console.log
    [DB] Migration applied: 020_canonical_workforce_access_roles.sql

      at log (src/db.js:1312:42)

  console.log
    [DB] Migration applied: 021_bounded_api_observability.sql

      at log (src/db.js:1312:42)

  console.log
    [DB] Migration applied: 022_demo_command_center_sessions.sql

      at log (src/db.js:1312:42)

  console.log
    [DB] Migration applied: 023_homepage_demo_admission.sql

      at log (src/db.js:1312:42)

  console.log
    [DB] Migration applied: 024_homepage_verified_purge_receipt.sql

      at log (src/db.js:1312:42)

  console.log
    [DB] Migration applied: 025_provider_agnostic_knowledge_registry.sql

      at log (src/db.js:1312:42)

  console.log
    [DB] Migration applied: 026_canonical_knowledge_review_publication.sql

      at log (src/db.js:1312:42)

  console.log
    [DB] Migration applied: 027_canonical_knowledge_audit_graph_authority.sql

      at log (src/db.js:1312:42)

  console.log
    [DB] Migration applied: 028_canonical_knowledge_immutable_lifecycle.sql

      at log (src/db.js:1312:42)

  console.log
    [DB] Migration applied: 029_canonical_knowledge_transactional_sync.sql

      at log (src/db.js:1312:42)

  console.log
    [DB] Migration applied: 030_canonical_knowledge_sync_revocation.sql

      at log (src/db.js:1312:42)

  console.log
    [DB] Migration applied: 031_canonical_knowledge_sync_recovery_lifecycle.sql

      at log (src/db.js:1312:42)

  console.log
    [DB] Migration applied: 032_canonical_schedule_assignment_authority.sql

      at log (src/db.js:1312:42)

  console.log
    [DB] Migration applied: 033_canonical_schedule_time_evidence.sql

      at log (src/db.js:1312:42)

  console.log
    [DB] Migration applied: 034_schedule_availability_conflict_authority.sql

      at log (src/db.js:1312:42)

  console.log
    [DB] Migration applied: 035_schedule_human_preview_approval.sql

      at log (src/db.js:1312:42)

  console.log
    [DB] Migration applied: 001_initial_schema.sql

      at log (src/db.js:1312:42)

  console.log
    [DB] Migration applied: 002_seed_data.sql

      at log (src/db.js:1312:42)

  console.log
    [DB] Migration applied: 003_voice_sessions.sql

      at log (src/db.js:1312:42)

  console.log
    [DB] Migration applied: 004_canonical_persistence_v2.sql

      at log (src/db.js:1312:42)

  console.log
    [DB] Migration applied: 005_canonical_organization_authority.sql

      at log (src/db.js:1312:42)

  console.log
    [DB] Migration applied: 006_canonical_voice_sessions.sql

      at log (src/db.js:1312:42)

  console.log
    [DB] Migration applied: 007_canonical_tax_authority.sql

      at log (src/db.js:1312:42)

  console.log
    [DB] Migration applied: 008_canonical_demo_authority.sql

      at log (src/db.js:1312:42)

  console.log
    [DB] Migration applied: 009_canonical_voice_provider_identity.sql

      at log (src/db.js:1312:42)

  console.log
    [DB] Migration applied: 010_account_session_authority.sql

      at log (src/db.js:1312:42)

  console.log
    [DB] Migration applied: 011_oauth_authorization_states.sql

      at log (src/db.js:1312:42)

  console.log
    [DB] Migration applied: 012_account_verification_trial.sql

      at log (src/db.js:1312:42)

  console.log
    [DB] Migration applied: 015_workforce_authority.sql

      at log (src/db.js:1312:42)

  console.log
    [DB] Migration applied: 016_tenant_asset_catalogue.sql

      at log (src/db.js:1312:42)

  console.log
    [DB] Migration applied: 017_retell_webhook_replay_authority.sql

      at log (src/db.js:1312:42)

  console.log
    [DB] Migration applied: 018_canonical_map_preferences.sql

      at log (src/db.js:1312:42)

  console.log
    [DB] Migration applied: 019_account_email_outbox.sql

      at log (src/db.js:1312:42)

  console.log
    [DB] Migration applied: 020_canonical_workforce_access_roles.sql

      at log (src/db.js:1312:42)

  console.log
    [DB] Migration applied: 021_bounded_api_observability.sql

      at log (src/db.js:1312:42)

  console.log
    [DB] Migration applied: 022_demo_command_center_sessions.sql

      at log (src/db.js:1312:42)

  console.log
    [DB] Migration applied: 023_homepage_demo_admission.sql

      at log (src/db.js:1312:42)

  console.log
    [DB] Migration applied: 024_homepage_verified_purge_receipt.sql

      at log (src/db.js:1312:42)

  console.log
    [DB] Migration applied: 025_provider_agnostic_knowledge_registry.sql

      at log (src/db.js:1312:42)

  console.log
    [DB] Migration applied: 026_canonical_knowledge_review_publication.sql

      at log (src/db.js:1312:42)

  console.log
    [DB] Migration applied: 027_canonical_knowledge_audit_graph_authority.sql

      at log (src/db.js:1312:42)

  console.log
    [DB] Migration applied: 028_canonical_knowledge_immutable_lifecycle.sql

      at log (src/db.js:1312:42)

  console.log
    [DB] Migration applied: 029_canonical_knowledge_transactional_sync.sql

      at log (src/db.js:1312:42)

  console.log
    [DB] Migration applied: 030_canonical_knowledge_sync_revocation.sql

      at log (src/db.js:1312:42)

  console.log
    [DB] Migration applied: 031_canonical_knowledge_sync_recovery_lifecycle.sql

      at log (src/db.js:1312:42)

  console.log
    [DB] Migration applied: 032_canonical_schedule_assignment_authority.sql

      at log (src/db.js:1312:42)

  console.log
    [DB] Migration applied: 033_canonical_schedule_time_evidence.sql

      at log (src/db.js:1312:42)

  console.log
    [DB] Migration applied: 034_schedule_availability_conflict_authority.sql

      at log (src/db.js:1312:42)

  console.log
    [DB] Migration applied: 035_schedule_human_preview_approval.sql

      at log (src/db.js:1312:42)

  console.info
    {
      component: 'http',
      event: 'request_completed',
      requestId: '4c991a36-6c80-4d62-9daf-7635de061870',
      methodClass: 'GET',
      durationMs: 29,
      statusCode: 200
    }

      at write (src/observability/safeLogger.js:178:17)

  console.info
    {
      component: 'http',
      event: 'request_completed',
      requestId: '77a7a0ac-1ff7-4d13-90d2-9519b682d9da',
      methodClass: 'PUT',
      durationMs: 39,
      statusCode: 200
    }

      at write (src/observability/safeLogger.js:178:17)

  console.info
    {
      component: 'http',
      event: 'request_completed',
      requestId: '29dac7a4-8f2a-45f4-acc2-26cc78e49c50',
      methodClass: 'GET',
      durationMs: 4,
      statusCode: 200
    }

      at write (src/observability/safeLogger.js:178:17)

  console.info
    {
      component: 'http',
      event: 'request_completed',
      requestId: '569932cb-664f-462c-a373-bb304b31800e',
      methodClass: 'PUT',
      durationMs: 3,
      statusCode: 400
    }

      at write (src/observability/safeLogger.js:178:17)

  console.info
    {
      component: 'http',
      event: 'request_completed',
      requestId: 'fd0803ad-cc0f-4d8d-afd7-e6449a02e5fa',
      methodClass: 'PUT',
      durationMs: 2,
      statusCode: 400
    }

      at write (src/observability/safeLogger.js:178:17)

  console.info
    {
      component: 'http',
      event: 'request_completed',
      requestId: '2b44331c-b1c1-4602-92ef-0b5a8abcde1e',
      methodClass: 'PUT',
      durationMs: 2,
      statusCode: 400
    }

      at write (src/observability/safeLogger.js:178:17)

  console.info
    {
      component: 'http',
      event: 'request_completed',
      requestId: '2e739e79-3eec-4055-907f-7661deb5e728',
      methodClass: 'PUT',
      durationMs: 2,
      statusCode: 400
    }

      at write (src/observability/safeLogger.js:178:17)

  console.info
    {
      component: 'http',
      event: 'request_completed',
      requestId: '86422032-302d-49ea-ab89-596c745e5339',
      methodClass: 'PUT',
      durationMs: 2,
      statusCode: 400
    }

      at write (src/observability/safeLogger.js:178:17)

  console.info
    {
      component: 'http',
      event: 'request_completed',
      requestId: '9c8aa5ef-1bb6-4e97-b5f7-4ee9837a8528',
      methodClass: 'PUT',
      durationMs: 2,
      statusCode: 400
    }

      at write (src/observability/safeLogger.js:178:17)

  console.info
    {
      component: 'http',
      event: 'request_completed',
      requestId: '4446d637-5b08-4661-a402-653eb23f5c6c',
      methodClass: 'PUT',
      durationMs: 2,
      statusCode: 400
    }

      at write (src/observability/safeLogger.js:178:17)

  console.info
    {
      component: 'http',
      event: 'request_completed',
      requestId: '8b9982b7-fca9-44a2-a025-2074b83034d5',
      methodClass: 'PUT',
      durationMs: 3,
      statusCode: 400
    }

      at write (src/observability/safeLogger.js:178:17)

  console.info
    {
      component: 'http',
      event: 'request_completed',
      requestId: '23fb5c44-5895-4e47-a181-840580567f7b',
      methodClass: 'PUT',
      durationMs: 2,
      statusCode: 400
    }

      at write (src/observability/safeLogger.js:178:17)

  console.info
    {
      component: 'http',
      event: 'request_completed',
      requestId: '638d3310-36ff-45a9-8d2f-bc6fdba45e82',
      methodClass: 'PUT',
      durationMs: 2,
      statusCode: 400
    }

      at write (src/observability/safeLogger.js:178:17)

  console.info
    {
      component: 'http',
      event: 'request_completed',
      requestId: '2f182a53-d9df-4b48-a9d0-d9eaef251954',
      methodClass: 'PUT',
      durationMs: 3,
      statusCode: 400
    }

      at write (src/observability/safeLogger.js:178:17)

  console.info
    {
      component: 'http',
      event: 'request_completed',
      requestId: 'e9c2b710-71f5-4fc7-a5e0-2c1b9c749917',
      methodClass: 'PUT',
      durationMs: 3,
      statusCode: 400
    }

      at write (src/observability/safeLogger.js:178:17)

  console.info
    {
      component: 'http',
      event: 'request_completed',
      requestId: 'be649287-6a5d-47a6-b166-365c16d21e96',
      methodClass: 'PUT',
      durationMs: 2,
      statusCode: 400
    }

      at write (src/observability/safeLogger.js:178:17)

  console.info
    {
      component: 'http',
      event: 'request_completed',
      requestId: 'a8f91b9b-c84a-40d8-9cd4-ecd8e8e79532',
      methodClass: 'PUT',
      durationMs: 2,
      statusCode: 400
    }

      at write (src/observability/safeLogger.js:178:17)

  console.info
    {
      component: 'http',
      event: 'request_completed',
      requestId: '5a4fead7-d8ca-4822-a46f-1a160c2f2dc7',
      methodClass: 'PUT',
      durationMs: 2,
      statusCode: 400
    }

      at write (src/observability/safeLogger.js:178:17)

  console.info
    {
      component: 'http',
      event: 'request_completed',
      requestId: '3ace7101-aa16-4db6-b712-cc75c94e9040',
      methodClass: 'PUT',
      durationMs: 2,
      statusCode: 400
    }

      at write (src/observability/safeLogger.js:178:17)

  console.info
    {
      component: 'http',
      event: 'request_completed',
      requestId: 'a20f62b5-acaa-44bd-be56-eb3dc16ecda3',
      methodClass: 'GET',
      durationMs: 3,
      statusCode: 200
    }

      at write (src/observability/safeLogger.js:178:17)

  console.info
    {
      component: 'http',
      event: 'request_completed',
      requestId: 'a929d10e-d01f-4a92-8092-cd43b8428601',
      methodClass: 'PUT',
      durationMs: 2,
      statusCode: 403
    }

      at write (src/observability/safeLogger.js:178:17)

  console.info
    {
      component: 'http',
      event: 'request_completed',
      requestId: 'ff729aec-fa1d-4e53-b097-dd2d3c119668',
      methodClass: 'GET',
      durationMs: 3,
      statusCode: 200
    }

      at write (src/observability/safeLogger.js:178:17)

  console.info
    {
      component: 'http',
      event: 'request_completed',
      requestId: '3404a40a-db5e-4541-850c-ed4233c9eb8f',
      methodClass: 'PUT',
      durationMs: 3,
      statusCode: 403
    }

      at write (src/observability/safeLogger.js:178:17)

  console.info
    {
      component: 'http',
      event: 'request_completed',
      requestId: '0f413ac4-10a6-4fc7-9d75-707120924a30',
      methodClass: 'PUT',
      durationMs: 0,
      statusCode: 401
    }

      at write (src/observability/safeLogger.js:178:17)

  console.info
    {
      component: 'http',
      event: 'request_completed',
      requestId: '2f299aed-f236-49c2-b5c4-9a524c894f70',
      methodClass: 'PUT',
      durationMs: 3,
      statusCode: 403
    }

      at write (src/observability/safeLogger.js:178:17)

  console.info
    {
      component: 'http',
      event: 'request_completed',
      requestId: '15a39e75-a1e0-432d-9341-9fa8d7174e79',
      methodClass: 'GET',
      durationMs: 3,
      statusCode: 200
    }

      at write (src/observability/safeLogger.js:178:17)

  console.info
    {
      component: 'http',
      event: 'request_completed',
      requestId: '56ee5053-7386-4221-a4fc-f95ed1f5d2c5',
      methodClass: 'PUT',
      durationMs: 7,
      statusCode: 200
    }

      at write (src/observability/safeLogger.js:178:17)

  console.info
    {
      component: 'http',
      event: 'request_completed',
      requestId: 'fe15a2ed-3032-44fa-97d7-9635bdb40c52',
      methodClass: 'PUT',
      durationMs: 4,
      statusCode: 409
    }

      at write (src/observability/safeLogger.js:178:17)

  console.info
    {
      component: 'http',
      event: 'request_completed',
      requestId: '4655d267-6dc7-4a8e-bae3-4e68cc9b7489',
      methodClass: 'PUT',
      durationMs: 7,
      statusCode: 200
    }

      at write (src/observability/safeLogger.js:178:17)

  console.info
    {
      component: 'http',
      event: 'request_completed',
      requestId: 'bc93585d-3f98-43f2-a96b-831185de72bb',
      methodClass: 'PUT',
      durationMs: 10,
      statusCode: 409
    }

      at write (src/observability/safeLogger.js:178:17)

  console.info
    {
      component: 'http',
      event: 'request_completed',
      requestId: '325cd072-c5b4-4a02-9198-2bc2b0f09c4f',
      methodClass: 'GET',
      durationMs: 2,
      statusCode: 200
    }

      at write (src/observability/safeLogger.js:178:17)

  console.info
    {
      component: 'http',
      event: 'request_completed',
      requestId: '24a68eed-3a62-4020-be56-efb949200fea',
      methodClass: 'PUT',
      durationMs: 6,
      statusCode: 200
    }

      at write (src/observability/safeLogger.js:178:17)

  console.info
    {
      component: 'http',
      event: 'request_completed',
      requestId: 'c2b5b9ab-8546-43f8-813d-5331ca2e2164',
      methodClass: 'GET',
      durationMs: 3,
      statusCode: 200
    }

      at write (src/observability/safeLogger.js:178:17)

  console.info
    {
      component: 'http',
      event: 'request_completed',
      requestId: '781be91a-647a-406a-9fcd-8666db04c1ca',
      methodClass: 'GET',
      durationMs: 3,
      statusCode: 200
    }

      at write (src/observability/safeLogger.js:178:17)

  console.info
    {
      component: 'http',
      event: 'request_completed',
      requestId: '51c21464-41fb-404e-a2c6-86eea37b7df9',
      methodClass: 'PUT',
      durationMs: 8,
      statusCode: 200
    }

      at write (src/observability/safeLogger.js:178:17)

  console.info
    {
      component: 'http',
      event: 'request_completed',
      requestId: 'a1ce0254-964b-41a5-972e-8712034fa75b',
      methodClass: 'GET',
      durationMs: 2,
      statusCode: 200
    }

      at write (src/observability/safeLogger.js:178:17)

  console.info
    {
      component: 'http',
      event: 'request_completed',
      requestId: '730da56d-cbdf-4d94-acd1-10dcf4c27061',
      methodClass: 'PUT',
      durationMs: 7,
      statusCode: 200
    }

      at write (src/observability/safeLogger.js:178:17)

  console.info
    {
      component: 'http',
      event: 'request_completed',
      requestId: '40029f00-48f6-4df7-9c75-e82db322dad9',
      methodClass: 'GET',
      durationMs: 3,
      statusCode: 200
    }

      at write (src/observability/safeLogger.js:178:17)

  console.info
    {
      component: 'http',
      event: 'request_completed',
      requestId: 'a202b84e-5d8f-4c1d-9199-9851ce6ec6d6',
      methodClass: 'GET',
      durationMs: 3,
      statusCode: 200
    }

      at write (src/observability/safeLogger.js:178:17)

  console.info
    {
      component: 'http',
      event: 'request_completed',
      requestId: '2430c7f2-cf74-4564-9b77-2843d4816ded',
      methodClass: 'PUT',
      durationMs: 4,
      statusCode: 409
    }

      at write (src/observability/safeLogger.js:178:17)

  console.info
    {
      component: 'http',
      event: 'request_completed',
      requestId: '70c35dea-b213-4d94-8cf1-46be5bc717d0',
      methodClass: 'PUT',
      durationMs: 4,
      statusCode: 409
    }

      at write (src/observability/safeLogger.js:178:17)

  console.info
    {
      component: 'http',
      event: 'request_completed',
      requestId: 'c49efadc-663a-4d0f-8600-aefeda2319b2',
      methodClass: 'PUT',
      durationMs: 5,
      statusCode: 409
    }

      at write (src/observability/safeLogger.js:178:17)

  console.info
    {
      component: 'http',
      event: 'request_completed',
      requestId: '796730bb-7c14-47dd-856c-1e2411c95af7',
      methodClass: 'PUT',
      durationMs: 4,
      statusCode: 200
    }

      at write (src/observability/safeLogger.js:178:17)

  console.info
    {
      component: 'http',
      event: 'request_completed',
      requestId: '5aa2ed7b-cd7b-4657-bf94-8ba22441ce14',
      methodClass: 'GET',
      durationMs: 3,
      statusCode: 200
    }

      at write (src/observability/safeLogger.js:178:17)

  console.info
    {
      component: 'http',
      event: 'request_completed',
      requestId: '9df83d6f-8c7b-4380-aa7b-0fbac673c966',
      methodClass: 'PUT',
      durationMs: 8,
      statusCode: 200
    }

      at write (src/observability/safeLogger.js:178:17)

  console.info
    {
      component: 'http',
      event: 'request_completed',
      requestId: 'c9293ab6-10c9-48d3-95d3-ea43815d0e3d',
      methodClass: 'GET',
      durationMs: 3,
      statusCode: 200
    }

      at write (src/observability/safeLogger.js:178:17)

  console.info
    {
      component: 'http',
      event: 'request_completed',
      requestId: '63a789c7-8018-4046-b3f3-dd39f8928124',
      methodClass: 'GET',
      durationMs: 3,
      statusCode: 200
    }

      at write (src/observability/safeLogger.js:178:17)

  console.info
    {
      component: 'http',
      event: 'request_completed',
      requestId: '6e315f85-f8c7-4840-a835-499c9c6aca27',
      methodClass: 'PUT',
      durationMs: 7,
      statusCode: 200
    }

      at write (src/observability/safeLogger.js:178:17)

  console.info
    {
      component: 'http',
      event: 'request_completed',
      requestId: 'c508c370-9aa6-4923-893e-07880ef57ad0',
      methodClass: 'GET',
      durationMs: 2,
      statusCode: 200
    }

      at write (src/observability/safeLogger.js:178:17)

  console.info
    {
      component: 'http',
      event: 'request_completed',
      requestId: '9e3fbdb9-ecbf-4562-97ac-748258ee6743',
      methodClass: 'PUT',
      durationMs: 7,
      statusCode: 200
    }

      at write (src/observability/safeLogger.js:178:17)

  console.info
    {
      component: 'http',
      event: 'request_completed',
      requestId: '54cea15d-8d3b-4146-a5fa-1c8237d61d55',
      methodClass: 'GET',
      durationMs: 2,
      statusCode: 200
    }

      at write (src/observability/safeLogger.js:178:17)

  console.info
    {
      component: 'http',
      event: 'request_completed',
      requestId: '46e9d7df-bfd4-4501-88a0-d73a6960dc51',
      methodClass: 'PUT',
      durationMs: 5,
      statusCode: 409
    }

      at write (src/observability/safeLogger.js:178:17)

  console.info
    {
      component: 'http',
      event: 'request_completed',
      requestId: 'eeda53ab-b733-4d0f-893b-ce2464a3a629',
      methodClass: 'PUT',
      durationMs: 6,
      statusCode: 200
    }

      at write (src/observability/safeLogger.js:178:17)

  console.info
    {
      component: 'http',
      event: 'request_completed',
      requestId: '8838de48-f3d1-437d-867f-ae9daa8e1857',
      methodClass: 'GET',
      durationMs: 4,
      statusCode: 200
    }

      at write (src/observability/safeLogger.js:178:17)

  console.info
    {
      component: 'http',
      event: 'request_completed',
      requestId: '26377f3a-de85-4f79-81ff-894569ef46c3',
      methodClass: 'PUT',
      durationMs: 5,
      statusCode: 200
    }

      at write (src/observability/safeLogger.js:178:17)

  console.info
    {
      component: 'http',
      event: 'request_completed',
      requestId: '830239be-f2cd-4080-9363-9a10c34f5680',
      methodClass: 'GET',
      durationMs: 3,
      statusCode: 200
    }

      at write (src/observability/safeLogger.js:178:17)

  console.info
    {
      component: 'http',
      event: 'request_completed',
      requestId: 'c31acb11-b929-484f-b962-a74b2579b567',
      methodClass: 'PUT',
      durationMs: 6,
      statusCode: 200
    }

      at write (src/observability/safeLogger.js:178:17)

  console.info
    {
      component: 'http',
      event: 'request_completed',
      requestId: 'ee39c166-2ab2-4d0c-828d-1da68aedaf19',
      methodClass: 'GET',
      durationMs: 2,
      statusCode: 200
    }

      at write (src/observability/safeLogger.js:178:17)

  console.info
    {
      component: 'http',
      event: 'request_completed',
      requestId: '274905c3-e43d-4f33-ac08-a6bbecc8ee3c',
      methodClass: 'PUT',
      durationMs: 6,
      statusCode: 200
    }

      at write (src/observability/safeLogger.js:178:17)

  console.info
    {
      component: 'http',
      event: 'request_completed',
      requestId: 'df9c33dd-e270-4310-9565-8c2fa8aa03cd',
      methodClass: 'GET',
      durationMs: 2,
      statusCode: 200
    }

      at write (src/observability/safeLogger.js:178:17)

  console.info
    {
      component: 'http',
      event: 'request_completed',
      requestId: '10065595-2e25-4824-b40e-52f920ebe696',
      methodClass: 'PUT',
      durationMs: 6,
      statusCode: 200
    }

      at write (src/observability/safeLogger.js:178:17)

  console.info
    {
      component: 'http',
      event: 'request_completed',
      requestId: '4bd63ba2-0dbc-4dc9-ab30-9baf55f4c0ea',
      methodClass: 'GET',
      durationMs: 2,
      statusCode: 200
    }

      at write (src/observability/safeLogger.js:178:17)

  console.info
    {
      component: 'http',
      event: 'request_completed',
      requestId: '534e3a92-1ffc-490e-9044-7a359a173c30',
      methodClass: 'GET',
      durationMs: 3,
      statusCode: 200
    }

      at write (src/observability/safeLogger.js:178:17)

  console.info
    {
      component: 'http',
      event: 'request_completed',
      requestId: '3c6d8c2f-d82c-47c2-97fc-906771389502',
      methodClass: 'PUT',
      durationMs: 6,
      statusCode: 200
    }

      at write (src/observability/safeLogger.js:178:17)

  console.info
    {
      component: 'http',
      event: 'request_completed',
      requestId: '96a06ee2-3b5d-427d-a270-6dada441c89b',
      methodClass: 'PUT',
      durationMs: 4,
      statusCode: 409
    }

      at write (src/observability/safeLogger.js:178:17)

  console.info
    {
      component: 'http',
      event: 'request_completed',
      requestId: '9086d44b-e86f-4c37-a756-066c31cdea8b',
      methodClass: 'GET',
      durationMs: 3,
      statusCode: 200
    }

      at write (src/observability/safeLogger.js:178:17)

  console.info
    {
      component: 'http',
      event: 'request_completed',
      requestId: 'ac0bf215-7815-442d-be37-0e527dd337af',
      methodClass: 'PUT',
      durationMs: 7,
      statusCode: 200
    }

      at write (src/observability/safeLogger.js:178:17)

  console.info
    {
      component: 'http',
      event: 'request_completed',
      requestId: 'be2d9485-f985-4e63-b116-33ee64db3513',
      methodClass: 'PUT',
      durationMs: 7,
      statusCode: 200
    }

      at write (src/observability/safeLogger.js:178:17)

  console.info
    {
      component: 'http',
      event: 'request_completed',
      requestId: '533e5bdc-1358-493a-afb1-d3b0afcd4569',
      methodClass: 'PUT',
      durationMs: 3,
      statusCode: 409
    }

      at write (src/observability/safeLogger.js:178:17)

  console.info
    {
      component: 'http',
      event: 'request_completed',
      requestId: '7d8f7df1-d1d1-4e92-9c00-c43a7feaa648',
      methodClass: 'PUT',
      durationMs: 3,
      statusCode: 409
    }

      at write (src/observability/safeLogger.js:178:17)

  console.info
    {
      component: 'http',
      event: 'request_completed',
      requestId: '6c6ae3db-d829-488a-ac2d-8f20b7038a3c',
      methodClass: 'PUT',
      durationMs: 2,
      statusCode: 409
    }

      at write (src/observability/safeLogger.js:178:17)

  console.info
    {
      component: 'http',
      event: 'request_completed',
      requestId: '1419ace6-0381-4e73-9dca-b6299bdae57f',
      methodClass: 'PUT',
      durationMs: 3,
      statusCode: 409
    }

      at write (src/observability/safeLogger.js:178:17)

  console.info
    {
      component: 'http',
      event: 'request_completed',
      requestId: 'a55471aa-e5f0-48da-b7f3-329015989a3d',
      methodClass: 'PUT',
      durationMs: 2,
      statusCode: 409
    }

      at write (src/observability/safeLogger.js:178:17)

  console.info
    {
      component: 'http',
      event: 'request_completed',
      requestId: '9b737a8f-3dd9-4ab6-9f9c-c65643468b45',
      methodClass: 'PUT',
      durationMs: 2,
      statusCode: 409
    }

      at write (src/observability/safeLogger.js:178:17)

  console.info
    {
      component: 'http',
      event: 'request_completed',
      requestId: '722cbb7f-062d-4768-acfe-f43a5e30ed7a',
      methodClass: 'PUT',
      durationMs: 5,
      statusCode: 200
    }

      at write (src/observability/safeLogger.js:178:17)

  console.info
    {
      component: 'http',
      event: 'request_completed',
      requestId: '8aefb097-32f9-4ae2-8ae0-852ab256285b',
      methodClass: 'PUT',
      durationMs: 7,
      statusCode: 200
    }

      at write (src/observability/safeLogger.js:178:17)

  console.info
    {
      component: 'http',
      event: 'request_completed',
      requestId: '23c991bc-df58-4473-8a5a-2fca6b966e50',
      methodClass: 'PUT',
      durationMs: 6,
      statusCode: 200
    }

      at write (src/observability/safeLogger.js:178:17)

  console.info
    {
      component: 'http',
      event: 'request_completed',
      requestId: '953ad630-093d-4614-9d54-a1e6755c3d07',
      methodClass: 'PUT',
      durationMs: 2,
      statusCode: 409
    }

      at write (src/observability/safeLogger.js:178:17)

  console.info
    {
      component: 'http',
      event: 'request_completed',
      requestId: 'fad11c22-d2a4-4b2f-bd37-bbefdd121583',
      methodClass: 'PUT',
      durationMs: 2,
      statusCode: 400
    }

      at write (src/observability/safeLogger.js:178:17)

  console.info
    {
      component: 'http',
      event: 'request_completed',
      requestId: '993d0a45-cd06-4d38-b4f8-68bb663571eb',
      methodClass: 'PUT',
      durationMs: 3,
      statusCode: 409
    }

      at write (src/observability/safeLogger.js:178:17)

  console.info
    {
      component: 'http',
      event: 'request_completed',
      requestId: '9bc0b14d-ca15-40d4-b39f-667a72311e44',
      methodClass: 'PUT',
      durationMs: 5,
      statusCode: 200
    }

      at write (src/observability/safeLogger.js:178:17)

  console.info
    {
      component: 'http',
      event: 'request_completed',
      requestId: '4faa760c-06c7-4a18-af67-74e2b824e913',
      methodClass: 'PUT',
      durationMs: 7,
      statusCode: 200
    }

      at write (src/observability/safeLogger.js:178:17)

  console.info
    {
      component: 'http',
      event: 'request_completed',
      requestId: 'a28bc06c-88ca-4851-a06c-dca19f922ade',
      methodClass: 'GET',
      durationMs: 3,
      statusCode: 200
    }

      at write (src/observability/safeLogger.js:178:17)

  console.info
    {
      component: 'http',
      event: 'request_completed',
      requestId: 'f62f65ff-7157-49c5-8fa3-bd5d97d14f3c',
      methodClass: 'PUT',
      durationMs: 7,
      statusCode: 200
    }

      at write (src/observability/safeLogger.js:178:17)

  console.info
    {
      component: 'http',
      event: 'request_completed',
      requestId: '01a411e6-91f8-431d-bb36-3c4543a14b93',
      methodClass: 'PUT',
      durationMs: 6,
      statusCode: 200
    }

      at write (src/observability/safeLogger.js:178:17)

  console.info
    {
      component: 'http',
      event: 'request_completed',
      requestId: 'e744de9b-587a-4886-8e94-da751cc9da1e',
      methodClass: 'PUT',
      durationMs: 6,
      statusCode: 200
    }

      at write (src/observability/safeLogger.js:178:17)

  console.info
    {
      component: 'http',
      event: 'request_completed',
      requestId: '6a95b7c4-05ee-4e86-b312-8ce8e85af61d',
      methodClass: 'PUT',
      durationMs: 5,
      statusCode: 200
    }

      at write (src/observability/safeLogger.js:178:17)

  console.info
    {
      component: 'http',
      event: 'request_completed',
      requestId: 'd219a1cb-c6da-446c-85f3-0b43ce3a8ee0',
      methodClass: 'GET',
      durationMs: 3,
      statusCode: 200
    }

      at write (src/observability/safeLogger.js:178:17)

  console.info
    {
      component: 'http',
      event: 'request_completed',
      requestId: '8e83a66e-103d-4c8b-b5cd-c334ce00be9d',
      methodClass: 'PUT',
      durationMs: 5,
      statusCode: 200
    }

      at write (src/observability/safeLogger.js:178:17)

  console.info
    {
      component: 'http',
      event: 'request_completed',
      requestId: 'd6298007-e100-4178-ad06-d491c232437a',
      methodClass: 'PUT',
      durationMs: 6,
      statusCode: 200
    }

      at write (src/observability/safeLogger.js:178:17)

  console.log
    [Simulations] Canonical graph committed: {"operationId":"76f5726f-2174-4c84-9487-69e742d0c526","service":"fence","replayed":false}

      at log (src/routes/simulations.js:131:11)

  console.info
    {
      component: 'http',
      event: 'request_completed',
      requestId: '9123e475-53eb-4067-a89e-5256b6cdbece',
      methodClass: 'POST',
      durationMs: 32,
      statusCode: 201
    }

      at write (src/observability/safeLogger.js:178:17)

  console.info
    {
      component: 'http',
      event: 'request_completed',
      requestId: 'ef02decb-7f26-4ca1-b008-453c7417d0ec',
      methodClass: 'GET',
      durationMs: 3,
      statusCode: 200
    }

      at write (src/observability/safeLogger.js:178:17)

  console.info
    {
      component: 'http',
      event: 'request_completed',
      requestId: '439e5dfc-cbd6-48b9-b6b7-f8b618c449cd',
      methodClass: 'PUT',
      durationMs: 5,
      statusCode: 200
    }

      at write (src/observability/safeLogger.js:178:17)

  console.log
    [Simulations] Canonical graph committed: {"operationId":"090726a1-a893-4f6e-b349-7455078ea351","service":"fence","replayed":false}

      at log (src/routes/simulations.js:131:11)

  console.info
    {
      component: 'http',
      event: 'request_completed',
      requestId: 'edf99ede-88c7-4561-aa59-c2e2742c20bd',
      methodClass: 'POST',
      durationMs: 27,
      statusCode: 201
    }

      at write (src/observability/safeLogger.js:178:17)

  console.info
    {
      component: 'http',
      event: 'request_completed',
      requestId: '7db82afe-a588-4145-a8b4-de8d03e6e8f4',
      methodClass: 'PUT',
      durationMs: 7,
      statusCode: 200
    }

      at write (src/observability/safeLogger.js:178:17)

  console.log
    [Simulations] Canonical graph committed: {"operationId":"8d4ccefc-5eca-4380-ae5d-adb70ab61eca","service":"fence","replayed":false}

      at log (src/routes/simulations.js:131:11)

  console.info
    {
      component: 'http',
      event: 'request_completed',
      requestId: '7eb5f672-38bc-47a1-b213-13ec93d6319c',
      methodClass: 'POST',
      durationMs: 28,
      statusCode: 201
    }

      at write (src/observability/safeLogger.js:178:17)

  console.info
    {
      component: 'http',
      event: 'request_completed',
      requestId: 'd53b57bc-7128-4112-83e7-610e9632a3f1',
      methodClass: 'PUT',
      durationMs: 6,
      statusCode: 200
    }

      at write (src/observability/safeLogger.js:178:17)

  console.info
    {
      component: 'http',
      event: 'request_completed',
      requestId: '7c19e555-d8df-49cd-bbe8-8b346b285728',
      methodClass: 'GET',
      durationMs: 4,
      statusCode: 200
    }

      at write (src/observability/safeLogger.js:178:17)

  console.info
    {
      component: 'http',
      event: 'request_completed',
      requestId: '2170ee43-8bbb-424d-a0d7-809ebe782d25',
      methodClass: 'PUT',
      durationMs: 7,
      statusCode: 200
    }

      at write (src/observability/safeLogger.js:178:17)

  console.log
    [Simulations] Canonical graph committed: {"operationId":"b7481120-6c45-48db-8d4c-329c877b39dc","service":"fence","replayed":false}

      at log (src/routes/simulations.js:131:11)

  console.info
    {
      component: 'http',
      event: 'request_completed',
      requestId: '1b6bda2c-2091-4e3a-b960-3337ba063622',
      methodClass: 'POST',
      durationMs: 32,
      statusCode: 201
    }

      at write (src/observability/safeLogger.js:178:17)

  console.info
    {
      component: 'http',
      event: 'request_completed',
      requestId: '8fd6aa70-125d-41bb-bec7-6a01660e1606',
      methodClass: 'GET',
      durationMs: 2,
      statusCode: 200
    }

      at write (src/observability/safeLogger.js:178:17)

  console.info
    {
      component: 'http',
      event: 'request_completed',
      requestId: '8b14fe74-ef44-4b6e-99bd-477cc6e560cd',
      methodClass: 'PUT',
      durationMs: 3,
      statusCode: 400
    }

      at write (src/observability/safeLogger.js:178:17)

  console.info
    {
      component: 'http',
      event: 'request_completed',
      requestId: '1b2d1025-cfbf-4728-910e-1fd8b5c3daa1',
      methodClass: 'PUT',
      durationMs: 3,
      statusCode: 400
    }

      at write (src/observability/safeLogger.js:178:17)

  console.info
    {
      component: 'http',
      event: 'request_completed',
      requestId: '2dab9704-08f3-46ad-85da-227dbf2583d2',
      methodClass: 'PUT',
      durationMs: 2,
      statusCode: 400
    }

      at write (src/observability/safeLogger.js:178:17)

  console.info
    {
      component: 'http',
      event: 'request_completed',
      requestId: '7705744c-fef9-4fc8-92cc-9c58e22273ee',
      methodClass: 'GET',
      durationMs: 3,
      statusCode: 200
    }

      at write (src/observability/safeLogger.js:178:17)

  console.info
    {
      component: 'http',
      event: 'request_completed',
      requestId: 'a484f07d-44f3-41c6-94d5-f09d80556aa2',
      methodClass: 'PUT',
      durationMs: 7,
      statusCode: 200
    }

      at write (src/observability/safeLogger.js:178:17)

  console.info
    {
      component: 'http',
      event: 'request_completed',
      requestId: '4b228d44-dd28-41d9-8f9f-a4f956e20224',
      methodClass: 'GET',
      durationMs: 3,
      statusCode: 200
    }

      at write (src/observability/safeLogger.js:178:17)

  console.info
    {
      component: 'http',
      event: 'request_completed',
      requestId: '1c8fc4de-2e71-452f-953a-1b3ba5349c49',
      methodClass: 'GET',
      durationMs: 3,
      statusCode: 200
    }

      at write (src/observability/safeLogger.js:178:17)

  console.info
    {
      component: 'http',
      event: 'request_completed',
      requestId: '84ef8e2a-9d75-47c5-8c61-1876a42620fd',
      methodClass: 'PUT',
      durationMs: 7,
      statusCode: 200
    }

      at write (src/observability/safeLogger.js:178:17)

  console.info
    {
      component: 'http',
      event: 'request_completed',
      requestId: '522fe93a-a961-4adb-ad36-128bdc42436e',
      methodClass: 'PUT',
      durationMs: 4,
      statusCode: 409
    }

      at write (src/observability/safeLogger.js:178:17)

  console.log
    [DB] Migration applied: 001_initial_schema.sql

      at Object.log [as runMigrations] (src/db.js:1312:42)

  console.log
    [DB] Migration applied: 002_seed_data.sql

      at Object.log [as runMigrations] (src/db.js:1312:42)

  console.log
    [DB] Migration applied: 003_voice_sessions.sql

      at Object.log [as runMigrations] (src/db.js:1312:42)

  console.log
    [DB] Migration applied: 004_canonical_persistence_v2.sql

      at Object.log [as runMigrations] (src/db.js:1312:42)

  console.log
    [DB] Migration applied: 005_canonical_organization_authority.sql

      at Object.log [as runMigrations] (src/db.js:1312:42)

  console.log
    [DB] Migration applied: 006_canonical_voice_sessions.sql

      at Object.log [as runMigrations] (src/db.js:1312:42)

  console.log
    [DB] Migration applied: 007_canonical_tax_authority.sql

      at Object.log [as runMigrations] (src/db.js:1312:42)

  console.log
    [DB] Migration applied: 008_canonical_demo_authority.sql

      at Object.log [as runMigrations] (src/db.js:1312:42)

  console.log
    [DB] Migration applied: 009_canonical_voice_provider_identity.sql

      at Object.log [as runMigrations] (src/db.js:1312:42)

  console.log
    [DB] Migration applied: 010_account_session_authority.sql

      at Object.log [as runMigrations] (src/db.js:1312:42)

  console.log
    [DB] Migration applied: 011_oauth_authorization_states.sql

      at Object.log [as runMigrations] (src/db.js:1312:42)

  console.log
    [DB] Migration applied: 012_account_verification_trial.sql

      at Object.log [as runMigrations] (src/db.js:1312:42)

  console.log
    [DB] Migration applied: 015_workforce_authority.sql

      at Object.log [as runMigrations] (src/db.js:1312:42)

  console.log
    [DB] Migration applied: 016_tenant_asset_catalogue.sql

      at Object.log [as runMigrations] (src/db.js:1312:42)

  console.log
    [DB] Migration applied: 017_retell_webhook_replay_authority.sql

      at Object.log [as runMigrations] (src/db.js:1312:42)

  console.log
    [DB] Migration applied: 018_canonical_map_preferences.sql

      at Object.log [as runMigrations] (src/db.js:1312:42)

  console.log
    [DB] Migration applied: 019_account_email_outbox.sql

      at Object.log [as runMigrations] (src/db.js:1312:42)

  console.log
    [DB] Migration applied: 020_canonical_workforce_access_roles.sql

      at Object.log [as runMigrations] (src/db.js:1312:42)

  console.log
    [DB] Migration applied: 021_bounded_api_observability.sql

      at Object.log [as runMigrations] (src/db.js:1312:42)

  console.log
    [DB] Migration applied: 022_demo_command_center_sessions.sql

      at Object.log [as runMigrations] (src/db.js:1312:42)

  console.log
    [DB] Migration applied: 023_homepage_demo_admission.sql

      at Object.log [as runMigrations] (src/db.js:1312:42)

  console.log
    [DB] Migration applied: 024_homepage_verified_purge_receipt.sql

      at Object.log [as runMigrations] (src/db.js:1312:42)

  console.log
    [DB] Migration applied: 025_provider_agnostic_knowledge_registry.sql

      at Object.log [as runMigrations] (src/db.js:1312:42)

  console.log
    [DB] Migration applied: 026_canonical_knowledge_review_publication.sql

      at Object.log [as runMigrations] (src/db.js:1312:42)

  console.log
    [DB] Migration applied: 027_canonical_knowledge_audit_graph_authority.sql

      at Object.log [as runMigrations] (src/db.js:1312:42)

  console.log
    [DB] Migration applied: 028_canonical_knowledge_immutable_lifecycle.sql

      at Object.log [as runMigrations] (src/db.js:1312:42)

  console.log
    [DB] Migration applied: 001_initial_schema.sql

      at Object.log [as runMigrations] (src/db.js:1312:42)

  console.log
    [DB] Migration applied: 002_seed_data.sql

      at Object.log [as runMigrations] (src/db.js:1312:42)

  console.log
    [DB] Migration applied: 003_voice_sessions.sql

      at Object.log [as runMigrations] (src/db.js:1312:42)

  console.log
    [DB] Migration applied: 004_canonical_persistence_v2.sql

      at Object.log [as runMigrations] (src/db.js:1312:42)

  console.log
    [DB] Migration applied: 005_canonical_organization_authority.sql

      at Object.log [as runMigrations] (src/db.js:1312:42)

  console.log
    [DB] Migration applied: 006_canonical_voice_sessions.sql

      at Object.log [as runMigrations] (src/db.js:1312:42)

  console.log
    [DB] Migration applied: 007_canonical_tax_authority.sql

      at Object.log [as runMigrations] (src/db.js:1312:42)

  console.log
    [DB] Migration applied: 008_canonical_demo_authority.sql

      at Object.log [as runMigrations] (src/db.js:1312:42)

  console.log
    [DB] Migration applied: 009_canonical_voice_provider_identity.sql

      at Object.log [as runMigrations] (src/db.js:1312:42)

  console.log
    [DB] Migration applied: 010_account_session_authority.sql

      at Object.log [as runMigrations] (src/db.js:1312:42)

  console.log
    [DB] Migration applied: 011_oauth_authorization_states.sql

      at Object.log [as runMigrations] (src/db.js:1312:42)

  console.log
    [DB] Migration applied: 012_account_verification_trial.sql

      at Object.log [as runMigrations] (src/db.js:1312:42)

  console.log
    [DB] Migration applied: 015_workforce_authority.sql

      at Object.log [as runMigrations] (src/db.js:1312:42)

  console.log
    [DB] Migration applied: 016_tenant_asset_catalogue.sql

      at Object.log [as runMigrations] (src/db.js:1312:42)

  console.log
    [DB] Migration applied: 017_retell_webhook_replay_authority.sql

      at Object.log [as runMigrations] (src/db.js:1312:42)

  console.log
    [DB] Migration applied: 018_canonical_map_preferences.sql

      at Object.log [as runMigrations] (src/db.js:1312:42)

  console.log
    [DB] Migration applied: 019_account_email_outbox.sql

      at Object.log [as runMigrations] (src/db.js:1312:42)

  console.log
    [DB] Migration applied: 020_canonical_workforce_access_roles.sql

      at Object.log [as runMigrations] (src/db.js:1312:42)

  console.log
    [DB] Migration applied: 021_bounded_api_observability.sql

      at Object.log [as runMigrations] (src/db.js:1312:42)

  console.log
    [DB] Migration applied: 022_demo_command_center_sessions.sql

      at Object.log [as runMigrations] (src/db.js:1312:42)

  console.log
    [DB] Migration applied: 023_homepage_demo_admission.sql

      at Object.log [as runMigrations] (src/db.js:1312:42)

  console.log
    [DB] Migration applied: 024_homepage_verified_purge_receipt.sql

      at Object.log [as runMigrations] (src/db.js:1312:42)

  console.log
    [DB] Migration applied: 025_provider_agnostic_knowledge_registry.sql

      at Object.log [as runMigrations] (src/db.js:1312:42)

  console.log
    [DB] Migration applied: 026_canonical_knowledge_review_publication.sql

      at Object.log [as runMigrations] (src/db.js:1312:42)

  console.log
    [DB] Migration applied: 027_canonical_knowledge_audit_graph_authority.sql

      at Object.log [as runMigrations] (src/db.js:1312:42)

  console.log
    [DB] Migration applied: 028_canonical_knowledge_immutable_lifecycle.sql

      at Object.log [as runMigrations] (src/db.js:1312:42)

  console.log
    [DB] Migration applied: 001_initial_schema.sql

      at log (src/db.js:1312:42)

  console.log
    [DB] Migration applied: 002_seed_data.sql

      at log (src/db.js:1312:42)

  console.log
    [DB] Migration applied: 003_voice_sessions.sql

      at log (src/db.js:1312:42)

  console.log
    [DB] Migration applied: 004_canonical_persistence_v2.sql

      at log (src/db.js:1312:42)

  console.log
    [DB] Migration applied: 005_canonical_organization_authority.sql

      at log (src/db.js:1312:42)

  console.log
    [DB] Migration applied: 006_canonical_voice_sessions.sql

      at log (src/db.js:1312:42)

  console.log
    [DB] Migration applied: 007_canonical_tax_authority.sql

      at log (src/db.js:1312:42)

  console.log
    [DB] Migration applied: 008_canonical_demo_authority.sql

      at log (src/db.js:1312:42)

  console.log
    [DB] Migration applied: 009_canonical_voice_provider_identity.sql

      at log (src/db.js:1312:42)

  console.log
    [DB] Migration applied: 010_account_session_authority.sql

      at log (src/db.js:1312:42)

  console.log
    [DB] Migration applied: 011_oauth_authorization_states.sql

      at log (src/db.js:1312:42)

  console.log
    [DB] Migration applied: 012_account_verification_trial.sql

      at log (src/db.js:1312:42)

  console.log
    [DB] Migration applied: 015_workforce_authority.sql

      at log (src/db.js:1312:42)

  console.log
    [DB] Migration applied: 016_tenant_asset_catalogue.sql

      at log (src/db.js:1312:42)

  console.log
    [DB] Migration applied: 017_retell_webhook_replay_authority.sql

      at log (src/db.js:1312:42)

  console.log
    [DB] Migration applied: 018_canonical_map_preferences.sql

      at log (src/db.js:1312:42)

  console.log
    [DB] Migration applied: 019_account_email_outbox.sql

      at log (src/db.js:1312:42)

  console.log
    [DB] Migration applied: 020_canonical_workforce_access_roles.sql

      at log (src/db.js:1312:42)

  console.log
    [DB] Migration applied: 021_bounded_api_observability.sql

      at log (src/db.js:1312:42)

  console.log
    [DB] Migration applied: 022_demo_command_center_sessions.sql

      at log (src/db.js:1312:42)

  console.log
    [DB] Migration applied: 023_homepage_demo_admission.sql

      at log (src/db.js:1312:42)

  console.log
    [DB] Migration applied: 024_homepage_verified_purge_receipt.sql

      at log (src/db.js:1312:42)

  console.log
    [DB] Migration applied: 025_provider_agnostic_knowledge_registry.sql

      at log (src/db.js:1312:42)

  console.log
    [DB] Migration applied: 026_canonical_knowledge_review_publication.sql

      at log (src/db.js:1312:42)

  console.log
    [DB] Migration applied: 027_canonical_knowledge_audit_graph_authority.sql

      at log (src/db.js:1312:42)

  console.log
    [DB] Migration applied: 028_canonical_knowledge_immutable_lifecycle.sql

      at log (src/db.js:1312:42)

  console.log
    [DB] Migration applied: 029_canonical_knowledge_transactional_sync.sql

      at log (src/db.js:1312:42)

  console.log
    [DB] Migration applied: 030_canonical_knowledge_sync_revocation.sql

      at log (src/db.js:1312:42)

  console.log
    [DB] Migration applied: 031_canonical_knowledge_sync_recovery_lifecycle.sql

      at log (src/db.js:1312:42)

  console.log
    [DB] Migration applied: 032_canonical_schedule_assignment_authority.sql

      at log (src/db.js:1312:42)

  console.log
    [DB] Migration applied: 033_canonical_schedule_time_evidence.sql

      at log (src/db.js:1312:42)

  console.log
    [DB] Migration applied: 034_schedule_availability_conflict_authority.sql

      at log (src/db.js:1312:42)

  console.log
    [DB] Migration applied: 035_schedule_human_preview_approval.sql

      at log (src/db.js:1312:42)

  console.info
    {
      component: 'http',
      event: 'request_completed',
      requestId: 'f7372b4f-ec65-4f8d-8720-92fa80086b01',
      methodClass: 'GET',
      durationMs: 6,
      statusCode: 200
    }

      at write (src/observability/safeLogger.js:178:17)

  console.info
    {
      component: 'http',
      event: 'request_completed',
      requestId: '3a4ef50e-e4c9-410e-bb07-408d7099982a',
      methodClass: 'PUT',
      durationMs: 8,
      statusCode: 200
    }

      at write (src/observability/safeLogger.js:178:17)

  console.info
    {
      component: 'http',
      event: 'request_completed',
      requestId: 'e1ebd6a3-a749-4268-a222-a4144319a2f6',
      methodClass: 'GET',
      durationMs: 35,
      statusCode: 200
    }

      at write (src/observability/safeLogger.js:178:17)

  console.info
    {
      component: 'http',
      event: 'request_completed',
      requestId: '453e77ca-84ef-4a9e-add3-42c1764fd8e3',
      methodClass: 'PUT',
      durationMs: 11,
      statusCode: 200
    }

      at write (src/observability/safeLogger.js:178:17)

  console.info
    {
      component: 'http',
      event: 'request_completed',
      requestId: '921aaa2b-8131-4f4e-b1bd-35831c1fa147',
      methodClass: 'GET',
      durationMs: 3,
      statusCode: 200
    }

      at write (src/observability/safeLogger.js:178:17)

  console.log
    [Simulations] Canonical graph committed: {"operationId":"a4bbba92-014e-435a-87b7-4f09b1861d35","service":"fence","replayed":false}

      at log (src/routes/simulations.js:131:11)

  console.info
    {
      component: 'http',
      event: 'request_completed',
      requestId: 'c2e640aa-cc8b-459b-8bb0-c4212bfce439',
      methodClass: 'POST',
      durationMs: 35,
      statusCode: 201
    }

      at write (src/observability/safeLogger.js:178:17)

  console.info
    {
      component: 'http',
      event: 'request_completed',
      requestId: 'f897d1e6-c1c9-4f53-905d-888411032245',
      methodClass: 'GET',
      durationMs: 3,
      statusCode: 200
    }

      at write (src/observability/safeLogger.js:178:17)

  console.info
    {
      component: 'http',
      event: 'request_completed',
      requestId: 'ae1192f6-7695-47f7-896f-5331529d6903',
      methodClass: 'PUT',
      durationMs: 8,
      statusCode: 200
    }

      at write (src/observability/safeLogger.js:178:17)

  console.log
    [Simulations] Canonical graph committed: {"operationId":"961a83bd-bf4a-4571-821d-5d5f4a08703d","service":"fence","replayed":false}

      at log (src/routes/simulations.js:131:11)

  console.info
    {
      component: 'http',
      event: 'request_completed',
      requestId: '4cabdb08-7e55-4890-bc0a-f98f894bcad4',
      methodClass: 'POST',
      durationMs: 27,
      statusCode: 201
    }

      at write (src/observability/safeLogger.js:178:17)

  console.info
    {
      component: 'http',
      event: 'request_completed',
      requestId: '22862951-943d-4c35-974f-b2d4ca9daebc',
      methodClass: 'PUT',
      durationMs: 3,
      statusCode: 400
    }

      at write (src/observability/safeLogger.js:178:17)

  console.info
    {
      component: 'http',
      event: 'request_completed',
      requestId: '5039a9d9-a505-4f31-b0be-a634acfa5cba',
      methodClass: 'GET',
      durationMs: 3,
      statusCode: 200
    }

      at write (src/observability/safeLogger.js:178:17)

  console.info
    {
      component: 'http',
      event: 'request_completed',
      requestId: 'ae321b9f-25cd-4ec8-b1e6-1140c280672e',
      methodClass: 'PUT',
      durationMs: 3,
      statusCode: 403
    }

      at write (src/observability/safeLogger.js:178:17)

  console.info
    {
      component: 'http',
      event: 'request_completed',
      requestId: '1c9052fc-4e55-4ae6-9b46-e6675fd77912',
      methodClass: 'GET',
      durationMs: 3,
      statusCode: 200
    }

      at write (src/observability/safeLogger.js:178:17)

  console.info
    {
      component: 'http',
      event: 'request_completed',
      requestId: 'f84dcd49-cc16-4246-aadd-931571ebb5a9',
      methodClass: 'PUT',
      durationMs: 2,
      statusCode: 400
    }

      at write (src/observability/safeLogger.js:178:17)

  console.info
    {
      component: 'http',
      event: 'request_completed',
      requestId: '1883a9f6-13ea-43ca-9000-894119ad8fda',
      methodClass: 'PUT',
      durationMs: 3,
      statusCode: 400
    }

      at write (src/observability/safeLogger.js:178:17)

  console.info
    {
      component: 'http',
      event: 'request_completed',
      requestId: 'fafd42c4-3b57-479a-8515-04a3fbe7da17',
      methodClass: 'PUT',
      durationMs: 3,
      statusCode: 400
    }

      at write (src/observability/safeLogger.js:178:17)

  console.info
    {
      component: 'http',
      event: 'request_completed',
      requestId: 'fc7ef402-3550-427d-86c8-db1ebe18c97a',
      methodClass: 'PUT',
      durationMs: 2,
      statusCode: 400
    }

      at write (src/observability/safeLogger.js:178:17)

  console.info
    {
      component: 'http',
      event: 'request_completed',
      requestId: '5c87fef3-db84-4603-9446-be1dbc037ff0',
      methodClass: 'PUT',
      durationMs: 3,
      statusCode: 400
    }

      at write (src/observability/safeLogger.js:178:17)

  console.info
    {
      component: 'http',
      event: 'request_completed',
      requestId: '4270f177-1cb8-41f4-9c91-2218d241ee9b',
      methodClass: 'PUT',
      durationMs: 2,
      statusCode: 400
    }

      at write (src/observability/safeLogger.js:178:17)

  console.info
    {
      component: 'http',
      event: 'request_completed',
      requestId: '3387ac57-e7af-487e-9989-ad29d6062920',
      methodClass: 'PUT',
      durationMs: 2,
      statusCode: 400
    }

      at write (src/observability/safeLogger.js:178:17)

  console.info
    {
      component: 'http',
      event: 'request_completed',
      requestId: 'cbfb468c-7521-4340-bd13-9767448819c9',
      methodClass: 'PUT',
      durationMs: 2,
      statusCode: 400
    }

      at write (src/observability/safeLogger.js:178:17)

  console.info
    {
      component: 'http',
      event: 'request_completed',
      requestId: '07ad9dbf-e743-40fa-b16f-2c4a74162e35',
      methodClass: 'PUT',
      durationMs: 3,
      statusCode: 400
    }

      at write (src/observability/safeLogger.js:178:17)

  console.info
    {
      component: 'http',
      event: 'request_completed',
      requestId: '37d60a1d-b1bb-450b-8dc4-26b0be26f475',
      methodClass: 'PUT',
      durationMs: 2,
      statusCode: 400
    }

      at write (src/observability/safeLogger.js:178:17)

  console.info
    {
      component: 'http',
      event: 'request_completed',
      requestId: '87f66f32-31f1-478e-aa6c-4a775a960ca1',
      methodClass: 'PUT',
      durationMs: 2,
      statusCode: 400
    }

      at write (src/observability/safeLogger.js:178:17)

  console.info
    {
      component: 'http',
      event: 'request_completed',
      requestId: 'a966698a-37f7-436c-aad4-4530bb8d70c2',
      methodClass: 'PUT',
      durationMs: 15,
      statusCode: 400
    }

      at write (src/observability/safeLogger.js:178:17)

  console.info
    {
      component: 'http',
      event: 'request_completed',
      requestId: '9b2f1d7b-b149-4b95-a0f4-bb5957905b3c',
      methodClass: 'PUT',
      durationMs: 2,
      statusCode: 400
    }

      at write (src/observability/safeLogger.js:178:17)

  console.info
    {
      component: 'http',
      event: 'request_completed',
      requestId: '21cdb702-5682-4dac-9dfa-d430b4e30ebe',
      methodClass: 'PUT',
      durationMs: 4,
      statusCode: 400
    }

      at write (src/observability/safeLogger.js:178:17)

  console.info
    {
      component: 'http',
      event: 'request_completed',
      requestId: 'c2ed1881-ffa2-40be-a7b3-a2916ddfa633',
      methodClass: 'PUT',
      durationMs: 2,
      statusCode: 400
    }

      at write (src/observability/safeLogger.js:178:17)

  console.info
    {
      component: 'http',
      event: 'request_completed',
      requestId: '8a6b0d9c-3de7-49d4-8aac-e0ea30782fab',
      methodClass: 'PUT',
      durationMs: 3,
      statusCode: 400
    }

      at write (src/observability/safeLogger.js:178:17)

  console.info
    {
      component: 'http',
      event: 'request_completed',
      requestId: 'a446d115-5576-453f-a47a-7d817a38ae8e',
      methodClass: 'PUT',
      durationMs: 3,
      statusCode: 400
    }

      at write (src/observability/safeLogger.js:178:17)

  console.info
    {
      component: 'http',
      event: 'request_completed',
      requestId: '1f9f9c44-4eb6-4c50-a159-811bfaf4fbe5',
      methodClass: 'PUT',
      durationMs: 3,
      statusCode: 400
    }

      at write (src/observability/safeLogger.js:178:17)

  console.info
    {
      component: 'http',
      event: 'request_completed',
      requestId: 'b56598d0-76f8-4807-81dc-09defb428be3',
      methodClass: 'PUT',
      durationMs: 3,
      statusCode: 400
    }

      at write (src/observability/safeLogger.js:178:17)

  console.info
    {
      component: 'http',
      event: 'request_completed',
      requestId: 'a8f1f4f1-d6e8-4994-9177-ca2fae3baf92',
      methodClass: 'PUT',
      durationMs: 3,
      statusCode: 400
    }

      at write (src/observability/safeLogger.js:178:17)

  console.info
    {
      component: 'http',
      event: 'request_completed',
      requestId: 'ede150e3-4f92-410b-93b4-e03cdccff156',
      methodClass: 'GET',
      durationMs: 2,
      statusCode: 200
    }

      at write (src/observability/safeLogger.js:178:17)

  console.info
    {
      component: 'http',
      event: 'request_completed',
      requestId: 'd8fbe2bd-0b8e-4ac6-8c31-03913999e256',
      methodClass: 'GET',
      durationMs: 3,
      statusCode: 200
    }

      at write (src/observability/safeLogger.js:178:17)

  console.info
    {
      component: 'http',
      event: 'request_completed',
      requestId: 'b2e5f102-c0d2-47d8-aa6d-85add0da69b1',
      methodClass: 'PUT',
      durationMs: 6,
      statusCode: 200
    }

      at write (src/observability/safeLogger.js:178:17)

  console.info
    {
      component: 'http',
      event: 'request_completed',
      requestId: '1c6e756b-a34e-4470-9e08-72e96f9ff96c',
      methodClass: 'GET',
      durationMs: 3,
      statusCode: 200
    }

      at write (src/observability/safeLogger.js:178:17)

  console.info
    {
      component: 'http',
      event: 'request_completed',
      requestId: 'b63a50e1-fde4-4f06-9242-8d85942ae3bf',
      methodClass: 'GET',
      durationMs: 4,
      statusCode: 200
    }

      at write (src/observability/safeLogger.js:178:17)

  console.info
    {
      component: 'http',
      event: 'request_completed',
      requestId: '96eb2e99-2cbb-40d2-ba81-42ffbf46b4ce',
      methodClass: 'PUT',
      durationMs: 2,
      statusCode: 403
    }

      at write (src/observability/safeLogger.js:178:17)

  console.info
    {
      component: 'http',
      event: 'request_completed',
      requestId: '4694e7d5-d607-4c2f-af8b-d7493a1f0b87',
      methodClass: 'PUT',
      durationMs: 7,
      statusCode: 200
    }

      at write (src/observability/safeLogger.js:178:17)

  console.info
    {
      component: 'http',
      event: 'request_completed',
      requestId: 'b7bb83dd-8f81-4476-8445-b2049e09ca62',
      methodClass: 'GET',
      durationMs: 3,
      statusCode: 200
    }

      at write (src/observability/safeLogger.js:178:17)

  console.info
    {
      component: 'http',
      event: 'request_completed',
      requestId: 'dbdb8703-6ea1-43f6-9da1-8e2a08b42f5d',
      methodClass: 'GET',
      durationMs: 2,
      statusCode: 200
    }

      at write (src/observability/safeLogger.js:178:17)

  console.info
    {
      component: 'http',
      event: 'request_completed',
      requestId: '2c20a671-f104-43b4-b8a5-0bc2357cb3af',
      methodClass: 'GET',
      durationMs: 3,
      statusCode: 200
    }

      at write (src/observability/safeLogger.js:178:17)

  console.info
    {
      component: 'http',
      event: 'request_completed',
      requestId: '9fd57845-1e3e-459f-ba77-acbc9195b9fd',
      methodClass: 'PUT',
      durationMs: 9,
      statusCode: 200
    }

      at write (src/observability/safeLogger.js:178:17)

  console.info
    {
      component: 'http',
      event: 'request_completed',
      requestId: '4033f2f6-0d1b-4c64-895b-b8f8a7de545c',
      methodClass: 'PUT',
      durationMs: 4,
      statusCode: 400
    }

      at write (src/observability/safeLogger.js:178:17)

  console.info
    {
      component: 'http',
      event: 'request_completed',
      requestId: '3503bde8-27cb-41a1-9d5f-f6f4a6476547',
      methodClass: 'PUT',
      durationMs: 2,
      statusCode: 400
    }

      at write (src/observability/safeLogger.js:178:17)

  console.info
    {
      component: 'http',
      event: 'request_completed',
      requestId: '4adabb56-8649-4c23-90a5-c48cfacc24d1',
      methodClass: 'PUT',
      durationMs: 2,
      statusCode: 400
    }

      at write (src/observability/safeLogger.js:178:17)

  console.info
    {
      component: 'http',
      event: 'request_completed',
      requestId: '9278ffa5-f4df-4e9e-8b18-d70f41c40c8d',
      methodClass: 'PUT',
      durationMs: 2,
      statusCode: 400
    }

      at write (src/observability/safeLogger.js:178:17)

  console.info
    {
      component: 'http',
      event: 'request_completed',
      requestId: '08400e06-c328-4aa8-8c2f-8927fac3c79a',
      methodClass: 'PUT',
      durationMs: 3,
      statusCode: 400
    }

      at write (src/observability/safeLogger.js:178:17)

  console.info
    {
      component: 'http',
      event: 'request_completed',
      requestId: 'b96d870d-7430-4857-b421-9242eaa205c2',
      methodClass: 'PUT',
      durationMs: 2,
      statusCode: 403
    }

      at write (src/observability/safeLogger.js:178:17)

  console.info
    {
      component: 'http',
      event: 'request_completed',
      requestId: 'aa2ce869-f2a9-4b92-9de1-6a6c4b6758c1',
      methodClass: 'PUT',
      durationMs: 7,
      statusCode: 200
    }

      at write (src/observability/safeLogger.js:178:17)

  console.info
    {
      component: 'http',
      event: 'request_completed',
      requestId: 'c2e1a092-8714-447f-8ce7-4cc8826bc644',
      methodClass: 'GET',
      durationMs: 3,
      statusCode: 200
    }

      at write (src/observability/safeLogger.js:178:17)

  console.info
    {
      component: 'http',
      event: 'request_completed',
      requestId: '70f1259b-79fa-4dc4-bdcc-1021e1c35fa7',
      methodClass: 'GET',
      durationMs: 3,
      statusCode: 200
    }

      at write (src/observability/safeLogger.js:178:17)

  console.info
    {
      component: 'http',
      event: 'request_completed',
      requestId: '528e26a3-4ad0-48f7-a96d-d3d3a79250cb',
      methodClass: 'GET',
      durationMs: 3,
      statusCode: 200
    }

      at write (src/observability/safeLogger.js:178:17)

  console.info
    {
      component: 'http',
      event: 'request_completed',
      requestId: '17756356-49d1-43a0-b762-3d49ac638305',
      methodClass: 'GET',
      durationMs: 3,
      statusCode: 200
    }

      at write (src/observability/safeLogger.js:178:17)

  console.info
    {
      component: 'http',
      event: 'request_completed',
      requestId: '5f2f3207-f532-4420-a54f-920409499409',
      methodClass: 'PUT',
      durationMs: 6,
      statusCode: 200
    }

      at write (src/observability/safeLogger.js:178:17)

  console.info
    {
      component: 'http',
      event: 'request_completed',
      requestId: '6f3a46b2-06cb-46f1-b39a-2311a454c03a',
      methodClass: 'GET',
      durationMs: 2,
      statusCode: 200
    }

      at write (src/observability/safeLogger.js:178:17)

  console.info
    {
      component: 'http',
      event: 'request_completed',
      requestId: '2a192d0f-3246-48c9-9f22-65f3312d2d4a',
      methodClass: 'GET',
      durationMs: 3,
      statusCode: 200
    }

      at write (src/observability/safeLogger.js:178:17)

  console.info
    {
      component: 'http',
      event: 'request_completed',
      requestId: '9a0ef1cf-8376-48a5-a001-33b7287383f7',
      methodClass: 'GET',
      durationMs: 3,
      statusCode: 200
    }

      at write (src/observability/safeLogger.js:178:17)

  console.info
    {
      component: 'http',
      event: 'request_completed',
      requestId: '9b53a778-c5d1-472c-b865-441dde62c283',
      methodClass: 'PUT',
      durationMs: 2,
      statusCode: 400
    }

      at write (src/observability/safeLogger.js:178:17)

  console.info
    {
      component: 'http',
      event: 'request_completed',
      requestId: '8a88f944-a0f2-4c2e-94e5-f57afcc80004',
      methodClass: 'PUT',
      durationMs: 3,
      statusCode: 400
    }

      at write (src/observability/safeLogger.js:178:17)

  console.info
    {
      component: 'http',
      event: 'request_completed',
      requestId: 'e08217d6-00f5-497a-9dc1-1dae1fff369a',
      methodClass: 'PUT',
      durationMs: 2,
      statusCode: 400
    }

      at write (src/observability/safeLogger.js:178:17)

  console.info
    {
      component: 'http',
      event: 'request_completed',
      requestId: 'c83566a6-f1a0-4bfe-af7f-31f6564f2358',
      methodClass: 'PUT',
      durationMs: 3,
      statusCode: 403
    }

      at write (src/observability/safeLogger.js:178:17)

  console.log
    [DB] Migration applied: 001_initial_schema.sql

      at Object.log [as runMigrations] (src/db.js:1312:42)

  console.log
    [DB] Migration applied: 002_seed_data.sql

      at Object.log [as runMigrations] (src/db.js:1312:42)

  console.log
    [DB] Migration applied: 003_voice_sessions.sql

      at Object.log [as runMigrations] (src/db.js:1312:42)

  console.log
    [DB] Migration applied: 004_canonical_persistence_v2.sql

      at Object.log [as runMigrations] (src/db.js:1312:42)

  console.log
    [DB] Migration applied: 005_canonical_organization_authority.sql

      at Object.log [as runMigrations] (src/db.js:1312:42)

  console.log
    [DB] Migration applied: 006_canonical_voice_sessions.sql

      at Object.log [as runMigrations] (src/db.js:1312:42)

  console.log
    [DB] Migration applied: 007_canonical_tax_authority.sql

      at Object.log [as runMigrations] (src/db.js:1312:42)

  console.log
    [DB] Migration applied: 008_canonical_demo_authority.sql

      at Object.log [as runMigrations] (src/db.js:1312:42)

  console.log
    [DB] Migration applied: 009_canonical_voice_provider_identity.sql

      at Object.log [as runMigrations] (src/db.js:1312:42)

  console.log
    [DB] Migration applied: 010_account_session_authority.sql

      at Object.log [as runMigrations] (src/db.js:1312:42)

  console.log
    [DB] Migration applied: 011_oauth_authorization_states.sql

      at Object.log [as runMigrations] (src/db.js:1312:42)

  console.log
    [DB] Migration applied: 012_account_verification_trial.sql

      at Object.log [as runMigrations] (src/db.js:1312:42)

  console.log
    [DB] Migration applied: 015_workforce_authority.sql

      at Object.log [as runMigrations] (src/db.js:1312:42)

  console.log
    [DB] Migration applied: 016_tenant_asset_catalogue.sql

      at Object.log [as runMigrations] (src/db.js:1312:42)

  console.log
    [DB] Migration applied: 017_retell_webhook_replay_authority.sql

      at Object.log [as runMigrations] (src/db.js:1312:42)

  console.log
    [DB] Migration applied: 018_canonical_map_preferences.sql

      at Object.log [as runMigrations] (src/db.js:1312:42)

  console.log
    [DB] Migration applied: 019_account_email_outbox.sql

      at Object.log [as runMigrations] (src/db.js:1312:42)

  console.log
    [DB] Migration applied: 020_canonical_workforce_access_roles.sql

      at Object.log [as runMigrations] (src/db.js:1312:42)

  console.log
    [DB] Migration applied: 021_bounded_api_observability.sql

      at Object.log [as runMigrations] (src/db.js:1312:42)

  console.log
    [DB] Migration applied: 022_demo_command_center_sessions.sql

      at Object.log [as runMigrations] (src/db.js:1312:42)

  console.log
    [DB] Migration applied: 023_homepage_demo_admission.sql

      at Object.log [as runMigrations] (src/db.js:1312:42)

  console.log
    [DB] Migration applied: 024_homepage_verified_purge_receipt.sql

      at Object.log [as runMigrations] (src/db.js:1312:42)

  console.log
    [DB] Migration applied: 025_provider_agnostic_knowledge_registry.sql

      at Object.log [as runMigrations] (src/db.js:1312:42)

  console.log
    [DB] Migration applied: 026_canonical_knowledge_review_publication.sql

      at Object.log [as runMigrations] (src/db.js:1312:42)

  console.log
    [DB] Migration applied: 027_canonical_knowledge_audit_graph_authority.sql

      at Object.log [as runMigrations] (src/db.js:1312:42)

  console.log
    [DB] Migration applied: 028_canonical_knowledge_immutable_lifecycle.sql

      at Object.log [as runMigrations] (src/db.js:1312:42)

  console.log
    [DB] Migration applied: 029_canonical_knowledge_transactional_sync.sql

      at Object.log [as runMigrations] (src/db.js:1312:42)

  console.log
    [DB] Migration applied: 030_canonical_knowledge_sync_revocation.sql

      at Object.log [as runMigrations] (src/db.js:1312:42)

  console.log
    [DB] Migration applied: 031_canonical_knowledge_sync_recovery_lifecycle.sql

      at Object.log [as runMigrations] (src/db.js:1312:42)

  console.log
    [DB] Migration applied: 032_canonical_schedule_assignment_authority.sql

      at Object.log [as runMigrations] (src/db.js:1312:42)

  console.log
    [DB] Migration applied: 033_canonical_schedule_time_evidence.sql

      at Object.log [as runMigrations] (src/db.js:1312:42)

  console.log
    [DB] Migration applied: 034_schedule_availability_conflict_authority.sql

      at Object.log [as runMigrations] (src/db.js:1312:42)

  console.log
    [DB] Migration applied: 035_schedule_human_preview_approval.sql

      at Object.log [as runMigrations] (src/db.js:1312:42)

  console.log
    [DB] Migration applied: 001_initial_schema.sql

      at Object.log [as runMigrations] (src/db.js:1312:42)

  console.log
    [DB] Migration applied: 002_seed_data.sql

      at Object.log [as runMigrations] (src/db.js:1312:42)

  console.log
    [DB] Migration applied: 003_voice_sessions.sql

      at Object.log [as runMigrations] (src/db.js:1312:42)

  console.log
    [DB] Migration applied: 004_canonical_persistence_v2.sql

      at Object.log [as runMigrations] (src/db.js:1312:42)

  console.log
    [DB] Migration applied: 005_canonical_organization_authority.sql

      at Object.log [as runMigrations] (src/db.js:1312:42)

  console.log
    [DB] Migration applied: 006_canonical_voice_sessions.sql

      at Object.log [as runMigrations] (src/db.js:1312:42)

  console.log
    [DB] Migration applied: 007_canonical_tax_authority.sql

      at Object.log [as runMigrations] (src/db.js:1312:42)

  console.log
    [DB] Migration applied: 008_canonical_demo_authority.sql

      at Object.log [as runMigrations] (src/db.js:1312:42)

  console.log
    [DB] Migration applied: 009_canonical_voice_provider_identity.sql

      at Object.log [as runMigrations] (src/db.js:1312:42)

  console.log
    [DB] Migration applied: 010_account_session_authority.sql

      at Object.log [as runMigrations] (src/db.js:1312:42)

  console.log
    [DB] Migration applied: 011_oauth_authorization_states.sql

      at Object.log [as runMigrations] (src/db.js:1312:42)

  console.log
    [DB] Migration applied: 012_account_verification_trial.sql

      at Object.log [as runMigrations] (src/db.js:1312:42)

  console.log
    [DB] Migration applied: 015_workforce_authority.sql

      at Object.log [as runMigrations] (src/db.js:1312:42)

  console.log
    [DB] Migration applied: 016_tenant_asset_catalogue.sql

      at Object.log [as runMigrations] (src/db.js:1312:42)

  console.log
    [DB] Migration applied: 017_retell_webhook_replay_authority.sql

      at Object.log [as runMigrations] (src/db.js:1312:42)

  console.log
    [DB] Migration applied: 018_canonical_map_preferences.sql

      at Object.log [as runMigrations] (src/db.js:1312:42)

  console.log
    [DB] Migration applied: 020_canonical_workforce_access_roles.sql

      at Object.log [as runMigrations] (src/db.js:1312:42)

  console.log
    [DB] Migration applied: 021_bounded_api_observability.sql

      at Object.log [as runMigrations] (src/db.js:1312:42)

  console.log
    [DB] Migration applied: 022_demo_command_center_sessions.sql

      at Object.log [as runMigrations] (src/db.js:1312:42)

  console.log
    [DB] Migration applied: 023_homepage_demo_admission.sql

      at Object.log [as runMigrations] (src/db.js:1312:42)

  console.log
    [DB] Migration applied: 024_homepage_verified_purge_receipt.sql

      at Object.log [as runMigrations] (src/db.js:1312:42)

  console.log
    [DB] Migration applied: 025_provider_agnostic_knowledge_registry.sql

      at Object.log [as runMigrations] (src/db.js:1312:42)

  console.log
    [DB] Migration applied: 026_canonical_knowledge_review_publication.sql

      at Object.log [as runMigrations] (src/db.js:1312:42)

  console.log
    [DB] Migration applied: 027_canonical_knowledge_audit_graph_authority.sql

      at Object.log [as runMigrations] (src/db.js:1312:42)

  console.log
    [DB] Migration applied: 028_canonical_knowledge_immutable_lifecycle.sql

      at Object.log [as runMigrations] (src/db.js:1312:42)

  console.log
    [DB] Migration applied: 029_canonical_knowledge_transactional_sync.sql

      at Object.log [as runMigrations] (src/db.js:1312:42)

  console.log
    [DB] Migration applied: 030_canonical_knowledge_sync_revocation.sql

      at Object.log [as runMigrations] (src/db.js:1312:42)

  console.log
    [DB] Migration applied: 031_canonical_knowledge_sync_recovery_lifecycle.sql

      at Object.log [as runMigrations] (src/db.js:1312:42)

  console.log
    [DB] Migration applied: 032_canonical_schedule_assignment_authority.sql

      at Object.log [as runMigrations] (src/db.js:1312:42)

  console.log
    [DB] Migration applied: 033_canonical_schedule_time_evidence.sql

      at Object.log [as runMigrations] (src/db.js:1312:42)

  console.log
    [DB] Migration applied: 034_schedule_availability_conflict_authority.sql

      at Object.log [as runMigrations] (src/db.js:1312:42)

  console.log
    [DB] Migration applied: 035_schedule_human_preview_approval.sql

      at Object.log [as runMigrations] (src/db.js:1312:42)

  console.log
    [DB] Migration applied: 019_account_email_outbox.sql

      at Object.log [as runMigrations] (src/db.js:1312:42)

  console.log
    [DB] Migration applied: 001_initial_schema.sql

      at Object.log [as runMigrations] (src/db.js:1312:42)

  console.log
    [DB] Migration applied: 002_seed_data.sql

      at Object.log [as runMigrations] (src/db.js:1312:42)

  console.log
    [DB] Migration applied: 003_voice_sessions.sql

      at Object.log [as runMigrations] (src/db.js:1312:42)

  console.log
    [DB] Migration applied: 004_canonical_persistence_v2.sql

      at Object.log [as runMigrations] (src/db.js:1312:42)

  console.log
    [DB] Migration applied: 005_canonical_organization_authority.sql

      at Object.log [as runMigrations] (src/db.js:1312:42)

  console.log
    [DB] Migration applied: 006_canonical_voice_sessions.sql

      at Object.log [as runMigrations] (src/db.js:1312:42)

  console.log
    [DB] Migration applied: 007_canonical_tax_authority.sql

      at Object.log [as runMigrations] (src/db.js:1312:42)

  console.log
    [DB] Migration applied: 008_canonical_demo_authority.sql

      at Object.log [as runMigrations] (src/db.js:1312:42)

  console.log
    [DB] Migration applied: 009_canonical_voice_provider_identity.sql

      at Object.log [as runMigrations] (src/db.js:1312:42)

  console.log
    [DB] Migration applied: 010_account_session_authority.sql

      at Object.log [as runMigrations] (src/db.js:1312:42)

  console.log
    [DB] Migration applied: 011_oauth_authorization_states.sql

      at Object.log [as runMigrations] (src/db.js:1312:42)

  console.log
    [DB] Migration applied: 012_account_verification_trial.sql

      at Object.log [as runMigrations] (src/db.js:1312:42)

  console.log
    [DB] Migration applied: 015_workforce_authority.sql

      at Object.log [as runMigrations] (src/db.js:1312:42)

  console.log
    [DB] Migration applied: 016_tenant_asset_catalogue.sql

      at Object.log [as runMigrations] (src/db.js:1312:42)

  console.log
    [DB] Migration applied: 017_retell_webhook_replay_authority.sql

      at Object.log [as runMigrations] (src/db.js:1312:42)

  console.log
    [DB] Migration applied: 018_canonical_map_preferences.sql

      at Object.log [as runMigrations] (src/db.js:1312:42)

  console.log
    [DB] Migration applied: 019_account_email_outbox.sql

      at Object.log [as runMigrations] (src/db.js:1312:42)

  console.log
    [DB] Migration applied: 020_canonical_workforce_access_roles.sql

      at Object.log [as runMigrations] (src/db.js:1312:42)

  console.log
    [DB] Migration applied: 021_bounded_api_observability.sql

      at Object.log [as runMigrations] (src/db.js:1312:42)

  console.log
    [DB] Migration applied: 022_demo_command_center_sessions.sql

      at Object.log [as runMigrations] (src/db.js:1312:42)

  console.log
    [DB] Migration applied: 023_homepage_demo_admission.sql

      at Object.log [as runMigrations] (src/db.js:1312:42)

  console.log
    [DB] Migration applied: 024_homepage_verified_purge_receipt.sql

      at Object.log [as runMigrations] (src/db.js:1312:42)

  console.log
    [DB] Migration applied: 025_provider_agnostic_knowledge_registry.sql

      at Object.log [as runMigrations] (src/db.js:1312:42)

  console.log
    [DB] Migration applied: 026_canonical_knowledge_review_publication.sql

      at Object.log [as runMigrations] (src/db.js:1312:42)

  console.log
    [DB] Migration applied: 027_canonical_knowledge_audit_graph_authority.sql

      at Object.log [as runMigrations] (src/db.js:1312:42)

  console.log
    [DB] Migration applied: 028_canonical_knowledge_immutable_lifecycle.sql

      at Object.log [as runMigrations] (src/db.js:1312:42)

  console.log
    [DB] Migration applied: 029_canonical_knowledge_transactional_sync.sql

      at Object.log [as runMigrations] (src/db.js:1312:42)

  console.log
    [DB] Migration applied: 030_canonical_knowledge_sync_revocation.sql

      at Object.log [as runMigrations] (src/db.js:1312:42)

  console.log
    [DB] Migration applied: 031_canonical_knowledge_sync_recovery_lifecycle.sql

      at Object.log [as runMigrations] (src/db.js:1312:42)

  console.log
    [DB] Migration applied: 032_canonical_schedule_assignment_authority.sql

      at Object.log [as runMigrations] (src/db.js:1312:42)

  console.log
    [DB] Migration applied: 033_canonical_schedule_time_evidence.sql

      at Object.log [as runMigrations] (src/db.js:1312:42)

  console.log
    [DB] Migration applied: 034_schedule_availability_conflict_authority.sql

      at Object.log [as runMigrations] (src/db.js:1312:42)

  console.log
    [DB] Migration applied: 035_schedule_human_preview_approval.sql

      at Object.log [as runMigrations] (src/db.js:1312:42)

  console.info
    {
      component: 'http',
      event: 'request_completed',
      requestId: '767a51b8-7681-4bff-881b-5c6063a367f2',
      methodClass: 'GET',
      durationMs: 20,
      statusCode: 200
    }

      at write (src/observability/safeLogger.js:178:17)

  console.info
    {
      component: 'http',
      event: 'request_completed',
      requestId: 'ce3ba8e9-233a-4ec4-9cd3-daefbd84db48',
      methodClass: 'GET',
      durationMs: 11,
      statusCode: 200
    }

      at write (src/observability/safeLogger.js:178:17)

  console.info
    {
      component: 'http',
      event: 'request_completed',
      requestId: 'e12317db-7e0b-40d6-9b73-896d66fdf5e3',
      methodClass: 'GET',
      durationMs: 11,
      statusCode: 200
    }

      at write (src/observability/safeLogger.js:178:17)

  console.info
    {
      component: 'http',
      event: 'request_completed',
      requestId: '51b7abdf-c8e2-4b54-870b-ef7eace8cbfd',
      methodClass: 'GET',
      durationMs: 9,
      statusCode: 200
    }

      at write (src/observability/safeLogger.js:178:17)

  console.info
    {
      component: 'http',
      event: 'request_completed',
      requestId: '6b2ba7bf-d559-4636-b3fa-f2958e665d79',
      methodClass: 'GET',
      durationMs: 2,
      statusCode: 403
    }

      at write (src/observability/safeLogger.js:178:17)

  console.info
    {
      component: 'http',
      event: 'request_completed',
      requestId: 'b9b1bc0b-088c-49f6-828e-cda71576219c',
      methodClass: 'GET',
      durationMs: 35,
      statusCode: 401
    }

      at write (src/observability/safeLogger.js:178:17)

  console.info
    {
      component: 'http',
      event: 'request_completed',
      requestId: 'fa3de592-5aef-4998-a4d0-cb5c8ffca02e',
      methodClass: 'GET',
      durationMs: 1,
      statusCode: 401
    }

      at write (src/observability/safeLogger.js:178:17)

  console.info
    {
      component: 'http',
      event: 'request_completed',
      requestId: '5d27b906-90e4-4fe6-b2bc-4ffb93e4c86e',
      methodClass: 'GET',
      durationMs: 5,
      statusCode: 404
    }

      at write (src/observability/safeLogger.js:178:17)

  console.info
    {
      component: 'http',
      event: 'request_completed',
      requestId: '5399b258-5ec6-4117-b452-c01083dfb0ea',
      methodClass: 'GET',
      durationMs: 9,
      statusCode: 200
    }

      at write (src/observability/safeLogger.js:178:17)

  console.info
    {
      component: 'http',
      event: 'request_completed',
      requestId: '30c9b666-8251-4348-88d5-c823364ee0d5',
      methodClass: 'POST',
      durationMs: 3,
      statusCode: 403
    }

      at write (src/observability/safeLogger.js:178:17)

  console.info
    {
      component: 'http',
      event: 'request_completed',
      requestId: 'b9eb1573-4b4c-4ae7-a48f-5c1065210263',
      methodClass: 'POST',
      durationMs: 2,
      statusCode: 403
    }

      at write (src/observability/safeLogger.js:178:17)

  console.info
    {
      component: 'http',
      event: 'request_completed',
      requestId: '63226033-6488-44ad-aeb5-4045e22284de',
      methodClass: 'POST',
      durationMs: 2,
      statusCode: 400
    }

      at write (src/observability/safeLogger.js:178:17)

  console.info
    {
      component: 'http',
      event: 'request_completed',
      requestId: '8798bfc4-a7ab-4068-89a8-4b0c72cb9f13',
      methodClass: 'GET',
      durationMs: 12,
      statusCode: 200
    }

      at write (src/observability/safeLogger.js:178:17)

  console.info
    {
      component: 'http',
      event: 'request_completed',
      requestId: '9209e30b-65d6-419c-86de-749c45e97b5e',
      methodClass: 'POST',
      durationMs: 30,
      statusCode: 201
    }

      at write (src/observability/safeLogger.js:178:17)

  console.info
    {
      component: 'http',
      event: 'request_completed',
      requestId: '7cd24f4b-a214-4834-a9bd-e81351af7673',
      methodClass: 'POST',
      durationMs: 17,
      statusCode: 201
    }

      at write (src/observability/safeLogger.js:178:17)

  console.info
    {
      component: 'http',
      event: 'request_completed',
      requestId: '9179c54c-f624-40b9-820c-bbd1acc25c88',
      methodClass: 'POST',
      durationMs: 4,
      statusCode: 409
    }

      at write (src/observability/safeLogger.js:178:17)

  console.info
    {
      component: 'http',
      event: 'request_completed',
      requestId: '832569a2-b2e8-46e0-81b4-f7ebd46e6455',
      methodClass: 'POST',
      durationMs: 19,
      statusCode: 201
    }

      at write (src/observability/safeLogger.js:178:17)

  console.info
    {
      component: 'http',
      event: 'request_completed',
      requestId: '2d4dabd4-ce43-4521-a38c-0963c2f2c884',
      methodClass: 'POST',
      durationMs: 24,
      statusCode: 201
    }

      at write (src/observability/safeLogger.js:178:17)

  console.info
    {
      component: 'http',
      event: 'request_completed',
      requestId: '6db01bc0-50ec-4ec0-9f2b-91fd7d7b6926',
      methodClass: 'POST',
      durationMs: 14,
      statusCode: 201
    }

      at write (src/observability/safeLogger.js:178:17)

  console.info
    {
      component: 'http',
      event: 'request_completed',
      requestId: '5286a8f9-d2e2-4e09-b6a1-39c9e81bb8f0',
      methodClass: 'POST',
      durationMs: 32,
      statusCode: 201
    }

      at write (src/observability/safeLogger.js:178:17)

  console.info
    {
      component: 'http',
      event: 'request_completed',
      requestId: 'f2bad89a-8ee0-4378-8f97-7cba96ac41a1',
      methodClass: 'POST',
      durationMs: 19,
      statusCode: 201
    }

      at write (src/observability/safeLogger.js:178:17)

  console.info
    {
      component: 'http',
      event: 'request_completed',
      requestId: '6355a569-2f81-4225-99f9-0fb1c4ede0c6',
      methodClass: 'POST',
      durationMs: 17,
      statusCode: 201
    }

      at write (src/observability/safeLogger.js:178:17)

  console.info
    {
      component: 'http',
      event: 'request_completed',
      requestId: 'b05545c4-9da6-4e5d-8e4d-2f6d3b401343',
      methodClass: 'POST',
      durationMs: 26,
      statusCode: 201
    }

      at write (src/observability/safeLogger.js:178:17)

  console.info
    {
      component: 'http',
      event: 'request_completed',
      requestId: 'ca0ae621-c8cd-4c73-ad4d-3c4ebf39e837',
      methodClass: 'POST',
      durationMs: 31,
      statusCode: 201
    }

      at write (src/observability/safeLogger.js:178:17)

  console.info
    {
      component: 'http',
      event: 'request_completed',
      requestId: '3366fe30-ff9b-44ad-b79f-62aabab5ed24',
      methodClass: 'POST',
      durationMs: 19,
      statusCode: 201
    }

      at write (src/observability/safeLogger.js:178:17)

  console.info
    {
      component: 'http',
      event: 'request_completed',
      requestId: 'cca668fb-e963-4564-9f7d-862e8897a56b',
      methodClass: 'POST',
      durationMs: 17,
      statusCode: 201
    }

      at write (src/observability/safeLogger.js:178:17)

  console.info
    {
      component: 'http',
      event: 'request_completed',
      requestId: 'a858fda7-3515-4fa6-a5aa-45da6c394050',
      methodClass: 'POST',
      durationMs: 12,
      statusCode: 201
    }

      at write (src/observability/safeLogger.js:178:17)

  console.info
    {
      component: 'http',
      event: 'request_completed',
      requestId: '5674d9c4-f49c-41e1-8b39-7ee8cb420d67',
      methodClass: 'GET',
      durationMs: 7,
      statusCode: 200
    }

      at write (src/observability/safeLogger.js:178:17)

  console.info
    {
      component: 'http',
      event: 'request_completed',
      requestId: '2bea92c6-df9e-4c46-bbd9-d01721207c61',
      methodClass: 'GET',
      durationMs: 6,
      statusCode: 200
    }

      at write (src/observability/safeLogger.js:178:17)

  console.info
    {
      component: 'http',
      event: 'request_completed',
      requestId: 'fcefb9a9-b2b5-41d5-b95b-9f4aeb7d4228',
      methodClass: 'POST',
      durationMs: 18,
      statusCode: 201
    }

      at write (src/observability/safeLogger.js:178:17)

  console.info
    {
      component: 'http',
      event: 'request_completed',
      requestId: '63e4b872-4963-4bea-b12b-93838b81b149',
      methodClass: 'POST',
      durationMs: 7,
      statusCode: 201
    }

      at write (src/observability/safeLogger.js:178:17)

  console.info
    {
      component: 'http',
      event: 'request_completed',
      requestId: '6d92d394-d749-4c09-9608-d0147c96d79c',
      methodClass: 'POST',
      durationMs: 34,
      statusCode: 201
    }

      at write (src/observability/safeLogger.js:178:17)

  console.log
    [DB] Migration applied: 001_initial_schema.sql

      at log (src/db.js:1312:42)

  console.log
    [DB] Migration applied: 002_seed_data.sql

      at log (src/db.js:1312:42)

  console.log
    [DB] Migration applied: 003_voice_sessions.sql

      at log (src/db.js:1312:42)

  console.log
    [DB] Migration applied: 004_canonical_persistence_v2.sql

      at log (src/db.js:1312:42)

  console.log
    [DB] Migration applied: 005_canonical_organization_authority.sql

      at log (src/db.js:1312:42)

  console.log
    [DB] Migration applied: 006_canonical_voice_sessions.sql

      at log (src/db.js:1312:42)

  console.log
    [DB] Migration applied: 007_canonical_tax_authority.sql

      at log (src/db.js:1312:42)

  console.log
    [DB] Migration applied: 008_canonical_demo_authority.sql

      at log (src/db.js:1312:42)

  console.log
    [DB] Migration applied: 009_canonical_voice_provider_identity.sql

      at log (src/db.js:1312:42)

  console.log
    [DB] Migration applied: 010_account_session_authority.sql

      at log (src/db.js:1312:42)

  console.log
    [DB] Migration applied: 011_oauth_authorization_states.sql

      at log (src/db.js:1312:42)

  console.log
    [DB] Migration applied: 012_account_verification_trial.sql

      at log (src/db.js:1312:42)

  console.log
    [DB] Migration applied: 015_workforce_authority.sql

      at log (src/db.js:1312:42)

  console.log
    [DB] Migration applied: 016_tenant_asset_catalogue.sql

      at log (src/db.js:1312:42)

  console.log
    [DB] Migration applied: 017_retell_webhook_replay_authority.sql

      at log (src/db.js:1312:42)

  console.log
    [DB] Migration applied: 018_canonical_map_preferences.sql

      at log (src/db.js:1312:42)

  console.log
    [DB] Migration applied: 019_account_email_outbox.sql

      at log (src/db.js:1312:42)

  console.log
    [DB] Migration applied: 020_canonical_workforce_access_roles.sql

      at log (src/db.js:1312:42)

  console.log
    [DB] Migration applied: 021_bounded_api_observability.sql

      at log (src/db.js:1312:42)

  console.log
    [DB] Migration applied: 022_demo_command_center_sessions.sql

      at log (src/db.js:1312:42)

  console.log
    [DB] Migration applied: 023_homepage_demo_admission.sql

      at log (src/db.js:1312:42)

  console.log
    [DB] Migration applied: 024_homepage_verified_purge_receipt.sql

      at log (src/db.js:1312:42)

  console.log
    [DB] Migration applied: 025_provider_agnostic_knowledge_registry.sql

      at log (src/db.js:1312:42)

  console.log
    [DB] Migration applied: 026_canonical_knowledge_review_publication.sql

      at log (src/db.js:1312:42)

  console.log
    [DB] Migration applied: 027_canonical_knowledge_audit_graph_authority.sql

      at log (src/db.js:1312:42)

  console.log
    [DB] Migration applied: 028_canonical_knowledge_immutable_lifecycle.sql

      at log (src/db.js:1312:42)

  console.log
    [DB] Migration applied: 029_canonical_knowledge_transactional_sync.sql

      at log (src/db.js:1312:42)

  console.log
    [DB] Migration applied: 030_canonical_knowledge_sync_revocation.sql

      at log (src/db.js:1312:42)

  console.log
    [DB] Migration applied: 031_canonical_knowledge_sync_recovery_lifecycle.sql

      at log (src/db.js:1312:42)

  console.log
    [DB] Migration applied: 032_canonical_schedule_assignment_authority.sql

      at log (src/db.js:1312:42)

  console.log
    [DB] Migration applied: 033_canonical_schedule_time_evidence.sql

      at log (src/db.js:1312:42)

  console.log
    [DB] Migration applied: 034_schedule_availability_conflict_authority.sql

      at log (src/db.js:1312:42)

  console.log
    [DB] Migration applied: 035_schedule_human_preview_approval.sql

      at log (src/db.js:1312:42)

  console.info
    {
      component: 'http',
      event: 'request_completed',
      requestId: '33e101e4-f528-430b-9cde-7790728874c8',
      methodClass: 'GET',
      durationMs: 9,
      statusCode: 200
    }

      at write (src/observability/safeLogger.js:178:17)

  console.info
    {
      component: 'http',
      event: 'request_completed',
      requestId: '0b8e843f-7128-4e12-9b46-6911585577b8',
      methodClass: 'GET',
      durationMs: 6,
      statusCode: 200
    }

      at write (src/observability/safeLogger.js:178:17)

  console.info
    {
      component: 'http',
      event: 'request_completed',
      requestId: 'aca84758-d96b-4056-a889-a70d1d1d95df',
      methodClass: 'GET',
      durationMs: 7,
      statusCode: 200
    }

      at write (src/observability/safeLogger.js:178:17)

  console.info
    {
      component: 'http',
      event: 'request_completed',
      requestId: '3a3b9ee3-2c3d-4ce3-891f-4525bc452938',
      methodClass: 'GET',
      durationMs: 6,
      statusCode: 200
    }

      at write (src/observability/safeLogger.js:178:17)

  console.info
    {
      component: 'http',
      event: 'request_completed',
      requestId: '3568add2-1777-494b-ad39-fa5ea31c1885',
      methodClass: 'GET',
      durationMs: 6,
      statusCode: 200
    }

      at write (src/observability/safeLogger.js:178:17)

  console.info
    {
      component: 'http',
      event: 'request_completed',
      requestId: '04edc36e-ea93-4ebb-b141-e65996f7eb68',
      methodClass: 'GET',
      durationMs: 7,
      statusCode: 200
    }

      at write (src/observability/safeLogger.js:178:17)

  console.info
    {
      component: 'http',
      event: 'request_completed',
      requestId: '5e8dda98-e0a8-422d-854f-1b7727da935e',
      methodClass: 'PUT',
      durationMs: 5,
      statusCode: 403
    }

      at write (src/observability/safeLogger.js:178:17)

  console.info
    {
      component: 'http',
      event: 'request_completed',
      requestId: '278d9333-36ef-4e66-914c-b623fe6cb6ff',
      methodClass: 'PUT',
      durationMs: 4,
      statusCode: 403
    }

      at write (src/observability/safeLogger.js:178:17)

  console.info
    {
      component: 'http',
      event: 'request_completed',
      requestId: 'ff248b8c-8311-4f7e-a31a-1d2707dae793',
      methodClass: 'PUT',
      durationMs: 8,
      statusCode: 200
    }

      at write (src/observability/safeLogger.js:178:17)

  console.info
    {
      component: 'http',
      event: 'request_completed',
      requestId: '6b6908de-b711-4b71-b986-b3c92ff88366',
      methodClass: 'GET',
      durationMs: 4,
      statusCode: 200
    }

      at write (src/observability/safeLogger.js:178:17)

  console.info
    {
      component: 'http',
      event: 'request_completed',
      requestId: 'e5917c6e-592d-4a64-add5-cb772b394c4e',
      methodClass: 'PUT',
      durationMs: 2,
      statusCode: 400
    }

      at write (src/observability/safeLogger.js:178:17)

  console.info
    {
      component: 'http',
      event: 'request_completed',
      requestId: '740bbad2-4b05-40a2-9ad1-a35d0ff59545',
      methodClass: 'PUT',
      durationMs: 2,
      statusCode: 400
    }

      at write (src/observability/safeLogger.js:178:17)

  console.info
    {
      component: 'http',
      event: 'request_completed',
      requestId: 'adf2433d-dac9-4e91-b06d-86df940a080c',
      methodClass: 'PUT',
      durationMs: 2,
      statusCode: 400
    }

      at write (src/observability/safeLogger.js:178:17)

  console.info
    {
      component: 'http',
      event: 'request_completed',
      requestId: 'e74e4442-7d20-476a-8473-0d0b41e44d4c',
      methodClass: 'PUT',
      durationMs: 2,
      statusCode: 400
    }

      at write (src/observability/safeLogger.js:178:17)

  console.info
    {
      component: 'http',
      event: 'request_completed',
      requestId: 'bfeae5b4-a147-4b9e-96ea-4ee82c3cff1c',
      methodClass: 'PUT',
      durationMs: 2,
      statusCode: 400
    }

      at write (src/observability/safeLogger.js:178:17)

  console.info
    {
      component: 'http',
      event: 'request_completed',
      requestId: '29cd03c7-9848-4caf-9370-5efb02bd017e',
      methodClass: 'PUT',
      durationMs: 3,
      statusCode: 400
    }

      at write (src/observability/safeLogger.js:178:17)

  console.info
    {
      component: 'http',
      event: 'request_completed',
      requestId: 'bb87e1e2-e9ed-4805-b66f-954d3d2de7bd',
      methodClass: 'PUT',
      durationMs: 2,
      statusCode: 400
    }

      at write (src/observability/safeLogger.js:178:17)

  console.info
    {
      component: 'http',
      event: 'request_completed',
      requestId: 'b167cdf4-5a5d-40a7-ac74-33a1b74d24c2',
      methodClass: 'PUT',
      durationMs: 2,
      statusCode: 400
    }

      at write (src/observability/safeLogger.js:178:17)

  console.info
    {
      component: 'http',
      event: 'request_completed',
      requestId: '1d4f8f30-6b98-4983-974f-9bafa7d68941',
      methodClass: 'PUT',
      durationMs: 4,
      statusCode: 400
    }

      at write (src/observability/safeLogger.js:178:17)

  console.info
    {
      component: 'http',
      event: 'request_completed',
      requestId: '9bfe4e48-db19-47db-aa1e-c8b158ce5269',
      methodClass: 'PUT',
      durationMs: 4,
      statusCode: 400
    }

      at write (src/observability/safeLogger.js:178:17)

  console.info
    {
      component: 'http',
      event: 'request_completed',
      requestId: '38be7884-e2dc-4f16-aa10-d382058ce779',
      methodClass: 'PUT',
      durationMs: 6,
      statusCode: 200
    }

      at write (src/observability/safeLogger.js:178:17)

  console.info
    {
      component: 'http',
      event: 'request_completed',
      requestId: '84ce4768-909d-4be3-b3bc-d9f1c05335e4',
      methodClass: 'PUT',
      durationMs: 8,
      statusCode: 200
    }

      at write (src/observability/safeLogger.js:178:17)

  console.info
    {
      component: 'http',
      event: 'request_completed',
      requestId: '274a542d-319d-49c7-ab0f-5cb62bdf2609',
      methodClass: 'GET',
      durationMs: 3,
      statusCode: 200
    }

      at write (src/observability/safeLogger.js:178:17)

  console.info
    {
      component: 'http',
      event: 'request_completed',
      requestId: '8878a7a9-aef8-42c3-a9d9-f3c667d76c42',
      methodClass: 'PUT',
      durationMs: 6,
      statusCode: 200
    }

      at write (src/observability/safeLogger.js:178:17)

  console.info
    {
      component: 'http',
      event: 'request_completed',
      requestId: 'f6215800-f893-44c8-8180-7f0149dbed4a',
      methodClass: 'PUT',
      durationMs: 8,
      statusCode: 200
    }

      at write (src/observability/safeLogger.js:178:17)

  console.info
    {
      component: 'http',
      event: 'request_completed',
      requestId: 'd5201291-d95a-40a5-b1ec-084c6bc0cd35',
      methodClass: 'PUT',
      durationMs: 3,
      statusCode: 409
    }

      at write (src/observability/safeLogger.js:178:17)

  console.info
    {
      component: 'http',
      event: 'request_completed',
      requestId: '28f76768-fa31-45db-92f1-407455001c74',
      methodClass: 'PUT',
      durationMs: 7,
      statusCode: 200
    }

      at write (src/observability/safeLogger.js:178:17)

  console.info
    {
      component: 'http',
      event: 'request_completed',
      requestId: 'e8e7c8fd-026d-4ee1-992c-c59fbcb3355b',
      methodClass: 'PUT',
      durationMs: 7,
      statusCode: 200
    }

      at write (src/observability/safeLogger.js:178:17)

  console.info
    {
      component: 'http',
      event: 'request_completed',
      requestId: '6f3d726b-d85c-4e98-8a4a-b9ab74fe2865',
      methodClass: 'GET',
      durationMs: 4,
      statusCode: 200
    }

      at write (src/observability/safeLogger.js:178:17)

  console.info
    {
      component: 'http',
      event: 'request_completed',
      requestId: 'ada3357c-862a-4b77-a066-98d816cb1354',
      methodClass: 'PUT',
      durationMs: 6,
      statusCode: 200
    }

      at write (src/observability/safeLogger.js:178:17)

  console.info
    {
      component: 'http',
      event: 'request_completed',
      requestId: '9f4906e7-91e6-475e-8523-89e4d436748d',
      methodClass: 'PUT',
      durationMs: 3,
      statusCode: 400
    }

      at write (src/observability/safeLogger.js:178:17)

  console.info
    {
      component: 'http',
      event: 'request_completed',
      requestId: 'c67a2cc7-0b3d-4a78-acb0-7f1f9d8d7d78',
      methodClass: 'PUT',
      durationMs: 8,
      statusCode: 200
    }

      at write (src/observability/safeLogger.js:178:17)

  console.info
    {
      component: 'http',
      event: 'request_completed',
      requestId: 'e334e5aa-43c9-4969-8017-6bc59c61fe06',
      methodClass: 'PUT',
      durationMs: 5,
      statusCode: 200
    }

      at write (src/observability/safeLogger.js:178:17)

  console.info
    {
      component: 'http',
      event: 'request_completed',
      requestId: 'c96037c7-352e-4f42-84cd-a484d100ee18',
      methodClass: 'PUT',
      durationMs: 8,
      statusCode: 200
    }

      at write (src/observability/safeLogger.js:178:17)

  console.info
    {
      component: 'http',
      event: 'request_completed',
      requestId: '009071eb-2006-4ff6-a687-b92987d4e9d7',
      methodClass: 'GET',
      durationMs: 2,
      statusCode: 200
    }

      at write (src/observability/safeLogger.js:178:17)

  console.info
    {
      component: 'http',
      event: 'request_completed',
      requestId: 'dd993b95-b016-4321-8544-4c34687d6cd0',
      methodClass: 'PUT',
      durationMs: 4,
      statusCode: 400
    }

      at write (src/observability/safeLogger.js:178:17)

  console.info
    {
      component: 'http',
      event: 'request_completed',
      requestId: 'd8285577-75eb-4cbf-8ee4-16562ea29a4e',
      methodClass: 'PUT',
      durationMs: 6,
      statusCode: 200
    }

      at write (src/observability/safeLogger.js:178:17)

  console.info
    {
      component: 'http',
      event: 'request_completed',
      requestId: '49091467-74f9-43e3-8e1f-1a5b78936900',
      methodClass: 'GET',
      durationMs: 5,
      statusCode: 200
    }

      at write (src/observability/safeLogger.js:178:17)

  console.info
    {
      component: 'http',
      event: 'request_completed',
      requestId: 'b24586a0-c213-43d5-9f90-c3cd755ee6dc',
      methodClass: 'PUT',
      durationMs: 6,
      statusCode: 200
    }

      at write (src/observability/safeLogger.js:178:17)

  console.info
    {
      component: 'http',
      event: 'request_completed',
      requestId: '286d561a-88fb-4826-b1cc-d66b223adc12',
      methodClass: 'PUT',
      durationMs: 4,
      statusCode: 409
    }

      at write (src/observability/safeLogger.js:178:17)

  console.info
    {
      component: 'http',
      event: 'request_completed',
      requestId: '9e8df93b-c3f5-4531-83f6-65515c55d6a6',
      methodClass: 'PUT',
      durationMs: 5,
      statusCode: 200
    }

      at write (src/observability/safeLogger.js:178:17)

  console.info
    {
      component: 'http',
      event: 'request_completed',
      requestId: '5c01ef55-337f-4025-ba0f-f6e897c073af',
      methodClass: 'PUT',
      durationMs: 4,
      statusCode: 200
    }

      at write (src/observability/safeLogger.js:178:17)

  console.info
    {
      component: 'http',
      event: 'request_completed',
      requestId: '53e41131-cdc4-431a-a87a-cde8f91bbdc7',
      methodClass: 'PUT',
      durationMs: 2,
      statusCode: 409
    }

      at write (src/observability/safeLogger.js:178:17)

  console.info
    {
      component: 'http',
      event: 'request_completed',
      requestId: 'e10dab7d-cf62-4887-ac5f-c1a218da63f8',
      methodClass: 'PUT',
      durationMs: 8,
      statusCode: 200
    }

      at write (src/observability/safeLogger.js:178:17)

  console.info
    {
      component: 'http',
      event: 'request_completed',
      requestId: '1cc96c9b-2ea5-4c46-a493-76a1cb145ff1',
      methodClass: 'PUT',
      durationMs: 9,
      statusCode: 409
    }

      at write (src/observability/safeLogger.js:178:17)

  console.info
    {
      component: 'http',
      event: 'request_completed',
      requestId: '77d557a6-be0f-468a-8b2a-1fee618a8dcc',
      methodClass: 'PUT',
      durationMs: 5,
      statusCode: 200
    }

      at write (src/observability/safeLogger.js:178:17)

  console.info
    {
      component: 'http',
      event: 'request_completed',
      requestId: '56d54657-427a-4739-9f5c-917c37475699',
      methodClass: 'PUT',
      durationMs: 23,
      statusCode: 200
    }

      at write (src/observability/safeLogger.js:178:17)

  console.info
    {
      component: 'http',
      event: 'request_completed',
      requestId: 'b79f098c-7484-4323-a33b-3308261c466d',
      methodClass: 'PUT',
      durationMs: 10,
      statusCode: 200
    }

      at write (src/observability/safeLogger.js:178:17)

  console.info
    {
      component: 'http',
      event: 'request_completed',
      requestId: 'bbbb03fb-e0ac-4bf7-a59b-7f08f9383361',
      methodClass: 'PUT',
      durationMs: 8,
      statusCode: 200
    }

      at write (src/observability/safeLogger.js:178:17)

  console.info
    {
      component: 'http',
      event: 'request_completed',
      requestId: '87fe4ead-0453-4bd3-b2d8-4a32ac47e4f3',
      methodClass: 'PUT',
      durationMs: 6,
      statusCode: 200
    }

      at write (src/observability/safeLogger.js:178:17)

  console.info
    {
      component: 'http',
      event: 'request_completed',
      requestId: '0b93cd6a-6149-4c43-866e-73abc4e3d176',
      methodClass: 'GET',
      durationMs: 3,
      statusCode: 200
    }

      at write (src/observability/safeLogger.js:178:17)

  console.info
    {
      component: 'http',
      event: 'request_completed',
      requestId: '10c46680-5fb3-4b00-9830-e42ac073bf27',
      methodClass: 'PUT',
      durationMs: 7,
      statusCode: 200
    }

      at write (src/observability/safeLogger.js:178:17)

  console.info
    {
      component: 'http',
      event: 'request_completed',
      requestId: '3fa790f1-73c2-48a0-a7a5-372392a3f517',
      methodClass: 'PUT',
      durationMs: 7,
      statusCode: 200
    }

      at write (src/observability/safeLogger.js:178:17)

  console.info
    {
      component: 'http',
      event: 'request_completed',
      requestId: '7cef9132-1290-4c82-aded-390e2c20105e',
      methodClass: 'PUT',
      durationMs: 4,
      statusCode: 409
    }

      at write (src/observability/safeLogger.js:178:17)

  console.info
    {
      component: 'http',
      event: 'request_completed',
      requestId: '3ec26923-ae18-4bd3-9382-a1f1f4a13ab7',
      methodClass: 'PUT',
      durationMs: 5,
      statusCode: 200
    }

      at write (src/observability/safeLogger.js:178:17)

  console.info
    {
      component: 'http',
      event: 'request_completed',
      requestId: 'c88c8bd6-5532-40d1-910c-8424292ec32b',
      methodClass: 'PUT',
      durationMs: 3,
      statusCode: 409
    }

      at write (src/observability/safeLogger.js:178:17)

  console.info
    {
      component: 'http',
      event: 'request_completed',
      requestId: '8b69db9d-f752-4bbf-8564-180fe866aa82',
      methodClass: 'PUT',
      durationMs: 6,
      statusCode: 200
    }

      at write (src/observability/safeLogger.js:178:17)

  console.info
    {
      component: 'http',
      event: 'request_completed',
      requestId: '19ded66a-b60c-46fb-a50c-40827cf56fc4',
      methodClass: 'PUT',
      durationMs: 7,
      statusCode: 409
    }

      at write (src/observability/safeLogger.js:178:17)

  console.info
    {
      component: 'http',
      event: 'request_completed',
      requestId: 'fff4b149-a16c-42df-99f5-6f47ad88d4c8',
      methodClass: 'PUT',
      durationMs: 7,
      statusCode: 200
    }

      at write (src/observability/safeLogger.js:178:17)

  console.info
    {
      component: 'http',
      event: 'request_completed',
      requestId: 'd05f2d96-a064-41d7-b07e-c3ce23d12e8f',
      methodClass: 'PUT',
      durationMs: 7,
      statusCode: 200
    }

      at write (src/observability/safeLogger.js:178:17)

  console.info
    {
      component: 'http',
      event: 'request_completed',
      requestId: 'a5a5fde9-488e-4183-a565-c3eb8eca3fc9',
      methodClass: 'GET',
      durationMs: 4,
      statusCode: 200
    }

      at write (src/observability/safeLogger.js:178:17)

  console.info
    {
      component: 'http',
      event: 'request_completed',
      requestId: 'ab5126c7-eb9f-44a9-89d9-fd84b2f5cb8b',
      methodClass: 'PUT',
      durationMs: 5,
      statusCode: 200
    }

      at write (src/observability/safeLogger.js:178:17)

  console.info
    {
      component: 'http',
      event: 'request_completed',
      requestId: '7f86c533-e028-4b74-8f09-8b58e8aa808e',
      methodClass: 'PUT',
      durationMs: 8,
      statusCode: 200
    }

      at write (src/observability/safeLogger.js:178:17)

  console.info
    {
      component: 'http',
      event: 'request_completed',
      requestId: 'e27feeec-ca04-48d5-97aa-6060bbe3eec3',
      methodClass: 'GET',
      durationMs: 3,
      statusCode: 200
    }

      at write (src/observability/safeLogger.js:178:17)

  console.info
    {
      component: 'http',
      event: 'request_completed',
      requestId: '69e0ad91-f8d5-4149-bc21-04a5ae923141',
      methodClass: 'PUT',
      durationMs: 6,
      statusCode: 200
    }

      at write (src/observability/safeLogger.js:178:17)

  console.info
    {
      component: 'http',
      event: 'request_completed',
      requestId: '149a2bb3-1bdd-4df0-a966-5d38b9f15634',
      methodClass: 'PUT',
      durationMs: 7,
      statusCode: 200
    }

      at write (src/observability/safeLogger.js:178:17)

  console.info
    {
      component: 'http',
      event: 'request_completed',
      requestId: 'f62116a9-88be-4f44-b8b4-7596c1611b49',
      methodClass: 'PUT',
      durationMs: 6,
      statusCode: 200
    }

      at write (src/observability/safeLogger.js:178:17)

  console.info
    {
      component: 'http',
      event: 'request_completed',
      requestId: 'f6a048e8-297f-4c5c-8a4c-3f2fc96cc792',
      methodClass: 'PUT',
      durationMs: 6,
      statusCode: 200
    }

      at write (src/observability/safeLogger.js:178:17)

  console.info
    {
      component: 'http',
      event: 'request_completed',
      requestId: '623f1e09-ca0a-4b02-bc61-b185f398ef6c',
      methodClass: 'GET',
      durationMs: 3,
      statusCode: 200
    }

      at write (src/observability/safeLogger.js:178:17)

  console.info
    {
      component: 'http',
      event: 'request_completed',
      requestId: '5d45d8c2-0fff-4c79-8ce8-a97bc8e006f2',
      methodClass: 'PUT',
      durationMs: 6,
      statusCode: 200
    }

      at write (src/observability/safeLogger.js:178:17)

  console.info
    {
      component: 'http',
      event: 'request_completed',
      requestId: 'd4aca24a-18fc-4aff-9cb9-9074d6de2b03',
      methodClass: 'PUT',
      durationMs: 7,
      statusCode: 200
    }

      at write (src/observability/safeLogger.js:178:17)

  console.info
    {
      component: 'http',
      event: 'request_completed',
      requestId: 'eec7dd7a-dc48-4dd2-9d6b-9bb0d6aee906',
      methodClass: 'GET',
      durationMs: 3,
      statusCode: 200
    }

      at write (src/observability/safeLogger.js:178:17)

  console.info
    {
      component: 'http',
      event: 'request_completed',
      requestId: 'eb2ffe2f-4384-4296-96a7-37b677e3fba7',
      methodClass: 'GET',
      durationMs: 3,
      statusCode: 200
    }

      at write (src/observability/safeLogger.js:178:17)

  console.info
    {
      component: 'http',
      event: 'request_completed',
      requestId: '90bb89e5-6f8d-4551-9145-f9435b2087d6',
      methodClass: 'PUT',
      durationMs: 7,
      statusCode: 200
    }

      at write (src/observability/safeLogger.js:178:17)

  console.info
    {
      component: 'http',
      event: 'request_completed',
      requestId: 'd235d32d-f6fc-4a96-986a-3f45228476b0',
      methodClass: 'PUT',
      durationMs: 7,
      statusCode: 200
    }

      at write (src/observability/safeLogger.js:178:17)

  console.info
    {
      component: 'http',
      event: 'request_completed',
      requestId: '84b4ed6f-d39d-426a-ac23-b1f611dfa14c',
      methodClass: 'PUT',
      durationMs: 6,
      statusCode: 200
    }

      at write (src/observability/safeLogger.js:178:17)

  console.info
    {
      component: 'http',
      event: 'request_completed',
      requestId: '42b68280-a6e6-462a-9113-b92d55edd4ae',
      methodClass: 'GET',
      durationMs: 3,
      statusCode: 200
    }

      at write (src/observability/safeLogger.js:178:17)

  console.info
    {
      component: 'http',
      event: 'request_completed',
      requestId: '731d1145-62ea-423f-a210-5cb8ecdae111',
      methodClass: 'GET',
      durationMs: 4,
      statusCode: 200
    }

      at write (src/observability/safeLogger.js:178:17)

  console.info
    {
      component: 'http',
      event: 'request_completed',
      requestId: '7a661244-ff03-42eb-baee-48b610596b28',
      methodClass: 'PUT',
      durationMs: 6,
      statusCode: 200
    }

      at write (src/observability/safeLogger.js:178:17)

  console.info
    {
      component: 'http',
      event: 'request_completed',
      requestId: '3b58bede-1891-4fea-aba3-e746ac2924ef',
      methodClass: 'PUT',
      durationMs: 6,
      statusCode: 200
    }

      at write (src/observability/safeLogger.js:178:17)

  console.info
    {
      component: 'http',
      event: 'request_completed',
      requestId: '55519225-2756-46df-b5e8-81e14d4339e4',
      methodClass: 'GET',
      durationMs: 3,
      statusCode: 200
    }

      at write (src/observability/safeLogger.js:178:17)

  console.info
    {
      component: 'http',
      event: 'request_completed',
      requestId: 'c0e78bdb-2790-4e3b-ac51-ab2dde9da1b7',
      methodClass: 'PUT',
      durationMs: 4,
      statusCode: 400
    }

      at write (src/observability/safeLogger.js:178:17)

  console.info
    {
      component: 'http',
      event: 'request_completed',
      requestId: 'a6109a9f-f635-4f33-8fd9-c979a1a9be90',
      methodClass: 'PUT',
      durationMs: 6,
      statusCode: 200
    }

      at write (src/observability/safeLogger.js:178:17)

  console.info
    {
      component: 'http',
      event: 'request_completed',
      requestId: '5d7cca47-7ce2-4dff-97db-c2a993af9738',
      methodClass: 'GET',
      durationMs: 4,
      statusCode: 200
    }

      at write (src/observability/safeLogger.js:178:17)

  console.info
    {
      component: 'http',
      event: 'request_completed',
      requestId: '774230ab-adbb-4503-a3e1-ac6fd24e2509',
      methodClass: 'PUT',
      durationMs: 6,
      statusCode: 200
    }

      at write (src/observability/safeLogger.js:178:17)

  console.info
    {
      component: 'http',
      event: 'request_completed',
      requestId: '617f87ef-f081-428e-b684-cb55dd689d47',
      methodClass: 'GET',
      durationMs: 3,
      statusCode: 200
    }

      at write (src/observability/safeLogger.js:178:17)

  console.info
    {
      component: 'http',
      event: 'request_completed',
      requestId: '7eac1411-81c5-420e-bd98-d84eb537c337',
      methodClass: 'PUT',
      durationMs: 6,
      statusCode: 200
    }

      at write (src/observability/safeLogger.js:178:17)

  console.info
    {
      component: 'http',
      event: 'request_completed',
      requestId: '7467b073-3a36-4f5b-af52-4827476d3d10',
      methodClass: 'GET',
      durationMs: 4,
      statusCode: 200
    }

      at write (src/observability/safeLogger.js:178:17)

  console.info
    {
      component: 'http',
      event: 'request_completed',
      requestId: '3d94a978-63bd-43ad-9e48-70e71b23b58a',
      methodClass: 'PUT',
      durationMs: 6,
      statusCode: 200
    }

      at write (src/observability/safeLogger.js:178:17)

  console.info
    {
      component: 'http',
      event: 'request_completed',
      requestId: '5d894673-f511-4202-9b73-0bdba563f08f',
      methodClass: 'PUT',
      durationMs: 9,
      statusCode: 409
    }

      at write (src/observability/safeLogger.js:178:17)

  console.info
    {
      component: 'http',
      event: 'request_completed',
      requestId: '000eaf4b-2625-4619-8366-de7b30bf5393',
      methodClass: 'GET',
      durationMs: 3,
      statusCode: 200
    }

      at write (src/observability/safeLogger.js:178:17)

  console.info
    {
      component: 'http',
      event: 'request_completed',
      requestId: 'a848fb15-41b7-415f-ab11-136ff4fec40b',
      methodClass: 'PUT',
      durationMs: 7,
      statusCode: 200
    }

      at write (src/observability/safeLogger.js:178:17)

  console.info
    {
      component: 'http',
      event: 'request_completed',
      requestId: '20c086d8-092c-4ca9-9a42-4a1fd840ce2f',
      methodClass: 'PUT',
      durationMs: 10,
      statusCode: 200
    }

      at write (src/observability/safeLogger.js:178:17)

  console.info
    {
      component: 'http',
      event: 'request_completed',
      requestId: 'b4994772-2c9c-4c73-9378-582b50213e04',
      methodClass: 'PUT',
      durationMs: 6,
      statusCode: 200
    }

      at write (src/observability/safeLogger.js:178:17)

  console.info
    {
      component: 'http',
      event: 'request_completed',
      requestId: '307609de-9025-4be9-a6fa-9462af69bdb3',
      methodClass: 'GET',
      durationMs: 4,
      statusCode: 200
    }

      at write (src/observability/safeLogger.js:178:17)

  console.info
    {
      component: 'http',
      event: 'request_completed',
      requestId: '722d8dce-ed5c-4af2-8419-83ab35d55900',
      methodClass: 'PUT',
      durationMs: 8,
      statusCode: 200
    }

      at write (src/observability/safeLogger.js:178:17)

  console.info
    {
      component: 'http',
      event: 'request_completed',
      requestId: '471e7180-80c6-4dee-a085-172bdfffeb1a',
      methodClass: 'PUT',
      durationMs: 5,
      statusCode: 200
    }

      at write (src/observability/safeLogger.js:178:17)

  console.info
    {
      component: 'http',
      event: 'request_completed',
      requestId: '526abfa6-3f14-45a6-bcc0-19a9f59a1603',
      methodClass: 'PUT',
      durationMs: 7,
      statusCode: 200
    }

      at write (src/observability/safeLogger.js:178:17)

  console.info
    {
      component: 'http',
      event: 'request_completed',
      requestId: 'edf8eecc-da6b-409a-872c-4053b11ea210',
      methodClass: 'PUT',
      durationMs: 7,
      statusCode: 200
    }

      at write (src/observability/safeLogger.js:178:17)

  console.info
    {
      component: 'http',
      event: 'request_completed',
      requestId: '89554fa9-3ee8-4ace-95bb-7553c43bf4d2',
      methodClass: 'GET',
      durationMs: 3,
      statusCode: 200
    }

      at write (src/observability/safeLogger.js:178:17)

  console.info
    {
      component: 'http',
      event: 'request_completed',
      requestId: 'e47350e7-9437-4c99-81c0-40a8585438a9',
      methodClass: 'PUT',
      durationMs: 5,
      statusCode: 400
    }

      at write (src/observability/safeLogger.js:178:17)

  console.info
    {
      component: 'http',
      event: 'request_completed',
      requestId: 'd719aa76-a048-47c6-a748-11f2cc8bea97',
      methodClass: 'PUT',
      durationMs: 7,
      statusCode: 200
    }

      at write (src/observability/safeLogger.js:178:17)

  console.info
    {
      component: 'http',
      event: 'request_completed',
      requestId: '09dea076-0eac-447c-b57b-0f9fdbdba7c3',
      methodClass: 'PUT',
      durationMs: 6,
      statusCode: 200
    }

      at write (src/observability/safeLogger.js:178:17)

  console.log
    [DB] Migration applied: 001_initial_schema.sql

      at Object.log [as runMigrations] (src/db.js:1312:42)

  console.log
    [DB] Migration applied: 002_seed_data.sql

      at Object.log [as runMigrations] (src/db.js:1312:42)

  console.log
    [DB] Migration applied: 003_voice_sessions.sql

      at Object.log [as runMigrations] (src/db.js:1312:42)

  console.log
    [DB] Migration applied: 004_canonical_persistence_v2.sql

      at Object.log [as runMigrations] (src/db.js:1312:42)

  console.log
    [DB] Migration applied: 005_canonical_organization_authority.sql

      at Object.log [as runMigrations] (src/db.js:1312:42)

  console.log
    [DB] Migration applied: 006_canonical_voice_sessions.sql

      at Object.log [as runMigrations] (src/db.js:1312:42)

  console.log
    [DB] Migration applied: 007_canonical_tax_authority.sql

      at Object.log [as runMigrations] (src/db.js:1312:42)

  console.log
    [DB] Migration applied: 008_canonical_demo_authority.sql

      at Object.log [as runMigrations] (src/db.js:1312:42)

  console.log
    [DB] Migration applied: 009_canonical_voice_provider_identity.sql

      at Object.log [as runMigrations] (src/db.js:1312:42)

  console.log
    [DB] Migration applied: 010_account_session_authority.sql

      at Object.log [as runMigrations] (src/db.js:1312:42)

  console.log
    [DB] Migration applied: 011_oauth_authorization_states.sql

      at Object.log [as runMigrations] (src/db.js:1312:42)

  console.log
    [DB] Migration applied: 012_account_verification_trial.sql

      at Object.log [as runMigrations] (src/db.js:1312:42)

  console.log
    [DB] Migration applied: 015_workforce_authority.sql

      at Object.log [as runMigrations] (src/db.js:1312:42)

  console.log
    [DB] Migration applied: 016_tenant_asset_catalogue.sql

      at Object.log [as runMigrations] (src/db.js:1312:42)

  console.log
    [DB] Migration applied: 017_retell_webhook_replay_authority.sql

      at Object.log [as runMigrations] (src/db.js:1312:42)

  console.log
    [DB] Migration applied: 018_canonical_map_preferences.sql

      at Object.log [as runMigrations] (src/db.js:1312:42)

  console.log
    [DB] Migration applied: 019_account_email_outbox.sql

      at Object.log [as runMigrations] (src/db.js:1312:42)

  console.log
    [DB] Migration applied: 020_canonical_workforce_access_roles.sql

      at Object.log [as runMigrations] (src/db.js:1312:42)

  console.log
    [DB] Migration applied: 021_bounded_api_observability.sql

      at Object.log [as runMigrations] (src/db.js:1312:42)

  console.log
    [DB] Migration applied: 022_demo_command_center_sessions.sql

      at Object.log [as runMigrations] (src/db.js:1312:42)

  console.log
    [DB] Migration applied: 023_homepage_demo_admission.sql

      at Object.log [as runMigrations] (src/db.js:1312:42)

  console.log
    [DB] Migration applied: 024_homepage_verified_purge_receipt.sql

      at Object.log [as runMigrations] (src/db.js:1312:42)

  console.log
    [DB] Migration applied: 025_provider_agnostic_knowledge_registry.sql

      at Object.log [as runMigrations] (src/db.js:1312:42)

  console.log
    [DB] Migration applied: 026_canonical_knowledge_review_publication.sql

      at Object.log [as runMigrations] (src/db.js:1312:42)

  console.log
    [DB] Migration applied: 027_canonical_knowledge_audit_graph_authority.sql

      at Object.log [as runMigrations] (src/db.js:1312:42)

  console.log
    [DB] Migration applied: 028_canonical_knowledge_immutable_lifecycle.sql

      at Object.log [as runMigrations] (src/db.js:1312:42)

  console.log
    [DB] Migration applied: 029_canonical_knowledge_transactional_sync.sql

      at Object.log [as runMigrations] (src/db.js:1312:42)

  console.log
    [DB] Migration applied: 030_canonical_knowledge_sync_revocation.sql

      at Object.log [as runMigrations] (src/db.js:1312:42)

  console.log
    [DB] Migration applied: 031_canonical_knowledge_sync_recovery_lifecycle.sql

      at Object.log [as runMigrations] (src/db.js:1312:42)

  console.log
    [DB] Migration applied: 032_canonical_schedule_assignment_authority.sql

      at Object.log [as runMigrations] (src/db.js:1312:42)

  console.log
    [DB] Migration applied: 033_canonical_schedule_time_evidence.sql

      at Object.log [as runMigrations] (src/db.js:1312:42)

  console.log
    [DB] Migration applied: 034_schedule_availability_conflict_authority.sql

      at Object.log [as runMigrations] (src/db.js:1312:42)

  console.log
    [DB] Migration applied: 035_schedule_human_preview_approval.sql

      at Object.log [as runMigrations] (src/db.js:1312:42)

  console.log
    [DB] Migration applied: 001_initial_schema.sql

      at Object.log [as runMigrations] (src/db.js:1312:42)

  console.log
    [DB] Migration applied: 002_seed_data.sql

      at Object.log [as runMigrations] (src/db.js:1312:42)

  console.log
    [DB] Migration applied: 003_voice_sessions.sql

      at Object.log [as runMigrations] (src/db.js:1312:42)

  console.log
    [DB] Migration applied: 004_canonical_persistence_v2.sql

      at Object.log [as runMigrations] (src/db.js:1312:42)

  console.log
    [DB] Migration applied: 005_canonical_organization_authority.sql

      at Object.log [as runMigrations] (src/db.js:1312:42)

  console.log
    [DB] Migration applied: 006_canonical_voice_sessions.sql

      at Object.log [as runMigrations] (src/db.js:1312:42)

  console.log
    [DB] Migration applied: 007_canonical_tax_authority.sql

      at Object.log [as runMigrations] (src/db.js:1312:42)

  console.log
    [DB] Migration applied: 008_canonical_demo_authority.sql

      at Object.log [as runMigrations] (src/db.js:1312:42)

  console.log
    [DB] Migration applied: 009_canonical_voice_provider_identity.sql

      at Object.log [as runMigrations] (src/db.js:1312:42)

  console.log
    [DB] Migration applied: 010_account_session_authority.sql

      at Object.log [as runMigrations] (src/db.js:1312:42)

  console.log
    [DB] Migration applied: 011_oauth_authorization_states.sql

      at Object.log [as runMigrations] (src/db.js:1312:42)

  console.log
    [DB] Migration applied: 012_account_verification_trial.sql

      at Object.log [as runMigrations] (src/db.js:1312:42)

  console.log
    [DB] Migration applied: 015_workforce_authority.sql

      at Object.log [as runMigrations] (src/db.js:1312:42)

  console.log
    [DB] Migration applied: 016_tenant_asset_catalogue.sql

      at Object.log [as runMigrations] (src/db.js:1312:42)

  console.log
    [DB] Migration applied: 018_canonical_map_preferences.sql

      at Object.log [as runMigrations] (src/db.js:1312:42)

  console.log
    [DB] Migration applied: 019_account_email_outbox.sql

      at Object.log [as runMigrations] (src/db.js:1312:42)

  console.log
    [DB] Migration applied: 020_canonical_workforce_access_roles.sql

      at Object.log [as runMigrations] (src/db.js:1312:42)

  console.log
    [DB] Migration applied: 021_bounded_api_observability.sql

      at Object.log [as runMigrations] (src/db.js:1312:42)

  console.log
    [DB] Migration applied: 022_demo_command_center_sessions.sql

      at Object.log [as runMigrations] (src/db.js:1312:42)

  console.log
    [DB] Migration applied: 023_homepage_demo_admission.sql

      at Object.log [as runMigrations] (src/db.js:1312:42)

  console.log
    [DB] Migration applied: 024_homepage_verified_purge_receipt.sql

      at Object.log [as runMigrations] (src/db.js:1312:42)

  console.log
    [DB] Migration applied: 025_provider_agnostic_knowledge_registry.sql

      at Object.log [as runMigrations] (src/db.js:1312:42)

  console.log
    [DB] Migration applied: 026_canonical_knowledge_review_publication.sql

      at Object.log [as runMigrations] (src/db.js:1312:42)

  console.log
    [DB] Migration applied: 027_canonical_knowledge_audit_graph_authority.sql

      at Object.log [as runMigrations] (src/db.js:1312:42)

  console.log
    [DB] Migration applied: 028_canonical_knowledge_immutable_lifecycle.sql

      at Object.log [as runMigrations] (src/db.js:1312:42)

  console.log
    [DB] Migration applied: 029_canonical_knowledge_transactional_sync.sql

      at Object.log [as runMigrations] (src/db.js:1312:42)

  console.log
    [DB] Migration applied: 030_canonical_knowledge_sync_revocation.sql

      at Object.log [as runMigrations] (src/db.js:1312:42)

  console.log
    [DB] Migration applied: 031_canonical_knowledge_sync_recovery_lifecycle.sql

      at Object.log [as runMigrations] (src/db.js:1312:42)

  console.log
    [DB] Migration applied: 032_canonical_schedule_assignment_authority.sql

      at Object.log [as runMigrations] (src/db.js:1312:42)

  console.log
    [DB] Migration applied: 033_canonical_schedule_time_evidence.sql

      at Object.log [as runMigrations] (src/db.js:1312:42)

  console.log
    [DB] Migration applied: 034_schedule_availability_conflict_authority.sql

      at Object.log [as runMigrations] (src/db.js:1312:42)

  console.log
    [DB] Migration applied: 035_schedule_human_preview_approval.sql

      at Object.log [as runMigrations] (src/db.js:1312:42)

  console.log
    [DB] Migration applied: 017_retell_webhook_replay_authority.sql

      at Object.log [as runMigrations] (src/db.js:1312:42)

  console.log
    [DB] Migration applied: 001_initial_schema.sql

      at log (src/db.js:1312:42)

  console.log
    [DB] Migration applied: 002_seed_data.sql

      at log (src/db.js:1312:42)

  console.log
    [DB] Migration applied: 003_voice_sessions.sql

      at log (src/db.js:1312:42)

  console.log
    [DB] Migration applied: 004_canonical_persistence_v2.sql

      at log (src/db.js:1312:42)

  console.log
    [DB] Migration applied: 005_canonical_organization_authority.sql

      at log (src/db.js:1312:42)

  console.log
    [DB] Migration applied: 006_canonical_voice_sessions.sql

      at log (src/db.js:1312:42)

  console.log
    [DB] Migration applied: 007_canonical_tax_authority.sql

      at log (src/db.js:1312:42)

  console.log
    [DB] Migration applied: 008_canonical_demo_authority.sql

      at log (src/db.js:1312:42)

  console.log
    [DB] Migration applied: 009_canonical_voice_provider_identity.sql

      at log (src/db.js:1312:42)

  console.log
    [DB] Migration applied: 010_account_session_authority.sql

      at log (src/db.js:1312:42)

  console.log
    [DB] Migration applied: 011_oauth_authorization_states.sql

      at log (src/db.js:1312:42)

  console.log
    [DB] Migration applied: 012_account_verification_trial.sql

      at log (src/db.js:1312:42)

  console.log
    [DB] Migration applied: 015_workforce_authority.sql

      at log (src/db.js:1312:42)

  console.log
    [DB] Migration applied: 016_tenant_asset_catalogue.sql

      at log (src/db.js:1312:42)

  console.log
    [DB] Migration applied: 017_retell_webhook_replay_authority.sql

      at log (src/db.js:1312:42)

  console.log
    [DB] Migration applied: 018_canonical_map_preferences.sql

      at log (src/db.js:1312:42)

  console.log
    [DB] Migration applied: 019_account_email_outbox.sql

      at log (src/db.js:1312:42)

  console.log
    [DB] Migration applied: 020_canonical_workforce_access_roles.sql

      at log (src/db.js:1312:42)

  console.log
    [DB] Migration applied: 021_bounded_api_observability.sql

      at log (src/db.js:1312:42)

  console.log
    [DB] Migration applied: 022_demo_command_center_sessions.sql

      at log (src/db.js:1312:42)

  console.log
    [DB] Migration applied: 023_homepage_demo_admission.sql

      at log (src/db.js:1312:42)

  console.log
    [DB] Migration applied: 024_homepage_verified_purge_receipt.sql

      at log (src/db.js:1312:42)

  console.log
    [DB] Migration applied: 025_provider_agnostic_knowledge_registry.sql

      at log (src/db.js:1312:42)

  console.log
    [DB] Migration applied: 026_canonical_knowledge_review_publication.sql

      at log (src/db.js:1312:42)

  console.log
    [DB] Migration applied: 027_canonical_knowledge_audit_graph_authority.sql

      at log (src/db.js:1312:42)

  console.log
    [DB] Migration applied: 028_canonical_knowledge_immutable_lifecycle.sql

      at log (src/db.js:1312:42)

  console.log
    [DB] Migration applied: 029_canonical_knowledge_transactional_sync.sql

      at log (src/db.js:1312:42)

  console.log
    [DB] Migration applied: 030_canonical_knowledge_sync_revocation.sql

      at log (src/db.js:1312:42)

  console.log
    [DB] Migration applied: 031_canonical_knowledge_sync_recovery_lifecycle.sql

      at log (src/db.js:1312:42)

  console.log
    [DB] Migration applied: 032_canonical_schedule_assignment_authority.sql

      at log (src/db.js:1312:42)

  console.log
    [DB] Migration applied: 033_canonical_schedule_time_evidence.sql

      at log (src/db.js:1312:42)

  console.log
    [DB] Migration applied: 034_schedule_availability_conflict_authority.sql

      at log (src/db.js:1312:42)

  console.log
    [DB] Migration applied: 035_schedule_human_preview_approval.sql

      at log (src/db.js:1312:42)

  console.info
    {
      component: 'http',
      event: 'request_completed',
      requestId: '39f3c437-9f30-4f0c-bcb1-3581bf22819c',
      methodClass: 'GET',
      durationMs: 1,
      statusCode: 401
    }

      at write (src/observability/safeLogger.js:178:17)

  console.log
    [DB] Migration applied: 001_initial_schema.sql

      at Object.log [as runMigrations] (src/db.js:1312:42)

  console.log
    [DB] Migration applied: 002_seed_data.sql

      at Object.log [as runMigrations] (src/db.js:1312:42)

  console.log
    [DB] Migration applied: 003_voice_sessions.sql

      at Object.log [as runMigrations] (src/db.js:1312:42)

  console.log
    [DB] Migration applied: 004_canonical_persistence_v2.sql

      at Object.log [as runMigrations] (src/db.js:1312:42)

  console.log
    [DB] Migration applied: 005_canonical_organization_authority.sql

      at Object.log [as runMigrations] (src/db.js:1312:42)

  console.log
    [DB] Migration applied: 006_canonical_voice_sessions.sql

      at Object.log [as runMigrations] (src/db.js:1312:42)

  console.log
    [DB] Migration applied: 007_canonical_tax_authority.sql

      at Object.log [as runMigrations] (src/db.js:1312:42)

  console.log
    [DB] Migration applied: 008_canonical_demo_authority.sql

      at Object.log [as runMigrations] (src/db.js:1312:42)

  console.log
    [DB] Migration applied: 009_canonical_voice_provider_identity.sql

      at Object.log [as runMigrations] (src/db.js:1312:42)

  console.log
    [DB] Migration applied: 010_account_session_authority.sql

      at Object.log [as runMigrations] (src/db.js:1312:42)

  console.log
    [DB] Migration applied: 011_oauth_authorization_states.sql

      at Object.log [as runMigrations] (src/db.js:1312:42)

  console.log
    [DB] Migration applied: 012_account_verification_trial.sql

      at Object.log [as runMigrations] (src/db.js:1312:42)

  console.log
    [DB] Migration applied: 015_workforce_authority.sql

      at Object.log [as runMigrations] (src/db.js:1312:42)

  console.log
    [DB] Migration applied: 016_tenant_asset_catalogue.sql

      at Object.log [as runMigrations] (src/db.js:1312:42)

  console.log
    [DB] Migration applied: 017_retell_webhook_replay_authority.sql

      at Object.log [as runMigrations] (src/db.js:1312:42)

  console.log
    [DB] Migration applied: 018_canonical_map_preferences.sql

      at Object.log [as runMigrations] (src/db.js:1312:42)

  console.log
    [DB] Migration applied: 019_account_email_outbox.sql

      at Object.log [as runMigrations] (src/db.js:1312:42)

  console.log
    [DB] Migration applied: 020_canonical_workforce_access_roles.sql

      at Object.log [as runMigrations] (src/db.js:1312:42)

  console.log
    [DB] Migration applied: 021_bounded_api_observability.sql

      at Object.log [as runMigrations] (src/db.js:1312:42)

  console.log
    [DB] Migration applied: 022_demo_command_center_sessions.sql

      at Object.log [as runMigrations] (src/db.js:1312:42)

  console.log
    [DB] Migration applied: 023_homepage_demo_admission.sql

      at Object.log [as runMigrations] (src/db.js:1312:42)

  console.log
    [DB] Migration applied: 024_homepage_verified_purge_receipt.sql

      at Object.log [as runMigrations] (src/db.js:1312:42)

  console.log
    [DB] Migration applied: 025_provider_agnostic_knowledge_registry.sql

      at Object.log [as runMigrations] (src/db.js:1312:42)

  console.log
    [DB] Migration applied: 026_canonical_knowledge_review_publication.sql

      at Object.log [as runMigrations] (src/db.js:1312:42)

  console.log
    [DB] Migration applied: 027_canonical_knowledge_audit_graph_authority.sql

      at Object.log [as runMigrations] (src/db.js:1312:42)

  console.log
    [DB] Migration applied: 028_canonical_knowledge_immutable_lifecycle.sql

      at Object.log [as runMigrations] (src/db.js:1312:42)

  console.log
    [DB] Migration applied: 001_initial_schema.sql

      at Object.log [as runMigrations] (src/db.js:1312:42)

  console.log
    [DB] Migration applied: 002_seed_data.sql

      at Object.log [as runMigrations] (src/db.js:1312:42)

  console.log
    [DB] Migration applied: 003_voice_sessions.sql

      at Object.log [as runMigrations] (src/db.js:1312:42)

  console.log
    [DB] Migration applied: 004_canonical_persistence_v2.sql

      at Object.log [as runMigrations] (src/db.js:1312:42)

  console.log
    [DB] Migration applied: 005_canonical_organization_authority.sql

      at Object.log [as runMigrations] (src/db.js:1312:42)

  console.log
    [DB] Migration applied: 006_canonical_voice_sessions.sql

      at Object.log [as runMigrations] (src/db.js:1312:42)

  console.log
    [DB] Migration applied: 007_canonical_tax_authority.sql

      at Object.log [as runMigrations] (src/db.js:1312:42)

  console.log
    [DB] Migration applied: 008_canonical_demo_authority.sql

      at Object.log [as runMigrations] (src/db.js:1312:42)

  console.log
    [DB] Migration applied: 009_canonical_voice_provider_identity.sql

      at Object.log [as runMigrations] (src/db.js:1312:42)

  console.log
    [DB] Migration applied: 010_account_session_authority.sql

      at Object.log [as runMigrations] (src/db.js:1312:42)

  console.log
    [DB] Migration applied: 011_oauth_authorization_states.sql

      at Object.log [as runMigrations] (src/db.js:1312:42)

  console.log
    [DB] Migration applied: 012_account_verification_trial.sql

      at Object.log [as runMigrations] (src/db.js:1312:42)

  console.log
    [DB] Migration applied: 015_workforce_authority.sql

      at Object.log [as runMigrations] (src/db.js:1312:42)

  console.log
    [DB] Migration applied: 016_tenant_asset_catalogue.sql

      at Object.log [as runMigrations] (src/db.js:1312:42)

  console.log
    [DB] Migration applied: 017_retell_webhook_replay_authority.sql

      at Object.log [as runMigrations] (src/db.js:1312:42)

  console.log
    [DB] Migration applied: 018_canonical_map_preferences.sql

      at Object.log [as runMigrations] (src/db.js:1312:42)

  console.log
    [DB] Migration applied: 019_account_email_outbox.sql

      at Object.log [as runMigrations] (src/db.js:1312:42)

  console.log
    [DB] Migration applied: 020_canonical_workforce_access_roles.sql

      at Object.log [as runMigrations] (src/db.js:1312:42)

  console.log
    [DB] Migration applied: 021_bounded_api_observability.sql

      at Object.log [as runMigrations] (src/db.js:1312:42)

  console.log
    [DB] Migration applied: 022_demo_command_center_sessions.sql

      at Object.log [as runMigrations] (src/db.js:1312:42)

  console.log
    [DB] Migration applied: 023_homepage_demo_admission.sql

      at Object.log [as runMigrations] (src/db.js:1312:42)

  console.log
    [DB] Migration applied: 024_homepage_verified_purge_receipt.sql

      at Object.log [as runMigrations] (src/db.js:1312:42)

  console.log
    [DB] Migration applied: 025_provider_agnostic_knowledge_registry.sql

      at Object.log [as runMigrations] (src/db.js:1312:42)

  console.log
    [DB] Migration applied: 026_canonical_knowledge_review_publication.sql

      at Object.log [as runMigrations] (src/db.js:1312:42)

  console.log
    [DB] Migration applied: 027_canonical_knowledge_audit_graph_authority.sql

      at Object.log [as runMigrations] (src/db.js:1312:42)

  console.log
    [DB] Migration applied: 028_canonical_knowledge_immutable_lifecycle.sql

      at Object.log [as runMigrations] (src/db.js:1312:42)

  console.log
    [DB] Migration applied: 001_initial_schema.sql

      at Object.log [as runMigrations] (src/db.js:1312:42)

  console.log
    [DB] Migration applied: 002_seed_data.sql

      at Object.log [as runMigrations] (src/db.js:1312:42)

  console.log
    [DB] Migration applied: 003_voice_sessions.sql

      at Object.log [as runMigrations] (src/db.js:1312:42)

  console.log
    [DB] Migration applied: 004_canonical_persistence_v2.sql

      at Object.log [as runMigrations] (src/db.js:1312:42)

  console.log
    [DB] Migration applied: 005_canonical_organization_authority.sql

      at Object.log [as runMigrations] (src/db.js:1312:42)

  console.log
    [DB] Migration applied: 006_canonical_voice_sessions.sql

      at Object.log [as runMigrations] (src/db.js:1312:42)

  console.log
    [DB] Migration applied: 007_canonical_tax_authority.sql

      at Object.log [as runMigrations] (src/db.js:1312:42)

  console.log
    [DB] Migration applied: 008_canonical_demo_authority.sql

      at Object.log [as runMigrations] (src/db.js:1312:42)

  console.log
    [DB] Migration applied: 009_canonical_voice_provider_identity.sql

      at Object.log [as runMigrations] (src/db.js:1312:42)

  console.log
    [DB] Migration applied: 010_account_session_authority.sql

      at Object.log [as runMigrations] (src/db.js:1312:42)

  console.log
    [DB] Migration applied: 011_oauth_authorization_states.sql

      at Object.log [as runMigrations] (src/db.js:1312:42)

  console.log
    [DB] Migration applied: 012_account_verification_trial.sql

      at Object.log [as runMigrations] (src/db.js:1312:42)

  console.log
    [DB] Migration applied: 015_workforce_authority.sql

      at Object.log [as runMigrations] (src/db.js:1312:42)

  console.log
    [DB] Migration applied: 016_tenant_asset_catalogue.sql

      at Object.log [as runMigrations] (src/db.js:1312:42)

  console.log
    [DB] Migration applied: 017_retell_webhook_replay_authority.sql

      at Object.log [as runMigrations] (src/db.js:1312:42)

  console.log
    [DB] Migration applied: 018_canonical_map_preferences.sql

      at Object.log [as runMigrations] (src/db.js:1312:42)

  console.log
    [DB] Migration applied: 019_account_email_outbox.sql

      at Object.log [as runMigrations] (src/db.js:1312:42)

  console.log
    [DB] Migration applied: 020_canonical_workforce_access_roles.sql

      at Object.log [as runMigrations] (src/db.js:1312:42)

  console.log
    [DB] Migration applied: 021_bounded_api_observability.sql

      at Object.log [as runMigrations] (src/db.js:1312:42)

  console.log
    [DB] Migration applied: 022_demo_command_center_sessions.sql

      at Object.log [as runMigrations] (src/db.js:1312:42)

  console.log
    [DB] Migration applied: 023_homepage_demo_admission.sql

      at Object.log [as runMigrations] (src/db.js:1312:42)

  console.log
    [DB] Migration applied: 024_homepage_verified_purge_receipt.sql

      at Object.log [as runMigrations] (src/db.js:1312:42)

  console.log
    [DB] Migration applied: 025_provider_agnostic_knowledge_registry.sql

      at Object.log [as runMigrations] (src/db.js:1312:42)

  console.log
    [DB] Migration applied: 001_initial_schema.sql

      at Object.log [as runMigrations] (src/db.js:1312:42)

  console.log
    [DB] Migration applied: 002_seed_data.sql

      at Object.log [as runMigrations] (src/db.js:1312:42)

  console.log
    [DB] Migration applied: 003_voice_sessions.sql

      at Object.log [as runMigrations] (src/db.js:1312:42)

  console.log
    [DB] Migration applied: 004_canonical_persistence_v2.sql

      at Object.log [as runMigrations] (src/db.js:1312:42)

  console.log
    [DB] Migration applied: 005_canonical_organization_authority.sql

      at Object.log [as runMigrations] (src/db.js:1312:42)

  console.log
    [DB] Migration applied: 006_canonical_voice_sessions.sql

      at Object.log [as runMigrations] (src/db.js:1312:42)

  console.log
    [DB] Migration applied: 007_canonical_tax_authority.sql

      at Object.log [as runMigrations] (src/db.js:1312:42)

  console.log
    [DB] Migration applied: 008_canonical_demo_authority.sql

      at Object.log [as runMigrations] (src/db.js:1312:42)

  console.log
    [DB] Migration applied: 009_canonical_voice_provider_identity.sql

      at Object.log [as runMigrations] (src/db.js:1312:42)

  console.log
    [DB] Migration applied: 010_account_session_authority.sql

      at Object.log [as runMigrations] (src/db.js:1312:42)

  console.log
    [DB] Migration applied: 011_oauth_authorization_states.sql

      at Object.log [as runMigrations] (src/db.js:1312:42)

  console.log
    [DB] Migration applied: 012_account_verification_trial.sql

      at Object.log [as runMigrations] (src/db.js:1312:42)

  console.log
    [DB] Migration applied: 015_workforce_authority.sql

      at Object.log [as runMigrations] (src/db.js:1312:42)

  console.log
    [DB] Migration applied: 016_tenant_asset_catalogue.sql

      at Object.log [as runMigrations] (src/db.js:1312:42)

  console.log
    [DB] Migration applied: 017_retell_webhook_replay_authority.sql

      at Object.log [as runMigrations] (src/db.js:1312:42)

  console.log
    [DB] Migration applied: 018_canonical_map_preferences.sql

      at Object.log [as runMigrations] (src/db.js:1312:42)

  console.log
    [DB] Migration applied: 019_account_email_outbox.sql

      at Object.log [as runMigrations] (src/db.js:1312:42)

  console.log
    [DB] Migration applied: 020_canonical_workforce_access_roles.sql

      at Object.log [as runMigrations] (src/db.js:1312:42)

  console.log
    [DB] Migration applied: 021_bounded_api_observability.sql

      at Object.log [as runMigrations] (src/db.js:1312:42)

  console.log
    [DB] Migration applied: 022_demo_command_center_sessions.sql

      at Object.log [as runMigrations] (src/db.js:1312:42)

  console.log
    [DB] Migration applied: 023_homepage_demo_admission.sql

      at Object.log [as runMigrations] (src/db.js:1312:42)

  console.log
    [DB] Migration applied: 024_homepage_verified_purge_receipt.sql

      at Object.log [as runMigrations] (src/db.js:1312:42)

  console.log
    [DB] Migration applied: 025_provider_agnostic_knowledge_registry.sql

      at Object.log [as runMigrations] (src/db.js:1312:42)

  console.log
    [DB] Migration applied: 001_initial_schema.sql

      at log (src/db.js:1312:42)

  console.log
    [DB] Migration applied: 002_seed_data.sql

      at log (src/db.js:1312:42)

  console.log
    [DB] Migration applied: 003_voice_sessions.sql

      at log (src/db.js:1312:42)

  console.log
    [DB] Migration applied: 004_canonical_persistence_v2.sql

      at log (src/db.js:1312:42)

  console.log
    [DB] Migration applied: 005_canonical_organization_authority.sql

      at log (src/db.js:1312:42)

  console.log
    [DB] Migration applied: 006_canonical_voice_sessions.sql

      at log (src/db.js:1312:42)

  console.log
    [DB] Migration applied: 007_canonical_tax_authority.sql

      at log (src/db.js:1312:42)

  console.log
    [DB] Migration applied: 008_canonical_demo_authority.sql

      at log (src/db.js:1312:42)

  console.log
    [DB] Migration applied: 009_canonical_voice_provider_identity.sql

      at log (src/db.js:1312:42)

  console.log
    [DB] Migration applied: 010_account_session_authority.sql

      at log (src/db.js:1312:42)

  console.log
    [DB] Migration applied: 011_oauth_authorization_states.sql

      at log (src/db.js:1312:42)

  console.log
    [DB] Migration applied: 012_account_verification_trial.sql

      at log (src/db.js:1312:42)

  console.log
    [DB] Migration applied: 015_workforce_authority.sql

      at log (src/db.js:1312:42)

  console.log
    [DB] Migration applied: 016_tenant_asset_catalogue.sql

      at log (src/db.js:1312:42)

  console.log
    [DB] Migration applied: 017_retell_webhook_replay_authority.sql

      at log (src/db.js:1312:42)

  console.log
    [DB] Migration applied: 018_canonical_map_preferences.sql

      at log (src/db.js:1312:42)

  console.log
    [DB] Migration applied: 019_account_email_outbox.sql

      at log (src/db.js:1312:42)

  console.log
    [DB] Migration applied: 020_canonical_workforce_access_roles.sql

      at log (src/db.js:1312:42)

  console.log
    [DB] Migration applied: 021_bounded_api_observability.sql

      at log (src/db.js:1312:42)

  console.log
    [DB] Migration applied: 022_demo_command_center_sessions.sql

      at log (src/db.js:1312:42)

  console.log
    [DB] Migration applied: 023_homepage_demo_admission.sql

      at log (src/db.js:1312:42)

  console.log
    [DB] Migration applied: 024_homepage_verified_purge_receipt.sql

      at log (src/db.js:1312:42)

  console.log
    [DB] Migration applied: 025_provider_agnostic_knowledge_registry.sql

      at log (src/db.js:1312:42)

  console.log
    [DB] Migration applied: 026_canonical_knowledge_review_publication.sql

      at log (src/db.js:1312:42)

  console.log
    [DB] Migration applied: 027_canonical_knowledge_audit_graph_authority.sql

      at log (src/db.js:1312:42)

  console.log
    [DB] Migration applied: 028_canonical_knowledge_immutable_lifecycle.sql

      at log (src/db.js:1312:42)

  console.log
    [DB] Migration applied: 029_canonical_knowledge_transactional_sync.sql

      at log (src/db.js:1312:42)

  console.log
    [DB] Migration applied: 030_canonical_knowledge_sync_revocation.sql

      at log (src/db.js:1312:42)

  console.log
    [DB] Migration applied: 031_canonical_knowledge_sync_recovery_lifecycle.sql

      at log (src/db.js:1312:42)

  console.log
    [DB] Migration applied: 032_canonical_schedule_assignment_authority.sql

      at log (src/db.js:1312:42)

  console.log
    [DB] Migration applied: 033_canonical_schedule_time_evidence.sql

      at log (src/db.js:1312:42)

  console.log
    [DB] Migration applied: 034_schedule_availability_conflict_authority.sql

      at log (src/db.js:1312:42)

  console.log
    [DB] Migration applied: 035_schedule_human_preview_approval.sql

      at log (src/db.js:1312:42)

  console.info
    {
      component: 'http',
      event: 'request_completed',
      requestId: 'ec4761fe-9925-45f8-b72a-f2023d8c1dbf',
      methodClass: 'POST',
      durationMs: 30,
      statusCode: 201
    }

      at write (src/observability/safeLogger.js:178:17)

  console.info
    {
      component: 'http',
      event: 'request_completed',
      requestId: '4ece5430-c803-4053-9545-3fe38d04d24d',
      methodClass: 'POST',
      durationMs: 54,
      statusCode: 201
    }

      at write (src/observability/safeLogger.js:178:17)

  console.info
    {
      component: 'http',
      event: 'request_completed',
      requestId: 'eadcff88-879d-409d-9af4-fb3f874b79e2',
      methodClass: 'POST',
      durationMs: 11,
      statusCode: 201
    }

      at write (src/observability/safeLogger.js:178:17)

  console.info
    {
      component: 'http',
      event: 'request_completed',
      requestId: 'd3e487ba-be1b-4f36-ac44-b9aa666af361',
      methodClass: 'POST',
      durationMs: 2,
      statusCode: 403
    }

      at write (src/observability/safeLogger.js:178:17)

  console.info
    {
      component: 'http',
      event: 'request_completed',
      requestId: '7b5feb34-17d7-4c2c-82c6-ad50c03f90b6',
      methodClass: 'POST',
      durationMs: 3,
      statusCode: 403
    }

      at write (src/observability/safeLogger.js:178:17)

  console.info
    {
      component: 'http',
      event: 'request_completed',
      requestId: '953de68b-e87e-4692-a690-0515c1cf094e',
      methodClass: 'POST',
      durationMs: 0,
      statusCode: 401
    }

      at write (src/observability/safeLogger.js:178:17)

  console.info
    {
      component: 'http',
      event: 'request_completed',
      requestId: '7363c525-bf40-4df5-9c26-8a40691a810e',
      methodClass: 'POST',
      durationMs: 0,
      statusCode: 401
    }

      at write (src/observability/safeLogger.js:178:17)

  console.warn
    [Auth] Session lookup warning: {
      requestId: 'a018de10-ff18-445d-b32d-0bab24184987',
      event: 'authorization_persistence_unavailable'
    }

      112 |     return true;
      113 |   } catch (_error) {
    > 114 |     console.warn('[Auth] Session lookup warning:', {
          |             ^
      115 |       requestId: requestId(req),
      116 |       event: 'authorization_persistence_unavailable',
      117 |     });

      at warn (src/auth/middleware.js:114:13)
      at requireSession (src/auth/middleware.js:130:22)

  console.info
    {
      component: 'http',
      event: 'request_completed',
      requestId: 'a018de10-ff18-445d-b32d-0bab24184987',
      methodClass: 'POST',
      durationMs: 3,
      statusCode: 503
    }

      at write (src/observability/safeLogger.js:178:17)

  console.log
    [Simulations] Canonical graph committed: {"operationId":"628c3a15-59cd-439e-8463-7082a46c49a0","service":"fence","replayed":false}

      at log (src/routes/simulations.js:131:11)

  console.info
    {
      component: 'http',
      event: 'request_completed',
      requestId: 'd7dd1a23-b536-47b9-b4db-04e383a57c2d',
      methodClass: 'POST',
      durationMs: 21,
      statusCode: 201
    }

      at write (src/observability/safeLogger.js:178:17)

  console.log
    [Simulations] Canonical graph committed: {"operationId":"d1ea2cd1-e32e-44d8-9285-df51b6410594","service":"fence","replayed":false}

      at log (src/routes/simulations.js:131:11)

  console.info
    {
      component: 'http',
      event: 'request_completed',
      requestId: '6f956e5f-583e-4a9b-92d0-5aa0dba6c93d',
      methodClass: 'POST',
      durationMs: 17,
      statusCode: 201
    }

      at write (src/observability/safeLogger.js:178:17)

  console.info
    {
      component: 'http',
      event: 'request_completed',
      requestId: '9524ec81-6042-4dfd-b4ee-5a2a54113266',
      methodClass: 'POST',
      durationMs: 2,
      statusCode: 403
    }

      at write (src/observability/safeLogger.js:178:17)

  console.info
    {
      component: 'http',
      event: 'request_completed',
      requestId: 'b821daab-3312-4ef2-85b8-809108e2fe38',
      methodClass: 'PATCH',
      durationMs: 3,
      statusCode: 403
    }

      at write (src/observability/safeLogger.js:178:17)

  console.info
    {
      component: 'http',
      event: 'request_completed',
      requestId: '7b17dda3-3224-4295-b883-7b8995488f7a',
      methodClass: 'PATCH',
      durationMs: 4,
      statusCode: 428
    }

      at write (src/observability/safeLogger.js:178:17)

  console.info
    {
      component: 'http',
      event: 'request_completed',
      requestId: '9ccb9abd-6cbf-40ff-8a24-00b8bb507cc9',
      methodClass: 'PATCH',
      durationMs: 2,
      statusCode: 428
    }

      at write (src/observability/safeLogger.js:178:17)

  console.info
    {
      component: 'http',
      event: 'request_completed',
      requestId: 'f265553a-12b8-41fc-896a-58fadc83c209',
      methodClass: 'PATCH',
      durationMs: 2,
      statusCode: 428
    }

      at write (src/observability/safeLogger.js:178:17)

  console.info
    {
      component: 'http',
      event: 'request_completed',
      requestId: 'a519d914-6afd-4e12-a9ad-098e84f7229c',
      methodClass: 'PATCH',
      durationMs: 4,
      statusCode: 428
    }

      at write (src/observability/safeLogger.js:178:17)

  console.info
    {
      component: 'http',
      event: 'request_completed',
      requestId: 'f9cad67c-d2f9-4173-aff9-cb97d38d9ee2',
      methodClass: 'PATCH',
      durationMs: 2,
      statusCode: 428
    }

      at write (src/observability/safeLogger.js:178:17)

  console.info
    {
      component: 'http',
      event: 'request_completed',
      requestId: '6d83d63a-fe98-4868-bb91-0bea7a0c76c4',
      methodClass: 'PATCH',
      durationMs: 2,
      statusCode: 428
    }

      at write (src/observability/safeLogger.js:178:17)

  console.info
    {
      component: 'http',
      event: 'request_completed',
      requestId: '2797f048-7566-476f-9326-76b8dfe52763',
      methodClass: 'PATCH',
      durationMs: 2,
      statusCode: 428
    }

      at write (src/observability/safeLogger.js:178:17)

  console.info
    {
      component: 'http',
      event: 'request_completed',
      requestId: '42d7bca0-3bf9-4d8f-ab9c-0f47067eaa28',
      methodClass: 'PATCH',
      durationMs: 2,
      statusCode: 428
    }

      at write (src/observability/safeLogger.js:178:17)

  console.info
    {
      component: 'http',
      event: 'request_completed',
      requestId: 'a70411b6-4057-4997-81d0-faec94d19bb3',
      methodClass: 'PATCH',
      durationMs: 2,
      statusCode: 428
    }

      at write (src/observability/safeLogger.js:178:17)

  console.info
    { component: 'voice', event: 'webhook_event_received', routed: true }

      at write (src/observability/safeLogger.js:178:17)

  console.info
    {
      component: 'voice',
      event: 'webhook_event_completed',
      durationMs: 23
    }

      at write (src/observability/safeLogger.js:178:17)

  console.info
    {
      component: 'http',
      event: 'request_completed',
      requestId: '5ea1094c-c695-4dc5-804b-1238ed2d3f4d',
      methodClass: 'POST',
      durationMs: 24,
      statusCode: 201
    }

      at write (src/observability/safeLogger.js:178:17)

  console.info
    { component: 'voice', event: 'webhook_event_received', routed: true }

      at write (src/observability/safeLogger.js:178:17)

  console.info
    { component: 'voice', event: 'webhook_event_completed', durationMs: 7 }

      at write (src/observability/safeLogger.js:178:17)

  console.info
    {
      component: 'http',
      event: 'request_completed',
      requestId: 'ef3d325e-0c79-423b-b5e3-158358222317',
      methodClass: 'POST',
      durationMs: 7,
      statusCode: 201
    }

      at write (src/observability/safeLogger.js:178:17)

  console.info
    { component: 'voice', event: 'webhook_event_received', routed: true }

      at write (src/observability/safeLogger.js:178:17)

  console.info
    {
      component: 'http',
      event: 'request_completed',
      requestId: '569089c6-4cea-419b-b9af-84aa83a0b109',
      methodClass: 'POST',
      durationMs: 4,
      statusCode: 404
    }

      at write (src/observability/safeLogger.js:178:17)

  console.info
    { component: 'voice', event: 'webhook_event_received', routed: true }

      at write (src/observability/safeLogger.js:178:17)

  console.info
    {
      component: 'voice',
      event: 'webhook_event_completed',
      durationMs: 15
    }

      at write (src/observability/safeLogger.js:178:17)

  console.info
    {
      component: 'http',
      event: 'request_completed',
      requestId: 'aabe0b58-e30b-4dec-a37c-989491b42047',
      methodClass: 'POST',
      durationMs: 16,
      statusCode: 201
    }

      at write (src/observability/safeLogger.js:178:17)

  console.info
    {
      component: 'http',
      event: 'request_completed',
      requestId: '01aa9bb6-d341-4c63-8b73-02b9ad3c2591',
      methodClass: 'POST',
      durationMs: 3,
      statusCode: 422
    }

      at write (src/observability/safeLogger.js:178:17)

  console.info
    {
      component: 'http',
      event: 'request_completed',
      requestId: '6322689d-5000-4375-818d-22a60e29ea93',
      methodClass: 'POST',
      durationMs: 2,
      statusCode: 422
    }

      at write (src/observability/safeLogger.js:178:17)

  console.info
    {
      component: 'http',
      event: 'request_completed',
      requestId: '16984b98-de04-4e59-8e62-f159e42c9c9d',
      methodClass: 'POST',
      durationMs: 2,
      statusCode: 422
    }

      at write (src/observability/safeLogger.js:178:17)

  console.info
    {
      component: 'http',
      event: 'request_completed',
      requestId: '4b6b8697-4a1b-45ea-a677-52f6e126e797',
      methodClass: 'POST',
      durationMs: 2,
      statusCode: 422
    }

      at write (src/observability/safeLogger.js:178:17)

  console.log
    [Simulations] Canonical graph committed: {"operationId":"85a08e9d-02b8-48fe-9fc8-2c49c06e84c0","service":"fence","replayed":false}

      at log (src/routes/simulations.js:131:11)

  console.info
    {
      component: 'http',
      event: 'request_completed',
      requestId: 'dfb09c7b-e421-4441-8ba1-b4cb24582d04',
      methodClass: 'POST',
      durationMs: 15,
      statusCode: 201
    }

      at write (src/observability/safeLogger.js:178:17)

  console.log
    [Simulations] Canonical graph committed: {"operationId":"d0e5de33-d287-40d1-b39f-6b2ad3e563cf","service":"plumbing","replayed":false}

      at log (src/routes/simulations.js:131:11)

  console.info
    {
      component: 'http',
      event: 'request_completed',
      requestId: 'e87e235a-bd4e-480b-9868-6b29df378c7a',
      methodClass: 'POST',
      durationMs: 14,
      statusCode: 201
    }

      at write (src/observability/safeLogger.js:178:17)

  console.info
    {
      component: 'retell',
      event: 'create_call_prepared',
      variableCount: 20
    }

      at write (src/observability/safeLogger.js:178:17)

  console.info
    {
      component: 'retell',
      event: 'request_started',
      methodClass: 'POST',
      attempt: 1
    }

      at write (src/observability/safeLogger.js:178:17)

  console.info
    {
      component: 'retell',
      event: 'response_received',
      attempt: 1,
      statusCode: 200
    }

      at write (src/observability/safeLogger.js:178:17)

  console.info
    {
      component: 'retell',
      event: 'create_call_succeeded',
      attempt: 1,
      maxAttempts: 3
    }

      at write (src/observability/safeLogger.js:178:17)

  console.info
    {
      component: 'http',
      event: 'request_completed',
      requestId: '899a3d6e-92c1-46fe-bf30-254410b6616d',
      methodClass: 'POST',
      durationMs: 17,
      statusCode: 200
    }

      at write (src/observability/safeLogger.js:178:17)

  console.info
    {
      component: 'retell',
      event: 'create_call_prepared',
      variableCount: 20
    }

      at write (src/observability/safeLogger.js:178:17)

  console.info
    {
      component: 'retell',
      event: 'request_started',
      methodClass: 'POST',
      attempt: 1
    }

      at write (src/observability/safeLogger.js:178:17)

  console.info
    {
      component: 'retell',
      event: 'response_received',
      attempt: 1,
      statusCode: 200
    }

      at write (src/observability/safeLogger.js:178:17)

  console.info
    {
      component: 'retell',
      event: 'create_call_succeeded',
      attempt: 1,
      maxAttempts: 3
    }

      at write (src/observability/safeLogger.js:178:17)

  console.info
    {
      component: 'http',
      event: 'request_completed',
      requestId: 'd8032143-77b9-46f5-9e9f-9f0176bccb95',
      methodClass: 'POST',
      durationMs: 13,
      statusCode: 200
    }

      at write (src/observability/safeLogger.js:178:17)

  console.info
    {
      component: 'http',
      event: 'request_completed',
      requestId: '5d73714e-0b97-431e-9d11-3e88ff721cd5',
      methodClass: 'POST',
      durationMs: 2,
      statusCode: 403
    }

      at write (src/observability/safeLogger.js:178:17)

  console.error
    {
      component: 'retell',
      event: 'create_call_failed',
      requestId: 'f0c8673f-6101-4759-a618-0e200c913703',
      statusCode: 502
    }

      176 |     ...safeFields(fields),
      177 |   };
    > 178 |   console[level](record);
          |                 ^
      179 |   return record;
      180 | }
      181 |

      at write (src/observability/safeLogger.js:178:17)
      at Object.write (src/observability/safeLogger.js:191:10)
      at error (src/routes/api.js:417:16)

  console.info
    {
      component: 'http',
      event: 'request_completed',
      requestId: 'f0c8673f-6101-4759-a618-0e200c913703',
      methodClass: 'POST',
      durationMs: 7,
      statusCode: 502
    }

      at write (src/observability/safeLogger.js:178:17)

  console.info
    {
      component: 'http',
      event: 'request_completed',
      requestId: 'aaf66a50-2b2f-4caa-b887-004c80580a25',
      methodClass: 'POST',
      durationMs: 1,
      statusCode: 410
    }

      at write (src/observability/safeLogger.js:178:17)

  console.info
    {
      component: 'http',
      event: 'request_completed',
      requestId: 'b3504945-c0d9-48d0-b9f1-f760639f9efc',
      methodClass: 'POST',
      durationMs: 1,
      statusCode: 410
    }

      at write (src/observability/safeLogger.js:178:17)

  console.info
    {
      component: 'http',
      event: 'request_completed',
      requestId: '9fd43005-4573-47eb-a9e5-32b31087c1e8',
      methodClass: 'POST',
      durationMs: 0,
      statusCode: 410
    }

      at write (src/observability/safeLogger.js:178:17)

  console.info
    {
      component: 'http',
      event: 'request_completed',
      requestId: 'e263ae94-3a7f-4025-a0ec-b6df2c64c168',
      methodClass: 'GET',
      durationMs: 2,
      statusCode: 404
    }

      at write (src/observability/safeLogger.js:178:17)

  console.info
    {
      component: 'http',
      event: 'request_completed',
      requestId: '0f2b79f5-bf62-41da-9a94-30b85dbfa27c',
      methodClass: 'GET',
      durationMs: 1,
      statusCode: 404
    }

      at write (src/observability/safeLogger.js:178:17)

  console.info
    {
      component: 'http',
      event: 'request_completed',
      requestId: '60130ccc-1796-4d3c-924c-88efa5f4677b',
      methodClass: 'GET',
      durationMs: 1,
      statusCode: 404
    }

      at write (src/observability/safeLogger.js:178:17)

  console.info
    {
      component: 'http',
      event: 'request_completed',
      requestId: '1dd22afb-7cbd-4256-bf72-33869ab82b90',
      methodClass: 'GET',
      durationMs: 0,
      statusCode: 404
    }

      at write (src/observability/safeLogger.js:178:17)

  console.info
    {
      component: 'http',
      event: 'request_completed',
      requestId: 'c97707ef-68fa-48e2-a312-e5fde88078c9',
      methodClass: 'GET',
      durationMs: 4,
      statusCode: 200
    }

      at write (src/observability/safeLogger.js:178:17)

  console.info
    {
      component: 'http',
      event: 'request_completed',
      requestId: 'f5ea5e3a-6bb1-444a-bf51-c6ca5c9d6964',
      methodClass: 'GET',
      durationMs: 4,
      statusCode: 200
    }

      at write (src/observability/safeLogger.js:178:17)

  console.info
    {
      component: 'http',
      event: 'request_completed',
      requestId: '97e65a3a-d9f2-495a-bd02-8edb97e0b94f',
      methodClass: 'GET',
      durationMs: 3,
      statusCode: 200
    }

      at write (src/observability/safeLogger.js:178:17)

  console.info
    {
      component: 'http',
      event: 'request_completed',
      requestId: 'a483bc7a-a1a3-498f-9c8d-7d2c17b12b0f',
      methodClass: 'GET',
      durationMs: 3,
      statusCode: 200
    }

      at write (src/observability/safeLogger.js:178:17)

  console.info
    {
      component: 'http',
      event: 'request_completed',
      requestId: 'fe1b17d9-0301-4af0-96c1-4dd187db62e2',
      methodClass: 'GET',
      durationMs: 5,
      statusCode: 200
    }

      at write (src/observability/safeLogger.js:178:17)

  console.info
    {
      component: 'http',
      event: 'request_completed',
      requestId: 'f4bed5a4-4897-465a-af40-27987ad2c5d4',
      methodClass: 'GET',
      durationMs: 2,
      statusCode: 200
    }

      at write (src/observability/safeLogger.js:178:17)

  console.info
    {
      component: 'http',
      event: 'request_completed',
      requestId: '8690964f-2ab9-4ff5-b70a-ac3e0a516ae0',
      methodClass: 'GET',
      durationMs: 3,
      statusCode: 200
    }

      at write (src/observability/safeLogger.js:178:17)

  console.info
    {
      component: 'http',
      event: 'request_completed',
      requestId: '0031f1bf-5c9d-41e2-8645-df12dbfdc2e4',
      methodClass: 'GET',
      durationMs: 3,
      statusCode: 200
    }

      at write (src/observability/safeLogger.js:178:17)

  console.info
    {
      component: 'http',
      event: 'request_completed',
      requestId: 'f6ec6325-5db5-4361-b7f0-674ba75e266a',
      methodClass: 'GET',
      durationMs: 3,
      statusCode: 200
    }

      at write (src/observability/safeLogger.js:178:17)

  console.info
    {
      component: 'http',
      event: 'request_completed',
      requestId: '945f524e-acbc-4f87-a9c5-ef78d515b2a5',
      methodClass: 'GET',
      durationMs: 3,
      statusCode: 404
    }

      at write (src/observability/safeLogger.js:178:17)

  console.info
    {
      component: 'http',
      event: 'request_completed',
      requestId: '15b1eac9-975b-4beb-8253-c32ac2fe4fe3',
      methodClass: 'POST',
      durationMs: 3,
      statusCode: 403
    }

      at write (src/observability/safeLogger.js:178:17)

  console.info
    {
      component: 'http',
      event: 'request_completed',
      requestId: 'fa8798ee-044b-4100-92e5-102b2e194174',
      methodClass: 'POST',
      durationMs: 3,
      statusCode: 403
    }

      at write (src/observability/safeLogger.js:178:17)

  console.info
    {
      component: 'http',
      event: 'request_completed',
      requestId: 'f23cddcb-a239-40a2-8d0c-1dc020afafb4',
      methodClass: 'POST',
      durationMs: 6,
      statusCode: 200
    }

      at write (src/observability/safeLogger.js:178:17)

  console.info
    {
      component: 'http',
      event: 'request_completed',
      requestId: 'fde4ca85-1a33-45f1-b1bc-64218dc19cf9',
      methodClass: 'POST',
      durationMs: 4,
      statusCode: 200
    }

      at write (src/observability/safeLogger.js:178:17)

  console.info
    {
      component: 'http',
      event: 'request_completed',
      requestId: 'd6b82358-d3b2-4871-8e01-7f09b9c40f26',
      methodClass: 'POST',
      durationMs: 2,
      statusCode: 503
    }

      at write (src/observability/safeLogger.js:178:17)

  console.info
    {
      component: 'http',
      event: 'request_completed',
      requestId: 'ef58fdd5-b885-449f-b453-5699f84b93c5',
      methodClass: 'GET',
      durationMs: 23,
      statusCode: 200
    }

      at write (src/observability/safeLogger.js:178:17)

  console.info
    {
      component: 'http',
      event: 'request_completed',
      requestId: '1c0d9d84-2fbe-4f1b-a3e3-2547b1a1fade',
      methodClass: 'POST',
      durationMs: 12,
      statusCode: 201
    }

      at write (src/observability/safeLogger.js:178:17)

  console.info
    {
      component: 'http',
      event: 'request_completed',
      requestId: '6b89d066-fe02-47e9-b588-fe0feac45daf',
      methodClass: 'GET',
      durationMs: 20,
      statusCode: 200
    }

      at write (src/observability/safeLogger.js:178:17)

  console.info
    {
      component: 'http',
      event: 'request_completed',
      requestId: 'f7a838eb-1f6d-43d7-8b0d-a5302a407441',
      methodClass: 'POST',
      durationMs: 9,
      statusCode: 201
    }

      at write (src/observability/safeLogger.js:178:17)

  console.info
    {
      component: 'http',
      event: 'request_completed',
      requestId: 'da97386b-0cf4-4dc8-9d2d-4f4e6ce1efe7',
      methodClass: 'GET',
      durationMs: 19,
      statusCode: 200
    }

      at write (src/observability/safeLogger.js:178:17)

  console.info
    {
      component: 'http',
      event: 'request_completed',
      requestId: '088a5a41-91ee-46e7-a639-0abfa54f5634',
      methodClass: 'GET',
      durationMs: 17,
      statusCode: 200
    }

      at write (src/observability/safeLogger.js:178:17)

  console.info
    {
      component: 'http',
      event: 'request_completed',
      requestId: 'b4f6fb2c-d5ad-4d09-8d60-3bfb7a3100e1',
      methodClass: 'GET',
      durationMs: 6,
      statusCode: 503
    }

      at write (src/observability/safeLogger.js:178:17)

  console.info
    {
      component: 'http',
      event: 'request_completed',
      requestId: '7bf75ea5-be89-49d8-82f4-0499827040f7',
      methodClass: 'GET',
      durationMs: 0,
      statusCode: 410
    }

      at write (src/observability/safeLogger.js:178:17)

  console.info
    {
      component: 'http',
      event: 'request_completed',
      requestId: '41d74ca9-7895-486f-8b00-8f332e0549ad',
      methodClass: 'POST',
      durationMs: 2,
      statusCode: 410
    }

      at write (src/observability/safeLogger.js:178:17)

  console.info
    {
      component: 'http',
      event: 'request_completed',
      requestId: '8f83fb16-9e83-4211-b39e-0b6d625c3515',
      methodClass: 'GET',
      durationMs: 3,
      statusCode: 200
    }

      at write (src/observability/safeLogger.js:178:17)

  console.info
    {
      component: 'http',
      event: 'request_completed',
      requestId: '0ec99574-1eed-4ff7-9578-41c43a6f8260',
      methodClass: 'GET',
      durationMs: 2,
      statusCode: 410
    }

      at write (src/observability/safeLogger.js:178:17)

  console.info
    {
      component: 'http',
      event: 'request_completed',
      requestId: '5d31bdbc-b9ab-4b09-8321-0a88a1cbf0cc',
      methodClass: 'POST',
      durationMs: 2,
      statusCode: 410
    }

      at write (src/observability/safeLogger.js:178:17)

  console.info
    {
      component: 'http',
      event: 'request_completed',
      requestId: '4a01bde5-3e4d-4cdf-98b4-f2f18eb2b027',
      methodClass: 'PUT',
      durationMs: 2,
      statusCode: 410
    }

      at write (src/observability/safeLogger.js:178:17)

  console.info
    {
      component: 'http',
      event: 'request_completed',
      requestId: 'eb5bb1b3-3c14-4d26-915b-edb582a12a22',
      methodClass: 'PATCH',
      durationMs: 3,
      statusCode: 410
    }

      at write (src/observability/safeLogger.js:178:17)

  console.info
    {
      component: 'http',
      event: 'request_completed',
      requestId: '88feaa35-7b4c-4bc7-81c0-ead8981ce29f',
      methodClass: 'DELETE',
      durationMs: 2,
      statusCode: 410
    }

      at write (src/observability/safeLogger.js:178:17)

  console.log
    [Simulations] Canonical graph committed: {"operationId":"97cd3cb5-a43f-4933-b575-e47220c2a66f","service":"fence","replayed":false}

      at log (src/routes/simulations.js:131:11)

  console.info
    {
      component: 'http',
      event: 'request_completed',
      requestId: '45c2ccd5-4d0f-4d61-ae69-5551f515c8b5',
      methodClass: 'POST',
      durationMs: 12,
      statusCode: 201
    }

      at write (src/observability/safeLogger.js:178:17)

  console.info
    {
      component: 'http',
      event: 'request_completed',
      requestId: '5844abbb-c064-4f27-8dd7-6d65ec13179b',
      methodClass: 'GET',
      durationMs: 3,
      statusCode: 200
    }

      at write (src/observability/safeLogger.js:178:17)

  console.info
    {
      component: 'http',
      event: 'request_completed',
      requestId: 'd7a0c9ae-9182-4b64-8904-88930ad226b5',
      methodClass: 'GET',
      durationMs: 3,
      statusCode: 200
    }

      at write (src/observability/safeLogger.js:178:17)

  console.info
    {
      component: 'http',
      event: 'request_completed',
      requestId: '368e08f9-011d-467c-a8eb-e698038f4ba9',
      methodClass: 'PUT',
      durationMs: 4,
      statusCode: 403
    }

      at write (src/observability/safeLogger.js:178:17)

  console.log
    [Simulations] Canonical graph committed: {"operationId":"959b2378-32ce-42ff-a514-f072821dc165","service":"fence","replayed":false}

      at log (src/routes/simulations.js:131:11)

  console.info
    {
      component: 'http',
      event: 'request_completed',
      requestId: '384935f0-528e-45e6-ae8f-93d11e73a62e',
      methodClass: 'POST',
      durationMs: 15,
      statusCode: 201
    }

      at write (src/observability/safeLogger.js:178:17)

  console.log
    [Simulations] Canonical graph committed: {"operationId":"959b2378-32ce-42ff-a514-f072821dc165","service":"fence","replayed":true}

      at log (src/routes/simulations.js:131:11)

  console.info
    {
      component: 'http',
      event: 'request_completed',
      requestId: '3a5f8f2d-6e42-412b-a4bb-5e13fb05de35',
      methodClass: 'POST',
      durationMs: 5,
      statusCode: 201
    }

      at write (src/observability/safeLogger.js:178:17)

  console.log
    [Simulations] Canonical graph committed: {"operationId":"959b2378-32ce-42ff-a514-f072821dc165","service":"fence","replayed":true}

      at log (src/routes/simulations.js:131:11)

  console.info
    {
      component: 'http',
      event: 'request_completed',
      requestId: '39145c44-11d5-4ab0-a54f-ea66f86c5568',
      methodClass: 'POST',
      durationMs: 6,
      statusCode: 201
    }

      at write (src/observability/safeLogger.js:178:17)

  console.info
    {
      component: 'http',
      event: 'request_completed',
      requestId: '39dd157b-4ad4-4201-8d5b-4c95e079c4ab',
      methodClass: 'POST',
      durationMs: 4,
      statusCode: 409
    }

      at write (src/observability/safeLogger.js:178:17)

  console.log
    [DB] Migration applied: 001_initial_schema.sql

      at log (src/db.js:1312:42)

  console.log
    [DB] Migration applied: 002_seed_data.sql

      at log (src/db.js:1312:42)

  console.log
    [DB] Migration applied: 003_voice_sessions.sql

      at log (src/db.js:1312:42)

  console.log
    [DB] Migration applied: 004_canonical_persistence_v2.sql

      at log (src/db.js:1312:42)

  console.log
    [DB] Migration applied: 005_canonical_organization_authority.sql

      at log (src/db.js:1312:42)

  console.log
    [DB] Migration applied: 006_canonical_voice_sessions.sql

      at log (src/db.js:1312:42)

  console.log
    [DB] Migration applied: 007_canonical_tax_authority.sql

      at log (src/db.js:1312:42)

  console.log
    [DB] Migration applied: 008_canonical_demo_authority.sql

      at log (src/db.js:1312:42)

  console.log
    [DB] Migration applied: 009_canonical_voice_provider_identity.sql

      at log (src/db.js:1312:42)

  console.log
    [DB] Migration applied: 010_account_session_authority.sql

      at log (src/db.js:1312:42)

  console.log
    [DB] Migration applied: 011_oauth_authorization_states.sql

      at log (src/db.js:1312:42)

  console.log
    [DB] Migration applied: 012_account_verification_trial.sql

      at log (src/db.js:1312:42)

  console.log
    [DB] Migration applied: 015_workforce_authority.sql

      at log (src/db.js:1312:42)

  console.log
    [DB] Migration applied: 016_tenant_asset_catalogue.sql

      at log (src/db.js:1312:42)

  console.log
    [DB] Migration applied: 017_retell_webhook_replay_authority.sql

      at log (src/db.js:1312:42)

  console.log
    [DB] Migration applied: 018_canonical_map_preferences.sql

      at log (src/db.js:1312:42)

  console.log
    [DB] Migration applied: 019_account_email_outbox.sql

      at log (src/db.js:1312:42)

  console.log
    [DB] Migration applied: 020_canonical_workforce_access_roles.sql

      at log (src/db.js:1312:42)

  console.log
    [DB] Migration applied: 021_bounded_api_observability.sql

      at log (src/db.js:1312:42)

  console.log
    [DB] Migration applied: 022_demo_command_center_sessions.sql

      at log (src/db.js:1312:42)

  console.log
    [DB] Migration applied: 023_homepage_demo_admission.sql

      at log (src/db.js:1312:42)

  console.log
    [DB] Migration applied: 024_homepage_verified_purge_receipt.sql

      at log (src/db.js:1312:42)

  console.log
    [DB] Migration applied: 025_provider_agnostic_knowledge_registry.sql

      at log (src/db.js:1312:42)

  console.log
    [DB] Migration applied: 026_canonical_knowledge_review_publication.sql

      at log (src/db.js:1312:42)

  console.log
    [DB] Migration applied: 027_canonical_knowledge_audit_graph_authority.sql

      at log (src/db.js:1312:42)

  console.log
    [DB] Migration applied: 028_canonical_knowledge_immutable_lifecycle.sql

      at log (src/db.js:1312:42)

  console.log
    [DB] Migration applied: 029_canonical_knowledge_transactional_sync.sql

      at log (src/db.js:1312:42)

  console.log
    [DB] Migration applied: 030_canonical_knowledge_sync_revocation.sql

      at log (src/db.js:1312:42)

  console.log
    [DB] Migration applied: 031_canonical_knowledge_sync_recovery_lifecycle.sql

      at log (src/db.js:1312:42)

  console.log
    [DB] Migration applied: 032_canonical_schedule_assignment_authority.sql

      at log (src/db.js:1312:42)

  console.log
    [DB] Migration applied: 033_canonical_schedule_time_evidence.sql

      at log (src/db.js:1312:42)

  console.log
    [DB] Migration applied: 034_schedule_availability_conflict_authority.sql

      at log (src/db.js:1312:42)

  console.log
    [DB] Migration applied: 035_schedule_human_preview_approval.sql

      at log (src/db.js:1312:42)

  console.info
    {
      component: 'http',
      event: 'request_completed',
      requestId: '21cb0004-0dfb-4005-9d78-9d7bd249252b',
      methodClass: 'GET',
      durationMs: 13,
      statusCode: 200
    }

      at write (src/observability/safeLogger.js:178:17)

  console.info
    {
      component: 'http',
      event: 'request_completed',
      requestId: 'bacb7930-6403-450b-bad1-8a4f0de1730d',
      methodClass: 'POST',
      durationMs: 1,
      statusCode: 403
    }

      at write (src/observability/safeLogger.js:178:17)

  console.info
    {
      component: 'http',
      event: 'request_completed',
      requestId: '74a0af18-c27c-455c-acd4-ce3e7c04ef63',
      methodClass: 'GET',
      durationMs: 6,
      statusCode: 200
    }

      at write (src/observability/safeLogger.js:178:17)

  console.info
    {
      component: 'http',
      event: 'request_completed',
      requestId: '701498a0-93dc-44f3-beb5-f7a753a0026e',
      methodClass: 'POST',
      durationMs: 26,
      statusCode: 201
    }

      at write (src/observability/safeLogger.js:178:17)

  console.info
    {
      component: 'http',
      event: 'request_completed',
      requestId: 'b169cb44-d29b-4623-89ea-58f9cb8ad006',
      methodClass: 'GET',
      durationMs: 11,
      statusCode: 200
    }

      at write (src/observability/safeLogger.js:178:17)

  console.info
    {
      component: 'http',
      event: 'request_completed',
      requestId: '4c0a04ea-9c75-4079-afe8-387a78e90107',
      methodClass: 'GET',
      durationMs: 11,
      statusCode: 200
    }

      at write (src/observability/safeLogger.js:178:17)

  console.info
    {
      component: 'http',
      event: 'request_completed',
      requestId: '4dc538b0-48ed-4619-9b79-762aedfb9a24',
      methodClass: 'GET',
      durationMs: 10,
      statusCode: 200
    }

      at write (src/observability/safeLogger.js:178:17)

  console.info
    {
      component: 'http',
      event: 'request_completed',
      requestId: 'eac0928e-839c-49b2-8b01-25d68f6cdcb2',
      methodClass: 'GET',
      durationMs: 14,
      statusCode: 200
    }

      at write (src/observability/safeLogger.js:178:17)

  console.info
    {
      component: 'http',
      event: 'request_completed',
      requestId: 'da8ce561-9cda-41a0-a9f9-f12f38839845',
      methodClass: 'POST',
      durationMs: 26,
      statusCode: 200
    }

      at write (src/observability/safeLogger.js:178:17)

  console.info
    {
      component: 'http',
      event: 'request_completed',
      requestId: '8289c00b-2cc8-4da9-a91b-3f6c8377e09d',
      methodClass: 'POST',
      durationMs: 4,
      statusCode: 409
    }

      at write (src/observability/safeLogger.js:178:17)

  console.info
    {
      component: 'http',
      event: 'request_completed',
      requestId: '4d5c9980-7d15-405c-811b-dfc56e757f05',
      methodClass: 'GET',
      durationMs: 6,
      statusCode: 200
    }

      at write (src/observability/safeLogger.js:178:17)

  console.info
    {
      component: 'http',
      event: 'request_completed',
      requestId: '1343f7a0-7496-4bcd-8ff2-fc5b023d097a',
      methodClass: 'GET',
      durationMs: 8,
      statusCode: 200
    }

      at write (src/observability/safeLogger.js:178:17)

  console.info
    {
      component: 'http',
      event: 'request_completed',
      requestId: 'c5be984c-8595-42c4-a767-e38c71c50649',
      methodClass: 'GET',
      durationMs: 7,
      statusCode: 200
    }

      at write (src/observability/safeLogger.js:178:17)

  console.info
    {
      component: 'http',
      event: 'request_completed',
      requestId: '672ef2c6-01f8-4f06-afe6-0a8559af8294',
      methodClass: 'GET',
      durationMs: 5,
      statusCode: 200
    }

      at write (src/observability/safeLogger.js:178:17)

  console.info
    {
      component: 'http',
      event: 'request_completed',
      requestId: '87aa259f-847e-4623-8550-9e5d8c529bb6',
      methodClass: 'POST',
      durationMs: 12,
      statusCode: 200
    }

      at write (src/observability/safeLogger.js:178:17)

  console.info
    {
      component: 'http',
      event: 'request_completed',
      requestId: '7d045596-6245-470d-ba33-8070a8e7bbf3',
      methodClass: 'POST',
      durationMs: 4,
      statusCode: 409
    }

      at write (src/observability/safeLogger.js:178:17)

  console.info
    {
      component: 'http',
      event: 'request_completed',
      requestId: 'c476d776-57a1-426d-9c5b-f0446fb69c71',
      methodClass: 'GET',
      durationMs: 6,
      statusCode: 200
    }

      at write (src/observability/safeLogger.js:178:17)

  console.info
    {
      component: 'http',
      event: 'request_completed',
      requestId: 'b691ac52-69ab-40ef-b730-8862141c59ae',
      methodClass: 'POST',
      durationMs: 21,
      statusCode: 201
    }

      at write (src/observability/safeLogger.js:178:17)

  console.info
    {
      component: 'http',
      event: 'request_completed',
      requestId: '813190b8-43e8-46a5-9760-44cc466305fb',
      methodClass: 'POST',
      durationMs: 13,
      statusCode: 200
    }

      at write (src/observability/safeLogger.js:178:17)

  console.info
    {
      component: 'http',
      event: 'request_completed',
      requestId: '102e628e-c1e9-421d-b291-2a122e889dea',
      methodClass: 'POST',
      durationMs: 4,
      statusCode: 409
    }

      at write (src/observability/safeLogger.js:178:17)

  console.info
    {
      component: 'http',
      event: 'request_completed',
      requestId: 'e955251e-3ac7-43de-a29a-c20506d4e7aa',
      methodClass: 'GET',
      durationMs: 4,
      statusCode: 200
    }

      at write (src/observability/safeLogger.js:178:17)

  console.info
    {
      component: 'http',
      event: 'request_completed',
      requestId: '09cbcc65-2f45-4289-983b-6cf9f10eefe4',
      methodClass: 'POST',
      durationMs: 1,
      statusCode: 404
    }

      at write (src/observability/safeLogger.js:178:17)

  console.info
    {
      component: 'http',
      event: 'request_completed',
      requestId: 'de0b69f7-1938-4e22-bbd7-674dc38b8cab',
      methodClass: 'GET',
      durationMs: 3,
      statusCode: 200
    }

      at write (src/observability/safeLogger.js:178:17)

  console.info
    {
      component: 'http',
      event: 'request_completed',
      requestId: '0319a588-1fee-4c2a-9001-3126a486caa8',
      methodClass: 'POST',
      durationMs: 17,
      statusCode: 201
    }

      at write (src/observability/safeLogger.js:178:17)

  console.info
    {
      component: 'http',
      event: 'request_completed',
      requestId: 'bfc3a13a-f91f-45cc-8327-7b352f027c55',
      methodClass: 'GET',
      durationMs: 4,
      statusCode: 200
    }

      at write (src/observability/safeLogger.js:178:17)

  console.info
    {
      component: 'http',
      event: 'request_completed',
      requestId: '9ad2b04b-58a5-4c16-8597-ff2b7f55ddd5',
      methodClass: 'POST',
      durationMs: 0,
      statusCode: 403
    }

      at write (src/observability/safeLogger.js:178:17)

  console.log
    [DB] Migration applied: 001_initial_schema.sql

      at log (src/db.js:1312:42)

  console.log
    [DB] Migration applied: 002_seed_data.sql

      at log (src/db.js:1312:42)

  console.log
    [DB] Migration applied: 003_voice_sessions.sql

      at log (src/db.js:1312:42)

  console.log
    [DB] Migration applied: 004_canonical_persistence_v2.sql

      at log (src/db.js:1312:42)

  console.log
    [DB] Migration applied: 005_canonical_organization_authority.sql

      at log (src/db.js:1312:42)

  console.log
    [DB] Migration applied: 006_canonical_voice_sessions.sql

      at log (src/db.js:1312:42)

  console.log
    [DB] Migration applied: 007_canonical_tax_authority.sql

      at log (src/db.js:1312:42)

  console.log
    [DB] Migration applied: 008_canonical_demo_authority.sql

      at log (src/db.js:1312:42)

  console.log
    [DB] Migration applied: 009_canonical_voice_provider_identity.sql

      at log (src/db.js:1312:42)

  console.log
    [DB] Migration applied: 010_account_session_authority.sql

      at log (src/db.js:1312:42)

  console.log
    [DB] Migration applied: 011_oauth_authorization_states.sql

      at log (src/db.js:1312:42)

  console.log
    [DB] Migration applied: 012_account_verification_trial.sql

      at log (src/db.js:1312:42)

  console.log
    [DB] Migration applied: 015_workforce_authority.sql

      at log (src/db.js:1312:42)

  console.log
    [DB] Migration applied: 016_tenant_asset_catalogue.sql

      at log (src/db.js:1312:42)

  console.log
    [DB] Migration applied: 017_retell_webhook_replay_authority.sql

      at log (src/db.js:1312:42)

  console.log
    [DB] Migration applied: 018_canonical_map_preferences.sql

      at log (src/db.js:1312:42)

  console.log
    [DB] Migration applied: 019_account_email_outbox.sql

      at log (src/db.js:1312:42)

  console.log
    [DB] Migration applied: 020_canonical_workforce_access_roles.sql

      at log (src/db.js:1312:42)

  console.log
    [DB] Migration applied: 021_bounded_api_observability.sql

      at log (src/db.js:1312:42)

  console.log
    [DB] Migration applied: 022_demo_command_center_sessions.sql

      at log (src/db.js:1312:42)

  console.log
    [DB] Migration applied: 023_homepage_demo_admission.sql

      at log (src/db.js:1312:42)

  console.log
    [DB] Migration applied: 024_homepage_verified_purge_receipt.sql

      at log (src/db.js:1312:42)

  console.log
    [DB] Migration applied: 025_provider_agnostic_knowledge_registry.sql

      at log (src/db.js:1312:42)

  console.log
    [DB] Migration applied: 026_canonical_knowledge_review_publication.sql

      at log (src/db.js:1312:42)

  console.log
    [DB] Migration applied: 027_canonical_knowledge_audit_graph_authority.sql

      at log (src/db.js:1312:42)

  console.log
    [DB] Migration applied: 028_canonical_knowledge_immutable_lifecycle.sql

      at log (src/db.js:1312:42)

  console.log
    [DB] Migration applied: 029_canonical_knowledge_transactional_sync.sql

      at log (src/db.js:1312:42)

  console.log
    [DB] Migration applied: 030_canonical_knowledge_sync_revocation.sql

      at log (src/db.js:1312:42)

  console.log
    [DB] Migration applied: 031_canonical_knowledge_sync_recovery_lifecycle.sql

      at log (src/db.js:1312:42)

  console.log
    [DB] Migration applied: 032_canonical_schedule_assignment_authority.sql

      at log (src/db.js:1312:42)

  console.log
    [DB] Migration applied: 033_canonical_schedule_time_evidence.sql

      at log (src/db.js:1312:42)

  console.log
    [DB] Migration applied: 034_schedule_availability_conflict_authority.sql

      at log (src/db.js:1312:42)

  console.log
    [DB] Migration applied: 035_schedule_human_preview_approval.sql

      at log (src/db.js:1312:42)

  console.info
    {
      component: 'http',
      event: 'request_completed',
      requestId: 'd6af3d8d-5280-456d-ad8e-f633ab2f396c',
      methodClass: 'GET',
      durationMs: 8,
      statusCode: 200
    }

      at write (src/observability/safeLogger.js:178:17)

  console.info
    {
      component: 'http',
      event: 'request_completed',
      requestId: '5b0495e1-f419-4112-8f86-eef6aeaa5525',
      methodClass: 'GET',
      durationMs: 6,
      statusCode: 200
    }

      at write (src/observability/safeLogger.js:178:17)

  console.info
    {
      component: 'http',
      event: 'request_completed',
      requestId: 'd3ffee2e-2a49-48dd-b411-a8930a40d433',
      methodClass: 'GET',
      durationMs: 3,
      statusCode: 200
    }

      at write (src/observability/safeLogger.js:178:17)

  console.info
    {
      component: 'http',
      event: 'request_completed',
      requestId: '517d6a2c-49ac-450f-b6a3-e4abc50b538c',
      methodClass: 'GET',
      durationMs: 3,
      statusCode: 200
    }

      at write (src/observability/safeLogger.js:178:17)

  console.info
    {
      component: 'http',
      event: 'request_completed',
      requestId: '687810d0-82b1-4220-a0dc-19cdfc554a29',
      methodClass: 'GET',
      durationMs: 3,
      statusCode: 200
    }

      at write (src/observability/safeLogger.js:178:17)

  console.info
    {
      component: 'http',
      event: 'request_completed',
      requestId: 'd2a0eb0c-f29e-44b7-ae82-992e8229a7aa',
      methodClass: 'PUT',
      durationMs: 3,
      statusCode: 403
    }

      at write (src/observability/safeLogger.js:178:17)

  console.info
    {
      component: 'http',
      event: 'request_completed',
      requestId: 'cf14aeb8-6608-4229-8639-8bc0a9773c4f',
      methodClass: 'PUT',
      durationMs: 33,
      statusCode: 403
    }

      at write (src/observability/safeLogger.js:178:17)

  console.info
    {
      component: 'http',
      event: 'request_completed',
      requestId: 'de9b0607-0a67-4b73-ac75-968f5677f36f',
      methodClass: 'PUT',
      durationMs: 2,
      statusCode: 403
    }

      at write (src/observability/safeLogger.js:178:17)

  console.info
    {
      component: 'http',
      event: 'request_completed',
      requestId: 'f8c78a17-a282-40c8-9362-f77c2eb1ab48',
      methodClass: 'PUT',
      durationMs: 5,
      statusCode: 200
    }

      at write (src/observability/safeLogger.js:178:17)

  console.info
    {
      component: 'http',
      event: 'request_completed',
      requestId: '28cb43d2-3b03-4c5b-9c3f-276a95bfde70',
      methodClass: 'PUT',
      durationMs: 4,
      statusCode: 200
    }

      at write (src/observability/safeLogger.js:178:17)

  console.info
    {
      component: 'http',
      event: 'request_completed',
      requestId: 'c518be18-10bc-410e-abff-4e93f9f318cc',
      methodClass: 'PUT',
      durationMs: 4,
      statusCode: 409
    }

      at write (src/observability/safeLogger.js:178:17)

  console.info
    {
      component: 'http',
      event: 'request_completed',
      requestId: '0be46509-d460-4fb2-b815-1138d0bf6804',
      methodClass: 'PUT',
      durationMs: 2,
      statusCode: 400
    }

      at write (src/observability/safeLogger.js:178:17)

  console.info
    {
      component: 'http',
      event: 'request_completed',
      requestId: 'd2ab889d-4b2c-41d3-9fe4-2985476d6f60',
      methodClass: 'PUT',
      durationMs: 3,
      statusCode: 400
    }

      at write (src/observability/safeLogger.js:178:17)

  console.info
    {
      component: 'http',
      event: 'request_completed',
      requestId: 'a1ce6d54-68a5-4a91-9004-098207b1ad8d',
      methodClass: 'PUT',
      durationMs: 2,
      statusCode: 400
    }

      at write (src/observability/safeLogger.js:178:17)

  console.info
    {
      component: 'http',
      event: 'request_completed',
      requestId: '778d8bef-fca2-42fd-ad9c-6e5f6a52f5ce',
      methodClass: 'PUT',
      durationMs: 2,
      statusCode: 400
    }

      at write (src/observability/safeLogger.js:178:17)

  console.info
    {
      component: 'http',
      event: 'request_completed',
      requestId: 'e7fe9015-e84c-4e4e-91c7-2e1e0952d439',
      methodClass: 'PUT',
      durationMs: 4,
      statusCode: 200
    }

      at write (src/observability/safeLogger.js:178:17)

  console.info
    {
      component: 'http',
      event: 'request_completed',
      requestId: '3ca71db2-998c-4cfe-a6a1-3b4be6564732',
      methodClass: 'PUT',
      durationMs: 8,
      statusCode: 409
    }

      at write (src/observability/safeLogger.js:178:17)

  console.info
    {
      component: 'http',
      event: 'request_completed',
      requestId: '7e605df0-917b-4573-b994-62af05234a99',
      methodClass: 'PUT',
      durationMs: 8,
      statusCode: 200
    }

      at write (src/observability/safeLogger.js:178:17)

  console.info
    {
      component: 'http',
      event: 'request_completed',
      requestId: 'b402ddf0-cd8f-439b-b1cf-a35fe68a93e2',
      methodClass: 'PUT',
      durationMs: 4,
      statusCode: 200
    }

      at write (src/observability/safeLogger.js:178:17)

  console.info
    {
      component: 'http',
      event: 'request_completed',
      requestId: 'd390ece3-ee42-44c5-824e-97851b2c19db',
      methodClass: 'PUT',
      durationMs: 3,
      statusCode: 200
    }

      at write (src/observability/safeLogger.js:178:17)

  console.info
    {
      component: 'http',
      event: 'request_completed',
      requestId: '3faae74a-4cb5-4dab-ac62-e3ad7065e08d',
      methodClass: 'PUT',
      durationMs: 3,
      statusCode: 200
    }

      at write (src/observability/safeLogger.js:178:17)

  console.info
    {
      component: 'http',
      event: 'request_completed',
      requestId: '231d10ba-cfc7-4172-85ff-d591af500e41',
      methodClass: 'PUT',
      durationMs: 2,
      statusCode: 400
    }

      at write (src/observability/safeLogger.js:178:17)

  console.info
    {
      component: 'http',
      event: 'request_completed',
      requestId: '323900a4-d3a0-4803-8bc7-f4ec6ca3165a',
      methodClass: 'PUT',
      durationMs: 5,
      statusCode: 200
    }

      at write (src/observability/safeLogger.js:178:17)

  console.info
    {
      component: 'http',
      event: 'request_completed',
      requestId: 'eb4c6798-4f11-43a1-a919-a892a31541f9',
      methodClass: 'PUT',
      durationMs: 4,
      statusCode: 200
    }

      at write (src/observability/safeLogger.js:178:17)

  console.info
    {
      component: 'http',
      event: 'request_completed',
      requestId: 'b8c441e9-deeb-44a2-8b3f-43de784cadf6',
      methodClass: 'PUT',
      durationMs: 3,
      statusCode: 409
    }

      at write (src/observability/safeLogger.js:178:17)

  console.info
    {
      component: 'http',
      event: 'request_completed',
      requestId: 'ccb5150c-b530-4f65-a09b-dbe3acb5844c',
      methodClass: 'PUT',
      durationMs: 4,
      statusCode: 200
    }

      at write (src/observability/safeLogger.js:178:17)

  console.info
    {
      component: 'http',
      event: 'request_completed',
      requestId: 'c21c6500-9b8c-4850-b62a-5f4392a06a66',
      methodClass: 'PUT',
      durationMs: 5,
      statusCode: 409
    }

      at write (src/observability/safeLogger.js:178:17)

  console.info
    {
      component: 'http',
      event: 'request_completed',
      requestId: 'bfa99bfd-a39e-4ff3-bde9-633be8bc682d',
      methodClass: 'GET',
      durationMs: 0,
      statusCode: 401
    }

      at write (src/observability/safeLogger.js:178:17)

  console.info
    {
      component: 'http',
      event: 'request_completed',
      requestId: '42484fa7-841d-40d4-927d-d44913ffe917',
      methodClass: 'PUT',
      durationMs: 0,
      statusCode: 401
    }

      at write (src/observability/safeLogger.js:178:17)

  console.info
    {
      component: 'http',
      event: 'request_completed',
      requestId: 'eec4e54d-1258-49c4-87b2-e7a39893ae28',
      methodClass: 'PUT',
      durationMs: 4,
      statusCode: 400
    }

      at write (src/observability/safeLogger.js:178:17)

  console.warn
    [MapPreferences] Canonical authority unavailable: {
      event: 'map_preferences_authority_unavailable',
      requestId: 'unavailable'
    }

      24 |     });
      25 |   }
    > 26 |   console.warn('[MapPreferences] Canonical authority unavailable:', {
         |           ^
      27 |     event: 'map_preferences_authority_unavailable',
      28 |     requestId: requestId(req),
      29 |   });

      at warn (src/routes/mapPreferences.js:26:11)
      at failure (src/routes/mapPreferences.js:59:14)

  console.warn
    [MapPreferences] Canonical authority unavailable: {
      event: 'map_preferences_authority_unavailable',
      requestId: 'unavailable'
    }

      24 |     });
      25 |   }
    > 26 |   console.warn('[MapPreferences] Canonical authority unavailable:', {
         |           ^
      27 |     event: 'map_preferences_authority_unavailable',
      28 |     requestId: requestId(req),
      29 |   });

      at warn (src/routes/mapPreferences.js:26:11)
      at failure (src/routes/mapPreferences.js:83:16)

  console.info
    {
      component: 'http',
      event: 'request_completed',
      requestId: 'a93daae6-09cf-41d5-adcb-d67819ba25ac',
      methodClass: 'GET',
      durationMs: 3,
      statusCode: 200
    }

      at write (src/observability/safeLogger.js:178:17)

  console.info
    {
      component: 'http',
      event: 'request_completed',
      requestId: '43870fff-7911-41c2-b342-b05967acf479',
      methodClass: 'GET',
      durationMs: 2,
      statusCode: 200
    }

      at write (src/observability/safeLogger.js:178:17)

  console.info
    {
      component: 'http',
      event: 'request_completed',
      requestId: 'd69ecf89-bc40-43bc-aa7e-e22af15936c4',
      methodClass: 'PUT',
      durationMs: 3,
      statusCode: 200
    }

      at write (src/observability/safeLogger.js:178:17)

  console.info
    {
      component: 'http',
      event: 'request_completed',
      requestId: '7a8e2647-ee7b-4a9d-80ef-698999902597',
      methodClass: 'GET',
      durationMs: 3,
      statusCode: 200
    }

      at write (src/observability/safeLogger.js:178:17)

  console.info
    {
      component: 'http',
      event: 'request_completed',
      requestId: '015c39a2-edbb-450e-b1e5-7cacce304556',
      methodClass: 'GET',
      durationMs: 2,
      statusCode: 200
    }

      at write (src/observability/safeLogger.js:178:17)

  console.warn
    [MapPreferences] Canonical authority unavailable: {
      event: 'map_preferences_authority_unavailable',
      requestId: 'unavailable'
    }

      24 |     });
      25 |   }
    > 26 |   console.warn('[MapPreferences] Canonical authority unavailable:', {
         |           ^
      27 |     event: 'map_preferences_authority_unavailable',
      28 |     requestId: requestId(req),
      29 |   });

      at warn (src/routes/mapPreferences.js:26:11)
      at failure (src/routes/mapPreferences.js:83:16)

  console.info
    {
      component: 'http',
      event: 'request_completed',
      requestId: 'aa0121df-eccb-487c-ab4c-61fc3a4ff5a2',
      methodClass: 'GET',
      durationMs: 3,
      statusCode: 200
    }

      at write (src/observability/safeLogger.js:178:17)

  console.warn
    [MapPreferences] Canonical authority unavailable: {
      event: 'map_preferences_authority_unavailable',
      requestId: 'unavailable'
    }

      24 |     });
      25 |   }
    > 26 |   console.warn('[MapPreferences] Canonical authority unavailable:', {
         |           ^
      27 |     event: 'map_preferences_authority_unavailable',
      28 |     requestId: requestId(req),
      29 |   });

      at warn (src/routes/mapPreferences.js:26:11)
      at failure (src/routes/mapPreferences.js:104:14)

  console.info
    {
      component: 'http',
      event: 'request_completed',
      requestId: '51bf125c-cd6d-4214-bd9f-684f9b502933',
      methodClass: 'GET',
      durationMs: 2,
      statusCode: 200
    }

      at write (src/observability/safeLogger.js:178:17)

  console.info
    {
      component: 'http',
      event: 'request_completed',
      requestId: '2d81c9ba-db25-4cec-b34d-93e60eed8071',
      methodClass: 'PUT',
      durationMs: 4,
      statusCode: 200
    }

      at write (src/observability/safeLogger.js:178:17)

  console.info
    {
      component: 'http',
      event: 'request_completed',
      requestId: 'f97d4b37-4276-4d48-863e-7625b3203f07',
      methodClass: 'PUT',
      durationMs: 6,
      statusCode: 409
    }

      at write (src/observability/safeLogger.js:178:17)

  console.info
    {
      component: 'http',
      event: 'request_completed',
      requestId: '6bca8ef3-8e18-4349-9b65-180e5a195e76',
      methodClass: 'PUT',
      durationMs: 4,
      statusCode: 200
    }

      at write (src/observability/safeLogger.js:178:17)

  console.info
    {
      component: 'http',
      event: 'request_completed',
      requestId: '9a4e674f-1467-42ce-9702-4b99473acc68',
      methodClass: 'PUT',
      durationMs: 7,
      statusCode: 200
    }

      at write (src/observability/safeLogger.js:178:17)

  console.log
    [DB] Migration applied: 001_initial_schema.sql

      at log (src/db.js:1312:42)

  console.log
    [DB] Migration applied: 002_seed_data.sql

      at log (src/db.js:1312:42)

  console.log
    [DB] Migration applied: 003_voice_sessions.sql

      at log (src/db.js:1312:42)

  console.log
    [DB] Migration applied: 004_canonical_persistence_v2.sql

      at log (src/db.js:1312:42)

  console.log
    [DB] Migration applied: 005_canonical_organization_authority.sql

      at log (src/db.js:1312:42)

  console.log
    [DB] Migration applied: 006_canonical_voice_sessions.sql

      at log (src/db.js:1312:42)

  console.log
    [DB] Migration applied: 007_canonical_tax_authority.sql

      at log (src/db.js:1312:42)

  console.log
    [DB] Migration applied: 008_canonical_demo_authority.sql

      at log (src/db.js:1312:42)

  console.log
    [DB] Migration applied: 009_canonical_voice_provider_identity.sql

      at log (src/db.js:1312:42)

  console.log
    [DB] Migration applied: 010_account_session_authority.sql

      at log (src/db.js:1312:42)

  console.log
    [DB] Migration applied: 011_oauth_authorization_states.sql

      at log (src/db.js:1312:42)

  console.log
    [DB] Migration applied: 012_account_verification_trial.sql

      at log (src/db.js:1312:42)

  console.log
    [DB] Migration applied: 015_workforce_authority.sql

      at log (src/db.js:1312:42)

  console.log
    [DB] Migration applied: 016_tenant_asset_catalogue.sql

      at log (src/db.js:1312:42)

  console.log
    [DB] Migration applied: 017_retell_webhook_replay_authority.sql

      at log (src/db.js:1312:42)

  console.log
    [DB] Migration applied: 018_canonical_map_preferences.sql

      at log (src/db.js:1312:42)

  console.log
    [DB] Migration applied: 019_account_email_outbox.sql

      at log (src/db.js:1312:42)

  console.log
    [DB] Migration applied: 020_canonical_workforce_access_roles.sql

      at log (src/db.js:1312:42)

  console.log
    [DB] Migration applied: 021_bounded_api_observability.sql

      at log (src/db.js:1312:42)

  console.log
    [DB] Migration applied: 022_demo_command_center_sessions.sql

      at log (src/db.js:1312:42)

  console.log
    [DB] Migration applied: 023_homepage_demo_admission.sql

      at log (src/db.js:1312:42)

  console.log
    [DB] Migration applied: 024_homepage_verified_purge_receipt.sql

      at log (src/db.js:1312:42)

  console.log
    [DB] Migration applied: 025_provider_agnostic_knowledge_registry.sql

      at log (src/db.js:1312:42)

  console.log
    [DB] Migration applied: 026_canonical_knowledge_review_publication.sql

      at log (src/db.js:1312:42)

  console.log
    [DB] Migration applied: 027_canonical_knowledge_audit_graph_authority.sql

      at log (src/db.js:1312:42)

  console.log
    [DB] Migration applied: 028_canonical_knowledge_immutable_lifecycle.sql

      at log (src/db.js:1312:42)

  console.log
    [DB] Migration applied: 029_canonical_knowledge_transactional_sync.sql

      at log (src/db.js:1312:42)

  console.log
    [DB] Migration applied: 030_canonical_knowledge_sync_revocation.sql

      at log (src/db.js:1312:42)

  console.log
    [DB] Migration applied: 031_canonical_knowledge_sync_recovery_lifecycle.sql

      at log (src/db.js:1312:42)

  console.log
    [DB] Migration applied: 032_canonical_schedule_assignment_authority.sql

      at log (src/db.js:1312:42)

  console.log
    [DB] Migration applied: 033_canonical_schedule_time_evidence.sql

      at log (src/db.js:1312:42)

  console.log
    [DB] Migration applied: 034_schedule_availability_conflict_authority.sql

      at log (src/db.js:1312:42)

  console.log
    [DB] Migration applied: 035_schedule_human_preview_approval.sql

      at log (src/db.js:1312:42)

  console.info
    {
      component: 'http',
      event: 'request_completed',
      requestId: '04bb39b8-bd9f-4a01-816a-cb50728e4497',
      methodClass: 'POST',
      durationMs: 31,
      statusCode: 201
    }

      at write (src/observability/safeLogger.js:178:17)

  console.info
    {
      component: 'http',
      event: 'request_completed',
      requestId: 'b1843a0e-3b71-4f8e-b697-58ec5a772527',
      methodClass: 'GET',
      durationMs: 28,
      statusCode: 200
    }

      at write (src/observability/safeLogger.js:178:17)

  console.info
    {
      component: 'http',
      event: 'request_completed',
      requestId: '67de3ab3-fe13-4c1e-993b-ffb7af77866e',
      methodClass: 'GET',
      durationMs: 19,
      statusCode: 200
    }

      at write (src/observability/safeLogger.js:178:17)

  console.info
    {
      component: 'http',
      event: 'request_completed',
      requestId: 'd04c73b4-7d06-453d-a6cc-bc69220e46a7',
      methodClass: 'GET',
      durationMs: 18,
      statusCode: 200
    }

      at write (src/observability/safeLogger.js:178:17)

  console.info
    {
      component: 'http',
      event: 'request_completed',
      requestId: 'a060a020-2d0f-4cfe-b53d-aaf60a0445de',
      methodClass: 'GET',
      durationMs: 18,
      statusCode: 200
    }

      at write (src/observability/safeLogger.js:178:17)

  console.info
    {
      component: 'http',
      event: 'request_completed',
      requestId: '0e6a2a60-a6e4-4de3-8ae5-5b4e2a3b2f16',
      methodClass: 'POST',
      durationMs: 32,
      statusCode: 201
    }

      at write (src/observability/safeLogger.js:178:17)

  console.info
    {
      component: 'http',
      event: 'request_completed',
      requestId: 'c04d883c-fe09-4346-9a97-56e8e2275a1a',
      methodClass: 'POST',
      durationMs: 147,
      statusCode: 201
    }

      at write (src/observability/safeLogger.js:178:17)

  console.info
    {
      component: 'http',
      event: 'request_completed',
      requestId: 'e3a087a6-56cb-4ca2-be49-8e2b4db5934c',
      methodClass: 'POST',
      durationMs: 22,
      statusCode: 201
    }

      at write (src/observability/safeLogger.js:178:17)

  console.info
    {
      component: 'http',
      event: 'request_completed',
      requestId: '582ff6ae-9662-4792-940a-786c86c552d3',
      methodClass: 'POST',
      durationMs: 12,
      statusCode: 201
    }

      at write (src/observability/safeLogger.js:178:17)

  console.info
    {
      component: 'http',
      event: 'request_completed',
      requestId: 'a1e06abc-8961-4831-bf0c-b3e3db79b1b6',
      methodClass: 'POST',
      durationMs: 12,
      statusCode: 201
    }

      at write (src/observability/safeLogger.js:178:17)

  console.info
    {
      component: 'http',
      event: 'request_completed',
      requestId: 'e47bee29-c497-419b-bd8e-9a6e2e5ff6bf',
      methodClass: 'POST',
      durationMs: 12,
      statusCode: 201
    }

      at write (src/observability/safeLogger.js:178:17)

  console.info
    {
      component: 'http',
      event: 'request_completed',
      requestId: '8cc45249-064a-4189-9a34-7cec534f5977',
      methodClass: 'POST',
      durationMs: 12,
      statusCode: 201
    }

      at write (src/observability/safeLogger.js:178:17)

  console.info
    {
      component: 'http',
      event: 'request_completed',
      requestId: '903cf136-61b0-46ee-a1d7-ed282ebb681e',
      methodClass: 'POST',
      durationMs: 12,
      statusCode: 201
    }

      at write (src/observability/safeLogger.js:178:17)

  console.info
    {
      component: 'http',
      event: 'request_completed',
      requestId: '70a9e620-b4b9-4c98-8f4c-d29f9daf7b6d',
      methodClass: 'POST',
      durationMs: 11,
      statusCode: 201
    }

      at write (src/observability/safeLogger.js:178:17)

  console.info
    {
      component: 'http',
      event: 'request_completed',
      requestId: '97996021-6af2-433b-993b-6c1554121b35',
      methodClass: 'POST',
      durationMs: 12,
      statusCode: 201
    }

      at write (src/observability/safeLogger.js:178:17)

  console.info
    {
      component: 'http',
      event: 'request_completed',
      requestId: '954355e5-9820-4885-8f05-721e599c865f',
      methodClass: 'POST',
      durationMs: 12,
      statusCode: 201
    }

      at write (src/observability/safeLogger.js:178:17)

  console.info
    {
      component: 'http',
      event: 'request_completed',
      requestId: '37e66985-f5f8-4d2c-bb60-e1d377a74a8b',
      methodClass: 'POST',
      durationMs: 10,
      statusCode: 201
    }

      at write (src/observability/safeLogger.js:178:17)

  console.info
    {
      component: 'http',
      event: 'request_completed',
      requestId: '6641bc48-5e75-4ece-a3b7-84989f188d84',
      methodClass: 'POST',
      durationMs: 9,
      statusCode: 201
    }

      at write (src/observability/safeLogger.js:178:17)

  console.info
    {
      component: 'http',
      event: 'request_completed',
      requestId: 'da29dee5-d775-43a9-883e-b6ca5cf78933',
      methodClass: 'POST',
      durationMs: 10,
      statusCode: 201
    }

      at write (src/observability/safeLogger.js:178:17)

  console.info
    {
      component: 'http',
      event: 'request_completed',
      requestId: '970ef5b8-56f4-4e0f-a906-e207e9a264f6',
      methodClass: 'POST',
      durationMs: 9,
      statusCode: 201
    }

      at write (src/observability/safeLogger.js:178:17)

  console.info
    {
      component: 'http',
      event: 'request_completed',
      requestId: '389fbecf-21f5-4508-bbc7-32524ce125e1',
      methodClass: 'POST',
      durationMs: 11,
      statusCode: 201
    }

      at write (src/observability/safeLogger.js:178:17)

  console.info
    {
      component: 'http',
      event: 'request_completed',
      requestId: '0d5387b6-cf29-452e-910b-5c7a383ca5b5',
      methodClass: 'POST',
      durationMs: 11,
      statusCode: 201
    }

      at write (src/observability/safeLogger.js:178:17)

  console.info
    {
      component: 'http',
      event: 'request_completed',
      requestId: '2285e4c9-fa43-4a6c-9ef7-26b93f2947eb',
      methodClass: 'GET',
      durationMs: 32,
      statusCode: 200
    }

      at write (src/observability/safeLogger.js:178:17)

  console.log
    [DB] Migration applied: 001_initial_schema.sql

      at log (src/db.js:1312:42)

  console.log
    [DB] Migration applied: 002_seed_data.sql

      at log (src/db.js:1312:42)

  console.log
    [DB] Migration applied: 003_voice_sessions.sql

      at log (src/db.js:1312:42)

  console.log
    [DB] Migration applied: 004_canonical_persistence_v2.sql

      at log (src/db.js:1312:42)

  console.log
    [DB] Migration applied: 005_canonical_organization_authority.sql

      at log (src/db.js:1312:42)

  console.log
    [DB] Migration applied: 006_canonical_voice_sessions.sql

      at log (src/db.js:1312:42)

  console.log
    [DB] Migration applied: 007_canonical_tax_authority.sql

      at log (src/db.js:1312:42)

  console.log
    [DB] Migration applied: 008_canonical_demo_authority.sql

      at log (src/db.js:1312:42)

  console.log
    [DB] Migration applied: 009_canonical_voice_provider_identity.sql

      at log (src/db.js:1312:42)

  console.log
    [DB] Migration applied: 010_account_session_authority.sql

      at log (src/db.js:1312:42)

  console.log
    [DB] Migration applied: 011_oauth_authorization_states.sql

      at log (src/db.js:1312:42)

  console.log
    [DB] Migration applied: 012_account_verification_trial.sql

      at log (src/db.js:1312:42)

  console.log
    [DB] Migration applied: 015_workforce_authority.sql

      at log (src/db.js:1312:42)

  console.log
    [DB] Migration applied: 016_tenant_asset_catalogue.sql

      at log (src/db.js:1312:42)

  console.log
    [DB] Migration applied: 017_retell_webhook_replay_authority.sql

      at log (src/db.js:1312:42)

  console.log
    [DB] Migration applied: 018_canonical_map_preferences.sql

      at log (src/db.js:1312:42)

  console.log
    [DB] Migration applied: 019_account_email_outbox.sql

      at log (src/db.js:1312:42)

  console.log
    [DB] Migration applied: 020_canonical_workforce_access_roles.sql

      at log (src/db.js:1312:42)

  console.log
    [DB] Migration applied: 021_bounded_api_observability.sql

      at log (src/db.js:1312:42)

  console.log
    [DB] Migration applied: 022_demo_command_center_sessions.sql

      at log (src/db.js:1312:42)

  console.log
    [DB] Migration applied: 023_homepage_demo_admission.sql

      at log (src/db.js:1312:42)

  console.log
    [DB] Migration applied: 024_homepage_verified_purge_receipt.sql

      at log (src/db.js:1312:42)

  console.log
    [DB] Migration applied: 025_provider_agnostic_knowledge_registry.sql

      at log (src/db.js:1312:42)

  console.log
    [DB] Migration applied: 026_canonical_knowledge_review_publication.sql

      at log (src/db.js:1312:42)

  console.log
    [DB] Migration applied: 027_canonical_knowledge_audit_graph_authority.sql

      at log (src/db.js:1312:42)

  console.log
    [DB] Migration applied: 028_canonical_knowledge_immutable_lifecycle.sql

      at log (src/db.js:1312:42)

  console.log
    [DB] Migration applied: 029_canonical_knowledge_transactional_sync.sql

      at log (src/db.js:1312:42)

  console.log
    [DB] Migration applied: 030_canonical_knowledge_sync_revocation.sql

      at log (src/db.js:1312:42)

  console.log
    [DB] Migration applied: 031_canonical_knowledge_sync_recovery_lifecycle.sql

      at log (src/db.js:1312:42)

  console.log
    [DB] Migration applied: 032_canonical_schedule_assignment_authority.sql

      at log (src/db.js:1312:42)

  console.log
    [DB] Migration applied: 033_canonical_schedule_time_evidence.sql

      at log (src/db.js:1312:42)

  console.log
    [DB] Migration applied: 034_schedule_availability_conflict_authority.sql

      at log (src/db.js:1312:42)

  console.log
    [DB] Migration applied: 035_schedule_human_preview_approval.sql

      at log (src/db.js:1312:42)

  console.log
    [DB] Migration applied: 001_initial_schema.sql

      at log (src/db.js:1312:42)

  console.log
    [DB] Migration applied: 002_seed_data.sql

      at log (src/db.js:1312:42)

  console.log
    [DB] Migration applied: 003_voice_sessions.sql

      at log (src/db.js:1312:42)

  console.log
    [DB] Migration applied: 004_canonical_persistence_v2.sql

      at log (src/db.js:1312:42)

  console.log
    [DB] Migration applied: 005_canonical_organization_authority.sql

      at log (src/db.js:1312:42)

  console.log
    [DB] Migration applied: 006_canonical_voice_sessions.sql

      at log (src/db.js:1312:42)

  console.log
    [DB] Migration applied: 007_canonical_tax_authority.sql

      at log (src/db.js:1312:42)

  console.log
    [DB] Migration applied: 008_canonical_demo_authority.sql

      at log (src/db.js:1312:42)

  console.log
    [DB] Migration applied: 009_canonical_voice_provider_identity.sql

      at log (src/db.js:1312:42)

  console.log
    [DB] Migration applied: 010_account_session_authority.sql

      at log (src/db.js:1312:42)

  console.log
    [DB] Migration applied: 011_oauth_authorization_states.sql

      at log (src/db.js:1312:42)

  console.log
    [DB] Migration applied: 012_account_verification_trial.sql

      at log (src/db.js:1312:42)

  console.log
    [DB] Migration applied: 015_workforce_authority.sql

      at log (src/db.js:1312:42)

  console.log
    [DB] Migration applied: 016_tenant_asset_catalogue.sql

      at log (src/db.js:1312:42)

  console.log
    [DB] Migration applied: 017_retell_webhook_replay_authority.sql

      at log (src/db.js:1312:42)

  console.log
    [DB] Migration applied: 018_canonical_map_preferences.sql

      at log (src/db.js:1312:42)

  console.log
    [DB] Migration applied: 019_account_email_outbox.sql

      at log (src/db.js:1312:42)

  console.log
    [DB] Migration applied: 020_canonical_workforce_access_roles.sql

      at log (src/db.js:1312:42)

  console.log
    [DB] Migration applied: 021_bounded_api_observability.sql

      at log (src/db.js:1312:42)

  console.log
    [DB] Migration applied: 022_demo_command_center_sessions.sql

      at log (src/db.js:1312:42)

  console.log
    [DB] Migration applied: 023_homepage_demo_admission.sql

      at log (src/db.js:1312:42)

  console.log
    [DB] Migration applied: 024_homepage_verified_purge_receipt.sql

      at log (src/db.js:1312:42)

  console.log
    [DB] Migration applied: 025_provider_agnostic_knowledge_registry.sql

      at log (src/db.js:1312:42)

  console.log
    [DB] Migration applied: 026_canonical_knowledge_review_publication.sql

      at log (src/db.js:1312:42)

  console.log
    [DB] Migration applied: 027_canonical_knowledge_audit_graph_authority.sql

      at log (src/db.js:1312:42)

  console.log
    [DB] Migration applied: 028_canonical_knowledge_immutable_lifecycle.sql

      at log (src/db.js:1312:42)

  console.log
    [DB] Migration applied: 029_canonical_knowledge_transactional_sync.sql

      at log (src/db.js:1312:42)

  console.log
    [DB] Migration applied: 030_canonical_knowledge_sync_revocation.sql

      at log (src/db.js:1312:42)

  console.log
    [DB] Migration applied: 031_canonical_knowledge_sync_recovery_lifecycle.sql

      at log (src/db.js:1312:42)

  console.log
    [DB] Migration applied: 032_canonical_schedule_assignment_authority.sql

      at log (src/db.js:1312:42)

  console.log
    [DB] Migration applied: 033_canonical_schedule_time_evidence.sql

      at log (src/db.js:1312:42)

  console.log
    [DB] Migration applied: 034_schedule_availability_conflict_authority.sql

      at log (src/db.js:1312:42)

  console.log
    [DB] Migration applied: 035_schedule_human_preview_approval.sql

      at log (src/db.js:1312:42)

  console.info
    {
      component: 'http',
      event: 'request_completed',
      requestId: 'e2a112d4-93d9-4069-a72c-1506e69ebfdd',
      methodClass: 'GET',
      durationMs: 4,
      statusCode: 200
    }

      at write (src/observability/safeLogger.js:178:17)

  console.info
    {
      component: 'http',
      event: 'request_completed',
      requestId: 'ec1a7803-468a-44df-a3fb-e7b9ffc99ae1',
      methodClass: 'PUT',
      durationMs: 10,
      statusCode: 200
    }

      at write (src/observability/safeLogger.js:178:17)

  console.info
    {
      component: 'http',
      event: 'request_completed',
      requestId: '20d11796-5018-405a-8b3a-ae5bb87834a1',
      methodClass: 'GET',
      durationMs: 5,
      statusCode: 200
    }

      at write (src/observability/safeLogger.js:178:17)

  console.info
    {
      component: 'http',
      event: 'request_completed',
      requestId: '9026fa84-8bed-4e87-99ac-aaa4986b0f3a',
      methodClass: 'PUT',
      durationMs: 2,
      statusCode: 400
    }

      at write (src/observability/safeLogger.js:178:17)

  console.info
    {
      component: 'http',
      event: 'request_completed',
      requestId: 'a96ed30a-9140-4c4f-b15a-589a4661f6b1',
      methodClass: 'PUT',
      durationMs: 2,
      statusCode: 400
    }

      at write (src/observability/safeLogger.js:178:17)

  console.info
    {
      component: 'http',
      event: 'request_completed',
      requestId: '87b3cdae-09f3-4c0d-b2b8-600ff22113e4',
      methodClass: 'PUT',
      durationMs: 3,
      statusCode: 400
    }

      at write (src/observability/safeLogger.js:178:17)

  console.info
    {
      component: 'http',
      event: 'request_completed',
      requestId: 'e06d6bad-04d0-4c17-8ae1-650a555a311a',
      methodClass: 'PUT',
      durationMs: 3,
      statusCode: 400
    }

      at write (src/observability/safeLogger.js:178:17)

  console.info
    {
      component: 'http',
      event: 'request_completed',
      requestId: '681c3b93-4520-45c7-a7a9-cf0d395de13a',
      methodClass: 'PUT',
      durationMs: 2,
      statusCode: 400
    }

      at write (src/observability/safeLogger.js:178:17)

  console.info
    {
      component: 'http',
      event: 'request_completed',
      requestId: 'a0d451ba-d9ed-4b14-876d-ce3cff4b3dd5',
      methodClass: 'PUT',
      durationMs: 3,
      statusCode: 400
    }

      at write (src/observability/safeLogger.js:178:17)

  console.info
    {
      component: 'http',
      event: 'request_completed',
      requestId: 'd0451ca5-a76a-43af-9c2b-bc90fb8ad1db',
      methodClass: 'PUT',
      durationMs: 3,
      statusCode: 400
    }

      at write (src/observability/safeLogger.js:178:17)

  console.info
    {
      component: 'http',
      event: 'request_completed',
      requestId: '368810be-15a9-49e1-af7d-b949de4410e5',
      methodClass: 'PUT',
      durationMs: 2,
      statusCode: 400
    }

      at write (src/observability/safeLogger.js:178:17)

  console.info
    {
      component: 'http',
      event: 'request_completed',
      requestId: '9ccef69a-4c70-4af9-9827-c8502937f524',
      methodClass: 'PUT',
      durationMs: 2,
      statusCode: 400
    }

      at write (src/observability/safeLogger.js:178:17)

  console.info
    {
      component: 'http',
      event: 'request_completed',
      requestId: 'fcef0fc4-09c6-4016-9d46-10099bc8bed3',
      methodClass: 'PUT',
      durationMs: 2,
      statusCode: 400
    }

      at write (src/observability/safeLogger.js:178:17)

  console.info
    {
      component: 'http',
      event: 'request_completed',
      requestId: 'c319da3d-6d9c-4d86-b1dd-956ced2aa2fb',
      methodClass: 'PUT',
      durationMs: 2,
      statusCode: 400
    }

      at write (src/observability/safeLogger.js:178:17)

  console.info
    {
      component: 'http',
      event: 'request_completed',
      requestId: '3dc144f4-310a-4507-ab8c-f263a3adee4c',
      methodClass: 'PUT',
      durationMs: 3,
      statusCode: 400
    }

      at write (src/observability/safeLogger.js:178:17)

  console.info
    {
      component: 'http',
      event: 'request_completed',
      requestId: 'ac7ac0ab-b0c1-404e-8d40-1d774c62d220',
      methodClass: 'GET',
      durationMs: 2,
      statusCode: 200
    }

      at write (src/observability/safeLogger.js:178:17)

  console.info
    {
      component: 'http',
      event: 'request_completed',
      requestId: 'af29ef72-2289-4813-89dc-2a45b7206362',
      methodClass: 'PUT',
      durationMs: 2,
      statusCode: 403
    }

      at write (src/observability/safeLogger.js:178:17)

  console.info
    {
      component: 'http',
      event: 'request_completed',
      requestId: '54848b62-4b7a-4735-be49-ea1732354db9',
      methodClass: 'GET',
      durationMs: 2,
      statusCode: 200
    }

      at write (src/observability/safeLogger.js:178:17)

  console.info
    {
      component: 'http',
      event: 'request_completed',
      requestId: '6e1e6e16-ecf7-427d-8fd9-fdaa58427f39',
      methodClass: 'PUT',
      durationMs: 2,
      statusCode: 403
    }

      at write (src/observability/safeLogger.js:178:17)

  console.info
    {
      component: 'http',
      event: 'request_completed',
      requestId: '3c1c5faf-263c-45d0-bcec-e06f19a01a1f',
      methodClass: 'PUT',
      durationMs: 0,
      statusCode: 401
    }

      at write (src/observability/safeLogger.js:178:17)

  console.info
    {
      component: 'http',
      event: 'request_completed',
      requestId: 'a573dbb8-5563-45a4-a657-eda7c352045a',
      methodClass: 'PUT',
      durationMs: 2,
      statusCode: 403
    }

      at write (src/observability/safeLogger.js:178:17)

  console.info
    {
      component: 'http',
      event: 'request_completed',
      requestId: '6e72b72a-6f91-4756-8dc3-0d5586c7d603',
      methodClass: 'PUT',
      durationMs: 9,
      statusCode: 200
    }

      at write (src/observability/safeLogger.js:178:17)

  console.info
    {
      component: 'http',
      event: 'request_completed',
      requestId: '9e3233bf-db49-4125-bc6d-b09b1414fc8d',
      methodClass: 'PUT',
      durationMs: 4,
      statusCode: 409
    }

      at write (src/observability/safeLogger.js:178:17)

  console.info
    {
      component: 'http',
      event: 'request_completed',
      requestId: 'b05e7e4f-a7d9-4034-99f9-7114a8c89248',
      methodClass: 'PUT',
      durationMs: 10,
      statusCode: 200
    }

      at write (src/observability/safeLogger.js:178:17)

  console.info
    {
      component: 'http',
      event: 'request_completed',
      requestId: 'ec00bf9f-f817-41ca-be6e-2da192367b8e',
      methodClass: 'PUT',
      durationMs: 11,
      statusCode: 409
    }

      at write (src/observability/safeLogger.js:178:17)

  console.info
    {
      component: 'http',
      event: 'request_completed',
      requestId: 'e2b8fd36-955b-44a2-a727-bb1995115a0f',
      methodClass: 'GET',
      durationMs: 4,
      statusCode: 200
    }

      at write (src/observability/safeLogger.js:178:17)

  console.info
    {
      component: 'http',
      event: 'request_completed',
      requestId: 'b356e969-fc78-4463-98e4-2cd864bb32be',
      methodClass: 'PUT',
      durationMs: 3,
      statusCode: 400
    }

      at write (src/observability/safeLogger.js:178:17)

  console.info
    {
      component: 'http',
      event: 'request_completed',
      requestId: 'f774618a-6ec8-4641-856c-4572831f6a45',
      methodClass: 'PUT',
      durationMs: 7,
      statusCode: 200
    }

      at write (src/observability/safeLogger.js:178:17)

  console.info
    {
      component: 'http',
      event: 'request_completed',
      requestId: 'd668e194-70f9-4d48-bf80-c3b7c51770e2',
      methodClass: 'PUT',
      durationMs: 3,
      statusCode: 400
    }

      at write (src/observability/safeLogger.js:178:17)

  console.info
    {
      component: 'http',
      event: 'request_completed',
      requestId: '185b3378-f3fe-4fbf-8be3-7dba0efb58c7',
      methodClass: 'PUT',
      durationMs: 7,
      statusCode: 200
    }

      at write (src/observability/safeLogger.js:178:17)

  console.info
    {
      component: 'http',
      event: 'request_completed',
      requestId: 'e1504459-ba0c-42dd-92fe-80d43641f768',
      methodClass: 'PUT',
      durationMs: 8,
      statusCode: 200
    }

      at write (src/observability/safeLogger.js:178:17)

  console.info
    {
      component: 'http',
      event: 'request_completed',
      requestId: '2a27f52b-e008-47b5-b599-3c3173d35217',
      methodClass: 'PUT',
      durationMs: 4,
      statusCode: 409
    }

      at write (src/observability/safeLogger.js:178:17)

  console.info
    {
      component: 'http',
      event: 'request_completed',
      requestId: '3fa6c141-e053-48c0-b160-6610ac46ce88',
      methodClass: 'PUT',
      durationMs: 2,
      statusCode: 400
    }

      at write (src/observability/safeLogger.js:178:17)

  console.info
    {
      component: 'http',
      event: 'request_completed',
      requestId: '2c2eaf51-8f79-4397-b420-47f49cb33fe8',
      methodClass: 'PUT',
      durationMs: 2,
      statusCode: 400
    }

      at write (src/observability/safeLogger.js:178:17)

  console.info
    {
      component: 'http',
      event: 'request_completed',
      requestId: 'f81f81a6-c78a-41b1-a3a4-b8c9b0f7b71e',
      methodClass: 'PUT',
      durationMs: 2,
      statusCode: 400
    }

      at write (src/observability/safeLogger.js:178:17)

  console.info
    {
      component: 'http',
      event: 'request_completed',
      requestId: '79772ab6-3811-4563-ac9f-639d43492b6d',
      methodClass: 'PUT',
      durationMs: 2,
      statusCode: 400
    }

      at write (src/observability/safeLogger.js:178:17)

  console.info
    {
      component: 'http',
      event: 'request_completed',
      requestId: 'ff6000da-3a0d-40c4-a469-ca66dba19367',
      methodClass: 'GET',
      durationMs: 3,
      statusCode: 200
    }

      at write (src/observability/safeLogger.js:178:17)

  console.log
    [DB] Migration applied: 001_initial_schema.sql

      at log (src/db.js:1312:42)

  console.log
    [DB] Migration applied: 002_seed_data.sql

      at log (src/db.js:1312:42)

  console.log
    [DB] Migration applied: 003_voice_sessions.sql

      at log (src/db.js:1312:42)

  console.log
    [DB] Migration applied: 004_canonical_persistence_v2.sql

      at log (src/db.js:1312:42)

  console.log
    [DB] Migration applied: 005_canonical_organization_authority.sql

      at log (src/db.js:1312:42)

  console.log
    [DB] Migration applied: 006_canonical_voice_sessions.sql

      at log (src/db.js:1312:42)

  console.log
    [DB] Migration applied: 007_canonical_tax_authority.sql

      at log (src/db.js:1312:42)

  console.log
    [DB] Migration applied: 008_canonical_demo_authority.sql

      at log (src/db.js:1312:42)

  console.log
    [DB] Migration applied: 009_canonical_voice_provider_identity.sql

      at log (src/db.js:1312:42)

  console.log
    [DB] Migration applied: 010_account_session_authority.sql

      at log (src/db.js:1312:42)

  console.log
    [DB] Migration applied: 011_oauth_authorization_states.sql

      at log (src/db.js:1312:42)

  console.log
    [DB] Migration applied: 012_account_verification_trial.sql

      at log (src/db.js:1312:42)

  console.log
    [DB] Migration applied: 015_workforce_authority.sql

      at log (src/db.js:1312:42)

  console.log
    [DB] Migration applied: 016_tenant_asset_catalogue.sql

      at log (src/db.js:1312:42)

  console.log
    [DB] Migration applied: 017_retell_webhook_replay_authority.sql

      at log (src/db.js:1312:42)

  console.log
    [DB] Migration applied: 018_canonical_map_preferences.sql

      at log (src/db.js:1312:42)

  console.log
    [DB] Migration applied: 019_account_email_outbox.sql

      at log (src/db.js:1312:42)

  console.log
    [DB] Migration applied: 020_canonical_workforce_access_roles.sql

      at log (src/db.js:1312:42)

  console.log
    [DB] Migration applied: 021_bounded_api_observability.sql

      at log (src/db.js:1312:42)

  console.log
    [DB] Migration applied: 022_demo_command_center_sessions.sql

      at log (src/db.js:1312:42)

  console.log
    [DB] Migration applied: 023_homepage_demo_admission.sql

      at log (src/db.js:1312:42)

  console.log
    [DB] Migration applied: 024_homepage_verified_purge_receipt.sql

      at log (src/db.js:1312:42)

  console.log
    [DB] Migration applied: 025_provider_agnostic_knowledge_registry.sql

      at log (src/db.js:1312:42)

  console.log
    [DB] Migration applied: 026_canonical_knowledge_review_publication.sql

      at log (src/db.js:1312:42)

  console.log
    [DB] Migration applied: 027_canonical_knowledge_audit_graph_authority.sql

      at log (src/db.js:1312:42)

  console.log
    [DB] Migration applied: 028_canonical_knowledge_immutable_lifecycle.sql

      at log (src/db.js:1312:42)

  console.log
    [DB] Migration applied: 029_canonical_knowledge_transactional_sync.sql

      at log (src/db.js:1312:42)

  console.log
    [DB] Migration applied: 030_canonical_knowledge_sync_revocation.sql

      at log (src/db.js:1312:42)

  console.log
    [DB] Migration applied: 031_canonical_knowledge_sync_recovery_lifecycle.sql

      at log (src/db.js:1312:42)

  console.log
    [DB] Migration applied: 032_canonical_schedule_assignment_authority.sql

      at log (src/db.js:1312:42)

  console.log
    [DB] Migration applied: 033_canonical_schedule_time_evidence.sql

      at log (src/db.js:1312:42)

  console.log
    [DB] Migration applied: 034_schedule_availability_conflict_authority.sql

      at log (src/db.js:1312:42)

  console.log
    [DB] Migration applied: 035_schedule_human_preview_approval.sql

      at log (src/db.js:1312:42)

  console.log
    [DB] Migration applied: 001_initial_schema.sql

      at log (src/db.js:1312:42)

  console.log
    [DB] Migration applied: 002_seed_data.sql

      at log (src/db.js:1312:42)

  console.log
    [DB] Migration applied: 003_voice_sessions.sql

      at log (src/db.js:1312:42)

  console.log
    [DB] Migration applied: 004_canonical_persistence_v2.sql

      at log (src/db.js:1312:42)

  console.log
    [DB] Migration applied: 005_canonical_organization_authority.sql

      at log (src/db.js:1312:42)

  console.log
    [DB] Migration applied: 006_canonical_voice_sessions.sql

      at log (src/db.js:1312:42)

  console.log
    [DB] Migration applied: 007_canonical_tax_authority.sql

      at log (src/db.js:1312:42)

  console.log
    [DB] Migration applied: 008_canonical_demo_authority.sql

      at log (src/db.js:1312:42)

  console.log
    [DB] Migration applied: 009_canonical_voice_provider_identity.sql

      at log (src/db.js:1312:42)

  console.log
    [DB] Migration applied: 010_account_session_authority.sql

      at log (src/db.js:1312:42)

  console.log
    [DB] Migration applied: 011_oauth_authorization_states.sql

      at log (src/db.js:1312:42)

  console.log
    [DB] Migration applied: 012_account_verification_trial.sql

      at log (src/db.js:1312:42)

  console.log
    [DB] Migration applied: 015_workforce_authority.sql

      at log (src/db.js:1312:42)

  console.log
    [DB] Migration applied: 016_tenant_asset_catalogue.sql

      at log (src/db.js:1312:42)

  console.log
    [DB] Migration applied: 017_retell_webhook_replay_authority.sql

      at log (src/db.js:1312:42)

  console.log
    [DB] Migration applied: 018_canonical_map_preferences.sql

      at log (src/db.js:1312:42)

  console.log
    [DB] Migration applied: 019_account_email_outbox.sql

      at log (src/db.js:1312:42)

  console.log
    [DB] Migration applied: 020_canonical_workforce_access_roles.sql

      at log (src/db.js:1312:42)

  console.log
    [DB] Migration applied: 021_bounded_api_observability.sql

      at log (src/db.js:1312:42)

  console.log
    [DB] Migration applied: 022_demo_command_center_sessions.sql

      at log (src/db.js:1312:42)

  console.log
    [DB] Migration applied: 023_homepage_demo_admission.sql

      at log (src/db.js:1312:42)

  console.log
    [DB] Migration applied: 024_homepage_verified_purge_receipt.sql

      at log (src/db.js:1312:42)

  console.log
    [DB] Migration applied: 025_provider_agnostic_knowledge_registry.sql

      at log (src/db.js:1312:42)

  console.log
    [DB] Migration applied: 026_canonical_knowledge_review_publication.sql

      at log (src/db.js:1312:42)

  console.log
    [DB] Migration applied: 027_canonical_knowledge_audit_graph_authority.sql

      at log (src/db.js:1312:42)

  console.log
    [DB] Migration applied: 028_canonical_knowledge_immutable_lifecycle.sql

      at log (src/db.js:1312:42)

  console.log
    [DB] Migration applied: 029_canonical_knowledge_transactional_sync.sql

      at log (src/db.js:1312:42)

  console.log
    [DB] Migration applied: 030_canonical_knowledge_sync_revocation.sql

      at log (src/db.js:1312:42)

  console.log
    [DB] Migration applied: 031_canonical_knowledge_sync_recovery_lifecycle.sql

      at log (src/db.js:1312:42)

  console.log
    [DB] Migration applied: 032_canonical_schedule_assignment_authority.sql

      at log (src/db.js:1312:42)

  console.log
    [DB] Migration applied: 033_canonical_schedule_time_evidence.sql

      at log (src/db.js:1312:42)

  console.log
    [DB] Migration applied: 034_schedule_availability_conflict_authority.sql

      at log (src/db.js:1312:42)

  console.log
    [DB] Migration applied: 035_schedule_human_preview_approval.sql

      at log (src/db.js:1312:42)

  console.info
    {
      component: 'http',
      event: 'request_completed',
      requestId: '4885ca25-b2db-4d3d-aacc-9bfa939b98bd',
      methodClass: 'GET',
      durationMs: 13,
      statusCode: 200
    }

      at write (src/observability/safeLogger.js:178:17)

  console.info
    {
      component: 'http',
      event: 'request_completed',
      requestId: 'ba6a2ad2-b2cc-4bfb-82dd-ff1fccb11a8e',
      methodClass: 'GET',
      durationMs: 6,
      statusCode: 200
    }

      at write (src/observability/safeLogger.js:178:17)

  console.info
    {
      component: 'http',
      event: 'request_completed',
      requestId: '1452dd05-1cd0-459b-8c40-9ff41f38547a',
      methodClass: 'GET',
      durationMs: 8,
      statusCode: 200
    }

      at write (src/observability/safeLogger.js:178:17)

  console.info
    {
      component: 'http',
      event: 'request_completed',
      requestId: '64ee0efa-e609-428a-8554-4ea89ab5cf73',
      methodClass: 'GET',
      durationMs: 5,
      statusCode: 200
    }

      at write (src/observability/safeLogger.js:178:17)

  console.info
    {
      component: 'http',
      event: 'request_completed',
      requestId: '9b6d766d-bfeb-4a23-a6fd-7601dbaa6671',
      methodClass: 'GET',
      durationMs: 6,
      statusCode: 200
    }

      at write (src/observability/safeLogger.js:178:17)

  console.info
    {
      component: 'http',
      event: 'request_completed',
      requestId: '625bbde3-7ad0-4423-841e-9da4ae1b609a',
      methodClass: 'GET',
      durationMs: 1,
      statusCode: 401
    }

      at write (src/observability/safeLogger.js:178:17)

  console.info
    {
      component: 'http',
      event: 'request_completed',
      requestId: '36c81fb9-abf5-405e-beec-79685f3f9657',
      methodClass: 'GET',
      durationMs: 0,
      statusCode: 401
    }

      at write (src/observability/safeLogger.js:178:17)

  console.info
    {
      component: 'http',
      event: 'request_completed',
      requestId: 'ac7937a4-0fac-4a6e-ab7b-bc48090edcff',
      methodClass: 'GET',
      durationMs: 4,
      statusCode: 410
    }

      at write (src/observability/safeLogger.js:178:17)

  console.info
    {
      component: 'http',
      event: 'request_completed',
      requestId: '01133903-de0a-47ca-af17-bae6ff1cc7c3',
      methodClass: 'POST',
      durationMs: 21,
      statusCode: 201
    }

      at write (src/observability/safeLogger.js:178:17)

  console.info
    {
      component: 'http',
      event: 'request_completed',
      requestId: '68c32e2f-bc38-4a9f-8c24-1cbe15126057',
      methodClass: 'POST',
      durationMs: 18,
      statusCode: 201
    }

      at write (src/observability/safeLogger.js:178:17)

  console.info
    {
      component: 'http',
      event: 'request_completed',
      requestId: '2e5030ff-d9f4-4966-8960-c050601dbd69',
      methodClass: 'POST',
      durationMs: 12,
      statusCode: 403
    }

      at write (src/observability/safeLogger.js:178:17)

  console.info
    {
      component: 'http',
      event: 'request_completed',
      requestId: 'a88898bf-d522-4ac5-873f-d5ed8ffb208a',
      methodClass: 'POST',
      durationMs: 2,
      statusCode: 403
    }

      at write (src/observability/safeLogger.js:178:17)

  console.info
    {
      component: 'http',
      event: 'request_completed',
      requestId: '6b5995ad-632e-4c2c-a6a0-6ddfc90e509c',
      methodClass: 'POST',
      durationMs: 8,
      statusCode: 201
    }

      at write (src/observability/safeLogger.js:178:17)

  console.info
    {
      component: 'http',
      event: 'request_completed',
      requestId: '6bd0bb15-2c0e-440b-9342-663b0f2c6a72',
      methodClass: 'GET',
      durationMs: 4,
      statusCode: 200
    }

      at write (src/observability/safeLogger.js:178:17)

  console.info
    {
      component: 'http',
      event: 'request_completed',
      requestId: '3971cb38-6668-410b-9b1f-aa802a16b3cf',
      methodClass: 'GET',
      durationMs: 5,
      statusCode: 200
    }

      at write (src/observability/safeLogger.js:178:17)

  console.info
    {
      component: 'http',
      event: 'request_completed',
      requestId: '9ca8b7df-a701-4ac3-a140-d53319d4badc',
      methodClass: 'PUT',
      durationMs: 5,
      statusCode: 200
    }

      at write (src/observability/safeLogger.js:178:17)

  console.info
    {
      component: 'http',
      event: 'request_completed',
      requestId: 'd2af3579-b0c4-4c3d-a967-b59d3c0be69b',
      methodClass: 'PUT',
      durationMs: 7,
      statusCode: 409
    }

      at write (src/observability/safeLogger.js:178:17)

  console.info
    {
      component: 'http',
      event: 'request_completed',
      requestId: '0b10d11a-13e2-4d7e-b989-edf1ca942959',
      methodClass: 'PATCH',
      durationMs: 2,
      statusCode: 403
    }

      at write (src/observability/safeLogger.js:178:17)

  console.info
    {
      component: 'http',
      event: 'request_completed',
      requestId: '176342bd-29ea-45f3-9fb2-e0f6d61c6638',
      methodClass: 'PATCH',
      durationMs: 6,
      statusCode: 200
    }

      at write (src/observability/safeLogger.js:178:17)

  console.info
    {
      component: 'http',
      event: 'request_completed',
      requestId: 'f094102e-51ef-4ae9-9544-1b14d8430b9d',
      methodClass: 'PATCH',
      durationMs: 5,
      statusCode: 200
    }

      at write (src/observability/safeLogger.js:178:17)

  console.info
    {
      component: 'http',
      event: 'request_completed',
      requestId: 'cba3e75a-0d99-4ab6-9999-9a6c52d2d063',
      methodClass: 'POST',
      durationMs: 7,
      statusCode: 409
    }

      at write (src/observability/safeLogger.js:178:17)

  console.info
    {
      component: 'http',
      event: 'request_completed',
      requestId: '8addc743-721c-4b8d-9de6-2e1ecfa2b912',
      methodClass: 'POST',
      durationMs: 3,
      statusCode: 400
    }

      at write (src/observability/safeLogger.js:178:17)

  console.info
    {
      component: 'http',
      event: 'request_completed',
      requestId: '7c4c7246-f7fd-49ed-9cb5-feccfbd5a410',
      methodClass: 'POST',
      durationMs: 4,
      statusCode: 400
    }

      at write (src/observability/safeLogger.js:178:17)

  console.info
    {
      component: 'http',
      event: 'request_completed',
      requestId: '1243f85e-4fc2-48fa-89e3-c7368a68fee3',
      methodClass: 'PUT',
      durationMs: 4,
      statusCode: 404
    }

      at write (src/observability/safeLogger.js:178:17)

  console.info
    {
      component: 'http',
      event: 'request_completed',
      requestId: 'cb398d6a-ac13-4012-be72-b88df236e770',
      methodClass: 'POST',
      durationMs: 2,
      statusCode: 400
    }

      at write (src/observability/safeLogger.js:178:17)

  console.info
    {
      component: 'http',
      event: 'request_completed',
      requestId: '9be49a3e-f845-4636-a00c-5fc2853deb5d',
      methodClass: 'POST',
      durationMs: 3,
      statusCode: 400
    }

      at write (src/observability/safeLogger.js:178:17)

  console.info
    {
      component: 'http',
      event: 'request_completed',
      requestId: '8a27aac9-99f4-43a4-8216-5c0d6902c5c4',
      methodClass: 'POST',
      durationMs: 3,
      statusCode: 400
    }

      at write (src/observability/safeLogger.js:178:17)

  console.info
    {
      component: 'http',
      event: 'request_completed',
      requestId: '7a303dd4-309f-45eb-a50c-a8f9ad7c1314',
      methodClass: 'POST',
      durationMs: 2,
      statusCode: 400
    }

      at write (src/observability/safeLogger.js:178:17)

  console.info
    {
      component: 'http',
      event: 'request_completed',
      requestId: 'b94a7dba-11ec-4822-9f30-f27393ebde69',
      methodClass: 'POST',
      durationMs: 4,
      statusCode: 400
    }

      at write (src/observability/safeLogger.js:178:17)

  console.info
    {
      component: 'http',
      event: 'request_completed',
      requestId: '66fe889d-bd9f-4f31-834d-d54183c20ad0',
      methodClass: 'POST',
      durationMs: 2,
      statusCode: 400
    }

      at write (src/observability/safeLogger.js:178:17)

  console.info
    {
      component: 'http',
      event: 'request_completed',
      requestId: '9747f30c-0c36-4803-8d58-30b0973ff9e0',
      methodClass: 'POST',
      durationMs: 6,
      statusCode: 201
    }

      at write (src/observability/safeLogger.js:178:17)

  console.info
    {
      component: 'http',
      event: 'request_completed',
      requestId: '30a2ca45-dc31-4c37-8bb8-915b259c5858',
      methodClass: 'PATCH',
      durationMs: 5,
      statusCode: 200
    }

      at write (src/observability/safeLogger.js:178:17)

  console.info
    {
      component: 'http',
      event: 'request_completed',
      requestId: '741add7e-9322-4f43-af9b-f3a179f4c59c',
      methodClass: 'POST',
      durationMs: 6,
      statusCode: 201
    }

      at write (src/observability/safeLogger.js:178:17)

  console.info
    {
      component: 'http',
      event: 'request_completed',
      requestId: 'd370fd07-3a0c-405c-80f3-4bd93d43eaf9',
      methodClass: 'PATCH',
      durationMs: 6,
      statusCode: 200
    }

      at write (src/observability/safeLogger.js:178:17)

  console.info
    {
      component: 'http',
      event: 'request_completed',
      requestId: '261d0c0c-c2c0-47e0-9169-77d190bd5a23',
      methodClass: 'PATCH',
      durationMs: 3,
      statusCode: 409
    }

      at write (src/observability/safeLogger.js:178:17)

  console.info
    {
      component: 'http',
      event: 'request_completed',
      requestId: 'a8c92569-759d-4fb7-806f-d9f13ce7ad94',
      methodClass: 'PATCH',
      durationMs: 4,
      statusCode: 409
    }

      at write (src/observability/safeLogger.js:178:17)

  console.info
    {
      component: 'http',
      event: 'request_completed',
      requestId: '3d0c12ac-9577-4221-826f-65e0024eb698',
      methodClass: 'PUT',
      durationMs: 5,
      statusCode: 200
    }

      at write (src/observability/safeLogger.js:178:17)

  console.info
    {
      component: 'http',
      event: 'request_completed',
      requestId: '62ef1219-ca06-442e-878f-c52975b3262d',
      methodClass: 'PATCH',
      durationMs: 5,
      statusCode: 200
    }

      at write (src/observability/safeLogger.js:178:17)

  console.log
    [DB] Migration applied: 001_initial_schema.sql

      at Object.log [as runMigrations] (src/db.js:1312:42)

  console.log
    [DB] Migration applied: 002_seed_data.sql

      at Object.log [as runMigrations] (src/db.js:1312:42)

  console.log
    [DB] Migration applied: 003_voice_sessions.sql

      at Object.log [as runMigrations] (src/db.js:1312:42)

  console.log
    [DB] Migration applied: 004_canonical_persistence_v2.sql

      at Object.log [as runMigrations] (src/db.js:1312:42)

  console.log
    [DB] Migration applied: 005_canonical_organization_authority.sql

      at Object.log [as runMigrations] (src/db.js:1312:42)

  console.log
    [DB] Migration applied: 006_canonical_voice_sessions.sql

      at Object.log [as runMigrations] (src/db.js:1312:42)

  console.log
    [DB] Migration applied: 007_canonical_tax_authority.sql

      at Object.log [as runMigrations] (src/db.js:1312:42)

  console.log
    [DB] Migration applied: 008_canonical_demo_authority.sql

      at Object.log [as runMigrations] (src/db.js:1312:42)

  console.log
    [DB] Migration applied: 009_canonical_voice_provider_identity.sql

      at Object.log [as runMigrations] (src/db.js:1312:42)

  console.log
    [DB] Migration applied: 010_account_session_authority.sql

      at Object.log [as runMigrations] (src/db.js:1312:42)

  console.log
    [DB] Migration applied: 011_oauth_authorization_states.sql

      at Object.log [as runMigrations] (src/db.js:1312:42)

  console.log
    [DB] Migration applied: 012_account_verification_trial.sql

      at Object.log [as runMigrations] (src/db.js:1312:42)

  console.log
    [DB] Migration applied: 015_workforce_authority.sql

      at Object.log [as runMigrations] (src/db.js:1312:42)

  console.log
    [DB] Migration applied: 016_tenant_asset_catalogue.sql

      at Object.log [as runMigrations] (src/db.js:1312:42)

  console.log
    [DB] Migration applied: 017_retell_webhook_replay_authority.sql

      at Object.log [as runMigrations] (src/db.js:1312:42)

  console.log
    [DB] Migration applied: 018_canonical_map_preferences.sql

      at Object.log [as runMigrations] (src/db.js:1312:42)

  console.log
    [DB] Migration applied: 019_account_email_outbox.sql

      at Object.log [as runMigrations] (src/db.js:1312:42)

  console.log
    [DB] Migration applied: 020_canonical_workforce_access_roles.sql

      at Object.log [as runMigrations] (src/db.js:1312:42)

  console.log
    [DB] Migration applied: 021_bounded_api_observability.sql

      at Object.log [as runMigrations] (src/db.js:1312:42)

  console.log
    [DB] Migration applied: 022_demo_command_center_sessions.sql

      at Object.log [as runMigrations] (src/db.js:1312:42)

  console.log
    [DB] Migration applied: 023_homepage_demo_admission.sql

      at Object.log [as runMigrations] (src/db.js:1312:42)

  console.log
    [DB] Migration applied: 024_homepage_verified_purge_receipt.sql

      at Object.log [as runMigrations] (src/db.js:1312:42)

  console.log
    [DB] Migration applied: 025_provider_agnostic_knowledge_registry.sql

      at Object.log [as runMigrations] (src/db.js:1312:42)

  console.log
    [DB] Migration applied: 026_canonical_knowledge_review_publication.sql

      at Object.log [as runMigrations] (src/db.js:1312:42)

  console.log
    [DB] Migration applied: 027_canonical_knowledge_audit_graph_authority.sql

      at Object.log [as runMigrations] (src/db.js:1312:42)

  console.log
    [DB] Migration applied: 028_canonical_knowledge_immutable_lifecycle.sql

      at Object.log [as runMigrations] (src/db.js:1312:42)

  console.log
    [DB] Migration applied: 029_canonical_knowledge_transactional_sync.sql

      at Object.log [as runMigrations] (src/db.js:1312:42)

  console.log
    [DB] Migration applied: 030_canonical_knowledge_sync_revocation.sql

      at Object.log [as runMigrations] (src/db.js:1312:42)

  console.log
    [DB] Migration applied: 031_canonical_knowledge_sync_recovery_lifecycle.sql

      at Object.log [as runMigrations] (src/db.js:1312:42)

  console.log
    [DB] Migration applied: 032_canonical_schedule_assignment_authority.sql

      at Object.log [as runMigrations] (src/db.js:1312:42)

  console.log
    [DB] Migration applied: 033_canonical_schedule_time_evidence.sql

      at Object.log [as runMigrations] (src/db.js:1312:42)

  console.log
    [DB] Migration applied: 034_schedule_availability_conflict_authority.sql

      at Object.log [as runMigrations] (src/db.js:1312:42)

  console.log
    [DB] Migration applied: 035_schedule_human_preview_approval.sql

      at Object.log [as runMigrations] (src/db.js:1312:42)

  console.log
    [DB] Migration applied: 001_initial_schema.sql

      at log (src/db.js:1312:42)

  console.log
    [DB] Migration applied: 002_seed_data.sql

      at log (src/db.js:1312:42)

  console.log
    [DB] Migration applied: 003_voice_sessions.sql

      at log (src/db.js:1312:42)

  console.log
    [DB] Migration applied: 004_canonical_persistence_v2.sql

      at log (src/db.js:1312:42)

  console.log
    [DB] Migration applied: 005_canonical_organization_authority.sql

      at log (src/db.js:1312:42)

  console.log
    [DB] Migration applied: 006_canonical_voice_sessions.sql

      at log (src/db.js:1312:42)

  console.log
    [DB] Migration applied: 007_canonical_tax_authority.sql

      at log (src/db.js:1312:42)

  console.log
    [DB] Migration applied: 008_canonical_demo_authority.sql

      at log (src/db.js:1312:42)

  console.log
    [DB] Migration applied: 009_canonical_voice_provider_identity.sql

      at log (src/db.js:1312:42)

  console.log
    [DB] Migration applied: 010_account_session_authority.sql

      at log (src/db.js:1312:42)

  console.log
    [DB] Migration applied: 011_oauth_authorization_states.sql

      at log (src/db.js:1312:42)

  console.log
    [DB] Migration applied: 012_account_verification_trial.sql

      at log (src/db.js:1312:42)

  console.log
    [DB] Migration applied: 015_workforce_authority.sql

      at log (src/db.js:1312:42)

  console.log
    [DB] Migration applied: 016_tenant_asset_catalogue.sql

      at log (src/db.js:1312:42)

  console.log
    [DB] Migration applied: 017_retell_webhook_replay_authority.sql

      at log (src/db.js:1312:42)

  console.log
    [DB] Migration applied: 018_canonical_map_preferences.sql

      at log (src/db.js:1312:42)

  console.log
    [DB] Migration applied: 019_account_email_outbox.sql

      at log (src/db.js:1312:42)

  console.log
    [DB] Migration applied: 020_canonical_workforce_access_roles.sql

      at log (src/db.js:1312:42)

  console.log
    [DB] Migration applied: 021_bounded_api_observability.sql

      at log (src/db.js:1312:42)

  console.log
    [DB] Migration applied: 022_demo_command_center_sessions.sql

      at log (src/db.js:1312:42)

  console.log
    [DB] Migration applied: 023_homepage_demo_admission.sql

      at log (src/db.js:1312:42)

  console.log
    [DB] Migration applied: 024_homepage_verified_purge_receipt.sql

      at log (src/db.js:1312:42)

  console.log
    [DB] Migration applied: 025_provider_agnostic_knowledge_registry.sql

      at log (src/db.js:1312:42)

  console.log
    [DB] Migration applied: 026_canonical_knowledge_review_publication.sql

      at log (src/db.js:1312:42)

  console.log
    [DB] Migration applied: 027_canonical_knowledge_audit_graph_authority.sql

      at log (src/db.js:1312:42)

  console.log
    [DB] Migration applied: 028_canonical_knowledge_immutable_lifecycle.sql

      at log (src/db.js:1312:42)

  console.log
    [DB] Migration applied: 029_canonical_knowledge_transactional_sync.sql

      at log (src/db.js:1312:42)

  console.log
    [DB] Migration applied: 030_canonical_knowledge_sync_revocation.sql

      at log (src/db.js:1312:42)

  console.log
    [DB] Migration applied: 031_canonical_knowledge_sync_recovery_lifecycle.sql

      at log (src/db.js:1312:42)

  console.log
    [DB] Migration applied: 032_canonical_schedule_assignment_authority.sql

      at log (src/db.js:1312:42)

  console.log
    [DB] Migration applied: 033_canonical_schedule_time_evidence.sql

      at log (src/db.js:1312:42)

  console.log
    [DB] Migration applied: 034_schedule_availability_conflict_authority.sql

      at log (src/db.js:1312:42)

  console.log
    [DB] Migration applied: 035_schedule_human_preview_approval.sql

      at log (src/db.js:1312:42)

  console.info
    {
      component: 'http',
      event: 'request_completed',
      requestId: 'f55dfeaa-638c-41e1-9d21-8a626e5af9f6',
      methodClass: 'GET',
      durationMs: 8,
      statusCode: 200
    }

      at write (src/observability/safeLogger.js:178:17)

  console.info
    {
      component: 'http',
      event: 'request_completed',
      requestId: '2096508b-a919-4809-a53b-75564b5c9357',
      methodClass: 'PUT',
      durationMs: 14,
      statusCode: 200
    }

      at write (src/observability/safeLogger.js:178:17)

  console.info
    {
      component: 'http',
      event: 'request_completed',
      requestId: '189ebb6c-9de7-4eaa-a4b6-33090dbf7ad5',
      methodClass: 'PUT',
      durationMs: 56,
      statusCode: 200
    }

      at write (src/observability/safeLogger.js:178:17)

  console.info
    {
      component: 'http',
      event: 'request_completed',
      requestId: 'e7f01ab5-d05f-401f-b8b1-b6107fb937d0',
      methodClass: 'PUT',
      durationMs: 8,
      statusCode: 200
    }

      at write (src/observability/safeLogger.js:178:17)

  console.info
    {
      component: 'http',
      event: 'request_completed',
      requestId: '82194e09-c3f0-44d2-9108-3779217110cb',
      methodClass: 'PUT',
      durationMs: 7,
      statusCode: 200
    }

      at write (src/observability/safeLogger.js:178:17)

  console.info
    {
      component: 'http',
      event: 'request_completed',
      requestId: 'f26233df-ed0d-4f01-9f2c-761936b68e38',
      methodClass: 'PUT',
      durationMs: 5,
      statusCode: 409
    }

      at write (src/observability/safeLogger.js:178:17)

  console.info
    {
      component: 'http',
      event: 'request_completed',
      requestId: '624b027d-6a72-416f-a21b-4f17d116a5fe',
      methodClass: 'PUT',
      durationMs: 9,
      statusCode: 200
    }

      at write (src/observability/safeLogger.js:178:17)

  console.info
    {
      component: 'http',
      event: 'request_completed',
      requestId: '3a9587bc-4e55-447c-98ea-7f8880132ec4',
      methodClass: 'PUT',
      durationMs: 10,
      statusCode: 409
    }

      at write (src/observability/safeLogger.js:178:17)

  console.info
    {
      component: 'http',
      event: 'request_completed',
      requestId: 'a686b3e1-a0ce-4db9-8f55-ede671777391',
      methodClass: 'GET',
      durationMs: 5,
      statusCode: 200
    }

      at write (src/observability/safeLogger.js:178:17)

  console.info
    {
      component: 'http',
      event: 'request_completed',
      requestId: '3d022916-71a2-452e-bea8-4cf1e13a1f03',
      methodClass: 'PUT',
      durationMs: 10,
      statusCode: 200
    }

      at write (src/observability/safeLogger.js:178:17)

  console.info
    {
      component: 'http',
      event: 'request_completed',
      requestId: '321d7461-1d35-4354-a37d-066f219df178',
      methodClass: 'GET',
      durationMs: 2,
      statusCode: 200
    }

      at write (src/observability/safeLogger.js:178:17)

  console.info
    {
      component: 'http',
      event: 'request_completed',
      requestId: 'd5799ad9-cd53-4f7e-a661-16b582c80b2c',
      methodClass: 'PUT',
      durationMs: 2,
      statusCode: 400
    }

      at write (src/observability/safeLogger.js:178:17)

  console.info
    {
      component: 'http',
      event: 'request_completed',
      requestId: 'c166d214-0fbc-419b-ba3e-c714af29d2cb',
      methodClass: 'PUT',
      durationMs: 2,
      statusCode: 400
    }

      at write (src/observability/safeLogger.js:178:17)

  console.info
    {
      component: 'http',
      event: 'request_completed',
      requestId: '9e947966-5500-4b2c-b9e2-0a1b3962a1d4',
      methodClass: 'PUT',
      durationMs: 2,
      statusCode: 400
    }

      at write (src/observability/safeLogger.js:178:17)

  console.info
    {
      component: 'http',
      event: 'request_completed',
      requestId: 'c7f3e28d-42c6-4dca-a41a-4bcacbad22c8',
      methodClass: 'PUT',
      durationMs: 2,
      statusCode: 400
    }

      at write (src/observability/safeLogger.js:178:17)

  console.info
    {
      component: 'http',
      event: 'request_completed',
      requestId: '1ca5940d-3030-40a5-8b93-22109b649b55',
      methodClass: 'PUT',
      durationMs: 2,
      statusCode: 400
    }

      at write (src/observability/safeLogger.js:178:17)

  console.info
    {
      component: 'http',
      event: 'request_completed',
      requestId: '28551070-b6ed-4425-8c68-45da4196fc9f',
      methodClass: 'PUT',
      durationMs: 3,
      statusCode: 400
    }

      at write (src/observability/safeLogger.js:178:17)

  console.info
    {
      component: 'http',
      event: 'request_completed',
      requestId: '049a9831-9a21-49ee-a8d2-b060e08edfe2',
      methodClass: 'PUT',
      durationMs: 2,
      statusCode: 403
    }

      at write (src/observability/safeLogger.js:178:17)

  console.info
    {
      component: 'http',
      event: 'request_completed',
      requestId: '34a40f2e-cb8b-4079-a5e2-f13dc9b06d9d',
      methodClass: 'PUT',
      durationMs: 2,
      statusCode: 403
    }

      at write (src/observability/safeLogger.js:178:17)

  console.info
    {
      component: 'http',
      event: 'request_completed',
      requestId: 'eb1d9f7c-0c1b-4d2c-a1c9-fe9f313d574b',
      methodClass: 'PUT',
      durationMs: 0,
      statusCode: 401
    }

      at write (src/observability/safeLogger.js:178:17)

  console.info
    {
      component: 'http',
      event: 'request_completed',
      requestId: '2c2a83e8-3848-4b34-b007-05b43142fd84',
      methodClass: 'PUT',
      durationMs: 4,
      statusCode: 403
    }

      at write (src/observability/safeLogger.js:178:17)

  console.info
    {
      component: 'http',
      event: 'request_completed',
      requestId: '66ac1a20-6f2e-4392-8b9c-a349f12ef0d8',
      methodClass: 'GET',
      durationMs: 3,
      statusCode: 200
    }

      at write (src/observability/safeLogger.js:178:17)

  console.info
    {
      component: 'http',
      event: 'request_completed',
      requestId: '206b299a-3df7-45fc-a42d-ace0675b7668',
      methodClass: 'GET',
      durationMs: 3,
      statusCode: 200
    }

      at write (src/observability/safeLogger.js:178:17)

  console.info
    {
      component: 'http',
      event: 'request_completed',
      requestId: '201b2b25-9145-4793-b5d6-2c50b84b8fe8',
      methodClass: 'PUT',
      durationMs: 5,
      statusCode: 200
    }

      at write (src/observability/safeLogger.js:178:17)

  console.info
    {
      component: 'http',
      event: 'request_completed',
      requestId: '92e8f863-0987-48b2-89da-f132a63cc705',
      methodClass: 'GET',
      durationMs: 3,
      statusCode: 200
    }

      at write (src/observability/safeLogger.js:178:17)

  console.info
    {
      component: 'http',
      event: 'request_completed',
      requestId: '2909006a-627f-4e54-8760-17812575052f',
      methodClass: 'POST',
      durationMs: 4,
      statusCode: 410
    }

      at write (src/observability/safeLogger.js:178:17)

  console.info
    {
      component: 'http',
      event: 'request_completed',
      requestId: '26599deb-0106-41c8-aeff-f27be3c6da26',
      methodClass: 'POST',
      durationMs: 2,
      statusCode: 410
    }

      at write (src/observability/safeLogger.js:178:17)

  console.info
    {
      component: 'http',
      event: 'request_completed',
      requestId: 'fd00de1f-fbba-4321-8c2c-e48d8d09cb35',
      methodClass: 'POST',
      durationMs: 2,
      statusCode: 403
    }

      at write (src/observability/safeLogger.js:178:17)

  console.info
    {
      component: 'http',
      event: 'request_completed',
      requestId: '2518d428-bb9d-4dc2-a0e2-100568076bdd',
      methodClass: 'POST',
      durationMs: 2,
      statusCode: 403
    }

      at write (src/observability/safeLogger.js:178:17)

  console.log
    [DB] Migration applied: 001_initial_schema.sql

      at Object.log [as runMigrations] (src/db.js:1312:42)

  console.log
    [DB] Migration applied: 002_seed_data.sql

      at Object.log [as runMigrations] (src/db.js:1312:42)

  console.log
    [DB] Migration applied: 003_voice_sessions.sql

      at Object.log [as runMigrations] (src/db.js:1312:42)

  console.log
    [DB] Migration applied: 004_canonical_persistence_v2.sql

      at Object.log [as runMigrations] (src/db.js:1312:42)

  console.log
    [DB] Migration applied: 005_canonical_organization_authority.sql

      at Object.log [as runMigrations] (src/db.js:1312:42)

  console.log
    [DB] Migration applied: 006_canonical_voice_sessions.sql

      at Object.log [as runMigrations] (src/db.js:1312:42)

  console.log
    [DB] Migration applied: 007_canonical_tax_authority.sql

      at Object.log [as runMigrations] (src/db.js:1312:42)

  console.log
    [DB] Migration applied: 008_canonical_demo_authority.sql

      at Object.log [as runMigrations] (src/db.js:1312:42)

  console.log
    [DB] Migration applied: 009_canonical_voice_provider_identity.sql

      at Object.log [as runMigrations] (src/db.js:1312:42)

  console.log
    [DB] Migration applied: 010_account_session_authority.sql

      at Object.log [as runMigrations] (src/db.js:1312:42)

  console.log
    [DB] Migration applied: 011_oauth_authorization_states.sql

      at Object.log [as runMigrations] (src/db.js:1312:42)

  console.log
    [DB] Migration applied: 012_account_verification_trial.sql

      at Object.log [as runMigrations] (src/db.js:1312:42)

  console.log
    [DB] Migration applied: 015_workforce_authority.sql

      at Object.log [as runMigrations] (src/db.js:1312:42)

  console.log
    [DB] Migration applied: 016_tenant_asset_catalogue.sql

      at Object.log [as runMigrations] (src/db.js:1312:42)

  console.log
    [DB] Migration applied: 017_retell_webhook_replay_authority.sql

      at Object.log [as runMigrations] (src/db.js:1312:42)

  console.log
    [DB] Migration applied: 018_canonical_map_preferences.sql

      at Object.log [as runMigrations] (src/db.js:1312:42)

  console.log
    [DB] Migration applied: 019_account_email_outbox.sql

      at Object.log [as runMigrations] (src/db.js:1312:42)

  console.log
    [DB] Migration applied: 021_bounded_api_observability.sql

      at Object.log [as runMigrations] (src/db.js:1312:42)

  console.log
    [DB] Migration applied: 022_demo_command_center_sessions.sql

      at Object.log [as runMigrations] (src/db.js:1312:42)

  console.log
    [DB] Migration applied: 023_homepage_demo_admission.sql

      at Object.log [as runMigrations] (src/db.js:1312:42)

  console.log
    [DB] Migration applied: 024_homepage_verified_purge_receipt.sql

      at Object.log [as runMigrations] (src/db.js:1312:42)

  console.log
    [DB] Migration applied: 025_provider_agnostic_knowledge_registry.sql

      at Object.log [as runMigrations] (src/db.js:1312:42)

  console.log
    [DB] Migration applied: 026_canonical_knowledge_review_publication.sql

      at Object.log [as runMigrations] (src/db.js:1312:42)

  console.log
    [DB] Migration applied: 027_canonical_knowledge_audit_graph_authority.sql

      at Object.log [as runMigrations] (src/db.js:1312:42)

  console.log
    [DB] Migration applied: 028_canonical_knowledge_immutable_lifecycle.sql

      at Object.log [as runMigrations] (src/db.js:1312:42)

  console.log
    [DB] Migration applied: 029_canonical_knowledge_transactional_sync.sql

      at Object.log [as runMigrations] (src/db.js:1312:42)

  console.log
    [DB] Migration applied: 030_canonical_knowledge_sync_revocation.sql

      at Object.log [as runMigrations] (src/db.js:1312:42)

  console.log
    [DB] Migration applied: 031_canonical_knowledge_sync_recovery_lifecycle.sql

      at Object.log [as runMigrations] (src/db.js:1312:42)

  console.log
    [DB] Migration applied: 032_canonical_schedule_assignment_authority.sql

      at Object.log [as runMigrations] (src/db.js:1312:42)

  console.log
    [DB] Migration applied: 033_canonical_schedule_time_evidence.sql

      at Object.log [as runMigrations] (src/db.js:1312:42)

  console.log
    [DB] Migration applied: 034_schedule_availability_conflict_authority.sql

      at Object.log [as runMigrations] (src/db.js:1312:42)

  console.log
    [DB] Migration applied: 035_schedule_human_preview_approval.sql

      at Object.log [as runMigrations] (src/db.js:1312:42)

  console.log
    [DB] Migration applied: 020_canonical_workforce_access_roles.sql

      at Object.log [as runMigrations] (src/db.js:1312:42)

  console.info
    {
      component: 'http',
      event: 'request_completed',
      requestId: '8fac0729-8c12-42b6-aa6e-95aca602c750',
      methodClass: 'GET',
      durationMs: 5,
      statusCode: 200
    }

      at write (src/observability/safeLogger.js:178:17)

  console.info
    {
      component: 'http',
      event: 'request_completed',
      requestId: '897fe97a-24bd-48f0-9bb9-505a95c5e6ce',
      methodClass: 'GET',
      durationMs: 75,
      statusCode: 200
    }

      at write (src/observability/safeLogger.js:178:17)

  console.info
    {
      component: 'http',
      event: 'request_completed',
      requestId: '32b1ed65-78c2-46f0-9453-abe78cdba7b2',
      methodClass: 'POST',
      durationMs: 9,
      statusCode: 403
    }

      at write (src/observability/safeLogger.js:178:17)

  console.info
    {
      component: 'http',
      event: 'request_completed',
      requestId: '541f709c-e11a-417c-a78e-90ac5f3733a7',
      methodClass: 'POST',
      durationMs: 9,
      statusCode: 403
    }

      at write (src/observability/safeLogger.js:178:17)

  console.info
    {
      component: 'http',
      event: 'request_completed',
      requestId: '2023f755-3969-4898-88de-953f9eb9d380',
      methodClass: 'GET',
      durationMs: 7,
      statusCode: 200
    }

      at write (src/observability/safeLogger.js:178:17)

  console.info
    {
      component: 'http',
      event: 'request_completed',
      requestId: 'bb95d480-6af2-4367-b228-4bbcf8c46000',
      methodClass: 'GET',
      durationMs: 13,
      statusCode: 200
    }

      at write (src/observability/safeLogger.js:178:17)

  console.info
    {
      component: 'http',
      event: 'request_completed',
      requestId: 'b94c03e4-30e0-46fd-9b87-5dae7df7c487',
      methodClass: 'POST',
      durationMs: 4,
      statusCode: 403
    }

      at write (src/observability/safeLogger.js:178:17)

  console.info
    {
      component: 'http',
      event: 'request_completed',
      requestId: '05210e8d-cf57-4076-8dda-d87ddd08bd8c',
      methodClass: 'POST',
      durationMs: 4,
      statusCode: 403
    }

      at write (src/observability/safeLogger.js:178:17)

  console.info
    {
      component: 'http',
      event: 'request_completed',
      requestId: 'e740d7e4-c42a-459c-903b-209b9492e749',
      methodClass: 'GET',
      durationMs: 1,
      statusCode: 410
    }

      at write (src/observability/safeLogger.js:178:17)

  console.info
    {
      component: 'http',
      event: 'request_completed',
      requestId: '47ff8299-0d99-429c-92c9-a0d35ead72d9',
      methodClass: 'GET',
      durationMs: 0,
      statusCode: 401
    }

      at write (src/observability/safeLogger.js:178:17)

  console.info
    {
      component: 'http',
      event: 'request_completed',
      requestId: '0b906554-be82-49fd-93c9-608e3e651b10',
      methodClass: 'POST',
      durationMs: 0,
      statusCode: 401
    }

      at write (src/observability/safeLogger.js:178:17)

  console.info
    {
      component: 'http',
      event: 'request_completed',
      requestId: 'f041553e-ca83-4ef1-9953-bcb9629d4eef',
      methodClass: 'POST',
      durationMs: 0,
      statusCode: 401
    }

      at write (src/observability/safeLogger.js:178:17)

  console.info
    {
      component: 'http',
      event: 'request_completed',
      requestId: '54475d59-9c8c-42c0-a04c-ea40e1f79d1c',
      methodClass: 'GET',
      durationMs: 0,
      statusCode: 401
    }

      at write (src/observability/safeLogger.js:178:17)

  console.info
    {
      component: 'http',
      event: 'request_completed',
      requestId: '65a73d02-671a-4b37-a15b-f0acc6338355',
      methodClass: 'POST',
      durationMs: 1,
      statusCode: 401
    }

      at write (src/observability/safeLogger.js:178:17)

  console.info
    {
      component: 'http',
      event: 'request_completed',
      requestId: 'df1a2582-0d8a-44e9-82db-b40d3f5f4d66',
      methodClass: 'GET',
      durationMs: 1,
      statusCode: 401
    }

      at write (src/observability/safeLogger.js:178:17)

  console.info
    {
      component: 'http',
      event: 'request_completed',
      requestId: '8c791db7-f399-4c23-b3af-b84ea6b2816e',
      methodClass: 'PUT',
      durationMs: 1,
      statusCode: 401
    }

      at write (src/observability/safeLogger.js:178:17)

  console.info
    {
      component: 'http',
      event: 'request_completed',
      requestId: '8e61383c-d7a6-43d3-a5bd-3351f797088d',
      methodClass: 'GET',
      durationMs: 1,
      statusCode: 401
    }

      at write (src/observability/safeLogger.js:178:17)

  console.info
    {
      component: 'http',
      event: 'request_completed',
      requestId: '4dd0c375-04a9-41a8-b812-3cc9bcfb0482',
      methodClass: 'GET',
      durationMs: 0,
      statusCode: 401
    }

      at write (src/observability/safeLogger.js:178:17)

  console.info
    {
      component: 'http',
      event: 'request_completed',
      requestId: '995a01e0-33c6-4732-96c0-f627ed1b291d',
      methodClass: 'POST',
      durationMs: 0,
      statusCode: 401
    }

      at write (src/observability/safeLogger.js:178:17)

  console.info
    {
      component: 'http',
      event: 'request_completed',
      requestId: '8a91d311-8188-40c1-85da-6f7f45d3c700',
      methodClass: 'GET',
      durationMs: 1,
      statusCode: 401
    }

      at write (src/observability/safeLogger.js:178:17)

  console.info
    {
      component: 'http',
      event: 'request_completed',
      requestId: 'da44956e-951b-4fb7-a912-6c8f92bdc467',
      methodClass: 'GET',
      durationMs: 0,
      statusCode: 401
    }

      at write (src/observability/safeLogger.js:178:17)

  console.info
    {
      component: 'http',
      event: 'request_completed',
      requestId: 'f952ac84-df61-4e99-a924-ccb25499c658',
      methodClass: 'POST',
      durationMs: 0,
      statusCode: 401
    }

      at write (src/observability/safeLogger.js:178:17)

  console.info
    {
      component: 'http',
      event: 'request_completed',
      requestId: '11167949-7952-4bf3-bf64-8e90ad0a4c8f',
      methodClass: 'POST',
      durationMs: 0,
      statusCode: 401
    }

      at write (src/observability/safeLogger.js:178:17)

  console.info
    {
      component: 'http',
      event: 'request_completed',
      requestId: 'f143eb60-a04c-41cc-a4c7-539f8b4bda91',
      methodClass: 'GET',
      durationMs: 1,
      statusCode: 401
    }

      at write (src/observability/safeLogger.js:178:17)

  console.info
    {
      component: 'http',
      event: 'request_completed',
      requestId: '8ca87728-b94f-439a-98e8-6c83773da967',
      methodClass: 'POST',
      durationMs: 0,
      statusCode: 401
    }

      at write (src/observability/safeLogger.js:178:17)

  console.info
    {
      component: 'http',
      event: 'request_completed',
      requestId: '09cba294-769b-44a2-a904-6f9765e82ceb',
      methodClass: 'GET',
      durationMs: 0,
      statusCode: 401
    }

      at write (src/observability/safeLogger.js:178:17)

  console.info
    {
      component: 'http',
      event: 'request_completed',
      requestId: 'cfec4989-3002-4ed6-ba27-682919fd2a0c',
      methodClass: 'POST',
      durationMs: 0,
      statusCode: 401
    }

      at write (src/observability/safeLogger.js:178:17)

  console.info
    {
      component: 'http',
      event: 'request_completed',
      requestId: '18b4a341-2e2b-4ebe-87d2-a0ab08661191',
      methodClass: 'GET',
      durationMs: 1,
      statusCode: 401
    }

      at write (src/observability/safeLogger.js:178:17)

  console.info
    {
      component: 'http',
      event: 'request_completed',
      requestId: 'd654e1bd-e19e-4bc0-8cee-951066fc19f2',
      methodClass: 'PUT',
      durationMs: 0,
      statusCode: 401
    }

      at write (src/observability/safeLogger.js:178:17)

  console.info
    {
      component: 'http',
      event: 'request_completed',
      requestId: 'a245c93f-9f82-47ee-aa69-fbe416f84fec',
      methodClass: 'GET',
      durationMs: 1,
      statusCode: 401
    }

      at write (src/observability/safeLogger.js:178:17)

  console.info
    {
      component: 'http',
      event: 'request_completed',
      requestId: '0ea0d4b4-295f-4921-93f2-789d0a6a0dcc',
      methodClass: 'GET',
      durationMs: 0,
      statusCode: 401
    }

      at write (src/observability/safeLogger.js:178:17)

  console.info
    {
      component: 'http',
      event: 'request_completed',
      requestId: '2e589b41-473e-4f9a-89ac-032ca09a36fd',
      methodClass: 'GET',
      durationMs: 1,
      statusCode: 401
    }

      at write (src/observability/safeLogger.js:178:17)

  console.info
    {
      component: 'http',
      event: 'request_completed',
      requestId: '38b591d3-5429-4e50-b143-988a3317bb67',
      methodClass: 'GET',
      durationMs: 0,
      statusCode: 401
    }

      at write (src/observability/safeLogger.js:178:17)

  console.warn
    [Auth] PostgreSQL account authority unavailable: {
      requestId: 'a15571b5-9500-494d-b294-0d5690c1c432',
      event: 'login_failed'
    }

      20 |   }
      21 |   if (error instanceof AccountPersistenceError || (error && error.name === 'AccountPersistenceError')) {
    > 22 |     console.warn('[Auth] PostgreSQL account authority unavailable:', { requestId: requestId(req), event });
         |             ^
      23 |     return failure(req, res, 503, 'account_authority_unavailable', 'Account service is temporarily unavailable');
      24 |   }
      25 |   console.error('[Auth] Request failed:', { requestId: requestId(req), event });

      at warn (src/routes/auth.js:22:13)
      at handleError (src/routes/auth.js:56:14)

  console.info
    {
      component: 'http',
      event: 'request_completed',
      requestId: 'a15571b5-9500-494d-b294-0d5690c1c432',
      methodClass: 'POST',
      durationMs: 3,
      statusCode: 503
    }

      at write (src/observability/safeLogger.js:178:17)

  console.info
    {
      component: 'http',
      event: 'request_completed',
      requestId: 'e07ded61-a71d-4fd8-ae8f-412389a4deb9',
      methodClass: 'GET',
      durationMs: 0,
      statusCode: 401
    }

      at write (src/observability/safeLogger.js:178:17)

  console.info
    {
      component: 'http',
      event: 'request_completed',
      requestId: 'f50fd5f8-4462-40d9-9b9d-4b010d700b75',
      methodClass: 'GET',
      durationMs: 1,
      statusCode: 503
    }

      at write (src/observability/safeLogger.js:178:17)

  console.log
    [DB] Migration applied: 001_initial_schema.sql

      at log (src/db.js:1312:42)

  console.log
    [DB] Migration applied: 002_seed_data.sql

      at log (src/db.js:1312:42)

  console.log
    [DB] Migration applied: 003_voice_sessions.sql

      at log (src/db.js:1312:42)

  console.log
    [DB] Migration applied: 004_canonical_persistence_v2.sql

      at log (src/db.js:1312:42)

  console.log
    [DB] Migration applied: 005_canonical_organization_authority.sql

      at log (src/db.js:1312:42)

  console.log
    [DB] Migration applied: 006_canonical_voice_sessions.sql

      at log (src/db.js:1312:42)

  console.log
    [DB] Migration applied: 007_canonical_tax_authority.sql

      at log (src/db.js:1312:42)

  console.log
    [DB] Migration applied: 008_canonical_demo_authority.sql

      at log (src/db.js:1312:42)

  console.log
    [DB] Migration applied: 009_canonical_voice_provider_identity.sql

      at log (src/db.js:1312:42)

  console.log
    [DB] Migration applied: 010_account_session_authority.sql

      at log (src/db.js:1312:42)

  console.log
    [DB] Migration applied: 011_oauth_authorization_states.sql

      at log (src/db.js:1312:42)

  console.log
    [DB] Migration applied: 012_account_verification_trial.sql

      at log (src/db.js:1312:42)

  console.log
    [DB] Migration applied: 015_workforce_authority.sql

      at log (src/db.js:1312:42)

  console.log
    [DB] Migration applied: 016_tenant_asset_catalogue.sql

      at log (src/db.js:1312:42)

  console.log
    [DB] Migration applied: 017_retell_webhook_replay_authority.sql

      at log (src/db.js:1312:42)

  console.log
    [DB] Migration applied: 018_canonical_map_preferences.sql

      at log (src/db.js:1312:42)

  console.log
    [DB] Migration applied: 019_account_email_outbox.sql

      at log (src/db.js:1312:42)

  console.log
    [DB] Migration applied: 020_canonical_workforce_access_roles.sql

      at log (src/db.js:1312:42)

  console.log
    [DB] Migration applied: 021_bounded_api_observability.sql

      at log (src/db.js:1312:42)

  console.log
    [DB] Migration applied: 022_demo_command_center_sessions.sql

      at log (src/db.js:1312:42)

  console.log
    [DB] Migration applied: 023_homepage_demo_admission.sql

      at log (src/db.js:1312:42)

  console.log
    [DB] Migration applied: 024_homepage_verified_purge_receipt.sql

      at log (src/db.js:1312:42)

  console.log
    [DB] Migration applied: 025_provider_agnostic_knowledge_registry.sql

      at log (src/db.js:1312:42)

  console.log
    [DB] Migration applied: 026_canonical_knowledge_review_publication.sql

      at log (src/db.js:1312:42)

  console.log
    [DB] Migration applied: 027_canonical_knowledge_audit_graph_authority.sql

      at log (src/db.js:1312:42)

  console.log
    [DB] Migration applied: 028_canonical_knowledge_immutable_lifecycle.sql

      at log (src/db.js:1312:42)

  console.log
    [DB] Migration applied: 029_canonical_knowledge_transactional_sync.sql

      at log (src/db.js:1312:42)

  console.log
    [DB] Migration applied: 030_canonical_knowledge_sync_revocation.sql

      at log (src/db.js:1312:42)

  console.log
    [DB] Migration applied: 031_canonical_knowledge_sync_recovery_lifecycle.sql

      at log (src/db.js:1312:42)

  console.log
    [DB] Migration applied: 032_canonical_schedule_assignment_authority.sql

      at log (src/db.js:1312:42)

  console.log
    [DB] Migration applied: 033_canonical_schedule_time_evidence.sql

      at log (src/db.js:1312:42)

  console.log
    [DB] Migration applied: 034_schedule_availability_conflict_authority.sql

      at log (src/db.js:1312:42)

  console.log
    [DB] Migration applied: 035_schedule_human_preview_approval.sql

      at log (src/db.js:1312:42)

  console.info
    {
      component: 'http',
      event: 'request_completed',
      requestId: 'ea73b0dc-0d8b-419b-bf4c-ef3b98f0dd58',
      methodClass: 'GET',
      durationMs: 3,
      statusCode: 200
    }

      at write (src/observability/safeLogger.js:178:17)

  console.info
    {
      component: 'http',
      event: 'request_completed',
      requestId: '343059fa-f71b-4cc5-ae43-79fbe3d3e575',
      methodClass: 'GET',
      durationMs: 0,
      statusCode: 401
    }

      at write (src/observability/safeLogger.js:178:17)

  console.log
    [DB] Migration applied: 001_initial_schema.sql

      at log (src/db.js:1312:42)

  console.log
    [DB] Migration applied: 002_seed_data.sql

      at log (src/db.js:1312:42)

  console.log
    [DB] Migration applied: 003_voice_sessions.sql

      at log (src/db.js:1312:42)

  console.log
    [DB] Migration applied: 004_canonical_persistence_v2.sql

      at log (src/db.js:1312:42)

  console.log
    [DB] Migration applied: 005_canonical_organization_authority.sql

      at log (src/db.js:1312:42)

  console.log
    [DB] Migration applied: 006_canonical_voice_sessions.sql

      at log (src/db.js:1312:42)

  console.log
    [DB] Migration applied: 007_canonical_tax_authority.sql

      at log (src/db.js:1312:42)

  console.log
    [DB] Migration applied: 008_canonical_demo_authority.sql

      at log (src/db.js:1312:42)

  console.log
    [DB] Migration applied: 009_canonical_voice_provider_identity.sql

      at log (src/db.js:1312:42)

  console.log
    [DB] Migration applied: 010_account_session_authority.sql

      at log (src/db.js:1312:42)

  console.log
    [DB] Migration applied: 011_oauth_authorization_states.sql

      at log (src/db.js:1312:42)

  console.log
    [DB] Migration applied: 012_account_verification_trial.sql

      at log (src/db.js:1312:42)

  console.log
    [DB] Migration applied: 015_workforce_authority.sql

      at log (src/db.js:1312:42)

  console.log
    [DB] Migration applied: 016_tenant_asset_catalogue.sql

      at log (src/db.js:1312:42)

  console.log
    [DB] Migration applied: 017_retell_webhook_replay_authority.sql

      at log (src/db.js:1312:42)

  console.log
    [DB] Migration applied: 018_canonical_map_preferences.sql

      at log (src/db.js:1312:42)

  console.log
    [DB] Migration applied: 019_account_email_outbox.sql

      at log (src/db.js:1312:42)

  console.log
    [DB] Migration applied: 020_canonical_workforce_access_roles.sql

      at log (src/db.js:1312:42)

  console.log
    [DB] Migration applied: 021_bounded_api_observability.sql

      at log (src/db.js:1312:42)

  console.log
    [DB] Migration applied: 022_demo_command_center_sessions.sql

      at log (src/db.js:1312:42)

  console.log
    [DB] Migration applied: 023_homepage_demo_admission.sql

      at log (src/db.js:1312:42)

  console.log
    [DB] Migration applied: 024_homepage_verified_purge_receipt.sql

      at log (src/db.js:1312:42)

  console.log
    [DB] Migration applied: 025_provider_agnostic_knowledge_registry.sql

      at log (src/db.js:1312:42)

  console.log
    [DB] Migration applied: 026_canonical_knowledge_review_publication.sql

      at log (src/db.js:1312:42)

  console.log
    [DB] Migration applied: 027_canonical_knowledge_audit_graph_authority.sql

      at log (src/db.js:1312:42)

  console.log
    [DB] Migration applied: 028_canonical_knowledge_immutable_lifecycle.sql

      at log (src/db.js:1312:42)

  console.log
    [DB] Migration applied: 029_canonical_knowledge_transactional_sync.sql

      at log (src/db.js:1312:42)

  console.log
    [DB] Migration applied: 030_canonical_knowledge_sync_revocation.sql

      at log (src/db.js:1312:42)

  console.log
    [DB] Migration applied: 031_canonical_knowledge_sync_recovery_lifecycle.sql

      at log (src/db.js:1312:42)

  console.log
    [DB] Migration applied: 032_canonical_schedule_assignment_authority.sql

      at log (src/db.js:1312:42)

  console.log
    [DB] Migration applied: 033_canonical_schedule_time_evidence.sql

      at log (src/db.js:1312:42)

  console.log
    [DB] Migration applied: 034_schedule_availability_conflict_authority.sql

      at log (src/db.js:1312:42)

  console.log
    [DB] Migration applied: 035_schedule_human_preview_approval.sql

      at log (src/db.js:1312:42)

  console.info
    {
      component: 'http',
      event: 'request_completed',
      requestId: '28003cb6-b815-4b21-a1b8-0c4056a10075',
      methodClass: 'GET',
      durationMs: 5,
      statusCode: 200
    }

      at write (src/observability/safeLogger.js:178:17)

  console.info
    {
      component: 'http',
      event: 'request_completed',
      requestId: 'fd996f5e-cbc9-4158-99f0-9ab63c564f4e',
      methodClass: 'GET',
      durationMs: 3,
      statusCode: 200
    }

      at write (src/observability/safeLogger.js:178:17)

  console.info
    {
      component: 'http',
      event: 'request_completed',
      requestId: '4bdace44-66a5-47cb-a850-31db3340616b',
      methodClass: 'GET',
      durationMs: 3,
      statusCode: 200
    }

      at write (src/observability/safeLogger.js:178:17)

  console.info
    {
      component: 'http',
      event: 'request_completed',
      requestId: '7acb5807-b8a8-43ca-8fce-e3d0fc0423f1',
      methodClass: 'GET',
      durationMs: 4,
      statusCode: 200
    }

      at write (src/observability/safeLogger.js:178:17)

  console.info
    {
      component: 'http',
      event: 'request_completed',
      requestId: 'a992cf9a-e312-46a4-97c5-c81283ade814',
      methodClass: 'GET',
      durationMs: 4,
      statusCode: 200
    }

      at write (src/observability/safeLogger.js:178:17)

  console.info
    {
      component: 'http',
      event: 'request_completed',
      requestId: '284115aa-3ddb-405b-b31d-5be40fba0525',
      methodClass: 'GET',
      durationMs: 0,
      statusCode: 401
    }

      at write (src/observability/safeLogger.js:178:17)

  console.info
    {
      component: 'http',
      event: 'request_completed',
      requestId: 'f321441f-c40a-4c25-b31f-9f4bdb4746ff',
      methodClass: 'GET',
      durationMs: 34,
      statusCode: 200
    }

      at write (src/observability/safeLogger.js:178:17)

  console.info
    {
      component: 'http',
      event: 'request_completed',
      requestId: 'f7576227-0c36-43ec-92a6-a1fdd99a8f51',
      methodClass: 'GET',
      durationMs: 3,
      statusCode: 200
    }

      at write (src/observability/safeLogger.js:178:17)

  console.log
    [DB] Migration applied: 001_initial_schema.sql

      at log (src/db.js:1312:42)

  console.log
    [DB] Migration applied: 002_seed_data.sql

      at log (src/db.js:1312:42)

  console.log
    [DB] Migration applied: 003_voice_sessions.sql

      at log (src/db.js:1312:42)

  console.log
    [DB] Migration applied: 004_canonical_persistence_v2.sql

      at log (src/db.js:1312:42)

  console.log
    [DB] Migration applied: 005_canonical_organization_authority.sql

      at log (src/db.js:1312:42)

  console.log
    [DB] Migration applied: 006_canonical_voice_sessions.sql

      at log (src/db.js:1312:42)

  console.log
    [DB] Migration applied: 007_canonical_tax_authority.sql

      at log (src/db.js:1312:42)

  console.log
    [DB] Migration applied: 008_canonical_demo_authority.sql

      at log (src/db.js:1312:42)

  console.log
    [DB] Migration applied: 009_canonical_voice_provider_identity.sql

      at log (src/db.js:1312:42)

  console.log
    [DB] Migration applied: 010_account_session_authority.sql

      at log (src/db.js:1312:42)

  console.log
    [DB] Migration applied: 011_oauth_authorization_states.sql

      at log (src/db.js:1312:42)

  console.log
    [DB] Migration applied: 012_account_verification_trial.sql

      at log (src/db.js:1312:42)

  console.log
    [DB] Migration applied: 015_workforce_authority.sql

      at log (src/db.js:1312:42)

  console.log
    [DB] Migration applied: 016_tenant_asset_catalogue.sql

      at log (src/db.js:1312:42)

  console.log
    [DB] Migration applied: 017_retell_webhook_replay_authority.sql

      at log (src/db.js:1312:42)

  console.log
    [DB] Migration applied: 018_canonical_map_preferences.sql

      at log (src/db.js:1312:42)

  console.log
    [DB] Migration applied: 019_account_email_outbox.sql

      at log (src/db.js:1312:42)

  console.log
    [DB] Migration applied: 020_canonical_workforce_access_roles.sql

      at log (src/db.js:1312:42)

  console.log
    [DB] Migration applied: 021_bounded_api_observability.sql

      at log (src/db.js:1312:42)

  console.log
    [DB] Migration applied: 022_demo_command_center_sessions.sql

      at log (src/db.js:1312:42)

  console.log
    [DB] Migration applied: 023_homepage_demo_admission.sql

      at log (src/db.js:1312:42)

  console.log
    [DB] Migration applied: 024_homepage_verified_purge_receipt.sql

      at log (src/db.js:1312:42)

  console.log
    [DB] Migration applied: 025_provider_agnostic_knowledge_registry.sql

      at log (src/db.js:1312:42)

  console.log
    [DB] Migration applied: 026_canonical_knowledge_review_publication.sql

      at log (src/db.js:1312:42)

  console.log
    [DB] Migration applied: 027_canonical_knowledge_audit_graph_authority.sql

      at log (src/db.js:1312:42)

  console.log
    [DB] Migration applied: 028_canonical_knowledge_immutable_lifecycle.sql

      at log (src/db.js:1312:42)

  console.log
    [DB] Migration applied: 029_canonical_knowledge_transactional_sync.sql

      at log (src/db.js:1312:42)

  console.log
    [DB] Migration applied: 030_canonical_knowledge_sync_revocation.sql

      at log (src/db.js:1312:42)

  console.log
    [DB] Migration applied: 031_canonical_knowledge_sync_recovery_lifecycle.sql

      at log (src/db.js:1312:42)

  console.log
    [DB] Migration applied: 032_canonical_schedule_assignment_authority.sql

      at log (src/db.js:1312:42)

  console.log
    [DB] Migration applied: 033_canonical_schedule_time_evidence.sql

      at log (src/db.js:1312:42)

  console.log
    [DB] Migration applied: 034_schedule_availability_conflict_authority.sql

      at log (src/db.js:1312:42)

  console.log
    [DB] Migration applied: 035_schedule_human_preview_approval.sql

      at log (src/db.js:1312:42)

  console.info
    {
      component: 'http',
      event: 'request_completed',
      requestId: 'a5f044e3-b8b2-4445-a1ed-a3d5112af225',
      methodClass: 'GET',
      durationMs: 7,
      statusCode: 200
    }

      at write (src/observability/safeLogger.js:178:17)

  console.info
    {
      component: 'http',
      event: 'request_completed',
      requestId: '91ae231e-9780-4601-a3f6-b2f10218c20b',
      methodClass: 'GET',
      durationMs: 7,
      statusCode: 200
    }

      at write (src/observability/safeLogger.js:178:17)

  console.info
    {
      component: 'http',
      event: 'request_completed',
      requestId: '9209fb53-e182-4596-bb04-889c6fad4750',
      methodClass: 'GET',
      durationMs: 4,
      statusCode: 200
    }

      at write (src/observability/safeLogger.js:178:17)

  console.info
    {
      component: 'http',
      event: 'request_completed',
      requestId: 'e03a0b2c-6787-4c60-b454-376332f6825e',
      methodClass: 'GET',
      durationMs: 4,
      statusCode: 200
    }

      at write (src/observability/safeLogger.js:178:17)

  console.info
    {
      component: 'http',
      event: 'request_completed',
      requestId: '6062c3dc-7500-473c-84fb-6521b38a45a6',
      methodClass: 'GET',
      durationMs: 0,
      statusCode: 401
    }

      at write (src/observability/safeLogger.js:178:17)

  console.info
    {
      component: 'http',
      event: 'request_completed',
      requestId: '8e297685-01fd-455e-ab80-5497a3be7e8f',
      methodClass: 'PUT',
      durationMs: 62,
      statusCode: 200
    }

      at write (src/observability/safeLogger.js:178:17)

  console.info
    {
      component: 'http',
      event: 'request_completed',
      requestId: 'db7a7848-2049-4393-8308-ee73aa0cd255',
      methodClass: 'PUT',
      durationMs: 3,
      statusCode: 200
    }

      at write (src/observability/safeLogger.js:178:17)

  console.info
    {
      component: 'http',
      event: 'request_completed',
      requestId: '8be41934-1990-4e1e-bcba-ac67e710d015',
      methodClass: 'PUT',
      durationMs: 2,
      statusCode: 403
    }

      at write (src/observability/safeLogger.js:178:17)

  console.info
    {
      component: 'http',
      event: 'request_completed',
      requestId: '9b7d1988-1d6a-4afd-b7b1-f1eff6bec155',
      methodClass: 'PUT',
      durationMs: 2,
      statusCode: 403
    }

      at write (src/observability/safeLogger.js:178:17)

  console.info
    {
      component: 'http',
      event: 'request_completed',
      requestId: 'cf3b7281-c5ef-46e0-8656-58aa67b090f7',
      methodClass: 'PUT',
      durationMs: 3,
      statusCode: 400
    }

      at write (src/observability/safeLogger.js:178:17)

  console.info
    {
      component: 'http',
      event: 'request_completed',
      requestId: '75d11518-8d79-4b47-ac6a-0d33568fbc1d',
      methodClass: 'PUT',
      durationMs: 2,
      statusCode: 400
    }

      at write (src/observability/safeLogger.js:178:17)

  console.info
    {
      component: 'http',
      event: 'request_completed',
      requestId: 'daad0ebe-1125-40ca-99ff-dee489aa8c98',
      methodClass: 'PUT',
      durationMs: 3,
      statusCode: 400
    }

      at write (src/observability/safeLogger.js:178:17)

  console.info
    {
      component: 'http',
      event: 'request_completed',
      requestId: 'fef64130-3788-4126-80b6-d95682c9aa1f',
      methodClass: 'PUT',
      durationMs: 3,
      statusCode: 400
    }

      at write (src/observability/safeLogger.js:178:17)

  console.info
    {
      component: 'http',
      event: 'request_completed',
      requestId: 'f1a62972-2fad-4460-bfd9-3fd5d9461c9a',
      methodClass: 'PUT',
      durationMs: 2,
      statusCode: 400
    }

      at write (src/observability/safeLogger.js:178:17)

  console.info
    {
      component: 'http',
      event: 'request_completed',
      requestId: '17252b30-aa0f-4973-bd7f-41abae4ee489',
      methodClass: 'PUT',
      durationMs: 3,
      statusCode: 400
    }

      at write (src/observability/safeLogger.js:178:17)

  console.info
    {
      component: 'http',
      event: 'request_completed',
      requestId: '38da6ab2-93de-41ec-b8c9-4c740e3fa5c6',
      methodClass: 'PUT',
      durationMs: 2,
      statusCode: 400
    }

      at write (src/observability/safeLogger.js:178:17)

  console.info
    {
      component: 'http',
      event: 'request_completed',
      requestId: 'e5e6e7b3-a3bf-4978-aade-ba63e3ef2ac2',
      methodClass: 'PUT',
      durationMs: 3,
      statusCode: 400
    }

      at write (src/observability/safeLogger.js:178:17)

  console.info
    {
      component: 'http',
      event: 'request_completed',
      requestId: '5d5a8487-2bdc-48e9-8e9c-7256f98377c1',
      methodClass: 'PUT',
      durationMs: 2,
      statusCode: 400
    }

      at write (src/observability/safeLogger.js:178:17)

  console.info
    {
      component: 'http',
      event: 'request_completed',
      requestId: '08e4d44c-ae8c-43fe-8ef5-6cad9c0260b4',
      methodClass: 'GET',
      durationMs: 4,
      statusCode: 200
    }

      at write (src/observability/safeLogger.js:178:17)

  console.info
    {
      component: 'http',
      event: 'request_completed',
      requestId: '2bd7e234-db33-4371-b210-34c9aa18ce99',
      methodClass: 'PUT',
      durationMs: 9,
      statusCode: 200
    }

      at write (src/observability/safeLogger.js:178:17)

  console.log
    [DB] Migration applied: 001_initial_schema.sql

      at log (src/db.js:1312:42)

  console.log
    [DB] Migration applied: 002_seed_data.sql

      at log (src/db.js:1312:42)

  console.log
    [DB] Migration applied: 003_voice_sessions.sql

      at log (src/db.js:1312:42)

  console.log
    [DB] Migration applied: 004_canonical_persistence_v2.sql

      at log (src/db.js:1312:42)

  console.log
    [DB] Migration applied: 005_canonical_organization_authority.sql

      at log (src/db.js:1312:42)

  console.log
    [DB] Migration applied: 006_canonical_voice_sessions.sql

      at log (src/db.js:1312:42)

  console.log
    [DB] Migration applied: 007_canonical_tax_authority.sql

      at log (src/db.js:1312:42)

  console.log
    [DB] Migration applied: 008_canonical_demo_authority.sql

      at log (src/db.js:1312:42)

  console.log
    [DB] Migration applied: 009_canonical_voice_provider_identity.sql

      at log (src/db.js:1312:42)

  console.log
    [DB] Migration applied: 010_account_session_authority.sql

      at log (src/db.js:1312:42)

  console.log
    [DB] Migration applied: 011_oauth_authorization_states.sql

      at log (src/db.js:1312:42)

  console.log
    [DB] Migration applied: 012_account_verification_trial.sql

      at log (src/db.js:1312:42)

  console.log
    [DB] Migration applied: 015_workforce_authority.sql

      at log (src/db.js:1312:42)

  console.log
    [DB] Migration applied: 016_tenant_asset_catalogue.sql

      at log (src/db.js:1312:42)

  console.log
    [DB] Migration applied: 017_retell_webhook_replay_authority.sql

      at log (src/db.js:1312:42)

  console.log
    [DB] Migration applied: 018_canonical_map_preferences.sql

      at log (src/db.js:1312:42)

  console.log
    [DB] Migration applied: 019_account_email_outbox.sql

      at log (src/db.js:1312:42)

  console.log
    [DB] Migration applied: 020_canonical_workforce_access_roles.sql

      at log (src/db.js:1312:42)

  console.log
    [DB] Migration applied: 021_bounded_api_observability.sql

      at log (src/db.js:1312:42)

  console.log
    [DB] Migration applied: 022_demo_command_center_sessions.sql

      at log (src/db.js:1312:42)

  console.log
    [DB] Migration applied: 023_homepage_demo_admission.sql

      at log (src/db.js:1312:42)

  console.log
    [DB] Migration applied: 024_homepage_verified_purge_receipt.sql

      at log (src/db.js:1312:42)

  console.log
    [DB] Migration applied: 025_provider_agnostic_knowledge_registry.sql

      at log (src/db.js:1312:42)

  console.log
    [DB] Migration applied: 026_canonical_knowledge_review_publication.sql

      at log (src/db.js:1312:42)

  console.log
    [DB] Migration applied: 027_canonical_knowledge_audit_graph_authority.sql

      at log (src/db.js:1312:42)

  console.log
    [DB] Migration applied: 028_canonical_knowledge_immutable_lifecycle.sql

      at log (src/db.js:1312:42)

  console.log
    [DB] Migration applied: 029_canonical_knowledge_transactional_sync.sql

      at log (src/db.js:1312:42)

  console.log
    [DB] Migration applied: 030_canonical_knowledge_sync_revocation.sql

      at log (src/db.js:1312:42)

  console.log
    [DB] Migration applied: 031_canonical_knowledge_sync_recovery_lifecycle.sql

      at log (src/db.js:1312:42)

  console.log
    [DB] Migration applied: 032_canonical_schedule_assignment_authority.sql

      at log (src/db.js:1312:42)

  console.log
    [DB] Migration applied: 033_canonical_schedule_time_evidence.sql

      at log (src/db.js:1312:42)

  console.log
    [DB] Migration applied: 034_schedule_availability_conflict_authority.sql

      at log (src/db.js:1312:42)

  console.log
    [DB] Migration applied: 035_schedule_human_preview_approval.sql

      at log (src/db.js:1312:42)

  console.log
    [DB] Migration applied: 001_initial_schema.sql

      at log (src/db.js:1312:42)

  console.log
    [DB] Migration applied: 002_seed_data.sql

      at log (src/db.js:1312:42)

  console.log
    [DB] Migration applied: 003_voice_sessions.sql

      at log (src/db.js:1312:42)

  console.log
    [DB] Migration applied: 004_canonical_persistence_v2.sql

      at log (src/db.js:1312:42)

  console.log
    [DB] Migration applied: 005_canonical_organization_authority.sql

      at log (src/db.js:1312:42)

  console.log
    [DB] Migration applied: 006_canonical_voice_sessions.sql

      at log (src/db.js:1312:42)

  console.log
    [DB] Migration applied: 007_canonical_tax_authority.sql

      at log (src/db.js:1312:42)

  console.log
    [DB] Migration applied: 008_canonical_demo_authority.sql

      at log (src/db.js:1312:42)

  console.log
    [DB] Migration applied: 009_canonical_voice_provider_identity.sql

      at log (src/db.js:1312:42)

  console.log
    [DB] Migration applied: 010_account_session_authority.sql

      at log (src/db.js:1312:42)

  console.log
    [DB] Migration applied: 011_oauth_authorization_states.sql

      at log (src/db.js:1312:42)

  console.log
    [DB] Migration applied: 012_account_verification_trial.sql

      at log (src/db.js:1312:42)

  console.log
    [DB] Migration applied: 015_workforce_authority.sql

      at log (src/db.js:1312:42)

  console.log
    [DB] Migration applied: 016_tenant_asset_catalogue.sql

      at log (src/db.js:1312:42)

  console.log
    [DB] Migration applied: 017_retell_webhook_replay_authority.sql

      at log (src/db.js:1312:42)

  console.log
    [DB] Migration applied: 018_canonical_map_preferences.sql

      at log (src/db.js:1312:42)

  console.log
    [DB] Migration applied: 019_account_email_outbox.sql

      at log (src/db.js:1312:42)

  console.log
    [DB] Migration applied: 020_canonical_workforce_access_roles.sql

      at log (src/db.js:1312:42)

  console.log
    [DB] Migration applied: 021_bounded_api_observability.sql

      at log (src/db.js:1312:42)

  console.log
    [DB] Migration applied: 022_demo_command_center_sessions.sql

      at log (src/db.js:1312:42)

  console.log
    [DB] Migration applied: 023_homepage_demo_admission.sql

      at log (src/db.js:1312:42)

  console.log
    [DB] Migration applied: 024_homepage_verified_purge_receipt.sql

      at log (src/db.js:1312:42)

  console.log
    [DB] Migration applied: 025_provider_agnostic_knowledge_registry.sql

      at log (src/db.js:1312:42)

  console.log
    [DB] Migration applied: 026_canonical_knowledge_review_publication.sql

      at log (src/db.js:1312:42)

  console.log
    [DB] Migration applied: 027_canonical_knowledge_audit_graph_authority.sql

      at log (src/db.js:1312:42)

  console.log
    [DB] Migration applied: 028_canonical_knowledge_immutable_lifecycle.sql

      at log (src/db.js:1312:42)

  console.log
    [DB] Migration applied: 029_canonical_knowledge_transactional_sync.sql

      at log (src/db.js:1312:42)

  console.log
    [DB] Migration applied: 030_canonical_knowledge_sync_revocation.sql

      at log (src/db.js:1312:42)

  console.log
    [DB] Migration applied: 031_canonical_knowledge_sync_recovery_lifecycle.sql

      at log (src/db.js:1312:42)

  console.log
    [DB] Migration applied: 032_canonical_schedule_assignment_authority.sql

      at log (src/db.js:1312:42)

  console.log
    [DB] Migration applied: 033_canonical_schedule_time_evidence.sql

      at log (src/db.js:1312:42)

  console.log
    [DB] Migration applied: 034_schedule_availability_conflict_authority.sql

      at log (src/db.js:1312:42)

  console.log
    [DB] Migration applied: 035_schedule_human_preview_approval.sql

      at log (src/db.js:1312:42)

  console.info
    {
      component: 'http',
      event: 'request_completed',
      requestId: '2b049b7b-bc88-4351-85db-104fe8727870',
      methodClass: 'GET',
      durationMs: 7,
      statusCode: 200
    }

      at write (src/observability/safeLogger.js:178:17)

  console.info
    {
      component: 'http',
      event: 'request_completed',
      requestId: '9a351cae-6b4b-4145-b68f-ca9cd89dcf20',
      methodClass: 'GET',
      durationMs: 30,
      statusCode: 200
    }

      at write (src/observability/safeLogger.js:178:17)

  console.info
    {
      component: 'http',
      event: 'request_completed',
      requestId: '22ebc08d-9609-42e8-a505-371afbcb0d8b',
      methodClass: 'GET',
      durationMs: 3,
      statusCode: 200
    }

      at write (src/observability/safeLogger.js:178:17)

  console.info
    {
      component: 'http',
      event: 'request_completed',
      requestId: 'b3b6e31d-8ccf-479f-9dac-232d332191f6',
      methodClass: 'GET',
      durationMs: 17,
      statusCode: 200
    }

      at write (src/observability/safeLogger.js:178:17)

  console.info
    {
      component: 'http',
      event: 'request_completed',
      requestId: '10d90352-066f-4da4-baf3-f06e82eb81cf',
      methodClass: 'GET',
      durationMs: 2,
      statusCode: 200
    }

      at write (src/observability/safeLogger.js:178:17)

  console.info
    {
      component: 'http',
      event: 'request_completed',
      requestId: 'c2468180-46cc-4ed2-b88f-dc67337aef08',
      methodClass: 'GET',
      durationMs: 4,
      statusCode: 403
    }

      at write (src/observability/safeLogger.js:178:17)

  console.info
    {
      component: 'http',
      event: 'request_completed',
      requestId: '9b840baa-e207-42be-ba40-53404a26ac4f',
      methodClass: 'GET',
      durationMs: 33,
      statusCode: 200
    }

      at write (src/observability/safeLogger.js:178:17)

  console.info
    {
      component: 'http',
      event: 'request_completed',
      requestId: 'd1828bb0-99fc-46d2-9fdb-fb26879d1cd3',
      methodClass: 'GET',
      durationMs: 5,
      statusCode: 403
    }

      at write (src/observability/safeLogger.js:178:17)

  console.info
    {
      component: 'http',
      event: 'request_completed',
      requestId: '53650529-b6e8-4e69-8b58-88da84c88562',
      methodClass: 'GET',
      durationMs: 16,
      statusCode: 200
    }

      at write (src/observability/safeLogger.js:178:17)

  console.info
    {
      component: 'http',
      event: 'request_completed',
      requestId: 'd08223da-be8f-4a87-8e54-f5a35908582a',
      methodClass: 'GET',
      durationMs: 0,
      statusCode: 401
    }

      at write (src/observability/safeLogger.js:178:17)

  console.info
    {
      component: 'http',
      event: 'request_completed',
      requestId: '9ee20d51-b518-472e-8827-be2cf2bc89c1',
      methodClass: 'GET',
      durationMs: 0,
      statusCode: 401
    }

      at write (src/observability/safeLogger.js:178:17)

  console.info
    {
      component: 'http',
      event: 'request_completed',
      requestId: '5714e37f-75ad-4a28-b96d-f89ca2af03f1',
      methodClass: 'GET',
      durationMs: 3,
      statusCode: 400
    }

      at write (src/observability/safeLogger.js:178:17)

  console.log
    [DB] Migration applied: 001_initial_schema.sql

      at log (src/db.js:1312:42)

  console.log
    [DB] Migration applied: 002_seed_data.sql

      at log (src/db.js:1312:42)

  console.log
    [DB] Migration applied: 003_voice_sessions.sql

      at log (src/db.js:1312:42)

  console.log
    [DB] Migration applied: 004_canonical_persistence_v2.sql

      at log (src/db.js:1312:42)

  console.log
    [DB] Migration applied: 005_canonical_organization_authority.sql

      at log (src/db.js:1312:42)

  console.log
    [DB] Migration applied: 006_canonical_voice_sessions.sql

      at log (src/db.js:1312:42)

  console.log
    [DB] Migration applied: 007_canonical_tax_authority.sql

      at log (src/db.js:1312:42)

  console.log
    [DB] Migration applied: 008_canonical_demo_authority.sql

      at log (src/db.js:1312:42)

  console.log
    [DB] Migration applied: 009_canonical_voice_provider_identity.sql

      at log (src/db.js:1312:42)

  console.log
    [DB] Migration applied: 010_account_session_authority.sql

      at log (src/db.js:1312:42)

  console.log
    [DB] Migration applied: 011_oauth_authorization_states.sql

      at log (src/db.js:1312:42)

  console.log
    [DB] Migration applied: 012_account_verification_trial.sql

      at log (src/db.js:1312:42)

  console.log
    [DB] Migration applied: 015_workforce_authority.sql

      at log (src/db.js:1312:42)

  console.log
    [DB] Migration applied: 016_tenant_asset_catalogue.sql

      at log (src/db.js:1312:42)

  console.log
    [DB] Migration applied: 017_retell_webhook_replay_authority.sql

      at log (src/db.js:1312:42)

  console.log
    [DB] Migration applied: 018_canonical_map_preferences.sql

      at log (src/db.js:1312:42)

  console.log
    [DB] Migration applied: 019_account_email_outbox.sql

      at log (src/db.js:1312:42)

  console.log
    [DB] Migration applied: 020_canonical_workforce_access_roles.sql

      at log (src/db.js:1312:42)

  console.log
    [DB] Migration applied: 021_bounded_api_observability.sql

      at log (src/db.js:1312:42)

  console.log
    [DB] Migration applied: 022_demo_command_center_sessions.sql

      at log (src/db.js:1312:42)

  console.log
    [DB] Migration applied: 023_homepage_demo_admission.sql

      at log (src/db.js:1312:42)

  console.log
    [DB] Migration applied: 024_homepage_verified_purge_receipt.sql

      at log (src/db.js:1312:42)

  console.log
    [DB] Migration applied: 025_provider_agnostic_knowledge_registry.sql

      at log (src/db.js:1312:42)

  console.log
    [DB] Migration applied: 026_canonical_knowledge_review_publication.sql

      at log (src/db.js:1312:42)

  console.log
    [DB] Migration applied: 027_canonical_knowledge_audit_graph_authority.sql

      at log (src/db.js:1312:42)

  console.log
    [DB] Migration applied: 028_canonical_knowledge_immutable_lifecycle.sql

      at log (src/db.js:1312:42)

  console.log
    [DB] Migration applied: 029_canonical_knowledge_transactional_sync.sql

      at log (src/db.js:1312:42)

  console.log
    [DB] Migration applied: 030_canonical_knowledge_sync_revocation.sql

      at log (src/db.js:1312:42)

  console.log
    [DB] Migration applied: 031_canonical_knowledge_sync_recovery_lifecycle.sql

      at log (src/db.js:1312:42)

  console.log
    [DB] Migration applied: 032_canonical_schedule_assignment_authority.sql

      at log (src/db.js:1312:42)

  console.log
    [DB] Migration applied: 033_canonical_schedule_time_evidence.sql

      at log (src/db.js:1312:42)

  console.log
    [DB] Migration applied: 034_schedule_availability_conflict_authority.sql

      at log (src/db.js:1312:42)

  console.log
    [DB] Migration applied: 035_schedule_human_preview_approval.sql

      at log (src/db.js:1312:42)

  console.info
    {
      component: 'http',
      event: 'request_completed',
      requestId: '7d0d5634-1a1f-4f40-8d9c-01f9503376b1',
      methodClass: 'GET',
      durationMs: 10,
      statusCode: 200
    }

      at write (src/observability/safeLogger.js:178:17)

  console.info
    {
      component: 'http',
      event: 'request_completed',
      requestId: '05548354-8859-4dec-b7b0-19d0be8b0d95',
      methodClass: 'GET',
      durationMs: 5,
      statusCode: 200
    }

      at write (src/observability/safeLogger.js:178:17)

  console.info
    {
      component: 'http',
      event: 'request_completed',
      requestId: 'c9428885-cd21-4ce4-9fb9-ff5bf0f2bcb7',
      methodClass: 'GET',
      durationMs: 5,
      statusCode: 200
    }

      at write (src/observability/safeLogger.js:178:17)

  console.info
    {
      component: 'http',
      event: 'request_completed',
      requestId: 'bc3d522c-fe52-4ff6-8c9d-ae859abcafe0',
      methodClass: 'GET',
      durationMs: 1,
      statusCode: 401
    }

      at write (src/observability/safeLogger.js:178:17)

  console.info
    {
      component: 'http',
      event: 'request_completed',
      requestId: '6f6f496e-1885-46f1-b59c-2a9d11a6f7d0',
      methodClass: 'GET',
      durationMs: 34,
      statusCode: 200
    }

      at write (src/observability/safeLogger.js:178:17)

  console.info
    {
      component: 'http',
      event: 'request_completed',
      requestId: '5266ae0f-783e-4d4f-87df-c3cad17734a4',
      methodClass: 'GET',
      durationMs: 3,
      statusCode: 200
    }

      at write (src/observability/safeLogger.js:178:17)

  console.info
    {
      component: 'http',
      event: 'request_completed',
      requestId: 'f5c301f2-a03d-4f00-b903-b40660ba3e85',
      methodClass: 'GET',
      durationMs: 3,
      statusCode: 200
    }

      at write (src/observability/safeLogger.js:178:17)

  console.info
    {
      component: 'http',
      event: 'request_completed',
      requestId: 'ab00846a-1df3-4f7e-8c12-f9ee6f554576',
      methodClass: 'GET',
      durationMs: 3,
      statusCode: 200
    }

      at write (src/observability/safeLogger.js:178:17)

  console.info
    {
      component: 'http',
      event: 'request_completed',
      requestId: '31cbd7b2-2af9-40a9-8edb-f6afb7956674',
      methodClass: 'PUT',
      durationMs: 9,
      statusCode: 200
    }

      at write (src/observability/safeLogger.js:178:17)

  console.info
    {
      component: 'http',
      event: 'request_completed',
      requestId: '450c7d2b-1199-4ecf-b93e-bf83feb1bf92',
      methodClass: 'GET',
      durationMs: 5,
      statusCode: 200
    }

      at write (src/observability/safeLogger.js:178:17)

  console.log
    [DB] Migration applied: 001_initial_schema.sql

      at log (src/db.js:1312:42)

  console.log
    [DB] Migration applied: 002_seed_data.sql

      at log (src/db.js:1312:42)

  console.log
    [DB] Migration applied: 003_voice_sessions.sql

      at log (src/db.js:1312:42)

  console.log
    [DB] Migration applied: 004_canonical_persistence_v2.sql

      at log (src/db.js:1312:42)

  console.log
    [DB] Migration applied: 005_canonical_organization_authority.sql

      at log (src/db.js:1312:42)

  console.log
    [DB] Migration applied: 006_canonical_voice_sessions.sql

      at log (src/db.js:1312:42)

  console.log
    [DB] Migration applied: 007_canonical_tax_authority.sql

      at log (src/db.js:1312:42)

  console.log
    [DB] Migration applied: 008_canonical_demo_authority.sql

      at log (src/db.js:1312:42)

  console.log
    [DB] Migration applied: 009_canonical_voice_provider_identity.sql

      at log (src/db.js:1312:42)

  console.log
    [DB] Migration applied: 010_account_session_authority.sql

      at log (src/db.js:1312:42)

  console.log
    [DB] Migration applied: 011_oauth_authorization_states.sql

      at log (src/db.js:1312:42)

  console.log
    [DB] Migration applied: 012_account_verification_trial.sql

      at log (src/db.js:1312:42)

  console.log
    [DB] Migration applied: 015_workforce_authority.sql

      at log (src/db.js:1312:42)

  console.log
    [DB] Migration applied: 016_tenant_asset_catalogue.sql

      at log (src/db.js:1312:42)

  console.log
    [DB] Migration applied: 017_retell_webhook_replay_authority.sql

      at log (src/db.js:1312:42)

  console.log
    [DB] Migration applied: 018_canonical_map_preferences.sql

      at log (src/db.js:1312:42)

  console.log
    [DB] Migration applied: 019_account_email_outbox.sql

      at log (src/db.js:1312:42)

  console.log
    [DB] Migration applied: 020_canonical_workforce_access_roles.sql

      at log (src/db.js:1312:42)

  console.log
    [DB] Migration applied: 021_bounded_api_observability.sql

      at log (src/db.js:1312:42)

  console.log
    [DB] Migration applied: 022_demo_command_center_sessions.sql

      at log (src/db.js:1312:42)

  console.log
    [DB] Migration applied: 023_homepage_demo_admission.sql

      at log (src/db.js:1312:42)

  console.log
    [DB] Migration applied: 024_homepage_verified_purge_receipt.sql

      at log (src/db.js:1312:42)

  console.log
    [DB] Migration applied: 025_provider_agnostic_knowledge_registry.sql

      at log (src/db.js:1312:42)

  console.log
    [DB] Migration applied: 026_canonical_knowledge_review_publication.sql

      at log (src/db.js:1312:42)

  console.log
    [DB] Migration applied: 027_canonical_knowledge_audit_graph_authority.sql

      at log (src/db.js:1312:42)

  console.log
    [DB] Migration applied: 028_canonical_knowledge_immutable_lifecycle.sql

      at log (src/db.js:1312:42)

  console.log
    [DB] Migration applied: 029_canonical_knowledge_transactional_sync.sql

      at log (src/db.js:1312:42)

  console.log
    [DB] Migration applied: 030_canonical_knowledge_sync_revocation.sql

      at log (src/db.js:1312:42)

  console.log
    [DB] Migration applied: 031_canonical_knowledge_sync_recovery_lifecycle.sql

      at log (src/db.js:1312:42)

  console.log
    [DB] Migration applied: 032_canonical_schedule_assignment_authority.sql

      at log (src/db.js:1312:42)

  console.log
    [DB] Migration applied: 033_canonical_schedule_time_evidence.sql

      at log (src/db.js:1312:42)

  console.log
    [DB] Migration applied: 034_schedule_availability_conflict_authority.sql

      at log (src/db.js:1312:42)

  console.log
    [DB] Migration applied: 035_schedule_human_preview_approval.sql

      at log (src/db.js:1312:42)

  console.info
    {
      component: 'http',
      event: 'request_completed',
      requestId: 'ed5c8525-0da2-430f-af4a-59d01aed296b',
      methodClass: 'GET',
      durationMs: 7,
      statusCode: 200
    }

      at write (src/observability/safeLogger.js:178:17)

  console.info
    {
      component: 'http',
      event: 'request_completed',
      requestId: '7e4d43cb-e145-4fa1-b45f-f30ec1e396ba',
      methodClass: 'PUT',
      durationMs: 17,
      statusCode: 200
    }

      at write (src/observability/safeLogger.js:178:17)

  console.info
    {
      component: 'http',
      event: 'request_completed',
      requestId: '4129fdfd-3bcc-4220-bdfd-dbf5c21ec014',
      methodClass: 'PUT',
      durationMs: 16,
      statusCode: 200
    }

      at write (src/observability/safeLogger.js:178:17)

  console.info
    {
      component: 'http',
      event: 'request_completed',
      requestId: 'd8bedf77-7106-44db-8416-222fe680628f',
      methodClass: 'PUT',
      durationMs: 5,
      statusCode: 403
    }

      at write (src/observability/safeLogger.js:178:17)

  console.info
    {
      component: 'http',
      event: 'request_completed',
      requestId: '4b06fddf-59db-4cfa-b730-3a404bd8048d',
      methodClass: 'PUT',
      durationMs: 2,
      statusCode: 400
    }

      at write (src/observability/safeLogger.js:178:17)

  console.info
    {
      component: 'http',
      event: 'request_completed',
      requestId: 'dcbb5054-1232-4f2d-bc74-d850e5bba0c4',
      methodClass: 'PUT',
      durationMs: 2,
      statusCode: 400
    }

      at write (src/observability/safeLogger.js:178:17)

  console.info
    {
      component: 'http',
      event: 'request_completed',
      requestId: 'a63a11ed-25bd-4d93-8350-7074ec399fbe',
      methodClass: 'PUT',
      durationMs: 3,
      statusCode: 400
    }

      at write (src/observability/safeLogger.js:178:17)

  console.info
    {
      component: 'http',
      event: 'request_completed',
      requestId: '4612d958-10c8-426d-bd96-0edeb4cb47cf',
      methodClass: 'PUT',
      durationMs: 3,
      statusCode: 400
    }

      at write (src/observability/safeLogger.js:178:17)

  console.info
    {
      component: 'http',
      event: 'request_completed',
      requestId: '7e908b13-4fc9-4ba7-ad0f-f7486a701c38',
      methodClass: 'POST',
      durationMs: 2,
      statusCode: 403
    }

      at write (src/observability/safeLogger.js:178:17)

  console.info
    {
      component: 'retell',
      event: 'create_call_prepared',
      variableCount: 20
    }

      at write (src/observability/safeLogger.js:178:17)

  console.info
    {
      component: 'retell',
      event: 'request_started',
      methodClass: 'POST',
      attempt: 1
    }

      at write (src/observability/safeLogger.js:178:17)

  console.info
    {
      component: 'retell',
      event: 'response_received',
      attempt: 1,
      statusCode: 200
    }

      at write (src/observability/safeLogger.js:178:17)

  console.info
    {
      component: 'retell',
      event: 'create_call_succeeded',
      attempt: 1,
      maxAttempts: 3
    }

      at write (src/observability/safeLogger.js:178:17)

  console.info
    {
      component: 'http',
      event: 'request_completed',
      requestId: 'cafbac1a-148c-41db-b7f7-a5ed3b709318',
      methodClass: 'POST',
      durationMs: 18,
      statusCode: 200
    }

      at write (src/observability/safeLogger.js:178:17)

  console.log
    [DB] Migration applied: 001_initial_schema.sql

      at Object.log [as runMigrations] (src/db.js:1312:42)

  console.log
    [DB] Migration applied: 002_seed_data.sql

      at Object.log [as runMigrations] (src/db.js:1312:42)

  console.log
    [DB] Migration applied: 003_voice_sessions.sql

      at Object.log [as runMigrations] (src/db.js:1312:42)

  console.log
    [DB] Migration applied: 004_canonical_persistence_v2.sql

      at Object.log [as runMigrations] (src/db.js:1312:42)

  console.log
    [DB] Migration applied: 005_canonical_organization_authority.sql

      at Object.log [as runMigrations] (src/db.js:1312:42)

  console.log
    [DB] Migration applied: 006_canonical_voice_sessions.sql

      at Object.log [as runMigrations] (src/db.js:1312:42)

  console.log
    [DB] Migration applied: 007_canonical_tax_authority.sql

      at Object.log [as runMigrations] (src/db.js:1312:42)

  console.log
    [DB] Migration applied: 008_canonical_demo_authority.sql

      at Object.log [as runMigrations] (src/db.js:1312:42)

  console.log
    [DB] Migration applied: 009_canonical_voice_provider_identity.sql

      at Object.log [as runMigrations] (src/db.js:1312:42)

  console.log
    [DB] Migration applied: 010_account_session_authority.sql

      at Object.log [as runMigrations] (src/db.js:1312:42)

  console.log
    [DB] Migration applied: 011_oauth_authorization_states.sql

      at Object.log [as runMigrations] (src/db.js:1312:42)

  console.log
    [DB] Migration applied: 012_account_verification_trial.sql

      at Object.log [as runMigrations] (src/db.js:1312:42)

  console.log
    [DB] Migration applied: 015_workforce_authority.sql

      at Object.log [as runMigrations] (src/db.js:1312:42)

  console.log
    [DB] Migration applied: 017_retell_webhook_replay_authority.sql

      at Object.log [as runMigrations] (src/db.js:1312:42)

  console.log
    [DB] Migration applied: 018_canonical_map_preferences.sql

      at Object.log [as runMigrations] (src/db.js:1312:42)

  console.log
    [DB] Migration applied: 019_account_email_outbox.sql

      at Object.log [as runMigrations] (src/db.js:1312:42)

  console.log
    [DB] Migration applied: 020_canonical_workforce_access_roles.sql

      at Object.log [as runMigrations] (src/db.js:1312:42)

  console.log
    [DB] Migration applied: 021_bounded_api_observability.sql

      at Object.log [as runMigrations] (src/db.js:1312:42)

  console.log
    [DB] Migration applied: 022_demo_command_center_sessions.sql

      at Object.log [as runMigrations] (src/db.js:1312:42)

  console.log
    [DB] Migration applied: 023_homepage_demo_admission.sql

      at Object.log [as runMigrations] (src/db.js:1312:42)

  console.log
    [DB] Migration applied: 024_homepage_verified_purge_receipt.sql

      at Object.log [as runMigrations] (src/db.js:1312:42)

  console.log
    [DB] Migration applied: 025_provider_agnostic_knowledge_registry.sql

      at Object.log [as runMigrations] (src/db.js:1312:42)

  console.log
    [DB] Migration applied: 026_canonical_knowledge_review_publication.sql

      at Object.log [as runMigrations] (src/db.js:1312:42)

  console.log
    [DB] Migration applied: 027_canonical_knowledge_audit_graph_authority.sql

      at Object.log [as runMigrations] (src/db.js:1312:42)

  console.log
    [DB] Migration applied: 028_canonical_knowledge_immutable_lifecycle.sql

      at Object.log [as runMigrations] (src/db.js:1312:42)

  console.log
    [DB] Migration applied: 029_canonical_knowledge_transactional_sync.sql

      at Object.log [as runMigrations] (src/db.js:1312:42)

  console.log
    [DB] Migration applied: 030_canonical_knowledge_sync_revocation.sql

      at Object.log [as runMigrations] (src/db.js:1312:42)

  console.log
    [DB] Migration applied: 031_canonical_knowledge_sync_recovery_lifecycle.sql

      at Object.log [as runMigrations] (src/db.js:1312:42)

  console.log
    [DB] Migration applied: 032_canonical_schedule_assignment_authority.sql

      at Object.log [as runMigrations] (src/db.js:1312:42)

  console.log
    [DB] Migration applied: 033_canonical_schedule_time_evidence.sql

      at Object.log [as runMigrations] (src/db.js:1312:42)

  console.log
    [DB] Migration applied: 034_schedule_availability_conflict_authority.sql

      at Object.log [as runMigrations] (src/db.js:1312:42)

  console.log
    [DB] Migration applied: 035_schedule_human_preview_approval.sql

      at Object.log [as runMigrations] (src/db.js:1312:42)

  console.log
    [DB] Migration applied: 016_tenant_asset_catalogue.sql

      at Object.log [as runMigrations] (src/db.js:1312:42)

  console.log
    [DB] Migration applied: 001_initial_schema.sql

      at Object.log [as runMigrations] (src/db.js:1312:42)

  console.log
    [DB] Migration applied: 002_seed_data.sql

      at Object.log [as runMigrations] (src/db.js:1312:42)

  console.log
    [DB] Migration applied: 003_voice_sessions.sql

      at Object.log [as runMigrations] (src/db.js:1312:42)

  console.log
    [DB] Migration applied: 004_canonical_persistence_v2.sql

      at Object.log [as runMigrations] (src/db.js:1312:42)

  console.log
    [DB] Migration applied: 005_canonical_organization_authority.sql

      at Object.log [as runMigrations] (src/db.js:1312:42)

  console.log
    [DB] Migration applied: 006_canonical_voice_sessions.sql

      at Object.log [as runMigrations] (src/db.js:1312:42)

  console.log
    [DB] Migration applied: 007_canonical_tax_authority.sql

      at Object.log [as runMigrations] (src/db.js:1312:42)

  console.log
    [DB] Migration applied: 008_canonical_demo_authority.sql

      at Object.log [as runMigrations] (src/db.js:1312:42)

  console.log
    [DB] Migration applied: 009_canonical_voice_provider_identity.sql

      at Object.log [as runMigrations] (src/db.js:1312:42)

  console.log
    [DB] Migration applied: 010_account_session_authority.sql

      at Object.log [as runMigrations] (src/db.js:1312:42)

  console.log
    [DB] Migration applied: 011_oauth_authorization_states.sql

      at Object.log [as runMigrations] (src/db.js:1312:42)

  console.log
    [DB] Migration applied: 012_account_verification_trial.sql

      at Object.log [as runMigrations] (src/db.js:1312:42)

  console.log
    [DB] Migration applied: 016_tenant_asset_catalogue.sql

      at Object.log [as runMigrations] (src/db.js:1312:42)

  console.log
    [DB] Migration applied: 017_retell_webhook_replay_authority.sql

      at Object.log [as runMigrations] (src/db.js:1312:42)

  console.log
    [DB] Migration applied: 018_canonical_map_preferences.sql

      at Object.log [as runMigrations] (src/db.js:1312:42)

  console.log
    [DB] Migration applied: 019_account_email_outbox.sql

      at Object.log [as runMigrations] (src/db.js:1312:42)

  console.log
    [DB] Migration applied: 021_bounded_api_observability.sql

      at Object.log [as runMigrations] (src/db.js:1312:42)

  console.log
    [DB] Migration applied: 022_demo_command_center_sessions.sql

      at Object.log [as runMigrations] (src/db.js:1312:42)

  console.log
    [DB] Migration applied: 023_homepage_demo_admission.sql

      at Object.log [as runMigrations] (src/db.js:1312:42)

  console.log
    [DB] Migration applied: 024_homepage_verified_purge_receipt.sql

      at Object.log [as runMigrations] (src/db.js:1312:42)

  console.log
    [DB] Migration applied: 025_provider_agnostic_knowledge_registry.sql

      at Object.log [as runMigrations] (src/db.js:1312:42)

  console.log
    [DB] Migration applied: 026_canonical_knowledge_review_publication.sql

      at Object.log [as runMigrations] (src/db.js:1312:42)

  console.log
    [DB] Migration applied: 027_canonical_knowledge_audit_graph_authority.sql

      at Object.log [as runMigrations] (src/db.js:1312:42)

  console.log
    [DB] Migration applied: 028_canonical_knowledge_immutable_lifecycle.sql

      at Object.log [as runMigrations] (src/db.js:1312:42)

  console.log
    [DB] Migration applied: 029_canonical_knowledge_transactional_sync.sql

      at Object.log [as runMigrations] (src/db.js:1312:42)

  console.log
    [DB] Migration applied: 030_canonical_knowledge_sync_revocation.sql

      at Object.log [as runMigrations] (src/db.js:1312:42)

  console.log
    [DB] Migration applied: 031_canonical_knowledge_sync_recovery_lifecycle.sql

      at Object.log [as runMigrations] (src/db.js:1312:42)

  console.log
    [DB] Migration applied: 015_workforce_authority.sql

      at Object.log [as runMigrations] (src/db.js:1312:42)

  console.log
    [DB] Migration applied: 020_canonical_workforce_access_roles.sql

      at Object.log [as runMigrations] (src/db.js:1312:42)

  console.log
    [DB] Migration applied: 032_canonical_schedule_assignment_authority.sql

      at Object.log [as runMigrations] (src/db.js:1312:42)

  console.log
    [DB] Migration applied: 033_canonical_schedule_time_evidence.sql

      at Object.log [as runMigrations] (src/db.js:1312:42)

  console.log
    [DB] Migration applied: 034_schedule_availability_conflict_authority.sql

      at Object.log [as runMigrations] (src/db.js:1312:42)

  console.log
    [DB] Migration applied: 035_schedule_human_preview_approval.sql

      at Object.log [as runMigrations] (src/db.js:1312:42)

  console.log
    [DB] Migration applied: 001_initial_schema.sql

      at Object.log [as runMigrations] (src/db.js:1312:42)

  console.log
    [DB] Migration applied: 002_seed_data.sql

      at Object.log [as runMigrations] (src/db.js:1312:42)

  console.log
    [DB] Migration applied: 003_voice_sessions.sql

      at Object.log [as runMigrations] (src/db.js:1312:42)

  console.log
    [DB] Migration applied: 004_canonical_persistence_v2.sql

      at Object.log [as runMigrations] (src/db.js:1312:42)

  console.log
    [DB] Migration applied: 005_canonical_organization_authority.sql

      at Object.log [as runMigrations] (src/db.js:1312:42)

  console.log
    [DB] Migration applied: 006_canonical_voice_sessions.sql

      at Object.log [as runMigrations] (src/db.js:1312:42)

  console.log
    [DB] Migration applied: 007_canonical_tax_authority.sql

      at Object.log [as runMigrations] (src/db.js:1312:42)

  console.log
    [DB] Migration applied: 008_canonical_demo_authority.sql

      at Object.log [as runMigrations] (src/db.js:1312:42)

  console.log
    [DB] Migration applied: 009_canonical_voice_provider_identity.sql

      at Object.log [as runMigrations] (src/db.js:1312:42)

  console.log
    [DB] Migration applied: 010_account_session_authority.sql

      at Object.log [as runMigrations] (src/db.js:1312:42)

  console.log
    [DB] Migration applied: 011_oauth_authorization_states.sql

      at Object.log [as runMigrations] (src/db.js:1312:42)

  console.log
    [DB] Migration applied: 012_account_verification_trial.sql

      at Object.log [as runMigrations] (src/db.js:1312:42)

  console.log
    [DB] Migration applied: 015_workforce_authority.sql

      at Object.log [as runMigrations] (src/db.js:1312:42)

  console.log
    [DB] Migration applied: 016_tenant_asset_catalogue.sql

      at Object.log [as runMigrations] (src/db.js:1312:42)

  console.log
    [DB] Migration applied: 017_retell_webhook_replay_authority.sql

      at Object.log [as runMigrations] (src/db.js:1312:42)

  console.log
    [DB] Migration applied: 018_canonical_map_preferences.sql

      at Object.log [as runMigrations] (src/db.js:1312:42)

  console.log
    [DB] Migration applied: 019_account_email_outbox.sql

      at Object.log [as runMigrations] (src/db.js:1312:42)

  console.log
    [DB] Migration applied: 020_canonical_workforce_access_roles.sql

      at Object.log [as runMigrations] (src/db.js:1312:42)

  console.log
    [DB] Migration applied: 021_bounded_api_observability.sql

      at Object.log [as runMigrations] (src/db.js:1312:42)

  console.log
    [DB] Migration applied: 022_demo_command_center_sessions.sql

      at Object.log [as runMigrations] (src/db.js:1312:42)

  console.log
    [DB] Migration applied: 023_homepage_demo_admission.sql

      at Object.log [as runMigrations] (src/db.js:1312:42)

  console.log
    [DB] Migration applied: 025_provider_agnostic_knowledge_registry.sql

      at Object.log [as runMigrations] (src/db.js:1312:42)

  console.log
    [DB] Migration applied: 026_canonical_knowledge_review_publication.sql

      at Object.log [as runMigrations] (src/db.js:1312:42)

  console.log
    [DB] Migration applied: 027_canonical_knowledge_audit_graph_authority.sql

      at Object.log [as runMigrations] (src/db.js:1312:42)

  console.log
    [DB] Migration applied: 028_canonical_knowledge_immutable_lifecycle.sql

      at Object.log [as runMigrations] (src/db.js:1312:42)

  console.log
    [DB] Migration applied: 029_canonical_knowledge_transactional_sync.sql

      at Object.log [as runMigrations] (src/db.js:1312:42)

  console.log
    [DB] Migration applied: 030_canonical_knowledge_sync_revocation.sql

      at Object.log [as runMigrations] (src/db.js:1312:42)

  console.log
    [DB] Migration applied: 031_canonical_knowledge_sync_recovery_lifecycle.sql

      at Object.log [as runMigrations] (src/db.js:1312:42)

  console.log
    [DB] Migration applied: 032_canonical_schedule_assignment_authority.sql

      at Object.log [as runMigrations] (src/db.js:1312:42)

  console.log
    [DB] Migration applied: 033_canonical_schedule_time_evidence.sql

      at Object.log [as runMigrations] (src/db.js:1312:42)

  console.log
    [DB] Migration applied: 034_schedule_availability_conflict_authority.sql

      at Object.log [as runMigrations] (src/db.js:1312:42)

  console.log
    [DB] Migration applied: 035_schedule_human_preview_approval.sql

      at Object.log [as runMigrations] (src/db.js:1312:42)

  console.log
    [DB] Migration applied: 024_homepage_verified_purge_receipt.sql

      at Object.log [as runMigrations] (src/db.js:1312:42)

  console.log
    [DB] Migration applied: 001_initial_schema.sql

      at log (src/db.js:1312:42)

  console.log
    [DB] Migration applied: 002_seed_data.sql

      at log (src/db.js:1312:42)

  console.log
    [DB] Migration applied: 003_voice_sessions.sql

      at log (src/db.js:1312:42)

  console.log
    [DB] Migration applied: 004_canonical_persistence_v2.sql

      at log (src/db.js:1312:42)

  console.log
    [DB] Migration applied: 005_canonical_organization_authority.sql

      at log (src/db.js:1312:42)

  console.log
    [DB] Migration applied: 006_canonical_voice_sessions.sql

      at log (src/db.js:1312:42)

  console.log
    [DB] Migration applied: 007_canonical_tax_authority.sql

      at log (src/db.js:1312:42)

  console.log
    [DB] Migration applied: 008_canonical_demo_authority.sql

      at log (src/db.js:1312:42)

  console.log
    [DB] Migration applied: 009_canonical_voice_provider_identity.sql

      at log (src/db.js:1312:42)

  console.log
    [DB] Migration applied: 010_account_session_authority.sql

      at log (src/db.js:1312:42)

  console.log
    [DB] Migration applied: 011_oauth_authorization_states.sql

      at log (src/db.js:1312:42)

  console.log
    [DB] Migration applied: 012_account_verification_trial.sql

      at log (src/db.js:1312:42)

  console.log
    [DB] Migration applied: 015_workforce_authority.sql

      at log (src/db.js:1312:42)

  console.log
    [DB] Migration applied: 016_tenant_asset_catalogue.sql

      at log (src/db.js:1312:42)

  console.log
    [DB] Migration applied: 017_retell_webhook_replay_authority.sql

      at log (src/db.js:1312:42)

  console.log
    [DB] Migration applied: 018_canonical_map_preferences.sql

      at log (src/db.js:1312:42)

  console.log
    [DB] Migration applied: 019_account_email_outbox.sql

      at log (src/db.js:1312:42)

  console.log
    [DB] Migration applied: 020_canonical_workforce_access_roles.sql

      at log (src/db.js:1312:42)

  console.log
    [DB] Migration applied: 021_bounded_api_observability.sql

      at log (src/db.js:1312:42)

  console.log
    [DB] Migration applied: 022_demo_command_center_sessions.sql

      at log (src/db.js:1312:42)

  console.log
    [DB] Migration applied: 023_homepage_demo_admission.sql

      at log (src/db.js:1312:42)

  console.log
    [DB] Migration applied: 024_homepage_verified_purge_receipt.sql

      at log (src/db.js:1312:42)

  console.log
    [DB] Migration applied: 025_provider_agnostic_knowledge_registry.sql

      at log (src/db.js:1312:42)

  console.log
    [DB] Migration applied: 026_canonical_knowledge_review_publication.sql

      at log (src/db.js:1312:42)

  console.log
    [DB] Migration applied: 027_canonical_knowledge_audit_graph_authority.sql

      at log (src/db.js:1312:42)

  console.log
    [DB] Migration applied: 028_canonical_knowledge_immutable_lifecycle.sql

      at log (src/db.js:1312:42)

  console.log
    [DB] Migration applied: 029_canonical_knowledge_transactional_sync.sql

      at log (src/db.js:1312:42)

  console.log
    [DB] Migration applied: 030_canonical_knowledge_sync_revocation.sql

      at log (src/db.js:1312:42)

  console.log
    [DB] Migration applied: 031_canonical_knowledge_sync_recovery_lifecycle.sql

      at log (src/db.js:1312:42)

  console.log
    [DB] Migration applied: 032_canonical_schedule_assignment_authority.sql

      at log (src/db.js:1312:42)

  console.log
    [DB] Migration applied: 033_canonical_schedule_time_evidence.sql

      at log (src/db.js:1312:42)

  console.log
    [DB] Migration applied: 034_schedule_availability_conflict_authority.sql

      at log (src/db.js:1312:42)

  console.log
    [DB] Migration applied: 035_schedule_human_preview_approval.sql

      at log (src/db.js:1312:42)

  console.log
    [DB] Migration applied: 001_initial_schema.sql

      at Object.log [as runMigrations] (src/db.js:1312:42)

  console.log
    [DB] Migration applied: 002_seed_data.sql

      at Object.log [as runMigrations] (src/db.js:1312:42)

  console.log
    [DB] Migration applied: 003_voice_sessions.sql

      at Object.log [as runMigrations] (src/db.js:1312:42)

  console.log
    [DB] Migration applied: 004_canonical_persistence_v2.sql

      at Object.log [as runMigrations] (src/db.js:1312:42)

  console.log
    [DB] Migration applied: 005_canonical_organization_authority.sql

      at Object.log [as runMigrations] (src/db.js:1312:42)

  console.log
    [DB] Migration applied: 006_canonical_voice_sessions.sql

      at Object.log [as runMigrations] (src/db.js:1312:42)

  console.log
    [DB] Migration applied: 007_canonical_tax_authority.sql

      at Object.log [as runMigrations] (src/db.js:1312:42)

  console.log
    [DB] Migration applied: 008_canonical_demo_authority.sql

      at Object.log [as runMigrations] (src/db.js:1312:42)

  console.log
    [DB] Migration applied: 009_canonical_voice_provider_identity.sql

      at Object.log [as runMigrations] (src/db.js:1312:42)

  console.log
    [DB] Migration applied: 010_account_session_authority.sql

      at Object.log [as runMigrations] (src/db.js:1312:42)

  console.log
    [DB] Migration applied: 011_oauth_authorization_states.sql

      at Object.log [as runMigrations] (src/db.js:1312:42)

  console.log
    [DB] Migration applied: 012_account_verification_trial.sql

      at Object.log [as runMigrations] (src/db.js:1312:42)

  console.log
    [DB] Migration applied: 015_workforce_authority.sql

      at Object.log [as runMigrations] (src/db.js:1312:42)

  console.log
    [DB] Migration applied: 016_tenant_asset_catalogue.sql

      at Object.log [as runMigrations] (src/db.js:1312:42)

  console.log
    [DB] Migration applied: 017_retell_webhook_replay_authority.sql

      at Object.log [as runMigrations] (src/db.js:1312:42)

  console.log
    [DB] Migration applied: 018_canonical_map_preferences.sql

      at Object.log [as runMigrations] (src/db.js:1312:42)

  console.log
    [DB] Migration applied: 019_account_email_outbox.sql

      at Object.log [as runMigrations] (src/db.js:1312:42)

  console.log
    [DB] Migration applied: 020_canonical_workforce_access_roles.sql

      at Object.log [as runMigrations] (src/db.js:1312:42)

  console.log
    [DB] Migration applied: 021_bounded_api_observability.sql

      at Object.log [as runMigrations] (src/db.js:1312:42)

  console.log
    [DB] Migration applied: 022_demo_command_center_sessions.sql

      at Object.log [as runMigrations] (src/db.js:1312:42)

  console.log
    [DB] Migration applied: 023_homepage_demo_admission.sql

      at Object.log [as runMigrations] (src/db.js:1312:42)

  console.log
    [DB] Migration applied: 024_homepage_verified_purge_receipt.sql

      at Object.log [as runMigrations] (src/db.js:1312:42)

  console.log
    [DB] Migration applied: 025_provider_agnostic_knowledge_registry.sql

      at Object.log [as runMigrations] (src/db.js:1312:42)

  console.info
    {
      component: 'http',
      event: 'request_completed',
      requestId: '549023a2-5ea4-4404-b0ea-5afcd8e5127f',
      methodClass: 'GET',
      durationMs: 1,
      statusCode: 503
    }

      at write (src/observability/safeLogger.js:178:17)

  console.info
    {
      component: 'http',
      event: 'request_completed',
      requestId: '2f9f41bc-7d3a-49fa-86c7-07f74aba00e2',
      methodClass: 'GET',
      durationMs: 1,
      statusCode: 410
    }

      at write (src/observability/safeLogger.js:178:17)

  console.info
    {
      component: 'http',
      event: 'request_completed',
      requestId: '7649564b-ef8e-40f1-bc70-cfec2cc55ee4',
      methodClass: 'GET',
      durationMs: 1,
      statusCode: 401
    }

      at write (src/observability/safeLogger.js:178:17)

  console.info
    {
      component: 'http',
      event: 'request_completed',
      requestId: '6e3abaad-9c71-46ad-b074-eb2dbc59c8e0',
      methodClass: 'POST',
      durationMs: 1,
      statusCode: 401
    }

      at write (src/observability/safeLogger.js:178:17)

  console.info
    {
      component: 'http',
      event: 'request_completed',
      requestId: '4ace6528-e538-4577-bfc0-0d59187df705',
      methodClass: 'GET',
      durationMs: 1,
      statusCode: 503
    }

      at write (src/observability/safeLogger.js:178:17)

  console.info
    {
      component: 'http',
      event: 'request_completed',
      requestId: 'd1d2606e-b994-49ab-a52c-ca3a16b492e5',
      methodClass: 'GET',
      durationMs: 0,
      statusCode: 401
    }

      at write (src/observability/safeLogger.js:178:17)

  console.info
    {
      component: 'http',
      event: 'request_completed',
      requestId: '0a2694b3-243d-4a27-9e59-ad04f98e5c87',
      methodClass: 'POST',
      durationMs: 1,
      statusCode: 400
    }

      at write (src/observability/safeLogger.js:178:17)

  console.info
    {
      component: 'http',
      event: 'request_completed',
      requestId: 'acae8806-6564-4448-a912-0b533131e6f5',
      methodClass: 'POST',
      durationMs: 1,
      statusCode: 400
    }

      at write (src/observability/safeLogger.js:178:17)

  console.info
    {
      component: 'http',
      event: 'request_completed',
      requestId: '8db7aa0a-eac3-461b-a93a-25d5922ae8e0',
      methodClass: 'POST',
      durationMs: 0,
      statusCode: 413
    }

      at write (src/observability/safeLogger.js:178:17)

  console.info
    {
      component: 'product_telemetry',
      event: 'aggregate_updated',
      eventClass: 'page_view',
      surface: 'public',
      routeClass: 'home',
      action: 'none',
      elapsedBucket: 'under_15s',
      count: 2
    }

      at info (src/observability/productTelemetry.js:53:11)

  console.info
    {
      component: 'http',
      event: 'request_completed',
      requestId: '5bd85cde-9a27-404f-8808-15c02a43eead',
      methodClass: 'POST',
      durationMs: 5,
      statusCode: 202
    }

      at write (src/observability/safeLogger.js:178:17)

  console.info
    {
      component: 'http',
      event: 'request_completed',
      requestId: '0b8ff635-0580-4cd3-8f31-21b44d1b5967',
      methodClass: 'GET',
      durationMs: 1,
      statusCode: 401
    }

      at write (src/observability/safeLogger.js:178:17)

  console.info
    {
      component: 'http',
      event: 'request_completed',
      requestId: 'a9d80ce3-6d1a-46e0-ae02-67d1c8931f4d',
      methodClass: 'GET',
      durationMs: 1,
      statusCode: 401
    }

      at write (src/observability/safeLogger.js:178:17)

  console.warn
    [Auth] PostgreSQL account authority unavailable: {
      requestId: 'afebdf50-57eb-41de-ad59-4ef9c887cb7f',
      event: 'login_failed'
    }

      20 |   }
      21 |   if (error instanceof AccountPersistenceError || (error && error.name === 'AccountPersistenceError')) {
    > 22 |     console.warn('[Auth] PostgreSQL account authority unavailable:', { requestId: requestId(req), event });
         |             ^
      23 |     return failure(req, res, 503, 'account_authority_unavailable', 'Account service is temporarily unavailable');
      24 |   }
      25 |   console.error('[Auth] Request failed:', { requestId: requestId(req), event });

      at warn (src/routes/auth.js:22:13)
      at handleError (src/routes/auth.js:56:14)

  console.info
    {
      component: 'http',
      event: 'request_completed',
      requestId: 'afebdf50-57eb-41de-ad59-4ef9c887cb7f',
      methodClass: 'POST',
      durationMs: 2,
      statusCode: 503
    }

      at write (src/observability/safeLogger.js:178:17)

  console.info
    {
      component: 'http',
      event: 'request_completed',
      requestId: '0c79a235-7c2a-4710-8a42-b2f717e74708',
      methodClass: 'GET',
      durationMs: 1,
      statusCode: 401
    }

      at write (src/observability/safeLogger.js:178:17)

  console.info
    {
      component: 'http',
      event: 'request_completed',
      requestId: 'b32f79b7-aae8-41d0-bb4a-f82e1121888d',
      methodClass: 'GET',
      durationMs: 1,
      statusCode: 503
    }

      at write (src/observability/safeLogger.js:178:17)

  console.info
    {
      component: 'http',
      event: 'request_completed',
      requestId: '7513f308-845e-474a-8aa4-58a7a00e378f',
      methodClass: 'GET',
      durationMs: 0,
      statusCode: 401
    }

      at write (src/observability/safeLogger.js:178:17)

  console.info
    {
      component: 'http',
      event: 'request_completed',
      requestId: '66d3be7e-04b5-43f0-a382-4334114926b2',
      methodClass: 'GET',
      durationMs: 1,
      statusCode: 410
    }

      at write (src/observability/safeLogger.js:178:17)

  console.info
    {
      component: 'http',
      event: 'request_completed',
      requestId: '2c32f0c8-533f-4d0e-a413-b8bee6a8ac3b',
      methodClass: 'GET',
      durationMs: 0,
      statusCode: 503
    }

      at write (src/observability/safeLogger.js:178:17)

  console.info
    {
      component: 'retell',
      event: 'create_call_prepared',
      variableCount: 20
    }

      at write (src/observability/safeLogger.js:178:17)

  console.info
    {
      component: 'retell',
      event: 'request_started',
      methodClass: 'POST',
      attempt: 1
    }

      at write (src/observability/safeLogger.js:178:17)

  console.info
    {
      component: 'retell',
      event: 'response_received',
      attempt: 1,
      statusCode: 200
    }

      at write (src/observability/safeLogger.js:178:17)

  console.info
    {
      component: 'retell',
      event: 'create_call_succeeded',
      attempt: 1,
      maxAttempts: 3
    }

      at write (src/observability/safeLogger.js:178:17)

  console.info
    { component: 'voice', event: 'business_event_emitting' }

      at write (src/observability/safeLogger.js:178:17)

  console.info
    { component: 'voice', event: 'business_event_emitting' }

      at write (src/observability/safeLogger.js:178:17)

  console.info
    { component: 'voice', event: 'business_event_emitting' }

      at write (src/observability/safeLogger.js:178:17)

  console.info
    {
      component: 'voice',
      event: 'business_event_unhandled',
      handlerCount: 0
    }

      at write (src/observability/safeLogger.js:178:17)

  console.info
    { component: 'voice', event: 'business_event_emitting' }

      at write (src/observability/safeLogger.js:178:17)

  console.info
    { component: 'voice', event: 'business_event_emitting' }

      at write (src/observability/safeLogger.js:178:17)

  console.info
    { component: 'voice', event: 'business_event_emitting' }

      at write (src/observability/safeLogger.js:178:17)

  console.info
    {
      component: 'voice',
      event: 'business_event_unhandled',
      handlerCount: 0
    }

      at write (src/observability/safeLogger.js:178:17)

  console.info
    { component: 'voice', event: 'business_event_emitting' }

      at write (src/observability/safeLogger.js:178:17)

  console.info
    {
      component: 'voice',
      event: 'business_event_unhandled',
      handlerCount: 0
    }

      at write (src/observability/safeLogger.js:178:17)

  console.info
    { component: 'voice', event: 'business_event_emitting' }

      at write (src/observability/safeLogger.js:178:17)

  console.error
    { component: 'voice', event: 'business_event_handler_failed' }

      176 |     ...safeFields(fields),
      177 |   };
    > 178 |   console[level](record);
          |                 ^
      179 |   return record;
      180 | }
      181 |

      at write (src/observability/safeLogger.js:178:17)
      at Object.write (src/observability/safeLogger.js:191:10)
      at error (src/voice/businessEvents.js:161:20)
          at async Promise.all (index 0)
      at EventBus.emit (src/voice/businessEvents.js:165:5)
      at Object.<anonymous> (tests/unit/voice/businessEvents.test.js:202:22)

  console.info
    { component: 'voice', event: 'business_event_emitting' }

      at write (src/observability/safeLogger.js:178:17)

  console.info
    { component: 'voice', event: 'business_event_emitting' }

      at write (src/observability/safeLogger.js:178:17)

  console.info
    {
      component: 'voice',
      event: 'business_event_unhandled',
      handlerCount: 0
    }

      at write (src/observability/safeLogger.js:178:17)

  console.info
    { component: 'voice', event: 'business_event_emitting' }

      at write (src/observability/safeLogger.js:178:17)

  console.info
    {
      component: 'voice',
      event: 'business_event_unhandled',
      handlerCount: 0
    }

      at write (src/observability/safeLogger.js:178:17)

  console.info
    { component: 'voice', event: 'business_event_emitting' }

      at write (src/observability/safeLogger.js:178:17)

  console.info
    {
      component: 'voice',
      event: 'business_event_unhandled',
      handlerCount: 0
    }

      at write (src/observability/safeLogger.js:178:17)

  console.info
    { component: 'voice', event: 'business_event_emitting' }

      at write (src/observability/safeLogger.js:178:17)

  console.info
    {
      component: 'voice',
      event: 'business_event_unhandled',
      handlerCount: 0
    }

      at write (src/observability/safeLogger.js:178:17)

  console.info
    { component: 'voice', event: 'business_event_emitting' }

      at write (src/observability/safeLogger.js:178:17)

  console.info
    {
      component: 'voice',
      event: 'business_event_unhandled',
      handlerCount: 0
    }

      at write (src/observability/safeLogger.js:178:17)

  console.info
    { component: 'voice', event: 'business_event_emitting' }

      at write (src/observability/safeLogger.js:178:17)

  console.info
    {
      component: 'voice',
      event: 'business_event_unhandled',
      handlerCount: 0
    }

      at write (src/observability/safeLogger.js:178:17)

  console.info
    { component: 'voice', event: 'business_event_emitting' }

      at write (src/observability/safeLogger.js:178:17)

  console.info
    {
      component: 'voice',
      event: 'business_event_unhandled',
      handlerCount: 0
    }

      at write (src/observability/safeLogger.js:178:17)

  console.info
    { component: 'voice', event: 'business_event_emitting' }

      at write (src/observability/safeLogger.js:178:17)

  console.info
    {
      component: 'voice',
      event: 'business_event_unhandled',
      handlerCount: 0
    }

      at write (src/observability/safeLogger.js:178:17)

  console.info
    { component: 'voice', event: 'business_event_emitting' }

      at write (src/observability/safeLogger.js:178:17)

  console.info
    {
      component: 'voice',
      event: 'business_event_unhandled',
      handlerCount: 0
    }

      at write (src/observability/safeLogger.js:178:17)

  console.info
    { component: 'voice', event: 'business_event_emitting' }

      at write (src/observability/safeLogger.js:178:17)

  console.info
    {
      component: 'voice',
      event: 'business_event_unhandled',
      handlerCount: 0
    }

      at write (src/observability/safeLogger.js:178:17)

  console.info
    { component: 'voice', event: 'business_event_emitting' }

      at write (src/observability/safeLogger.js:178:17)

  console.info
    {
      component: 'voice',
      event: 'business_event_unhandled',
      handlerCount: 0
    }

      at write (src/observability/safeLogger.js:178:17)

  console.info
    { component: 'voice', event: 'business_event_emitting' }

      at write (src/observability/safeLogger.js:178:17)

  console.info
    {
      component: 'voice',
      event: 'business_event_unhandled',
      handlerCount: 0
    }

      at write (src/observability/safeLogger.js:178:17)

  console.info
    { component: 'voice', event: 'business_event_emitting' }

      at write (src/observability/safeLogger.js:178:17)

  console.info
    {
      component: 'voice',
      event: 'business_event_unhandled',
      handlerCount: 0
    }

      at write (src/observability/safeLogger.js:178:17)

  console.info
    { component: 'voice', event: 'business_event_emitting' }

      at write (src/observability/safeLogger.js:178:17)

  console.info
    {
      component: 'voice',
      event: 'business_event_unhandled',
      handlerCount: 0
    }

      at write (src/observability/safeLogger.js:178:17)

  console.info
    { component: 'voice', event: 'business_event_emitting' }

      at write (src/observability/safeLogger.js:178:17)

  console.warn
    {
      component: 'voice',
      event: 'signature_validation_unavailable',
      configured: false
    }

      176 |     ...safeFields(fields),
      177 |   };
    > 178 |   console[level](record);
          |                 ^
      179 |   return record;
      180 | }
      181 |

      at write (src/observability/safeLogger.js:178:17)
      at Object.write [as warn] (src/observability/safeLogger.js:187:10)
      at Object.warn [as validateSignature] (src/voice/webhook.js:167:16)
      at Object.validateSignature (tests/unit/voice/webhook.test.js:63:22)

  console.warn
    { component: 'voice', event: 'signature_missing' }

      176 |     ...safeFields(fields),
      177 |   };
    > 178 |   console[level](record);
          |                 ^
      179 |   return record;
      180 | }
      181 |

      at write (src/observability/safeLogger.js:178:17)
      at Object.write [as warn] (src/observability/safeLogger.js:187:10)
      at Object.warn [as validateSignature] (src/voice/webhook.js:172:16)
      at Object.validateSignature (tests/unit/voice/webhook.test.js:67:22)

  console.warn
    { component: 'voice', event: 'signature_missing' }

      176 |     ...safeFields(fields),
      177 |   };
    > 178 |   console[level](record);
          |                 ^
      179 |   return record;
      180 | }
      181 |

      at write (src/observability/safeLogger.js:178:17)
      at Object.write [as warn] (src/observability/safeLogger.js:187:10)
      at Object.warn [as validateSignature] (src/voice/webhook.js:172:16)
      at Object.validateSignature (tests/unit/voice/webhook.test.js:87:22)

  console.warn
    { component: 'voice', event: 'signature_missing' }

      176 |     ...safeFields(fields),
      177 |   };
    > 178 |   console[level](record);
          |                 ^
      179 |   return record;
      180 | }
      181 |

      at write (src/observability/safeLogger.js:178:17)
      at Object.write [as warn] (src/observability/safeLogger.js:187:10)
      at Object.warn [as validateSignature] (src/voice/webhook.js:172:16)
      at Object.validateSignature (tests/unit/voice/webhook.test.js:88:22)

  console.warn
    { component: 'voice', event: 'signature_missing' }

      176 |     ...safeFields(fields),
      177 |   };
    > 178 |   console[level](record);
          |                 ^
      179 |   return record;
      180 | }
      181 |

      at write (src/observability/safeLogger.js:178:17)
      at Object.write [as warn] (src/observability/safeLogger.js:187:10)
      at Object.warn [as validateSignature] (src/voice/webhook.js:172:16)
      at Object.validateSignature (tests/unit/voice/webhook.test.js:89:22)

  console.warn
    { component: 'voice', event: 'signature_missing' }

      176 |     ...safeFields(fields),
      177 |   };
    > 178 |   console[level](record);
          |                 ^
      179 |   return record;
      180 | }
      181 |

      at write (src/observability/safeLogger.js:178:17)
      at Object.write [as warn] (src/observability/safeLogger.js:187:10)
      at Object.warn [as validateSignature] (src/voice/webhook.js:172:16)
      at Object.validateSignature (tests/unit/voice/webhook.test.js:90:22)

  console.warn
    { component: 'voice', event: 'signature_missing' }

      176 |     ...safeFields(fields),
      177 |   };
    > 178 |   console[level](record);
          |                 ^
      179 |   return record;
      180 | }
      181 |

      at write (src/observability/safeLogger.js:178:17)
      at Object.write [as warn] (src/observability/safeLogger.js:187:10)
      at Object.warn [as validateSignature] (src/voice/webhook.js:172:16)
      at Object.validateSignature (tests/unit/voice/webhook.test.js:91:22)

  console.warn
    { component: 'voice', event: 'timestamp_missing' }

      176 |     ...safeFields(fields),
      177 |   };
    > 178 |   console[level](record);
          |                 ^
      179 |   return record;
      180 | }
      181 |

      at write (src/observability/safeLogger.js:178:17)
      at Object.write [as warn] (src/observability/safeLogger.js:187:10)
      at Object.warn [as validateTimestamp] (src/voice/webhook.js:202:16)
      at Object.validateTimestamp (tests/unit/voice/webhook.test.js:111:22)

  console.warn
    { component: 'voice', event: 'timestamp_missing' }

      176 |     ...safeFields(fields),
      177 |   };
    > 178 |   console[level](record);
          |                 ^
      179 |   return record;
      180 | }
      181 |

      at write (src/observability/safeLogger.js:178:17)
      at Object.write [as warn] (src/observability/safeLogger.js:187:10)
      at Object.warn [as validateTimestamp] (src/voice/webhook.js:202:16)
      at Object.validateTimestamp (tests/unit/voice/webhook.test.js:112:22)

  console.warn
    { component: 'voice', event: 'timestamp_missing' }

      176 |     ...safeFields(fields),
      177 |   };
    > 178 |   console[level](record);
          |                 ^
      179 |   return record;
      180 | }
      181 |

      at write (src/observability/safeLogger.js:178:17)
      at Object.write [as warn] (src/observability/safeLogger.js:187:10)
      at Object.warn [as validateTimestamp] (src/voice/webhook.js:202:16)
      at Object.validateTimestamp (tests/unit/voice/webhook.test.js:113:22)

  console.warn
    {
      component: 'voice',
      event: 'timestamp_outside_window',
      clockSkewMs: 600000
    }

      176 |     ...safeFields(fields),
      177 |   };
    > 178 |   console[level](record);
          |                 ^
      179 |   return record;
      180 | }
      181 |

      at write (src/observability/safeLogger.js:178:17)
      at Object.write [as warn] (src/observability/safeLogger.js:187:10)
      at Object.warn [as validateTimestamp] (src/voice/webhook.js:212:16)
      at Object.validateTimestamp (tests/unit/voice/webhook.test.js:129:22)

  console.warn
    {
      component: 'voice',
      event: 'timestamp_outside_window',
      clockSkewMs: 600000
    }

      176 |     ...safeFields(fields),
      177 |   };
    > 178 |   console[level](record);
          |                 ^
      179 |   return record;
      180 | }
      181 |

      at write (src/observability/safeLogger.js:178:17)
      at Object.write [as warn] (src/observability/safeLogger.js:187:10)
      at Object.warn [as validateTimestamp] (src/voice/webhook.js:212:16)
      at Object.validateTimestamp (tests/unit/voice/webhook.test.js:134:22)

  console.warn
    {
      component: 'voice',
      event: 'timestamp_outside_window',
      clockSkewMs: 1786121002136
    }

      176 |     ...safeFields(fields),
      177 |   };
    > 178 |   console[level](record);
          |                 ^
      179 |   return record;
      180 | }
      181 |

      at write (src/observability/safeLogger.js:178:17)
      at Object.write [as warn] (src/observability/safeLogger.js:187:10)
      at Object.warn [as validateTimestamp] (src/voice/webhook.js:212:16)
      at Object.validateTimestamp (tests/unit/voice/webhook.test.js:138:22)

  console.warn
    { component: 'voice', event: 'timestamp_missing' }

      176 |     ...safeFields(fields),
      177 |   };
    > 178 |   console[level](record);
          |                 ^
      179 |   return record;
      180 | }
      181 |

      at write (src/observability/safeLogger.js:178:17)
      at Object.write [as warn] (src/observability/safeLogger.js:187:10)
      at Object.warn [as validateTimestamp] (src/voice/webhook.js:202:16)
      at Object.validateTimestamp (tests/unit/voice/webhook.test.js:139:22)

  console.warn
    { component: 'voice', event: 'timestamp_missing' }

      176 |     ...safeFields(fields),
      177 |   };
    > 178 |   console[level](record);
          |                 ^
      179 |   return record;
      180 | }
      181 |

      at write (src/observability/safeLogger.js:178:17)
      at Object.write [as warn] (src/observability/safeLogger.js:187:10)
      at Object.warn [as validateTimestamp] (src/voice/webhook.js:202:16)
      at Object.validateTimestamp (tests/unit/voice/webhook.test.js:140:22)

  console.warn
    { component: 'voice', event: 'timestamp_missing' }

      176 |     ...safeFields(fields),
      177 |   };
    > 178 |   console[level](record);
          |                 ^
      179 |   return record;
      180 | }
      181 |

      at write (src/observability/safeLogger.js:178:17)
      at Object.write [as warn] (src/observability/safeLogger.js:187:10)
      at Object.warn [as validateTimestamp] (src/voice/webhook.js:202:16)
      at Object.validateTimestamp (tests/unit/voice/webhook.test.js:141:22)

  console.warn
    { component: 'voice', event: 'timestamp_missing' }

      176 |     ...safeFields(fields),
      177 |   };
    > 178 |   console[level](record);
          |                 ^
      179 |   return record;
      180 | }
      181 |

      at write (src/observability/safeLogger.js:178:17)
      at Object.write [as warn] (src/observability/safeLogger.js:187:10)
      at Object.warn [as validateTimestamp] (src/voice/webhook.js:202:16)
      at Object.validateTimestamp (tests/unit/voice/webhook.test.js:142:22)

  console.warn
    {
      component: 'voice',
      event: 'webhook_event_unsupported',
      routed: false
    }

      176 |     ...safeFields(fields),
      177 |   };
    > 178 |   console[level](record);
          |                 ^
      179 |   return record;
      180 | }
      181 |

      at write (src/observability/safeLogger.js:178:17)
      at Object.write [as warn] (src/observability/safeLogger.js:187:10)
      at Object.warn [as routeEvent] (src/voice/webhook.js:252:16)
      at Object.routeEvent (tests/unit/voice/webhook.test.js:217:36)

  console.warn
    {
      component: 'voice',
      event: 'webhook_event_unsupported',
      routed: false
    }

      176 |     ...safeFields(fields),
      177 |   };
    > 178 |   console[level](record);
          |                 ^
      179 |   return record;
      180 | }
      181 |

      at write (src/observability/safeLogger.js:178:17)
      at Object.write [as warn] (src/observability/safeLogger.js:187:10)
      at Object.warn [as routeEvent] (src/voice/webhook.js:252:16)
      at Object.routeEvent (tests/unit/voice/webhook.test.js:224:36)

  console.info
    { component: 'voice', event: 'webhook_event_routing', routed: true }

      at write (src/observability/safeLogger.js:178:17)

  console.info
    { component: 'voice', event: 'webhook_event_routing', routed: true }

      at write (src/observability/safeLogger.js:178:17)

  console.info
    { component: 'voice', event: 'webhook_event_routing', routed: true }

      at write (src/observability/safeLogger.js:178:17)

  console.info
    { component: 'voice', event: 'webhook_event_routing', routed: true }

      at write (src/observability/safeLogger.js:178:17)

  console.info
    { component: 'voice', event: 'webhook_event_routing', routed: true }

      at write (src/observability/safeLogger.js:178:17)

  console.info
    { component: 'voice', event: 'webhook_event_routing', routed: true }

      at write (src/observability/safeLogger.js:178:17)

  console.info
    { component: 'voice', event: 'webhook_event_routing', routed: true }

      at write (src/observability/safeLogger.js:178:17)

  console.info
    { component: 'voice', event: 'webhook_event_routing', routed: true }

      at write (src/observability/safeLogger.js:178:17)

  console.info
    { component: 'voice', event: 'webhook_event_routing', routed: true }

      at write (src/observability/safeLogger.js:178:17)

  console.info
    { component: 'voice', event: 'webhook_event_routing', routed: true }

      at write (src/observability/safeLogger.js:178:17)

  console.info
    { component: 'voice', event: 'webhook_event_routing', routed: true }

      at write (src/observability/safeLogger.js:178:17)

  console.info
    { component: 'voice', event: 'webhook_event_routing', routed: true }

      at write (src/observability/safeLogger.js:178:17)

  console.error
    { component: 'voice', event: 'webhook_fatal_error' }

      176 |     ...safeFields(fields),
      177 |   };
    > 178 |   console[level](record);
          |                 ^
      179 |   return record;
      180 | }
      181 |

      at write (src/observability/safeLogger.js:178:17)
      at Object.write (src/observability/safeLogger.js:191:10)
      at error (src/voice/webhook.js:522:16)
      at Object.<anonymous> (tests/unit/voice/webhook.test.js:531:7)

  console.warn
    {
      component: 'voice',
      event: 'timestamp_outside_window',
      clockSkewMs: 1200000
    }

      176 |     ...safeFields(fields),
      177 |   };
    > 178 |   console[level](record);
          |                 ^
      179 |   return record;
      180 | }
      181 |

      at write (src/observability/safeLogger.js:178:17)
      at Object.write [as warn] (src/observability/safeLogger.js:187:10)
      at warn (src/voice/webhook.js:212:16)
      at validateTimestamp (src/voice/webhook.js:432:10)
      at Object.handleSignedWebhook [as handleWebhook] (src/voice/webhook.js:537:10)
      at Object.handleWebhook (tests/unit/voice/webhook.test.js:545:21)

  console.log
    [CustomerRepo] Initialized (empty)

      at log (src/polaris/customerRepository.js:77:15)

  console.info
    { component: 'voice', event: 'tool_schedule_stub_invoked' }

      at write (src/observability/safeLogger.js:178:17)

  console.info
    { component: 'voice', event: 'tool_schedule_stub_invoked' }

      at write (src/observability/safeLogger.js:178:17)

  console.info
    { component: 'voice', event: 'tool_availability_stub_invoked' }

      at write (src/observability/safeLogger.js:178:17)

  console.info
    { component: 'voice', event: 'tool_availability_stub_invoked' }

      at write (src/observability/safeLogger.js:178:17)

  console.info
    { component: 'voice', event: 'escalation_initiated' }

      at write (src/observability/safeLogger.js:178:17)

  console.info
    { component: 'voice', event: 'escalation_initiated' }

      at write (src/observability/safeLogger.js:178:17)

  console.info
    { component: 'voice', event: 'escalation_initiated' }

      at write (src/observability/safeLogger.js:178:17)

  console.info
    { component: 'voice', event: 'escalation_resolved' }

      at write (src/observability/safeLogger.js:178:17)

  console.info
    { component: 'voice', event: 'escalation_initiated' }

      at write (src/observability/safeLogger.js:178:17)

  console.info
    { component: 'voice', event: 'escalation_initiated' }

      at write (src/observability/safeLogger.js:178:17)

  console.info
    { component: 'voice', event: 'escalation_initiated' }

      at write (src/observability/safeLogger.js:178:17)

  console.info
    { component: 'voice', event: 'escalation_resolved' }

      at write (src/observability/safeLogger.js:178:17)

  console.info
    { component: 'voice', event: 'escalation_initiated' }

      at write (src/observability/safeLogger.js:178:17)

  console.info
    { component: 'voice', event: 'escalation_resolved' }

      at write (src/observability/safeLogger.js:178:17)

  console.info
    { component: 'voice', event: 'escalation_initiated' }

      at write (src/observability/safeLogger.js:178:17)

  console.info
    { component: 'voice', event: 'escalation_initiated' }

      at write (src/observability/safeLogger.js:178:17)

  console.info
    {
      component: 'voice',
      event: 'intelligence_guidance_generated',
      voiceEvent: 'emergency_detected'
    }

      at write (src/observability/safeLogger.js:178:17)

  console.info
    {
      component: 'voice',
      event: 'intelligence_guidance_generated',
      voiceEvent: 'emergency_detected'
    }

      at write (src/observability/safeLogger.js:178:17)

  console.info
    { component: 'voice', event: 'intelligence_guidance_generated' }

      at write (src/observability/safeLogger.js:178:17)

  console.info
    { component: 'voice', event: 'intelligence_guidance_generated' }

      at write (src/observability/safeLogger.js:178:17)

  console.info
    {
      component: 'voice',
      event: 'intelligence_guidance_generated',
      voiceEvent: 'objection_detected'
    }

      at write (src/observability/safeLogger.js:178:17)

  console.info
    { component: 'voice', event: 'intelligence_guidance_generated' }

      at write (src/observability/safeLogger.js:178:17)

  console.info
    {
      component: 'voice',
      event: 'intelligence_guidance_generated',
      voiceEvent: 'emergency_detected'
    }

      at write (src/observability/safeLogger.js:178:17)

  console.info
    {
      component: 'retell',
      event: 'request_started',
      methodClass: 'POST',
      attempt: 1
    }

      at write (src/observability/safeLogger.js:178:17)

  console.info
    {
      component: 'retell',
      event: 'response_received',
      attempt: 1,
      statusCode: 201
    }

      at write (src/observability/safeLogger.js:178:17)

  console.info
    {
      component: 'retell',
      event: 'request_started',
      methodClass: 'DELETE',
      attempt: 1
    }

      at write (src/observability/safeLogger.js:178:17)

  console.info
    {
      component: 'retell',
      event: 'response_received',
      attempt: 1,
      statusCode: 404
    }

      at write (src/observability/safeLogger.js:178:17)

  console.info
    {
      component: 'retell',
      event: 'request_started',
      methodClass: 'GET',
      attempt: 1
    }

      at write (src/observability/safeLogger.js:178:17)

  console.error
    { component: 'retell', event: 'request_network_failed', attempt: 1 }

      176 |     ...safeFields(fields),
      177 |   };
    > 178 |   console[level](record);
          |                 ^
      179 |   return record;
      180 | }
      181 |

      at write (src/observability/safeLogger.js:178:17)
      at Object.write (src/observability/safeLogger.js:191:10)
      at error (src/retell/client.js:108:16)

  console.info
    {
      component: 'retell',
      event: 'request_started',
      methodClass: 'GET',
      attempt: 1
    }

      at write (src/observability/safeLogger.js:178:17)
