  console.log
    [DB] Migration applied: 001_initial_schema.sql

      at log (src/db.js:1312:42)

  console.log
    [DB] Migration applied: 002_seed_data.sql

      at log (src/db.js:1312:42)

  console.log
    [DB] Migration applied: 003_voice_sessions.sql

      at log (src/db.js:1312:42)

  console.log
    [DB] Migration applied: 004_canonical_persistence_v2.sql

      at log (src/db.js:1312:42)

  console.log
    [DB] Migration applied: 005_canonical_organization_authority.sql

      at log (src/db.js:1312:42)

  console.log
    [DB] Migration applied: 006_canonical_voice_sessions.sql

      at log (src/db.js:1312:42)

  console.log
    [DB] Migration applied: 007_canonical_tax_authority.sql

      at log (src/db.js:1312:42)

  console.log
    [DB] Migration applied: 008_canonical_demo_authority.sql

      at log (src/db.js:1312:42)

  console.log
    [DB] Migration applied: 009_canonical_voice_provider_identity.sql

      at log (src/db.js:1312:42)

  console.log
    [DB] Migration applied: 010_account_session_authority.sql

      at log (src/db.js:1312:42)

  console.log
    [DB] Migration applied: 011_oauth_authorization_states.sql

      at log (src/db.js:1312:42)

  console.log
    [DB] Migration applied: 012_account_verification_trial.sql

      at log (src/db.js:1312:42)

  console.log
    [DB] Migration applied: 015_workforce_authority.sql

      at log (src/db.js:1312:42)

  console.log
    [DB] Migration applied: 016_tenant_asset_catalogue.sql

      at log (src/db.js:1312:42)

  console.log
    [DB] Migration applied: 017_retell_webhook_replay_authority.sql

      at log (src/db.js:1312:42)

  console.log
    [DB] Migration applied: 018_canonical_map_preferences.sql

      at log (src/db.js:1312:42)

  console.log
    [DB] Migration applied: 019_account_email_outbox.sql

      at log (src/db.js:1312:42)

  console.log
    [DB] Migration applied: 020_canonical_workforce_access_roles.sql

      at log (src/db.js:1312:42)

  console.log
    [DB] Migration applied: 021_bounded_api_observability.sql

      at log (src/db.js:1312:42)

  console.log
    [DB] Migration applied: 022_demo_command_center_sessions.sql

      at log (src/db.js:1312:42)

  console.log
    [DB] Migration applied: 023_homepage_demo_admission.sql

      at log (src/db.js:1312:42)

  console.log
    [DB] Migration applied: 024_homepage_verified_purge_receipt.sql

      at log (src/db.js:1312:42)

  console.log
    [DB] Migration applied: 025_provider_agnostic_knowledge_registry.sql

      at log (src/db.js:1312:42)

  console.log
    [DB] Migration applied: 026_canonical_knowledge_review_publication.sql

      at log (src/db.js:1312:42)

  console.log
    [DB] Migration applied: 027_canonical_knowledge_audit_graph_authority.sql

      at log (src/db.js:1312:42)

  console.log
    [DB] Migration applied: 028_canonical_knowledge_immutable_lifecycle.sql

      at log (src/db.js:1312:42)

  console.log
    [DB] Migration applied: 029_canonical_knowledge_transactional_sync.sql

      at log (src/db.js:1312:42)

  console.log
    [DB] Migration applied: 030_canonical_knowledge_sync_revocation.sql

      at log (src/db.js:1312:42)

  console.log
    [DB] Migration applied: 031_canonical_knowledge_sync_recovery_lifecycle.sql

      at log (src/db.js:1312:42)

  console.log
    [DB] Migration applied: 032_canonical_schedule_assignment_authority.sql

      at log (src/db.js:1312:42)

  console.log
    [DB] Migration applied: 033_canonical_schedule_time_evidence.sql

      at log (src/db.js:1312:42)

  console.log
    [DB] Migration applied: 034_schedule_availability_conflict_authority.sql

      at log (src/db.js:1312:42)

  console.log
    [DB] Migration applied: 035_schedule_human_preview_approval.sql

      at log (src/db.js:1312:42)

  console.log
    [DB] Migration applied: 001_initial_schema.sql

      at Object.log [as runMigrations] (src/db.js:1312:42)
  console.log
    [DB] Migration applied: 002_seed_data.sql

      at Object.log [as runMigrations] (src/db.js:1312:42)

  console.log
    [DB] Migration applied: 003_voice_sessions.sql

      at Object.log [as runMigrations] (src/db.js:1312:42)

  console.log
    [DB] Migration applied: 004_canonical_persistence_v2.sql

      at Object.log [as runMigrations] (src/db.js:1312:42)

  console.log
    [DB] Migration applied: 005_canonical_organization_authority.sql

      at Object.log [as runMigrations] (src/db.js:1312:42)

  console.log
    [DB] Migration applied: 006_canonical_voice_sessions.sql

      at Object.log [as runMigrations] (src/db.js:1312:42)

  console.log
    [DB] Migration applied: 007_canonical_tax_authority.sql

      at Object.log [as runMigrations] (src/db.js:1312:42)

  console.log
    [DB] Migration applied: 008_canonical_demo_authority.sql

      at Object.log [as runMigrations] (src/db.js:1312:42)

  console.log
    [DB] Migration applied: 009_canonical_voice_provider_identity.sql

      at Object.log [as runMigrations] (src/db.js:1312:42)

  console.log
    [DB] Migration applied: 010_account_session_authority.sql

      at Object.log [as runMigrations] (src/db.js:1312:42)

  console.log
    [DB] Migration applied: 011_oauth_authorization_states.sql

      at Object.log [as runMigrations] (src/db.js:1312:42)

  console.log
    [DB] Migration applied: 012_account_verification_trial.sql

      at Object.log [as runMigrations] (src/db.js:1312:42)

  console.log
    [DB] Migration applied: 015_workforce_authority.sql

      at Object.log [as runMigrations] (src/db.js:1312:42)

  console.log
    [DB] Migration applied: 016_tenant_asset_catalogue.sql

      at Object.log [as runMigrations] (src/db.js:1312:42)

  console.log
    [DB] Migration applied: 017_retell_webhook_replay_authority.sql

      at Object.log [as runMigrations] (src/db.js:1312:42)

  console.log
    [DB] Migration applied: 018_canonical_map_preferences.sql

      at Object.log [as runMigrations] (src/db.js:1312:42)

  console.log
    [DB] Migration applied: 019_account_email_outbox.sql

      at Object.log [as runMigrations] (src/db.js:1312:42)

  console.log
    [DB] Migration applied: 020_canonical_workforce_access_roles.sql

      at Object.log [as runMigrations] (src/db.js:1312:42)

  console.log
    [DB] Migration applied: 021_bounded_api_observability.sql

      at Object.log [as runMigrations] (src/db.js:1312:42)

  console.log
    [DB] Migration applied: 022_demo_command_center_sessions.sql

      at Object.log [as runMigrations] (src/db.js:1312:42)

  console.log
    [DB] Migration applied: 023_homepage_demo_admission.sql

      at Object.log [as runMigrations] (src/db.js:1312:42)

  console.log
    [DB] Migration applied: 024_homepage_verified_purge_receipt.sql

      at Object.log [as runMigrations] (src/db.js:1312:42)

  console.log
    [DB] Migration applied: 025_provider_agnostic_knowledge_registry.sql

      at Object.log [as runMigrations] (src/db.js:1312:42)

  console.log
    [DB] Migration applied: 026_canonical_knowledge_review_publication.sql

      at Object.log [as runMigrations] (src/db.js:1312:42)

  console.log
    [DB] Migration applied: 027_canonical_knowledge_audit_graph_authority.sql

      at Object.log [as runMigrations] (src/db.js:1312:42)

  console.log
    [DB] Migration applied: 028_canonical_knowledge_immutable_lifecycle.sql

      at Object.log [as runMigrations] (src/db.js:1312:42)

  console.log
    [DB] Migration applied: 029_canonical_knowledge_transactional_sync.sql

      at Object.log [as runMigrations] (src/db.js:1312:42)

  console.log
    [DB] Migration applied: 030_canonical_knowledge_sync_revocation.sql

      at Object.log [as runMigrations] (src/db.js:1312:42)

  console.log
    [DB] Migration applied: 031_canonical_knowledge_sync_recovery_lifecycle.sql

      at Object.log [as runMigrations] (src/db.js:1312:42)

  console.log
    [DB] Migration applied: 032_canonical_schedule_assignment_authority.sql

      at Object.log [as runMigrations] (src/db.js:1312:42)

  console.log
    [DB] Migration applied: 033_canonical_schedule_time_evidence.sql

      at Object.log [as runMigrations] (src/db.js:1312:42)

  console.log
    [DB] Migration applied: 034_schedule_availability_conflict_authority.sql

      at Object.log [as runMigrations] (src/db.js:1312:42)

  console.log
    [DB] Migration applied: 035_schedule_human_preview_approval.sql

      at Object.log [as runMigrations] (src/db.js:1312:42)

  console.info
    {
      component: 'http',
      event: 'request_completed',
      requestId: 'de5da94a-9a81-4c42-b0c4-2976b51bb016',
      methodClass: 'POST',
      durationMs: 65,
      statusCode: 201
    }

      at write (src/observability/safeLogger.js:178:17)

  console.info
    {
      component: 'http',
      event: 'request_completed',
      requestId: 'a6ef3f59-7be1-4aec-94cd-1cddc65814f3',
      methodClass: 'POST',
      durationMs: 131,
      statusCode: 200
    }

      at write (src/observability/safeLogger.js:178:17)

  console.info
    {
      component: 'http',
      event: 'request_completed',
      requestId: '01f165e3-bf0d-4025-ae9c-798f73d185d2',
      methodClass: 'POST',
      durationMs: 124,
      statusCode: 201
    }

      at write (src/observability/safeLogger.js:178:17)

  console.info
    {
      component: 'http',
      event: 'request_completed',
      requestId: '5e2efd94-a1d3-4887-86e4-b1e6e6adf194',
      methodClass: 'POST',
      durationMs: 163,
      statusCode: 200
    }

      at write (src/observability/safeLogger.js:178:17)

  console.info
    {
      component: 'http',
      event: 'request_completed',
      requestId: 'b01c9125-3961-4eff-8081-11a50f35b7df',
      methodClass: 'GET',
      durationMs: 21,
      statusCode: 200
    }

      at write (src/observability/safeLogger.js:178:17)

  console.info
    {
      component: 'http',
      event: 'request_completed',
      requestId: 'fb686249-a2b3-44b0-9fc6-6f0571e62f82',
      methodClass: 'GET',
      durationMs: 5,
      statusCode: 403
    }

      at write (src/observability/safeLogger.js:178:17)

  console.info
    {
      component: 'http',
      event: 'request_completed',
      requestId: 'f3259f78-122d-4153-915c-9ebe101950a9',
      methodClass: 'GET',
      durationMs: 5,
      statusCode: 403
    }

      at write (src/observability/safeLogger.js:178:17)

  console.info
    {
      component: 'http',
      event: 'request_completed',
      requestId: 'e7fe164a-d2b0-4108-a2a6-726cf81e6d0f',
      methodClass: 'GET',
      durationMs: 4,
      statusCode: 403
    }

      at write (src/observability/safeLogger.js:178:17)

  console.info
    {
      component: 'http',
      event: 'request_completed',
      requestId: 'e281f3d0-4711-4a9a-86a5-c1cc89fc4c36',
      methodClass: 'GET',
      durationMs: 4,
      statusCode: 403
    }

      at write (src/observability/safeLogger.js:178:17)

  console.info
    {
      component: 'http',
      event: 'request_completed',
      requestId: 'ee2ddc3e-b2d4-4014-9afc-1a0b4534b94a',
      methodClass: 'GET',
      durationMs: 4,
      statusCode: 403
    }

      at write (src/observability/safeLogger.js:178:17)

  console.info
    {
      component: 'http',
      event: 'request_completed',
      requestId: '43cdca9c-d31b-4125-82bd-dc9273341c2d',
      methodClass: 'GET',
      durationMs: 4,
      statusCode: 403
    }

      at write (src/observability/safeLogger.js:178:17)

  console.info
    {
      component: 'http',
      event: 'request_completed',
      requestId: '49c85583-c361-4e0f-8a7c-2f0b5a0d5a6e',
      methodClass: 'GET',
      durationMs: 4,
      statusCode: 403
    }

      at write (src/observability/safeLogger.js:178:17)

  console.info
    {
      component: 'http',
      event: 'request_completed',
      requestId: '98cae4ad-eeac-4226-9af3-5d291e09c846',
      methodClass: 'GET',
      durationMs: 4,
      statusCode: 403
    }

      at write (src/observability/safeLogger.js:178:17)

  console.info
    {
      component: 'http',
      event: 'request_completed',
      requestId: '28fbc9dd-eb0c-461b-8e4f-c50af633dd18',
      methodClass: 'GET',
      durationMs: 4,
      statusCode: 403
    }

      at write (src/observability/safeLogger.js:178:17)

  console.info
    {
      component: 'http',
      event: 'request_completed',
      requestId: '9d81ba4a-c0f5-4cd5-ada0-37afc183d5db',
      methodClass: 'GET',
      durationMs: 4,
      statusCode: 403
    }

      at write (src/observability/safeLogger.js:178:17)

  console.info
    {
      component: 'http',
      event: 'request_completed',
      requestId: 'b8777de5-e064-4e94-8eee-3feb4af27d08',
      methodClass: 'GET',
      durationMs: 4,
      statusCode: 403
    }

      at write (src/observability/safeLogger.js:178:17)

  console.info
    {
      component: 'http',
      event: 'request_completed',
      requestId: '12dcc292-c0eb-4e8e-8a9b-72b46872c681',
      methodClass: 'GET',
      durationMs: 6,
      statusCode: 200
    }

      at write (src/observability/safeLogger.js:178:17)

  console.info
    {
      component: 'http',
      event: 'request_completed',
      requestId: '45a68631-b68c-42d6-807a-10352e74bf81',
      methodClass: 'GET',
      durationMs: 5,
      statusCode: 200
    }

      at write (src/observability/safeLogger.js:178:17)

  console.info
    {
      component: 'http',
      event: 'request_completed',
      requestId: '100ed6a0-4ce9-4976-9bfd-b823b6bd641d',
      methodClass: 'GET',
      durationMs: 3,
      statusCode: 200
    }

      at write (src/observability/safeLogger.js:178:17)

  console.info
    {
      component: 'http',
      event: 'request_completed',
      requestId: 'd3b8cc25-bf02-42ea-81f0-abf4dc0a8454',
      methodClass: 'GET',
      durationMs: 5,
      statusCode: 200
    }

      at write (src/observability/safeLogger.js:178:17)

  console.info
    {
      component: 'http',
      event: 'request_completed',
      requestId: 'a317228f-3388-4090-bd78-492402b39ed2',
      methodClass: 'GET',
      durationMs: 6,
      statusCode: 200
    }

      at write (src/observability/safeLogger.js:178:17)

  console.info
    {
      component: 'http',
      event: 'request_completed',
      requestId: '66d8134f-b00e-4f6e-b5df-0f78e0f214bc',
      methodClass: 'GET',
      durationMs: 5,
      statusCode: 200
    }

      at write (src/observability/safeLogger.js:178:17)

  console.info
    {
      component: 'http',
      event: 'request_completed',
      requestId: '481ce644-e16f-400d-953f-2cfc1a9b9dff',
      methodClass: 'GET',
      durationMs: 3,
      statusCode: 200
    }

      at write (src/observability/safeLogger.js:178:17)

  console.info
    {
      component: 'http',
      event: 'request_completed',
      requestId: '58ee5d6c-4f4d-42c4-a108-e78d1323c4f9',
      methodClass: 'GET',
      durationMs: 5,
      statusCode: 200
    }

      at write (src/observability/safeLogger.js:178:17)

  console.info
    {
      component: 'http',
      event: 'request_completed',
      requestId: '467359e4-dca2-4643-b66d-c6579736e68b',
      methodClass: 'GET',
      durationMs: 2,
      statusCode: 403
    }

      at write (src/observability/safeLogger.js:178:17)

  console.info
    {
      component: 'http',
      event: 'request_completed',
      requestId: 'ab7a90ea-72e4-49b4-87a7-eabaa6cdb338',
      methodClass: 'GET',
      durationMs: 2,
      statusCode: 403
    }

      at write (src/observability/safeLogger.js:178:17)

  console.info
    {
      component: 'http',
      event: 'request_completed',
      requestId: '22b9d899-5a55-49f0-8b06-7bc1163081e1',
      methodClass: 'GET',
      durationMs: 2,
      statusCode: 401
    }

      at write (src/observability/safeLogger.js:178:17)

  console.info
    {
      component: 'http',
      event: 'request_completed',
      requestId: 'd9af1faa-3fc0-4ba5-9f3c-a4eac61e3872',
      methodClass: 'GET',
      durationMs: 2,
      statusCode: 401
    }

      at write (src/observability/safeLogger.js:178:17)

  console.info
    {
      component: 'http',
      event: 'request_completed',
      requestId: '399f8330-c990-468b-814e-53df3d7ca1e0',
      methodClass: 'GET',
      durationMs: 17,
      statusCode: 200
    }

      at write (src/observability/safeLogger.js:178:17)

  console.info
    {
      component: 'http',
      event: 'request_completed',
      requestId: 'ba5568cf-8bbf-4a69-b045-0122b6b94d76',
      methodClass: 'GET',
      durationMs: 5,
      statusCode: 403
    }

      at write (src/observability/safeLogger.js:178:17)

  console.info
    {
      component: 'http',
      event: 'request_completed',
      requestId: '40e05fbe-ff0a-474e-bea0-a2a80fd1de2b',
      methodClass: 'GET',
      durationMs: 20,
      statusCode: 200
    }

      at write (src/observability/safeLogger.js:178:17)

  console.info
    {
      component: 'http',
      event: 'request_completed',
      requestId: '3e7076d9-6370-498f-a878-33793c52fb46',
      methodClass: 'GET',
      durationMs: 17,
      statusCode: 200
    }

      at write (src/observability/safeLogger.js:178:17)

  console.info
    {
      component: 'http',
      event: 'request_completed',
      requestId: 'adea62ef-9a5a-455e-a021-a86d90c1e5e0',
      methodClass: 'GET',
      durationMs: 6,
      statusCode: 200
    }

      at write (src/observability/safeLogger.js:178:17)

  console.info
    {
      component: 'http',
      event: 'request_completed',
      requestId: '5395f27d-b079-489c-9506-1a181181d5b5',
      methodClass: 'GET',
      durationMs: 5,
      statusCode: 200
    }

      at write (src/observability/safeLogger.js:178:17)

  console.info
    {
      component: 'http',
      event: 'request_completed',
      requestId: '71b70fb2-d392-435d-981d-df8e4d089b86',
      methodClass: 'GET',
      durationMs: 6,
      statusCode: 403
    }

      at write (src/observability/safeLogger.js:178:17)

  console.info
    {
      component: 'http',
      event: 'request_completed',
      requestId: '915f5c6f-4606-4364-b871-7c46379d5d3a',
      methodClass: 'GET',
      durationMs: 5,
      statusCode: 403
    }

      at write (src/observability/safeLogger.js:178:17)

  console.info
    {
      component: 'http',
      event: 'request_completed',
      requestId: '3867b87f-e0f5-40c7-8149-513844b85063',
      methodClass: 'GET',
      durationMs: 6,
      statusCode: 403
    }

      at write (src/observability/safeLogger.js:178:17)

  console.info
    {
      component: 'http',
      event: 'request_completed',
      requestId: '1560b8e7-184d-4319-8920-d7dfd94cb833',
      methodClass: 'GET',
      durationMs: 5,
      statusCode: 403
    }

      at write (src/observability/safeLogger.js:178:17)

  console.info
    {
      component: 'http',
      event: 'request_completed',
      requestId: 'c460156d-a244-448a-90bb-a47b472459a6',
      methodClass: 'GET',
      durationMs: 6,
      statusCode: 403
    }

      at write (src/observability/safeLogger.js:178:17)

  console.info
    {
      component: 'http',
      event: 'request_completed',
      requestId: '86c7c6cd-8354-4673-936f-a002c30de490',
      methodClass: 'GET',
      durationMs: 5,
      statusCode: 403
    }

      at write (src/observability/safeLogger.js:178:17)

  console.info
    {
      component: 'http',
      event: 'request_completed',
      requestId: '36331850-4c24-47ae-9c91-b7698caa1d2b',
      methodClass: 'GET',
      durationMs: 5,
      statusCode: 403
    }

      at write (src/observability/safeLogger.js:178:17)

  console.info
    {
      component: 'http',
      event: 'request_completed',
      requestId: '5bd6dcc3-485e-4c08-93d9-94ea7a27a374',
      methodClass: 'GET',
      durationMs: 4,
      statusCode: 403
    }

      at write (src/observability/safeLogger.js:178:17)

  console.info
    {
      component: 'http',
      event: 'request_completed',
      requestId: 'c51a2060-05fb-4ac2-83da-6eff6325aa4a',
      methodClass: 'GET',
      durationMs: 5,
      statusCode: 403
    }

      at write (src/observability/safeLogger.js:178:17)

  console.info
    {
      component: 'http',
      event: 'request_completed',
      requestId: '421ddc7e-67ad-4a02-b9ea-cf96678c2259',
      methodClass: 'GET',
      durationMs: 5,
      statusCode: 403
    }

      at write (src/observability/safeLogger.js:178:17)

  console.info
    {
      component: 'http',
      event: 'request_completed',
      requestId: 'f2b7dad5-d8eb-473e-96d3-823f27448337',
      methodClass: 'GET',
      durationMs: 5,
      statusCode: 403
    }

      at write (src/observability/safeLogger.js:178:17)

  console.info
    {
      component: 'http',
      event: 'request_completed',
      requestId: 'd86d3ee1-814c-4825-b9d0-7a5632e55860',
      methodClass: 'GET',
      durationMs: 5,
      statusCode: 403
    }

      at write (src/observability/safeLogger.js:178:17)

  console.info
    {
      component: 'http',
      event: 'request_completed',
      requestId: 'e2fda4ea-3fa4-42f6-a132-0473e9f68b30',
      methodClass: 'GET',
      durationMs: 4,
      statusCode: 401
    }

      at write (src/observability/safeLogger.js:178:17)

  console.info
    {
      component: 'http',
      event: 'request_completed',
      requestId: '195224df-571f-4963-96f9-86c636575ab5',
      methodClass: 'GET',
      durationMs: 4,
      statusCode: 401
    }

      at write (src/observability/safeLogger.js:178:17)

  console.info
    {
      component: 'http',
      event: 'request_completed',
      requestId: '73aa0ffc-c48e-4bb2-b203-18761dd5a89a',
      methodClass: 'GET',
      durationMs: 5,
      statusCode: 401
    }

      at write (src/observability/safeLogger.js:178:17)

  console.info
    {
      component: 'http',
      event: 'request_completed',
      requestId: '4c113d51-b308-45a4-975f-81ebcf90d6ea',
      methodClass: 'GET',
      durationMs: 4,
      statusCode: 401
    }

      at write (src/observability/safeLogger.js:178:17)

  console.info
    {
      component: 'http',
      event: 'request_completed',
      requestId: 'a22c3faa-409d-4c9e-8978-beb5213e6bf1',
      methodClass: 'GET',
      durationMs: 3,
      statusCode: 401
    }

      at write (src/observability/safeLogger.js:178:17)

  console.info
    {
      component: 'http',
      event: 'request_completed',
      requestId: '7fdd268f-a22c-49de-bf2a-0ac22705df31',
      methodClass: 'GET',
      durationMs: 4,
      statusCode: 401
    }

      at write (src/observability/safeLogger.js:178:17)

  console.info
    {
      component: 'http',
      event: 'request_completed',
      requestId: '882e5474-e79d-4d63-9bb9-8128545dc811',
      methodClass: 'GET',
      durationMs: 3,
      statusCode: 401
    }

      at write (src/observability/safeLogger.js:178:17)

  console.info
    {
      component: 'http',
      event: 'request_completed',
      requestId: '7a94bc78-73b9-48a2-acf4-803f089e6b41',
      methodClass: 'GET',
      durationMs: 4,
      statusCode: 401
    }

      at write (src/observability/safeLogger.js:178:17)

  console.info
    {
      component: 'http',
      event: 'request_completed',
      requestId: 'b1754207-cf46-488a-96bd-af80f4e6a4ca',
      methodClass: 'GET',
      durationMs: 4,
      statusCode: 401
    }

      at write (src/observability/safeLogger.js:178:17)

  console.info
    {
      component: 'http',
      event: 'request_completed',
      requestId: 'ae863022-ee6d-4bf6-877c-32375b329acf',
      methodClass: 'GET',
      durationMs: 4,
      statusCode: 401
    }

      at write (src/observability/safeLogger.js:178:17)

  console.info
    {
      component: 'http',
      event: 'request_completed',
      requestId: 'e5438ed0-f9d9-461e-ba69-794901f51d47',
      methodClass: 'GET',
      durationMs: 4,
      statusCode: 401
    }

      at write (src/observability/safeLogger.js:178:17)

  console.info
    {
      component: 'http',
      event: 'request_completed',
      requestId: '03e78e34-4083-4fb9-9e54-83d5f9a9f6bf',
      methodClass: 'GET',
      durationMs: 4,
      statusCode: 401
    }

      at write (src/observability/safeLogger.js:178:17)

  console.info
    {
      component: 'http',
      event: 'request_completed',
      requestId: 'ac67bb0d-affb-4b47-88c1-6bb7060bebba',
      methodClass: 'GET',
      durationMs: 4,
      statusCode: 403
    }

      at write (src/observability/safeLogger.js:178:17)

  console.info
    {
      component: 'http',
      event: 'request_completed',
      requestId: '68df296a-9e21-4a11-a1c0-b98b87fcda89',
      methodClass: 'GET',
      durationMs: 4,
      statusCode: 403
    }

      at write (src/observability/safeLogger.js:178:17)

  console.info
    {
      component: 'http',
      event: 'request_completed',
      requestId: '8cf1adfb-44be-4b2b-a37c-b013ef7ba2c6',
      methodClass: 'GET',
      durationMs: 4,
      statusCode: 401
    }

      at write (src/observability/safeLogger.js:178:17)

  console.info
    {
      component: 'http',
      event: 'request_completed',
      requestId: '1cec9483-1eb3-436c-9553-a078963b605f',
      methodClass: 'GET',
      durationMs: 6,
      statusCode: 200
    }

      at write (src/observability/safeLogger.js:178:17)

  console.info
    {
      component: 'http',
      event: 'request_completed',
      requestId: 'ed0a1d1c-87b7-4244-a247-db1bf5578617',
      methodClass: 'GET',
      durationMs: 14,
      statusCode: 200
    }

      at write (src/observability/safeLogger.js:178:17)

  console.info
    {
      component: 'http',
      event: 'request_completed',
      requestId: '8657575d-ff6f-4860-8d3f-69b75ebc8b5f',
      methodClass: 'GET',
      durationMs: 14,
      statusCode: 200
    }

      at write (src/observability/safeLogger.js:178:17)

  console.info
    {
      component: 'http',
      event: 'request_completed',
      requestId: '327472d9-d5cb-4f96-8ee7-0e8726bb6e35',
      methodClass: 'GET',
      durationMs: 4,
      statusCode: 403
    }

      at write (src/observability/safeLogger.js:178:17)

  console.info
    {
      component: 'http',
      event: 'request_completed',
      requestId: '1203bdb4-96c3-4083-a151-4b86e415ea41',
      methodClass: 'GET',
      durationMs: 5,
      statusCode: 200
    }

      at write (src/observability/safeLogger.js:178:17)

  console.info
    {
      component: 'http',
      event: 'request_completed',
      requestId: 'e48004ec-4ceb-44bc-b85c-277f4dd55fbd',
      methodClass: 'GET',
      durationMs: 13,
      statusCode: 200
    }

      at write (src/observability/safeLogger.js:178:17)

  console.info
    {
      component: 'http',
      event: 'request_completed',
      requestId: '66074586-e448-45c7-ad79-53d96122a0f8',
      methodClass: 'GET',
      durationMs: 14,
      statusCode: 200
    }

      at write (src/observability/safeLogger.js:178:17)

  console.info
    {
      component: 'http',
      event: 'request_completed',
      requestId: '4bda4aed-95b6-4ea8-b22a-c9340bad1e99',
      methodClass: 'POST',
      durationMs: 50,
      statusCode: 409
    }

      at write (src/observability/safeLogger.js:178:17)

  console.info
    {
      component: 'http',
      event: 'request_completed',
      requestId: '5c1880a7-1190-4b1c-8f86-43c31f6d4ab5',
      methodClass: 'POST',
      durationMs: 54,
      statusCode: 201
    }

      at write (src/observability/safeLogger.js:178:17)

  console.info
    {
      component: 'http',
      event: 'request_completed',
      requestId: 'f330691f-a6ef-4166-902f-157ba44233fb',
      methodClass: 'POST',
      durationMs: 80,
      statusCode: 409
    }

      at write (src/observability/safeLogger.js:178:17)

  console.info
    {
      component: 'http',
      event: 'request_completed',
      requestId: '2eb955c2-97a0-4d80-b6ad-ca3670dfff60',
      methodClass: 'POST',
      durationMs: 42,
      statusCode: 201
    }

      at write (src/observability/safeLogger.js:178:17)

  console.info
    {
      component: 'http',
      event: 'request_completed',
      requestId: '90211bd6-9914-4c67-9f35-e75edff29673',
      methodClass: 'POST',
      durationMs: 66,
      statusCode: 200
    }

      at write (src/observability/safeLogger.js:178:17)

  console.info
    {
      component: 'http',
      event: 'request_completed',
      requestId: '53b9b7f5-a875-4a20-b80c-3f275ea9d366',
      methodClass: 'POST',
      durationMs: 109,
      statusCode: 201
    }

      at write (src/observability/safeLogger.js:178:17)

  console.info
    {
      component: 'http',
      event: 'request_completed',
      requestId: '97386221-9618-41f6-b451-2b9f50a1bcd2',
      methodClass: 'POST',
      durationMs: 139,
      statusCode: 200
    }

      at write (src/observability/safeLogger.js:178:17)

  console.info
    {
      component: 'http',
      event: 'request_completed',
      requestId: 'd0ab8760-628e-4f09-a8eb-f9ccb6a7f2ba',
      methodClass: 'POST',
      durationMs: 147,
      statusCode: 201
    }

      at write (src/observability/safeLogger.js:178:17)

  console.info
    {
      component: 'http',
      event: 'request_completed',
      requestId: '3e1fbd5b-af31-4dd3-ac3d-c3b16cba7ff6',
      methodClass: 'POST',
      durationMs: 176,
      statusCode: 200
    }

      at write (src/observability/safeLogger.js:178:17)

  console.info
    {
      component: 'http',
      event: 'request_completed',
      requestId: '03995d12-024a-4b87-91ad-101dc5aa9e56',
      methodClass: 'POST',
      durationMs: 142,
      statusCode: 201
    }

      at write (src/observability/safeLogger.js:178:17)

  console.info
    {
      component: 'http',
      event: 'request_completed',
      requestId: 'dd1b5ba9-a9da-4092-9b29-432a529485cc',
      methodClass: 'POST',
      durationMs: 170,
      statusCode: 200
    }

      at write (src/observability/safeLogger.js:178:17)

  console.info
    {
      component: 'http',
      event: 'request_completed',
      requestId: 'd87c30b9-eb5b-4c99-af38-2ddd754d2a84',
      methodClass: 'POST',
      durationMs: 144,
      statusCode: 201
    }

      at write (src/observability/safeLogger.js:178:17)

  console.info
    {
      component: 'http',
      event: 'request_completed',
      requestId: '3cbe10bc-fdea-44fd-8905-350e91e7f13d',
      methodClass: 'POST',
      durationMs: 179,
      statusCode: 200
    }

      at write (src/observability/safeLogger.js:178:17)

  console.info
    {
      component: 'http',
      event: 'request_completed',
      requestId: '38fc4973-0d1a-4d4b-9c85-399f5a7880d6',
      methodClass: 'POST',
      durationMs: 143,
      statusCode: 201
    }

      at write (src/observability/safeLogger.js:178:17)

  console.info
    {
      component: 'http',
      event: 'request_completed',
      requestId: '5576d670-1f57-4131-bafb-4c5989b9af5a',
      methodClass: 'POST',
      durationMs: 178,
      statusCode: 200
    }

      at write (src/observability/safeLogger.js:178:17)

  console.info
    {
      component: 'http',
      event: 'request_completed',
      requestId: 'cb330f1b-86da-4528-a444-d4173bdf0ba3',
      methodClass: 'POST',
      durationMs: 142,
      statusCode: 201
    }

      at write (src/observability/safeLogger.js:178:17)

  console.info
    {
      component: 'http',
      event: 'request_completed',
      requestId: '73d28a15-d20b-4df0-afaa-cbaaf4a23b07',
      methodClass: 'POST',
      durationMs: 170,
      statusCode: 200
    }

      at write (src/observability/safeLogger.js:178:17)

  console.info
    {
      component: 'http',
      event: 'request_completed',
      requestId: '79e47f30-7af2-4ef6-8283-9d31f5f2f273',
      methodClass: 'POST',
      durationMs: 129,
      statusCode: 201
    }

      at write (src/observability/safeLogger.js:178:17)

  console.info
    {
      component: 'http',
      event: 'request_completed',
      requestId: '741dbc05-68a6-4c30-a066-849e484bf8d9',
      methodClass: 'POST',
      durationMs: 161,
      statusCode: 200
    }

      at write (src/observability/safeLogger.js:178:17)

  console.info
    {
      component: 'http',
      event: 'request_completed',
      requestId: '1bd16e16-8bcd-4c37-8038-a5cc3fe288a9',
      methodClass: 'POST',
      durationMs: 35,
      statusCode: 201
    }

      at write (src/observability/safeLogger.js:178:17)

  console.info
    {
      component: 'http',
      event: 'request_completed',
      requestId: '819fa051-5f0a-4743-b52f-5c91f5eb9d82',
      methodClass: 'POST',
      durationMs: 67,
      statusCode: 200
    }

      at write (src/observability/safeLogger.js:178:17)

  console.info
    {
      component: 'http',
      event: 'request_completed',
      requestId: '5400904e-3452-435d-af01-732d356df76f',
      methodClass: 'POST',
      durationMs: 29,
      statusCode: 200
    }

      at write (src/observability/safeLogger.js:178:17)

  console.info
    {
      component: 'http',
      event: 'request_completed',
      requestId: '2936a0d2-2c80-4cff-8825-c3969cf1b1f3',
      methodClass: 'POST',
      durationMs: 29,
      statusCode: 409
    }

      at write (src/observability/safeLogger.js:178:17)

  console.info
    {
      component: 'http',
      event: 'request_completed',
      requestId: 'ecd90472-bbc6-4d7a-9b68-8df3be85f2ed',
      methodClass: 'POST',
      durationMs: 36,
      statusCode: 201
    }

      at write (src/observability/safeLogger.js:178:17)

  console.info
    {
      component: 'http',
      event: 'request_completed',
      requestId: '2d7362b7-8938-4a96-9f92-b193ccb05f7b',
      methodClass: 'POST',
      durationMs: 2,
      statusCode: 403
    }

      at write (src/observability/safeLogger.js:178:17)

  console.info
    {
      component: 'http',
      event: 'request_completed',
      requestId: 'd5aa0554-16a1-43cc-8b8e-03e07d489b46',
      methodClass: 'POST',
      durationMs: 5,
      statusCode: 403
    }

      at write (src/observability/safeLogger.js:178:17)

  console.info
    {
      component: 'http',
      event: 'request_completed',
      requestId: 'bafc6dee-780f-46be-a1ce-705f6f7dacaf',
      methodClass: 'POST',
      durationMs: 3,
      statusCode: 404
    }

      at write (src/observability/safeLogger.js:178:17)

  console.info
    {
      component: 'http',
      event: 'request_completed',
      requestId: '4268e3a2-7377-45c3-a000-5aac871ca0c0',
      methodClass: 'PATCH',
      durationMs: 2,
      statusCode: 428
    }

      at write (src/observability/safeLogger.js:178:17)

  console.error
    {
      component: 'http',
      event: 'request_failed',
      requestId: '33e08a37-e185-40ed-8010-0ece94a3e68d',
      methodClass: 'POST',
      statusCode: 400
    }

      176 |     ...safeFields(fields),
      177 |   };
    > 178 |   console[level](record);
          |                 ^
      179 |   return record;
      180 | }
      181 |

      at write (src/observability/safeLogger.js:178:17)
      at Object.write (src/observability/safeLogger.js:191:10)
      at error (src/middleware/errorHandler.js:22:14)
      at Layer.handle_error (../m22-part3-route-writer/node_modules/express/lib/router/layer.js:71:5)
      at trim_prefix (../m22-part3-route-writer/node_modules/express/lib/router/index.js:326:13)
      at ../m22-part3-route-writer/node_modules/express/lib/router/index.js:286:9
      at router.process_params (../m22-part3-route-writer/node_modules/express/lib/router/index.js:346:12)
      at next (../m22-part3-route-writer/node_modules/express/lib/router/index.js:280:10)
      at Layer.handle_error (../m22-part3-route-writer/node_modules/express/lib/router/layer.js:67:12)
      at trim_prefix (../m22-part3-route-writer/node_modules/express/lib/router/index.js:326:13)
      at ../m22-part3-route-writer/node_modules/express/lib/router/index.js:286:9
      at router.process_params (../m22-part3-route-writer/node_modules/express/lib/router/index.js:346:12)
      at next (../m22-part3-route-writer/node_modules/express/lib/router/index.js:280:10)
      at Layer.handle_error (../m22-part3-route-writer/node_modules/express/lib/router/layer.js:67:12)
      at trim_prefix (../m22-part3-route-writer/node_modules/express/lib/router/index.js:326:13)
      at ../m22-part3-route-writer/node_modules/express/lib/router/index.js:286:9
      at router.process_params (../m22-part3-route-writer/node_modules/express/lib/router/index.js:346:12)
      at next (../m22-part3-route-writer/node_modules/express/lib/router/index.js:280:10)
      at Layer.handle_error (../m22-part3-route-writer/node_modules/express/lib/router/layer.js:67:12)
      at trim_prefix (../m22-part3-route-writer/node_modules/express/lib/router/index.js:326:13)
      at ../m22-part3-route-writer/node_modules/express/lib/router/index.js:286:9
      at router.process_params (../m22-part3-route-writer/node_modules/express/lib/router/index.js:346:12)
      at next (../m22-part3-route-writer/node_modules/express/lib/router/index.js:280:10)
      at Layer.handle_error (../m22-part3-route-writer/node_modules/express/lib/router/layer.js:67:12)
      at trim_prefix (../m22-part3-route-writer/node_modules/express/lib/router/index.js:326:13)
      at ../m22-part3-route-writer/node_modules/express/lib/router/index.js:286:9
      at router.process_params (../m22-part3-route-writer/node_modules/express/lib/router/index.js:346:12)
      at next (../m22-part3-route-writer/node_modules/express/lib/router/index.js:280:10)
      at Layer.handle_error (../m22-part3-route-writer/node_modules/express/lib/router/layer.js:67:12)
      at trim_prefix (../m22-part3-route-writer/node_modules/express/lib/router/index.js:326:13)
      at ../m22-part3-route-writer/node_modules/express/lib/router/index.js:286:9
      at router.process_params (../m22-part3-route-writer/node_modules/express/lib/router/index.js:346:12)
      at next (../m22-part3-route-writer/node_modules/express/lib/router/index.js:280:10)
      at Layer.handle_error (../m22-part3-route-writer/node_modules/express/lib/router/layer.js:67:12)
      at trim_prefix (../m22-part3-route-writer/node_modules/express/lib/router/index.js:326:13)
      at ../m22-part3-route-writer/node_modules/express/lib/router/index.js:286:9
      at router.process_params (../m22-part3-route-writer/node_modules/express/lib/router/index.js:346:12)
      at next (../m22-part3-route-writer/node_modules/express/lib/router/index.js:280:10)
      at Layer.handle_error (../m22-part3-route-writer/node_modules/express/lib/router/layer.js:67:12)
      at trim_prefix (../m22-part3-route-writer/node_modules/express/lib/router/index.js:326:13)
      at ../m22-part3-route-writer/node_modules/express/lib/router/index.js:286:9
      at router.process_params (../m22-part3-route-writer/node_modules/express/lib/router/index.js:346:12)
      at next (../m22-part3-route-writer/node_modules/express/lib/router/index.js:280:10)
      at Layer.handle_error (../m22-part3-route-writer/node_modules/express/lib/router/layer.js:67:12)
      at trim_prefix (../m22-part3-route-writer/node_modules/express/lib/router/index.js:326:13)
      at ../m22-part3-route-writer/node_modules/express/lib/router/index.js:286:9
      at router.process_params (../m22-part3-route-writer/node_modules/express/lib/router/index.js:346:12)
      at next (../m22-part3-route-writer/node_modules/express/lib/router/index.js:280:10)
      at Layer.handle_error (../m22-part3-route-writer/node_modules/express/lib/router/layer.js:67:12)
      at trim_prefix (../m22-part3-route-writer/node_modules/express/lib/router/index.js:326:13)
      at ../m22-part3-route-writer/node_modules/express/lib/router/index.js:286:9
      at router.process_params (../m22-part3-route-writer/node_modules/express/lib/router/index.js:346:12)
      at next (../m22-part3-route-writer/node_modules/express/lib/router/index.js:280:10)
      at Layer.handle_error (../m22-part3-route-writer/node_modules/express/lib/router/layer.js:67:12)
      at trim_prefix (../m22-part3-route-writer/node_modules/express/lib/router/index.js:326:13)
      at ../m22-part3-route-writer/node_modules/express/lib/router/index.js:286:9
      at router.process_params (../m22-part3-route-writer/node_modules/express/lib/router/index.js:346:12)
      at next (../m22-part3-route-writer/node_modules/express/lib/router/index.js:280:10)
      at Layer.handle_error (../m22-part3-route-writer/node_modules/express/lib/router/layer.js:67:12)
      at trim_prefix (../m22-part3-route-writer/node_modules/express/lib/router/index.js:326:13)
      at ../m22-part3-route-writer/node_modules/express/lib/router/index.js:286:9
      at router.process_params (../m22-part3-route-writer/node_modules/express/lib/router/index.js:346:12)
      at next (../m22-part3-route-writer/node_modules/express/lib/router/index.js:280:10)
      at Layer.handle_error (../m22-part3-route-writer/node_modules/express/lib/router/layer.js:67:12)
      at trim_prefix (../m22-part3-route-writer/node_modules/express/lib/router/index.js:326:13)
      at ../m22-part3-route-writer/node_modules/express/lib/router/index.js:286:9
      at router.process_params (../m22-part3-route-writer/node_modules/express/lib/router/index.js:346:12)
      at next (../m22-part3-route-writer/node_modules/express/lib/router/index.js:280:10)
      at next (src/scheduling/approvalHttpBoundary.js:80:16)
      at ../m22-part3-route-writer/node_modules/body-parser/lib/read.js:137:5
      at invokeCallback (../m22-part3-route-writer/node_modules/raw-body/index.js:238:16)
      at done (../m22-part3-route-writer/node_modules/raw-body/index.js:227:7)
      at IncomingMessage.onEnd (../m22-part3-route-writer/node_modules/raw-body/index.js:287:7)

  console.error
    {
      component: 'http',
      event: 'request_failed',
      requestId: 'cf837a7e-caee-4937-abf0-e5281da968ac',
      methodClass: 'POST',
      statusCode: 413
    }

      176 |     ...safeFields(fields),
      177 |   };
    > 178 |   console[level](record);
          |                 ^
      179 |   return record;
      180 | }
      181 |

      at write (src/observability/safeLogger.js:178:17)
      at Object.write (src/observability/safeLogger.js:191:10)
      at error (src/middleware/errorHandler.js:22:14)
      at Layer.handle_error (../m22-part3-route-writer/node_modules/express/lib/router/layer.js:71:5)
      at trim_prefix (../m22-part3-route-writer/node_modules/express/lib/router/index.js:326:13)
      at ../m22-part3-route-writer/node_modules/express/lib/router/index.js:286:9
      at router.process_params (../m22-part3-route-writer/node_modules/express/lib/router/index.js:346:12)
      at next (../m22-part3-route-writer/node_modules/express/lib/router/index.js:280:10)
      at Layer.handle_error (../m22-part3-route-writer/node_modules/express/lib/router/layer.js:67:12)
      at trim_prefix (../m22-part3-route-writer/node_modules/express/lib/router/index.js:326:13)
      at ../m22-part3-route-writer/node_modules/express/lib/router/index.js:286:9
      at router.process_params (../m22-part3-route-writer/node_modules/express/lib/router/index.js:346:12)
      at next (../m22-part3-route-writer/node_modules/express/lib/router/index.js:280:10)
      at Layer.handle_error (../m22-part3-route-writer/node_modules/express/lib/router/layer.js:67:12)
      at trim_prefix (../m22-part3-route-writer/node_modules/express/lib/router/index.js:326:13)
      at ../m22-part3-route-writer/node_modules/express/lib/router/index.js:286:9
      at router.process_params (../m22-part3-route-writer/node_modules/express/lib/router/index.js:346:12)
      at next (../m22-part3-route-writer/node_modules/express/lib/router/index.js:280:10)
      at Layer.handle_error (../m22-part3-route-writer/node_modules/express/lib/router/layer.js:67:12)
      at trim_prefix (../m22-part3-route-writer/node_modules/express/lib/router/index.js:326:13)
      at ../m22-part3-route-writer/node_modules/express/lib/router/index.js:286:9
      at router.process_params (../m22-part3-route-writer/node_modules/express/lib/router/index.js:346:12)
      at next (../m22-part3-route-writer/node_modules/express/lib/router/index.js:280:10)
      at Layer.handle_error (../m22-part3-route-writer/node_modules/express/lib/router/layer.js:67:12)
      at trim_prefix (../m22-part3-route-writer/node_modules/express/lib/router/index.js:326:13)
      at ../m22-part3-route-writer/node_modules/express/lib/router/index.js:286:9
      at router.process_params (../m22-part3-route-writer/node_modules/express/lib/router/index.js:346:12)
      at next (../m22-part3-route-writer/node_modules/express/lib/router/index.js:280:10)
      at Layer.handle_error (../m22-part3-route-writer/node_modules/express/lib/router/layer.js:67:12)
      at trim_prefix (../m22-part3-route-writer/node_modules/express/lib/router/index.js:326:13)
      at ../m22-part3-route-writer/node_modules/express/lib/router/index.js:286:9
      at router.process_params (../m22-part3-route-writer/node_modules/express/lib/router/index.js:346:12)
      at next (../m22-part3-route-writer/node_modules/express/lib/router/index.js:280:10)
      at Layer.handle_error (../m22-part3-route-writer/node_modules/express/lib/router/layer.js:67:12)
      at trim_prefix (../m22-part3-route-writer/node_modules/express/lib/router/index.js:326:13)
      at ../m22-part3-route-writer/node_modules/express/lib/router/index.js:286:9
      at router.process_params (../m22-part3-route-writer/node_modules/express/lib/router/index.js:346:12)
      at next (../m22-part3-route-writer/node_modules/express/lib/router/index.js:280:10)
      at Layer.handle_error (../m22-part3-route-writer/node_modules/express/lib/router/layer.js:67:12)
      at trim_prefix (../m22-part3-route-writer/node_modules/express/lib/router/index.js:326:13)
      at ../m22-part3-route-writer/node_modules/express/lib/router/index.js:286:9
      at router.process_params (../m22-part3-route-writer/node_modules/express/lib/router/index.js:346:12)
      at next (../m22-part3-route-writer/node_modules/express/lib/router/index.js:280:10)
      at Layer.handle_error (../m22-part3-route-writer/node_modules/express/lib/router/layer.js:67:12)
      at trim_prefix (../m22-part3-route-writer/node_modules/express/lib/router/index.js:326:13)
      at ../m22-part3-route-writer/node_modules/express/lib/router/index.js:286:9
      at router.process_params (../m22-part3-route-writer/node_modules/express/lib/router/index.js:346:12)
      at next (../m22-part3-route-writer/node_modules/express/lib/router/index.js:280:10)
      at Layer.handle_error (../m22-part3-route-writer/node_modules/express/lib/router/layer.js:67:12)
      at trim_prefix (../m22-part3-route-writer/node_modules/express/lib/router/index.js:326:13)
      at ../m22-part3-route-writer/node_modules/express/lib/router/index.js:286:9
      at router.process_params (../m22-part3-route-writer/node_modules/express/lib/router/index.js:346:12)
      at next (../m22-part3-route-writer/node_modules/express/lib/router/index.js:280:10)
      at Layer.handle_error (../m22-part3-route-writer/node_modules/express/lib/router/layer.js:67:12)
      at trim_prefix (../m22-part3-route-writer/node_modules/express/lib/router/index.js:326:13)
      at ../m22-part3-route-writer/node_modules/express/lib/router/index.js:286:9
      at router.process_params (../m22-part3-route-writer/node_modules/express/lib/router/index.js:346:12)
      at next (../m22-part3-route-writer/node_modules/express/lib/router/index.js:280:10)
      at Layer.handle_error (../m22-part3-route-writer/node_modules/express/lib/router/layer.js:67:12)
      at trim_prefix (../m22-part3-route-writer/node_modules/express/lib/router/index.js:326:13)
      at ../m22-part3-route-writer/node_modules/express/lib/router/index.js:286:9
      at router.process_params (../m22-part3-route-writer/node_modules/express/lib/router/index.js:346:12)
      at next (../m22-part3-route-writer/node_modules/express/lib/router/index.js:280:10)
      at Layer.handle_error (../m22-part3-route-writer/node_modules/express/lib/router/layer.js:67:12)
      at trim_prefix (../m22-part3-route-writer/node_modules/express/lib/router/index.js:326:13)
      at ../m22-part3-route-writer/node_modules/express/lib/router/index.js:286:9
      at router.process_params (../m22-part3-route-writer/node_modules/express/lib/router/index.js:346:12)
      at next (../m22-part3-route-writer/node_modules/express/lib/router/index.js:280:10)
      at next (src/scheduling/approvalHttpBoundary.js:66:25)
      at onfinished (../m22-part3-route-writer/node_modules/body-parser/lib/read.js:102:9)
      at listener (../m22-part3-route-writer/node_modules/on-finished/index.js:170:15)
      at onFinish (../m22-part3-route-writer/node_modules/on-finished/index.js:101:5)
      at callback (../m22-part3-route-writer/node_modules/ee-first/index.js:55:10)
      at IncomingMessage.onevent (../m22-part3-route-writer/node_modules/ee-first/index.js:93:5)

  console.info
    {
      component: 'http',
      event: 'request_completed',
      requestId: 'fee90ea1-5140-4228-97ac-863892da770b',
      methodClass: 'POST',
      durationMs: 53,
      statusCode: 201
    }

      at write (src/observability/safeLogger.js:178:17)

  console.info
    {
      component: 'http',
      event: 'request_completed',
      requestId: '0e156a2d-790d-44ea-ab33-e2fa2304d93e',
      methodClass: 'POST',
      durationMs: 123,
      statusCode: 200
    }

      at write (src/observability/safeLogger.js:178:17)

  console.info
    {
      component: 'http',
      event: 'request_completed',
      requestId: '7a379920-860e-41ee-9fd7-6f94223453b8',
      methodClass: 'POST',
      durationMs: 42,
      statusCode: 201
    }

      at write (src/observability/safeLogger.js:178:17)

  console.info
    {
      component: 'http',
      event: 'request_completed',
      requestId: '17d2ef93-c0a2-4747-825d-fb20661babc1',
      methodClass: 'POST',
      durationMs: 64,
      statusCode: 409
    }

      at write (src/observability/safeLogger.js:178:17)

  console.info
    {
      component: 'http',
      event: 'request_completed',
      requestId: '5fab201a-5731-4151-86ba-5be4aa47ca80',
      methodClass: 'POST',
      durationMs: 39,
      statusCode: 201
    }

      at write (src/observability/safeLogger.js:178:17)

  console.info
    {
      component: 'http',
      event: 'request_completed',
      requestId: 'a9457e02-ed2e-4f3b-9746-9da8a95a5dc1',
      methodClass: 'POST',
      durationMs: 69,
      statusCode: 200
    }

      at write (src/observability/safeLogger.js:178:17)

  console.info
    {
      component: 'http',
      event: 'request_completed',
      requestId: '03db2d20-447d-4270-8a22-4d8b1a858250',
      methodClass: 'POST',
      durationMs: 44,
      statusCode: 201
    }

      at write (src/observability/safeLogger.js:178:17)

  console.info
    {
      component: 'http',
      event: 'request_completed',
      requestId: '3c338312-1f62-442e-ba1a-7a6853d48270',
      methodClass: 'POST',
      durationMs: 64,
      statusCode: 503
    }

      at write (src/observability/safeLogger.js:178:17)

  console.info
    {
      component: 'http',
      event: 'request_completed',
      requestId: '88b70302-2fee-4824-95b9-082ca2906d4f',
      methodClass: 'POST',
      durationMs: 46,
      statusCode: 201
    }

      at write (src/observability/safeLogger.js:178:17)

  console.info
    {
      component: 'http',
      event: 'request_completed',
      requestId: '91b33bb6-b3b4-42c1-9e60-b5aafc285c24',
      methodClass: 'POST',
      durationMs: 66,
      statusCode: 200
    }

      at write (src/observability/safeLogger.js:178:17)

  console.info
    {
      component: 'http',
      event: 'request_completed',
      requestId: '6998c681-9a82-44e0-98c4-784177159a71',
      methodClass: 'POST',
      durationMs: 37,
      statusCode: 201
    }

      at write (src/observability/safeLogger.js:178:17)

  console.info
    {
      component: 'http',
      event: 'request_completed',
      requestId: '9025627e-cb1b-4cc5-92eb-7260a157997b',
      methodClass: 'POST',
      durationMs: 73,
      statusCode: 201
    }

      at write (src/observability/safeLogger.js:178:17)

  console.info
    {
      component: 'http',
      event: 'request_completed',
      requestId: 'd0681f58-6681-40fc-a2b0-47490999164f',
      methodClass: 'POST',
      durationMs: 66,
      statusCode: 200
    }

      at write (src/observability/safeLogger.js:178:17)

  console.info
    {
      component: 'http',
      event: 'request_completed',
      requestId: '16f2dada-eb8d-4d2f-9f7a-15c2ccb13b86',
      methodClass: 'POST',
      durationMs: 116,
      statusCode: 409
    }

      at write (src/observability/safeLogger.js:178:17)

  console.info
    {
      component: 'http',
      event: 'request_completed',
      requestId: 'fd6d1abe-987d-456a-8729-981a73db077c',
      methodClass: 'POST',
      durationMs: 39,
      statusCode: 201
    }

      at write (src/observability/safeLogger.js:178:17)

  console.info
    {
      component: 'http',
      event: 'request_completed',
      requestId: '71a40ec7-d0e5-47c5-ab16-a9e56a6dd65f',
      methodClass: 'POST',
      durationMs: 73,
      statusCode: 200
    }

      at write (src/observability/safeLogger.js:178:17)

  console.info
    {
      component: 'http',
      event: 'request_completed',
      requestId: '148ba86a-b4f3-445c-9b94-2e0ee86c058b',
      methodClass: 'POST',
      durationMs: 39,
      statusCode: 201
    }

      at write (src/observability/safeLogger.js:178:17)

  console.info
    {
      component: 'http',
      event: 'request_completed',
      requestId: '0ed3d467-ff3e-462f-a635-0a3d3c34aea3',
      methodClass: 'POST',
      durationMs: 64,
      statusCode: 409
    }

      at write (src/observability/safeLogger.js:178:17)

  console.info
    {
      component: 'http',
      event: 'request_completed',
      requestId: '1f009d6b-4017-428f-b385-4842ac2a98e3',
      methodClass: 'POST',
      durationMs: 34,
      statusCode: 201
    }

      at write (src/observability/safeLogger.js:178:17)

  console.info
    {
      component: 'http',
      event: 'request_completed',
      requestId: '87cbae37-bd75-4c71-a2bd-70f8fede7f6c',
      methodClass: 'POST',
      durationMs: 4,
      statusCode: 403
    }

      at write (src/observability/safeLogger.js:178:17)

  console.info
    {
      component: 'http',
      event: 'request_completed',
      requestId: 'c453669b-fe94-47d5-b5aa-c54d21cc75fb',
      methodClass: 'POST',
      durationMs: 43,
      statusCode: 201
    }

      at write (src/observability/safeLogger.js:178:17)

  console.info
    {
      component: 'http',
      event: 'request_completed',
      requestId: 'eac20a6d-d64d-481b-a955-3c3c159652a9',
      methodClass: 'POST',
      durationMs: 70,
      statusCode: 200
    }

      at write (src/observability/safeLogger.js:178:17)

  console.info
    {
      component: 'http',
      event: 'request_completed',
      requestId: '2354978b-8be6-47d7-8cea-a8e0738ab137',
      methodClass: 'POST',
      durationMs: 103,
      statusCode: 201
    }

      at write (src/observability/safeLogger.js:178:17)

  console.info
    {
      component: 'http',
      event: 'request_completed',
      requestId: '59d4e4c9-0a1c-4350-a1c4-e93e21a1ed0a',
      methodClass: 'POST',
      durationMs: 129,
      statusCode: 200
    }

      at write (src/observability/safeLogger.js:178:17)

  console.info
    {
      component: 'http',
      event: 'request_completed',
      requestId: '1e8f5846-1a16-4955-89a9-5a299eaec413',
      methodClass: 'PUT',
      durationMs: 109,
      statusCode: 200
    }

      at write (src/observability/safeLogger.js:178:17)

  console.info
    {
      component: 'http',
      event: 'request_completed',
      requestId: '818408e4-e7f0-4fe0-8261-5151fc0ca5be',
      methodClass: 'POST',
      durationMs: 139,
      statusCode: 201
    }

      at write (src/observability/safeLogger.js:178:17)

  console.info
    {
      component: 'http',
      event: 'request_completed',
      requestId: 'c8a6f78a-413a-4804-9718-3e363fbf94ed',
      methodClass: 'POST',
      durationMs: 164,
      statusCode: 409
    }

      at write (src/observability/safeLogger.js:178:17)

  console.info
    {
      component: 'http',
      event: 'request_completed',
      requestId: '3fac91fc-05f6-45c5-bb0e-475177e66c69',
      methodClass: 'POST',
      durationMs: 161,
      statusCode: 409
    }

      at write (src/observability/safeLogger.js:178:17)

  console.info
    {
      component: 'http',
      event: 'request_completed',
      requestId: '5f3e4bfe-4fdb-4d2b-9ac9-bcb009c7a411',
      methodClass: 'POST',
      durationMs: 35,
      statusCode: 201
    }

      at write (src/observability/safeLogger.js:178:17)

  console.info
    {
      component: 'http',
      event: 'request_completed',
      requestId: '5c3049ac-1563-4452-8bec-b28ca95c603d',
      methodClass: 'POST',
      durationMs: 59,
      statusCode: 409
    }

      at write (src/observability/safeLogger.js:178:17)

  console.info
    {
      component: 'http',
      event: 'request_completed',
      requestId: '0f0f89be-cb33-4ba1-9058-86c1a6ea7962',
      methodClass: 'POST',
      durationMs: 41,
      statusCode: 201
    }

      at write (src/observability/safeLogger.js:178:17)

  console.info
    {
      component: 'http',
      event: 'request_completed',
      requestId: '37b516f8-7d72-4320-8a7b-3dbd592a1545',
      methodClass: 'POST',
      durationMs: 67,
      statusCode: 200
    }

      at write (src/observability/safeLogger.js:178:17)

  console.info
    {
      component: 'http',
      event: 'request_completed',
      requestId: '0be7d76f-708c-48b8-8784-0492e39bf655',
      methodClass: 'PUT',
      durationMs: 106,
      statusCode: 200
    }

      at write (src/observability/safeLogger.js:178:17)

  console.info
    {
      component: 'http',
      event: 'request_completed',
      requestId: 'a51df175-147e-40b1-9ca6-3b75fa771d57',
      methodClass: 'POST',
      durationMs: 104,
      statusCode: 201
    }

      at write (src/observability/safeLogger.js:178:17)

  console.info
    {
      component: 'http',
      event: 'request_completed',
      requestId: 'a23114b1-d862-475a-9a56-fbc180950a69',
      methodClass: 'POST',
      durationMs: 41,
      statusCode: 201
    }

      at write (src/observability/safeLogger.js:178:17)

  console.info
    {
      component: 'http',
      event: 'request_completed',
      requestId: 'bd8de576-3cc2-42ba-a444-456afdc9c582',
      methodClass: 'POST',
      durationMs: 65,
      statusCode: 200
    }

      at write (src/observability/safeLogger.js:178:17)

  console.info
    {
      component: 'http',
      event: 'request_completed',
      requestId: '2a342df2-6a02-4e9e-ad67-e07584d362f8',
      methodClass: 'POST',
      durationMs: 103,
      statusCode: 201
    }

      at write (src/observability/safeLogger.js:178:17)

  console.info
    {
      component: 'http',
      event: 'request_completed',
      requestId: 'cbc5b4df-a612-4ccd-b578-5e30565fc240',
      methodClass: 'POST',
      durationMs: 33,
      statusCode: 409
    }

      at write (src/observability/safeLogger.js:178:17)

  console.info
    {
      component: 'http',
      event: 'request_completed',
      requestId: '212798cb-2f57-42a4-9489-c9ede913d4c6',
      methodClass: 'POST',
      durationMs: 37,
      statusCode: 409
    }

      at write (src/observability/safeLogger.js:178:17)

  console.info
    {
      component: 'http',
      event: 'request_completed',
      requestId: 'e2540f26-5c68-42e5-bd5c-61a3ed5e1fb7',
      methodClass: 'POST',
      durationMs: 37,
      statusCode: 201
    }

      at write (src/observability/safeLogger.js:178:17)

  console.info
    {
      component: 'http',
      event: 'request_completed',
      requestId: '2de3cd00-9ef0-4faf-b6ad-01268f8cc49a',
      methodClass: 'POST',
      durationMs: 66,
      statusCode: 200
    }

      at write (src/observability/safeLogger.js:178:17)

  console.info
    {
      component: 'http',
      event: 'request_completed',
      requestId: '3482ac51-2ec2-40d2-b9f4-ab264fdc846c',
      methodClass: 'POST',
      durationMs: 104,
      statusCode: 201
    }

      at write (src/observability/safeLogger.js:178:17)

  console.info
    {
      component: 'http',
      event: 'request_completed',
      requestId: '06cb18ab-5165-4ac8-a32b-e915d536a912',
      methodClass: 'POST',
      durationMs: 129,
      statusCode: 200
    }

      at write (src/observability/safeLogger.js:178:17)

  console.info
    {
      component: 'http',
      event: 'request_completed',
      requestId: 'cc6b4aa3-e4a8-4319-8362-a37fca78e9f0',
      methodClass: 'POST',
      durationMs: 35,
      statusCode: 201
    }

      at write (src/observability/safeLogger.js:178:17)

  console.info
    {
      component: 'http',
      event: 'request_completed',
      requestId: '17ba0806-368c-4819-bb81-5edaaf5519ab',
      methodClass: 'POST',
      durationMs: 62,
      statusCode: 200
    }

      at write (src/observability/safeLogger.js:178:17)

  console.info
    {
      component: 'http',
      event: 'request_completed',
      requestId: '20e2a9ff-097c-4d76-816f-24c34c3ac10c',
      methodClass: 'POST',
      durationMs: 101,
      statusCode: 201
    }

      at write (src/observability/safeLogger.js:178:17)

  console.info
    {
      component: 'http',
      event: 'request_completed',
      requestId: 'ad81bebc-06ba-4d56-89e4-2b113bf64de6',
      methodClass: 'POST',
      durationMs: 3,
      statusCode: 400
    }

      at write (src/observability/safeLogger.js:178:17)

  console.info
    {
      component: 'http',
      event: 'request_completed',
      requestId: 'b721f2c1-e8eb-4ff1-a4f7-8e31db766856',
      methodClass: 'POST',
      durationMs: 4,
      statusCode: 400
    }

      at write (src/observability/safeLogger.js:178:17)

  console.info
    {
      component: 'http',
      event: 'request_completed',
      requestId: '1d7dddca-e1f8-421b-b9e8-f2f142ef4701',
      methodClass: 'POST',
      durationMs: 54,
      statusCode: 201
    }

      at write (src/observability/safeLogger.js:178:17)

  console.info
    {
      component: 'http',
      event: 'request_completed',
      requestId: '0be699e0-b6fe-4073-9a8f-511a9caecac7',
      methodClass: 'POST',
      durationMs: 39,
      statusCode: 201
    }

      at write (src/observability/safeLogger.js:178:17)

  console.log
    [Simulations] Canonical graph committed: {"operationId":"b023a9eb-2a41-44f2-919d-cedb55586f2a","service":"plumbing","replayed":false}

      at log (src/routes/simulations.js:131:11)

  console.info
    {
      component: 'http',
      event: 'request_completed',
      requestId: '53db8883-a1ec-423b-bf09-4ab16e99dfe7',
      methodClass: 'POST',
      durationMs: 32,
      statusCode: 201
    }

      at write (src/observability/safeLogger.js:178:17)

  console.log
    [Simulations] Canonical graph committed: {"operationId":"1ac20d9c-d5fc-4d1e-a416-f4a9a59abe4a","service":"plumbing","replayed":false}

      at log (src/routes/simulations.js:131:11)

  console.info
    {
      component: 'http',
      event: 'request_completed',
      requestId: '433c9a51-0fdd-4b83-a6a6-3bb9ab2a8a6e',
      methodClass: 'POST',
      durationMs: 50,
      statusCode: 201
    }

      at write (src/observability/safeLogger.js:178:17)

  console.log
    [Simulations] Canonical graph committed: {"operationId":"24d86d00-8422-4c0a-b4df-5e96c9e7c412","service":"plumbing","replayed":false}

      at log (src/routes/simulations.js:131:11)

  console.info
    {
      component: 'http',
      event: 'request_completed',
      requestId: '1d4fae2d-10ff-4ff5-b154-f56348072fe1',
      methodClass: 'POST',
      durationMs: 82,
      statusCode: 201
    }

      at write (src/observability/safeLogger.js:178:17)

  console.log
    [Simulations] Canonical graph committed: {"operationId":"94204652-1978-4978-b1fb-dd668962cbcc","service":"plumbing","replayed":false}

      at log (src/routes/simulations.js:131:11)

  console.info
    {
      component: 'http',
      event: 'request_completed',
      requestId: '0473ee47-4c04-4922-8f78-3b6b082787f6',
      methodClass: 'POST',
      durationMs: 103,
      statusCode: 201
    }

      at write (src/observability/safeLogger.js:178:17)

  console.log
    [Simulations] Canonical graph committed: {"operationId":"aa1a9097-f94b-48ce-b66b-263ab54e9a6f","service":"plumbing","replayed":false}

      at log (src/routes/simulations.js:131:11)

  console.info
    {
      component: 'http',
      event: 'request_completed',
      requestId: '23dc9a69-b344-4dd0-8fb7-33e8a0151e36',
      methodClass: 'POST',
      durationMs: 123,
      statusCode: 201
    }

      at write (src/observability/safeLogger.js:178:17)

  console.log
    [Simulations] Canonical graph committed: {"operationId":"83dfeecf-ba31-4070-af2e-f5668eebdc5d","service":"plumbing","replayed":false}

      at log (src/routes/simulations.js:131:11)

  console.info
    {
      component: 'http',
      event: 'request_completed',
      requestId: 'c2e36d0f-bed7-4b9a-9ed4-d505bdc2d8d4',
      methodClass: 'POST',
      durationMs: 20,
      statusCode: 201
    }

      at write (src/observability/safeLogger.js:178:17)

  console.log
    [Simulations] Canonical graph committed: {"operationId":"6c5a688b-6411-4902-befd-7d44c6aac535","service":"plumbing","replayed":false}

      at log (src/routes/simulations.js:131:11)

  console.info
    {
      component: 'http',
      event: 'request_completed',
      requestId: '4d211f3b-bfd5-4be9-9b8b-666e09c5ff90',
      methodClass: 'POST',
      durationMs: 34,
      statusCode: 201
    }

      at write (src/observability/safeLogger.js:178:17)

  console.log
    [Simulations] Canonical graph committed: {"operationId":"fea04a0f-043f-4cbc-bce9-1c624967c7e0","service":"plumbing","replayed":false}

      at log (src/routes/simulations.js:131:11)

  console.info
    {
      component: 'http',
      event: 'request_completed',
      requestId: 'a971ab6c-c8fa-40e4-b10e-6e92d738b0b9',
      methodClass: 'POST',
      durationMs: 46,
      statusCode: 201
    }

      at write (src/observability/safeLogger.js:178:17)

  console.log
    [Simulations] Canonical graph committed: {"operationId":"0a6e48ba-8a63-428d-9fd8-c1593cd40ed1","service":"plumbing","replayed":false}

      at log (src/routes/simulations.js:131:11)

  console.info
    {
      component: 'http',
      event: 'request_completed',
      requestId: 'f263910c-d03d-472b-8149-234816898603',
      methodClass: 'POST',
      durationMs: 57,
      statusCode: 201
    }

      at write (src/observability/safeLogger.js:178:17)

  console.log
    [Simulations] Canonical graph committed: {"operationId":"84733e89-d066-4bb0-8237-3fbec92fb137","service":"plumbing","replayed":false}

      at log (src/routes/simulations.js:131:11)

  console.info
    {
      component: 'http',
      event: 'request_completed',
      requestId: '62d4047e-398e-407a-9207-20a42e66f125',
      methodClass: 'POST',
      durationMs: 75,
      statusCode: 201
    }

      at write (src/observability/safeLogger.js:178:17)

  console.log
    [Simulations] Canonical graph committed: {"operationId":"80532c00-040e-499f-854a-033927f64eed","service":"plumbing","replayed":false}

      at log (src/routes/simulations.js:131:11)

  console.info
    {
      component: 'http',
      event: 'request_completed',
      requestId: '58b9b47f-7302-4daf-a03a-b38082a7a3d0',
      methodClass: 'POST',
      durationMs: 18,
      statusCode: 201
    }

      at write (src/observability/safeLogger.js:178:17)

  console.log
    [Simulations] Canonical graph committed: {"operationId":"46f50f84-1958-4746-911c-81613c1a55cb","service":"plumbing","replayed":false}

      at log (src/routes/simulations.js:131:11)

  console.info
    {
      component: 'http',
      event: 'request_completed',
      requestId: 'f24854d5-8a60-4b99-b2cd-efbef63b89c3',
      methodClass: 'POST',
      durationMs: 26,
      statusCode: 201
    }

      at write (src/observability/safeLogger.js:178:17)

  console.log
    [Simulations] Canonical graph committed: {"operationId":"ffc7998a-a75b-4d83-8817-0acb8849db44","service":"plumbing","replayed":false}

      at log (src/routes/simulations.js:131:11)

  console.info
    {
      component: 'http',
      event: 'request_completed',
      requestId: '19ff6d28-e519-4425-869c-642cc83efd49',
      methodClass: 'POST',
      durationMs: 34,
      statusCode: 201
    }

      at write (src/observability/safeLogger.js:178:17)

  console.log
    [Simulations] Canonical graph committed: {"operationId":"1e408591-af29-4eb3-9581-dad305145f5b","service":"plumbing","replayed":false}

      at log (src/routes/simulations.js:131:11)

  console.info
    {
      component: 'http',
      event: 'request_completed',
      requestId: 'f6c64527-2be3-4d76-a1bf-7cd65ad40396',
      methodClass: 'POST',
      durationMs: 44,
      statusCode: 201
    }

      at write (src/observability/safeLogger.js:178:17)

  console.log
    [Simulations] Canonical graph committed: {"operationId":"7ff07eed-4b21-4267-8ade-e6309fd17a5a","service":"plumbing","replayed":false}

      at log (src/routes/simulations.js:131:11)

  console.info
    {
      component: 'http',
      event: 'request_completed',
      requestId: 'aaa4fa1f-52f4-4669-bc4f-01a5b047e620',
      methodClass: 'POST',
      durationMs: 53,
      statusCode: 201
    }

      at write (src/observability/safeLogger.js:178:17)

  console.log
    [Simulations] Canonical graph committed: {"operationId":"d10cd0c4-b652-4d82-8404-9012a7ca6270","service":"plumbing","replayed":false}

      at log (src/routes/simulations.js:131:11)

  console.info
    {
      component: 'http',
      event: 'request_completed',
      requestId: '3ca289b5-0f99-452b-852d-11f1c22f224c',
      methodClass: 'POST',
      durationMs: 22,
      statusCode: 201
    }

      at write (src/observability/safeLogger.js:178:17)

  console.log
    [Simulations] Canonical graph committed: {"operationId":"7ad9ee54-408d-41cf-bb18-cf4f244a906a","service":"plumbing","replayed":false}

      at log (src/routes/simulations.js:131:11)

  console.info
    {
      component: 'http',
      event: 'request_completed',
      requestId: '895d99dd-6d24-4753-a6ac-7d06764c4338',
      methodClass: 'POST',
      durationMs: 35,
      statusCode: 201
    }

      at write (src/observability/safeLogger.js:178:17)

  console.log
    [Simulations] Canonical graph committed: {"operationId":"bb180922-cb67-4c94-81e2-62edaf79fa1b","service":"plumbing","replayed":false}

      at log (src/routes/simulations.js:131:11)

  console.info
    {
      component: 'http',
      event: 'request_completed',
      requestId: 'de80f097-efaf-4572-8741-1975cfdba5e6',
      methodClass: 'POST',
      durationMs: 44,
      statusCode: 201
    }

      at write (src/observability/safeLogger.js:178:17)

  console.log
    [Simulations] Canonical graph committed: {"operationId":"7ed8ffcd-a2b2-4f7e-8766-52cb31dae6b5","service":"plumbing","replayed":false}

      at log (src/routes/simulations.js:131:11)

  console.info
    {
      component: 'http',
      event: 'request_completed',
      requestId: 'b7868bdf-4a2f-46cb-a83f-f868fa6d7f20',
      methodClass: 'POST',
      durationMs: 53,
      statusCode: 201
    }

      at write (src/observability/safeLogger.js:178:17)

  console.log
    [Simulations] Canonical graph committed: {"operationId":"33c82bde-2d8c-4af6-91f6-139f39882320","service":"plumbing","replayed":false}

      at log (src/routes/simulations.js:131:11)

  console.info
    {
      component: 'http',
      event: 'request_completed',
      requestId: '56a536b9-6593-4c32-96ea-7a96dc700b5f',
      methodClass: 'POST',
      durationMs: 63,
      statusCode: 201
    }

      at write (src/observability/safeLogger.js:178:17)

  console.log
    [Simulations] Canonical graph committed: {"operationId":"356152d9-ffc7-44f0-89ff-75d71530d481","service":"plumbing","replayed":false}

      at log (src/routes/simulations.js:131:11)

  console.info
    {
      component: 'http',
      event: 'request_completed',
      requestId: '9556bc90-180b-48a0-8591-d3b88d294cf7',
      methodClass: 'POST',
      durationMs: 17,
      statusCode: 201
    }

      at write (src/observability/safeLogger.js:178:17)

  console.log
    [Simulations] Canonical graph committed: {"operationId":"b3e2d207-281d-49b4-a3bd-7d2f67ae53a5","service":"plumbing","replayed":false}

      at log (src/routes/simulations.js:131:11)

  console.info
    {
      component: 'http',
      event: 'request_completed',
      requestId: 'ad48a387-0908-45c6-a166-6b0acedda269',
      methodClass: 'POST',
      durationMs: 26,
      statusCode: 201
    }

      at write (src/observability/safeLogger.js:178:17)

  console.log
    [Simulations] Canonical graph committed: {"operationId":"87b35774-cc0e-4d0d-8a4e-0bec917c6145","service":"plumbing","replayed":false}

      at log (src/routes/simulations.js:131:11)

  console.info
    {
      component: 'http',
      event: 'request_completed',
      requestId: 'c4aa1f55-fd98-4a9f-bba5-62913ef3ea99',
      methodClass: 'POST',
      durationMs: 36,
      statusCode: 201
    }

      at write (src/observability/safeLogger.js:178:17)

  console.log
    [Simulations] Canonical graph committed: {"operationId":"3894bed4-0750-405e-936e-71c06342cb3e","service":"plumbing","replayed":false}

      at log (src/routes/simulations.js:131:11)

  console.info
    {
      component: 'http',
      event: 'request_completed',
      requestId: '2c3e58cd-7df1-499d-bf50-9a159c4ccecf',
      methodClass: 'POST',
      durationMs: 44,
      statusCode: 201
    }

      at write (src/observability/safeLogger.js:178:17)

  console.log
    [Simulations] Canonical graph committed: {"operationId":"bf3ed64c-bbb5-434d-9e46-6f23ec97fd8b","service":"plumbing","replayed":false}

      at log (src/routes/simulations.js:131:11)

  console.info
    {
      component: 'http',
      event: 'request_completed',
      requestId: '94f0fa2a-ccf3-45af-86f1-b1f76eb7078a',
      methodClass: 'POST',
      durationMs: 53,
      statusCode: 201
    }

      at write (src/observability/safeLogger.js:178:17)

  console.log
    [Simulations] Canonical graph committed: {"operationId":"2506d671-901a-4e6d-a1aa-fbf0b0cf7771","service":"plumbing","replayed":false}

      at log (src/routes/simulations.js:131:11)

  console.info
    {
      component: 'http',
      event: 'request_completed',
      requestId: '1d3f9e5e-1622-4922-8485-6861647239ba',
      methodClass: 'POST',
      durationMs: 17,
      statusCode: 201
    }

      at write (src/observability/safeLogger.js:178:17)

  console.log
    [Simulations] Canonical graph committed: {"operationId":"43e629f4-5197-4729-8801-6a2e37cc91c6","service":"plumbing","replayed":false}

      at log (src/routes/simulations.js:131:11)

  console.info
    {
      component: 'http',
      event: 'request_completed',
      requestId: 'c37623e6-c54a-4d16-ad7e-6633a512561a',
      methodClass: 'POST',
      durationMs: 26,
      statusCode: 201
    }

      at write (src/observability/safeLogger.js:178:17)

  console.log
    [Simulations] Canonical graph committed: {"operationId":"f42bd333-b85b-4fd4-83d4-a53b8079cc95","service":"plumbing","replayed":false}

      at log (src/routes/simulations.js:131:11)

  console.info
    {
      component: 'http',
      event: 'request_completed',
      requestId: '5d82b11e-dd1b-4941-9bfd-d1a72f493d68',
      methodClass: 'POST',
      durationMs: 37,
      statusCode: 201
    }

      at write (src/observability/safeLogger.js:178:17)

  console.log
    [Simulations] Canonical graph committed: {"operationId":"eeac27c6-eb96-46d6-a4d3-172e592bb296","service":"plumbing","replayed":false}

      at log (src/routes/simulations.js:131:11)

  console.info
    {
      component: 'http',
      event: 'request_completed',
      requestId: '1239c260-c223-4ea3-8407-8baa5c5c6c6c',
      methodClass: 'POST',
      durationMs: 46,
      statusCode: 201
    }

      at write (src/observability/safeLogger.js:178:17)

  console.log
    [Simulations] Canonical graph committed: {"operationId":"e54d1fe3-8907-4b26-9a92-135e37a50db7","service":"plumbing","replayed":false}

      at log (src/routes/simulations.js:131:11)

  console.info
    {
      component: 'http',
      event: 'request_completed',
      requestId: '1cc1401d-dccd-44c6-b5db-0830a985de83',
      methodClass: 'POST',
      durationMs: 56,
      statusCode: 201
    }

      at write (src/observability/safeLogger.js:178:17)

  console.log
    [Simulations] Canonical graph committed: {"operationId":"23b16a92-57df-4c58-a678-5eaa6b37242b","service":"plumbing","replayed":false}

      at log (src/routes/simulations.js:131:11)

  console.info
    {
      component: 'http',
      event: 'request_completed',
      requestId: '5b71f9db-04c6-414f-9be4-d8bfa93e0456',
      methodClass: 'POST',
      durationMs: 18,
      statusCode: 201
    }

      at write (src/observability/safeLogger.js:178:17)

  console.log
    [Simulations] Canonical graph committed: {"operationId":"21284173-2b53-4592-a1c1-7252902547be","service":"plumbing","replayed":false}

      at log (src/routes/simulations.js:131:11)

  console.info
    {
      component: 'http',
      event: 'request_completed',
      requestId: '3b948649-34d0-4adc-a7de-cd68656ba256',
      methodClass: 'POST',
      durationMs: 26,
      statusCode: 201
    }

      at write (src/observability/safeLogger.js:178:17)

  console.log
    [Simulations] Canonical graph committed: {"operationId":"8366e7e3-993b-4c8c-81a9-723090de00aa","service":"plumbing","replayed":false}

      at log (src/routes/simulations.js:131:11)

  console.info
    {
      component: 'http',
      event: 'request_completed',
      requestId: '6049cacd-8bac-47b1-a734-de2121cdc552',
      methodClass: 'POST',
      durationMs: 36,
      statusCode: 201
    }

      at write (src/observability/safeLogger.js:178:17)

  console.log
    [Simulations] Canonical graph committed: {"operationId":"54264b39-0cc5-42f4-b9b2-74b6c39f3501","service":"plumbing","replayed":false}

      at log (src/routes/simulations.js:131:11)

  console.info
    {
      component: 'http',
      event: 'request_completed',
      requestId: 'c9036c92-035d-4f97-bdaf-41ecd713dac4',
      methodClass: 'POST',
      durationMs: 43,
      statusCode: 201
    }

      at write (src/observability/safeLogger.js:178:17)

  console.log
    [Simulations] Canonical graph committed: {"operationId":"dbb5a6ed-7c4c-4c0c-a908-303a4f3793ab","service":"plumbing","replayed":false}

      at log (src/routes/simulations.js:131:11)

  console.info
    {
      component: 'http',
      event: 'request_completed',
      requestId: 'ab97a3fb-2a78-413c-9a1f-198fc0aeb126',
      methodClass: 'POST',
      durationMs: 50,
      statusCode: 201
    }

      at write (src/observability/safeLogger.js:178:17)

  console.log
    [Simulations] Canonical graph committed: {"operationId":"7dc720b1-e6f0-4035-8486-67ee07747639","service":"plumbing","replayed":false}

      at log (src/routes/simulations.js:131:11)

  console.info
    {
      component: 'http',
      event: 'request_completed',
      requestId: '428d2d5f-288a-4a35-b20e-3e97fb7c4fa8',
      methodClass: 'POST',
      durationMs: 15,
      statusCode: 201
    }

      at write (src/observability/safeLogger.js:178:17)

  console.log
    [Simulations] Canonical graph committed: {"operationId":"65927157-e1ec-4b14-87b6-8d4d4b34b50a","service":"plumbing","replayed":false}

      at log (src/routes/simulations.js:131:11)

  console.info
    {
      component: 'http',
      event: 'request_completed',
      requestId: 'aa2b3e40-4bee-4992-bc7e-71da655b4130',
      methodClass: 'POST',
      durationMs: 22,
      statusCode: 201
    }

      at write (src/observability/safeLogger.js:178:17)

  console.log
    [Simulations] Canonical graph committed: {"operationId":"dc107124-e754-40ef-9ee0-92ea073d8cf3","service":"plumbing","replayed":false}

      at log (src/routes/simulations.js:131:11)

  console.info
    {
      component: 'http',
      event: 'request_completed',
      requestId: '6fa33dc8-3284-4ad9-aaa5-6f88e8b0ae88',
      methodClass: 'POST',
      durationMs: 31,
      statusCode: 201
    }

      at write (src/observability/safeLogger.js:178:17)

  console.log
    [Simulations] Canonical graph committed: {"operationId":"12c5e3e7-cc1d-476f-b0eb-bfcb96042a92","service":"plumbing","replayed":false}

      at log (src/routes/simulations.js:131:11)

  console.info
    {
      component: 'http',
      event: 'request_completed',
      requestId: 'ba9f5648-bb61-4cd4-b7eb-7d5303fb68a1',
      methodClass: 'POST',
      durationMs: 39,
      statusCode: 201
    }

      at write (src/observability/safeLogger.js:178:17)

  console.log
    [Simulations] Canonical graph committed: {"operationId":"02c3d7a8-5fa2-4393-a9af-fdc1f888c512","service":"plumbing","replayed":false}

      at log (src/routes/simulations.js:131:11)

  console.info
    {
      component: 'http',
      event: 'request_completed',
      requestId: '14b0910a-d7c8-463d-ac47-41639f8d1d48',
      methodClass: 'POST',
      durationMs: 47,
      statusCode: 201
    }

      at write (src/observability/safeLogger.js:178:17)

  console.log
    [Simulations] Canonical graph committed: {"operationId":"59658869-bd22-4d63-a959-a91f5c507ebb","service":"plumbing","replayed":false}

      at log (src/routes/simulations.js:131:11)

  console.info
    {
      component: 'http',
      event: 'request_completed',
      requestId: '2010d045-577b-4856-9b35-23561018dc1e',
      methodClass: 'POST',
      durationMs: 14,
      statusCode: 201
    }

      at write (src/observability/safeLogger.js:178:17)

  console.log
    [Simulations] Canonical graph committed: {"operationId":"786ec2e8-8d52-495e-b71d-ce545d5fe8e1","service":"plumbing","replayed":false}

      at log (src/routes/simulations.js:131:11)

  console.info
    {
      component: 'http',
      event: 'request_completed',
      requestId: '57baeb01-611a-4a01-9fdd-73427ff95ab6',
      methodClass: 'POST',
      durationMs: 23,
      statusCode: 201
    }

      at write (src/observability/safeLogger.js:178:17)

  console.log
    [Simulations] Canonical graph committed: {"operationId":"35162468-4f2c-4c57-8746-c543d1f6d2c0","service":"plumbing","replayed":false}

      at log (src/routes/simulations.js:131:11)

  console.info
    {
      component: 'http',
      event: 'request_completed',
      requestId: '5d53b3a8-2ceb-4734-97b8-f7baa35e090c',
      methodClass: 'POST',
      durationMs: 31,
      statusCode: 201
    }

      at write (src/observability/safeLogger.js:178:17)

  console.log
    [Simulations] Canonical graph committed: {"operationId":"ffe96062-56d1-4876-b89e-893140eddbb6","service":"plumbing","replayed":false}

      at log (src/routes/simulations.js:131:11)

  console.info
    {
      component: 'http',
      event: 'request_completed',
      requestId: '9965e9f2-cfd1-4fbe-bfbc-4e011017c2c0',
      methodClass: 'POST',
      durationMs: 40,
      statusCode: 201
    }

      at write (src/observability/safeLogger.js:178:17)

  console.log
    [Simulations] Canonical graph committed: {"operationId":"1ecdd73e-3fac-4cce-a067-e95d160269ce","service":"plumbing","replayed":false}

      at log (src/routes/simulations.js:131:11)

  console.info
    {
      component: 'http',
      event: 'request_completed',
      requestId: 'd56e9d1b-1830-44e1-9e47-653152f4c6a0',
      methodClass: 'POST',
      durationMs: 48,
      statusCode: 201
    }

      at write (src/observability/safeLogger.js:178:17)

  console.log
    [Simulations] Canonical graph committed: {"operationId":"d1e4ef29-22a8-4d74-b2c3-80ba51b3f5b1","service":"plumbing","replayed":false}

      at log (src/routes/simulations.js:131:11)

  console.info
    {
      component: 'http',
      event: 'request_completed',
      requestId: 'c3e643b3-3c3f-4021-8344-75c50319dc16',
      methodClass: 'POST',
      durationMs: 16,
      statusCode: 201
    }

      at write (src/observability/safeLogger.js:178:17)

  console.log
    [Simulations] Canonical graph committed: {"operationId":"895c717f-de85-4b5d-b532-b218b838d380","service":"plumbing","replayed":false}

      at log (src/routes/simulations.js:131:11)

  console.info
    {
      component: 'http',
      event: 'request_completed',
      requestId: '64d161fb-e6b5-4159-bd6a-8e62f6fd9dd6',
      methodClass: 'POST',
      durationMs: 23,
      statusCode: 201
    }

      at write (src/observability/safeLogger.js:178:17)

  console.log
    [Simulations] Canonical graph committed: {"operationId":"08374def-ca20-4c85-9386-579ea510d61b","service":"plumbing","replayed":false}

      at log (src/routes/simulations.js:131:11)

  console.info
    {
      component: 'http',
      event: 'request_completed',
      requestId: 'c699dd8d-8d0e-4f57-af12-04836a762212',
      methodClass: 'POST',
      durationMs: 32,
      statusCode: 201
    }

      at write (src/observability/safeLogger.js:178:17)

  console.log
    [Simulations] Canonical graph committed: {"operationId":"77160de2-d5fb-4323-8a50-24cb9384afd6","service":"plumbing","replayed":false}

      at log (src/routes/simulations.js:131:11)

  console.info
    {
      component: 'http',
      event: 'request_completed',
      requestId: '402bea63-e746-4fe5-be2c-a9a92a1b6ef0',
      methodClass: 'POST',
      durationMs: 38,
      statusCode: 201
    }

      at write (src/observability/safeLogger.js:178:17)

  console.log
    [Simulations] Canonical graph committed: {"operationId":"b50e5e57-df1d-4798-ae09-a528c3251fa3","service":"plumbing","replayed":false}

      at log (src/routes/simulations.js:131:11)

  console.info
    {
      component: 'http',
      event: 'request_completed',
      requestId: '39f646f5-0f22-421d-ab2d-2dc69ed65547',
      methodClass: 'POST',
      durationMs: 45,
      statusCode: 201
    }

      at write (src/observability/safeLogger.js:178:17)

  console.log
    [Simulations] Canonical graph committed: {"operationId":"fbe58c52-7919-4b84-8e4b-0b05f7e701d7","service":"plumbing","replayed":false}

      at log (src/routes/simulations.js:131:11)

  console.info
    {
      component: 'http',
      event: 'request_completed',
      requestId: '402403e1-169d-4c68-8215-10e8c1082cc9',
      methodClass: 'POST',
      durationMs: 14,
      statusCode: 201
    }

      at write (src/observability/safeLogger.js:178:17)

  console.log
    [Simulations] Canonical graph committed: {"operationId":"61b11cb1-2464-4e55-b6e0-492e39f05594","service":"plumbing","replayed":false}

      at log (src/routes/simulations.js:131:11)

  console.info
    {
      component: 'http',
      event: 'request_completed',
      requestId: 'acb4bd8d-0ac3-4a46-9d6a-5e22ed9c593b',
      methodClass: 'POST',
      durationMs: 22,
      statusCode: 201
    }

      at write (src/observability/safeLogger.js:178:17)

  console.log
    [Simulations] Canonical graph committed: {"operationId":"b2e42934-ede3-4345-95e9-25bad2f2bc01","service":"plumbing","replayed":false}

      at log (src/routes/simulations.js:131:11)

  console.info
    {
      component: 'http',
      event: 'request_completed',
      requestId: 'ae888bcd-955e-4c22-92cd-0ab1fea85614',
      methodClass: 'POST',
      durationMs: 31,
      statusCode: 201
    }

      at write (src/observability/safeLogger.js:178:17)

  console.log
    [Simulations] Canonical graph committed: {"operationId":"5635247a-d72b-4678-a714-712b8a55b887","service":"plumbing","replayed":false}

      at log (src/routes/simulations.js:131:11)

  console.info
    {
      component: 'http',
      event: 'request_completed',
      requestId: 'ba309ce4-dd43-4782-960a-1ce32f0d2b8f',
      methodClass: 'POST',
      durationMs: 39,
      statusCode: 201
    }

      at write (src/observability/safeLogger.js:178:17)

  console.log
    [Simulations] Canonical graph committed: {"operationId":"9b0e46a0-289b-4b16-af86-617116d188c7","service":"plumbing","replayed":false}

      at log (src/routes/simulations.js:131:11)

  console.info
    {
      component: 'http',
      event: 'request_completed',
      requestId: '48b0f605-b4da-43cd-891b-05eb756d4770',
      methodClass: 'POST',
      durationMs: 45,
      statusCode: 201
    }

      at write (src/observability/safeLogger.js:178:17)

  console.log
    [Simulations] Canonical graph committed: {"operationId":"83fda276-e352-496f-b54e-7c50acffb2b8","service":"plumbing","replayed":false}

      at log (src/routes/simulations.js:131:11)

  console.info
    {
      component: 'http',
      event: 'request_completed',
      requestId: '78a7a75c-45e5-462f-bb27-f829cd705f2c',
      methodClass: 'POST',
      durationMs: 14,
      statusCode: 201
    }

      at write (src/observability/safeLogger.js:178:17)

  console.log
    [Simulations] Canonical graph committed: {"operationId":"b81a569a-576d-407c-9d28-dc9f873ccd1f","service":"plumbing","replayed":false}

      at log (src/routes/simulations.js:131:11)

  console.info
    {
      component: 'http',
      event: 'request_completed',
      requestId: 'ade53a0b-99e5-4bde-8e87-314a0b707bf1',
      methodClass: 'POST',
      durationMs: 22,
      statusCode: 201
    }

      at write (src/observability/safeLogger.js:178:17)

  console.log
    [Simulations] Canonical graph committed: {"operationId":"eb9fc3e7-c601-4ce4-bb75-7bdc8aa3b7bd","service":"plumbing","replayed":false}

      at log (src/routes/simulations.js:131:11)

  console.info
    {
      component: 'http',
      event: 'request_completed',
      requestId: 'f9206eb4-b567-48de-9a3e-fee50d380198',
      methodClass: 'POST',
      durationMs: 29,
      statusCode: 201
    }

      at write (src/observability/safeLogger.js:178:17)

  console.log
    [Simulations] Canonical graph committed: {"operationId":"0a957104-0282-4764-988a-3f1dbae93214","service":"plumbing","replayed":false}

      at log (src/routes/simulations.js:131:11)

  console.info
    {
      component: 'http',
      event: 'request_completed',
      requestId: '5162e279-a883-40e2-9d53-d78979fd6848',
      methodClass: 'POST',
      durationMs: 36,
      statusCode: 201
    }

      at write (src/observability/safeLogger.js:178:17)

  console.log
    [Simulations] Canonical graph committed: {"operationId":"02784b91-1949-4412-a840-24ce9e69829c","service":"plumbing","replayed":false}

      at log (src/routes/simulations.js:131:11)

  console.info
    {
      component: 'http',
      event: 'request_completed',
      requestId: '3192b887-5abe-4b39-b48d-6434c95a160d',
      methodClass: 'POST',
      durationMs: 44,
      statusCode: 201
    }

      at write (src/observability/safeLogger.js:178:17)

  console.log
    [Simulations] Canonical graph committed: {"operationId":"105d3329-9d40-44b2-9a86-eb88b1a81daf","service":"plumbing","replayed":false}

      at log (src/routes/simulations.js:131:11)

  console.info
    {
      component: 'http',
      event: 'request_completed',
      requestId: '2f1d06b7-62f4-478b-885c-d5751b727b1a',
      methodClass: 'POST',
      durationMs: 14,
      statusCode: 201
    }

      at write (src/observability/safeLogger.js:178:17)

  console.log
    [Simulations] Canonical graph committed: {"operationId":"b6a32984-27be-4342-9bd9-2a7eb3483bb4","service":"plumbing","replayed":false}

      at log (src/routes/simulations.js:131:11)

  console.info
    {
      component: 'http',
      event: 'request_completed',
      requestId: 'b51b85f3-3042-4a0d-a983-1c20e846a502',
      methodClass: 'POST',
      durationMs: 22,
      statusCode: 201
    }

      at write (src/observability/safeLogger.js:178:17)

  console.log
    [Simulations] Canonical graph committed: {"operationId":"c2885ea9-b8cf-435e-99fd-a15e5527ab96","service":"plumbing","replayed":false}

      at log (src/routes/simulations.js:131:11)

  console.info
    {
      component: 'http',
      event: 'request_completed',
      requestId: '72ed9700-0b77-401d-b565-20d785a1e842',
      methodClass: 'POST',
      durationMs: 29,
      statusCode: 201
    }

      at write (src/observability/safeLogger.js:178:17)

  console.log
    [Simulations] Canonical graph committed: {"operationId":"c0a288aa-5293-45c7-9a75-91eefe00b39c","service":"plumbing","replayed":false}

      at log (src/routes/simulations.js:131:11)

  console.info
    {
      component: 'http',
      event: 'request_completed',
      requestId: '28577b2f-3d5c-4b3c-89f1-ae9d2a315ac3',
      methodClass: 'POST',
      durationMs: 37,
      statusCode: 201
    }

      at write (src/observability/safeLogger.js:178:17)

  console.log
    [Simulations] Canonical graph committed: {"operationId":"754ea648-15f1-4b84-98d1-f9bd2a2df30e","service":"plumbing","replayed":false}

      at log (src/routes/simulations.js:131:11)

  console.info
    {
      component: 'http',
      event: 'request_completed',
      requestId: 'e6023cc7-a4d5-48a0-ba66-3ff2a8ae1492',
      methodClass: 'POST',
      durationMs: 46,
      statusCode: 201
    }

      at write (src/observability/safeLogger.js:178:17)

  console.log
    [Simulations] Canonical graph committed: {"operationId":"30cb8088-173a-4c76-9770-d1bddea514f8","service":"plumbing","replayed":false}

      at log (src/routes/simulations.js:131:11)

  console.info
    {
      component: 'http',
      event: 'request_completed',
      requestId: 'b4e1c487-f0ee-493c-8d27-e5daac57f25a',
      methodClass: 'POST',
      durationMs: 14,
      statusCode: 201
    }

      at write (src/observability/safeLogger.js:178:17)

  console.log
    [Simulations] Canonical graph committed: {"operationId":"721a4b28-95bd-4616-85bc-c6c0ad17d407","service":"plumbing","replayed":false}

      at log (src/routes/simulations.js:131:11)

  console.info
    {
      component: 'http',
      event: 'request_completed',
      requestId: '45b8f547-8444-4ae8-ae3d-b52d5cd4d11f',
      methodClass: 'POST',
      durationMs: 21,
      statusCode: 201
    }

      at write (src/observability/safeLogger.js:178:17)

  console.log
    [Simulations] Canonical graph committed: {"operationId":"5e714c4e-4d08-42ef-ac19-dd41bcea8367","service":"plumbing","replayed":false}

      at log (src/routes/simulations.js:131:11)

  console.info
    {
      component: 'http',
      event: 'request_completed',
      requestId: '17d79c8e-a51b-4016-bbd9-cc86ae190f95',
      methodClass: 'POST',
      durationMs: 30,
      statusCode: 201
    }

      at write (src/observability/safeLogger.js:178:17)

  console.log
    [Simulations] Canonical graph committed: {"operationId":"0a5267d0-539f-4145-9393-5a384eb88c02","service":"plumbing","replayed":false}

      at log (src/routes/simulations.js:131:11)

  console.info
    {
      component: 'http',
      event: 'request_completed',
      requestId: 'd09d1900-9af5-41b3-893c-3a98446f7749',
      methodClass: 'POST',
      durationMs: 35,
      statusCode: 201
    }

      at write (src/observability/safeLogger.js:178:17)

  console.log
    [Simulations] Canonical graph committed: {"operationId":"55c41f2c-7b2d-40b1-bf31-e4058ac688a7","service":"plumbing","replayed":false}

      at log (src/routes/simulations.js:131:11)

  console.info
    {
      component: 'http',
      event: 'request_completed',
      requestId: '7b01e7d1-5b27-436f-9656-fcb4acee4393',
      methodClass: 'POST',
      durationMs: 44,
      statusCode: 201
    }

      at write (src/observability/safeLogger.js:178:17)

  console.log
    [Simulations] Canonical graph committed: {"operationId":"5577fb14-edbf-49a2-a739-adf7c932f592","service":"plumbing","replayed":false}

      at log (src/routes/simulations.js:131:11)

  console.info
    {
      component: 'http',
      event: 'request_completed',
      requestId: '25c124ff-9294-4103-9896-59f705c4bc78',
      methodClass: 'POST',
      durationMs: 14,
      statusCode: 201
    }

      at write (src/observability/safeLogger.js:178:17)

  console.log
    [Simulations] Canonical graph committed: {"operationId":"c012f62e-10b2-435b-b8ef-40b7bb478c61","service":"plumbing","replayed":false}

      at log (src/routes/simulations.js:131:11)

  console.info
    {
      component: 'http',
      event: 'request_completed',
      requestId: '056a5ab4-8a6f-4ad2-8ed7-65f0023def9e',
      methodClass: 'POST',
      durationMs: 20,
      statusCode: 201
    }

      at write (src/observability/safeLogger.js:178:17)

  console.log
    [Simulations] Canonical graph committed: {"operationId":"56060eb7-90a4-4d4a-ae61-3c17d1b11327","service":"plumbing","replayed":false}

      at log (src/routes/simulations.js:131:11)

  console.info
    {
      component: 'http',
      event: 'request_completed',
      requestId: 'f42b4fad-3db4-453c-aa88-66024759dd50',
      methodClass: 'POST',
      durationMs: 31,
      statusCode: 201
    }

      at write (src/observability/safeLogger.js:178:17)

  console.log
    [Simulations] Canonical graph committed: {"operationId":"e9a6a05f-2599-4da0-82e5-dc62ee9def71","service":"plumbing","replayed":false}

      at log (src/routes/simulations.js:131:11)

  console.info
    {
      component: 'http',
      event: 'request_completed',
      requestId: '8200ce9d-235c-468f-ad9a-70d0813044c8',
      methodClass: 'POST',
      durationMs: 38,
      statusCode: 201
    }

      at write (src/observability/safeLogger.js:178:17)

  console.log
    [Simulations] Canonical graph committed: {"operationId":"be363575-40be-49a6-bac6-87f918f021d3","service":"plumbing","replayed":false}

      at log (src/routes/simulations.js:131:11)

  console.info
    {
      component: 'http',
      event: 'request_completed',
      requestId: '930e87ce-5efa-4a91-bc91-3c3ba99ad1d4',
      methodClass: 'POST',
      durationMs: 46,
      statusCode: 201
    }

      at write (src/observability/safeLogger.js:178:17)

  console.log
    [Simulations] Canonical graph committed: {"operationId":"4b014e63-3a5d-4b39-8490-54f238f27f4e","service":"plumbing","replayed":false}

      at log (src/routes/simulations.js:131:11)

  console.info
    {
      component: 'http',
      event: 'request_completed',
      requestId: '54599f62-e2e9-4a46-bbda-006e24bf6ab1',
      methodClass: 'POST',
      durationMs: 14,
      statusCode: 201
    }

      at write (src/observability/safeLogger.js:178:17)

  console.log
    [Simulations] Canonical graph committed: {"operationId":"eed76571-f726-4fd0-9003-9f49573fbc5b","service":"plumbing","replayed":false}

      at log (src/routes/simulations.js:131:11)

  console.info
    {
      component: 'http',
      event: 'request_completed',
      requestId: '4befc685-84ab-4b32-a26a-7a22b5e53552',
      methodClass: 'POST',
      durationMs: 23,
      statusCode: 201
    }

      at write (src/observability/safeLogger.js:178:17)

  console.log
    [Simulations] Canonical graph committed: {"operationId":"d1f816a2-90ed-450b-9427-58bc0d304326","service":"plumbing","replayed":false}

      at log (src/routes/simulations.js:131:11)

  console.info
    {
      component: 'http',
      event: 'request_completed',
      requestId: '67b13e40-c5bd-4337-acb1-e745488dc1af',
      methodClass: 'POST',
      durationMs: 29,
      statusCode: 201
    }

      at write (src/observability/safeLogger.js:178:17)

  console.log
    [Simulations] Canonical graph committed: {"operationId":"2e019bd5-9781-4576-85a1-a6c858912043","service":"plumbing","replayed":false}

      at log (src/routes/simulations.js:131:11)

  console.info
    {
      component: 'http',
      event: 'request_completed',
      requestId: 'a6ee33e4-dc5d-4b2f-a782-525b9bb5bbd6',
      methodClass: 'POST',
      durationMs: 36,
      statusCode: 201
    }

      at write (src/observability/safeLogger.js:178:17)

  console.log
    [Simulations] Canonical graph committed: {"operationId":"b2432e01-f6db-4679-8695-38545d25a388","service":"plumbing","replayed":false}

      at log (src/routes/simulations.js:131:11)

  console.info
    {
      component: 'http',
      event: 'request_completed',
      requestId: '9aa3148e-798d-4d8f-bb6f-29f96f4e8e50',
      methodClass: 'POST',
      durationMs: 44,
      statusCode: 201
    }

      at write (src/observability/safeLogger.js:178:17)

  console.log
    [Simulations] Canonical graph committed: {"operationId":"050945db-3fc5-40ed-a946-db111319bb82","service":"plumbing","replayed":false}

      at log (src/routes/simulations.js:131:11)

  console.info
    {
      component: 'http',
      event: 'request_completed',
      requestId: '3bfea921-8ef1-43ee-8222-c2b758f05ac2',
      methodClass: 'POST',
      durationMs: 15,
      statusCode: 201
    }

      at write (src/observability/safeLogger.js:178:17)

  console.log
    [Simulations] Canonical graph committed: {"operationId":"6ffac964-2260-4832-be75-ff8e85016324","service":"plumbing","replayed":false}

      at log (src/routes/simulations.js:131:11)

  console.info
    {
      component: 'http',
      event: 'request_completed',
      requestId: 'c2ad74a0-45f3-4484-9f92-7cb025a200d5',
      methodClass: 'POST',
      durationMs: 27,
      statusCode: 201
    }

      at write (src/observability/safeLogger.js:178:17)

  console.log
    [Simulations] Canonical graph committed: {"operationId":"f797c8c5-2d74-4b3d-8012-602bcaeb18f6","service":"plumbing","replayed":false}

      at log (src/routes/simulations.js:131:11)

  console.info
    {
      component: 'http',
      event: 'request_completed',
      requestId: '7f48bc37-4932-49cb-adcb-548266cba810',
      methodClass: 'POST',
      durationMs: 37,
      statusCode: 201
    }

      at write (src/observability/safeLogger.js:178:17)

  console.log
    [Simulations] Canonical graph committed: {"operationId":"38e45261-65d9-4b7c-96f2-41de32e661f4","service":"plumbing","replayed":false}

      at log (src/routes/simulations.js:131:11)

  console.info
    {
      component: 'http',
      event: 'request_completed',
      requestId: '1dade972-2c72-4256-85cc-c473afe8808d',
      methodClass: 'POST',
      durationMs: 52,
      statusCode: 201
    }

      at write (src/observability/safeLogger.js:178:17)

  console.log
    [Simulations] Canonical graph committed: {"operationId":"62c6c930-4842-4d5c-87ec-62db908b6505","service":"plumbing","replayed":false}

      at log (src/routes/simulations.js:131:11)

  console.info
    {
      component: 'http',
      event: 'request_completed',
      requestId: 'f34aad39-273e-48f3-a82a-e33b805e7b10',
      methodClass: 'POST',
      durationMs: 60,
      statusCode: 201
    }

      at write (src/observability/safeLogger.js:178:17)

  console.log
    [Simulations] Canonical graph committed: {"operationId":"66b380fe-139b-4a53-9fcd-0c62c64ec3e7","service":"plumbing","replayed":false}

      at log (src/routes/simulations.js:131:11)

  console.info
    {
      component: 'http',
      event: 'request_completed',
      requestId: 'da956367-0578-477a-b482-5cc64ba32ed8',
      methodClass: 'POST',
      durationMs: 13,
      statusCode: 201
    }

      at write (src/observability/safeLogger.js:178:17)

  console.log
    [Simulations] Canonical graph committed: {"operationId":"ae71f08d-2e31-4172-a37e-23abb4d33c90","service":"plumbing","replayed":false}

      at log (src/routes/simulations.js:131:11)

  console.info
    {
      component: 'http',
      event: 'request_completed',
      requestId: '8e661ee8-0fa3-4d14-a12c-08a3e5298f22',
      methodClass: 'POST',
      durationMs: 23,
      statusCode: 201
    }

      at write (src/observability/safeLogger.js:178:17)

  console.log
    [Simulations] Canonical graph committed: {"operationId":"d4cb8f4c-c373-421e-9841-0a98dc86eb05","service":"plumbing","replayed":false}

      at log (src/routes/simulations.js:131:11)

  console.info
    {
      component: 'http',
      event: 'request_completed',
      requestId: 'bdb9d01d-8e7c-49ea-9853-90b0a1c34004',
      methodClass: 'POST',
      durationMs: 30,
      statusCode: 201
    }

      at write (src/observability/safeLogger.js:178:17)

  console.log
    [Simulations] Canonical graph committed: {"operationId":"c0beb2a6-fbac-4feb-af99-b1a58862f37b","service":"plumbing","replayed":false}

      at log (src/routes/simulations.js:131:11)

  console.info
    {
      component: 'http',
      event: 'request_completed',
      requestId: 'a62615dc-bbed-4aba-90c8-1297f7efe0b7',
      methodClass: 'POST',
      durationMs: 38,
      statusCode: 201
    }

      at write (src/observability/safeLogger.js:178:17)

  console.log
    [Simulations] Canonical graph committed: {"operationId":"5b7a5c55-d62f-47e2-bf5a-9207b2aa330b","service":"plumbing","replayed":false}

      at log (src/routes/simulations.js:131:11)

  console.info
    {
      component: 'http',
      event: 'request_completed',
      requestId: '248d3249-a62b-4d36-89b8-5be1c9e01b4a',
      methodClass: 'POST',
      durationMs: 44,
      statusCode: 201
    }

      at write (src/observability/safeLogger.js:178:17)

  console.log
    [Simulations] Canonical graph committed: {"operationId":"4015a7bf-e852-4757-893f-aca270de40cd","service":"plumbing","replayed":false}

      at log (src/routes/simulations.js:131:11)

  console.info
    {
      component: 'http',
      event: 'request_completed',
      requestId: '732554e1-f7d5-4d43-8325-07333e61cff5',
      methodClass: 'POST',
      durationMs: 15,
      statusCode: 201
    }

      at write (src/observability/safeLogger.js:178:17)

  console.log
    [Simulations] Canonical graph committed: {"operationId":"a6d7828a-f822-41a0-9146-f0fae1484e70","service":"plumbing","replayed":false}

      at log (src/routes/simulations.js:131:11)

  console.info
    {
      component: 'http',
      event: 'request_completed',
      requestId: '98e1860a-9933-4160-aa92-46c18ed15e8d',
      methodClass: 'POST',
      durationMs: 23,
      statusCode: 201
    }

      at write (src/observability/safeLogger.js:178:17)

  console.log
    [Simulations] Canonical graph committed: {"operationId":"5cd39638-f50b-47dc-b61d-74c22f240db3","service":"plumbing","replayed":false}

      at log (src/routes/simulations.js:131:11)

  console.info
    {
      component: 'http',
      event: 'request_completed',
      requestId: '36e951e5-5900-4b6d-9864-a3022164e41f',
      methodClass: 'POST',
      durationMs: 34,
      statusCode: 201
    }

      at write (src/observability/safeLogger.js:178:17)

  console.log
    [Simulations] Canonical graph committed: {"operationId":"2af23fab-e059-43da-9b7b-4b227a213691","service":"plumbing","replayed":false}

      at log (src/routes/simulations.js:131:11)

  console.info
    {
      component: 'http',
      event: 'request_completed',
      requestId: '4f43db11-12dd-4772-b408-604795bb512c',
      methodClass: 'POST',
      durationMs: 44,
      statusCode: 201
    }

      at write (src/observability/safeLogger.js:178:17)

  console.log
    [Simulations] Canonical graph committed: {"operationId":"046a6da9-78d2-496b-98de-f37a367d9695","service":"plumbing","replayed":false}

      at log (src/routes/simulations.js:131:11)

  console.info
    {
      component: 'http',
      event: 'request_completed',
      requestId: '86cc853e-0303-49e5-a48e-d4cd2dc5961e',
      methodClass: 'POST',
      durationMs: 50,
      statusCode: 201
    }

      at write (src/observability/safeLogger.js:178:17)

  console.log
    [Simulations] Canonical graph committed: {"operationId":"d6ad767f-9bab-4fb2-b5f1-c8bfb6fd7fcb","service":"plumbing","replayed":false}

      at log (src/routes/simulations.js:131:11)

  console.info
    {
      component: 'http',
      event: 'request_completed',
      requestId: 'dd69a8f5-2d69-40ae-a714-56bb06976072',
      methodClass: 'POST',
      durationMs: 15,
      statusCode: 201
    }

      at write (src/observability/safeLogger.js:178:17)

  console.log
    [Simulations] Canonical graph committed: {"operationId":"a7e0965b-a781-424a-af02-45031b0649cb","service":"plumbing","replayed":false}

      at log (src/routes/simulations.js:131:11)

  console.info
    {
      component: 'http',
      event: 'request_completed',
      requestId: 'bd92f409-dd22-4d74-8e54-f7e6ef26456f',
      methodClass: 'POST',
      durationMs: 24,
      statusCode: 201
    }

      at write (src/observability/safeLogger.js:178:17)

  console.log
    [Simulations] Canonical graph committed: {"operationId":"bcaf9304-0641-4bc2-b871-34e0c313357b","service":"plumbing","replayed":false}

      at log (src/routes/simulations.js:131:11)

  console.info
    {
      component: 'http',
      event: 'request_completed',
      requestId: '483d4a11-ef21-4c41-b3a8-d9cf2d43efee',
      methodClass: 'POST',
      durationMs: 30,
      statusCode: 201
    }

      at write (src/observability/safeLogger.js:178:17)

  console.log
    [Simulations] Canonical graph committed: {"operationId":"3ad1cc5e-464c-4d11-a746-80b0615112aa","service":"plumbing","replayed":false}

      at log (src/routes/simulations.js:131:11)

  console.info
    {
      component: 'http',
      event: 'request_completed',
      requestId: '09f77135-4b81-4715-a1d1-349a1fca9d8e',
      methodClass: 'POST',
      durationMs: 40,
      statusCode: 201
    }

      at write (src/observability/safeLogger.js:178:17)

  console.log
    [Simulations] Canonical graph committed: {"operationId":"9edd9005-89b2-453f-9533-6704dc9a82e5","service":"plumbing","replayed":false}

      at log (src/routes/simulations.js:131:11)

  console.info
    {
      component: 'http',
      event: 'request_completed',
      requestId: 'dd0274e7-013b-4be8-a800-b27e480fd1cd',
      methodClass: 'POST',
      durationMs: 47,
      statusCode: 201
    }

      at write (src/observability/safeLogger.js:178:17)

  console.log
    [Simulations] Canonical graph committed: {"operationId":"cd725313-0ffb-4cf4-a1c9-1fd15ee11102","service":"plumbing","replayed":false}

      at log (src/routes/simulations.js:131:11)

  console.info
    {
      component: 'http',
      event: 'request_completed',
      requestId: 'c13d9586-1745-48db-b8f7-db566b1dc603',
      methodClass: 'POST',
      durationMs: 11,
      statusCode: 201
    }

      at write (src/observability/safeLogger.js:178:17)

  console.info
    {
      component: 'http',
      event: 'request_completed',
      requestId: '89eddfe4-d9c2-4402-ade5-770d10cc13ab',
      methodClass: 'GET',
      durationMs: 20,
      statusCode: 200
    }

      at write (src/observability/safeLogger.js:178:17)

  console.info
    {
      component: 'http',
      event: 'request_completed',
      requestId: 'c6e7f369-3c3e-433e-b2b3-50f61d51a5ca',
      methodClass: 'GET',
      durationMs: 148,
      statusCode: 200
    }

      at write (src/observability/safeLogger.js:178:17)

  console.info
    {
      component: 'http',
      event: 'request_completed',
      requestId: '28112380-1d6e-4991-b3f4-9352e7170b70',
      methodClass: 'GET',
      durationMs: 3,
      statusCode: 400
    }

      at write (src/observability/safeLogger.js:178:17)

  console.info
    {
      component: 'http',
      event: 'request_completed',
      requestId: '9839b69e-c598-4fc3-ac62-b6131c950053',
      methodClass: 'GET',
      durationMs: 3,
      statusCode: 400
    }

      at write (src/observability/safeLogger.js:178:17)

  console.info
    {
      component: 'http',
      event: 'request_completed',
      requestId: 'b7059024-ffc1-41ff-81d1-086f3eda447a',
      methodClass: 'GET',
      durationMs: 2,
      statusCode: 400
    }

      at write (src/observability/safeLogger.js:178:17)

  console.info
    {
      component: 'http',
      event: 'request_completed',
      requestId: 'b80c0e7e-e247-442d-a477-6ccc766f80fa',
      methodClass: 'GET',
      durationMs: 2,
      statusCode: 400
    }

      at write (src/observability/safeLogger.js:178:17)

  console.info
    {
      component: 'http',
      event: 'request_completed',
      requestId: 'cca29a49-9fac-4fee-9a75-430104df6386',
      methodClass: 'GET',
      durationMs: 2,
      statusCode: 400
    }

      at write (src/observability/safeLogger.js:178:17)

  console.info
    {
      component: 'http',
      event: 'request_completed',
      requestId: '9b0c9720-869a-46e4-bbfd-16a943e640f1',
      methodClass: 'GET',
      durationMs: 2,
      statusCode: 400
    }

      at write (src/observability/safeLogger.js:178:17)

  console.info
    {
      component: 'http',
      event: 'request_completed',
      requestId: '17f27bc8-bfa8-4b25-a3fa-068809a848db',
      methodClass: 'GET',
      durationMs: 2,
      statusCode: 400
    }

      at write (src/observability/safeLogger.js:178:17)

  console.info
    {
      component: 'http',
      event: 'request_completed',
      requestId: 'f5310848-c102-4095-b4b1-92807bb1bc0d',
      methodClass: 'GET',
      durationMs: 2,
      statusCode: 400
    }

      at write (src/observability/safeLogger.js:178:17)

  console.info
    {
      component: 'http',
      event: 'request_completed',
      requestId: '337d745a-e6c5-4589-8c97-bee488c40383',
      methodClass: 'GET',
      durationMs: 2,
      statusCode: 400
    }

      at write (src/observability/safeLogger.js:178:17)

  console.info
    {
      component: 'http',
      event: 'request_completed',
      requestId: 'c3c790a8-afe7-44de-9cae-6e2f31ccdab5',
      methodClass: 'GET',
      durationMs: 2,
      statusCode: 400
    }

      at write (src/observability/safeLogger.js:178:17)

  console.info
    {
      component: 'http',
      event: 'request_completed',
      requestId: '3aa5f856-2b1f-4638-acb1-a9bb94c73f5e',
      methodClass: 'GET',
      durationMs: 3,
      statusCode: 400
    }

      at write (src/observability/safeLogger.js:178:17)

  console.info
    {
      component: 'http',
      event: 'request_completed',
      requestId: '14cf58c1-d488-4287-9e6f-027b176dd49e',
      methodClass: 'GET',
      durationMs: 2,
      statusCode: 400
    }

      at write (src/observability/safeLogger.js:178:17)

  console.info
    {
      component: 'http',
      event: 'request_completed',
      requestId: '61158949-a05c-485d-8790-1f7badd3b287',
      methodClass: 'GET',
      durationMs: 2,
      statusCode: 400
    }

      at write (src/observability/safeLogger.js:178:17)

  console.info
    {
      component: 'http',
      event: 'request_completed',
      requestId: '077395cb-c726-49bc-a275-2f8630c3a3bf',
      methodClass: 'GET',
      durationMs: 2,
      statusCode: 400
    }

      at write (src/observability/safeLogger.js:178:17)

  console.info
    {
      component: 'http',
      event: 'request_completed',
      requestId: '8d9bab86-4053-4438-8791-8cb1fee0ee4b',
      methodClass: 'GET',
      durationMs: 2,
      statusCode: 400
    }

      at write (src/observability/safeLogger.js:178:17)

  console.info
    {
      component: 'http',
      event: 'request_completed',
      requestId: 'c51b4a5a-efe9-4c8b-a5c2-d92c5460026a',
      methodClass: 'GET',
      durationMs: 29,
      statusCode: 200
    }

      at write (src/observability/safeLogger.js:178:17)

  console.info
    {
      component: 'http',
      event: 'request_completed',
      requestId: '0fb4cff4-105f-4920-9281-233d97bc3a21',
      methodClass: 'GET',
      durationMs: 126,
      statusCode: 200
    }

      at write (src/observability/safeLogger.js:178:17)

  console.info
    {
      component: 'http',
      event: 'request_completed',
      requestId: '9c10e850-b742-4749-b29e-6627089a5a45',
      methodClass: 'POST',
      durationMs: 44,
      statusCode: 201
    }

      at write (src/observability/safeLogger.js:178:17)

  console.info
    {
      component: 'http',
      event: 'request_completed',
      requestId: 'acebd56f-91e9-4b93-bdec-4ec96585038c',
      methodClass: 'POST',
      durationMs: 79,
      statusCode: 200
    }

      at write (src/observability/safeLogger.js:178:17)

  console.info
    {
      component: 'http',
      event: 'request_completed',
      requestId: '3d66eaec-6901-4f04-83c5-3f42486d719b',
      methodClass: 'GET',
      durationMs: 148,
      statusCode: 200
    }

      at write (src/observability/safeLogger.js:178:17)

  console.info
    {
      component: 'http',
      event: 'request_completed',
      requestId: '373a3a71-df6d-4581-95a6-01243a2bd032',
      methodClass: 'GET',
      durationMs: 3,
      statusCode: 400
    }

      at write (src/observability/safeLogger.js:178:17)

  console.log
    [DB] Migration applied: 001_initial_schema.sql

      at log (src/db.js:1312:42)

  console.log
    [DB] Migration applied: 002_seed_data.sql

      at log (src/db.js:1312:42)

  console.log
    [DB] Migration applied: 003_voice_sessions.sql

      at log (src/db.js:1312:42)

  console.log
    [DB] Migration applied: 004_canonical_persistence_v2.sql

      at log (src/db.js:1312:42)

  console.log
    [DB] Migration applied: 005_canonical_organization_authority.sql

      at log (src/db.js:1312:42)

  console.log
    [DB] Migration applied: 006_canonical_voice_sessions.sql

      at log (src/db.js:1312:42)

  console.log
    [DB] Migration applied: 007_canonical_tax_authority.sql

      at log (src/db.js:1312:42)

  console.log
    [DB] Migration applied: 008_canonical_demo_authority.sql

      at log (src/db.js:1312:42)

  console.log
    [DB] Migration applied: 009_canonical_voice_provider_identity.sql

      at log (src/db.js:1312:42)

  console.log
    [DB] Migration applied: 010_account_session_authority.sql

      at log (src/db.js:1312:42)

  console.log
    [DB] Migration applied: 011_oauth_authorization_states.sql

      at log (src/db.js:1312:42)

  console.log
    [DB] Migration applied: 012_account_verification_trial.sql

      at log (src/db.js:1312:42)

  console.log
    [DB] Migration applied: 015_workforce_authority.sql

      at log (src/db.js:1312:42)

  console.log
    [DB] Migration applied: 016_tenant_asset_catalogue.sql

      at log (src/db.js:1312:42)

  console.log
    [DB] Migration applied: 017_retell_webhook_replay_authority.sql

      at log (src/db.js:1312:42)

  console.log
    [DB] Migration applied: 018_canonical_map_preferences.sql

      at log (src/db.js:1312:42)

  console.log
    [DB] Migration applied: 019_account_email_outbox.sql

      at log (src/db.js:1312:42)

  console.log
    [DB] Migration applied: 020_canonical_workforce_access_roles.sql

      at log (src/db.js:1312:42)

  console.log
    [DB] Migration applied: 021_bounded_api_observability.sql

      at log (src/db.js:1312:42)

  console.log
    [DB] Migration applied: 022_demo_command_center_sessions.sql

      at log (src/db.js:1312:42)

  console.log
    [DB] Migration applied: 023_homepage_demo_admission.sql

      at log (src/db.js:1312:42)

  console.log
    [DB] Migration applied: 024_homepage_verified_purge_receipt.sql

      at log (src/db.js:1312:42)

  console.log
    [DB] Migration applied: 025_provider_agnostic_knowledge_registry.sql

      at log (src/db.js:1312:42)

  console.log
    [DB] Migration applied: 026_canonical_knowledge_review_publication.sql

      at log (src/db.js:1312:42)

  console.log
    [DB] Migration applied: 027_canonical_knowledge_audit_graph_authority.sql

      at log (src/db.js:1312:42)

  console.log
    [DB] Migration applied: 028_canonical_knowledge_immutable_lifecycle.sql

      at log (src/db.js:1312:42)

  console.log
    [DB] Migration applied: 029_canonical_knowledge_transactional_sync.sql

      at log (src/db.js:1312:42)

  console.log
    [DB] Migration applied: 030_canonical_knowledge_sync_revocation.sql

      at log (src/db.js:1312:42)

  console.log
    [DB] Migration applied: 031_canonical_knowledge_sync_recovery_lifecycle.sql

      at log (src/db.js:1312:42)

  console.log
    [DB] Migration applied: 032_canonical_schedule_assignment_authority.sql

      at log (src/db.js:1312:42)

  console.log
    [DB] Migration applied: 033_canonical_schedule_time_evidence.sql

      at log (src/db.js:1312:42)

  console.log
    [DB] Migration applied: 034_schedule_availability_conflict_authority.sql

      at log (src/db.js:1312:42)

  console.log
    [DB] Migration applied: 035_schedule_human_preview_approval.sql

      at log (src/db.js:1312:42)

  console.info
    {
      component: 'http',
      event: 'request_completed',
      requestId: '67f843e8-c6e0-4e51-bf82-2ec0c884154b',
      methodClass: 'POST',
      durationMs: 111,
      statusCode: 201
    }

      at write (src/observability/safeLogger.js:178:17)

  console.info
    {
      component: 'http',
      event: 'request_completed',
      requestId: 'c4bd8472-4662-4739-88ef-011740925343',
      methodClass: 'POST',
      durationMs: 172,
      statusCode: 200
    }

      at write (src/observability/safeLogger.js:178:17)

  console.info
    {
      component: 'http',
      event: 'request_completed',
      requestId: 'ddbace7d-fcb3-4d08-91b6-24f80a5bdaf0',
      methodClass: 'POST',
      durationMs: 100,
      statusCode: 201
    }

      at write (src/observability/safeLogger.js:178:17)

  console.info
    {
      component: 'http',
      event: 'request_completed',
      requestId: '2c37a1b2-574f-45b5-bda5-859afd22a4fc',
      methodClass: 'POST',
      durationMs: 129,
      statusCode: 200
    }

      at write (src/observability/safeLogger.js:178:17)

  console.info
    {
      component: 'http',
      event: 'request_completed',
      requestId: '4daa3a5a-12c6-4f13-8019-9cfcec2845ed',
      methodClass: 'POST',
      durationMs: 94,
      statusCode: 201
    }

      at write (src/observability/safeLogger.js:178:17)

  console.info
    {
      component: 'http',
      event: 'request_completed',
      requestId: 'bd78a7c8-d53d-4e29-9ed8-74c52b93e03c',
      methodClass: 'POST',
      durationMs: 122,
      statusCode: 200
    }

      at write (src/observability/safeLogger.js:178:17)

  console.info
    {
      component: 'http',
      event: 'request_completed',
      requestId: '722eab6b-0010-4f98-8ae1-a3169c92e537',
      methodClass: 'PUT',
      durationMs: 118,
      statusCode: 200
    }

      at write (src/observability/safeLogger.js:178:17)

  console.info
    {
      component: 'http',
      event: 'request_completed',
      requestId: 'ccd504bc-f3bf-4004-a0b0-d43a4f309ae6',
      methodClass: 'PUT',
      durationMs: 114,
      statusCode: 200
    }

      at write (src/observability/safeLogger.js:178:17)

  console.info
    {
      component: 'http',
      event: 'request_completed',
      requestId: 'dd0c18d1-ac6f-428d-819f-713dae367386',
      methodClass: 'POST',
      durationMs: 61,
      statusCode: 200
    }

      at write (src/observability/safeLogger.js:178:17)

  console.info
    {
      component: 'http',
      event: 'request_completed',
      requestId: '25450b40-1751-43cf-af99-665dc4847fc6',
      methodClass: 'POST',
      durationMs: 46,
      statusCode: 200
    }

      at write (src/observability/safeLogger.js:178:17)

  console.info
    {
      component: 'http',
      event: 'request_completed',
      requestId: '994d308d-e209-4252-9a9a-2108c9610c5e',
      methodClass: 'POST',
      durationMs: 57,
      statusCode: 200
    }

      at write (src/observability/safeLogger.js:178:17)

  console.info
    {
      component: 'http',
      event: 'request_completed',
      requestId: '91b12628-d830-4799-8fcb-042f8e691e9e',
      methodClass: 'POST',
      durationMs: 64,
      statusCode: 200
    }

      at write (src/observability/safeLogger.js:178:17)

  console.error
    {
      component: 'http',
      event: 'request_failed',
      requestId: 'c016f8b9-426f-4373-90b6-54051572cc35',
      methodClass: 'POST',
      statusCode: 413
    }

      176 |     ...safeFields(fields),
      177 |   };
    > 178 |   console[level](record);
          |                 ^
      179 |   return record;
      180 | }
      181 |

      at write (src/observability/safeLogger.js:178:17)
      at Object.write (src/observability/safeLogger.js:191:10)
      at error (src/middleware/errorHandler.js:22:14)
      at Layer.handle_error (../m22-part3-route-writer/node_modules/express/lib/router/layer.js:71:5)
      at trim_prefix (../m22-part3-route-writer/node_modules/express/lib/router/index.js:326:13)
      at ../m22-part3-route-writer/node_modules/express/lib/router/index.js:286:9
      at router.process_params (../m22-part3-route-writer/node_modules/express/lib/router/index.js:346:12)
      at next (../m22-part3-route-writer/node_modules/express/lib/router/index.js:280:10)
      at Layer.handle_error (../m22-part3-route-writer/node_modules/express/lib/router/layer.js:67:12)
      at trim_prefix (../m22-part3-route-writer/node_modules/express/lib/router/index.js:326:13)
      at ../m22-part3-route-writer/node_modules/express/lib/router/index.js:286:9
      at router.process_params (../m22-part3-route-writer/node_modules/express/lib/router/index.js:346:12)
      at next (../m22-part3-route-writer/node_modules/express/lib/router/index.js:280:10)
      at Layer.handle_error (../m22-part3-route-writer/node_modules/express/lib/router/layer.js:67:12)
      at trim_prefix (../m22-part3-route-writer/node_modules/express/lib/router/index.js:326:13)
      at ../m22-part3-route-writer/node_modules/express/lib/router/index.js:286:9
      at router.process_params (../m22-part3-route-writer/node_modules/express/lib/router/index.js:346:12)
      at next (../m22-part3-route-writer/node_modules/express/lib/router/index.js:280:10)
      at Layer.handle_error (../m22-part3-route-writer/node_modules/express/lib/router/layer.js:67:12)
      at trim_prefix (../m22-part3-route-writer/node_modules/express/lib/router/index.js:326:13)
      at ../m22-part3-route-writer/node_modules/express/lib/router/index.js:286:9
      at router.process_params (../m22-part3-route-writer/node_modules/express/lib/router/index.js:346:12)
      at next (../m22-part3-route-writer/node_modules/express/lib/router/index.js:280:10)
      at Layer.handle_error (../m22-part3-route-writer/node_modules/express/lib/router/layer.js:67:12)
      at trim_prefix (../m22-part3-route-writer/node_modules/express/lib/router/index.js:326:13)
      at ../m22-part3-route-writer/node_modules/express/lib/router/index.js:286:9
      at router.process_params (../m22-part3-route-writer/node_modules/express/lib/router/index.js:346:12)
      at next (../m22-part3-route-writer/node_modules/express/lib/router/index.js:280:10)
      at Layer.handle_error (../m22-part3-route-writer/node_modules/express/lib/router/layer.js:67:12)
      at trim_prefix (../m22-part3-route-writer/node_modules/express/lib/router/index.js:326:13)
      at ../m22-part3-route-writer/node_modules/express/lib/router/index.js:286:9
      at router.process_params (../m22-part3-route-writer/node_modules/express/lib/router/index.js:346:12)
      at next (../m22-part3-route-writer/node_modules/express/lib/router/index.js:280:10)
      at Layer.handle_error (../m22-part3-route-writer/node_modules/express/lib/router/layer.js:67:12)
      at trim_prefix (../m22-part3-route-writer/node_modules/express/lib/router/index.js:326:13)
      at ../m22-part3-route-writer/node_modules/express/lib/router/index.js:286:9
      at router.process_params (../m22-part3-route-writer/node_modules/express/lib/router/index.js:346:12)
      at next (../m22-part3-route-writer/node_modules/express/lib/router/index.js:280:10)
      at Layer.handle_error (../m22-part3-route-writer/node_modules/express/lib/router/layer.js:67:12)
      at trim_prefix (../m22-part3-route-writer/node_modules/express/lib/router/index.js:326:13)
      at ../m22-part3-route-writer/node_modules/express/lib/router/index.js:286:9
      at router.process_params (../m22-part3-route-writer/node_modules/express/lib/router/index.js:346:12)
      at next (../m22-part3-route-writer/node_modules/express/lib/router/index.js:280:10)
      at Layer.handle_error (../m22-part3-route-writer/node_modules/express/lib/router/layer.js:67:12)
      at trim_prefix (../m22-part3-route-writer/node_modules/express/lib/router/index.js:326:13)
      at ../m22-part3-route-writer/node_modules/express/lib/router/index.js:286:9
      at router.process_params (../m22-part3-route-writer/node_modules/express/lib/router/index.js:346:12)
      at next (../m22-part3-route-writer/node_modules/express/lib/router/index.js:280:10)
      at Layer.handle_error (../m22-part3-route-writer/node_modules/express/lib/router/layer.js:67:12)
      at trim_prefix (../m22-part3-route-writer/node_modules/express/lib/router/index.js:326:13)
      at ../m22-part3-route-writer/node_modules/express/lib/router/index.js:286:9
      at router.process_params (../m22-part3-route-writer/node_modules/express/lib/router/index.js:346:12)
      at next (../m22-part3-route-writer/node_modules/express/lib/router/index.js:280:10)
      at Layer.handle_error (../m22-part3-route-writer/node_modules/express/lib/router/layer.js:67:12)
      at trim_prefix (../m22-part3-route-writer/node_modules/express/lib/router/index.js:326:13)
      at ../m22-part3-route-writer/node_modules/express/lib/router/index.js:286:9
      at router.process_params (../m22-part3-route-writer/node_modules/express/lib/router/index.js:346:12)
      at next (../m22-part3-route-writer/node_modules/express/lib/router/index.js:280:10)
      at Layer.handle_error (../m22-part3-route-writer/node_modules/express/lib/router/layer.js:67:12)
      at trim_prefix (../m22-part3-route-writer/node_modules/express/lib/router/index.js:326:13)
      at ../m22-part3-route-writer/node_modules/express/lib/router/index.js:286:9
      at router.process_params (../m22-part3-route-writer/node_modules/express/lib/router/index.js:346:12)
      at next (../m22-part3-route-writer/node_modules/express/lib/router/index.js:280:10)
      at Layer.handle_error (../m22-part3-route-writer/node_modules/express/lib/router/layer.js:67:12)
      at trim_prefix (../m22-part3-route-writer/node_modules/express/lib/router/index.js:326:13)
      at ../m22-part3-route-writer/node_modules/express/lib/router/index.js:286:9
      at router.process_params (../m22-part3-route-writer/node_modules/express/lib/router/index.js:346:12)
      at next (../m22-part3-route-writer/node_modules/express/lib/router/index.js:280:10)
      at Layer.handle_error (../m22-part3-route-writer/node_modules/express/lib/router/layer.js:67:12)
      at trim_prefix (../m22-part3-route-writer/node_modules/express/lib/router/index.js:326:13)
      at ../m22-part3-route-writer/node_modules/express/lib/router/index.js:286:9
      at router.process_params (../m22-part3-route-writer/node_modules/express/lib/router/index.js:346:12)
      at next (../m22-part3-route-writer/node_modules/express/lib/router/index.js:280:10)
      at next (src/scheduling/recommendationHttpBoundary.js:241:25)
      at onfinished (../m22-part3-route-writer/node_modules/body-parser/lib/read.js:102:9)
      at listener (../m22-part3-route-writer/node_modules/on-finished/index.js:170:15)
      at onFinish (../m22-part3-route-writer/node_modules/on-finished/index.js:101:5)
      at callback (../m22-part3-route-writer/node_modules/ee-first/index.js:55:10)
      at IncomingMessage.onevent (../m22-part3-route-writer/node_modules/ee-first/index.js:93:5)

  console.info
    {
      component: 'http',
      event: 'request_completed',
      requestId: '8b37f519-7a69-4bb0-8d36-10ba1f5f2024',
      methodClass: 'POST',
      durationMs: 56,
      statusCode: 200
    }

      at write (src/observability/safeLogger.js:178:17)

  console.error
    {
      component: 'http',
      event: 'request_failed',
      requestId: '192ab0ff-ea34-43ab-a2ca-bf3419e87b10',
      methodClass: 'POST',
      statusCode: 413
    }

      176 |     ...safeFields(fields),
      177 |   };
    > 178 |   console[level](record);
          |                 ^
      179 |   return record;
      180 | }
      181 |

      at write (src/observability/safeLogger.js:178:17)
      at Object.write (src/observability/safeLogger.js:191:10)
      at error (src/middleware/errorHandler.js:22:14)
      at Layer.handle_error (../m22-part3-route-writer/node_modules/express/lib/router/layer.js:71:5)
      at trim_prefix (../m22-part3-route-writer/node_modules/express/lib/router/index.js:326:13)
      at ../m22-part3-route-writer/node_modules/express/lib/router/index.js:286:9
      at router.process_params (../m22-part3-route-writer/node_modules/express/lib/router/index.js:346:12)
      at next (../m22-part3-route-writer/node_modules/express/lib/router/index.js:280:10)
      at Layer.handle_error (../m22-part3-route-writer/node_modules/express/lib/router/layer.js:67:12)
      at trim_prefix (../m22-part3-route-writer/node_modules/express/lib/router/index.js:326:13)
      at ../m22-part3-route-writer/node_modules/express/lib/router/index.js:286:9
      at router.process_params (../m22-part3-route-writer/node_modules/express/lib/router/index.js:346:12)
      at next (../m22-part3-route-writer/node_modules/express/lib/router/index.js:280:10)
      at Layer.handle_error (../m22-part3-route-writer/node_modules/express/lib/router/layer.js:67:12)
      at trim_prefix (../m22-part3-route-writer/node_modules/express/lib/router/index.js:326:13)
      at ../m22-part3-route-writer/node_modules/express/lib/router/index.js:286:9
      at router.process_params (../m22-part3-route-writer/node_modules/express/lib/router/index.js:346:12)
      at next (../m22-part3-route-writer/node_modules/express/lib/router/index.js:280:10)
      at Layer.handle_error (../m22-part3-route-writer/node_modules/express/lib/router/layer.js:67:12)
      at trim_prefix (../m22-part3-route-writer/node_modules/express/lib/router/index.js:326:13)
      at ../m22-part3-route-writer/node_modules/express/lib/router/index.js:286:9
      at router.process_params (../m22-part3-route-writer/node_modules/express/lib/router/index.js:346:12)
      at next (../m22-part3-route-writer/node_modules/express/lib/router/index.js:280:10)
      at Layer.handle_error (../m22-part3-route-writer/node_modules/express/lib/router/layer.js:67:12)
      at trim_prefix (../m22-part3-route-writer/node_modules/express/lib/router/index.js:326:13)
      at ../m22-part3-route-writer/node_modules/express/lib/router/index.js:286:9
      at router.process_params (../m22-part3-route-writer/node_modules/express/lib/router/index.js:346:12)
      at next (../m22-part3-route-writer/node_modules/express/lib/router/index.js:280:10)
      at Layer.handle_error (../m22-part3-route-writer/node_modules/express/lib/router/layer.js:67:12)
      at trim_prefix (../m22-part3-route-writer/node_modules/express/lib/router/index.js:326:13)
      at ../m22-part3-route-writer/node_modules/express/lib/router/index.js:286:9
      at router.process_params (../m22-part3-route-writer/node_modules/express/lib/router/index.js:346:12)
      at next (../m22-part3-route-writer/node_modules/express/lib/router/index.js:280:10)
      at Layer.handle_error (../m22-part3-route-writer/node_modules/express/lib/router/layer.js:67:12)
      at trim_prefix (../m22-part3-route-writer/node_modules/express/lib/router/index.js:326:13)
      at ../m22-part3-route-writer/node_modules/express/lib/router/index.js:286:9
      at router.process_params (../m22-part3-route-writer/node_modules/express/lib/router/index.js:346:12)
      at next (../m22-part3-route-writer/node_modules/express/lib/router/index.js:280:10)
      at Layer.handle_error (../m22-part3-route-writer/node_modules/express/lib/router/layer.js:67:12)
      at trim_prefix (../m22-part3-route-writer/node_modules/express/lib/router/index.js:326:13)
      at ../m22-part3-route-writer/node_modules/express/lib/router/index.js:286:9
      at router.process_params (../m22-part3-route-writer/node_modules/express/lib/router/index.js:346:12)
      at next (../m22-part3-route-writer/node_modules/express/lib/router/index.js:280:10)
      at Layer.handle_error (../m22-part3-route-writer/node_modules/express/lib/router/layer.js:67:12)
      at trim_prefix (../m22-part3-route-writer/node_modules/express/lib/router/index.js:326:13)
      at ../m22-part3-route-writer/node_modules/express/lib/router/index.js:286:9
      at router.process_params (../m22-part3-route-writer/node_modules/express/lib/router/index.js:346:12)
      at next (../m22-part3-route-writer/node_modules/express/lib/router/index.js:280:10)
      at Layer.handle_error (../m22-part3-route-writer/node_modules/express/lib/router/layer.js:67:12)
      at trim_prefix (../m22-part3-route-writer/node_modules/express/lib/router/index.js:326:13)
      at ../m22-part3-route-writer/node_modules/express/lib/router/index.js:286:9
      at router.process_params (../m22-part3-route-writer/node_modules/express/lib/router/index.js:346:12)
      at next (../m22-part3-route-writer/node_modules/express/lib/router/index.js:280:10)
      at Layer.handle_error (../m22-part3-route-writer/node_modules/express/lib/router/layer.js:67:12)
      at trim_prefix (../m22-part3-route-writer/node_modules/express/lib/router/index.js:326:13)
      at ../m22-part3-route-writer/node_modules/express/lib/router/index.js:286:9
      at router.process_params (../m22-part3-route-writer/node_modules/express/lib/router/index.js:346:12)
      at next (../m22-part3-route-writer/node_modules/express/lib/router/index.js:280:10)
      at Layer.handle_error (../m22-part3-route-writer/node_modules/express/lib/router/layer.js:67:12)
      at trim_prefix (../m22-part3-route-writer/node_modules/express/lib/router/index.js:326:13)
      at ../m22-part3-route-writer/node_modules/express/lib/router/index.js:286:9
      at router.process_params (../m22-part3-route-writer/node_modules/express/lib/router/index.js:346:12)
      at next (../m22-part3-route-writer/node_modules/express/lib/router/index.js:280:10)
      at Layer.handle_error (../m22-part3-route-writer/node_modules/express/lib/router/layer.js:67:12)
      at trim_prefix (../m22-part3-route-writer/node_modules/express/lib/router/index.js:326:13)
      at ../m22-part3-route-writer/node_modules/express/lib/router/index.js:286:9
      at router.process_params (../m22-part3-route-writer/node_modules/express/lib/router/index.js:346:12)
      at next (../m22-part3-route-writer/node_modules/express/lib/router/index.js:280:10)
      at Layer.handle_error (../m22-part3-route-writer/node_modules/express/lib/router/layer.js:67:12)
      at trim_prefix (../m22-part3-route-writer/node_modules/express/lib/router/index.js:326:13)
      at ../m22-part3-route-writer/node_modules/express/lib/router/index.js:286:9
      at router.process_params (../m22-part3-route-writer/node_modules/express/lib/router/index.js:346:12)
      at next (../m22-part3-route-writer/node_modules/express/lib/router/index.js:280:10)
      at next (src/scheduling/recommendationHttpBoundary.js:241:25)
      at onfinished (../m22-part3-route-writer/node_modules/body-parser/lib/read.js:102:9)
      at listener (../m22-part3-route-writer/node_modules/on-finished/index.js:170:15)
      at onFinish (../m22-part3-route-writer/node_modules/on-finished/index.js:101:5)
      at callback (../m22-part3-route-writer/node_modules/ee-first/index.js:55:10)
      at IncomingMessage.onevent (../m22-part3-route-writer/node_modules/ee-first/index.js:93:5)

  console.error
    {
      component: 'http',
      event: 'request_failed',
      requestId: '6c5274f5-8dd6-4f67-bcb7-f34fbb04e2d6',
      methodClass: 'POST',
      statusCode: 400
    }

      176 |     ...safeFields(fields),
      177 |   };
    > 178 |   console[level](record);
          |                 ^
      179 |   return record;
      180 | }
      181 |

      at write (src/observability/safeLogger.js:178:17)
      at Object.write (src/observability/safeLogger.js:191:10)
      at error (src/middleware/errorHandler.js:22:14)
      at Layer.handle_error (../m22-part3-route-writer/node_modules/express/lib/router/layer.js:71:5)
      at trim_prefix (../m22-part3-route-writer/node_modules/express/lib/router/index.js:326:13)
      at ../m22-part3-route-writer/node_modules/express/lib/router/index.js:286:9
      at router.process_params (../m22-part3-route-writer/node_modules/express/lib/router/index.js:346:12)
      at next (../m22-part3-route-writer/node_modules/express/lib/router/index.js:280:10)
      at Layer.handle_error (../m22-part3-route-writer/node_modules/express/lib/router/layer.js:67:12)
      at trim_prefix (../m22-part3-route-writer/node_modules/express/lib/router/index.js:326:13)
      at ../m22-part3-route-writer/node_modules/express/lib/router/index.js:286:9
      at router.process_params (../m22-part3-route-writer/node_modules/express/lib/router/index.js:346:12)
      at next (../m22-part3-route-writer/node_modules/express/lib/router/index.js:280:10)
      at Layer.handle_error (../m22-part3-route-writer/node_modules/express/lib/router/layer.js:67:12)
      at trim_prefix (../m22-part3-route-writer/node_modules/express/lib/router/index.js:326:13)
      at ../m22-part3-route-writer/node_modules/express/lib/router/index.js:286:9
      at router.process_params (../m22-part3-route-writer/node_modules/express/lib/router/index.js:346:12)
      at next (../m22-part3-route-writer/node_modules/express/lib/router/index.js:280:10)
      at Layer.handle_error (../m22-part3-route-writer/node_modules/express/lib/router/layer.js:67:12)
      at trim_prefix (../m22-part3-route-writer/node_modules/express/lib/router/index.js:326:13)
      at ../m22-part3-route-writer/node_modules/express/lib/router/index.js:286:9
      at router.process_params (../m22-part3-route-writer/node_modules/express/lib/router/index.js:346:12)
      at next (../m22-part3-route-writer/node_modules/express/lib/router/index.js:280:10)
      at Layer.handle_error (../m22-part3-route-writer/node_modules/express/lib/router/layer.js:67:12)
      at trim_prefix (../m22-part3-route-writer/node_modules/express/lib/router/index.js:326:13)
      at ../m22-part3-route-writer/node_modules/express/lib/router/index.js:286:9
      at router.process_params (../m22-part3-route-writer/node_modules/express/lib/router/index.js:346:12)
      at next (../m22-part3-route-writer/node_modules/express/lib/router/index.js:280:10)
      at Layer.handle_error (../m22-part3-route-writer/node_modules/express/lib/router/layer.js:67:12)
      at trim_prefix (../m22-part3-route-writer/node_modules/express/lib/router/index.js:326:13)
      at ../m22-part3-route-writer/node_modules/express/lib/router/index.js:286:9
      at router.process_params (../m22-part3-route-writer/node_modules/express/lib/router/index.js:346:12)
      at next (../m22-part3-route-writer/node_modules/express/lib/router/index.js:280:10)
      at Layer.handle_error (../m22-part3-route-writer/node_modules/express/lib/router/layer.js:67:12)
      at trim_prefix (../m22-part3-route-writer/node_modules/express/lib/router/index.js:326:13)
      at ../m22-part3-route-writer/node_modules/express/lib/router/index.js:286:9
      at router.process_params (../m22-part3-route-writer/node_modules/express/lib/router/index.js:346:12)
      at next (../m22-part3-route-writer/node_modules/express/lib/router/index.js:280:10)
      at Layer.handle_error (../m22-part3-route-writer/node_modules/express/lib/router/layer.js:67:12)
      at trim_prefix (../m22-part3-route-writer/node_modules/express/lib/router/index.js:326:13)
      at ../m22-part3-route-writer/node_modules/express/lib/router/index.js:286:9
      at router.process_params (../m22-part3-route-writer/node_modules/express/lib/router/index.js:346:12)
      at next (../m22-part3-route-writer/node_modules/express/lib/router/index.js:280:10)
      at Layer.handle_error (../m22-part3-route-writer/node_modules/express/lib/router/layer.js:67:12)
      at trim_prefix (../m22-part3-route-writer/node_modules/express/lib/router/index.js:326:13)
      at ../m22-part3-route-writer/node_modules/express/lib/router/index.js:286:9
      at router.process_params (../m22-part3-route-writer/node_modules/express/lib/router/index.js:346:12)
      at next (../m22-part3-route-writer/node_modules/express/lib/router/index.js:280:10)
      at Layer.handle_error (../m22-part3-route-writer/node_modules/express/lib/router/layer.js:67:12)
      at trim_prefix (../m22-part3-route-writer/node_modules/express/lib/router/index.js:326:13)
      at ../m22-part3-route-writer/node_modules/express/lib/router/index.js:286:9
      at router.process_params (../m22-part3-route-writer/node_modules/express/lib/router/index.js:346:12)
      at next (../m22-part3-route-writer/node_modules/express/lib/router/index.js:280:10)
      at Layer.handle_error (../m22-part3-route-writer/node_modules/express/lib/router/layer.js:67:12)
      at trim_prefix (../m22-part3-route-writer/node_modules/express/lib/router/index.js:326:13)
      at ../m22-part3-route-writer/node_modules/express/lib/router/index.js:286:9
      at router.process_params (../m22-part3-route-writer/node_modules/express/lib/router/index.js:346:12)
      at next (../m22-part3-route-writer/node_modules/express/lib/router/index.js:280:10)
      at Layer.handle_error (../m22-part3-route-writer/node_modules/express/lib/router/layer.js:67:12)
      at trim_prefix (../m22-part3-route-writer/node_modules/express/lib/router/index.js:326:13)
      at ../m22-part3-route-writer/node_modules/express/lib/router/index.js:286:9
      at router.process_params (../m22-part3-route-writer/node_modules/express/lib/router/index.js:346:12)
      at next (../m22-part3-route-writer/node_modules/express/lib/router/index.js:280:10)
      at Layer.handle_error (../m22-part3-route-writer/node_modules/express/lib/router/layer.js:67:12)
      at trim_prefix (../m22-part3-route-writer/node_modules/express/lib/router/index.js:326:13)
      at ../m22-part3-route-writer/node_modules/express/lib/router/index.js:286:9
      at router.process_params (../m22-part3-route-writer/node_modules/express/lib/router/index.js:346:12)
      at next (../m22-part3-route-writer/node_modules/express/lib/router/index.js:280:10)
      at Layer.handle_error (../m22-part3-route-writer/node_modules/express/lib/router/layer.js:67:12)
      at trim_prefix (../m22-part3-route-writer/node_modules/express/lib/router/index.js:326:13)
      at ../m22-part3-route-writer/node_modules/express/lib/router/index.js:286:9
      at router.process_params (../m22-part3-route-writer/node_modules/express/lib/router/index.js:346:12)
      at next (../m22-part3-route-writer/node_modules/express/lib/router/index.js:280:10)
      at next (src/scheduling/recommendationHttpBoundary.js:255:16)
      at ../m22-part3-route-writer/node_modules/body-parser/lib/read.js:137:5
      at invokeCallback (../m22-part3-route-writer/node_modules/raw-body/index.js:238:16)
      at done (../m22-part3-route-writer/node_modules/raw-body/index.js:227:7)
      at IncomingMessage.onEnd (../m22-part3-route-writer/node_modules/raw-body/index.js:287:7)

  console.error
    {
      component: 'http',
      event: 'request_failed',
      requestId: '99a512cc-4380-41cb-82b4-349728e206ed',
      methodClass: 'POST',
      statusCode: 400
    }

      176 |     ...safeFields(fields),
      177 |   };
    > 178 |   console[level](record);
          |                 ^
      179 |   return record;
      180 | }
      181 |

      at write (src/observability/safeLogger.js:178:17)
      at Object.write (src/observability/safeLogger.js:191:10)
      at error (src/middleware/errorHandler.js:22:14)
      at Layer.handle_error (../m22-part3-route-writer/node_modules/express/lib/router/layer.js:71:5)
      at trim_prefix (../m22-part3-route-writer/node_modules/express/lib/router/index.js:326:13)
      at ../m22-part3-route-writer/node_modules/express/lib/router/index.js:286:9
      at router.process_params (../m22-part3-route-writer/node_modules/express/lib/router/index.js:346:12)
      at next (../m22-part3-route-writer/node_modules/express/lib/router/index.js:280:10)
      at Layer.handle_error (../m22-part3-route-writer/node_modules/express/lib/router/layer.js:67:12)
      at trim_prefix (../m22-part3-route-writer/node_modules/express/lib/router/index.js:326:13)
      at ../m22-part3-route-writer/node_modules/express/lib/router/index.js:286:9
      at router.process_params (../m22-part3-route-writer/node_modules/express/lib/router/index.js:346:12)
      at next (../m22-part3-route-writer/node_modules/express/lib/router/index.js:280:10)
      at Layer.handle_error (../m22-part3-route-writer/node_modules/express/lib/router/layer.js:67:12)
      at trim_prefix (../m22-part3-route-writer/node_modules/express/lib/router/index.js:326:13)
      at ../m22-part3-route-writer/node_modules/express/lib/router/index.js:286:9
      at router.process_params (../m22-part3-route-writer/node_modules/express/lib/router/index.js:346:12)
      at next (../m22-part3-route-writer/node_modules/express/lib/router/index.js:280:10)
      at Layer.handle_error (../m22-part3-route-writer/node_modules/express/lib/router/layer.js:67:12)
      at trim_prefix (../m22-part3-route-writer/node_modules/express/lib/router/index.js:326:13)
      at ../m22-part3-route-writer/node_modules/express/lib/router/index.js:286:9
      at router.process_params (../m22-part3-route-writer/node_modules/express/lib/router/index.js:346:12)
      at next (../m22-part3-route-writer/node_modules/express/lib/router/index.js:280:10)
      at Layer.handle_error (../m22-part3-route-writer/node_modules/express/lib/router/layer.js:67:12)
      at trim_prefix (../m22-part3-route-writer/node_modules/express/lib/router/index.js:326:13)
      at ../m22-part3-route-writer/node_modules/express/lib/router/index.js:286:9
      at router.process_params (../m22-part3-route-writer/node_modules/express/lib/router/index.js:346:12)
      at next (../m22-part3-route-writer/node_modules/express/lib/router/index.js:280:10)
      at Layer.handle_error (../m22-part3-route-writer/node_modules/express/lib/router/layer.js:67:12)
      at trim_prefix (../m22-part3-route-writer/node_modules/express/lib/router/index.js:326:13)
      at ../m22-part3-route-writer/node_modules/express/lib/router/index.js:286:9
      at router.process_params (../m22-part3-route-writer/node_modules/express/lib/router/index.js:346:12)
      at next (../m22-part3-route-writer/node_modules/express/lib/router/index.js:280:10)
      at Layer.handle_error (../m22-part3-route-writer/node_modules/express/lib/router/layer.js:67:12)
      at trim_prefix (../m22-part3-route-writer/node_modules/express/lib/router/index.js:326:13)
      at ../m22-part3-route-writer/node_modules/express/lib/router/index.js:286:9
      at router.process_params (../m22-part3-route-writer/node_modules/express/lib/router/index.js:346:12)
      at next (../m22-part3-route-writer/node_modules/express/lib/router/index.js:280:10)
      at Layer.handle_error (../m22-part3-route-writer/node_modules/express/lib/router/layer.js:67:12)
      at trim_prefix (../m22-part3-route-writer/node_modules/express/lib/router/index.js:326:13)
      at ../m22-part3-route-writer/node_modules/express/lib/router/index.js:286:9
      at router.process_params (../m22-part3-route-writer/node_modules/express/lib/router/index.js:346:12)
      at next (../m22-part3-route-writer/node_modules/express/lib/router/index.js:280:10)
      at Layer.handle_error (../m22-part3-route-writer/node_modules/express/lib/router/layer.js:67:12)
      at trim_prefix (../m22-part3-route-writer/node_modules/express/lib/router/index.js:326:13)
      at ../m22-part3-route-writer/node_modules/express/lib/router/index.js:286:9
      at router.process_params (../m22-part3-route-writer/node_modules/express/lib/router/index.js:346:12)
      at next (../m22-part3-route-writer/node_modules/express/lib/router/index.js:280:10)
      at Layer.handle_error (../m22-part3-route-writer/node_modules/express/lib/router/layer.js:67:12)
      at trim_prefix (../m22-part3-route-writer/node_modules/express/lib/router/index.js:326:13)
      at ../m22-part3-route-writer/node_modules/express/lib/router/index.js:286:9
      at router.process_params (../m22-part3-route-writer/node_modules/express/lib/router/index.js:346:12)
      at next (../m22-part3-route-writer/node_modules/express/lib/router/index.js:280:10)
      at Layer.handle_error (../m22-part3-route-writer/node_modules/express/lib/router/layer.js:67:12)
      at trim_prefix (../m22-part3-route-writer/node_modules/express/lib/router/index.js:326:13)
      at ../m22-part3-route-writer/node_modules/express/lib/router/index.js:286:9
      at router.process_params (../m22-part3-route-writer/node_modules/express/lib/router/index.js:346:12)
      at next (../m22-part3-route-writer/node_modules/express/lib/router/index.js:280:10)
      at Layer.handle_error (../m22-part3-route-writer/node_modules/express/lib/router/layer.js:67:12)
      at trim_prefix (../m22-part3-route-writer/node_modules/express/lib/router/index.js:326:13)
      at ../m22-part3-route-writer/node_modules/express/lib/router/index.js:286:9
      at router.process_params (../m22-part3-route-writer/node_modules/express/lib/router/index.js:346:12)
      at next (../m22-part3-route-writer/node_modules/express/lib/router/index.js:280:10)
      at Layer.handle_error (../m22-part3-route-writer/node_modules/express/lib/router/layer.js:67:12)
      at trim_prefix (../m22-part3-route-writer/node_modules/express/lib/router/index.js:326:13)
      at ../m22-part3-route-writer/node_modules/express/lib/router/index.js:286:9
      at router.process_params (../m22-part3-route-writer/node_modules/express/lib/router/index.js:346:12)
      at next (../m22-part3-route-writer/node_modules/express/lib/router/index.js:280:10)
      at Layer.handle_error (../m22-part3-route-writer/node_modules/express/lib/router/layer.js:67:12)
      at trim_prefix (../m22-part3-route-writer/node_modules/express/lib/router/index.js:326:13)
      at ../m22-part3-route-writer/node_modules/express/lib/router/index.js:286:9
      at router.process_params (../m22-part3-route-writer/node_modules/express/lib/router/index.js:346:12)
      at next (../m22-part3-route-writer/node_modules/express/lib/router/index.js:280:10)
      at next (src/scheduling/recommendationHttpBoundary.js:255:16)
      at ../m22-part3-route-writer/node_modules/body-parser/lib/read.js:137:5
      at invokeCallback (../m22-part3-route-writer/node_modules/raw-body/index.js:238:16)
      at done (../m22-part3-route-writer/node_modules/raw-body/index.js:227:7)
      at IncomingMessage.onEnd (../m22-part3-route-writer/node_modules/raw-body/index.js:287:7)

  console.error
    {
      component: 'http',
      event: 'request_failed',
      requestId: '3c49ea63-82e3-466f-a8af-2e89b2c31e6b',
      methodClass: 'POST',
      statusCode: 400
    }

      176 |     ...safeFields(fields),
      177 |   };
    > 178 |   console[level](record);
          |                 ^
      179 |   return record;
      180 | }
      181 |

      at write (src/observability/safeLogger.js:178:17)
      at Object.write (src/observability/safeLogger.js:191:10)
      at error (src/middleware/errorHandler.js:22:14)
      at Layer.handle_error (../m22-part3-route-writer/node_modules/express/lib/router/layer.js:71:5)
      at trim_prefix (../m22-part3-route-writer/node_modules/express/lib/router/index.js:326:13)
      at ../m22-part3-route-writer/node_modules/express/lib/router/index.js:286:9
      at router.process_params (../m22-part3-route-writer/node_modules/express/lib/router/index.js:346:12)
      at next (../m22-part3-route-writer/node_modules/express/lib/router/index.js:280:10)
      at Layer.handle_error (../m22-part3-route-writer/node_modules/express/lib/router/layer.js:67:12)
      at trim_prefix (../m22-part3-route-writer/node_modules/express/lib/router/index.js:326:13)
      at ../m22-part3-route-writer/node_modules/express/lib/router/index.js:286:9
      at router.process_params (../m22-part3-route-writer/node_modules/express/lib/router/index.js:346:12)
      at next (../m22-part3-route-writer/node_modules/express/lib/router/index.js:280:10)
      at Layer.handle_error (../m22-part3-route-writer/node_modules/express/lib/router/layer.js:67:12)
      at trim_prefix (../m22-part3-route-writer/node_modules/express/lib/router/index.js:326:13)
      at ../m22-part3-route-writer/node_modules/express/lib/router/index.js:286:9
      at router.process_params (../m22-part3-route-writer/node_modules/express/lib/router/index.js:346:12)
      at next (../m22-part3-route-writer/node_modules/express/lib/router/index.js:280:10)
      at Layer.handle_error (../m22-part3-route-writer/node_modules/express/lib/router/layer.js:67:12)
      at trim_prefix (../m22-part3-route-writer/node_modules/express/lib/router/index.js:326:13)
      at ../m22-part3-route-writer/node_modules/express/lib/router/index.js:286:9
      at router.process_params (../m22-part3-route-writer/node_modules/express/lib/router/index.js:346:12)
      at next (../m22-part3-route-writer/node_modules/express/lib/router/index.js:280:10)
      at Layer.handle_error (../m22-part3-route-writer/node_modules/express/lib/router/layer.js:67:12)
      at trim_prefix (../m22-part3-route-writer/node_modules/express/lib/router/index.js:326:13)
      at ../m22-part3-route-writer/node_modules/express/lib/router/index.js:286:9
      at router.process_params (../m22-part3-route-writer/node_modules/express/lib/router/index.js:346:12)
      at next (../m22-part3-route-writer/node_modules/express/lib/router/index.js:280:10)
      at Layer.handle_error (../m22-part3-route-writer/node_modules/express/lib/router/layer.js:67:12)
      at trim_prefix (../m22-part3-route-writer/node_modules/express/lib/router/index.js:326:13)
      at ../m22-part3-route-writer/node_modules/express/lib/router/index.js:286:9
      at router.process_params (../m22-part3-route-writer/node_modules/express/lib/router/index.js:346:12)
      at next (../m22-part3-route-writer/node_modules/express/lib/router/index.js:280:10)
      at Layer.handle_error (../m22-part3-route-writer/node_modules/express/lib/router/layer.js:67:12)
      at trim_prefix (../m22-part3-route-writer/node_modules/express/lib/router/index.js:326:13)
      at ../m22-part3-route-writer/node_modules/express/lib/router/index.js:286:9
      at router.process_params (../m22-part3-route-writer/node_modules/express/lib/router/index.js:346:12)
      at next (../m22-part3-route-writer/node_modules/express/lib/router/index.js:280:10)
      at Layer.handle_error (../m22-part3-route-writer/node_modules/express/lib/router/layer.js:67:12)
      at trim_prefix (../m22-part3-route-writer/node_modules/express/lib/router/index.js:326:13)
      at ../m22-part3-route-writer/node_modules/express/lib/router/index.js:286:9
      at router.process_params (../m22-part3-route-writer/node_modules/express/lib/router/index.js:346:12)
      at next (../m22-part3-route-writer/node_modules/express/lib/router/index.js:280:10)
      at Layer.handle_error (../m22-part3-route-writer/node_modules/express/lib/router/layer.js:67:12)
      at trim_prefix (../m22-part3-route-writer/node_modules/express/lib/router/index.js:326:13)
      at ../m22-part3-route-writer/node_modules/express/lib/router/index.js:286:9
      at router.process_params (../m22-part3-route-writer/node_modules/express/lib/router/index.js:346:12)
      at next (../m22-part3-route-writer/node_modules/express/lib/router/index.js:280:10)
      at Layer.handle_error (../m22-part3-route-writer/node_modules/express/lib/router/layer.js:67:12)
      at trim_prefix (../m22-part3-route-writer/node_modules/express/lib/router/index.js:326:13)
      at ../m22-part3-route-writer/node_modules/express/lib/router/index.js:286:9
      at router.process_params (../m22-part3-route-writer/node_modules/express/lib/router/index.js:346:12)
      at next (../m22-part3-route-writer/node_modules/express/lib/router/index.js:280:10)
      at Layer.handle_error (../m22-part3-route-writer/node_modules/express/lib/router/layer.js:67:12)
      at trim_prefix (../m22-part3-route-writer/node_modules/express/lib/router/index.js:326:13)
      at ../m22-part3-route-writer/node_modules/express/lib/router/index.js:286:9
      at router.process_params (../m22-part3-route-writer/node_modules/express/lib/router/index.js:346:12)
      at next (../m22-part3-route-writer/node_modules/express/lib/router/index.js:280:10)
      at Layer.handle_error (../m22-part3-route-writer/node_modules/express/lib/router/layer.js:67:12)
      at trim_prefix (../m22-part3-route-writer/node_modules/express/lib/router/index.js:326:13)
      at ../m22-part3-route-writer/node_modules/express/lib/router/index.js:286:9
      at router.process_params (../m22-part3-route-writer/node_modules/express/lib/router/index.js:346:12)
      at next (../m22-part3-route-writer/node_modules/express/lib/router/index.js:280:10)
      at Layer.handle_error (../m22-part3-route-writer/node_modules/express/lib/router/layer.js:67:12)
      at trim_prefix (../m22-part3-route-writer/node_modules/express/lib/router/index.js:326:13)
      at ../m22-part3-route-writer/node_modules/express/lib/router/index.js:286:9
      at router.process_params (../m22-part3-route-writer/node_modules/express/lib/router/index.js:346:12)
      at next (../m22-part3-route-writer/node_modules/express/lib/router/index.js:280:10)
      at Layer.handle_error (../m22-part3-route-writer/node_modules/express/lib/router/layer.js:67:12)
      at trim_prefix (../m22-part3-route-writer/node_modules/express/lib/router/index.js:326:13)
      at ../m22-part3-route-writer/node_modules/express/lib/router/index.js:286:9
      at router.process_params (../m22-part3-route-writer/node_modules/express/lib/router/index.js:346:12)
      at next (../m22-part3-route-writer/node_modules/express/lib/router/index.js:280:10)
      at next (src/scheduling/recommendationHttpBoundary.js:255:16)
      at ../m22-part3-route-writer/node_modules/body-parser/lib/read.js:137:5
      at invokeCallback (../m22-part3-route-writer/node_modules/raw-body/index.js:238:16)
      at done (../m22-part3-route-writer/node_modules/raw-body/index.js:227:7)
      at IncomingMessage.onEnd (../m22-part3-route-writer/node_modules/raw-body/index.js:287:7)

  console.error
    {
      component: 'http',
      event: 'request_failed',
      requestId: '1da9c95c-9c42-49a5-9fc4-1a9d6fbd5f7d',
      methodClass: 'POST',
      statusCode: 400
    }

      176 |     ...safeFields(fields),
      177 |   };
    > 178 |   console[level](record);
          |                 ^
      179 |   return record;
      180 | }
      181 |

      at write (src/observability/safeLogger.js:178:17)
      at Object.write (src/observability/safeLogger.js:191:10)
      at error (src/middleware/errorHandler.js:22:14)
      at Layer.handle_error (../m22-part3-route-writer/node_modules/express/lib/router/layer.js:71:5)
      at trim_prefix (../m22-part3-route-writer/node_modules/express/lib/router/index.js:326:13)
      at ../m22-part3-route-writer/node_modules/express/lib/router/index.js:286:9
      at router.process_params (../m22-part3-route-writer/node_modules/express/lib/router/index.js:346:12)
      at next (../m22-part3-route-writer/node_modules/express/lib/router/index.js:280:10)
      at Layer.handle_error (../m22-part3-route-writer/node_modules/express/lib/router/layer.js:67:12)
      at trim_prefix (../m22-part3-route-writer/node_modules/express/lib/router/index.js:326:13)
      at ../m22-part3-route-writer/node_modules/express/lib/router/index.js:286:9
      at router.process_params (../m22-part3-route-writer/node_modules/express/lib/router/index.js:346:12)
      at next (../m22-part3-route-writer/node_modules/express/lib/router/index.js:280:10)
      at Layer.handle_error (../m22-part3-route-writer/node_modules/express/lib/router/layer.js:67:12)
      at trim_prefix (../m22-part3-route-writer/node_modules/express/lib/router/index.js:326:13)
      at ../m22-part3-route-writer/node_modules/express/lib/router/index.js:286:9
      at router.process_params (../m22-part3-route-writer/node_modules/express/lib/router/index.js:346:12)
      at next (../m22-part3-route-writer/node_modules/express/lib/router/index.js:280:10)
      at Layer.handle_error (../m22-part3-route-writer/node_modules/express/lib/router/layer.js:67:12)
      at trim_prefix (../m22-part3-route-writer/node_modules/express/lib/router/index.js:326:13)
      at ../m22-part3-route-writer/node_modules/express/lib/router/index.js:286:9
      at router.process_params (../m22-part3-route-writer/node_modules/express/lib/router/index.js:346:12)
      at next (../m22-part3-route-writer/node_modules/express/lib/router/index.js:280:10)
      at Layer.handle_error (../m22-part3-route-writer/node_modules/express/lib/router/layer.js:67:12)
      at trim_prefix (../m22-part3-route-writer/node_modules/express/lib/router/index.js:326:13)
      at ../m22-part3-route-writer/node_modules/express/lib/router/index.js:286:9
      at router.process_params (../m22-part3-route-writer/node_modules/express/lib/router/index.js:346:12)
      at next (../m22-part3-route-writer/node_modules/express/lib/router/index.js:280:10)
      at Layer.handle_error (../m22-part3-route-writer/node_modules/express/lib/router/layer.js:67:12)
      at trim_prefix (../m22-part3-route-writer/node_modules/express/lib/router/index.js:326:13)
      at ../m22-part3-route-writer/node_modules/express/lib/router/index.js:286:9
      at router.process_params (../m22-part3-route-writer/node_modules/express/lib/router/index.js:346:12)
      at next (../m22-part3-route-writer/node_modules/express/lib/router/index.js:280:10)
      at Layer.handle_error (../m22-part3-route-writer/node_modules/express/lib/router/layer.js:67:12)
      at trim_prefix (../m22-part3-route-writer/node_modules/express/lib/router/index.js:326:13)
      at ../m22-part3-route-writer/node_modules/express/lib/router/index.js:286:9
      at router.process_params (../m22-part3-route-writer/node_modules/express/lib/router/index.js:346:12)
      at next (../m22-part3-route-writer/node_modules/express/lib/router/index.js:280:10)
      at Layer.handle_error (../m22-part3-route-writer/node_modules/express/lib/router/layer.js:67:12)
      at trim_prefix (../m22-part3-route-writer/node_modules/express/lib/router/index.js:326:13)
      at ../m22-part3-route-writer/node_modules/express/lib/router/index.js:286:9
      at router.process_params (../m22-part3-route-writer/node_modules/express/lib/router/index.js:346:12)
      at next (../m22-part3-route-writer/node_modules/express/lib/router/index.js:280:10)
      at Layer.handle_error (../m22-part3-route-writer/node_modules/express/lib/router/layer.js:67:12)
      at trim_prefix (../m22-part3-route-writer/node_modules/express/lib/router/index.js:326:13)
      at ../m22-part3-route-writer/node_modules/express/lib/router/index.js:286:9
      at router.process_params (../m22-part3-route-writer/node_modules/express/lib/router/index.js:346:12)
      at next (../m22-part3-route-writer/node_modules/express/lib/router/index.js:280:10)
      at Layer.handle_error (../m22-part3-route-writer/node_modules/express/lib/router/layer.js:67:12)
      at trim_prefix (../m22-part3-route-writer/node_modules/express/lib/router/index.js:326:13)
      at ../m22-part3-route-writer/node_modules/express/lib/router/index.js:286:9
      at router.process_params (../m22-part3-route-writer/node_modules/express/lib/router/index.js:346:12)
      at next (../m22-part3-route-writer/node_modules/express/lib/router/index.js:280:10)
      at Layer.handle_error (../m22-part3-route-writer/node_modules/express/lib/router/layer.js:67:12)
      at trim_prefix (../m22-part3-route-writer/node_modules/express/lib/router/index.js:326:13)
      at ../m22-part3-route-writer/node_modules/express/lib/router/index.js:286:9
      at router.process_params (../m22-part3-route-writer/node_modules/express/lib/router/index.js:346:12)
      at next (../m22-part3-route-writer/node_modules/express/lib/router/index.js:280:10)
      at Layer.handle_error (../m22-part3-route-writer/node_modules/express/lib/router/layer.js:67:12)
      at trim_prefix (../m22-part3-route-writer/node_modules/express/lib/router/index.js:326:13)
      at ../m22-part3-route-writer/node_modules/express/lib/router/index.js:286:9
      at router.process_params (../m22-part3-route-writer/node_modules/express/lib/router/index.js:346:12)
      at next (../m22-part3-route-writer/node_modules/express/lib/router/index.js:280:10)
      at Layer.handle_error (../m22-part3-route-writer/node_modules/express/lib/router/layer.js:67:12)
      at trim_prefix (../m22-part3-route-writer/node_modules/express/lib/router/index.js:326:13)
      at ../m22-part3-route-writer/node_modules/express/lib/router/index.js:286:9
      at router.process_params (../m22-part3-route-writer/node_modules/express/lib/router/index.js:346:12)
      at next (../m22-part3-route-writer/node_modules/express/lib/router/index.js:280:10)
      at Layer.handle_error (../m22-part3-route-writer/node_modules/express/lib/router/layer.js:67:12)
      at trim_prefix (../m22-part3-route-writer/node_modules/express/lib/router/index.js:326:13)
      at ../m22-part3-route-writer/node_modules/express/lib/router/index.js:286:9
      at router.process_params (../m22-part3-route-writer/node_modules/express/lib/router/index.js:346:12)
      at next (../m22-part3-route-writer/node_modules/express/lib/router/index.js:280:10)
      at next (src/scheduling/recommendationHttpBoundary.js:255:16)
      at ../m22-part3-route-writer/node_modules/body-parser/lib/read.js:137:5
      at invokeCallback (../m22-part3-route-writer/node_modules/raw-body/index.js:238:16)
      at done (../m22-part3-route-writer/node_modules/raw-body/index.js:227:7)
      at IncomingMessage.onEnd (../m22-part3-route-writer/node_modules/raw-body/index.js:287:7)

  console.error
    {
      component: 'http',
      event: 'request_failed',
      requestId: '31cca408-f4c7-47a8-80dd-52a36ba53a6f',
      methodClass: 'POST',
      statusCode: 400
    }

      176 |     ...safeFields(fields),
      177 |   };
    > 178 |   console[level](record);
          |                 ^
      179 |   return record;
      180 | }
      181 |

      at write (src/observability/safeLogger.js:178:17)
      at Object.write (src/observability/safeLogger.js:191:10)
      at error (src/middleware/errorHandler.js:22:14)
      at Layer.handle_error (../m22-part3-route-writer/node_modules/express/lib/router/layer.js:71:5)
      at trim_prefix (../m22-part3-route-writer/node_modules/express/lib/router/index.js:326:13)
      at ../m22-part3-route-writer/node_modules/express/lib/router/index.js:286:9
      at router.process_params (../m22-part3-route-writer/node_modules/express/lib/router/index.js:346:12)
      at next (../m22-part3-route-writer/node_modules/express/lib/router/index.js:280:10)
      at Layer.handle_error (../m22-part3-route-writer/node_modules/express/lib/router/layer.js:67:12)
      at trim_prefix (../m22-part3-route-writer/node_modules/express/lib/router/index.js:326:13)
      at ../m22-part3-route-writer/node_modules/express/lib/router/index.js:286:9
      at router.process_params (../m22-part3-route-writer/node_modules/express/lib/router/index.js:346:12)
      at next (../m22-part3-route-writer/node_modules/express/lib/router/index.js:280:10)
      at Layer.handle_error (../m22-part3-route-writer/node_modules/express/lib/router/layer.js:67:12)
      at trim_prefix (../m22-part3-route-writer/node_modules/express/lib/router/index.js:326:13)
      at ../m22-part3-route-writer/node_modules/express/lib/router/index.js:286:9
      at router.process_params (../m22-part3-route-writer/node_modules/express/lib/router/index.js:346:12)
      at next (../m22-part3-route-writer/node_modules/express/lib/router/index.js:280:10)
      at Layer.handle_error (../m22-part3-route-writer/node_modules/express/lib/router/layer.js:67:12)
      at trim_prefix (../m22-part3-route-writer/node_modules/express/lib/router/index.js:326:13)
      at ../m22-part3-route-writer/node_modules/express/lib/router/index.js:286:9
      at router.process_params (../m22-part3-route-writer/node_modules/express/lib/router/index.js:346:12)
      at next (../m22-part3-route-writer/node_modules/express/lib/router/index.js:280:10)
      at Layer.handle_error (../m22-part3-route-writer/node_modules/express/lib/router/layer.js:67:12)
      at trim_prefix (../m22-part3-route-writer/node_modules/express/lib/router/index.js:326:13)
      at ../m22-part3-route-writer/node_modules/express/lib/router/index.js:286:9
      at router.process_params (../m22-part3-route-writer/node_modules/express/lib/router/index.js:346:12)
      at next (../m22-part3-route-writer/node_modules/express/lib/router/index.js:280:10)
      at Layer.handle_error (../m22-part3-route-writer/node_modules/express/lib/router/layer.js:67:12)
      at trim_prefix (../m22-part3-route-writer/node_modules/express/lib/router/index.js:326:13)
      at ../m22-part3-route-writer/node_modules/express/lib/router/index.js:286:9
      at router.process_params (../m22-part3-route-writer/node_modules/express/lib/router/index.js:346:12)
      at next (../m22-part3-route-writer/node_modules/express/lib/router/index.js:280:10)
      at Layer.handle_error (../m22-part3-route-writer/node_modules/express/lib/router/layer.js:67:12)
      at trim_prefix (../m22-part3-route-writer/node_modules/express/lib/router/index.js:326:13)
      at ../m22-part3-route-writer/node_modules/express/lib/router/index.js:286:9
      at router.process_params (../m22-part3-route-writer/node_modules/express/lib/router/index.js:346:12)
      at next (../m22-part3-route-writer/node_modules/express/lib/router/index.js:280:10)
      at Layer.handle_error (../m22-part3-route-writer/node_modules/express/lib/router/layer.js:67:12)
      at trim_prefix (../m22-part3-route-writer/node_modules/express/lib/router/index.js:326:13)
      at ../m22-part3-route-writer/node_modules/express/lib/router/index.js:286:9
      at router.process_params (../m22-part3-route-writer/node_modules/express/lib/router/index.js:346:12)
      at next (../m22-part3-route-writer/node_modules/express/lib/router/index.js:280:10)
      at Layer.handle_error (../m22-part3-route-writer/node_modules/express/lib/router/layer.js:67:12)
      at trim_prefix (../m22-part3-route-writer/node_modules/express/lib/router/index.js:326:13)
      at ../m22-part3-route-writer/node_modules/express/lib/router/index.js:286:9
      at router.process_params (../m22-part3-route-writer/node_modules/express/lib/router/index.js:346:12)
      at next (../m22-part3-route-writer/node_modules/express/lib/router/index.js:280:10)
      at Layer.handle_error (../m22-part3-route-writer/node_modules/express/lib/router/layer.js:67:12)
      at trim_prefix (../m22-part3-route-writer/node_modules/express/lib/router/index.js:326:13)
      at ../m22-part3-route-writer/node_modules/express/lib/router/index.js:286:9
      at router.process_params (../m22-part3-route-writer/node_modules/express/lib/router/index.js:346:12)
      at next (../m22-part3-route-writer/node_modules/express/lib/router/index.js:280:10)
      at Layer.handle_error (../m22-part3-route-writer/node_modules/express/lib/router/layer.js:67:12)
      at trim_prefix (../m22-part3-route-writer/node_modules/express/lib/router/index.js:326:13)
      at ../m22-part3-route-writer/node_modules/express/lib/router/index.js:286:9
      at router.process_params (../m22-part3-route-writer/node_modules/express/lib/router/index.js:346:12)
      at next (../m22-part3-route-writer/node_modules/express/lib/router/index.js:280:10)
      at Layer.handle_error (../m22-part3-route-writer/node_modules/express/lib/router/layer.js:67:12)
      at trim_prefix (../m22-part3-route-writer/node_modules/express/lib/router/index.js:326:13)
      at ../m22-part3-route-writer/node_modules/express/lib/router/index.js:286:9
      at router.process_params (../m22-part3-route-writer/node_modules/express/lib/router/index.js:346:12)
      at next (../m22-part3-route-writer/node_modules/express/lib/router/index.js:280:10)
      at Layer.handle_error (../m22-part3-route-writer/node_modules/express/lib/router/layer.js:67:12)
      at trim_prefix (../m22-part3-route-writer/node_modules/express/lib/router/index.js:326:13)
      at ../m22-part3-route-writer/node_modules/express/lib/router/index.js:286:9
      at router.process_params (../m22-part3-route-writer/node_modules/express/lib/router/index.js:346:12)
      at next (../m22-part3-route-writer/node_modules/express/lib/router/index.js:280:10)
      at Layer.handle_error (../m22-part3-route-writer/node_modules/express/lib/router/layer.js:67:12)
      at trim_prefix (../m22-part3-route-writer/node_modules/express/lib/router/index.js:326:13)
      at ../m22-part3-route-writer/node_modules/express/lib/router/index.js:286:9
      at router.process_params (../m22-part3-route-writer/node_modules/express/lib/router/index.js:346:12)
      at next (../m22-part3-route-writer/node_modules/express/lib/router/index.js:280:10)
      at next (src/scheduling/recommendationHttpBoundary.js:255:16)
      at ../m22-part3-route-writer/node_modules/body-parser/lib/read.js:137:5
      at invokeCallback (../m22-part3-route-writer/node_modules/raw-body/index.js:238:16)
      at done (../m22-part3-route-writer/node_modules/raw-body/index.js:227:7)
      at IncomingMessage.onEnd (../m22-part3-route-writer/node_modules/raw-body/index.js:287:7)

  console.error
    {
      component: 'http',
      event: 'request_failed',
      requestId: '3bb86a43-9afd-45bd-ab72-014b11f59d27',
      methodClass: 'POST',
      statusCode: 400
    }

      176 |     ...safeFields(fields),
      177 |   };
    > 178 |   console[level](record);
          |                 ^
      179 |   return record;
      180 | }
      181 |

      at write (src/observability/safeLogger.js:178:17)
      at Object.write (src/observability/safeLogger.js:191:10)
      at error (src/middleware/errorHandler.js:22:14)
      at Layer.handle_error (../m22-part3-route-writer/node_modules/express/lib/router/layer.js:71:5)
      at trim_prefix (../m22-part3-route-writer/node_modules/express/lib/router/index.js:326:13)
      at ../m22-part3-route-writer/node_modules/express/lib/router/index.js:286:9
      at router.process_params (../m22-part3-route-writer/node_modules/express/lib/router/index.js:346:12)
      at next (../m22-part3-route-writer/node_modules/express/lib/router/index.js:280:10)
      at Layer.handle_error (../m22-part3-route-writer/node_modules/express/lib/router/layer.js:67:12)
      at trim_prefix (../m22-part3-route-writer/node_modules/express/lib/router/index.js:326:13)
      at ../m22-part3-route-writer/node_modules/express/lib/router/index.js:286:9
      at router.process_params (../m22-part3-route-writer/node_modules/express/lib/router/index.js:346:12)
      at next (../m22-part3-route-writer/node_modules/express/lib/router/index.js:280:10)
      at Layer.handle_error (../m22-part3-route-writer/node_modules/express/lib/router/layer.js:67:12)
      at trim_prefix (../m22-part3-route-writer/node_modules/express/lib/router/index.js:326:13)
      at ../m22-part3-route-writer/node_modules/express/lib/router/index.js:286:9
      at router.process_params (../m22-part3-route-writer/node_modules/express/lib/router/index.js:346:12)
      at next (../m22-part3-route-writer/node_modules/express/lib/router/index.js:280:10)
      at Layer.handle_error (../m22-part3-route-writer/node_modules/express/lib/router/layer.js:67:12)
      at trim_prefix (../m22-part3-route-writer/node_modules/express/lib/router/index.js:326:13)
      at ../m22-part3-route-writer/node_modules/express/lib/router/index.js:286:9
      at router.process_params (../m22-part3-route-writer/node_modules/express/lib/router/index.js:346:12)
      at next (../m22-part3-route-writer/node_modules/express/lib/router/index.js:280:10)
      at Layer.handle_error (../m22-part3-route-writer/node_modules/express/lib/router/layer.js:67:12)
      at trim_prefix (../m22-part3-route-writer/node_modules/express/lib/router/index.js:326:13)
      at ../m22-part3-route-writer/node_modules/express/lib/router/index.js:286:9
      at router.process_params (../m22-part3-route-writer/node_modules/express/lib/router/index.js:346:12)
      at next (../m22-part3-route-writer/node_modules/express/lib/router/index.js:280:10)
      at Layer.handle_error (../m22-part3-route-writer/node_modules/express/lib/router/layer.js:67:12)
      at trim_prefix (../m22-part3-route-writer/node_modules/express/lib/router/index.js:326:13)
      at ../m22-part3-route-writer/node_modules/express/lib/router/index.js:286:9
      at router.process_params (../m22-part3-route-writer/node_modules/express/lib/router/index.js:346:12)
      at next (../m22-part3-route-writer/node_modules/express/lib/router/index.js:280:10)
      at Layer.handle_error (../m22-part3-route-writer/node_modules/express/lib/router/layer.js:67:12)
      at trim_prefix (../m22-part3-route-writer/node_modules/express/lib/router/index.js:326:13)
      at ../m22-part3-route-writer/node_modules/express/lib/router/index.js:286:9
      at router.process_params (../m22-part3-route-writer/node_modules/express/lib/router/index.js:346:12)
      at next (../m22-part3-route-writer/node_modules/express/lib/router/index.js:280:10)
      at Layer.handle_error (../m22-part3-route-writer/node_modules/express/lib/router/layer.js:67:12)
      at trim_prefix (../m22-part3-route-writer/node_modules/express/lib/router/index.js:326:13)
      at ../m22-part3-route-writer/node_modules/express/lib/router/index.js:286:9
      at router.process_params (../m22-part3-route-writer/node_modules/express/lib/router/index.js:346:12)
      at next (../m22-part3-route-writer/node_modules/express/lib/router/index.js:280:10)
      at Layer.handle_error (../m22-part3-route-writer/node_modules/express/lib/router/layer.js:67:12)
      at trim_prefix (../m22-part3-route-writer/node_modules/express/lib/router/index.js:326:13)
      at ../m22-part3-route-writer/node_modules/express/lib/router/index.js:286:9
      at router.process_params (../m22-part3-route-writer/node_modules/express/lib/router/index.js:346:12)
      at next (../m22-part3-route-writer/node_modules/express/lib/router/index.js:280:10)
      at Layer.handle_error (../m22-part3-route-writer/node_modules/express/lib/router/layer.js:67:12)
      at trim_prefix (../m22-part3-route-writer/node_modules/express/lib/router/index.js:326:13)
      at ../m22-part3-route-writer/node_modules/express/lib/router/index.js:286:9
      at router.process_params (../m22-part3-route-writer/node_modules/express/lib/router/index.js:346:12)
      at next (../m22-part3-route-writer/node_modules/express/lib/router/index.js:280:10)
      at Layer.handle_error (../m22-part3-route-writer/node_modules/express/lib/router/layer.js:67:12)
      at trim_prefix (../m22-part3-route-writer/node_modules/express/lib/router/index.js:326:13)
      at ../m22-part3-route-writer/node_modules/express/lib/router/index.js:286:9
      at router.process_params (../m22-part3-route-writer/node_modules/express/lib/router/index.js:346:12)
      at next (../m22-part3-route-writer/node_modules/express/lib/router/index.js:280:10)
      at Layer.handle_error (../m22-part3-route-writer/node_modules/express/lib/router/layer.js:67:12)
      at trim_prefix (../m22-part3-route-writer/node_modules/express/lib/router/index.js:326:13)
      at ../m22-part3-route-writer/node_modules/express/lib/router/index.js:286:9
      at router.process_params (../m22-part3-route-writer/node_modules/express/lib/router/index.js:346:12)
      at next (../m22-part3-route-writer/node_modules/express/lib/router/index.js:280:10)
      at Layer.handle_error (../m22-part3-route-writer/node_modules/express/lib/router/layer.js:67:12)
      at trim_prefix (../m22-part3-route-writer/node_modules/express/lib/router/index.js:326:13)
      at ../m22-part3-route-writer/node_modules/express/lib/router/index.js:286:9
      at router.process_params (../m22-part3-route-writer/node_modules/express/lib/router/index.js:346:12)
      at next (../m22-part3-route-writer/node_modules/express/lib/router/index.js:280:10)
      at Layer.handle_error (../m22-part3-route-writer/node_modules/express/lib/router/layer.js:67:12)
      at trim_prefix (../m22-part3-route-writer/node_modules/express/lib/router/index.js:326:13)
      at ../m22-part3-route-writer/node_modules/express/lib/router/index.js:286:9
      at router.process_params (../m22-part3-route-writer/node_modules/express/lib/router/index.js:346:12)
      at next (../m22-part3-route-writer/node_modules/express/lib/router/index.js:280:10)
      at next (src/scheduling/recommendationHttpBoundary.js:255:16)
      at ../m22-part3-route-writer/node_modules/body-parser/lib/read.js:137:5
      at invokeCallback (../m22-part3-route-writer/node_modules/raw-body/index.js:238:16)
      at done (../m22-part3-route-writer/node_modules/raw-body/index.js:227:7)
      at IncomingMessage.onEnd (../m22-part3-route-writer/node_modules/raw-body/index.js:287:7)

  console.error
    {
      component: 'http',
      event: 'request_failed',
      requestId: '8b5487a4-f662-45f0-b59a-a40d2218e1d4',
      methodClass: 'POST',
      statusCode: 400
    }

      176 |     ...safeFields(fields),
      177 |   };
    > 178 |   console[level](record);
          |                 ^
      179 |   return record;
      180 | }
      181 |

      at write (src/observability/safeLogger.js:178:17)
      at Object.write (src/observability/safeLogger.js:191:10)
      at error (src/middleware/errorHandler.js:22:14)
      at Layer.handle_error (../m22-part3-route-writer/node_modules/express/lib/router/layer.js:71:5)
      at trim_prefix (../m22-part3-route-writer/node_modules/express/lib/router/index.js:326:13)
      at ../m22-part3-route-writer/node_modules/express/lib/router/index.js:286:9
      at router.process_params (../m22-part3-route-writer/node_modules/express/lib/router/index.js:346:12)
      at next (../m22-part3-route-writer/node_modules/express/lib/router/index.js:280:10)
      at Layer.handle_error (../m22-part3-route-writer/node_modules/express/lib/router/layer.js:67:12)
      at trim_prefix (../m22-part3-route-writer/node_modules/express/lib/router/index.js:326:13)
      at ../m22-part3-route-writer/node_modules/express/lib/router/index.js:286:9
      at router.process_params (../m22-part3-route-writer/node_modules/express/lib/router/index.js:346:12)
      at next (../m22-part3-route-writer/node_modules/express/lib/router/index.js:280:10)
      at Layer.handle_error (../m22-part3-route-writer/node_modules/express/lib/router/layer.js:67:12)
      at trim_prefix (../m22-part3-route-writer/node_modules/express/lib/router/index.js:326:13)
      at ../m22-part3-route-writer/node_modules/express/lib/router/index.js:286:9
      at router.process_params (../m22-part3-route-writer/node_modules/express/lib/router/index.js:346:12)
      at next (../m22-part3-route-writer/node_modules/express/lib/router/index.js:280:10)
      at Layer.handle_error (../m22-part3-route-writer/node_modules/express/lib/router/layer.js:67:12)
      at trim_prefix (../m22-part3-route-writer/node_modules/express/lib/router/index.js:326:13)
      at ../m22-part3-route-writer/node_modules/express/lib/router/index.js:286:9
      at router.process_params (../m22-part3-route-writer/node_modules/express/lib/router/index.js:346:12)
      at next (../m22-part3-route-writer/node_modules/express/lib/router/index.js:280:10)
      at Layer.handle_error (../m22-part3-route-writer/node_modules/express/lib/router/layer.js:67:12)
      at trim_prefix (../m22-part3-route-writer/node_modules/express/lib/router/index.js:326:13)
      at ../m22-part3-route-writer/node_modules/express/lib/router/index.js:286:9
      at router.process_params (../m22-part3-route-writer/node_modules/express/lib/router/index.js:346:12)
      at next (../m22-part3-route-writer/node_modules/express/lib/router/index.js:280:10)
      at Layer.handle_error (../m22-part3-route-writer/node_modules/express/lib/router/layer.js:67:12)
      at trim_prefix (../m22-part3-route-writer/node_modules/express/lib/router/index.js:326:13)
      at ../m22-part3-route-writer/node_modules/express/lib/router/index.js:286:9
      at router.process_params (../m22-part3-route-writer/node_modules/express/lib/router/index.js:346:12)
      at next (../m22-part3-route-writer/node_modules/express/lib/router/index.js:280:10)
      at Layer.handle_error (../m22-part3-route-writer/node_modules/express/lib/router/layer.js:67:12)
      at trim_prefix (../m22-part3-route-writer/node_modules/express/lib/router/index.js:326:13)
      at ../m22-part3-route-writer/node_modules/express/lib/router/index.js:286:9
      at router.process_params (../m22-part3-route-writer/node_modules/express/lib/router/index.js:346:12)
      at next (../m22-part3-route-writer/node_modules/express/lib/router/index.js:280:10)
      at Layer.handle_error (../m22-part3-route-writer/node_modules/express/lib/router/layer.js:67:12)
      at trim_prefix (../m22-part3-route-writer/node_modules/express/lib/router/index.js:326:13)
      at ../m22-part3-route-writer/node_modules/express/lib/router/index.js:286:9
      at router.process_params (../m22-part3-route-writer/node_modules/express/lib/router/index.js:346:12)
      at next (../m22-part3-route-writer/node_modules/express/lib/router/index.js:280:10)
      at Layer.handle_error (../m22-part3-route-writer/node_modules/express/lib/router/layer.js:67:12)
      at trim_prefix (../m22-part3-route-writer/node_modules/express/lib/router/index.js:326:13)
      at ../m22-part3-route-writer/node_modules/express/lib/router/index.js:286:9
      at router.process_params (../m22-part3-route-writer/node_modules/express/lib/router/index.js:346:12)
      at next (../m22-part3-route-writer/node_modules/express/lib/router/index.js:280:10)
      at Layer.handle_error (../m22-part3-route-writer/node_modules/express/lib/router/layer.js:67:12)
      at trim_prefix (../m22-part3-route-writer/node_modules/express/lib/router/index.js:326:13)
      at ../m22-part3-route-writer/node_modules/express/lib/router/index.js:286:9
      at router.process_params (../m22-part3-route-writer/node_modules/express/lib/router/index.js:346:12)
      at next (../m22-part3-route-writer/node_modules/express/lib/router/index.js:280:10)
      at Layer.handle_error (../m22-part3-route-writer/node_modules/express/lib/router/layer.js:67:12)
      at trim_prefix (../m22-part3-route-writer/node_modules/express/lib/router/index.js:326:13)
      at ../m22-part3-route-writer/node_modules/express/lib/router/index.js:286:9
      at router.process_params (../m22-part3-route-writer/node_modules/express/lib/router/index.js:346:12)
      at next (../m22-part3-route-writer/node_modules/express/lib/router/index.js:280:10)
      at Layer.handle_error (../m22-part3-route-writer/node_modules/express/lib/router/layer.js:67:12)
      at trim_prefix (../m22-part3-route-writer/node_modules/express/lib/router/index.js:326:13)
      at ../m22-part3-route-writer/node_modules/express/lib/router/index.js:286:9
      at router.process_params (../m22-part3-route-writer/node_modules/express/lib/router/index.js:346:12)
      at next (../m22-part3-route-writer/node_modules/express/lib/router/index.js:280:10)
      at Layer.handle_error (../m22-part3-route-writer/node_modules/express/lib/router/layer.js:67:12)
      at trim_prefix (../m22-part3-route-writer/node_modules/express/lib/router/index.js:326:13)
      at ../m22-part3-route-writer/node_modules/express/lib/router/index.js:286:9
      at router.process_params (../m22-part3-route-writer/node_modules/express/lib/router/index.js:346:12)
      at next (../m22-part3-route-writer/node_modules/express/lib/router/index.js:280:10)
      at Layer.handle_error (../m22-part3-route-writer/node_modules/express/lib/router/layer.js:67:12)
      at trim_prefix (../m22-part3-route-writer/node_modules/express/lib/router/index.js:326:13)
      at ../m22-part3-route-writer/node_modules/express/lib/router/index.js:286:9
      at router.process_params (../m22-part3-route-writer/node_modules/express/lib/router/index.js:346:12)
      at next (../m22-part3-route-writer/node_modules/express/lib/router/index.js:280:10)
      at next (src/scheduling/recommendationHttpBoundary.js:255:16)
      at ../m22-part3-route-writer/node_modules/body-parser/lib/read.js:137:5
      at invokeCallback (../m22-part3-route-writer/node_modules/raw-body/index.js:238:16)
      at done (../m22-part3-route-writer/node_modules/raw-body/index.js:227:7)
      at IncomingMessage.onEnd (../m22-part3-route-writer/node_modules/raw-body/index.js:287:7)

  console.error
    {
      component: 'http',
      event: 'request_failed',
      requestId: '6aa331a4-8114-4677-b720-85908ad05b11',
      methodClass: 'POST',
      statusCode: 400
    }

      176 |     ...safeFields(fields),
      177 |   };
    > 178 |   console[level](record);
          |                 ^
      179 |   return record;
      180 | }
      181 |

      at write (src/observability/safeLogger.js:178:17)
      at Object.write (src/observability/safeLogger.js:191:10)
      at error (src/middleware/errorHandler.js:22:14)
      at Layer.handle_error (../m22-part3-route-writer/node_modules/express/lib/router/layer.js:71:5)
      at trim_prefix (../m22-part3-route-writer/node_modules/express/lib/router/index.js:326:13)
      at ../m22-part3-route-writer/node_modules/express/lib/router/index.js:286:9
      at router.process_params (../m22-part3-route-writer/node_modules/express/lib/router/index.js:346:12)
      at next (../m22-part3-route-writer/node_modules/express/lib/router/index.js:280:10)
      at Layer.handle_error (../m22-part3-route-writer/node_modules/express/lib/router/layer.js:67:12)
      at trim_prefix (../m22-part3-route-writer/node_modules/express/lib/router/index.js:326:13)
      at ../m22-part3-route-writer/node_modules/express/lib/router/index.js:286:9
      at router.process_params (../m22-part3-route-writer/node_modules/express/lib/router/index.js:346:12)
      at next (../m22-part3-route-writer/node_modules/express/lib/router/index.js:280:10)
      at Layer.handle_error (../m22-part3-route-writer/node_modules/express/lib/router/layer.js:67:12)
      at trim_prefix (../m22-part3-route-writer/node_modules/express/lib/router/index.js:326:13)
      at ../m22-part3-route-writer/node_modules/express/lib/router/index.js:286:9
      at router.process_params (../m22-part3-route-writer/node_modules/express/lib/router/index.js:346:12)
      at next (../m22-part3-route-writer/node_modules/express/lib/router/index.js:280:10)
      at Layer.handle_error (../m22-part3-route-writer/node_modules/express/lib/router/layer.js:67:12)
      at trim_prefix (../m22-part3-route-writer/node_modules/express/lib/router/index.js:326:13)
      at ../m22-part3-route-writer/node_modules/express/lib/router/index.js:286:9
      at router.process_params (../m22-part3-route-writer/node_modules/express/lib/router/index.js:346:12)
      at next (../m22-part3-route-writer/node_modules/express/lib/router/index.js:280:10)
      at Layer.handle_error (../m22-part3-route-writer/node_modules/express/lib/router/layer.js:67:12)
      at trim_prefix (../m22-part3-route-writer/node_modules/express/lib/router/index.js:326:13)
      at ../m22-part3-route-writer/node_modules/express/lib/router/index.js:286:9
      at router.process_params (../m22-part3-route-writer/node_modules/express/lib/router/index.js:346:12)
      at next (../m22-part3-route-writer/node_modules/express/lib/router/index.js:280:10)
      at Layer.handle_error (../m22-part3-route-writer/node_modules/express/lib/router/layer.js:67:12)
      at trim_prefix (../m22-part3-route-writer/node_modules/express/lib/router/index.js:326:13)
      at ../m22-part3-route-writer/node_modules/express/lib/router/index.js:286:9
      at router.process_params (../m22-part3-route-writer/node_modules/express/lib/router/index.js:346:12)
      at next (../m22-part3-route-writer/node_modules/express/lib/router/index.js:280:10)
      at Layer.handle_error (../m22-part3-route-writer/node_modules/express/lib/router/layer.js:67:12)
      at trim_prefix (../m22-part3-route-writer/node_modules/express/lib/router/index.js:326:13)
      at ../m22-part3-route-writer/node_modules/express/lib/router/index.js:286:9
      at router.process_params (../m22-part3-route-writer/node_modules/express/lib/router/index.js:346:12)
      at next (../m22-part3-route-writer/node_modules/express/lib/router/index.js:280:10)
      at Layer.handle_error (../m22-part3-route-writer/node_modules/express/lib/router/layer.js:67:12)
      at trim_prefix (../m22-part3-route-writer/node_modules/express/lib/router/index.js:326:13)
      at ../m22-part3-route-writer/node_modules/express/lib/router/index.js:286:9
      at router.process_params (../m22-part3-route-writer/node_modules/express/lib/router/index.js:346:12)
      at next (../m22-part3-route-writer/node_modules/express/lib/router/index.js:280:10)
      at Layer.handle_error (../m22-part3-route-writer/node_modules/express/lib/router/layer.js:67:12)
      at trim_prefix (../m22-part3-route-writer/node_modules/express/lib/router/index.js:326:13)
      at ../m22-part3-route-writer/node_modules/express/lib/router/index.js:286:9
      at router.process_params (../m22-part3-route-writer/node_modules/express/lib/router/index.js:346:12)
      at next (../m22-part3-route-writer/node_modules/express/lib/router/index.js:280:10)
      at Layer.handle_error (../m22-part3-route-writer/node_modules/express/lib/router/layer.js:67:12)
      at trim_prefix (../m22-part3-route-writer/node_modules/express/lib/router/index.js:326:13)
      at ../m22-part3-route-writer/node_modules/express/lib/router/index.js:286:9
      at router.process_params (../m22-part3-route-writer/node_modules/express/lib/router/index.js:346:12)
      at next (../m22-part3-route-writer/node_modules/express/lib/router/index.js:280:10)
      at Layer.handle_error (../m22-part3-route-writer/node_modules/express/lib/router/layer.js:67:12)
      at trim_prefix (../m22-part3-route-writer/node_modules/express/lib/router/index.js:326:13)
      at ../m22-part3-route-writer/node_modules/express/lib/router/index.js:286:9
      at router.process_params (../m22-part3-route-writer/node_modules/express/lib/router/index.js:346:12)
      at next (../m22-part3-route-writer/node_modules/express/lib/router/index.js:280:10)
      at Layer.handle_error (../m22-part3-route-writer/node_modules/express/lib/router/layer.js:67:12)
      at trim_prefix (../m22-part3-route-writer/node_modules/express/lib/router/index.js:326:13)
      at ../m22-part3-route-writer/node_modules/express/lib/router/index.js:286:9
      at router.process_params (../m22-part3-route-writer/node_modules/express/lib/router/index.js:346:12)
      at next (../m22-part3-route-writer/node_modules/express/lib/router/index.js:280:10)
      at Layer.handle_error (../m22-part3-route-writer/node_modules/express/lib/router/layer.js:67:12)
      at trim_prefix (../m22-part3-route-writer/node_modules/express/lib/router/index.js:326:13)
      at ../m22-part3-route-writer/node_modules/express/lib/router/index.js:286:9
      at router.process_params (../m22-part3-route-writer/node_modules/express/lib/router/index.js:346:12)
      at next (../m22-part3-route-writer/node_modules/express/lib/router/index.js:280:10)
      at Layer.handle_error (../m22-part3-route-writer/node_modules/express/lib/router/layer.js:67:12)
      at trim_prefix (../m22-part3-route-writer/node_modules/express/lib/router/index.js:326:13)
      at ../m22-part3-route-writer/node_modules/express/lib/router/index.js:286:9
      at router.process_params (../m22-part3-route-writer/node_modules/express/lib/router/index.js:346:12)
      at next (../m22-part3-route-writer/node_modules/express/lib/router/index.js:280:10)
      at next (src/scheduling/recommendationHttpBoundary.js:255:16)
      at ../m22-part3-route-writer/node_modules/body-parser/lib/read.js:137:5
      at invokeCallback (../m22-part3-route-writer/node_modules/raw-body/index.js:238:16)
      at done (../m22-part3-route-writer/node_modules/raw-body/index.js:227:7)
      at IncomingMessage.onEnd (../m22-part3-route-writer/node_modules/raw-body/index.js:287:7)

  console.error
    {
      component: 'http',
      event: 'request_failed',
      requestId: 'e938d266-fbfb-4f03-8f8f-4421c871c397',
      methodClass: 'POST',
      statusCode: 415
    }

      176 |     ...safeFields(fields),
      177 |   };
    > 178 |   console[level](record);
          |                 ^
      179 |   return record;
      180 | }
      181 |

      at write (src/observability/safeLogger.js:178:17)
      at Object.write (src/observability/safeLogger.js:191:10)
      at error (src/middleware/errorHandler.js:22:14)
      at Layer.handle_error (../m22-part3-route-writer/node_modules/express/lib/router/layer.js:71:5)
      at trim_prefix (../m22-part3-route-writer/node_modules/express/lib/router/index.js:326:13)
      at ../m22-part3-route-writer/node_modules/express/lib/router/index.js:286:9
      at router.process_params (../m22-part3-route-writer/node_modules/express/lib/router/index.js:346:12)
      at next (../m22-part3-route-writer/node_modules/express/lib/router/index.js:280:10)
      at Layer.handle_error (../m22-part3-route-writer/node_modules/express/lib/router/layer.js:67:12)
      at trim_prefix (../m22-part3-route-writer/node_modules/express/lib/router/index.js:326:13)
      at ../m22-part3-route-writer/node_modules/express/lib/router/index.js:286:9
      at router.process_params (../m22-part3-route-writer/node_modules/express/lib/router/index.js:346:12)
      at next (../m22-part3-route-writer/node_modules/express/lib/router/index.js:280:10)
      at Layer.handle_error (../m22-part3-route-writer/node_modules/express/lib/router/layer.js:67:12)
      at trim_prefix (../m22-part3-route-writer/node_modules/express/lib/router/index.js:326:13)
      at ../m22-part3-route-writer/node_modules/express/lib/router/index.js:286:9
      at router.process_params (../m22-part3-route-writer/node_modules/express/lib/router/index.js:346:12)
      at next (../m22-part3-route-writer/node_modules/express/lib/router/index.js:280:10)
      at Layer.handle_error (../m22-part3-route-writer/node_modules/express/lib/router/layer.js:67:12)
      at trim_prefix (../m22-part3-route-writer/node_modules/express/lib/router/index.js:326:13)
      at ../m22-part3-route-writer/node_modules/express/lib/router/index.js:286:9
      at router.process_params (../m22-part3-route-writer/node_modules/express/lib/router/index.js:346:12)
      at next (../m22-part3-route-writer/node_modules/express/lib/router/index.js:280:10)
      at Layer.handle_error (../m22-part3-route-writer/node_modules/express/lib/router/layer.js:67:12)
      at trim_prefix (../m22-part3-route-writer/node_modules/express/lib/router/index.js:326:13)
      at ../m22-part3-route-writer/node_modules/express/lib/router/index.js:286:9
      at router.process_params (../m22-part3-route-writer/node_modules/express/lib/router/index.js:346:12)
      at next (../m22-part3-route-writer/node_modules/express/lib/router/index.js:280:10)
      at Layer.handle_error (../m22-part3-route-writer/node_modules/express/lib/router/layer.js:67:12)
      at trim_prefix (../m22-part3-route-writer/node_modules/express/lib/router/index.js:326:13)
      at ../m22-part3-route-writer/node_modules/express/lib/router/index.js:286:9
      at router.process_params (../m22-part3-route-writer/node_modules/express/lib/router/index.js:346:12)
      at next (../m22-part3-route-writer/node_modules/express/lib/router/index.js:280:10)
      at Layer.handle_error (../m22-part3-route-writer/node_modules/express/lib/router/layer.js:67:12)
      at trim_prefix (../m22-part3-route-writer/node_modules/express/lib/router/index.js:326:13)
      at ../m22-part3-route-writer/node_modules/express/lib/router/index.js:286:9
      at router.process_params (../m22-part3-route-writer/node_modules/express/lib/router/index.js:346:12)
      at next (../m22-part3-route-writer/node_modules/express/lib/router/index.js:280:10)
      at Layer.handle_error (../m22-part3-route-writer/node_modules/express/lib/router/layer.js:67:12)
      at trim_prefix (../m22-part3-route-writer/node_modules/express/lib/router/index.js:326:13)
      at ../m22-part3-route-writer/node_modules/express/lib/router/index.js:286:9
      at router.process_params (../m22-part3-route-writer/node_modules/express/lib/router/index.js:346:12)
      at next (../m22-part3-route-writer/node_modules/express/lib/router/index.js:280:10)
      at Layer.handle_error (../m22-part3-route-writer/node_modules/express/lib/router/layer.js:67:12)
      at trim_prefix (../m22-part3-route-writer/node_modules/express/lib/router/index.js:326:13)
      at ../m22-part3-route-writer/node_modules/express/lib/router/index.js:286:9
      at router.process_params (../m22-part3-route-writer/node_modules/express/lib/router/index.js:346:12)
      at next (../m22-part3-route-writer/node_modules/express/lib/router/index.js:280:10)
      at Layer.handle_error (../m22-part3-route-writer/node_modules/express/lib/router/layer.js:67:12)
      at trim_prefix (../m22-part3-route-writer/node_modules/express/lib/router/index.js:326:13)
      at ../m22-part3-route-writer/node_modules/express/lib/router/index.js:286:9
      at router.process_params (../m22-part3-route-writer/node_modules/express/lib/router/index.js:346:12)
      at next (../m22-part3-route-writer/node_modules/express/lib/router/index.js:280:10)
      at Layer.handle_error (../m22-part3-route-writer/node_modules/express/lib/router/layer.js:67:12)
      at trim_prefix (../m22-part3-route-writer/node_modules/express/lib/router/index.js:326:13)
      at ../m22-part3-route-writer/node_modules/express/lib/router/index.js:286:9
      at router.process_params (../m22-part3-route-writer/node_modules/express/lib/router/index.js:346:12)
      at next (../m22-part3-route-writer/node_modules/express/lib/router/index.js:280:10)
      at Layer.handle_error (../m22-part3-route-writer/node_modules/express/lib/router/layer.js:67:12)
      at trim_prefix (../m22-part3-route-writer/node_modules/express/lib/router/index.js:326:13)
      at ../m22-part3-route-writer/node_modules/express/lib/router/index.js:286:9
      at router.process_params (../m22-part3-route-writer/node_modules/express/lib/router/index.js:346:12)
      at next (../m22-part3-route-writer/node_modules/express/lib/router/index.js:280:10)
      at Layer.handle_error (../m22-part3-route-writer/node_modules/express/lib/router/layer.js:67:12)
      at trim_prefix (../m22-part3-route-writer/node_modules/express/lib/router/index.js:326:13)
      at ../m22-part3-route-writer/node_modules/express/lib/router/index.js:286:9
      at router.process_params (../m22-part3-route-writer/node_modules/express/lib/router/index.js:346:12)
      at next (../m22-part3-route-writer/node_modules/express/lib/router/index.js:280:10)
      at Layer.handle_error (../m22-part3-route-writer/node_modules/express/lib/router/layer.js:67:12)
      at trim_prefix (../m22-part3-route-writer/node_modules/express/lib/router/index.js:326:13)
      at ../m22-part3-route-writer/node_modules/express/lib/router/index.js:286:9
      at router.process_params (../m22-part3-route-writer/node_modules/express/lib/router/index.js:346:12)
      at next (../m22-part3-route-writer/node_modules/express/lib/router/index.js:280:10)
      at next (src/scheduling/recommendationHttpBoundary.js:233:14)
      at next (src/middleware/security.js:52:3)
      at securityHeaders (src/scheduling/recommendationHttpBoundary.js:224:10)
      at Layer.handle [as handle_request] (../m22-part3-route-writer/node_modules/express/lib/router/layer.js:95:5)
      at trim_prefix (../m22-part3-route-writer/node_modules/express/lib/router/index.js:328:13)
      at ../m22-part3-route-writer/node_modules/express/lib/router/index.js:286:9
      at router.process_params (../m22-part3-route-writer/node_modules/express/lib/router/index.js:346:12)
      at next (../m22-part3-route-writer/node_modules/express/lib/router/index.js:280:10)
      at ../m22-part3-route-writer/node_modules/express/lib/router/index.js:646:15
      at next (../m22-part3-route-writer/node_modules/express/lib/router/index.js:265:14)
      at router.handle (../m22-part3-route-writer/node_modules/express/lib/router/index.js:175:3)
      at router (../m22-part3-route-writer/node_modules/express/lib/router/index.js:47:12)
      at Layer.handle [as handle_request] (../m22-part3-route-writer/node_modules/express/lib/router/layer.js:95:5)
      at trim_prefix (../m22-part3-route-writer/node_modules/express/lib/router/index.js:328:13)
      at ../m22-part3-route-writer/node_modules/express/lib/router/index.js:286:9
      at router.process_params (../m22-part3-route-writer/node_modules/express/lib/router/index.js:346:12)
      at next (../m22-part3-route-writer/node_modules/express/lib/router/index.js:280:10)
      at next (src/middleware/auditLog.js:25:3)
      at Layer.handle [as handle_request] (../m22-part3-route-writer/node_modules/express/lib/router/layer.js:95:5)
      at trim_prefix (../m22-part3-route-writer/node_modules/express/lib/router/index.js:328:13)
      at ../m22-part3-route-writer/node_modules/express/lib/router/index.js:286:9
      at router.process_params (../m22-part3-route-writer/node_modules/express/lib/router/index.js:346:12)
      at next (../m22-part3-route-writer/node_modules/express/lib/router/index.js:280:10)
      at cors (../m22-part3-route-writer/node_modules/cors/lib/index.js:188:7)

  console.error
    {
      component: 'http',
      event: 'request_failed',
      requestId: 'd042903c-b9f0-4bc9-be4f-e7edda3e0f99',
      methodClass: 'POST',
      statusCode: 415
    }

      176 |     ...safeFields(fields),
      177 |   };
    > 178 |   console[level](record);
          |                 ^
      179 |   return record;
      180 | }
      181 |

      at write (src/observability/safeLogger.js:178:17)
      at Object.write (src/observability/safeLogger.js:191:10)
      at error (src/middleware/errorHandler.js:22:14)
      at Layer.handle_error (../m22-part3-route-writer/node_modules/express/lib/router/layer.js:71:5)
      at trim_prefix (../m22-part3-route-writer/node_modules/express/lib/router/index.js:326:13)
      at ../m22-part3-route-writer/node_modules/express/lib/router/index.js:286:9
      at router.process_params (../m22-part3-route-writer/node_modules/express/lib/router/index.js:346:12)
      at next (../m22-part3-route-writer/node_modules/express/lib/router/index.js:280:10)
      at Layer.handle_error (../m22-part3-route-writer/node_modules/express/lib/router/layer.js:67:12)
      at trim_prefix (../m22-part3-route-writer/node_modules/express/lib/router/index.js:326:13)
      at ../m22-part3-route-writer/node_modules/express/lib/router/index.js:286:9
      at router.process_params (../m22-part3-route-writer/node_modules/express/lib/router/index.js:346:12)
      at next (../m22-part3-route-writer/node_modules/express/lib/router/index.js:280:10)
      at Layer.handle_error (../m22-part3-route-writer/node_modules/express/lib/router/layer.js:67:12)
      at trim_prefix (../m22-part3-route-writer/node_modules/express/lib/router/index.js:326:13)
      at ../m22-part3-route-writer/node_modules/express/lib/router/index.js:286:9
      at router.process_params (../m22-part3-route-writer/node_modules/express/lib/router/index.js:346:12)
      at next (../m22-part3-route-writer/node_modules/express/lib/router/index.js:280:10)
      at Layer.handle_error (../m22-part3-route-writer/node_modules/express/lib/router/layer.js:67:12)
      at trim_prefix (../m22-part3-route-writer/node_modules/express/lib/router/index.js:326:13)
      at ../m22-part3-route-writer/node_modules/express/lib/router/index.js:286:9
      at router.process_params (../m22-part3-route-writer/node_modules/express/lib/router/index.js:346:12)
      at next (../m22-part3-route-writer/node_modules/express/lib/router/index.js:280:10)
      at Layer.handle_error (../m22-part3-route-writer/node_modules/express/lib/router/layer.js:67:12)
      at trim_prefix (../m22-part3-route-writer/node_modules/express/lib/router/index.js:326:13)
      at ../m22-part3-route-writer/node_modules/express/lib/router/index.js:286:9
      at router.process_params (../m22-part3-route-writer/node_modules/express/lib/router/index.js:346:12)
      at next (../m22-part3-route-writer/node_modules/express/lib/router/index.js:280:10)
      at Layer.handle_error (../m22-part3-route-writer/node_modules/express/lib/router/layer.js:67:12)
      at trim_prefix (../m22-part3-route-writer/node_modules/express/lib/router/index.js:326:13)
      at ../m22-part3-route-writer/node_modules/express/lib/router/index.js:286:9
      at router.process_params (../m22-part3-route-writer/node_modules/express/lib/router/index.js:346:12)
      at next (../m22-part3-route-writer/node_modules/express/lib/router/index.js:280:10)
      at Layer.handle_error (../m22-part3-route-writer/node_modules/express/lib/router/layer.js:67:12)
      at trim_prefix (../m22-part3-route-writer/node_modules/express/lib/router/index.js:326:13)
      at ../m22-part3-route-writer/node_modules/express/lib/router/index.js:286:9
      at router.process_params (../m22-part3-route-writer/node_modules/express/lib/router/index.js:346:12)
      at next (../m22-part3-route-writer/node_modules/express/lib/router/index.js:280:10)
      at Layer.handle_error (../m22-part3-route-writer/node_modules/express/lib/router/layer.js:67:12)
      at trim_prefix (../m22-part3-route-writer/node_modules/express/lib/router/index.js:326:13)
      at ../m22-part3-route-writer/node_modules/express/lib/router/index.js:286:9
      at router.process_params (../m22-part3-route-writer/node_modules/express/lib/router/index.js:346:12)
      at next (../m22-part3-route-writer/node_modules/express/lib/router/index.js:280:10)
      at Layer.handle_error (../m22-part3-route-writer/node_modules/express/lib/router/layer.js:67:12)
      at trim_prefix (../m22-part3-route-writer/node_modules/express/lib/router/index.js:326:13)
      at ../m22-part3-route-writer/node_modules/express/lib/router/index.js:286:9
      at router.process_params (../m22-part3-route-writer/node_modules/express/lib/router/index.js:346:12)
      at next (../m22-part3-route-writer/node_modules/express/lib/router/index.js:280:10)
      at Layer.handle_error (../m22-part3-route-writer/node_modules/express/lib/router/layer.js:67:12)
      at trim_prefix (../m22-part3-route-writer/node_modules/express/lib/router/index.js:326:13)
      at ../m22-part3-route-writer/node_modules/express/lib/router/index.js:286:9
      at router.process_params (../m22-part3-route-writer/node_modules/express/lib/router/index.js:346:12)
      at next (../m22-part3-route-writer/node_modules/express/lib/router/index.js:280:10)
      at Layer.handle_error (../m22-part3-route-writer/node_modules/express/lib/router/layer.js:67:12)
      at trim_prefix (../m22-part3-route-writer/node_modules/express/lib/router/index.js:326:13)
      at ../m22-part3-route-writer/node_modules/express/lib/router/index.js:286:9
      at router.process_params (../m22-part3-route-writer/node_modules/express/lib/router/index.js:346:12)
      at next (../m22-part3-route-writer/node_modules/express/lib/router/index.js:280:10)
      at Layer.handle_error (../m22-part3-route-writer/node_modules/express/lib/router/layer.js:67:12)
      at trim_prefix (../m22-part3-route-writer/node_modules/express/lib/router/index.js:326:13)
      at ../m22-part3-route-writer/node_modules/express/lib/router/index.js:286:9
      at router.process_params (../m22-part3-route-writer/node_modules/express/lib/router/index.js:346:12)
      at next (../m22-part3-route-writer/node_modules/express/lib/router/index.js:280:10)
      at Layer.handle_error (../m22-part3-route-writer/node_modules/express/lib/router/layer.js:67:12)
      at trim_prefix (../m22-part3-route-writer/node_modules/express/lib/router/index.js:326:13)
      at ../m22-part3-route-writer/node_modules/express/lib/router/index.js:286:9
      at router.process_params (../m22-part3-route-writer/node_modules/express/lib/router/index.js:346:12)
      at next (../m22-part3-route-writer/node_modules/express/lib/router/index.js:280:10)
      at Layer.handle_error (../m22-part3-route-writer/node_modules/express/lib/router/layer.js:67:12)
      at trim_prefix (../m22-part3-route-writer/node_modules/express/lib/router/index.js:326:13)
      at ../m22-part3-route-writer/node_modules/express/lib/router/index.js:286:9
      at router.process_params (../m22-part3-route-writer/node_modules/express/lib/router/index.js:346:12)
      at next (../m22-part3-route-writer/node_modules/express/lib/router/index.js:280:10)
      at next (src/scheduling/recommendationHttpBoundary.js:233:14)
      at next (src/middleware/security.js:52:3)
      at securityHeaders (src/scheduling/recommendationHttpBoundary.js:224:10)
      at Layer.handle [as handle_request] (../m22-part3-route-writer/node_modules/express/lib/router/layer.js:95:5)
      at trim_prefix (../m22-part3-route-writer/node_modules/express/lib/router/index.js:328:13)
      at ../m22-part3-route-writer/node_modules/express/lib/router/index.js:286:9
      at router.process_params (../m22-part3-route-writer/node_modules/express/lib/router/index.js:346:12)
      at next (../m22-part3-route-writer/node_modules/express/lib/router/index.js:280:10)
      at ../m22-part3-route-writer/node_modules/express/lib/router/index.js:646:15
      at next (../m22-part3-route-writer/node_modules/express/lib/router/index.js:265:14)
      at router.handle (../m22-part3-route-writer/node_modules/express/lib/router/index.js:175:3)
      at router (../m22-part3-route-writer/node_modules/express/lib/router/index.js:47:12)
      at Layer.handle [as handle_request] (../m22-part3-route-writer/node_modules/express/lib/router/layer.js:95:5)
      at trim_prefix (../m22-part3-route-writer/node_modules/express/lib/router/index.js:328:13)
      at ../m22-part3-route-writer/node_modules/express/lib/router/index.js:286:9
      at router.process_params (../m22-part3-route-writer/node_modules/express/lib/router/index.js:346:12)
      at next (../m22-part3-route-writer/node_modules/express/lib/router/index.js:280:10)
      at next (src/middleware/auditLog.js:25:3)
      at Layer.handle [as handle_request] (../m22-part3-route-writer/node_modules/express/lib/router/layer.js:95:5)
      at trim_prefix (../m22-part3-route-writer/node_modules/express/lib/router/index.js:328:13)
      at ../m22-part3-route-writer/node_modules/express/lib/router/index.js:286:9
      at router.process_params (../m22-part3-route-writer/node_modules/express/lib/router/index.js:346:12)
      at next (../m22-part3-route-writer/node_modules/express/lib/router/index.js:280:10)
      at cors (../m22-part3-route-writer/node_modules/cors/lib/index.js:188:7)

  console.error
    {
      component: 'http',
      event: 'request_failed',
      requestId: 'ed8e9479-1202-4438-b967-652580279555',
      methodClass: 'POST',
      statusCode: 415
    }

      176 |     ...safeFields(fields),
      177 |   };
    > 178 |   console[level](record);
          |                 ^
      179 |   return record;
      180 | }
      181 |

      at write (src/observability/safeLogger.js:178:17)
      at Object.write (src/observability/safeLogger.js:191:10)
      at error (src/middleware/errorHandler.js:22:14)
      at Layer.handle_error (../m22-part3-route-writer/node_modules/express/lib/router/layer.js:71:5)
      at trim_prefix (../m22-part3-route-writer/node_modules/express/lib/router/index.js:326:13)
      at ../m22-part3-route-writer/node_modules/express/lib/router/index.js:286:9
      at router.process_params (../m22-part3-route-writer/node_modules/express/lib/router/index.js:346:12)
      at next (../m22-part3-route-writer/node_modules/express/lib/router/index.js:280:10)
      at Layer.handle_error (../m22-part3-route-writer/node_modules/express/lib/router/layer.js:67:12)
      at trim_prefix (../m22-part3-route-writer/node_modules/express/lib/router/index.js:326:13)
      at ../m22-part3-route-writer/node_modules/express/lib/router/index.js:286:9
      at router.process_params (../m22-part3-route-writer/node_modules/express/lib/router/index.js:346:12)
      at next (../m22-part3-route-writer/node_modules/express/lib/router/index.js:280:10)
      at Layer.handle_error (../m22-part3-route-writer/node_modules/express/lib/router/layer.js:67:12)
      at trim_prefix (../m22-part3-route-writer/node_modules/express/lib/router/index.js:326:13)
      at ../m22-part3-route-writer/node_modules/express/lib/router/index.js:286:9
      at router.process_params (../m22-part3-route-writer/node_modules/express/lib/router/index.js:346:12)
      at next (../m22-part3-route-writer/node_modules/express/lib/router/index.js:280:10)
      at Layer.handle_error (../m22-part3-route-writer/node_modules/express/lib/router/layer.js:67:12)
      at trim_prefix (../m22-part3-route-writer/node_modules/express/lib/router/index.js:326:13)
      at ../m22-part3-route-writer/node_modules/express/lib/router/index.js:286:9
      at router.process_params (../m22-part3-route-writer/node_modules/express/lib/router/index.js:346:12)
      at next (../m22-part3-route-writer/node_modules/express/lib/router/index.js:280:10)
      at Layer.handle_error (../m22-part3-route-writer/node_modules/express/lib/router/layer.js:67:12)
      at trim_prefix (../m22-part3-route-writer/node_modules/express/lib/router/index.js:326:13)
      at ../m22-part3-route-writer/node_modules/express/lib/router/index.js:286:9
      at router.process_params (../m22-part3-route-writer/node_modules/express/lib/router/index.js:346:12)
      at next (../m22-part3-route-writer/node_modules/express/lib/router/index.js:280:10)
      at Layer.handle_error (../m22-part3-route-writer/node_modules/express/lib/router/layer.js:67:12)
      at trim_prefix (../m22-part3-route-writer/node_modules/express/lib/router/index.js:326:13)
      at ../m22-part3-route-writer/node_modules/express/lib/router/index.js:286:9
      at router.process_params (../m22-part3-route-writer/node_modules/express/lib/router/index.js:346:12)
      at next (../m22-part3-route-writer/node_modules/express/lib/router/index.js:280:10)
      at Layer.handle_error (../m22-part3-route-writer/node_modules/express/lib/router/layer.js:67:12)
      at trim_prefix (../m22-part3-route-writer/node_modules/express/lib/router/index.js:326:13)
      at ../m22-part3-route-writer/node_modules/express/lib/router/index.js:286:9
      at router.process_params (../m22-part3-route-writer/node_modules/express/lib/router/index.js:346:12)
      at next (../m22-part3-route-writer/node_modules/express/lib/router/index.js:280:10)
      at Layer.handle_error (../m22-part3-route-writer/node_modules/express/lib/router/layer.js:67:12)
      at trim_prefix (../m22-part3-route-writer/node_modules/express/lib/router/index.js:326:13)
      at ../m22-part3-route-writer/node_modules/express/lib/router/index.js:286:9
      at router.process_params (../m22-part3-route-writer/node_modules/express/lib/router/index.js:346:12)
      at next (../m22-part3-route-writer/node_modules/express/lib/router/index.js:280:10)
      at Layer.handle_error (../m22-part3-route-writer/node_modules/express/lib/router/layer.js:67:12)
      at trim_prefix (../m22-part3-route-writer/node_modules/express/lib/router/index.js:326:13)
      at ../m22-part3-route-writer/node_modules/express/lib/router/index.js:286:9
      at router.process_params (../m22-part3-route-writer/node_modules/express/lib/router/index.js:346:12)
      at next (../m22-part3-route-writer/node_modules/express/lib/router/index.js:280:10)
      at Layer.handle_error (../m22-part3-route-writer/node_modules/express/lib/router/layer.js:67:12)
      at trim_prefix (../m22-part3-route-writer/node_modules/express/lib/router/index.js:326:13)
      at ../m22-part3-route-writer/node_modules/express/lib/router/index.js:286:9
      at router.process_params (../m22-part3-route-writer/node_modules/express/lib/router/index.js:346:12)
      at next (../m22-part3-route-writer/node_modules/express/lib/router/index.js:280:10)
      at Layer.handle_error (../m22-part3-route-writer/node_modules/express/lib/router/layer.js:67:12)
      at trim_prefix (../m22-part3-route-writer/node_modules/express/lib/router/index.js:326:13)
      at ../m22-part3-route-writer/node_modules/express/lib/router/index.js:286:9
      at router.process_params (../m22-part3-route-writer/node_modules/express/lib/router/index.js:346:12)
      at next (../m22-part3-route-writer/node_modules/express/lib/router/index.js:280:10)
      at Layer.handle_error (../m22-part3-route-writer/node_modules/express/lib/router/layer.js:67:12)
      at trim_prefix (../m22-part3-route-writer/node_modules/express/lib/router/index.js:326:13)
      at ../m22-part3-route-writer/node_modules/express/lib/router/index.js:286:9
      at router.process_params (../m22-part3-route-writer/node_modules/express/lib/router/index.js:346:12)
      at next (../m22-part3-route-writer/node_modules/express/lib/router/index.js:280:10)
      at Layer.handle_error (../m22-part3-route-writer/node_modules/express/lib/router/layer.js:67:12)
      at trim_prefix (../m22-part3-route-writer/node_modules/express/lib/router/index.js:326:13)
      at ../m22-part3-route-writer/node_modules/express/lib/router/index.js:286:9
      at router.process_params (../m22-part3-route-writer/node_modules/express/lib/router/index.js:346:12)
      at next (../m22-part3-route-writer/node_modules/express/lib/router/index.js:280:10)
      at Layer.handle_error (../m22-part3-route-writer/node_modules/express/lib/router/layer.js:67:12)
      at trim_prefix (../m22-part3-route-writer/node_modules/express/lib/router/index.js:326:13)
      at ../m22-part3-route-writer/node_modules/express/lib/router/index.js:286:9
      at router.process_params (../m22-part3-route-writer/node_modules/express/lib/router/index.js:346:12)
      at next (../m22-part3-route-writer/node_modules/express/lib/router/index.js:280:10)
      at next (src/scheduling/recommendationHttpBoundary.js:233:14)
      at next (src/middleware/security.js:52:3)
      at securityHeaders (src/scheduling/recommendationHttpBoundary.js:224:10)
      at Layer.handle [as handle_request] (../m22-part3-route-writer/node_modules/express/lib/router/layer.js:95:5)
      at trim_prefix (../m22-part3-route-writer/node_modules/express/lib/router/index.js:328:13)
      at ../m22-part3-route-writer/node_modules/express/lib/router/index.js:286:9
      at router.process_params (../m22-part3-route-writer/node_modules/express/lib/router/index.js:346:12)
      at next (../m22-part3-route-writer/node_modules/express/lib/router/index.js:280:10)
      at ../m22-part3-route-writer/node_modules/express/lib/router/index.js:646:15
      at next (../m22-part3-route-writer/node_modules/express/lib/router/index.js:265:14)
      at router.handle (../m22-part3-route-writer/node_modules/express/lib/router/index.js:175:3)
      at router (../m22-part3-route-writer/node_modules/express/lib/router/index.js:47:12)
      at Layer.handle [as handle_request] (../m22-part3-route-writer/node_modules/express/lib/router/layer.js:95:5)
      at trim_prefix (../m22-part3-route-writer/node_modules/express/lib/router/index.js:328:13)
      at ../m22-part3-route-writer/node_modules/express/lib/router/index.js:286:9
      at router.process_params (../m22-part3-route-writer/node_modules/express/lib/router/index.js:346:12)
      at next (../m22-part3-route-writer/node_modules/express/lib/router/index.js:280:10)
      at next (src/middleware/auditLog.js:25:3)
      at Layer.handle [as handle_request] (../m22-part3-route-writer/node_modules/express/lib/router/layer.js:95:5)
      at trim_prefix (../m22-part3-route-writer/node_modules/express/lib/router/index.js:328:13)
      at ../m22-part3-route-writer/node_modules/express/lib/router/index.js:286:9
      at router.process_params (../m22-part3-route-writer/node_modules/express/lib/router/index.js:346:12)
      at next (../m22-part3-route-writer/node_modules/express/lib/router/index.js:280:10)
      at cors (../m22-part3-route-writer/node_modules/cors/lib/index.js:188:7)

  console.error
    {
      component: 'http',
      event: 'request_failed',
      requestId: 'c8d1bf03-98b9-424b-9de7-cf9c638dc178',
      methodClass: 'POST',
      statusCode: 415
    }

      176 |     ...safeFields(fields),
      177 |   };
    > 178 |   console[level](record);
          |                 ^
      179 |   return record;
      180 | }
      181 |

      at write (src/observability/safeLogger.js:178:17)
      at Object.write (src/observability/safeLogger.js:191:10)
      at error (src/middleware/errorHandler.js:22:14)
      at Layer.handle_error (../m22-part3-route-writer/node_modules/express/lib/router/layer.js:71:5)
      at trim_prefix (../m22-part3-route-writer/node_modules/express/lib/router/index.js:326:13)
      at ../m22-part3-route-writer/node_modules/express/lib/router/index.js:286:9
      at router.process_params (../m22-part3-route-writer/node_modules/express/lib/router/index.js:346:12)
      at next (../m22-part3-route-writer/node_modules/express/lib/router/index.js:280:10)
      at Layer.handle_error (../m22-part3-route-writer/node_modules/express/lib/router/layer.js:67:12)
      at trim_prefix (../m22-part3-route-writer/node_modules/express/lib/router/index.js:326:13)
      at ../m22-part3-route-writer/node_modules/express/lib/router/index.js:286:9
      at router.process_params (../m22-part3-route-writer/node_modules/express/lib/router/index.js:346:12)
      at next (../m22-part3-route-writer/node_modules/express/lib/router/index.js:280:10)
      at Layer.handle_error (../m22-part3-route-writer/node_modules/express/lib/router/layer.js:67:12)
      at trim_prefix (../m22-part3-route-writer/node_modules/express/lib/router/index.js:326:13)
      at ../m22-part3-route-writer/node_modules/express/lib/router/index.js:286:9
      at router.process_params (../m22-part3-route-writer/node_modules/express/lib/router/index.js:346:12)
      at next (../m22-part3-route-writer/node_modules/express/lib/router/index.js:280:10)
      at Layer.handle_error (../m22-part3-route-writer/node_modules/express/lib/router/layer.js:67:12)
      at trim_prefix (../m22-part3-route-writer/node_modules/express/lib/router/index.js:326:13)
      at ../m22-part3-route-writer/node_modules/express/lib/router/index.js:286:9
      at router.process_params (../m22-part3-route-writer/node_modules/express/lib/router/index.js:346:12)
      at next (../m22-part3-route-writer/node_modules/express/lib/router/index.js:280:10)
      at Layer.handle_error (../m22-part3-route-writer/node_modules/express/lib/router/layer.js:67:12)
      at trim_prefix (../m22-part3-route-writer/node_modules/express/lib/router/index.js:326:13)
      at ../m22-part3-route-writer/node_modules/express/lib/router/index.js:286:9
      at router.process_params (../m22-part3-route-writer/node_modules/express/lib/router/index.js:346:12)
      at next (../m22-part3-route-writer/node_modules/express/lib/router/index.js:280:10)
      at Layer.handle_error (../m22-part3-route-writer/node_modules/express/lib/router/layer.js:67:12)
      at trim_prefix (../m22-part3-route-writer/node_modules/express/lib/router/index.js:326:13)
      at ../m22-part3-route-writer/node_modules/express/lib/router/index.js:286:9
      at router.process_params (../m22-part3-route-writer/node_modules/express/lib/router/index.js:346:12)
      at next (../m22-part3-route-writer/node_modules/express/lib/router/index.js:280:10)
      at Layer.handle_error (../m22-part3-route-writer/node_modules/express/lib/router/layer.js:67:12)
      at trim_prefix (../m22-part3-route-writer/node_modules/express/lib/router/index.js:326:13)
      at ../m22-part3-route-writer/node_modules/express/lib/router/index.js:286:9
      at router.process_params (../m22-part3-route-writer/node_modules/express/lib/router/index.js:346:12)
      at next (../m22-part3-route-writer/node_modules/express/lib/router/index.js:280:10)
      at Layer.handle_error (../m22-part3-route-writer/node_modules/express/lib/router/layer.js:67:12)
      at trim_prefix (../m22-part3-route-writer/node_modules/express/lib/router/index.js:326:13)
      at ../m22-part3-route-writer/node_modules/express/lib/router/index.js:286:9
      at router.process_params (../m22-part3-route-writer/node_modules/express/lib/router/index.js:346:12)
      at next (../m22-part3-route-writer/node_modules/express/lib/router/index.js:280:10)
      at Layer.handle_error (../m22-part3-route-writer/node_modules/express/lib/router/layer.js:67:12)
      at trim_prefix (../m22-part3-route-writer/node_modules/express/lib/router/index.js:326:13)
      at ../m22-part3-route-writer/node_modules/express/lib/router/index.js:286:9
      at router.process_params (../m22-part3-route-writer/node_modules/express/lib/router/index.js:346:12)
      at next (../m22-part3-route-writer/node_modules/express/lib/router/index.js:280:10)
      at Layer.handle_error (../m22-part3-route-writer/node_modules/express/lib/router/layer.js:67:12)
      at trim_prefix (../m22-part3-route-writer/node_modules/express/lib/router/index.js:326:13)
      at ../m22-part3-route-writer/node_modules/express/lib/router/index.js:286:9
      at router.process_params (../m22-part3-route-writer/node_modules/express/lib/router/index.js:346:12)
      at next (../m22-part3-route-writer/node_modules/express/lib/router/index.js:280:10)
      at Layer.handle_error (../m22-part3-route-writer/node_modules/express/lib/router/layer.js:67:12)
      at trim_prefix (../m22-part3-route-writer/node_modules/express/lib/router/index.js:326:13)
      at ../m22-part3-route-writer/node_modules/express/lib/router/index.js:286:9
      at router.process_params (../m22-part3-route-writer/node_modules/express/lib/router/index.js:346:12)
      at next (../m22-part3-route-writer/node_modules/express/lib/router/index.js:280:10)
      at Layer.handle_error (../m22-part3-route-writer/node_modules/express/lib/router/layer.js:67:12)
      at trim_prefix (../m22-part3-route-writer/node_modules/express/lib/router/index.js:326:13)
      at ../m22-part3-route-writer/node_modules/express/lib/router/index.js:286:9
      at router.process_params (../m22-part3-route-writer/node_modules/express/lib/router/index.js:346:12)
      at next (../m22-part3-route-writer/node_modules/express/lib/router/index.js:280:10)
      at Layer.handle_error (../m22-part3-route-writer/node_modules/express/lib/router/layer.js:67:12)
      at trim_prefix (../m22-part3-route-writer/node_modules/express/lib/router/index.js:326:13)
      at ../m22-part3-route-writer/node_modules/express/lib/router/index.js:286:9
      at router.process_params (../m22-part3-route-writer/node_modules/express/lib/router/index.js:346:12)
      at next (../m22-part3-route-writer/node_modules/express/lib/router/index.js:280:10)
      at Layer.handle_error (../m22-part3-route-writer/node_modules/express/lib/router/layer.js:67:12)
      at trim_prefix (../m22-part3-route-writer/node_modules/express/lib/router/index.js:326:13)
      at ../m22-part3-route-writer/node_modules/express/lib/router/index.js:286:9
      at router.process_params (../m22-part3-route-writer/node_modules/express/lib/router/index.js:346:12)
      at next (../m22-part3-route-writer/node_modules/express/lib/router/index.js:280:10)
      at next (src/scheduling/recommendationHttpBoundary.js:233:14)
      at next (src/middleware/security.js:52:3)
      at securityHeaders (src/scheduling/recommendationHttpBoundary.js:224:10)
      at Layer.handle [as handle_request] (../m22-part3-route-writer/node_modules/express/lib/router/layer.js:95:5)
      at trim_prefix (../m22-part3-route-writer/node_modules/express/lib/router/index.js:328:13)
      at ../m22-part3-route-writer/node_modules/express/lib/router/index.js:286:9
      at router.process_params (../m22-part3-route-writer/node_modules/express/lib/router/index.js:346:12)
      at next (../m22-part3-route-writer/node_modules/express/lib/router/index.js:280:10)
      at ../m22-part3-route-writer/node_modules/express/lib/router/index.js:646:15
      at next (../m22-part3-route-writer/node_modules/express/lib/router/index.js:265:14)
      at router.handle (../m22-part3-route-writer/node_modules/express/lib/router/index.js:175:3)
      at router (../m22-part3-route-writer/node_modules/express/lib/router/index.js:47:12)
      at Layer.handle [as handle_request] (../m22-part3-route-writer/node_modules/express/lib/router/layer.js:95:5)
      at trim_prefix (../m22-part3-route-writer/node_modules/express/lib/router/index.js:328:13)
      at ../m22-part3-route-writer/node_modules/express/lib/router/index.js:286:9
      at router.process_params (../m22-part3-route-writer/node_modules/express/lib/router/index.js:346:12)
      at next (../m22-part3-route-writer/node_modules/express/lib/router/index.js:280:10)
      at next (src/middleware/auditLog.js:25:3)
      at Layer.handle [as handle_request] (../m22-part3-route-writer/node_modules/express/lib/router/layer.js:95:5)
      at trim_prefix (../m22-part3-route-writer/node_modules/express/lib/router/index.js:328:13)
      at ../m22-part3-route-writer/node_modules/express/lib/router/index.js:286:9
      at router.process_params (../m22-part3-route-writer/node_modules/express/lib/router/index.js:346:12)
      at next (../m22-part3-route-writer/node_modules/express/lib/router/index.js:280:10)
      at cors (../m22-part3-route-writer/node_modules/cors/lib/index.js:188:7)

  console.error
    {
      component: 'http',
      event: 'request_failed',
      requestId: '1abbe0cf-f68b-4292-8e9a-518aab7d141b',
      methodClass: 'POST',
      statusCode: 415
    }

      176 |     ...safeFields(fields),
      177 |   };
    > 178 |   console[level](record);
          |                 ^
      179 |   return record;
      180 | }
      181 |

      at write (src/observability/safeLogger.js:178:17)
      at Object.write (src/observability/safeLogger.js:191:10)
      at error (src/middleware/errorHandler.js:22:14)
      at Layer.handle_error (../m22-part3-route-writer/node_modules/express/lib/router/layer.js:71:5)
      at trim_prefix (../m22-part3-route-writer/node_modules/express/lib/router/index.js:326:13)
      at ../m22-part3-route-writer/node_modules/express/lib/router/index.js:286:9
      at router.process_params (../m22-part3-route-writer/node_modules/express/lib/router/index.js:346:12)
      at next (../m22-part3-route-writer/node_modules/express/lib/router/index.js:280:10)
      at Layer.handle_error (../m22-part3-route-writer/node_modules/express/lib/router/layer.js:67:12)
      at trim_prefix (../m22-part3-route-writer/node_modules/express/lib/router/index.js:326:13)
      at ../m22-part3-route-writer/node_modules/express/lib/router/index.js:286:9
      at router.process_params (../m22-part3-route-writer/node_modules/express/lib/router/index.js:346:12)
      at next (../m22-part3-route-writer/node_modules/express/lib/router/index.js:280:10)
      at Layer.handle_error (../m22-part3-route-writer/node_modules/express/lib/router/layer.js:67:12)
      at trim_prefix (../m22-part3-route-writer/node_modules/express/lib/router/index.js:326:13)
      at ../m22-part3-route-writer/node_modules/express/lib/router/index.js:286:9
      at router.process_params (../m22-part3-route-writer/node_modules/express/lib/router/index.js:346:12)
      at next (../m22-part3-route-writer/node_modules/express/lib/router/index.js:280:10)
      at Layer.handle_error (../m22-part3-route-writer/node_modules/express/lib/router/layer.js:67:12)
      at trim_prefix (../m22-part3-route-writer/node_modules/express/lib/router/index.js:326:13)
      at ../m22-part3-route-writer/node_modules/express/lib/router/index.js:286:9
      at router.process_params (../m22-part3-route-writer/node_modules/express/lib/router/index.js:346:12)
      at next (../m22-part3-route-writer/node_modules/express/lib/router/index.js:280:10)
      at Layer.handle_error (../m22-part3-route-writer/node_modules/express/lib/router/layer.js:67:12)
      at trim_prefix (../m22-part3-route-writer/node_modules/express/lib/router/index.js:326:13)
      at ../m22-part3-route-writer/node_modules/express/lib/router/index.js:286:9
      at router.process_params (../m22-part3-route-writer/node_modules/express/lib/router/index.js:346:12)
      at next (../m22-part3-route-writer/node_modules/express/lib/router/index.js:280:10)
      at Layer.handle_error (../m22-part3-route-writer/node_modules/express/lib/router/layer.js:67:12)
      at trim_prefix (../m22-part3-route-writer/node_modules/express/lib/router/index.js:326:13)
      at ../m22-part3-route-writer/node_modules/express/lib/router/index.js:286:9
      at router.process_params (../m22-part3-route-writer/node_modules/express/lib/router/index.js:346:12)
      at next (../m22-part3-route-writer/node_modules/express/lib/router/index.js:280:10)
      at Layer.handle_error (../m22-part3-route-writer/node_modules/express/lib/router/layer.js:67:12)
      at trim_prefix (../m22-part3-route-writer/node_modules/express/lib/router/index.js:326:13)
      at ../m22-part3-route-writer/node_modules/express/lib/router/index.js:286:9
      at router.process_params (../m22-part3-route-writer/node_modules/express/lib/router/index.js:346:12)
      at next (../m22-part3-route-writer/node_modules/express/lib/router/index.js:280:10)
      at Layer.handle_error (../m22-part3-route-writer/node_modules/express/lib/router/layer.js:67:12)
      at trim_prefix (../m22-part3-route-writer/node_modules/express/lib/router/index.js:326:13)
      at ../m22-part3-route-writer/node_modules/express/lib/router/index.js:286:9
      at router.process_params (../m22-part3-route-writer/node_modules/express/lib/router/index.js:346:12)
      at next (../m22-part3-route-writer/node_modules/express/lib/router/index.js:280:10)
      at Layer.handle_error (../m22-part3-route-writer/node_modules/express/lib/router/layer.js:67:12)
      at trim_prefix (../m22-part3-route-writer/node_modules/express/lib/router/index.js:326:13)
      at ../m22-part3-route-writer/node_modules/express/lib/router/index.js:286:9
      at router.process_params (../m22-part3-route-writer/node_modules/express/lib/router/index.js:346:12)
      at next (../m22-part3-route-writer/node_modules/express/lib/router/index.js:280:10)
      at Layer.handle_error (../m22-part3-route-writer/node_modules/express/lib/router/layer.js:67:12)
      at trim_prefix (../m22-part3-route-writer/node_modules/express/lib/router/index.js:326:13)
      at ../m22-part3-route-writer/node_modules/express/lib/router/index.js:286:9
      at router.process_params (../m22-part3-route-writer/node_modules/express/lib/router/index.js:346:12)
      at next (../m22-part3-route-writer/node_modules/express/lib/router/index.js:280:10)
      at Layer.handle_error (../m22-part3-route-writer/node_modules/express/lib/router/layer.js:67:12)
      at trim_prefix (../m22-part3-route-writer/node_modules/express/lib/router/index.js:326:13)
      at ../m22-part3-route-writer/node_modules/express/lib/router/index.js:286:9
      at router.process_params (../m22-part3-route-writer/node_modules/express/lib/router/index.js:346:12)
      at next (../m22-part3-route-writer/node_modules/express/lib/router/index.js:280:10)
      at Layer.handle_error (../m22-part3-route-writer/node_modules/express/lib/router/layer.js:67:12)
      at trim_prefix (../m22-part3-route-writer/node_modules/express/lib/router/index.js:326:13)
      at ../m22-part3-route-writer/node_modules/express/lib/router/index.js:286:9
      at router.process_params (../m22-part3-route-writer/node_modules/express/lib/router/index.js:346:12)
      at next (../m22-part3-route-writer/node_modules/express/lib/router/index.js:280:10)
      at Layer.handle_error (../m22-part3-route-writer/node_modules/express/lib/router/layer.js:67:12)
      at trim_prefix (../m22-part3-route-writer/node_modules/express/lib/router/index.js:326:13)
      at ../m22-part3-route-writer/node_modules/express/lib/router/index.js:286:9
      at router.process_params (../m22-part3-route-writer/node_modules/express/lib/router/index.js:346:12)
      at next (../m22-part3-route-writer/node_modules/express/lib/router/index.js:280:10)
      at Layer.handle_error (../m22-part3-route-writer/node_modules/express/lib/router/layer.js:67:12)
      at trim_prefix (../m22-part3-route-writer/node_modules/express/lib/router/index.js:326:13)
      at ../m22-part3-route-writer/node_modules/express/lib/router/index.js:286:9
      at router.process_params (../m22-part3-route-writer/node_modules/express/lib/router/index.js:346:12)
      at next (../m22-part3-route-writer/node_modules/express/lib/router/index.js:280:10)
      at next (src/scheduling/recommendationHttpBoundary.js:237:14)
      at next (src/middleware/security.js:52:3)
      at securityHeaders (src/scheduling/recommendationHttpBoundary.js:224:10)
      at Layer.handle [as handle_request] (../m22-part3-route-writer/node_modules/express/lib/router/layer.js:95:5)
      at trim_prefix (../m22-part3-route-writer/node_modules/express/lib/router/index.js:328:13)
      at ../m22-part3-route-writer/node_modules/express/lib/router/index.js:286:9
      at router.process_params (../m22-part3-route-writer/node_modules/express/lib/router/index.js:346:12)
      at next (../m22-part3-route-writer/node_modules/express/lib/router/index.js:280:10)
      at ../m22-part3-route-writer/node_modules/express/lib/router/index.js:646:15
      at next (../m22-part3-route-writer/node_modules/express/lib/router/index.js:265:14)
      at router.handle (../m22-part3-route-writer/node_modules/express/lib/router/index.js:175:3)
      at router (../m22-part3-route-writer/node_modules/express/lib/router/index.js:47:12)
      at Layer.handle [as handle_request] (../m22-part3-route-writer/node_modules/express/lib/router/layer.js:95:5)
      at trim_prefix (../m22-part3-route-writer/node_modules/express/lib/router/index.js:328:13)
      at ../m22-part3-route-writer/node_modules/express/lib/router/index.js:286:9
      at router.process_params (../m22-part3-route-writer/node_modules/express/lib/router/index.js:346:12)
      at next (../m22-part3-route-writer/node_modules/express/lib/router/index.js:280:10)
      at next (src/middleware/auditLog.js:25:3)
      at Layer.handle [as handle_request] (../m22-part3-route-writer/node_modules/express/lib/router/layer.js:95:5)
      at trim_prefix (../m22-part3-route-writer/node_modules/express/lib/router/index.js:328:13)
      at ../m22-part3-route-writer/node_modules/express/lib/router/index.js:286:9
      at router.process_params (../m22-part3-route-writer/node_modules/express/lib/router/index.js:346:12)
      at next (../m22-part3-route-writer/node_modules/express/lib/router/index.js:280:10)
      at cors (../m22-part3-route-writer/node_modules/cors/lib/index.js:188:7)

  console.error
    {
      component: 'http',
      event: 'request_failed',
      requestId: '8caddbd5-9132-432d-ae09-70f180e77345',
      methodClass: 'POST',
      statusCode: 415
    }

      176 |     ...safeFields(fields),
      177 |   };
    > 178 |   console[level](record);
          |                 ^
      179 |   return record;
      180 | }
      181 |

      at write (src/observability/safeLogger.js:178:17)
      at Object.write (src/observability/safeLogger.js:191:10)
      at error (src/middleware/errorHandler.js:22:14)
      at Layer.handle_error (../m22-part3-route-writer/node_modules/express/lib/router/layer.js:71:5)
      at trim_prefix (../m22-part3-route-writer/node_modules/express/lib/router/index.js:326:13)
      at ../m22-part3-route-writer/node_modules/express/lib/router/index.js:286:9
      at router.process_params (../m22-part3-route-writer/node_modules/express/lib/router/index.js:346:12)
      at next (../m22-part3-route-writer/node_modules/express/lib/router/index.js:280:10)
      at Layer.handle_error (../m22-part3-route-writer/node_modules/express/lib/router/layer.js:67:12)
      at trim_prefix (../m22-part3-route-writer/node_modules/express/lib/router/index.js:326:13)
      at ../m22-part3-route-writer/node_modules/express/lib/router/index.js:286:9
      at router.process_params (../m22-part3-route-writer/node_modules/express/lib/router/index.js:346:12)
      at next (../m22-part3-route-writer/node_modules/express/lib/router/index.js:280:10)
      at Layer.handle_error (../m22-part3-route-writer/node_modules/express/lib/router/layer.js:67:12)
      at trim_prefix (../m22-part3-route-writer/node_modules/express/lib/router/index.js:326:13)
      at ../m22-part3-route-writer/node_modules/express/lib/router/index.js:286:9
      at router.process_params (../m22-part3-route-writer/node_modules/express/lib/router/index.js:346:12)
      at next (../m22-part3-route-writer/node_modules/express/lib/router/index.js:280:10)
      at Layer.handle_error (../m22-part3-route-writer/node_modules/express/lib/router/layer.js:67:12)
      at trim_prefix (../m22-part3-route-writer/node_modules/express/lib/router/index.js:326:13)
      at ../m22-part3-route-writer/node_modules/express/lib/router/index.js:286:9
      at router.process_params (../m22-part3-route-writer/node_modules/express/lib/router/index.js:346:12)
      at next (../m22-part3-route-writer/node_modules/express/lib/router/index.js:280:10)
      at Layer.handle_error (../m22-part3-route-writer/node_modules/express/lib/router/layer.js:67:12)
      at trim_prefix (../m22-part3-route-writer/node_modules/express/lib/router/index.js:326:13)
      at ../m22-part3-route-writer/node_modules/express/lib/router/index.js:286:9
      at router.process_params (../m22-part3-route-writer/node_modules/express/lib/router/index.js:346:12)
      at next (../m22-part3-route-writer/node_modules/express/lib/router/index.js:280:10)
      at Layer.handle_error (../m22-part3-route-writer/node_modules/express/lib/router/layer.js:67:12)
      at trim_prefix (../m22-part3-route-writer/node_modules/express/lib/router/index.js:326:13)
      at ../m22-part3-route-writer/node_modules/express/lib/router/index.js:286:9
      at router.process_params (../m22-part3-route-writer/node_modules/express/lib/router/index.js:346:12)
      at next (../m22-part3-route-writer/node_modules/express/lib/router/index.js:280:10)
      at Layer.handle_error (../m22-part3-route-writer/node_modules/express/lib/router/layer.js:67:12)
      at trim_prefix (../m22-part3-route-writer/node_modules/express/lib/router/index.js:326:13)
      at ../m22-part3-route-writer/node_modules/express/lib/router/index.js:286:9
      at router.process_params (../m22-part3-route-writer/node_modules/express/lib/router/index.js:346:12)
      at next (../m22-part3-route-writer/node_modules/express/lib/router/index.js:280:10)
      at Layer.handle_error (../m22-part3-route-writer/node_modules/express/lib/router/layer.js:67:12)
      at trim_prefix (../m22-part3-route-writer/node_modules/express/lib/router/index.js:326:13)
      at ../m22-part3-route-writer/node_modules/express/lib/router/index.js:286:9
      at router.process_params (../m22-part3-route-writer/node_modules/express/lib/router/index.js:346:12)
      at next (../m22-part3-route-writer/node_modules/express/lib/router/index.js:280:10)
      at Layer.handle_error (../m22-part3-route-writer/node_modules/express/lib/router/layer.js:67:12)
      at trim_prefix (../m22-part3-route-writer/node_modules/express/lib/router/index.js:326:13)
      at ../m22-part3-route-writer/node_modules/express/lib/router/index.js:286:9
      at router.process_params (../m22-part3-route-writer/node_modules/express/lib/router/index.js:346:12)
      at next (../m22-part3-route-writer/node_modules/express/lib/router/index.js:280:10)
      at Layer.handle_error (../m22-part3-route-writer/node_modules/express/lib/router/layer.js:67:12)
      at trim_prefix (../m22-part3-route-writer/node_modules/express/lib/router/index.js:326:13)
      at ../m22-part3-route-writer/node_modules/express/lib/router/index.js:286:9
      at router.process_params (../m22-part3-route-writer/node_modules/express/lib/router/index.js:346:12)
      at next (../m22-part3-route-writer/node_modules/express/lib/router/index.js:280:10)
      at Layer.handle_error (../m22-part3-route-writer/node_modules/express/lib/router/layer.js:67:12)
      at trim_prefix (../m22-part3-route-writer/node_modules/express/lib/router/index.js:326:13)
      at ../m22-part3-route-writer/node_modules/express/lib/router/index.js:286:9
      at router.process_params (../m22-part3-route-writer/node_modules/express/lib/router/index.js:346:12)
      at next (../m22-part3-route-writer/node_modules/express/lib/router/index.js:280:10)
      at Layer.handle_error (../m22-part3-route-writer/node_modules/express/lib/router/layer.js:67:12)
      at trim_prefix (../m22-part3-route-writer/node_modules/express/lib/router/index.js:326:13)
      at ../m22-part3-route-writer/node_modules/express/lib/router/index.js:286:9
      at router.process_params (../m22-part3-route-writer/node_modules/express/lib/router/index.js:346:12)
      at next (../m22-part3-route-writer/node_modules/express/lib/router/index.js:280:10)
      at Layer.handle_error (../m22-part3-route-writer/node_modules/express/lib/router/layer.js:67:12)
      at trim_prefix (../m22-part3-route-writer/node_modules/express/lib/router/index.js:326:13)
      at ../m22-part3-route-writer/node_modules/express/lib/router/index.js:286:9
      at router.process_params (../m22-part3-route-writer/node_modules/express/lib/router/index.js:346:12)
      at next (../m22-part3-route-writer/node_modules/express/lib/router/index.js:280:10)
      at Layer.handle_error (../m22-part3-route-writer/node_modules/express/lib/router/layer.js:67:12)
      at trim_prefix (../m22-part3-route-writer/node_modules/express/lib/router/index.js:326:13)
      at ../m22-part3-route-writer/node_modules/express/lib/router/index.js:286:9
      at router.process_params (../m22-part3-route-writer/node_modules/express/lib/router/index.js:346:12)
      at next (../m22-part3-route-writer/node_modules/express/lib/router/index.js:280:10)
      at next (src/scheduling/recommendationHttpBoundary.js:237:14)
      at next (src/middleware/security.js:52:3)
      at securityHeaders (src/scheduling/recommendationHttpBoundary.js:224:10)
      at Layer.handle [as handle_request] (../m22-part3-route-writer/node_modules/express/lib/router/layer.js:95:5)
      at trim_prefix (../m22-part3-route-writer/node_modules/express/lib/router/index.js:328:13)
      at ../m22-part3-route-writer/node_modules/express/lib/router/index.js:286:9
      at router.process_params (../m22-part3-route-writer/node_modules/express/lib/router/index.js:346:12)
      at next (../m22-part3-route-writer/node_modules/express/lib/router/index.js:280:10)
      at ../m22-part3-route-writer/node_modules/express/lib/router/index.js:646:15
      at next (../m22-part3-route-writer/node_modules/express/lib/router/index.js:265:14)
      at router.handle (../m22-part3-route-writer/node_modules/express/lib/router/index.js:175:3)
      at router (../m22-part3-route-writer/node_modules/express/lib/router/index.js:47:12)
      at Layer.handle [as handle_request] (../m22-part3-route-writer/node_modules/express/lib/router/layer.js:95:5)
      at trim_prefix (../m22-part3-route-writer/node_modules/express/lib/router/index.js:328:13)
      at ../m22-part3-route-writer/node_modules/express/lib/router/index.js:286:9
      at router.process_params (../m22-part3-route-writer/node_modules/express/lib/router/index.js:346:12)
      at next (../m22-part3-route-writer/node_modules/express/lib/router/index.js:280:10)
      at next (src/middleware/auditLog.js:25:3)
      at Layer.handle [as handle_request] (../m22-part3-route-writer/node_modules/express/lib/router/layer.js:95:5)
      at trim_prefix (../m22-part3-route-writer/node_modules/express/lib/router/index.js:328:13)
      at ../m22-part3-route-writer/node_modules/express/lib/router/index.js:286:9
      at router.process_params (../m22-part3-route-writer/node_modules/express/lib/router/index.js:346:12)
      at next (../m22-part3-route-writer/node_modules/express/lib/router/index.js:280:10)
      at cors (../m22-part3-route-writer/node_modules/cors/lib/index.js:188:7)

  console.error
    {
      component: 'http',
      event: 'request_failed',
      requestId: '5a9b9d11-661f-4fc9-b483-1822854d6c9d',
      methodClass: 'POST',
      statusCode: 415
    }

      176 |     ...safeFields(fields),
      177 |   };
    > 178 |   console[level](record);
          |                 ^
      179 |   return record;
      180 | }
      181 |

      at write (src/observability/safeLogger.js:178:17)
      at Object.write (src/observability/safeLogger.js:191:10)
      at error (src/middleware/errorHandler.js:22:14)
      at Layer.handle_error (../m22-part3-route-writer/node_modules/express/lib/router/layer.js:71:5)
      at trim_prefix (../m22-part3-route-writer/node_modules/express/lib/router/index.js:326:13)
      at ../m22-part3-route-writer/node_modules/express/lib/router/index.js:286:9
      at router.process_params (../m22-part3-route-writer/node_modules/express/lib/router/index.js:346:12)
      at next (../m22-part3-route-writer/node_modules/express/lib/router/index.js:280:10)
      at Layer.handle_error (../m22-part3-route-writer/node_modules/express/lib/router/layer.js:67:12)
      at trim_prefix (../m22-part3-route-writer/node_modules/express/lib/router/index.js:326:13)
      at ../m22-part3-route-writer/node_modules/express/lib/router/index.js:286:9
      at router.process_params (../m22-part3-route-writer/node_modules/express/lib/router/index.js:346:12)
      at next (../m22-part3-route-writer/node_modules/express/lib/router/index.js:280:10)
      at Layer.handle_error (../m22-part3-route-writer/node_modules/express/lib/router/layer.js:67:12)
      at trim_prefix (../m22-part3-route-writer/node_modules/express/lib/router/index.js:326:13)
      at ../m22-part3-route-writer/node_modules/express/lib/router/index.js:286:9
      at router.process_params (../m22-part3-route-writer/node_modules/express/lib/router/index.js:346:12)
      at next (../m22-part3-route-writer/node_modules/express/lib/router/index.js:280:10)
      at Layer.handle_error (../m22-part3-route-writer/node_modules/express/lib/router/layer.js:67:12)
      at trim_prefix (../m22-part3-route-writer/node_modules/express/lib/router/index.js:326:13)
      at ../m22-part3-route-writer/node_modules/express/lib/router/index.js:286:9
      at router.process_params (../m22-part3-route-writer/node_modules/express/lib/router/index.js:346:12)
      at next (../m22-part3-route-writer/node_modules/express/lib/router/index.js:280:10)
      at Layer.handle_error (../m22-part3-route-writer/node_modules/express/lib/router/layer.js:67:12)
      at trim_prefix (../m22-part3-route-writer/node_modules/express/lib/router/index.js:326:13)
      at ../m22-part3-route-writer/node_modules/express/lib/router/index.js:286:9
      at router.process_params (../m22-part3-route-writer/node_modules/express/lib/router/index.js:346:12)
      at next (../m22-part3-route-writer/node_modules/express/lib/router/index.js:280:10)
      at Layer.handle_error (../m22-part3-route-writer/node_modules/express/lib/router/layer.js:67:12)
      at trim_prefix (../m22-part3-route-writer/node_modules/express/lib/router/index.js:326:13)
      at ../m22-part3-route-writer/node_modules/express/lib/router/index.js:286:9
      at router.process_params (../m22-part3-route-writer/node_modules/express/lib/router/index.js:346:12)
      at next (../m22-part3-route-writer/node_modules/express/lib/router/index.js:280:10)
      at Layer.handle_error (../m22-part3-route-writer/node_modules/express/lib/router/layer.js:67:12)
      at trim_prefix (../m22-part3-route-writer/node_modules/express/lib/router/index.js:326:13)
      at ../m22-part3-route-writer/node_modules/express/lib/router/index.js:286:9
      at router.process_params (../m22-part3-route-writer/node_modules/express/lib/router/index.js:346:12)
      at next (../m22-part3-route-writer/node_modules/express/lib/router/index.js:280:10)
      at Layer.handle_error (../m22-part3-route-writer/node_modules/express/lib/router/layer.js:67:12)
      at trim_prefix (../m22-part3-route-writer/node_modules/express/lib/router/index.js:326:13)
      at ../m22-part3-route-writer/node_modules/express/lib/router/index.js:286:9
      at router.process_params (../m22-part3-route-writer/node_modules/express/lib/router/index.js:346:12)
      at next (../m22-part3-route-writer/node_modules/express/lib/router/index.js:280:10)
      at Layer.handle_error (../m22-part3-route-writer/node_modules/express/lib/router/layer.js:67:12)
      at trim_prefix (../m22-part3-route-writer/node_modules/express/lib/router/index.js:326:13)
      at ../m22-part3-route-writer/node_modules/express/lib/router/index.js:286:9
      at router.process_params (../m22-part3-route-writer/node_modules/express/lib/router/index.js:346:12)
      at next (../m22-part3-route-writer/node_modules/express/lib/router/index.js:280:10)
      at Layer.handle_error (../m22-part3-route-writer/node_modules/express/lib/router/layer.js:67:12)
      at trim_prefix (../m22-part3-route-writer/node_modules/express/lib/router/index.js:326:13)
      at ../m22-part3-route-writer/node_modules/express/lib/router/index.js:286:9
      at router.process_params (../m22-part3-route-writer/node_modules/express/lib/router/index.js:346:12)
      at next (../m22-part3-route-writer/node_modules/express/lib/router/index.js:280:10)
      at Layer.handle_error (../m22-part3-route-writer/node_modules/express/lib/router/layer.js:67:12)
      at trim_prefix (../m22-part3-route-writer/node_modules/express/lib/router/index.js:326:13)
      at ../m22-part3-route-writer/node_modules/express/lib/router/index.js:286:9
      at router.process_params (../m22-part3-route-writer/node_modules/express/lib/router/index.js:346:12)
      at next (../m22-part3-route-writer/node_modules/express/lib/router/index.js:280:10)
      at Layer.handle_error (../m22-part3-route-writer/node_modules/express/lib/router/layer.js:67:12)
      at trim_prefix (../m22-part3-route-writer/node_modules/express/lib/router/index.js:326:13)
      at ../m22-part3-route-writer/node_modules/express/lib/router/index.js:286:9
      at router.process_params (../m22-part3-route-writer/node_modules/express/lib/router/index.js:346:12)
      at next (../m22-part3-route-writer/node_modules/express/lib/router/index.js:280:10)
      at Layer.handle_error (../m22-part3-route-writer/node_modules/express/lib/router/layer.js:67:12)
      at trim_prefix (../m22-part3-route-writer/node_modules/express/lib/router/index.js:326:13)
      at ../m22-part3-route-writer/node_modules/express/lib/router/index.js:286:9
      at router.process_params (../m22-part3-route-writer/node_modules/express/lib/router/index.js:346:12)
      at next (../m22-part3-route-writer/node_modules/express/lib/router/index.js:280:10)
      at Layer.handle_error (../m22-part3-route-writer/node_modules/express/lib/router/layer.js:67:12)
      at trim_prefix (../m22-part3-route-writer/node_modules/express/lib/router/index.js:326:13)
      at ../m22-part3-route-writer/node_modules/express/lib/router/index.js:286:9
      at router.process_params (../m22-part3-route-writer/node_modules/express/lib/router/index.js:346:12)
      at next (../m22-part3-route-writer/node_modules/express/lib/router/index.js:280:10)
      at next (src/scheduling/recommendationHttpBoundary.js:237:14)
      at next (src/middleware/security.js:52:3)
      at securityHeaders (src/scheduling/recommendationHttpBoundary.js:224:10)
      at Layer.handle [as handle_request] (../m22-part3-route-writer/node_modules/express/lib/router/layer.js:95:5)
      at trim_prefix (../m22-part3-route-writer/node_modules/express/lib/router/index.js:328:13)
      at ../m22-part3-route-writer/node_modules/express/lib/router/index.js:286:9
      at router.process_params (../m22-part3-route-writer/node_modules/express/lib/router/index.js:346:12)
      at next (../m22-part3-route-writer/node_modules/express/lib/router/index.js:280:10)
      at ../m22-part3-route-writer/node_modules/express/lib/router/index.js:646:15
      at next (../m22-part3-route-writer/node_modules/express/lib/router/index.js:265:14)
      at router.handle (../m22-part3-route-writer/node_modules/express/lib/router/index.js:175:3)
      at router (../m22-part3-route-writer/node_modules/express/lib/router/index.js:47:12)
      at Layer.handle [as handle_request] (../m22-part3-route-writer/node_modules/express/lib/router/layer.js:95:5)
      at trim_prefix (../m22-part3-route-writer/node_modules/express/lib/router/index.js:328:13)
      at ../m22-part3-route-writer/node_modules/express/lib/router/index.js:286:9
      at router.process_params (../m22-part3-route-writer/node_modules/express/lib/router/index.js:346:12)
      at next (../m22-part3-route-writer/node_modules/express/lib/router/index.js:280:10)
      at next (src/middleware/auditLog.js:25:3)
      at Layer.handle [as handle_request] (../m22-part3-route-writer/node_modules/express/lib/router/layer.js:95:5)
      at trim_prefix (../m22-part3-route-writer/node_modules/express/lib/router/index.js:328:13)
      at ../m22-part3-route-writer/node_modules/express/lib/router/index.js:286:9
      at router.process_params (../m22-part3-route-writer/node_modules/express/lib/router/index.js:346:12)
      at next (../m22-part3-route-writer/node_modules/express/lib/router/index.js:280:10)
      at cors (../m22-part3-route-writer/node_modules/cors/lib/index.js:188:7)

  console.info
    {
      component: 'http',
      event: 'request_completed',
      requestId: '1c3bb6cf-b4f6-4bf2-ab24-c4656b54d5ca',
      methodClass: 'POST',
      durationMs: 55,
      statusCode: 200
    }

      at write (src/observability/safeLogger.js:178:17)

  console.info
    {
      component: 'http',
      event: 'request_completed',
      requestId: '6001416b-c3cb-47ea-be1c-89b61ad8d6e3',
      methodClass: 'POST',
      durationMs: 58,
      statusCode: 200
    }

      at write (src/observability/safeLogger.js:178:17)

  console.info
    {
      component: 'http',
      event: 'request_completed',
      requestId: '463cba49-7c8f-4e77-b15b-9f7749bf7a10',
      methodClass: 'POST',
      durationMs: 59,
      statusCode: 200
    }

      at write (src/observability/safeLogger.js:178:17)

  console.error
    {
      component: 'http',
      event: 'request_failed',
      requestId: 'a34ee061-0e0d-4b36-8e1b-8c49ad62ec46',
      methodClass: 'POST',
      statusCode: 400
    }

      176 |     ...safeFields(fields),
      177 |   };
    > 178 |   console[level](record);
          |                 ^
      179 |   return record;
      180 | }
      181 |

      at write (src/observability/safeLogger.js:178:17)
      at Object.write (src/observability/safeLogger.js:191:10)
      at error (src/middleware/errorHandler.js:22:14)
      at Layer.handle_error (../m22-part3-route-writer/node_modules/express/lib/router/layer.js:71:5)
      at trim_prefix (../m22-part3-route-writer/node_modules/express/lib/router/index.js:326:13)
      at ../m22-part3-route-writer/node_modules/express/lib/router/index.js:286:9
      at router.process_params (../m22-part3-route-writer/node_modules/express/lib/router/index.js:346:12)
      at next (../m22-part3-route-writer/node_modules/express/lib/router/index.js:280:10)
      at Layer.handle_error (../m22-part3-route-writer/node_modules/express/lib/router/layer.js:67:12)
      at trim_prefix (../m22-part3-route-writer/node_modules/express/lib/router/index.js:326:13)
      at ../m22-part3-route-writer/node_modules/express/lib/router/index.js:286:9
      at router.process_params (../m22-part3-route-writer/node_modules/express/lib/router/index.js:346:12)
      at next (../m22-part3-route-writer/node_modules/express/lib/router/index.js:280:10)
      at Layer.handle_error (../m22-part3-route-writer/node_modules/express/lib/router/layer.js:67:12)
      at trim_prefix (../m22-part3-route-writer/node_modules/express/lib/router/index.js:326:13)
      at ../m22-part3-route-writer/node_modules/express/lib/router/index.js:286:9
      at router.process_params (../m22-part3-route-writer/node_modules/express/lib/router/index.js:346:12)
      at next (../m22-part3-route-writer/node_modules/express/lib/router/index.js:280:10)
      at Layer.handle_error (../m22-part3-route-writer/node_modules/express/lib/router/layer.js:67:12)
      at trim_prefix (../m22-part3-route-writer/node_modules/express/lib/router/index.js:326:13)
      at ../m22-part3-route-writer/node_modules/express/lib/router/index.js:286:9
      at router.process_params (../m22-part3-route-writer/node_modules/express/lib/router/index.js:346:12)
      at next (../m22-part3-route-writer/node_modules/express/lib/router/index.js:280:10)
      at Layer.handle_error (../m22-part3-route-writer/node_modules/express/lib/router/layer.js:67:12)
      at trim_prefix (../m22-part3-route-writer/node_modules/express/lib/router/index.js:326:13)
      at ../m22-part3-route-writer/node_modules/express/lib/router/index.js:286:9
      at router.process_params (../m22-part3-route-writer/node_modules/express/lib/router/index.js:346:12)
      at next (../m22-part3-route-writer/node_modules/express/lib/router/index.js:280:10)
      at Layer.handle_error (../m22-part3-route-writer/node_modules/express/lib/router/layer.js:67:12)
      at trim_prefix (../m22-part3-route-writer/node_modules/express/lib/router/index.js:326:13)
      at ../m22-part3-route-writer/node_modules/express/lib/router/index.js:286:9
      at router.process_params (../m22-part3-route-writer/node_modules/express/lib/router/index.js:346:12)
      at next (../m22-part3-route-writer/node_modules/express/lib/router/index.js:280:10)
      at Layer.handle_error (../m22-part3-route-writer/node_modules/express/lib/router/layer.js:67:12)
      at trim_prefix (../m22-part3-route-writer/node_modules/express/lib/router/index.js:326:13)
      at ../m22-part3-route-writer/node_modules/express/lib/router/index.js:286:9
      at router.process_params (../m22-part3-route-writer/node_modules/express/lib/router/index.js:346:12)
      at next (../m22-part3-route-writer/node_modules/express/lib/router/index.js:280:10)
      at Layer.handle_error (../m22-part3-route-writer/node_modules/express/lib/router/layer.js:67:12)
      at trim_prefix (../m22-part3-route-writer/node_modules/express/lib/router/index.js:326:13)
      at ../m22-part3-route-writer/node_modules/express/lib/router/index.js:286:9
      at router.process_params (../m22-part3-route-writer/node_modules/express/lib/router/index.js:346:12)
      at next (../m22-part3-route-writer/node_modules/express/lib/router/index.js:280:10)
      at Layer.handle_error (../m22-part3-route-writer/node_modules/express/lib/router/layer.js:67:12)
      at trim_prefix (../m22-part3-route-writer/node_modules/express/lib/router/index.js:326:13)
      at ../m22-part3-route-writer/node_modules/express/lib/router/index.js:286:9
      at router.process_params (../m22-part3-route-writer/node_modules/express/lib/router/index.js:346:12)
      at next (../m22-part3-route-writer/node_modules/express/lib/router/index.js:280:10)
      at Layer.handle_error (../m22-part3-route-writer/node_modules/express/lib/router/layer.js:67:12)
      at trim_prefix (../m22-part3-route-writer/node_modules/express/lib/router/index.js:326:13)
      at ../m22-part3-route-writer/node_modules/express/lib/router/index.js:286:9
      at router.process_params (../m22-part3-route-writer/node_modules/express/lib/router/index.js:346:12)
      at next (../m22-part3-route-writer/node_modules/express/lib/router/index.js:280:10)
      at Layer.handle_error (../m22-part3-route-writer/node_modules/express/lib/router/layer.js:67:12)
      at trim_prefix (../m22-part3-route-writer/node_modules/express/lib/router/index.js:326:13)
      at ../m22-part3-route-writer/node_modules/express/lib/router/index.js:286:9
      at router.process_params (../m22-part3-route-writer/node_modules/express/lib/router/index.js:346:12)
      at next (../m22-part3-route-writer/node_modules/express/lib/router/index.js:280:10)
      at Layer.handle_error (../m22-part3-route-writer/node_modules/express/lib/router/layer.js:67:12)
      at trim_prefix (../m22-part3-route-writer/node_modules/express/lib/router/index.js:326:13)
      at ../m22-part3-route-writer/node_modules/express/lib/router/index.js:286:9
      at router.process_params (../m22-part3-route-writer/node_modules/express/lib/router/index.js:346:12)
      at next (../m22-part3-route-writer/node_modules/express/lib/router/index.js:280:10)
      at Layer.handle_error (../m22-part3-route-writer/node_modules/express/lib/router/layer.js:67:12)
      at trim_prefix (../m22-part3-route-writer/node_modules/express/lib/router/index.js:326:13)
      at ../m22-part3-route-writer/node_modules/express/lib/router/index.js:286:9
      at router.process_params (../m22-part3-route-writer/node_modules/express/lib/router/index.js:346:12)
      at next (../m22-part3-route-writer/node_modules/express/lib/router/index.js:280:10)
      at Layer.handle_error (../m22-part3-route-writer/node_modules/express/lib/router/layer.js:67:12)
      at trim_prefix (../m22-part3-route-writer/node_modules/express/lib/router/index.js:326:13)
      at ../m22-part3-route-writer/node_modules/express/lib/router/index.js:286:9
      at router.process_params (../m22-part3-route-writer/node_modules/express/lib/router/index.js:346:12)
      at next (../m22-part3-route-writer/node_modules/express/lib/router/index.js:280:10)
      at next (src/scheduling/recommendationHttpBoundary.js:255:16)
      at ../m22-part3-route-writer/node_modules/body-parser/lib/read.js:137:5
      at invokeCallback (../m22-part3-route-writer/node_modules/raw-body/index.js:238:16)
      at done (../m22-part3-route-writer/node_modules/raw-body/index.js:227:7)
      at IncomingMessage.onEnd (../m22-part3-route-writer/node_modules/raw-body/index.js:287:7)

  console.info
    {
      component: 'http',
      event: 'request_completed',
      requestId: '72093999-abc7-4869-9ae8-2e9d21ebf203',
      methodClass: 'POST',
      durationMs: 1,
      statusCode: 401
    }

      at write (src/observability/safeLogger.js:178:17)

  console.info
    {
      component: 'http',
      event: 'request_completed',
      requestId: '611ed62c-6a19-435a-b46d-abc37e3f2c56',
      methodClass: 'POST',
      durationMs: 1,
      statusCode: 401
    }

      at write (src/observability/safeLogger.js:178:17)

  console.info
    {
      component: 'http',
      event: 'request_completed',
      requestId: '4e172ec7-b118-4e43-bb23-fc1905b15abe',
      methodClass: 'POST',
      durationMs: 1,
      statusCode: 401
    }

      at write (src/observability/safeLogger.js:178:17)

  console.info
    {
      component: 'http',
      event: 'request_completed',
      requestId: 'cf1bd7b8-bbc6-4a4c-b672-f98f90821315',
      methodClass: 'POST',
      durationMs: 1,
      statusCode: 401
    }

      at write (src/observability/safeLogger.js:178:17)

  console.info
    {
      component: 'http',
      event: 'request_completed',
      requestId: '2b36c71d-70b3-479a-86c5-5b9f08205eb1',
      methodClass: 'POST',
      durationMs: 1,
      statusCode: 401
    }

      at write (src/observability/safeLogger.js:178:17)

  console.info
    {
      component: 'http',
      event: 'request_completed',
      requestId: 'fdf0c78e-f8d3-4d23-8c53-bc182c0a506c',
      methodClass: 'POST',
      durationMs: 1,
      statusCode: 401
    }

      at write (src/observability/safeLogger.js:178:17)

  console.info
    {
      component: 'http',
      event: 'request_completed',
      requestId: 'cbb73ec0-00a2-4c9f-a76b-8480eb4a4932',
      methodClass: 'POST',
      durationMs: 1,
      statusCode: 401
    }

      at write (src/observability/safeLogger.js:178:17)

  console.info
    {
      component: 'http',
      event: 'request_completed',
      requestId: '8f5f3c2b-15dd-46ce-ba43-ba4a999769a0',
      methodClass: 'POST',
      durationMs: 1,
      statusCode: 401
    }

      at write (src/observability/safeLogger.js:178:17)

  console.info
    {
      component: 'http',
      event: 'request_completed',
      requestId: '78f2abab-f311-4653-a18e-e74e9f407dca',
      methodClass: 'POST',
      durationMs: 1,
      statusCode: 401
    }

      at write (src/observability/safeLogger.js:178:17)

  console.info
    {
      component: 'http',
      event: 'request_completed',
      requestId: '07fd2691-bd9a-4206-a4d9-93bc446b76f8',
      methodClass: 'POST',
      durationMs: 1,
      statusCode: 401
    }

      at write (src/observability/safeLogger.js:178:17)

  console.info
    {
      component: 'http',
      event: 'request_completed',
      requestId: '6d11b1e0-7fc6-41ac-a5cd-3d573c2d60ef',
      methodClass: 'POST',
      durationMs: 0,
      statusCode: 401
    }

      at write (src/observability/safeLogger.js:178:17)

  console.info
    {
      component: 'http',
      event: 'request_completed',
      requestId: 'f86afe14-4b7a-482d-bc73-51662cfae689',
      methodClass: 'POST',
      durationMs: 0,
      statusCode: 401
    }

      at write (src/observability/safeLogger.js:178:17)

  console.info
    {
      component: 'http',
      event: 'request_completed',
      requestId: 'e54338ff-9415-461f-b7e2-d572fe7812eb',
      methodClass: 'POST',
      durationMs: 1,
      statusCode: 401
    }

      at write (src/observability/safeLogger.js:178:17)

  console.info
    {
      component: 'http',
      event: 'request_completed',
      requestId: 'a96c488e-c7e9-4889-b659-d114ffbc6772',
      methodClass: 'POST',
      durationMs: 0,
      statusCode: 401
    }

      at write (src/observability/safeLogger.js:178:17)

  console.info
    {
      component: 'http',
      event: 'request_completed',
      requestId: '3fd72394-b8b6-4aa9-b168-cff9d3feec4f',
      methodClass: 'POST',
      durationMs: 1,
      statusCode: 401
    }

      at write (src/observability/safeLogger.js:178:17)

  console.info
    {
      component: 'http',
      event: 'request_completed',
      requestId: 'e97caa5a-3732-48ad-8dbc-ff188a8fe83d',
      methodClass: 'POST',
      durationMs: 0,
      statusCode: 401
    }

      at write (src/observability/safeLogger.js:178:17)

  console.info
    {
      component: 'http',
      event: 'request_completed',
      requestId: 'ed728de9-e31e-4f6a-8236-1631960b34e9',
      methodClass: 'POST',
      durationMs: 0,
      statusCode: 401
    }

      at write (src/observability/safeLogger.js:178:17)

  console.info
    {
      component: 'http',
      event: 'request_completed',
      requestId: '2a79f267-24fb-4433-8feb-6a861e2df9c1',
      methodClass: 'POST',
      durationMs: 2,
      statusCode: 404
    }

      at write (src/observability/safeLogger.js:178:17)

  console.info
    {
      component: 'http',
      event: 'request_completed',
      requestId: 'a6cd3b83-f7be-4250-918a-02b6d34c17ed',
      methodClass: 'POST',
      durationMs: 1,
      statusCode: 404
    }

      at write (src/observability/safeLogger.js:178:17)

  console.info
    {
      component: 'http',
      event: 'request_completed',
      requestId: 'cc75cfb0-44e9-46ce-9ca1-8673b8f490e2',
      methodClass: 'POST',
      durationMs: 1,
      statusCode: 404
    }

      at write (src/observability/safeLogger.js:178:17)

  console.info
    {
      component: 'http',
      event: 'request_completed',
      requestId: '97991e5b-9a7d-4206-b5ab-ff4e6aa7e7d4',
      methodClass: 'POST',
      durationMs: 0,
      statusCode: 404
    }

      at write (src/observability/safeLogger.js:178:17)

  console.info
    {
      component: 'http',
      event: 'request_completed',
      requestId: 'e0327c08-f5cc-44a7-aca5-f1d02d28a562',
      methodClass: 'POST',
      durationMs: 1,
      statusCode: 404
    }

      at write (src/observability/safeLogger.js:178:17)

  console.error
    {
      component: 'http',
      event: 'request_failed',
      requestId: '17a5ecb5-8e3f-4952-b909-d26b6ed05e66',
      methodClass: 'POST',
      statusCode: 500
    }

      176 |     ...safeFields(fields),
      177 |   };
    > 178 |   console[level](record);
          |                 ^
      179 |   return record;
      180 | }
      181 |

      at write (src/observability/safeLogger.js:178:17)
      at Object.write (src/observability/safeLogger.js:191:10)
      at error (src/middleware/errorHandler.js:22:14)
      at Layer.handle_error (../m22-part3-route-writer/node_modules/express/lib/router/layer.js:71:5)
      at trim_prefix (../m22-part3-route-writer/node_modules/express/lib/router/index.js:326:13)
      at ../m22-part3-route-writer/node_modules/express/lib/router/index.js:286:9
      at router.process_params (../m22-part3-route-writer/node_modules/express/lib/router/index.js:346:12)
      at next (../m22-part3-route-writer/node_modules/express/lib/router/index.js:280:10)
      at Layer.handle_error (../m22-part3-route-writer/node_modules/express/lib/router/layer.js:67:12)
      at trim_prefix (../m22-part3-route-writer/node_modules/express/lib/router/index.js:326:13)
      at ../m22-part3-route-writer/node_modules/express/lib/router/index.js:286:9
      at router.process_params (../m22-part3-route-writer/node_modules/express/lib/router/index.js:346:12)
      at next (../m22-part3-route-writer/node_modules/express/lib/router/index.js:280:10)
      at Layer.handle_error (../m22-part3-route-writer/node_modules/express/lib/router/layer.js:67:12)
      at trim_prefix (../m22-part3-route-writer/node_modules/express/lib/router/index.js:326:13)
      at ../m22-part3-route-writer/node_modules/express/lib/router/index.js:286:9
      at router.process_params (../m22-part3-route-writer/node_modules/express/lib/router/index.js:346:12)
      at next (../m22-part3-route-writer/node_modules/express/lib/router/index.js:280:10)
      at Layer.handle_error (../m22-part3-route-writer/node_modules/express/lib/router/layer.js:67:12)
      at trim_prefix (../m22-part3-route-writer/node_modules/express/lib/router/index.js:326:13)
      at ../m22-part3-route-writer/node_modules/express/lib/router/index.js:286:9
      at router.process_params (../m22-part3-route-writer/node_modules/express/lib/router/index.js:346:12)
      at next (../m22-part3-route-writer/node_modules/express/lib/router/index.js:280:10)
      at Layer.handle_error (../m22-part3-route-writer/node_modules/express/lib/router/layer.js:67:12)
      at trim_prefix (../m22-part3-route-writer/node_modules/express/lib/router/index.js:326:13)
      at ../m22-part3-route-writer/node_modules/express/lib/router/index.js:286:9
      at router.process_params (../m22-part3-route-writer/node_modules/express/lib/router/index.js:346:12)
      at next (../m22-part3-route-writer/node_modules/express/lib/router/index.js:280:10)
      at Layer.handle_error (../m22-part3-route-writer/node_modules/express/lib/router/layer.js:67:12)
      at trim_prefix (../m22-part3-route-writer/node_modules/express/lib/router/index.js:326:13)
      at ../m22-part3-route-writer/node_modules/express/lib/router/index.js:286:9
      at router.process_params (../m22-part3-route-writer/node_modules/express/lib/router/index.js:346:12)
      at next (../m22-part3-route-writer/node_modules/express/lib/router/index.js:280:10)
      at Layer.handle_error (../m22-part3-route-writer/node_modules/express/lib/router/layer.js:67:12)
      at trim_prefix (../m22-part3-route-writer/node_modules/express/lib/router/index.js:326:13)
      at ../m22-part3-route-writer/node_modules/express/lib/router/index.js:286:9
      at router.process_params (../m22-part3-route-writer/node_modules/express/lib/router/index.js:346:12)
      at next (../m22-part3-route-writer/node_modules/express/lib/router/index.js:280:10)
      at Layer.handle_error (../m22-part3-route-writer/node_modules/express/lib/router/layer.js:67:12)
      at trim_prefix (../m22-part3-route-writer/node_modules/express/lib/router/index.js:326:13)
      at ../m22-part3-route-writer/node_modules/express/lib/router/index.js:286:9
      at router.process_params (../m22-part3-route-writer/node_modules/express/lib/router/index.js:346:12)
      at next (../m22-part3-route-writer/node_modules/express/lib/router/index.js:280:10)
      at ../m22-part3-route-writer/node_modules/express/lib/router/index.js:646:15
      at next (../m22-part3-route-writer/node_modules/express/lib/router/index.js:265:14)
      at next (../m22-part3-route-writer/node_modules/express/lib/router/route.js:141:14)
      at Layer.handle_error (../m22-part3-route-writer/node_modules/express/lib/router/layer.js:67:12)
      at next (../m22-part3-route-writer/node_modules/express/lib/router/route.js:147:13)
      at Layer.handle_error (../m22-part3-route-writer/node_modules/express/lib/router/layer.js:67:12)
      at next (../m22-part3-route-writer/node_modules/express/lib/router/route.js:147:13)
      at Layer.handle_error (../m22-part3-route-writer/node_modules/express/lib/router/layer.js:67:12)
      at next (../m22-part3-route-writer/node_modules/express/lib/router/route.js:147:13)
      at Layer.handle_error (../m22-part3-route-writer/node_modules/express/lib/router/layer.js:67:12)
      at next (../m22-part3-route-writer/node_modules/express/lib/router/route.js:147:13)
      at next (src/scheduling/recommendationHttpBoundary.js:268:10)
      at Layer.handle [as handle_request] (../m22-part3-route-writer/node_modules/express/lib/router/layer.js:95:5)
      at next (../m22-part3-route-writer/node_modules/express/lib/router/route.js:149:13)
      at Route.dispatch (../m22-part3-route-writer/node_modules/express/lib/router/route.js:119:3)
      at Layer.handle [as handle_request] (../m22-part3-route-writer/node_modules/express/lib/router/layer.js:95:5)
      at ../m22-part3-route-writer/node_modules/express/lib/router/index.js:284:15
      at param (../m22-part3-route-writer/node_modules/express/lib/router/index.js:365:14)
      at param (../m22-part3-route-writer/node_modules/express/lib/router/index.js:376:14)
      at router.process_params (../m22-part3-route-writer/node_modules/express/lib/router/index.js:421:3)
      at next (../m22-part3-route-writer/node_modules/express/lib/router/index.js:280:10)
      at router.handle (../m22-part3-route-writer/node_modules/express/lib/router/index.js:175:3)
      at router (../m22-part3-route-writer/node_modules/express/lib/router/index.js:47:12)
      at Layer.handle [as handle_request] (../m22-part3-route-writer/node_modules/express/lib/router/layer.js:95:5)
      at trim_prefix (../m22-part3-route-writer/node_modules/express/lib/router/index.js:328:13)
      at ../m22-part3-route-writer/node_modules/express/lib/router/index.js:286:9
      at router.process_params (../m22-part3-route-writer/node_modules/express/lib/router/index.js:346:12)
      at next (../m22-part3-route-writer/node_modules/express/lib/router/index.js:280:10)
      at ../m22-part3-route-writer/node_modules/express/lib/router/index.js:646:15
      at next (../m22-part3-route-writer/node_modules/express/lib/router/index.js:265:14)
      at router.handle (../m22-part3-route-writer/node_modules/express/lib/router/index.js:175:3)
      at router (../m22-part3-route-writer/node_modules/express/lib/router/index.js:47:12)
      at Layer.handle [as handle_request] (../m22-part3-route-writer/node_modules/express/lib/router/layer.js:95:5)
      at trim_prefix (../m22-part3-route-writer/node_modules/express/lib/router/index.js:328:13)
      at ../m22-part3-route-writer/node_modules/express/lib/router/index.js:286:9
      at router.process_params (../m22-part3-route-writer/node_modules/express/lib/router/index.js:346:12)
      at next (../m22-part3-route-writer/node_modules/express/lib/router/index.js:280:10)
      at next (src/middleware/auditLog.js:168:3)
      at Layer.handle [as handle_request] (../m22-part3-route-writer/node_modules/express/lib/router/layer.js:95:5)
      at trim_prefix (../m22-part3-route-writer/node_modules/express/lib/router/index.js:328:13)
      at ../m22-part3-route-writer/node_modules/express/lib/router/index.js:286:9
      at router.process_params (../m22-part3-route-writer/node_modules/express/lib/router/index.js:346:12)
      at next (../m22-part3-route-writer/node_modules/express/lib/router/index.js:280:10)
      at next (src/middleware/security.js:52:3)
      at Layer.handle [as handle_request] (../m22-part3-route-writer/node_modules/express/lib/router/layer.js:95:5)
      at trim_prefix (../m22-part3-route-writer/node_modules/express/lib/router/index.js:328:13)
      at ../m22-part3-route-writer/node_modules/express/lib/router/index.js:286:9
      at router.process_params (../m22-part3-route-writer/node_modules/express/lib/router/index.js:346:12)
      at next (../m22-part3-route-writer/node_modules/express/lib/router/index.js:280:10)
      at ../m22-part3-route-writer/node_modules/body-parser/lib/read.js:137:5
      at invokeCallback (../m22-part3-route-writer/node_modules/raw-body/index.js:238:16)
      at done (../m22-part3-route-writer/node_modules/raw-body/index.js:227:7)
      at IncomingMessage.onEnd (../m22-part3-route-writer/node_modules/raw-body/index.js:287:7)

  console.info
    {
      component: 'http',
      event: 'request_completed',
      requestId: '17a5ecb5-8e3f-4952-b909-d26b6ed05e66',
      methodClass: 'POST',
      durationMs: 6,
      statusCode: 500
    }

      at write (src/observability/safeLogger.js:178:17)

  console.error
    {
      component: 'http',
      event: 'request_failed',
      requestId: '3bd633c5-ee62-4add-bfaf-00d24ff4d0c6',
      methodClass: 'POST',
      statusCode: 500
    }

      176 |     ...safeFields(fields),
      177 |   };
    > 178 |   console[level](record);
          |                 ^
      179 |   return record;
      180 | }
      181 |

      at write (src/observability/safeLogger.js:178:17)
      at Object.write (src/observability/safeLogger.js:191:10)
      at error (src/middleware/errorHandler.js:22:14)
      at Layer.handle_error (../m22-part3-route-writer/node_modules/express/lib/router/layer.js:71:5)
      at trim_prefix (../m22-part3-route-writer/node_modules/express/lib/router/index.js:326:13)
      at ../m22-part3-route-writer/node_modules/express/lib/router/index.js:286:9
      at router.process_params (../m22-part3-route-writer/node_modules/express/lib/router/index.js:346:12)
      at next (../m22-part3-route-writer/node_modules/express/lib/router/index.js:280:10)
      at Layer.handle_error (../m22-part3-route-writer/node_modules/express/lib/router/layer.js:67:12)
      at trim_prefix (../m22-part3-route-writer/node_modules/express/lib/router/index.js:326:13)
      at ../m22-part3-route-writer/node_modules/express/lib/router/index.js:286:9
      at router.process_params (../m22-part3-route-writer/node_modules/express/lib/router/index.js:346:12)
      at next (../m22-part3-route-writer/node_modules/express/lib/router/index.js:280:10)
      at Layer.handle_error (../m22-part3-route-writer/node_modules/express/lib/router/layer.js:67:12)
      at trim_prefix (../m22-part3-route-writer/node_modules/express/lib/router/index.js:326:13)
      at ../m22-part3-route-writer/node_modules/express/lib/router/index.js:286:9
      at router.process_params (../m22-part3-route-writer/node_modules/express/lib/router/index.js:346:12)
      at next (../m22-part3-route-writer/node_modules/express/lib/router/index.js:280:10)
      at Layer.handle_error (../m22-part3-route-writer/node_modules/express/lib/router/layer.js:67:12)
      at trim_prefix (../m22-part3-route-writer/node_modules/express/lib/router/index.js:326:13)
      at ../m22-part3-route-writer/node_modules/express/lib/router/index.js:286:9
      at router.process_params (../m22-part3-route-writer/node_modules/express/lib/router/index.js:346:12)
      at next (../m22-part3-route-writer/node_modules/express/lib/router/index.js:280:10)
      at Layer.handle_error (../m22-part3-route-writer/node_modules/express/lib/router/layer.js:67:12)
      at trim_prefix (../m22-part3-route-writer/node_modules/express/lib/router/index.js:326:13)
      at ../m22-part3-route-writer/node_modules/express/lib/router/index.js:286:9
      at router.process_params (../m22-part3-route-writer/node_modules/express/lib/router/index.js:346:12)
      at next (../m22-part3-route-writer/node_modules/express/lib/router/index.js:280:10)
      at Layer.handle_error (../m22-part3-route-writer/node_modules/express/lib/router/layer.js:67:12)
      at trim_prefix (../m22-part3-route-writer/node_modules/express/lib/router/index.js:326:13)
      at ../m22-part3-route-writer/node_modules/express/lib/router/index.js:286:9
      at router.process_params (../m22-part3-route-writer/node_modules/express/lib/router/index.js:346:12)
      at next (../m22-part3-route-writer/node_modules/express/lib/router/index.js:280:10)
      at Layer.handle_error (../m22-part3-route-writer/node_modules/express/lib/router/layer.js:67:12)
      at trim_prefix (../m22-part3-route-writer/node_modules/express/lib/router/index.js:326:13)
      at ../m22-part3-route-writer/node_modules/express/lib/router/index.js:286:9
      at router.process_params (../m22-part3-route-writer/node_modules/express/lib/router/index.js:346:12)
      at next (../m22-part3-route-writer/node_modules/express/lib/router/index.js:280:10)
      at Layer.handle_error (../m22-part3-route-writer/node_modules/express/lib/router/layer.js:67:12)
      at trim_prefix (../m22-part3-route-writer/node_modules/express/lib/router/index.js:326:13)
      at ../m22-part3-route-writer/node_modules/express/lib/router/index.js:286:9
      at router.process_params (../m22-part3-route-writer/node_modules/express/lib/router/index.js:346:12)
      at next (../m22-part3-route-writer/node_modules/express/lib/router/index.js:280:10)
      at ../m22-part3-route-writer/node_modules/express/lib/router/index.js:646:15
      at next (../m22-part3-route-writer/node_modules/express/lib/router/index.js:265:14)
      at next (../m22-part3-route-writer/node_modules/express/lib/router/route.js:141:14)
      at Layer.handle_error (../m22-part3-route-writer/node_modules/express/lib/router/layer.js:67:12)
      at next (../m22-part3-route-writer/node_modules/express/lib/router/route.js:147:13)
      at Layer.handle_error (../m22-part3-route-writer/node_modules/express/lib/router/layer.js:67:12)
      at next (../m22-part3-route-writer/node_modules/express/lib/router/route.js:147:13)
      at Layer.handle_error (../m22-part3-route-writer/node_modules/express/lib/router/layer.js:67:12)
      at next (../m22-part3-route-writer/node_modules/express/lib/router/route.js:147:13)
      at Layer.handle_error (../m22-part3-route-writer/node_modules/express/lib/router/layer.js:67:12)
      at next (../m22-part3-route-writer/node_modules/express/lib/router/route.js:147:13)
      at next (src/scheduling/recommendationHttpBoundary.js:268:10)
      at Layer.handle [as handle_request] (../m22-part3-route-writer/node_modules/express/lib/router/layer.js:95:5)
      at next (../m22-part3-route-writer/node_modules/express/lib/router/route.js:149:13)
      at Route.dispatch (../m22-part3-route-writer/node_modules/express/lib/router/route.js:119:3)
      at Layer.handle [as handle_request] (../m22-part3-route-writer/node_modules/express/lib/router/layer.js:95:5)
      at ../m22-part3-route-writer/node_modules/express/lib/router/index.js:284:15
      at param (../m22-part3-route-writer/node_modules/express/lib/router/index.js:365:14)
      at param (../m22-part3-route-writer/node_modules/express/lib/router/index.js:376:14)
      at router.process_params (../m22-part3-route-writer/node_modules/express/lib/router/index.js:421:3)
      at next (../m22-part3-route-writer/node_modules/express/lib/router/index.js:280:10)
      at router.handle (../m22-part3-route-writer/node_modules/express/lib/router/index.js:175:3)
      at router (../m22-part3-route-writer/node_modules/express/lib/router/index.js:47:12)
      at Layer.handle [as handle_request] (../m22-part3-route-writer/node_modules/express/lib/router/layer.js:95:5)
      at trim_prefix (../m22-part3-route-writer/node_modules/express/lib/router/index.js:328:13)
      at ../m22-part3-route-writer/node_modules/express/lib/router/index.js:286:9
      at router.process_params (../m22-part3-route-writer/node_modules/express/lib/router/index.js:346:12)
      at next (../m22-part3-route-writer/node_modules/express/lib/router/index.js:280:10)
      at ../m22-part3-route-writer/node_modules/express/lib/router/index.js:646:15
      at next (../m22-part3-route-writer/node_modules/express/lib/router/index.js:265:14)
      at router.handle (../m22-part3-route-writer/node_modules/express/lib/router/index.js:175:3)
      at router (../m22-part3-route-writer/node_modules/express/lib/router/index.js:47:12)
      at Layer.handle [as handle_request] (../m22-part3-route-writer/node_modules/express/lib/router/layer.js:95:5)
      at trim_prefix (../m22-part3-route-writer/node_modules/express/lib/router/index.js:328:13)
      at ../m22-part3-route-writer/node_modules/express/lib/router/index.js:286:9
      at router.process_params (../m22-part3-route-writer/node_modules/express/lib/router/index.js:346:12)
      at next (../m22-part3-route-writer/node_modules/express/lib/router/index.js:280:10)
      at next (src/middleware/auditLog.js:168:3)
      at Layer.handle [as handle_request] (../m22-part3-route-writer/node_modules/express/lib/router/layer.js:95:5)
      at trim_prefix (../m22-part3-route-writer/node_modules/express/lib/router/index.js:328:13)
      at ../m22-part3-route-writer/node_modules/express/lib/router/index.js:286:9
      at router.process_params (../m22-part3-route-writer/node_modules/express/lib/router/index.js:346:12)
      at next (../m22-part3-route-writer/node_modules/express/lib/router/index.js:280:10)
      at next (src/middleware/security.js:52:3)
      at Layer.handle [as handle_request] (../m22-part3-route-writer/node_modules/express/lib/router/layer.js:95:5)
      at trim_prefix (../m22-part3-route-writer/node_modules/express/lib/router/index.js:328:13)
      at ../m22-part3-route-writer/node_modules/express/lib/router/index.js:286:9
      at router.process_params (../m22-part3-route-writer/node_modules/express/lib/router/index.js:346:12)
      at next (../m22-part3-route-writer/node_modules/express/lib/router/index.js:280:10)
      at ../m22-part3-route-writer/node_modules/body-parser/lib/read.js:137:5
      at invokeCallback (../m22-part3-route-writer/node_modules/raw-body/index.js:238:16)
      at done (../m22-part3-route-writer/node_modules/raw-body/index.js:227:7)
      at IncomingMessage.onEnd (../m22-part3-route-writer/node_modules/raw-body/index.js:287:7)

  console.info
    {
      component: 'http',
      event: 'request_completed',
      requestId: '3bd633c5-ee62-4add-bfaf-00d24ff4d0c6',
      methodClass: 'POST',
      durationMs: 3,
      statusCode: 500
    }

      at write (src/observability/safeLogger.js:178:17)

  console.error
    {
      component: 'http',
      event: 'request_failed',
      requestId: '326eff99-ff8e-4648-9a49-57717ad8e74b',
      methodClass: 'POST',
      statusCode: 500
    }

      176 |     ...safeFields(fields),
      177 |   };
    > 178 |   console[level](record);
          |                 ^
      179 |   return record;
      180 | }
      181 |

      at write (src/observability/safeLogger.js:178:17)
      at Object.write (src/observability/safeLogger.js:191:10)
      at error (src/middleware/errorHandler.js:22:14)
      at Layer.handle_error (../m22-part3-route-writer/node_modules/express/lib/router/layer.js:71:5)
      at trim_prefix (../m22-part3-route-writer/node_modules/express/lib/router/index.js:326:13)
      at ../m22-part3-route-writer/node_modules/express/lib/router/index.js:286:9
      at router.process_params (../m22-part3-route-writer/node_modules/express/lib/router/index.js:346:12)
      at next (../m22-part3-route-writer/node_modules/express/lib/router/index.js:280:10)
      at Layer.handle_error (../m22-part3-route-writer/node_modules/express/lib/router/layer.js:67:12)
      at trim_prefix (../m22-part3-route-writer/node_modules/express/lib/router/index.js:326:13)
      at ../m22-part3-route-writer/node_modules/express/lib/router/index.js:286:9
      at router.process_params (../m22-part3-route-writer/node_modules/express/lib/router/index.js:346:12)
      at next (../m22-part3-route-writer/node_modules/express/lib/router/index.js:280:10)
      at Layer.handle_error (../m22-part3-route-writer/node_modules/express/lib/router/layer.js:67:12)
      at trim_prefix (../m22-part3-route-writer/node_modules/express/lib/router/index.js:326:13)
      at ../m22-part3-route-writer/node_modules/express/lib/router/index.js:286:9
      at router.process_params (../m22-part3-route-writer/node_modules/express/lib/router/index.js:346:12)
      at next (../m22-part3-route-writer/node_modules/express/lib/router/index.js:280:10)
      at Layer.handle_error (../m22-part3-route-writer/node_modules/express/lib/router/layer.js:67:12)
      at trim_prefix (../m22-part3-route-writer/node_modules/express/lib/router/index.js:326:13)
      at ../m22-part3-route-writer/node_modules/express/lib/router/index.js:286:9
      at router.process_params (../m22-part3-route-writer/node_modules/express/lib/router/index.js:346:12)
      at next (../m22-part3-route-writer/node_modules/express/lib/router/index.js:280:10)
      at Layer.handle_error (../m22-part3-route-writer/node_modules/express/lib/router/layer.js:67:12)
      at trim_prefix (../m22-part3-route-writer/node_modules/express/lib/router/index.js:326:13)
      at ../m22-part3-route-writer/node_modules/express/lib/router/index.js:286:9
      at router.process_params (../m22-part3-route-writer/node_modules/express/lib/router/index.js:346:12)
      at next (../m22-part3-route-writer/node_modules/express/lib/router/index.js:280:10)
      at Layer.handle_error (../m22-part3-route-writer/node_modules/express/lib/router/layer.js:67:12)
      at trim_prefix (../m22-part3-route-writer/node_modules/express/lib/router/index.js:326:13)
      at ../m22-part3-route-writer/node_modules/express/lib/router/index.js:286:9
      at router.process_params (../m22-part3-route-writer/node_modules/express/lib/router/index.js:346:12)
      at next (../m22-part3-route-writer/node_modules/express/lib/router/index.js:280:10)
      at Layer.handle_error (../m22-part3-route-writer/node_modules/express/lib/router/layer.js:67:12)
      at trim_prefix (../m22-part3-route-writer/node_modules/express/lib/router/index.js:326:13)
      at ../m22-part3-route-writer/node_modules/express/lib/router/index.js:286:9
      at router.process_params (../m22-part3-route-writer/node_modules/express/lib/router/index.js:346:12)
      at next (../m22-part3-route-writer/node_modules/express/lib/router/index.js:280:10)
      at Layer.handle_error (../m22-part3-route-writer/node_modules/express/lib/router/layer.js:67:12)
      at trim_prefix (../m22-part3-route-writer/node_modules/express/lib/router/index.js:326:13)
      at ../m22-part3-route-writer/node_modules/express/lib/router/index.js:286:9
      at router.process_params (../m22-part3-route-writer/node_modules/express/lib/router/index.js:346:12)
      at next (../m22-part3-route-writer/node_modules/express/lib/router/index.js:280:10)
      at ../m22-part3-route-writer/node_modules/express/lib/router/index.js:646:15
      at next (../m22-part3-route-writer/node_modules/express/lib/router/index.js:265:14)
      at next (../m22-part3-route-writer/node_modules/express/lib/router/route.js:141:14)
      at Layer.handle_error (../m22-part3-route-writer/node_modules/express/lib/router/layer.js:67:12)
      at next (../m22-part3-route-writer/node_modules/express/lib/router/route.js:147:13)
      at Layer.handle_error (../m22-part3-route-writer/node_modules/express/lib/router/layer.js:67:12)
      at next (../m22-part3-route-writer/node_modules/express/lib/router/route.js:147:13)
      at Layer.handle_error (../m22-part3-route-writer/node_modules/express/lib/router/layer.js:67:12)
      at next (../m22-part3-route-writer/node_modules/express/lib/router/route.js:147:13)
      at Layer.handle_error (../m22-part3-route-writer/node_modules/express/lib/router/layer.js:67:12)
      at next (../m22-part3-route-writer/node_modules/express/lib/router/route.js:147:13)
      at next (src/scheduling/recommendationHttpBoundary.js:268:10)
      at Layer.handle [as handle_request] (../m22-part3-route-writer/node_modules/express/lib/router/layer.js:95:5)
      at next (../m22-part3-route-writer/node_modules/express/lib/router/route.js:149:13)
      at Route.dispatch (../m22-part3-route-writer/node_modules/express/lib/router/route.js:119:3)
      at Layer.handle [as handle_request] (../m22-part3-route-writer/node_modules/express/lib/router/layer.js:95:5)
      at ../m22-part3-route-writer/node_modules/express/lib/router/index.js:284:15
      at param (../m22-part3-route-writer/node_modules/express/lib/router/index.js:365:14)
      at param (../m22-part3-route-writer/node_modules/express/lib/router/index.js:376:14)
      at router.process_params (../m22-part3-route-writer/node_modules/express/lib/router/index.js:421:3)
      at next (../m22-part3-route-writer/node_modules/express/lib/router/index.js:280:10)
      at router.handle (../m22-part3-route-writer/node_modules/express/lib/router/index.js:175:3)
      at router (../m22-part3-route-writer/node_modules/express/lib/router/index.js:47:12)
      at Layer.handle [as handle_request] (../m22-part3-route-writer/node_modules/express/lib/router/layer.js:95:5)
      at trim_prefix (../m22-part3-route-writer/node_modules/express/lib/router/index.js:328:13)
      at ../m22-part3-route-writer/node_modules/express/lib/router/index.js:286:9
      at router.process_params (../m22-part3-route-writer/node_modules/express/lib/router/index.js:346:12)
      at next (../m22-part3-route-writer/node_modules/express/lib/router/index.js:280:10)
      at ../m22-part3-route-writer/node_modules/express/lib/router/index.js:646:15
      at next (../m22-part3-route-writer/node_modules/express/lib/router/index.js:265:14)
      at router.handle (../m22-part3-route-writer/node_modules/express/lib/router/index.js:175:3)
      at router (../m22-part3-route-writer/node_modules/express/lib/router/index.js:47:12)
      at Layer.handle [as handle_request] (../m22-part3-route-writer/node_modules/express/lib/router/layer.js:95:5)
      at trim_prefix (../m22-part3-route-writer/node_modules/express/lib/router/index.js:328:13)
      at ../m22-part3-route-writer/node_modules/express/lib/router/index.js:286:9
      at router.process_params (../m22-part3-route-writer/node_modules/express/lib/router/index.js:346:12)
      at next (../m22-part3-route-writer/node_modules/express/lib/router/index.js:280:10)
      at next (src/middleware/auditLog.js:168:3)
      at Layer.handle [as handle_request] (../m22-part3-route-writer/node_modules/express/lib/router/layer.js:95:5)
      at trim_prefix (../m22-part3-route-writer/node_modules/express/lib/router/index.js:328:13)
      at ../m22-part3-route-writer/node_modules/express/lib/router/index.js:286:9
      at router.process_params (../m22-part3-route-writer/node_modules/express/lib/router/index.js:346:12)
      at next (../m22-part3-route-writer/node_modules/express/lib/router/index.js:280:10)
      at next (src/middleware/security.js:52:3)
      at Layer.handle [as handle_request] (../m22-part3-route-writer/node_modules/express/lib/router/layer.js:95:5)
      at trim_prefix (../m22-part3-route-writer/node_modules/express/lib/router/index.js:328:13)
      at ../m22-part3-route-writer/node_modules/express/lib/router/index.js:286:9
      at router.process_params (../m22-part3-route-writer/node_modules/express/lib/router/index.js:346:12)
      at next (../m22-part3-route-writer/node_modules/express/lib/router/index.js:280:10)
      at ../m22-part3-route-writer/node_modules/body-parser/lib/read.js:137:5
      at invokeCallback (../m22-part3-route-writer/node_modules/raw-body/index.js:238:16)
      at done (../m22-part3-route-writer/node_modules/raw-body/index.js:227:7)
      at IncomingMessage.onEnd (../m22-part3-route-writer/node_modules/raw-body/index.js:287:7)

  console.info
    {
      component: 'http',
      event: 'request_completed',
      requestId: '326eff99-ff8e-4648-9a49-57717ad8e74b',
      methodClass: 'POST',
      durationMs: 5,
      statusCode: 500
    }

      at write (src/observability/safeLogger.js:178:17)

  console.error
    {
      component: 'http',
      event: 'request_failed',
      requestId: '9ead45df-1309-4d0d-9637-698248f73c38',
      methodClass: 'POST',
      statusCode: 500
    }

      176 |     ...safeFields(fields),
      177 |   };
    > 178 |   console[level](record);
          |                 ^
      179 |   return record;
      180 | }
      181 |

      at write (src/observability/safeLogger.js:178:17)
      at Object.write (src/observability/safeLogger.js:191:10)
      at error (src/middleware/errorHandler.js:22:14)
      at Layer.handle_error (../m22-part3-route-writer/node_modules/express/lib/router/layer.js:71:5)
      at trim_prefix (../m22-part3-route-writer/node_modules/express/lib/router/index.js:326:13)
      at ../m22-part3-route-writer/node_modules/express/lib/router/index.js:286:9
      at router.process_params (../m22-part3-route-writer/node_modules/express/lib/router/index.js:346:12)
      at next (../m22-part3-route-writer/node_modules/express/lib/router/index.js:280:10)
      at Layer.handle_error (../m22-part3-route-writer/node_modules/express/lib/router/layer.js:67:12)
      at trim_prefix (../m22-part3-route-writer/node_modules/express/lib/router/index.js:326:13)
      at ../m22-part3-route-writer/node_modules/express/lib/router/index.js:286:9
      at router.process_params (../m22-part3-route-writer/node_modules/express/lib/router/index.js:346:12)
      at next (../m22-part3-route-writer/node_modules/express/lib/router/index.js:280:10)
      at Layer.handle_error (../m22-part3-route-writer/node_modules/express/lib/router/layer.js:67:12)
      at trim_prefix (../m22-part3-route-writer/node_modules/express/lib/router/index.js:326:13)
      at ../m22-part3-route-writer/node_modules/express/lib/router/index.js:286:9
      at router.process_params (../m22-part3-route-writer/node_modules/express/lib/router/index.js:346:12)
      at next (../m22-part3-route-writer/node_modules/express/lib/router/index.js:280:10)
      at Layer.handle_error (../m22-part3-route-writer/node_modules/express/lib/router/layer.js:67:12)
      at trim_prefix (../m22-part3-route-writer/node_modules/express/lib/router/index.js:326:13)
      at ../m22-part3-route-writer/node_modules/express/lib/router/index.js:286:9
      at router.process_params (../m22-part3-route-writer/node_modules/express/lib/router/index.js:346:12)
      at next (../m22-part3-route-writer/node_modules/express/lib/router/index.js:280:10)
      at Layer.handle_error (../m22-part3-route-writer/node_modules/express/lib/router/layer.js:67:12)
      at trim_prefix (../m22-part3-route-writer/node_modules/express/lib/router/index.js:326:13)
      at ../m22-part3-route-writer/node_modules/express/lib/router/index.js:286:9
      at router.process_params (../m22-part3-route-writer/node_modules/express/lib/router/index.js:346:12)
      at next (../m22-part3-route-writer/node_modules/express/lib/router/index.js:280:10)
      at Layer.handle_error (../m22-part3-route-writer/node_modules/express/lib/router/layer.js:67:12)
      at trim_prefix (../m22-part3-route-writer/node_modules/express/lib/router/index.js:326:13)
      at ../m22-part3-route-writer/node_modules/express/lib/router/index.js:286:9
      at router.process_params (../m22-part3-route-writer/node_modules/express/lib/router/index.js:346:12)
      at next (../m22-part3-route-writer/node_modules/express/lib/router/index.js:280:10)
      at Layer.handle_error (../m22-part3-route-writer/node_modules/express/lib/router/layer.js:67:12)
      at trim_prefix (../m22-part3-route-writer/node_modules/express/lib/router/index.js:326:13)
      at ../m22-part3-route-writer/node_modules/express/lib/router/index.js:286:9
      at router.process_params (../m22-part3-route-writer/node_modules/express/lib/router/index.js:346:12)
      at next (../m22-part3-route-writer/node_modules/express/lib/router/index.js:280:10)
      at Layer.handle_error (../m22-part3-route-writer/node_modules/express/lib/router/layer.js:67:12)
      at trim_prefix (../m22-part3-route-writer/node_modules/express/lib/router/index.js:326:13)
      at ../m22-part3-route-writer/node_modules/express/lib/router/index.js:286:9
      at router.process_params (../m22-part3-route-writer/node_modules/express/lib/router/index.js:346:12)
      at next (../m22-part3-route-writer/node_modules/express/lib/router/index.js:280:10)
      at ../m22-part3-route-writer/node_modules/express/lib/router/index.js:646:15
      at next (../m22-part3-route-writer/node_modules/express/lib/router/index.js:265:14)
      at next (../m22-part3-route-writer/node_modules/express/lib/router/route.js:141:14)
      at Layer.handle_error (../m22-part3-route-writer/node_modules/express/lib/router/layer.js:67:12)
      at next (../m22-part3-route-writer/node_modules/express/lib/router/route.js:147:13)
      at Layer.handle_error (../m22-part3-route-writer/node_modules/express/lib/router/layer.js:67:12)
      at next (../m22-part3-route-writer/node_modules/express/lib/router/route.js:147:13)
      at Layer.handle_error (../m22-part3-route-writer/node_modules/express/lib/router/layer.js:67:12)
      at next (../m22-part3-route-writer/node_modules/express/lib/router/route.js:147:13)
      at Layer.handle_error (../m22-part3-route-writer/node_modules/express/lib/router/layer.js:67:12)
      at next (../m22-part3-route-writer/node_modules/express/lib/router/route.js:147:13)
      at next (src/scheduling/recommendationHttpBoundary.js:268:10)
      at Layer.handle [as handle_request] (../m22-part3-route-writer/node_modules/express/lib/router/layer.js:95:5)
      at next (../m22-part3-route-writer/node_modules/express/lib/router/route.js:149:13)
      at Route.dispatch (../m22-part3-route-writer/node_modules/express/lib/router/route.js:119:3)
      at Layer.handle [as handle_request] (../m22-part3-route-writer/node_modules/express/lib/router/layer.js:95:5)
      at ../m22-part3-route-writer/node_modules/express/lib/router/index.js:284:15
      at param (../m22-part3-route-writer/node_modules/express/lib/router/index.js:365:14)
      at param (../m22-part3-route-writer/node_modules/express/lib/router/index.js:376:14)
      at router.process_params (../m22-part3-route-writer/node_modules/express/lib/router/index.js:421:3)
      at next (../m22-part3-route-writer/node_modules/express/lib/router/index.js:280:10)
      at router.handle (../m22-part3-route-writer/node_modules/express/lib/router/index.js:175:3)
      at router (../m22-part3-route-writer/node_modules/express/lib/router/index.js:47:12)
      at Layer.handle [as handle_request] (../m22-part3-route-writer/node_modules/express/lib/router/layer.js:95:5)
      at trim_prefix (../m22-part3-route-writer/node_modules/express/lib/router/index.js:328:13)
      at ../m22-part3-route-writer/node_modules/express/lib/router/index.js:286:9
      at router.process_params (../m22-part3-route-writer/node_modules/express/lib/router/index.js:346:12)
      at next (../m22-part3-route-writer/node_modules/express/lib/router/index.js:280:10)
      at ../m22-part3-route-writer/node_modules/express/lib/router/index.js:646:15
      at next (../m22-part3-route-writer/node_modules/express/lib/router/index.js:265:14)
      at router.handle (../m22-part3-route-writer/node_modules/express/lib/router/index.js:175:3)
      at router (../m22-part3-route-writer/node_modules/express/lib/router/index.js:47:12)
      at Layer.handle [as handle_request] (../m22-part3-route-writer/node_modules/express/lib/router/layer.js:95:5)
      at trim_prefix (../m22-part3-route-writer/node_modules/express/lib/router/index.js:328:13)
      at ../m22-part3-route-writer/node_modules/express/lib/router/index.js:286:9
      at router.process_params (../m22-part3-route-writer/node_modules/express/lib/router/index.js:346:12)
      at next (../m22-part3-route-writer/node_modules/express/lib/router/index.js:280:10)
      at next (src/middleware/auditLog.js:168:3)
      at Layer.handle [as handle_request] (../m22-part3-route-writer/node_modules/express/lib/router/layer.js:95:5)
      at trim_prefix (../m22-part3-route-writer/node_modules/express/lib/router/index.js:328:13)
      at ../m22-part3-route-writer/node_modules/express/lib/router/index.js:286:9
      at router.process_params (../m22-part3-route-writer/node_modules/express/lib/router/index.js:346:12)
      at next (../m22-part3-route-writer/node_modules/express/lib/router/index.js:280:10)
      at next (src/middleware/security.js:52:3)
      at Layer.handle [as handle_request] (../m22-part3-route-writer/node_modules/express/lib/router/layer.js:95:5)
      at trim_prefix (../m22-part3-route-writer/node_modules/express/lib/router/index.js:328:13)
      at ../m22-part3-route-writer/node_modules/express/lib/router/index.js:286:9
      at router.process_params (../m22-part3-route-writer/node_modules/express/lib/router/index.js:346:12)
      at next (../m22-part3-route-writer/node_modules/express/lib/router/index.js:280:10)
      at ../m22-part3-route-writer/node_modules/body-parser/lib/read.js:137:5
      at invokeCallback (../m22-part3-route-writer/node_modules/raw-body/index.js:238:16)
      at done (../m22-part3-route-writer/node_modules/raw-body/index.js:227:7)
      at IncomingMessage.onEnd (../m22-part3-route-writer/node_modules/raw-body/index.js:287:7)

  console.info
    {
      component: 'http',
      event: 'request_completed',
      requestId: '9ead45df-1309-4d0d-9637-698248f73c38',
      methodClass: 'POST',
      durationMs: 5,
      statusCode: 500
    }

      at write (src/observability/safeLogger.js:178:17)

  console.error
    {
      component: 'http',
      event: 'request_failed',
      requestId: 'f4a33854-f6fc-4aa8-bd43-c5fc47bec09b',
      methodClass: 'POST',
      statusCode: 500
    }

      176 |     ...safeFields(fields),
      177 |   };
    > 178 |   console[level](record);
          |                 ^
      179 |   return record;
      180 | }
      181 |

      at write (src/observability/safeLogger.js:178:17)
      at Object.write (src/observability/safeLogger.js:191:10)
      at error (src/middleware/errorHandler.js:22:14)
      at Layer.handle_error (../m22-part3-route-writer/node_modules/express/lib/router/layer.js:71:5)
      at trim_prefix (../m22-part3-route-writer/node_modules/express/lib/router/index.js:326:13)
      at ../m22-part3-route-writer/node_modules/express/lib/router/index.js:286:9
      at router.process_params (../m22-part3-route-writer/node_modules/express/lib/router/index.js:346:12)
      at next (../m22-part3-route-writer/node_modules/express/lib/router/index.js:280:10)
      at Layer.handle_error (../m22-part3-route-writer/node_modules/express/lib/router/layer.js:67:12)
      at trim_prefix (../m22-part3-route-writer/node_modules/express/lib/router/index.js:326:13)
      at ../m22-part3-route-writer/node_modules/express/lib/router/index.js:286:9
      at router.process_params (../m22-part3-route-writer/node_modules/express/lib/router/index.js:346:12)
      at next (../m22-part3-route-writer/node_modules/express/lib/router/index.js:280:10)
      at Layer.handle_error (../m22-part3-route-writer/node_modules/express/lib/router/layer.js:67:12)
      at trim_prefix (../m22-part3-route-writer/node_modules/express/lib/router/index.js:326:13)
      at ../m22-part3-route-writer/node_modules/express/lib/router/index.js:286:9
      at router.process_params (../m22-part3-route-writer/node_modules/express/lib/router/index.js:346:12)
      at next (../m22-part3-route-writer/node_modules/express/lib/router/index.js:280:10)
      at Layer.handle_error (../m22-part3-route-writer/node_modules/express/lib/router/layer.js:67:12)
      at trim_prefix (../m22-part3-route-writer/node_modules/express/lib/router/index.js:326:13)
      at ../m22-part3-route-writer/node_modules/express/lib/router/index.js:286:9
      at router.process_params (../m22-part3-route-writer/node_modules/express/lib/router/index.js:346:12)
      at next (../m22-part3-route-writer/node_modules/express/lib/router/index.js:280:10)
      at Layer.handle_error (../m22-part3-route-writer/node_modules/express/lib/router/layer.js:67:12)
      at trim_prefix (../m22-part3-route-writer/node_modules/express/lib/router/index.js:326:13)
      at ../m22-part3-route-writer/node_modules/express/lib/router/index.js:286:9
      at router.process_params (../m22-part3-route-writer/node_modules/express/lib/router/index.js:346:12)
      at next (../m22-part3-route-writer/node_modules/express/lib/router/index.js:280:10)
      at Layer.handle_error (../m22-part3-route-writer/node_modules/express/lib/router/layer.js:67:12)
      at trim_prefix (../m22-part3-route-writer/node_modules/express/lib/router/index.js:326:13)
      at ../m22-part3-route-writer/node_modules/express/lib/router/index.js:286:9
      at router.process_params (../m22-part3-route-writer/node_modules/express/lib/router/index.js:346:12)
      at next (../m22-part3-route-writer/node_modules/express/lib/router/index.js:280:10)
      at Layer.handle_error (../m22-part3-route-writer/node_modules/express/lib/router/layer.js:67:12)
      at trim_prefix (../m22-part3-route-writer/node_modules/express/lib/router/index.js:326:13)
      at ../m22-part3-route-writer/node_modules/express/lib/router/index.js:286:9
      at router.process_params (../m22-part3-route-writer/node_modules/express/lib/router/index.js:346:12)
      at next (../m22-part3-route-writer/node_modules/express/lib/router/index.js:280:10)
      at Layer.handle_error (../m22-part3-route-writer/node_modules/express/lib/router/layer.js:67:12)
      at trim_prefix (../m22-part3-route-writer/node_modules/express/lib/router/index.js:326:13)
      at ../m22-part3-route-writer/node_modules/express/lib/router/index.js:286:9
      at router.process_params (../m22-part3-route-writer/node_modules/express/lib/router/index.js:346:12)
      at next (../m22-part3-route-writer/node_modules/express/lib/router/index.js:280:10)
      at ../m22-part3-route-writer/node_modules/express/lib/router/index.js:646:15
      at next (../m22-part3-route-writer/node_modules/express/lib/router/index.js:265:14)
      at next (../m22-part3-route-writer/node_modules/express/lib/router/route.js:141:14)
      at Layer.handle_error (../m22-part3-route-writer/node_modules/express/lib/router/layer.js:67:12)
      at next (../m22-part3-route-writer/node_modules/express/lib/router/route.js:147:13)
      at Layer.handle_error (../m22-part3-route-writer/node_modules/express/lib/router/layer.js:67:12)
      at next (../m22-part3-route-writer/node_modules/express/lib/router/route.js:147:13)
      at Layer.handle_error (../m22-part3-route-writer/node_modules/express/lib/router/layer.js:67:12)
      at next (../m22-part3-route-writer/node_modules/express/lib/router/route.js:147:13)
      at Layer.handle_error (../m22-part3-route-writer/node_modules/express/lib/router/layer.js:67:12)
      at next (../m22-part3-route-writer/node_modules/express/lib/router/route.js:147:13)
      at next (src/scheduling/recommendationHttpBoundary.js:268:10)
      at Layer.handle [as handle_request] (../m22-part3-route-writer/node_modules/express/lib/router/layer.js:95:5)
      at next (../m22-part3-route-writer/node_modules/express/lib/router/route.js:149:13)
      at Route.dispatch (../m22-part3-route-writer/node_modules/express/lib/router/route.js:119:3)
      at Layer.handle [as handle_request] (../m22-part3-route-writer/node_modules/express/lib/router/layer.js:95:5)
      at ../m22-part3-route-writer/node_modules/express/lib/router/index.js:284:15
      at param (../m22-part3-route-writer/node_modules/express/lib/router/index.js:365:14)
      at param (../m22-part3-route-writer/node_modules/express/lib/router/index.js:376:14)
      at router.process_params (../m22-part3-route-writer/node_modules/express/lib/router/index.js:421:3)
      at next (../m22-part3-route-writer/node_modules/express/lib/router/index.js:280:10)
      at router.handle (../m22-part3-route-writer/node_modules/express/lib/router/index.js:175:3)
      at router (../m22-part3-route-writer/node_modules/express/lib/router/index.js:47:12)
      at Layer.handle [as handle_request] (../m22-part3-route-writer/node_modules/express/lib/router/layer.js:95:5)
      at trim_prefix (../m22-part3-route-writer/node_modules/express/lib/router/index.js:328:13)
      at ../m22-part3-route-writer/node_modules/express/lib/router/index.js:286:9
      at router.process_params (../m22-part3-route-writer/node_modules/express/lib/router/index.js:346:12)
      at next (../m22-part3-route-writer/node_modules/express/lib/router/index.js:280:10)
      at ../m22-part3-route-writer/node_modules/express/lib/router/index.js:646:15
      at next (../m22-part3-route-writer/node_modules/express/lib/router/index.js:265:14)
      at router.handle (../m22-part3-route-writer/node_modules/express/lib/router/index.js:175:3)
      at router (../m22-part3-route-writer/node_modules/express/lib/router/index.js:47:12)
      at Layer.handle [as handle_request] (../m22-part3-route-writer/node_modules/express/lib/router/layer.js:95:5)
      at trim_prefix (../m22-part3-route-writer/node_modules/express/lib/router/index.js:328:13)
      at ../m22-part3-route-writer/node_modules/express/lib/router/index.js:286:9
      at router.process_params (../m22-part3-route-writer/node_modules/express/lib/router/index.js:346:12)
      at next (../m22-part3-route-writer/node_modules/express/lib/router/index.js:280:10)
      at next (src/middleware/auditLog.js:168:3)
      at Layer.handle [as handle_request] (../m22-part3-route-writer/node_modules/express/lib/router/layer.js:95:5)
      at trim_prefix (../m22-part3-route-writer/node_modules/express/lib/router/index.js:328:13)
      at ../m22-part3-route-writer/node_modules/express/lib/router/index.js:286:9
      at router.process_params (../m22-part3-route-writer/node_modules/express/lib/router/index.js:346:12)
      at next (../m22-part3-route-writer/node_modules/express/lib/router/index.js:280:10)
      at next (src/middleware/security.js:52:3)
      at Layer.handle [as handle_request] (../m22-part3-route-writer/node_modules/express/lib/router/layer.js:95:5)
      at trim_prefix (../m22-part3-route-writer/node_modules/express/lib/router/index.js:328:13)
      at ../m22-part3-route-writer/node_modules/express/lib/router/index.js:286:9
      at router.process_params (../m22-part3-route-writer/node_modules/express/lib/router/index.js:346:12)
      at next (../m22-part3-route-writer/node_modules/express/lib/router/index.js:280:10)
      at ../m22-part3-route-writer/node_modules/body-parser/lib/read.js:137:5
      at invokeCallback (../m22-part3-route-writer/node_modules/raw-body/index.js:238:16)
      at done (../m22-part3-route-writer/node_modules/raw-body/index.js:227:7)
      at IncomingMessage.onEnd (../m22-part3-route-writer/node_modules/raw-body/index.js:287:7)

  console.info
    {
      component: 'http',
      event: 'request_completed',
      requestId: 'f4a33854-f6fc-4aa8-bd43-c5fc47bec09b',
      methodClass: 'POST',
      durationMs: 5,
      statusCode: 500
    }

      at write (src/observability/safeLogger.js:178:17)

  console.error
    {
      component: 'http',
      event: 'request_failed',
      requestId: 'ea7e047e-25f3-48ab-a903-457febafbb42',
      methodClass: 'POST',
      statusCode: 400
    }

      176 |     ...safeFields(fields),
      177 |   };
    > 178 |   console[level](record);
          |                 ^
      179 |   return record;
      180 | }
      181 |

      at write (src/observability/safeLogger.js:178:17)
      at Object.write (src/observability/safeLogger.js:191:10)
      at error (src/middleware/errorHandler.js:22:14)
      at Layer.handle_error (../m22-part3-route-writer/node_modules/express/lib/router/layer.js:71:5)
      at trim_prefix (../m22-part3-route-writer/node_modules/express/lib/router/index.js:326:13)
      at ../m22-part3-route-writer/node_modules/express/lib/router/index.js:286:9
      at router.process_params (../m22-part3-route-writer/node_modules/express/lib/router/index.js:346:12)
      at next (../m22-part3-route-writer/node_modules/express/lib/router/index.js:280:10)
      at Layer.handle_error (../m22-part3-route-writer/node_modules/express/lib/router/layer.js:67:12)
      at trim_prefix (../m22-part3-route-writer/node_modules/express/lib/router/index.js:326:13)
      at ../m22-part3-route-writer/node_modules/express/lib/router/index.js:286:9
      at router.process_params (../m22-part3-route-writer/node_modules/express/lib/router/index.js:346:12)
      at next (../m22-part3-route-writer/node_modules/express/lib/router/index.js:280:10)
      at Layer.handle_error (../m22-part3-route-writer/node_modules/express/lib/router/layer.js:67:12)
      at trim_prefix (../m22-part3-route-writer/node_modules/express/lib/router/index.js:326:13)
      at ../m22-part3-route-writer/node_modules/express/lib/router/index.js:286:9
      at router.process_params (../m22-part3-route-writer/node_modules/express/lib/router/index.js:346:12)
      at next (../m22-part3-route-writer/node_modules/express/lib/router/index.js:280:10)
      at Layer.handle_error (../m22-part3-route-writer/node_modules/express/lib/router/layer.js:67:12)
      at trim_prefix (../m22-part3-route-writer/node_modules/express/lib/router/index.js:326:13)
      at ../m22-part3-route-writer/node_modules/express/lib/router/index.js:286:9
      at router.process_params (../m22-part3-route-writer/node_modules/express/lib/router/index.js:346:12)
      at next (../m22-part3-route-writer/node_modules/express/lib/router/index.js:280:10)
      at Layer.handle_error (../m22-part3-route-writer/node_modules/express/lib/router/layer.js:67:12)
      at trim_prefix (../m22-part3-route-writer/node_modules/express/lib/router/index.js:326:13)
      at ../m22-part3-route-writer/node_modules/express/lib/router/index.js:286:9
      at router.process_params (../m22-part3-route-writer/node_modules/express/lib/router/index.js:346:12)
      at next (../m22-part3-route-writer/node_modules/express/lib/router/index.js:280:10)
      at Layer.handle_error (../m22-part3-route-writer/node_modules/express/lib/router/layer.js:67:12)
      at trim_prefix (../m22-part3-route-writer/node_modules/express/lib/router/index.js:326:13)
      at ../m22-part3-route-writer/node_modules/express/lib/router/index.js:286:9
      at router.process_params (../m22-part3-route-writer/node_modules/express/lib/router/index.js:346:12)
      at next (../m22-part3-route-writer/node_modules/express/lib/router/index.js:280:10)
      at Layer.handle_error (../m22-part3-route-writer/node_modules/express/lib/router/layer.js:67:12)
      at trim_prefix (../m22-part3-route-writer/node_modules/express/lib/router/index.js:326:13)
      at ../m22-part3-route-writer/node_modules/express/lib/router/index.js:286:9
      at router.process_params (../m22-part3-route-writer/node_modules/express/lib/router/index.js:346:12)
      at next (../m22-part3-route-writer/node_modules/express/lib/router/index.js:280:10)
      at Layer.handle_error (../m22-part3-route-writer/node_modules/express/lib/router/layer.js:67:12)
      at trim_prefix (../m22-part3-route-writer/node_modules/express/lib/router/index.js:326:13)
      at ../m22-part3-route-writer/node_modules/express/lib/router/index.js:286:9
      at router.process_params (../m22-part3-route-writer/node_modules/express/lib/router/index.js:346:12)
      at next (../m22-part3-route-writer/node_modules/express/lib/router/index.js:280:10)
      at ../m22-part3-route-writer/node_modules/express/lib/router/index.js:646:15
      at next (../m22-part3-route-writer/node_modules/express/lib/router/index.js:265:14)
      at router.handle (../m22-part3-route-writer/node_modules/express/lib/router/index.js:175:3)
      at router (../m22-part3-route-writer/node_modules/express/lib/router/index.js:47:12)
      at Layer.handle [as handle_request] (../m22-part3-route-writer/node_modules/express/lib/router/layer.js:95:5)
      at trim_prefix (../m22-part3-route-writer/node_modules/express/lib/router/index.js:328:13)
      at ../m22-part3-route-writer/node_modules/express/lib/router/index.js:286:9
      at router.process_params (../m22-part3-route-writer/node_modules/express/lib/router/index.js:346:12)
      at next (../m22-part3-route-writer/node_modules/express/lib/router/index.js:280:10)
      at ../m22-part3-route-writer/node_modules/express/lib/router/index.js:646:15
      at next (../m22-part3-route-writer/node_modules/express/lib/router/index.js:265:14)
      at router.handle (../m22-part3-route-writer/node_modules/express/lib/router/index.js:175:3)
      at router (../m22-part3-route-writer/node_modules/express/lib/router/index.js:47:12)
      at Layer.handle [as handle_request] (../m22-part3-route-writer/node_modules/express/lib/router/layer.js:95:5)
      at trim_prefix (../m22-part3-route-writer/node_modules/express/lib/router/index.js:328:13)
      at ../m22-part3-route-writer/node_modules/express/lib/router/index.js:286:9
      at router.process_params (../m22-part3-route-writer/node_modules/express/lib/router/index.js:346:12)
      at next (../m22-part3-route-writer/node_modules/express/lib/router/index.js:280:10)
      at next (src/middleware/auditLog.js:168:3)
      at Layer.handle [as handle_request] (../m22-part3-route-writer/node_modules/express/lib/router/layer.js:95:5)
      at trim_prefix (../m22-part3-route-writer/node_modules/express/lib/router/index.js:328:13)
      at ../m22-part3-route-writer/node_modules/express/lib/router/index.js:286:9
      at router.process_params (../m22-part3-route-writer/node_modules/express/lib/router/index.js:346:12)
      at next (../m22-part3-route-writer/node_modules/express/lib/router/index.js:280:10)
      at next (src/middleware/security.js:52:3)
      at Layer.handle [as handle_request] (../m22-part3-route-writer/node_modules/express/lib/router/layer.js:95:5)
      at trim_prefix (../m22-part3-route-writer/node_modules/express/lib/router/index.js:328:13)
      at ../m22-part3-route-writer/node_modules/express/lib/router/index.js:286:9
      at router.process_params (../m22-part3-route-writer/node_modules/express/lib/router/index.js:346:12)
      at next (../m22-part3-route-writer/node_modules/express/lib/router/index.js:280:10)
      at ../m22-part3-route-writer/node_modules/body-parser/lib/read.js:137:5
      at invokeCallback (../m22-part3-route-writer/node_modules/raw-body/index.js:238:16)
      at done (../m22-part3-route-writer/node_modules/raw-body/index.js:227:7)
      at IncomingMessage.onEnd (../m22-part3-route-writer/node_modules/raw-body/index.js:287:7)

  console.info
    {
      component: 'http',
      event: 'request_completed',
      requestId: 'ea7e047e-25f3-48ab-a903-457febafbb42',
      methodClass: 'POST',
      durationMs: 4,
      statusCode: 400
    }

      at write (src/observability/safeLogger.js:178:17)

  console.error
    {
      component: 'http',
      event: 'request_failed',
      requestId: '89e132a9-0bf6-43ec-9539-145c97f5873e',
      methodClass: 'POST',
      statusCode: 413
    }

      176 |     ...safeFields(fields),
      177 |   };
    > 178 |   console[level](record);
          |                 ^
      179 |   return record;
      180 | }
      181 |

      at write (src/observability/safeLogger.js:178:17)
      at Object.write (src/observability/safeLogger.js:191:10)
      at error (src/middleware/errorHandler.js:22:14)
      at Layer.handle_error (../m22-part3-route-writer/node_modules/express/lib/router/layer.js:71:5)
      at trim_prefix (../m22-part3-route-writer/node_modules/express/lib/router/index.js:326:13)
      at ../m22-part3-route-writer/node_modules/express/lib/router/index.js:286:9
      at router.process_params (../m22-part3-route-writer/node_modules/express/lib/router/index.js:346:12)
      at next (../m22-part3-route-writer/node_modules/express/lib/router/index.js:280:10)
      at Layer.handle_error (../m22-part3-route-writer/node_modules/express/lib/router/layer.js:67:12)
      at trim_prefix (../m22-part3-route-writer/node_modules/express/lib/router/index.js:326:13)
      at ../m22-part3-route-writer/node_modules/express/lib/router/index.js:286:9
      at router.process_params (../m22-part3-route-writer/node_modules/express/lib/router/index.js:346:12)
      at next (../m22-part3-route-writer/node_modules/express/lib/router/index.js:280:10)
      at Layer.handle_error (../m22-part3-route-writer/node_modules/express/lib/router/layer.js:67:12)
      at trim_prefix (../m22-part3-route-writer/node_modules/express/lib/router/index.js:326:13)
      at ../m22-part3-route-writer/node_modules/express/lib/router/index.js:286:9
      at router.process_params (../m22-part3-route-writer/node_modules/express/lib/router/index.js:346:12)
      at next (../m22-part3-route-writer/node_modules/express/lib/router/index.js:280:10)
      at Layer.handle_error (../m22-part3-route-writer/node_modules/express/lib/router/layer.js:67:12)
      at trim_prefix (../m22-part3-route-writer/node_modules/express/lib/router/index.js:326:13)
      at ../m22-part3-route-writer/node_modules/express/lib/router/index.js:286:9
      at router.process_params (../m22-part3-route-writer/node_modules/express/lib/router/index.js:346:12)
      at next (../m22-part3-route-writer/node_modules/express/lib/router/index.js:280:10)
      at Layer.handle_error (../m22-part3-route-writer/node_modules/express/lib/router/layer.js:67:12)
      at trim_prefix (../m22-part3-route-writer/node_modules/express/lib/router/index.js:326:13)
      at ../m22-part3-route-writer/node_modules/express/lib/router/index.js:286:9
      at router.process_params (../m22-part3-route-writer/node_modules/express/lib/router/index.js:346:12)
      at next (../m22-part3-route-writer/node_modules/express/lib/router/index.js:280:10)
      at Layer.handle_error (../m22-part3-route-writer/node_modules/express/lib/router/layer.js:67:12)
      at trim_prefix (../m22-part3-route-writer/node_modules/express/lib/router/index.js:326:13)
      at ../m22-part3-route-writer/node_modules/express/lib/router/index.js:286:9
      at router.process_params (../m22-part3-route-writer/node_modules/express/lib/router/index.js:346:12)
      at next (../m22-part3-route-writer/node_modules/express/lib/router/index.js:280:10)
      at Layer.handle_error (../m22-part3-route-writer/node_modules/express/lib/router/layer.js:67:12)
      at trim_prefix (../m22-part3-route-writer/node_modules/express/lib/router/index.js:326:13)
      at ../m22-part3-route-writer/node_modules/express/lib/router/index.js:286:9
      at router.process_params (../m22-part3-route-writer/node_modules/express/lib/router/index.js:346:12)
      at next (../m22-part3-route-writer/node_modules/express/lib/router/index.js:280:10)
      at Layer.handle_error (../m22-part3-route-writer/node_modules/express/lib/router/layer.js:67:12)
      at trim_prefix (../m22-part3-route-writer/node_modules/express/lib/router/index.js:326:13)
      at ../m22-part3-route-writer/node_modules/express/lib/router/index.js:286:9
      at router.process_params (../m22-part3-route-writer/node_modules/express/lib/router/index.js:346:12)
      at next (../m22-part3-route-writer/node_modules/express/lib/router/index.js:280:10)
      at Layer.handle_error (../m22-part3-route-writer/node_modules/express/lib/router/layer.js:67:12)
      at trim_prefix (../m22-part3-route-writer/node_modules/express/lib/router/index.js:326:13)
      at ../m22-part3-route-writer/node_modules/express/lib/router/index.js:286:9
      at router.process_params (../m22-part3-route-writer/node_modules/express/lib/router/index.js:346:12)
      at next (../m22-part3-route-writer/node_modules/express/lib/router/index.js:280:10)
      at Layer.handle_error (../m22-part3-route-writer/node_modules/express/lib/router/layer.js:67:12)
      at trim_prefix (../m22-part3-route-writer/node_modules/express/lib/router/index.js:326:13)
      at ../m22-part3-route-writer/node_modules/express/lib/router/index.js:286:9
      at router.process_params (../m22-part3-route-writer/node_modules/express/lib/router/index.js:346:12)
      at next (../m22-part3-route-writer/node_modules/express/lib/router/index.js:280:10)
      at Layer.handle_error (../m22-part3-route-writer/node_modules/express/lib/router/layer.js:67:12)
      at trim_prefix (../m22-part3-route-writer/node_modules/express/lib/router/index.js:326:13)
      at ../m22-part3-route-writer/node_modules/express/lib/router/index.js:286:9
      at router.process_params (../m22-part3-route-writer/node_modules/express/lib/router/index.js:346:12)
      at next (../m22-part3-route-writer/node_modules/express/lib/router/index.js:280:10)
      at Layer.handle_error (../m22-part3-route-writer/node_modules/express/lib/router/layer.js:67:12)
      at trim_prefix (../m22-part3-route-writer/node_modules/express/lib/router/index.js:326:13)
      at ../m22-part3-route-writer/node_modules/express/lib/router/index.js:286:9
      at router.process_params (../m22-part3-route-writer/node_modules/express/lib/router/index.js:346:12)
      at next (../m22-part3-route-writer/node_modules/express/lib/router/index.js:280:10)
      at Layer.handle_error (../m22-part3-route-writer/node_modules/express/lib/router/layer.js:67:12)
      at trim_prefix (../m22-part3-route-writer/node_modules/express/lib/router/index.js:326:13)
      at ../m22-part3-route-writer/node_modules/express/lib/router/index.js:286:9
      at router.process_params (../m22-part3-route-writer/node_modules/express/lib/router/index.js:346:12)
      at next (../m22-part3-route-writer/node_modules/express/lib/router/index.js:280:10)
      at Layer.handle_error (../m22-part3-route-writer/node_modules/express/lib/router/layer.js:67:12)
      at trim_prefix (../m22-part3-route-writer/node_modules/express/lib/router/index.js:326:13)
      at ../m22-part3-route-writer/node_modules/express/lib/router/index.js:286:9
      at router.process_params (../m22-part3-route-writer/node_modules/express/lib/router/index.js:346:12)
      at next (../m22-part3-route-writer/node_modules/express/lib/router/index.js:280:10)
      at next (src/scheduling/recommendationHttpBoundary.js:241:25)
      at onfinished (../m22-part3-route-writer/node_modules/body-parser/lib/read.js:102:9)
      at listener (../m22-part3-route-writer/node_modules/on-finished/index.js:170:15)
      at onFinish (../m22-part3-route-writer/node_modules/on-finished/index.js:101:5)
      at callback (../m22-part3-route-writer/node_modules/ee-first/index.js:55:10)
      at IncomingMessage.onevent (../m22-part3-route-writer/node_modules/ee-first/index.js:93:5)

  console.error
    {
      component: 'http',
      event: 'request_failed',
      requestId: '4df09025-0bc9-4d73-b233-6de67c6f85dd',
      methodClass: 'POST',
      statusCode: 400
    }

      176 |     ...safeFields(fields),
      177 |   };
    > 178 |   console[level](record);
          |                 ^
      179 |   return record;
      180 | }
      181 |

      at write (src/observability/safeLogger.js:178:17)
      at Object.write (src/observability/safeLogger.js:191:10)
      at error (src/middleware/errorHandler.js:22:14)
      at Layer.handle_error (../m22-part3-route-writer/node_modules/express/lib/router/layer.js:71:5)
      at trim_prefix (../m22-part3-route-writer/node_modules/express/lib/router/index.js:326:13)
      at ../m22-part3-route-writer/node_modules/express/lib/router/index.js:286:9
      at router.process_params (../m22-part3-route-writer/node_modules/express/lib/router/index.js:346:12)
      at next (../m22-part3-route-writer/node_modules/express/lib/router/index.js:280:10)
      at Layer.handle_error (../m22-part3-route-writer/node_modules/express/lib/router/layer.js:67:12)
      at trim_prefix (../m22-part3-route-writer/node_modules/express/lib/router/index.js:326:13)
      at ../m22-part3-route-writer/node_modules/express/lib/router/index.js:286:9
      at router.process_params (../m22-part3-route-writer/node_modules/express/lib/router/index.js:346:12)
      at next (../m22-part3-route-writer/node_modules/express/lib/router/index.js:280:10)
      at Layer.handle_error (../m22-part3-route-writer/node_modules/express/lib/router/layer.js:67:12)
      at trim_prefix (../m22-part3-route-writer/node_modules/express/lib/router/index.js:326:13)
      at ../m22-part3-route-writer/node_modules/express/lib/router/index.js:286:9
      at router.process_params (../m22-part3-route-writer/node_modules/express/lib/router/index.js:346:12)
      at next (../m22-part3-route-writer/node_modules/express/lib/router/index.js:280:10)
      at Layer.handle_error (../m22-part3-route-writer/node_modules/express/lib/router/layer.js:67:12)
      at trim_prefix (../m22-part3-route-writer/node_modules/express/lib/router/index.js:326:13)
      at ../m22-part3-route-writer/node_modules/express/lib/router/index.js:286:9
      at router.process_params (../m22-part3-route-writer/node_modules/express/lib/router/index.js:346:12)
      at next (../m22-part3-route-writer/node_modules/express/lib/router/index.js:280:10)
      at Layer.handle_error (../m22-part3-route-writer/node_modules/express/lib/router/layer.js:67:12)
      at trim_prefix (../m22-part3-route-writer/node_modules/express/lib/router/index.js:326:13)
      at ../m22-part3-route-writer/node_modules/express/lib/router/index.js:286:9
      at router.process_params (../m22-part3-route-writer/node_modules/express/lib/router/index.js:346:12)
      at next (../m22-part3-route-writer/node_modules/express/lib/router/index.js:280:10)
      at Layer.handle_error (../m22-part3-route-writer/node_modules/express/lib/router/layer.js:67:12)
      at trim_prefix (../m22-part3-route-writer/node_modules/express/lib/router/index.js:326:13)
      at ../m22-part3-route-writer/node_modules/express/lib/router/index.js:286:9
      at router.process_params (../m22-part3-route-writer/node_modules/express/lib/router/index.js:346:12)
      at next (../m22-part3-route-writer/node_modules/express/lib/router/index.js:280:10)
      at Layer.handle_error (../m22-part3-route-writer/node_modules/express/lib/router/layer.js:67:12)
      at trim_prefix (../m22-part3-route-writer/node_modules/express/lib/router/index.js:326:13)
      at ../m22-part3-route-writer/node_modules/express/lib/router/index.js:286:9
      at router.process_params (../m22-part3-route-writer/node_modules/express/lib/router/index.js:346:12)
      at next (../m22-part3-route-writer/node_modules/express/lib/router/index.js:280:10)
      at Layer.handle_error (../m22-part3-route-writer/node_modules/express/lib/router/layer.js:67:12)
      at trim_prefix (../m22-part3-route-writer/node_modules/express/lib/router/index.js:326:13)
      at ../m22-part3-route-writer/node_modules/express/lib/router/index.js:286:9
      at router.process_params (../m22-part3-route-writer/node_modules/express/lib/router/index.js:346:12)
      at next (../m22-part3-route-writer/node_modules/express/lib/router/index.js:280:10)
      at Layer.handle_error (../m22-part3-route-writer/node_modules/express/lib/router/layer.js:67:12)
      at trim_prefix (../m22-part3-route-writer/node_modules/express/lib/router/index.js:326:13)
      at ../m22-part3-route-writer/node_modules/express/lib/router/index.js:286:9
      at router.process_params (../m22-part3-route-writer/node_modules/express/lib/router/index.js:346:12)
      at next (../m22-part3-route-writer/node_modules/express/lib/router/index.js:280:10)
      at Layer.handle_error (../m22-part3-route-writer/node_modules/express/lib/router/layer.js:67:12)
      at trim_prefix (../m22-part3-route-writer/node_modules/express/lib/router/index.js:326:13)
      at ../m22-part3-route-writer/node_modules/express/lib/router/index.js:286:9
      at router.process_params (../m22-part3-route-writer/node_modules/express/lib/router/index.js:346:12)
      at next (../m22-part3-route-writer/node_modules/express/lib/router/index.js:280:10)
      at Layer.handle_error (../m22-part3-route-writer/node_modules/express/lib/router/layer.js:67:12)
      at trim_prefix (../m22-part3-route-writer/node_modules/express/lib/router/index.js:326:13)
      at ../m22-part3-route-writer/node_modules/express/lib/router/index.js:286:9
      at router.process_params (../m22-part3-route-writer/node_modules/express/lib/router/index.js:346:12)
      at next (../m22-part3-route-writer/node_modules/express/lib/router/index.js:280:10)
      at Layer.handle_error (../m22-part3-route-writer/node_modules/express/lib/router/layer.js:67:12)
      at trim_prefix (../m22-part3-route-writer/node_modules/express/lib/router/index.js:326:13)
      at ../m22-part3-route-writer/node_modules/express/lib/router/index.js:286:9
      at router.process_params (../m22-part3-route-writer/node_modules/express/lib/router/index.js:346:12)
      at next (../m22-part3-route-writer/node_modules/express/lib/router/index.js:280:10)
      at Layer.handle_error (../m22-part3-route-writer/node_modules/express/lib/router/layer.js:67:12)
      at trim_prefix (../m22-part3-route-writer/node_modules/express/lib/router/index.js:326:13)
      at ../m22-part3-route-writer/node_modules/express/lib/router/index.js:286:9
      at router.process_params (../m22-part3-route-writer/node_modules/express/lib/router/index.js:346:12)
      at next (../m22-part3-route-writer/node_modules/express/lib/router/index.js:280:10)
      at Layer.handle_error (../m22-part3-route-writer/node_modules/express/lib/router/layer.js:67:12)
      at trim_prefix (../m22-part3-route-writer/node_modules/express/lib/router/index.js:326:13)
      at ../m22-part3-route-writer/node_modules/express/lib/router/index.js:286:9
      at router.process_params (../m22-part3-route-writer/node_modules/express/lib/router/index.js:346:12)
      at next (../m22-part3-route-writer/node_modules/express/lib/router/index.js:280:10)
      at next (src/scheduling/recommendationHttpBoundary.js:255:16)
      at ../m22-part3-route-writer/node_modules/body-parser/lib/read.js:137:5
      at invokeCallback (../m22-part3-route-writer/node_modules/raw-body/index.js:238:16)
      at done (../m22-part3-route-writer/node_modules/raw-body/index.js:227:7)
      at IncomingMessage.onEnd (../m22-part3-route-writer/node_modules/raw-body/index.js:287:7)

  console.info
    {
      component: 'http',
      event: 'request_completed',
      requestId: '56f47ca2-c1f7-41bf-8852-e47bb961b6a6',
      methodClass: 'POST',
      durationMs: 1,
      statusCode: 401
    }

      at write (src/observability/safeLogger.js:178:17)

  console.info
    {
      component: 'http',
      event: 'request_completed',
      requestId: '3f52300d-1827-4f26-88a8-8a969ed90945',
      methodClass: 'POST',
      durationMs: 116,
      statusCode: 200
    }

      at write (src/observability/safeLogger.js:178:17)

  console.info
    {
      component: 'http',
      event: 'request_completed',
      requestId: 'dfdb2b0b-283f-4e6f-8ddd-bc757febb22c',
      methodClass: 'POST',
      durationMs: 179,
      statusCode: 200
    }

      at write (src/observability/safeLogger.js:178:17)

  console.info
    {
      component: 'http',
      event: 'request_completed',
      requestId: 'f7819b2a-b7b9-46c2-90ea-8cbf438abdf8',
      methodClass: 'POST',
      durationMs: 190,
      statusCode: 400
    }

      at write (src/observability/safeLogger.js:178:17)

  console.info
    {
      component: 'http',
      event: 'request_completed',
      requestId: '1f60360c-7ad1-4580-8cef-18261be1765b',
      methodClass: 'POST',
      durationMs: 210,
      statusCode: 409
    }

      at write (src/observability/safeLogger.js:178:17)

  console.info
    {
      component: 'http',
      event: 'request_completed',
      requestId: '696ed13f-c089-41eb-82ad-d80d2c4e2d44',
      methodClass: 'POST',
      durationMs: 394,
      statusCode: 200
    }

      at write (src/observability/safeLogger.js:178:17)

  console.info
    {
      component: 'http',
      event: 'request_completed',
      requestId: 'ea7fa259-17dc-4638-bc6a-147db74b505c',
      methodClass: 'POST',
      durationMs: 466,
      statusCode: 200
    }

      at write (src/observability/safeLogger.js:178:17)

  console.info
    {
      component: 'http',
      event: 'request_completed',
      requestId: '535c96c7-463b-4f20-8a38-c089927e87ea',
      methodClass: 'POST',
      durationMs: 463,
      statusCode: 200
    }

      at write (src/observability/safeLogger.js:178:17)

  console.info
    {
      component: 'http',
      event: 'request_completed',
      requestId: 'dd19c2b1-dcad-41e6-9024-ba8cd8848b1e',
      methodClass: 'POST',
      durationMs: 466,
      statusCode: 200
    }

      at write (src/observability/safeLogger.js:178:17)

  console.info
    {
      component: 'http',
      event: 'request_completed',
      requestId: '0fbeedcf-1221-4fe0-86d9-f95490edc996',
      methodClass: 'POST',
      durationMs: 509,
      statusCode: 200
    }

      at write (src/observability/safeLogger.js:178:17)

  console.info
    {
      component: 'http',
      event: 'request_completed',
      requestId: 'ce0c3ee8-cb1f-411e-a405-ac33323704ba',
      methodClass: 'POST',
      durationMs: 566,
      statusCode: 200
    }

      at write (src/observability/safeLogger.js:178:17)

  console.info
    {
      component: 'http',
      event: 'request_completed',
      requestId: 'a756ff2a-8f33-4973-a291-73ae1e251806',
      methodClass: 'POST',
      durationMs: 625,
      statusCode: 200
    }

      at write (src/observability/safeLogger.js:178:17)

  console.info
    {
      component: 'http',
      event: 'request_completed',
      requestId: '1c2c3855-c9a9-4a92-8ab4-639ce57bb0be',
      methodClass: 'POST',
      durationMs: 622,
      statusCode: 200
    }

      at write (src/observability/safeLogger.js:178:17)

  console.info
    {
      component: 'http',
      event: 'request_completed',
      requestId: 'ea6e6f23-a7c4-4c67-83ff-253bf029c940',
      methodClass: 'POST',
      durationMs: 3,
      statusCode: 428
    }

      at write (src/observability/safeLogger.js:178:17)

  console.info
    {
      component: 'http',
      event: 'request_completed',
      requestId: '3e8aa650-8560-4bc8-9e05-30ee98a155f3',
      methodClass: 'POST',
      durationMs: 70,
      statusCode: 200
    }

      at write (src/observability/safeLogger.js:178:17)

  console.info
    {
      component: 'http',
      event: 'request_completed',
      requestId: '176fee36-1448-48a4-a072-065c89746381',
      methodClass: 'POST',
      durationMs: 0,
      statusCode: 401
    }

      at write (src/observability/safeLogger.js:178:17)

  console.info
    {
      component: 'http',
      event: 'request_completed',
      requestId: 'a7c1af0e-42fd-434d-8c9a-92b9648f4235',
      methodClass: 'POST',
      durationMs: 4,
      statusCode: 403
    }

      at write (src/observability/safeLogger.js:178:17)

  console.info
    {
      component: 'http',
      event: 'request_completed',
      requestId: '9a0e0401-42ba-4806-be9c-701afb0fd585',
      methodClass: 'POST',
      durationMs: 5,
      statusCode: 403
    }

      at write (src/observability/safeLogger.js:178:17)

  console.info
    {
      component: 'http',
      event: 'request_completed',
      requestId: 'f3ac68ae-d98a-40c6-8649-2c6483ab9a66',
      methodClass: 'POST',
      durationMs: 6,
      statusCode: 404
    }

      at write (src/observability/safeLogger.js:178:17)

  console.info
    {
      component: 'http',
      event: 'request_completed',
      requestId: '435e34af-2f47-4119-b29e-fe5181658521',
      methodClass: 'POST',
      durationMs: 6,
      statusCode: 404
    }

      at write (src/observability/safeLogger.js:178:17)

  console.info
    {
      component: 'http',
      event: 'request_completed',
      requestId: '6b9d5da4-1c6c-4901-9f8e-0cfde37010f8',
      methodClass: 'POST',
      durationMs: 6,
      statusCode: 404
    }

      at write (src/observability/safeLogger.js:178:17)

  console.info
    {
      component: 'http',
      event: 'request_completed',
      requestId: '8ea056a9-ed19-4adb-88e7-277fbd74bd41',
      methodClass: 'POST',
      durationMs: 6,
      statusCode: 404
    }

      at write (src/observability/safeLogger.js:178:17)

  console.info
    {
      component: 'http',
      event: 'request_completed',
      requestId: 'cba17f73-4abe-4d39-93a8-d330fc4ce131',
      methodClass: 'POST',
      durationMs: 7,
      statusCode: 404
    }

      at write (src/observability/safeLogger.js:178:17)

  console.info
    {
      component: 'http',
      event: 'request_completed',
      requestId: '47219bca-4a13-459f-b109-69b6e476ca69',
      methodClass: 'POST',
      durationMs: 5,
      statusCode: 404
    }

      at write (src/observability/safeLogger.js:178:17)

  console.info
    {
      component: 'http',
      event: 'request_completed',
      requestId: '04797ab9-0dd5-4afe-9d24-5d9b5fca6a7e',
      methodClass: 'POST',
      durationMs: 5,
      statusCode: 404
    }

      at write (src/observability/safeLogger.js:178:17)

  console.info
    {
      component: 'http',
      event: 'request_completed',
      requestId: '2c338e61-763b-43cf-9cbb-650bd10fc5ad',
      methodClass: 'POST',
      durationMs: 5,
      statusCode: 404
    }

      at write (src/observability/safeLogger.js:178:17)

  console.info
    {
      component: 'http',
      event: 'request_completed',
      requestId: '981a5473-4475-4068-b832-981a7f29aed4',
      methodClass: 'POST',
      durationMs: 57,
      statusCode: 200
    }

      at write (src/observability/safeLogger.js:178:17)

  console.info
    {
      component: 'http',
      event: 'request_completed',
      requestId: '7e1b09f1-97be-4077-ad94-b55e7c42bcdb',
      methodClass: 'POST',
      durationMs: 2,
      statusCode: 400
    }

      at write (src/observability/safeLogger.js:178:17)

  console.info
    {
      component: 'http',
      event: 'request_completed',
      requestId: '64a65bd0-cbef-4567-a941-715561f53fca',
      methodClass: 'POST',
      durationMs: 2,
      statusCode: 400
    }

      at write (src/observability/safeLogger.js:178:17)

  console.info
    {
      component: 'http',
      event: 'request_completed',
      requestId: '73bb6673-5c7f-4d39-81ca-796528da1381',
      methodClass: 'POST',
      durationMs: 2,
      statusCode: 400
    }

      at write (src/observability/safeLogger.js:178:17)

  console.info
    {
      component: 'http',
      event: 'request_completed',
      requestId: 'dd6a1268-d979-47e7-8e25-c390a2788b00',
      methodClass: 'POST',
      durationMs: 2,
      statusCode: 400
    }

      at write (src/observability/safeLogger.js:178:17)

  console.info
    {
      component: 'http',
      event: 'request_completed',
      requestId: '5716e030-3042-4ce7-8fcf-913eaa46d90b',
      methodClass: 'POST',
      durationMs: 2,
      statusCode: 400
    }

      at write (src/observability/safeLogger.js:178:17)

  console.info
    {
      component: 'http',
      event: 'request_completed',
      requestId: '96271cf6-a498-4499-920d-17d66939bd1a',
      methodClass: 'POST',
      durationMs: 2,
      statusCode: 400
    }

      at write (src/observability/safeLogger.js:178:17)

  console.info
    {
      component: 'http',
      event: 'request_completed',
      requestId: '0c0dff13-143b-4b3d-8791-b3eaefc6ad79',
      methodClass: 'POST',
      durationMs: 2,
      statusCode: 400
    }

      at write (src/observability/safeLogger.js:178:17)

  console.info
    {
      component: 'http',
      event: 'request_completed',
      requestId: '2494dc83-81e1-4563-8ebc-5e5c3c289cdf',
      methodClass: 'POST',
      durationMs: 2,
      statusCode: 400
    }

      at write (src/observability/safeLogger.js:178:17)

  console.info
    {
      component: 'http',
      event: 'request_completed',
      requestId: 'c1cede5e-5a27-4cd9-9cd2-c568b239fc68',
      methodClass: 'POST',
      durationMs: 2,
      statusCode: 400
    }

      at write (src/observability/safeLogger.js:178:17)

  console.error
    {
      component: 'http',
      event: 'request_failed',
      requestId: '436dc4ea-ad13-41bd-aa89-2789ad8fd545',
      methodClass: 'POST',
      statusCode: 413
    }

      176 |     ...safeFields(fields),
      177 |   };
    > 178 |   console[level](record);
          |                 ^
      179 |   return record;
      180 | }
      181 |

      at write (src/observability/safeLogger.js:178:17)
      at Object.write (src/observability/safeLogger.js:191:10)
      at error (src/middleware/errorHandler.js:22:14)
      at Layer.handle_error (../m22-part3-route-writer/node_modules/express/lib/router/layer.js:71:5)
      at trim_prefix (../m22-part3-route-writer/node_modules/express/lib/router/index.js:326:13)
      at ../m22-part3-route-writer/node_modules/express/lib/router/index.js:286:9
      at router.process_params (../m22-part3-route-writer/node_modules/express/lib/router/index.js:346:12)
      at next (../m22-part3-route-writer/node_modules/express/lib/router/index.js:280:10)
      at Layer.handle_error (../m22-part3-route-writer/node_modules/express/lib/router/layer.js:67:12)
      at trim_prefix (../m22-part3-route-writer/node_modules/express/lib/router/index.js:326:13)
      at ../m22-part3-route-writer/node_modules/express/lib/router/index.js:286:9
      at router.process_params (../m22-part3-route-writer/node_modules/express/lib/router/index.js:346:12)
      at next (../m22-part3-route-writer/node_modules/express/lib/router/index.js:280:10)
      at Layer.handle_error (../m22-part3-route-writer/node_modules/express/lib/router/layer.js:67:12)
      at trim_prefix (../m22-part3-route-writer/node_modules/express/lib/router/index.js:326:13)
      at ../m22-part3-route-writer/node_modules/express/lib/router/index.js:286:9
      at router.process_params (../m22-part3-route-writer/node_modules/express/lib/router/index.js:346:12)
      at next (../m22-part3-route-writer/node_modules/express/lib/router/index.js:280:10)
      at Layer.handle_error (../m22-part3-route-writer/node_modules/express/lib/router/layer.js:67:12)
      at trim_prefix (../m22-part3-route-writer/node_modules/express/lib/router/index.js:326:13)
      at ../m22-part3-route-writer/node_modules/express/lib/router/index.js:286:9
      at router.process_params (../m22-part3-route-writer/node_modules/express/lib/router/index.js:346:12)
      at next (../m22-part3-route-writer/node_modules/express/lib/router/index.js:280:10)
      at Layer.handle_error (../m22-part3-route-writer/node_modules/express/lib/router/layer.js:67:12)
      at trim_prefix (../m22-part3-route-writer/node_modules/express/lib/router/index.js:326:13)
      at ../m22-part3-route-writer/node_modules/express/lib/router/index.js:286:9
      at router.process_params (../m22-part3-route-writer/node_modules/express/lib/router/index.js:346:12)
      at next (../m22-part3-route-writer/node_modules/express/lib/router/index.js:280:10)
      at Layer.handle_error (../m22-part3-route-writer/node_modules/express/lib/router/layer.js:67:12)
      at trim_prefix (../m22-part3-route-writer/node_modules/express/lib/router/index.js:326:13)
      at ../m22-part3-route-writer/node_modules/express/lib/router/index.js:286:9
      at router.process_params (../m22-part3-route-writer/node_modules/express/lib/router/index.js:346:12)
      at next (../m22-part3-route-writer/node_modules/express/lib/router/index.js:280:10)
      at Layer.handle_error (../m22-part3-route-writer/node_modules/express/lib/router/layer.js:67:12)
      at trim_prefix (../m22-part3-route-writer/node_modules/express/lib/router/index.js:326:13)
      at ../m22-part3-route-writer/node_modules/express/lib/router/index.js:286:9
      at router.process_params (../m22-part3-route-writer/node_modules/express/lib/router/index.js:346:12)
      at next (../m22-part3-route-writer/node_modules/express/lib/router/index.js:280:10)
      at Layer.handle_error (../m22-part3-route-writer/node_modules/express/lib/router/layer.js:67:12)
      at trim_prefix (../m22-part3-route-writer/node_modules/express/lib/router/index.js:326:13)
      at ../m22-part3-route-writer/node_modules/express/lib/router/index.js:286:9
      at router.process_params (../m22-part3-route-writer/node_modules/express/lib/router/index.js:346:12)
      at next (../m22-part3-route-writer/node_modules/express/lib/router/index.js:280:10)
      at Layer.handle_error (../m22-part3-route-writer/node_modules/express/lib/router/layer.js:67:12)
      at trim_prefix (../m22-part3-route-writer/node_modules/express/lib/router/index.js:326:13)
      at ../m22-part3-route-writer/node_modules/express/lib/router/index.js:286:9
      at router.process_params (../m22-part3-route-writer/node_modules/express/lib/router/index.js:346:12)
      at next (../m22-part3-route-writer/node_modules/express/lib/router/index.js:280:10)
      at Layer.handle_error (../m22-part3-route-writer/node_modules/express/lib/router/layer.js:67:12)
      at trim_prefix (../m22-part3-route-writer/node_modules/express/lib/router/index.js:326:13)
      at ../m22-part3-route-writer/node_modules/express/lib/router/index.js:286:9
      at router.process_params (../m22-part3-route-writer/node_modules/express/lib/router/index.js:346:12)
      at next (../m22-part3-route-writer/node_modules/express/lib/router/index.js:280:10)
      at Layer.handle_error (../m22-part3-route-writer/node_modules/express/lib/router/layer.js:67:12)
      at trim_prefix (../m22-part3-route-writer/node_modules/express/lib/router/index.js:326:13)
      at ../m22-part3-route-writer/node_modules/express/lib/router/index.js:286:9
      at router.process_params (../m22-part3-route-writer/node_modules/express/lib/router/index.js:346:12)
      at next (../m22-part3-route-writer/node_modules/express/lib/router/index.js:280:10)
      at Layer.handle_error (../m22-part3-route-writer/node_modules/express/lib/router/layer.js:67:12)
      at trim_prefix (../m22-part3-route-writer/node_modules/express/lib/router/index.js:326:13)
      at ../m22-part3-route-writer/node_modules/express/lib/router/index.js:286:9
      at router.process_params (../m22-part3-route-writer/node_modules/express/lib/router/index.js:346:12)
      at next (../m22-part3-route-writer/node_modules/express/lib/router/index.js:280:10)
      at Layer.handle_error (../m22-part3-route-writer/node_modules/express/lib/router/layer.js:67:12)
      at trim_prefix (../m22-part3-route-writer/node_modules/express/lib/router/index.js:326:13)
      at ../m22-part3-route-writer/node_modules/express/lib/router/index.js:286:9
      at router.process_params (../m22-part3-route-writer/node_modules/express/lib/router/index.js:346:12)
      at next (../m22-part3-route-writer/node_modules/express/lib/router/index.js:280:10)
      at Layer.handle_error (../m22-part3-route-writer/node_modules/express/lib/router/layer.js:67:12)
      at trim_prefix (../m22-part3-route-writer/node_modules/express/lib/router/index.js:326:13)
      at ../m22-part3-route-writer/node_modules/express/lib/router/index.js:286:9
      at router.process_params (../m22-part3-route-writer/node_modules/express/lib/router/index.js:346:12)
      at next (../m22-part3-route-writer/node_modules/express/lib/router/index.js:280:10)
      at next (src/scheduling/recommendationHttpBoundary.js:241:25)
      at onfinished (../m22-part3-route-writer/node_modules/body-parser/lib/read.js:102:9)
      at listener (../m22-part3-route-writer/node_modules/on-finished/index.js:170:15)
      at onFinish (../m22-part3-route-writer/node_modules/on-finished/index.js:101:5)
      at callback (../m22-part3-route-writer/node_modules/ee-first/index.js:55:10)
      at IncomingMessage.onevent (../m22-part3-route-writer/node_modules/ee-first/index.js:93:5)

  console.info
    {
      component: 'http',
      event: 'request_completed',
      requestId: '4e20e163-22f4-44f1-b684-f42bdf1e1172',
      methodClass: 'POST',
      durationMs: 4,
      statusCode: 403
    }

      at write (src/observability/safeLogger.js:178:17)

  console.info
    {
      component: 'http',
      event: 'request_completed',
      requestId: '372b7535-29d5-4f83-be92-749c96d3c1a4',
      methodClass: 'POST',
      durationMs: 2,
      statusCode: 403
    }

      at write (src/observability/safeLogger.js:178:17)

  console.info
    {
      component: 'http',
      event: 'request_completed',
      requestId: 'd4046d18-07b1-4fcf-acfa-3f1a9f8f2fb6',
      methodClass: 'POST',
      durationMs: 2,
      statusCode: 401
    }

      at write (src/observability/safeLogger.js:178:17)

  console.info
    {
      component: 'http',
      event: 'request_completed',
      requestId: 'd4583e8a-399e-4313-81c8-ece3441fbd33',
      methodClass: 'POST',
      durationMs: 2,
      statusCode: 401
    }

      at write (src/observability/safeLogger.js:178:17)

  console.info
    {
      component: 'http',
      event: 'request_completed',
      requestId: 'ce95e31f-9a33-45b5-9995-d288c2fc51ce',
      methodClass: 'POST',
      durationMs: 5,
      statusCode: 409
    }

      at write (src/observability/safeLogger.js:178:17)

  console.info
    {
      component: 'http',
      event: 'request_completed',
      requestId: 'ede86c8e-1869-48e8-bcba-43fde2f6bb42',
      methodClass: 'POST',
      durationMs: 5,
      statusCode: 409
    }

      at write (src/observability/safeLogger.js:178:17)

  console.info
    {
      component: 'http',
      event: 'request_completed',
      requestId: '5a43175a-253a-4035-be3c-58f648e190b6',
      methodClass: 'POST',
      durationMs: 5,
      statusCode: 404
    }

      at write (src/observability/safeLogger.js:178:17)

  console.info
    {
      component: 'http',
      event: 'request_completed',
      requestId: '1f032c7a-67ad-469b-8d86-e18db421b709',
      methodClass: 'POST',
      durationMs: 2,
      statusCode: 404
    }

      at write (src/observability/safeLogger.js:178:17)

  console.info
    {
      component: 'http',
      event: 'request_completed',
      requestId: '42e6fd75-2d28-48ee-9b1e-8c0ec73b2f5d',
      methodClass: 'POST',
      durationMs: 87,
      statusCode: 200
    }

      at write (src/observability/safeLogger.js:178:17)

  console.info
    {
      component: 'http',
      event: 'request_completed',
      requestId: '4b1d30b1-2818-4c38-9fa0-a53f5aee609d',
      methodClass: 'POST',
      durationMs: 59,
      statusCode: 200
    }

      at write (src/observability/safeLogger.js:178:17)

  console.info
    {
      component: 'http',
      event: 'request_completed',
      requestId: '18cee936-805a-441a-8cd3-873d0f64ec35',
      methodClass: 'POST',
      durationMs: 58,
      statusCode: 200
    }

      at write (src/observability/safeLogger.js:178:17)

  console.info
    {
      component: 'http',
      event: 'request_completed',
      requestId: 'dc31bcbf-6478-4009-b2f2-4d5c3566b5c0',
      methodClass: 'POST',
      durationMs: 59,
      statusCode: 200
    }

      at write (src/observability/safeLogger.js:178:17)

  console.log
    [DB] Migration applied: 001_initial_schema.sql

      at log (src/db.js:1312:42)

  console.log
    [DB] Migration applied: 002_seed_data.sql

      at log (src/db.js:1312:42)

  console.log
    [DB] Migration applied: 003_voice_sessions.sql

      at log (src/db.js:1312:42)

  console.log
    [DB] Migration applied: 004_canonical_persistence_v2.sql

      at log (src/db.js:1312:42)

  console.log
    [DB] Migration applied: 005_canonical_organization_authority.sql

      at log (src/db.js:1312:42)

  console.log
    [DB] Migration applied: 006_canonical_voice_sessions.sql

      at log (src/db.js:1312:42)

  console.log
    [DB] Migration applied: 007_canonical_tax_authority.sql

      at log (src/db.js:1312:42)

  console.log
    [DB] Migration applied: 008_canonical_demo_authority.sql

      at log (src/db.js:1312:42)

  console.log
    [DB] Migration applied: 009_canonical_voice_provider_identity.sql

      at log (src/db.js:1312:42)

  console.log
    [DB] Migration applied: 010_account_session_authority.sql

      at log (src/db.js:1312:42)

  console.log
    [DB] Migration applied: 011_oauth_authorization_states.sql

      at log (src/db.js:1312:42)

  console.log
    [DB] Migration applied: 012_account_verification_trial.sql

      at log (src/db.js:1312:42)

  console.log
    [DB] Migration applied: 015_workforce_authority.sql

      at log (src/db.js:1312:42)

  console.log
    [DB] Migration applied: 016_tenant_asset_catalogue.sql

      at log (src/db.js:1312:42)

  console.log
    [DB] Migration applied: 017_retell_webhook_replay_authority.sql

      at log (src/db.js:1312:42)

  console.log
    [DB] Migration applied: 018_canonical_map_preferences.sql

      at log (src/db.js:1312:42)

  console.log
    [DB] Migration applied: 019_account_email_outbox.sql

      at log (src/db.js:1312:42)

  console.log
    [DB] Migration applied: 020_canonical_workforce_access_roles.sql

      at log (src/db.js:1312:42)

  console.log
    [DB] Migration applied: 021_bounded_api_observability.sql

      at log (src/db.js:1312:42)

  console.log
    [DB] Migration applied: 022_demo_command_center_sessions.sql

      at log (src/db.js:1312:42)

  console.log
    [DB] Migration applied: 023_homepage_demo_admission.sql

      at log (src/db.js:1312:42)

  console.log
    [DB] Migration applied: 024_homepage_verified_purge_receipt.sql

      at log (src/db.js:1312:42)

  console.log
    [DB] Migration applied: 025_provider_agnostic_knowledge_registry.sql

      at log (src/db.js:1312:42)

  console.log
    [DB] Migration applied: 026_canonical_knowledge_review_publication.sql

      at log (src/db.js:1312:42)

  console.log
    [DB] Migration applied: 027_canonical_knowledge_audit_graph_authority.sql

      at log (src/db.js:1312:42)

  console.log
    [DB] Migration applied: 028_canonical_knowledge_immutable_lifecycle.sql

      at log (src/db.js:1312:42)

  console.log
    [DB] Migration applied: 029_canonical_knowledge_transactional_sync.sql

      at log (src/db.js:1312:42)

  console.log
    [DB] Migration applied: 030_canonical_knowledge_sync_revocation.sql

      at log (src/db.js:1312:42)

  console.log
    [DB] Migration applied: 031_canonical_knowledge_sync_recovery_lifecycle.sql

      at log (src/db.js:1312:42)

  console.log
    [DB] Migration applied: 032_canonical_schedule_assignment_authority.sql

      at log (src/db.js:1312:42)

  console.log
    [DB] Migration applied: 033_canonical_schedule_time_evidence.sql

      at log (src/db.js:1312:42)

  console.log
    [DB] Migration applied: 034_schedule_availability_conflict_authority.sql

      at log (src/db.js:1312:42)

  console.log
    [DB] Migration applied: 035_schedule_human_preview_approval.sql

      at log (src/db.js:1312:42)

  console.info
    {
      component: 'http',
      event: 'request_completed',
      requestId: '2756e1d7-c0e4-4b5a-a5b4-fea9c7176b9c',
      methodClass: 'POST',
      durationMs: 189,
      statusCode: 201
    }

      at write (src/observability/safeLogger.js:178:17)

  console.info
    {
      component: 'http',
      event: 'request_completed',
      requestId: 'e21d59eb-44bc-4bdf-9592-303d1dc68d07',
      methodClass: 'POST',
      durationMs: 229,
      statusCode: 200
    }

      at write (src/observability/safeLogger.js:178:17)

  console.info
    {
      component: 'http',
      event: 'request_completed',
      requestId: '8760bfa9-ab8a-405e-9a41-c42be5d2bc6e',
      methodClass: 'POST',
      durationMs: 146,
      statusCode: 201
    }

      at write (src/observability/safeLogger.js:178:17)

  console.info
    {
      component: 'http',
      event: 'request_completed',
      requestId: 'eb6ea356-dfd3-4c39-ba07-213772e2a1b9',
      methodClass: 'POST',
      durationMs: 184,
      statusCode: 200
    }

      at write (src/observability/safeLogger.js:178:17)

  console.info
    {
      component: 'http',
      event: 'request_completed',
      requestId: '5ac166e9-6d5e-4836-bcd7-78fab878a65c',
      methodClass: 'POST',
      durationMs: 145,
      statusCode: 201
    }

      at write (src/observability/safeLogger.js:178:17)

  console.info
    {
      component: 'http',
      event: 'request_completed',
      requestId: '14bea8b5-7f99-4285-bdba-0ff430e63e62',
      methodClass: 'POST',
      durationMs: 174,
      statusCode: 200
    }

      at write (src/observability/safeLogger.js:178:17)

  console.info
    {
      component: 'http',
      event: 'request_completed',
      requestId: 'a967a74f-7279-4a45-a227-887cdb3723d8',
      methodClass: 'POST',
      durationMs: 142,
      statusCode: 201
    }

      at write (src/observability/safeLogger.js:178:17)

  console.info
    {
      component: 'http',
      event: 'request_completed',
      requestId: 'baf8b76d-4e5e-41c3-858a-f2be24d285e7',
      methodClass: 'POST',
      durationMs: 181,
      statusCode: 200
    }

      at write (src/observability/safeLogger.js:178:17)

  console.info
    {
      component: 'http',
      event: 'request_completed',
      requestId: '9d923797-4410-49a9-bbd3-e63d23e7ceb1',
      methodClass: 'POST',
      durationMs: 151,
      statusCode: 201
    }

      at write (src/observability/safeLogger.js:178:17)

  console.info
    {
      component: 'http',
      event: 'request_completed',
      requestId: 'a6353db5-5fae-46a6-90bc-bcff290bd683',
      methodClass: 'POST',
      durationMs: 169,
      statusCode: 200
    }

      at write (src/observability/safeLogger.js:178:17)

  console.info
    {
      component: 'http',
      event: 'request_completed',
      requestId: 'a3a3e923-36cd-4cfe-816f-d5a35b1498c5',
      methodClass: 'POST',
      durationMs: 143,
      statusCode: 201
    }

      at write (src/observability/safeLogger.js:178:17)

  console.info
    {
      component: 'http',
      event: 'request_completed',
      requestId: 'c1e3c7f9-b66f-4219-9403-3e1946557f8f',
      methodClass: 'POST',
      durationMs: 173,
      statusCode: 200
    }

      at write (src/observability/safeLogger.js:178:17)

  console.info
    {
      component: 'http',
      event: 'request_completed',
      requestId: '4dbb53db-6020-4cf2-a3e0-ac6ef629d1a7',
      methodClass: 'POST',
      durationMs: 143,
      statusCode: 201
    }

      at write (src/observability/safeLogger.js:178:17)

  console.info
    {
      component: 'http',
      event: 'request_completed',
      requestId: '7e562b36-04b1-4ce2-91df-448bf0eb8737',
      methodClass: 'POST',
      durationMs: 166,
      statusCode: 200
    }

      at write (src/observability/safeLogger.js:178:17)

  console.info
    {
      component: 'http',
      event: 'request_completed',
      requestId: '3d1cfad0-f23b-41a1-b1d1-20b293b98217',
      methodClass: 'GET',
      durationMs: 16,
      statusCode: 200
    }

      at write (src/observability/safeLogger.js:178:17)

  console.info
    {
      component: 'http',
      event: 'request_completed',
      requestId: '5aded139-9145-4345-a1aa-418d4a8e5897',
      methodClass: 'GET',
      durationMs: 17,
      statusCode: 200
    }

      at write (src/observability/safeLogger.js:178:17)

  console.info
    {
      component: 'http',
      event: 'request_completed',
      requestId: 'f26ce268-805f-4dc7-9143-ab90b07fe4f5',
      methodClass: 'GET',
      durationMs: 2,
      statusCode: 400
    }

      at write (src/observability/safeLogger.js:178:17)

  console.info
    {
      component: 'http',
      event: 'request_completed',
      requestId: '871ce38a-3cff-43b4-aaa2-900174da3c41',
      methodClass: 'POST',
      durationMs: 1,
      statusCode: 404
    }

      at write (src/observability/safeLogger.js:178:17)

  console.info
    {
      component: 'http',
      event: 'request_completed',
      requestId: 'c58b5bde-b7c8-46b8-9401-1c36c83ec5e7',
      methodClass: 'GET',
      durationMs: 16,
      statusCode: 200
    }

      at write (src/observability/safeLogger.js:178:17)

  console.info
    {
      component: 'http',
      event: 'request_completed',
      requestId: 'b323d892-54e0-40d5-a147-f5bbd379af40',
      methodClass: 'GET',
      durationMs: 15,
      statusCode: 200
    }

      at write (src/observability/safeLogger.js:178:17)

  console.info
    {
      component: 'http',
      event: 'request_completed',
      requestId: '1bbc07ca-fed6-4290-a50b-748530c42170',
      methodClass: 'GET',
      durationMs: 16,
      statusCode: 200
    }

      at write (src/observability/safeLogger.js:178:17)

  console.info
    {
      component: 'http',
      event: 'request_completed',
      requestId: 'e60b0b3a-fcaf-49be-a488-7b49b973822d',
      methodClass: 'GET',
      durationMs: 2,
      statusCode: 401
    }

      at write (src/observability/safeLogger.js:178:17)

  console.info
    {
      component: 'http',
      event: 'request_completed',
      requestId: '2b085a1a-a13a-4e82-9a20-6b555ab6b389',
      methodClass: 'GET',
      durationMs: 3,
      statusCode: 401
    }

      at write (src/observability/safeLogger.js:178:17)

  console.info
    {
      component: 'http',
      event: 'request_completed',
      requestId: '0a685af0-8ca6-475c-a639-03b67d851467',
      methodClass: 'GET',
      durationMs: 2,
      statusCode: 403
    }

      at write (src/observability/safeLogger.js:178:17)

  console.info
    {
      component: 'http',
      event: 'request_completed',
      requestId: '10a0c544-12c3-406a-8eed-b517770134a6',
      methodClass: 'GET',
      durationMs: 2,
      statusCode: 403
    }

      at write (src/observability/safeLogger.js:178:17)

  console.info
    {
      component: 'http',
      event: 'request_completed',
      requestId: '39c65c95-e0b2-4839-8eac-50e25d6cc1ed',
      methodClass: 'GET',
      durationMs: 16,
      statusCode: 200
    }

      at write (src/observability/safeLogger.js:178:17)

  console.log
    [DB] Migration applied: 001_initial_schema.sql

      at Object.log [as runMigrations] (src/db.js:1312:42)

  console.log
    [DB] Migration applied: 002_seed_data.sql

      at Object.log [as runMigrations] (src/db.js:1312:42)

  console.log
    [DB] Migration applied: 003_voice_sessions.sql

      at Object.log [as runMigrations] (src/db.js:1312:42)

  console.log
    [DB] Migration applied: 004_canonical_persistence_v2.sql

      at Object.log [as runMigrations] (src/db.js:1312:42)

  console.log
    [DB] Migration applied: 005_canonical_organization_authority.sql

      at Object.log [as runMigrations] (src/db.js:1312:42)

  console.log
    [DB] Migration applied: 006_canonical_voice_sessions.sql

      at Object.log [as runMigrations] (src/db.js:1312:42)

  console.log
    [DB] Migration applied: 007_canonical_tax_authority.sql

      at Object.log [as runMigrations] (src/db.js:1312:42)

  console.log
    [DB] Migration applied: 008_canonical_demo_authority.sql

      at Object.log [as runMigrations] (src/db.js:1312:42)

  console.log
    [DB] Migration applied: 009_canonical_voice_provider_identity.sql

      at Object.log [as runMigrations] (src/db.js:1312:42)

  console.log
    [DB] Migration applied: 010_account_session_authority.sql

      at Object.log [as runMigrations] (src/db.js:1312:42)

  console.log
    [DB] Migration applied: 011_oauth_authorization_states.sql

      at Object.log [as runMigrations] (src/db.js:1312:42)

  console.log
    [DB] Migration applied: 012_account_verification_trial.sql

      at Object.log [as runMigrations] (src/db.js:1312:42)

  console.log
    [DB] Migration applied: 015_workforce_authority.sql

      at Object.log [as runMigrations] (src/db.js:1312:42)

  console.log
    [DB] Migration applied: 016_tenant_asset_catalogue.sql

      at Object.log [as runMigrations] (src/db.js:1312:42)

  console.log
    [DB] Migration applied: 017_retell_webhook_replay_authority.sql

      at Object.log [as runMigrations] (src/db.js:1312:42)

  console.log
    [DB] Migration applied: 018_canonical_map_preferences.sql

      at Object.log [as runMigrations] (src/db.js:1312:42)

  console.log
    [DB] Migration applied: 019_account_email_outbox.sql

      at Object.log [as runMigrations] (src/db.js:1312:42)

  console.log
    [DB] Migration applied: 020_canonical_workforce_access_roles.sql

      at Object.log [as runMigrations] (src/db.js:1312:42)

  console.log
    [DB] Migration applied: 021_bounded_api_observability.sql

      at Object.log [as runMigrations] (src/db.js:1312:42)

  console.log
    [DB] Migration applied: 022_demo_command_center_sessions.sql

      at Object.log [as runMigrations] (src/db.js:1312:42)

  console.log
    [DB] Migration applied: 023_homepage_demo_admission.sql

      at Object.log [as runMigrations] (src/db.js:1312:42)

  console.log
    [DB] Migration applied: 024_homepage_verified_purge_receipt.sql

      at Object.log [as runMigrations] (src/db.js:1312:42)

  console.log
    [DB] Migration applied: 025_provider_agnostic_knowledge_registry.sql

      at Object.log [as runMigrations] (src/db.js:1312:42)

  console.log
    [DB] Migration applied: 026_canonical_knowledge_review_publication.sql

      at Object.log [as runMigrations] (src/db.js:1312:42)

  console.log
    [DB] Migration applied: 027_canonical_knowledge_audit_graph_authority.sql

      at Object.log [as runMigrations] (src/db.js:1312:42)

  console.log
    [DB] Migration applied: 028_canonical_knowledge_immutable_lifecycle.sql

      at Object.log [as runMigrations] (src/db.js:1312:42)

  console.log
    [DB] Migration applied: 029_canonical_knowledge_transactional_sync.sql

      at Object.log [as runMigrations] (src/db.js:1312:42)

  console.log
    [DB] Migration applied: 030_canonical_knowledge_sync_revocation.sql

      at Object.log [as runMigrations] (src/db.js:1312:42)

  console.log
    [DB] Migration applied: 031_canonical_knowledge_sync_recovery_lifecycle.sql

      at Object.log [as runMigrations] (src/db.js:1312:42)

  console.log
    [DB] Migration applied: 032_canonical_schedule_assignment_authority.sql

      at Object.log [as runMigrations] (src/db.js:1312:42)

  console.log
    [DB] Migration applied: 033_canonical_schedule_time_evidence.sql

      at Object.log [as runMigrations] (src/db.js:1312:42)

  console.log
    [DB] Migration applied: 001_initial_schema.sql

      at Object.log [as runMigrations] (src/db.js:1312:42)

  console.log
    [DB] Migration applied: 002_seed_data.sql

      at Object.log [as runMigrations] (src/db.js:1312:42)

  console.log
    [DB] Migration applied: 003_voice_sessions.sql

      at Object.log [as runMigrations] (src/db.js:1312:42)

  console.log
    [DB] Migration applied: 004_canonical_persistence_v2.sql

      at Object.log [as runMigrations] (src/db.js:1312:42)

  console.log
    [DB] Migration applied: 005_canonical_organization_authority.sql

      at Object.log [as runMigrations] (src/db.js:1312:42)

  console.log
    [DB] Migration applied: 006_canonical_voice_sessions.sql

      at Object.log [as runMigrations] (src/db.js:1312:42)

  console.log
    [DB] Migration applied: 007_canonical_tax_authority.sql

      at Object.log [as runMigrations] (src/db.js:1312:42)

  console.log
    [DB] Migration applied: 008_canonical_demo_authority.sql

      at Object.log [as runMigrations] (src/db.js:1312:42)

  console.log
    [DB] Migration applied: 009_canonical_voice_provider_identity.sql

      at Object.log [as runMigrations] (src/db.js:1312:42)

  console.log
    [DB] Migration applied: 010_account_session_authority.sql

      at Object.log [as runMigrations] (src/db.js:1312:42)

  console.log
    [DB] Migration applied: 011_oauth_authorization_states.sql

      at Object.log [as runMigrations] (src/db.js:1312:42)

  console.log
    [DB] Migration applied: 012_account_verification_trial.sql

      at Object.log [as runMigrations] (src/db.js:1312:42)

  console.log
    [DB] Migration applied: 015_workforce_authority.sql

      at Object.log [as runMigrations] (src/db.js:1312:42)

  console.log
    [DB] Migration applied: 016_tenant_asset_catalogue.sql

      at Object.log [as runMigrations] (src/db.js:1312:42)

  console.log
    [DB] Migration applied: 017_retell_webhook_replay_authority.sql

      at Object.log [as runMigrations] (src/db.js:1312:42)

  console.log
    [DB] Migration applied: 018_canonical_map_preferences.sql

      at Object.log [as runMigrations] (src/db.js:1312:42)

  console.log
    [DB] Migration applied: 019_account_email_outbox.sql

      at Object.log [as runMigrations] (src/db.js:1312:42)

  console.log
    [DB] Migration applied: 020_canonical_workforce_access_roles.sql

      at Object.log [as runMigrations] (src/db.js:1312:42)

  console.log
    [DB] Migration applied: 021_bounded_api_observability.sql

      at Object.log [as runMigrations] (src/db.js:1312:42)

  console.log
    [DB] Migration applied: 022_demo_command_center_sessions.sql

      at Object.log [as runMigrations] (src/db.js:1312:42)

  console.log
    [DB] Migration applied: 023_homepage_demo_admission.sql

      at Object.log [as runMigrations] (src/db.js:1312:42)

  console.log
    [DB] Migration applied: 024_homepage_verified_purge_receipt.sql

      at Object.log [as runMigrations] (src/db.js:1312:42)

  console.log
    [DB] Migration applied: 025_provider_agnostic_knowledge_registry.sql

      at Object.log [as runMigrations] (src/db.js:1312:42)

  console.log
    [DB] Migration applied: 026_canonical_knowledge_review_publication.sql

      at Object.log [as runMigrations] (src/db.js:1312:42)

  console.log
    [DB] Migration applied: 027_canonical_knowledge_audit_graph_authority.sql

      at Object.log [as runMigrations] (src/db.js:1312:42)

  console.log
    [DB] Migration applied: 028_canonical_knowledge_immutable_lifecycle.sql

      at Object.log [as runMigrations] (src/db.js:1312:42)

  console.log
    [DB] Migration applied: 029_canonical_knowledge_transactional_sync.sql

      at Object.log [as runMigrations] (src/db.js:1312:42)

  console.log
    [DB] Migration applied: 030_canonical_knowledge_sync_revocation.sql

      at Object.log [as runMigrations] (src/db.js:1312:42)

  console.log
    [DB] Migration applied: 031_canonical_knowledge_sync_recovery_lifecycle.sql

      at Object.log [as runMigrations] (src/db.js:1312:42)

  console.log
    [DB] Migration applied: 032_canonical_schedule_assignment_authority.sql

      at Object.log [as runMigrations] (src/db.js:1312:42)

  console.log
    [DB] Migration applied: 033_canonical_schedule_time_evidence.sql

      at Object.log [as runMigrations] (src/db.js:1312:42)

  console.log
    [DB] Migration applied: 001_initial_schema.sql

      at Object.log [as runMigrations] (src/db.js:1312:42)

  console.log
    [DB] Migration applied: 002_seed_data.sql

      at Object.log [as runMigrations] (src/db.js:1312:42)

  console.log
    [DB] Migration applied: 003_voice_sessions.sql

      at Object.log [as runMigrations] (src/db.js:1312:42)

  console.log
    [DB] Migration applied: 004_canonical_persistence_v2.sql

      at Object.log [as runMigrations] (src/db.js:1312:42)

  console.log
    [DB] Migration applied: 005_canonical_organization_authority.sql

      at Object.log [as runMigrations] (src/db.js:1312:42)

  console.log
    [DB] Migration applied: 006_canonical_voice_sessions.sql

      at Object.log [as runMigrations] (src/db.js:1312:42)

  console.log
    [DB] Migration applied: 007_canonical_tax_authority.sql

      at Object.log [as runMigrations] (src/db.js:1312:42)

  console.log
    [DB] Migration applied: 008_canonical_demo_authority.sql

      at Object.log [as runMigrations] (src/db.js:1312:42)

  console.log
    [DB] Migration applied: 009_canonical_voice_provider_identity.sql

      at Object.log [as runMigrations] (src/db.js:1312:42)

  console.log
    [DB] Migration applied: 010_account_session_authority.sql

      at Object.log [as runMigrations] (src/db.js:1312:42)

  console.log
    [DB] Migration applied: 011_oauth_authorization_states.sql

      at Object.log [as runMigrations] (src/db.js:1312:42)

  console.log
    [DB] Migration applied: 012_account_verification_trial.sql

      at Object.log [as runMigrations] (src/db.js:1312:42)

  console.log
    [DB] Migration applied: 015_workforce_authority.sql

      at Object.log [as runMigrations] (src/db.js:1312:42)

  console.log
    [DB] Migration applied: 016_tenant_asset_catalogue.sql

      at Object.log [as runMigrations] (src/db.js:1312:42)

  console.log
    [DB] Migration applied: 017_retell_webhook_replay_authority.sql

      at Object.log [as runMigrations] (src/db.js:1312:42)

  console.log
    [DB] Migration applied: 018_canonical_map_preferences.sql

      at Object.log [as runMigrations] (src/db.js:1312:42)

  console.log
    [DB] Migration applied: 019_account_email_outbox.sql

      at Object.log [as runMigrations] (src/db.js:1312:42)

  console.log
    [DB] Migration applied: 020_canonical_workforce_access_roles.sql

      at Object.log [as runMigrations] (src/db.js:1312:42)

  console.log
    [DB] Migration applied: 021_bounded_api_observability.sql

      at Object.log [as runMigrations] (src/db.js:1312:42)

  console.log
    [DB] Migration applied: 022_demo_command_center_sessions.sql

      at Object.log [as runMigrations] (src/db.js:1312:42)

  console.log
    [DB] Migration applied: 023_homepage_demo_admission.sql

      at Object.log [as runMigrations] (src/db.js:1312:42)

  console.log
    [DB] Migration applied: 024_homepage_verified_purge_receipt.sql

      at Object.log [as runMigrations] (src/db.js:1312:42)

  console.log
    [DB] Migration applied: 025_provider_agnostic_knowledge_registry.sql

      at Object.log [as runMigrations] (src/db.js:1312:42)

  console.log
    [DB] Migration applied: 026_canonical_knowledge_review_publication.sql

      at Object.log [as runMigrations] (src/db.js:1312:42)

  console.log
    [DB] Migration applied: 027_canonical_knowledge_audit_graph_authority.sql

      at Object.log [as runMigrations] (src/db.js:1312:42)

  console.log
    [DB] Migration applied: 028_canonical_knowledge_immutable_lifecycle.sql

      at Object.log [as runMigrations] (src/db.js:1312:42)

  console.log
    [DB] Migration applied: 029_canonical_knowledge_transactional_sync.sql

      at Object.log [as runMigrations] (src/db.js:1312:42)

  console.log
    [DB] Migration applied: 030_canonical_knowledge_sync_revocation.sql

      at Object.log [as runMigrations] (src/db.js:1312:42)

  console.log
    [DB] Migration applied: 031_canonical_knowledge_sync_recovery_lifecycle.sql

      at Object.log [as runMigrations] (src/db.js:1312:42)

  console.log
    [DB] Migration applied: 032_canonical_schedule_assignment_authority.sql

      at Object.log [as runMigrations] (src/db.js:1312:42)

  console.log
    [DB] Migration applied: 033_canonical_schedule_time_evidence.sql

      at Object.log [as runMigrations] (src/db.js:1312:42)

  console.log
    [DB] Migration applied: 001_initial_schema.sql

      at log (src/db.js:1312:42)

  console.log
    [DB] Migration applied: 002_seed_data.sql

      at log (src/db.js:1312:42)

  console.log
    [DB] Migration applied: 003_voice_sessions.sql

      at log (src/db.js:1312:42)

  console.log
    [DB] Migration applied: 004_canonical_persistence_v2.sql

      at log (src/db.js:1312:42)

  console.log
    [DB] Migration applied: 005_canonical_organization_authority.sql

      at log (src/db.js:1312:42)

  console.log
    [DB] Migration applied: 006_canonical_voice_sessions.sql

      at log (src/db.js:1312:42)

  console.log
    [DB] Migration applied: 007_canonical_tax_authority.sql

      at log (src/db.js:1312:42)

  console.log
    [DB] Migration applied: 008_canonical_demo_authority.sql

      at log (src/db.js:1312:42)

  console.log
    [DB] Migration applied: 009_canonical_voice_provider_identity.sql

      at log (src/db.js:1312:42)

  console.log
    [DB] Migration applied: 010_account_session_authority.sql

      at log (src/db.js:1312:42)

  console.log
    [DB] Migration applied: 011_oauth_authorization_states.sql

      at log (src/db.js:1312:42)

  console.log
    [DB] Migration applied: 012_account_verification_trial.sql

      at log (src/db.js:1312:42)

  console.log
    [DB] Migration applied: 015_workforce_authority.sql

      at log (src/db.js:1312:42)

  console.log
    [DB] Migration applied: 016_tenant_asset_catalogue.sql

      at log (src/db.js:1312:42)

  console.log
    [DB] Migration applied: 017_retell_webhook_replay_authority.sql

      at log (src/db.js:1312:42)

  console.log
    [DB] Migration applied: 018_canonical_map_preferences.sql

      at log (src/db.js:1312:42)

  console.log
    [DB] Migration applied: 019_account_email_outbox.sql

      at log (src/db.js:1312:42)

  console.log
    [DB] Migration applied: 020_canonical_workforce_access_roles.sql

      at log (src/db.js:1312:42)

  console.log
    [DB] Migration applied: 021_bounded_api_observability.sql

      at log (src/db.js:1312:42)

  console.log
    [DB] Migration applied: 022_demo_command_center_sessions.sql

      at log (src/db.js:1312:42)

  console.log
    [DB] Migration applied: 023_homepage_demo_admission.sql

      at log (src/db.js:1312:42)

  console.log
    [DB] Migration applied: 024_homepage_verified_purge_receipt.sql

      at log (src/db.js:1312:42)

  console.log
    [DB] Migration applied: 025_provider_agnostic_knowledge_registry.sql

      at log (src/db.js:1312:42)

  console.log
    [DB] Migration applied: 026_canonical_knowledge_review_publication.sql

      at log (src/db.js:1312:42)

  console.log
    [DB] Migration applied: 027_canonical_knowledge_audit_graph_authority.sql

      at log (src/db.js:1312:42)

  console.log
    [DB] Migration applied: 028_canonical_knowledge_immutable_lifecycle.sql

      at log (src/db.js:1312:42)

  console.log
    [DB] Migration applied: 029_canonical_knowledge_transactional_sync.sql

      at log (src/db.js:1312:42)

  console.log
    [DB] Migration applied: 030_canonical_knowledge_sync_revocation.sql

      at log (src/db.js:1312:42)

  console.log
    [DB] Migration applied: 031_canonical_knowledge_sync_recovery_lifecycle.sql

      at log (src/db.js:1312:42)

  console.log
    [DB] Migration applied: 032_canonical_schedule_assignment_authority.sql

      at log (src/db.js:1312:42)

  console.log
    [DB] Migration applied: 033_canonical_schedule_time_evidence.sql

      at log (src/db.js:1312:42)

  console.log
    [DB] Migration applied: 034_schedule_availability_conflict_authority.sql

      at log (src/db.js:1312:42)

  console.log
    [DB] Migration applied: 035_schedule_human_preview_approval.sql

      at log (src/db.js:1312:42)

  console.info
    {
      component: 'http',
      event: 'request_completed',
      requestId: '0c383124-e8d3-4e5c-83a9-dfab1f35b877',
      methodClass: 'PUT',
      durationMs: 173,
      statusCode: 200
    }

      at write (src/observability/safeLogger.js:178:17)

  console.info
    {
      component: 'http',
      event: 'request_completed',
      requestId: 'b3dd5dad-8710-42c9-93a6-3f69c3b9da10',
      methodClass: 'PUT',
      durationMs: 38,
      statusCode: 200
    }

      at write (src/observability/safeLogger.js:178:17)

  console.info
    {
      component: 'http',
      event: 'request_completed',
      requestId: 'f25b018a-04d9-44f7-9040-f5d3db9bda3b',
      methodClass: 'PUT',
      durationMs: 3,
      statusCode: 403
    }

      at write (src/observability/safeLogger.js:178:17)

  console.info
    {
      component: 'http',
      event: 'request_completed',
      requestId: '19b238ff-5477-4b9d-8a6b-8ad4ce889d23',
      methodClass: 'PUT',
      durationMs: 5,
      statusCode: 403
    }

      at write (src/observability/safeLogger.js:178:17)

  console.info
    {
      component: 'http',
      event: 'request_completed',
      requestId: '1cb16511-717a-48cb-92f0-c9da0cf9f2f5',
      methodClass: 'PUT',
      durationMs: 113,
      statusCode: 200
    }

      at write (src/observability/safeLogger.js:178:17)

  console.info
    {
      component: 'http',
      event: 'request_completed',
      requestId: '9ff28602-43a4-45b2-97ae-4e77963edccb',
      methodClass: 'PUT',
      durationMs: 114,
      statusCode: 200
    }

      at write (src/observability/safeLogger.js:178:17)

  console.info
    {
      component: 'http',
      event: 'request_completed',
      requestId: '0131b26e-7a73-4fb6-918d-f0b5eda7bb5d',
      methodClass: 'PUT',
      durationMs: 38,
      statusCode: 200
    }

      at write (src/observability/safeLogger.js:178:17)

  console.info
    {
      component: 'http',
      event: 'request_completed',
      requestId: 'c53e13c5-1104-4b08-bb25-6649f50e249d',
      methodClass: 'PUT',
      durationMs: 6,
      statusCode: 409
    }

      at write (src/observability/safeLogger.js:178:17)

  console.info
    {
      component: 'http',
      event: 'request_completed',
      requestId: '746f6f5d-9f47-467f-bceb-095c672f1908',
      methodClass: 'PUT',
      durationMs: 109,
      statusCode: 200
    }

      at write (src/observability/safeLogger.js:178:17)

  console.info
    {
      component: 'http',
      event: 'request_completed',
      requestId: '4a7fe666-8bd7-44a9-9ff8-406127cb7f86',
      methodClass: 'PUT',
      durationMs: 117,
      statusCode: 200
    }

      at write (src/observability/safeLogger.js:178:17)

  console.info
    {
      component: 'http',
      event: 'request_completed',
      requestId: '3f9fc8e1-036b-49dd-a14f-30566f978b57',
      methodClass: 'PUT',
      durationMs: 6,
      statusCode: 200
    }

      at write (src/observability/safeLogger.js:178:17)

  console.info
    {
      component: 'http',
      event: 'request_completed',
      requestId: '54bfac67-c04b-42ef-a1c9-d8be3fd2ba78',
      methodClass: 'PUT',
      durationMs: 115,
      statusCode: 400
    }

      at write (src/observability/safeLogger.js:178:17)

  console.info
    {
      component: 'http',
      event: 'request_completed',
      requestId: '226b6bce-04cf-4105-acc1-39449352922e',
      methodClass: 'PUT',
      durationMs: 112,
      statusCode: 200
    }

      at write (src/observability/safeLogger.js:178:17)

  console.info
    {
      component: 'http',
      event: 'request_completed',
      requestId: '1b7c8192-19f7-4aa4-b2a1-5005371f0eba',
      methodClass: 'PUT',
      durationMs: 6,
      statusCode: 404
    }

      at write (src/observability/safeLogger.js:178:17)

  console.info
    {
      component: 'http',
      event: 'request_completed',
      requestId: '7dc53c5f-4a98-4ad8-bf8d-49cb27d53e1c',
      methodClass: 'PUT',
      durationMs: 5,
      statusCode: 404
    }

      at write (src/observability/safeLogger.js:178:17)

  console.info
    {
      component: 'http',
      event: 'request_completed',
      requestId: 'cdac8fa3-c046-41ca-ba5b-47dad8c894ee',
      methodClass: 'POST',
      durationMs: 7,
      statusCode: 404
    }

      at write (src/observability/safeLogger.js:178:17)

  console.info
    {
      component: 'http',
      event: 'request_completed',
      requestId: '1a5fe6bd-73f4-48d4-9b53-7ff6729917a1',
      methodClass: 'POST',
      durationMs: 7,
      statusCode: 404
    }

      at write (src/observability/safeLogger.js:178:17)

  console.info
    {
      component: 'http',
      event: 'request_completed',
      requestId: 'b7839a1a-7135-4e21-9748-54c3c5e20696',
      methodClass: 'POST',
      durationMs: 8,
      statusCode: 200
    }

      at write (src/observability/safeLogger.js:178:17)

  console.info
    {
      component: 'http',
      event: 'request_completed',
      requestId: '78c428b1-bd23-4f6f-b7df-dfdf3194b794',
      methodClass: 'POST',
      durationMs: 8,
      statusCode: 200
    }

      at write (src/observability/safeLogger.js:178:17)

  console.info
    {
      component: 'http',
      event: 'request_completed',
      requestId: '7f7d8e58-d447-4bde-bd9d-64cc977b16ae',
      methodClass: 'POST',
      durationMs: 19,
      statusCode: 200
    }

      at write (src/observability/safeLogger.js:178:17)

  console.info
    {
      component: 'http',
      event: 'request_completed',
      requestId: '7e86824d-ea52-4c34-9c51-2c2853974ff5',
      methodClass: 'POST',
      durationMs: 18,
      statusCode: 200
    }

      at write (src/observability/safeLogger.js:178:17)

  console.info
    {
      component: 'http',
      event: 'request_completed',
      requestId: 'e5db5962-2ecf-4ca9-890c-1384c0d007c8',
      methodClass: 'POST',
      durationMs: 2,
      statusCode: 400
    }

      at write (src/observability/safeLogger.js:178:17)

  console.info
    {
      component: 'http',
      event: 'request_completed',
      requestId: '1c09dafd-4ca8-4989-9fb8-633513cdb69f',
      methodClass: 'POST',
      durationMs: 19,
      statusCode: 200
    }

      at write (src/observability/safeLogger.js:178:17)

  console.info
    {
      component: 'http',
      event: 'request_completed',
      requestId: 'ee57c5da-e002-4269-a752-b18ecef9db4d',
      methodClass: 'POST',
      durationMs: 19,
      statusCode: 200
    }

      at write (src/observability/safeLogger.js:178:17)

  console.info
    {
      component: 'http',
      event: 'request_completed',
      requestId: '1ddc0e81-5445-4e8c-b688-15f0484aaacf',
      methodClass: 'POST',
      durationMs: 24,
      statusCode: 200
    }

      at write (src/observability/safeLogger.js:178:17)

  console.info
    {
      component: 'http',
      event: 'request_completed',
      requestId: 'e402b87c-9c3d-4148-a330-ba892b783486',
      methodClass: 'POST',
      durationMs: 23,
      statusCode: 200
    }

      at write (src/observability/safeLogger.js:178:17)

  console.info
    {
      component: 'http',
      event: 'request_completed',
      requestId: '04dab8c5-240d-4ebb-bf4d-9dbc0f78f6fe',
      methodClass: 'PUT',
      durationMs: 165,
      statusCode: 200
    }

      at write (src/observability/safeLogger.js:178:17)

  console.info
    {
      component: 'http',
      event: 'request_completed',
      requestId: 'e55f7461-f478-4203-b226-fbc1e56abc4f',
      methodClass: 'POST',
      durationMs: 19,
      statusCode: 200
    }

      at write (src/observability/safeLogger.js:178:17)

  console.info
    {
      component: 'http',
      event: 'request_completed',
      requestId: '6ef3ae0c-6e4d-4819-8c67-5c4cc4ba872a',
      methodClass: 'POST',
      durationMs: 18,
      statusCode: 200
    }

      at write (src/observability/safeLogger.js:178:17)

  console.info
    {
      component: 'http',
      event: 'request_completed',
      requestId: 'd17615b7-38d0-4e6f-a819-c61ba9323a5e',
      methodClass: 'POST',
      durationMs: 18,
      statusCode: 200
    }

      at write (src/observability/safeLogger.js:178:17)

  console.info
    {
      component: 'http',
      event: 'request_completed',
      requestId: 'd9ac6bb9-6525-4825-9117-f84b8494a9d9',
      methodClass: 'POST',
      durationMs: 18,
      statusCode: 200
    }

      at write (src/observability/safeLogger.js:178:17)

  console.info
    {
      component: 'http',
      event: 'request_completed',
      requestId: '43fe98c7-ad42-4999-8db8-b1729ac5f9b5',
      methodClass: 'POST',
      durationMs: 19,
      statusCode: 200
    }

      at write (src/observability/safeLogger.js:178:17)

  console.info
    {
      component: 'http',
      event: 'request_completed',
      requestId: '97623200-9212-41df-aa44-3514763ab8e5',
      methodClass: 'POST',
      durationMs: 22,
      statusCode: 200
    }

      at write (src/observability/safeLogger.js:178:17)

  console.info
    {
      component: 'http',
      event: 'request_completed',
      requestId: 'd5b51dac-1be8-4b3c-8980-228b11762c1e',
      methodClass: 'POST',
      durationMs: 19,
      statusCode: 200
    }

      at write (src/observability/safeLogger.js:178:17)

  console.info
    {
      component: 'http',
      event: 'request_completed',
      requestId: '50f6d511-be14-46e8-87ee-00f6fe73b423',
      methodClass: 'POST',
      durationMs: 17,
      statusCode: 200
    }

      at write (src/observability/safeLogger.js:178:17)

  console.info
    {
      component: 'http',
      event: 'request_completed',
      requestId: '55574590-30d4-4042-8a29-0e17c7bdc21a',
      methodClass: 'POST',
      durationMs: 19,
      statusCode: 200
    }

      at write (src/observability/safeLogger.js:178:17)

  console.info
    {
      component: 'http',
      event: 'request_completed',
      requestId: 'd186860e-0f10-41c7-9deb-35727c565a0b',
      methodClass: 'POST',
      durationMs: 18,
      statusCode: 200
    }

      at write (src/observability/safeLogger.js:178:17)

  console.info
    {
      component: 'http',
      event: 'request_completed',
      requestId: 'a39f3ffa-48fe-4472-99f1-2d88b581654f',
      methodClass: 'POST',
      durationMs: 18,
      statusCode: 200
    }

      at write (src/observability/safeLogger.js:178:17)

  console.info
    {
      component: 'http',
      event: 'request_completed',
      requestId: '44f12099-2689-4572-b6a7-eaceda0e4217',
      methodClass: 'POST',
      durationMs: 19,
      statusCode: 200
    }

      at write (src/observability/safeLogger.js:178:17)

  console.info
    {
      component: 'http',
      event: 'request_completed',
      requestId: '71ef3eb7-763b-4462-8f47-998096b54d11',
      methodClass: 'POST',
      durationMs: 27,
      statusCode: 200
    }

      at write (src/observability/safeLogger.js:178:17)

  console.info
    {
      component: 'http',
      event: 'request_completed',
      requestId: '462e3efc-65c7-4fdd-8a09-e6302fcdecb3',
      methodClass: 'POST',
      durationMs: 24,
      statusCode: 200
    }

      at write (src/observability/safeLogger.js:178:17)

  console.info
    {
      component: 'http',
      event: 'request_completed',
      requestId: '6e80fab6-c3b7-43a8-bea1-12f2d7eddc28',
      methodClass: 'PUT',
      durationMs: 134,
      statusCode: 200
    }

      at write (src/observability/safeLogger.js:178:17)

  console.info
    {
      component: 'http',
      event: 'request_completed',
      requestId: 'b14a1075-fd79-4631-ac91-ca751d630126',
      methodClass: 'PUT',
      durationMs: 142,
      statusCode: 409
    }

      at write (src/observability/safeLogger.js:178:17)

  console.info
    {
      component: 'http',
      event: 'request_completed',
      requestId: '173efd7f-b6eb-4c7a-b934-81b3b9286591',
      methodClass: 'PUT',
      durationMs: 3,
      statusCode: 400
    }

      at write (src/observability/safeLogger.js:178:17)

  console.info
    {
      component: 'http',
      event: 'request_completed',
      requestId: '2af10434-bb74-4fd6-949a-b679e2ddecb3',
      methodClass: 'POST',
      durationMs: 2,
      statusCode: 400
    }

      at write (src/observability/safeLogger.js:178:17)

  console.info
    {
      component: 'http',
      event: 'request_completed',
      requestId: '15de2e9a-9ffe-498d-9892-9c771b354a2e',
      methodClass: 'POST',
      durationMs: 3,
      statusCode: 401
    }

      at write (src/observability/safeLogger.js:178:17)

  console.info
    {
      component: 'http',
      event: 'request_completed',
      requestId: '1758b42f-fd8f-42f1-95d3-3346c14f1541',
      methodClass: 'POST',
      durationMs: 2,
      statusCode: 403
    }

      at write (src/observability/safeLogger.js:178:17)

  console.info
    {
      component: 'http',
      event: 'request_completed',
      requestId: '73af2a51-3f61-4820-a8a1-21f6928d1ff0',
      methodClass: 'POST',
      durationMs: 5,
      statusCode: 403
    }

      at write (src/observability/safeLogger.js:178:17)

  console.info
    {
      component: 'http',
      event: 'request_completed',
      requestId: 'c253ae64-df27-46b1-9820-5342fabd9b0e',
      methodClass: 'POST',
      durationMs: 6,
      statusCode: 409
    }

      at write (src/observability/safeLogger.js:178:17)

  console.log
    [DB] Migration applied: 001_initial_schema.sql

      at Object.log [as runMigrations] (src/db.js:1312:42)

  console.log
    [DB] Migration applied: 002_seed_data.sql

      at Object.log [as runMigrations] (src/db.js:1312:42)

  console.log
    [DB] Migration applied: 003_voice_sessions.sql

      at Object.log [as runMigrations] (src/db.js:1312:42)

  console.log
    [DB] Migration applied: 004_canonical_persistence_v2.sql

      at Object.log [as runMigrations] (src/db.js:1312:42)

  console.log
    [DB] Migration applied: 005_canonical_organization_authority.sql

      at Object.log [as runMigrations] (src/db.js:1312:42)

  console.log
    [DB] Migration applied: 006_canonical_voice_sessions.sql

      at Object.log [as runMigrations] (src/db.js:1312:42)

  console.log
    [DB] Migration applied: 007_canonical_tax_authority.sql

      at Object.log [as runMigrations] (src/db.js:1312:42)

  console.log
    [DB] Migration applied: 008_canonical_demo_authority.sql

      at Object.log [as runMigrations] (src/db.js:1312:42)

  console.log
    [DB] Migration applied: 009_canonical_voice_provider_identity.sql

      at Object.log [as runMigrations] (src/db.js:1312:42)

  console.log
    [DB] Migration applied: 010_account_session_authority.sql

      at Object.log [as runMigrations] (src/db.js:1312:42)

  console.log
    [DB] Migration applied: 011_oauth_authorization_states.sql

      at Object.log [as runMigrations] (src/db.js:1312:42)

  console.log
    [DB] Migration applied: 012_account_verification_trial.sql

      at Object.log [as runMigrations] (src/db.js:1312:42)

  console.log
    [DB] Migration applied: 015_workforce_authority.sql

      at Object.log [as runMigrations] (src/db.js:1312:42)

  console.log
    [DB] Migration applied: 016_tenant_asset_catalogue.sql

      at Object.log [as runMigrations] (src/db.js:1312:42)

  console.log
    [DB] Migration applied: 017_retell_webhook_replay_authority.sql

      at Object.log [as runMigrations] (src/db.js:1312:42)

  console.log
    [DB] Migration applied: 018_canonical_map_preferences.sql

      at Object.log [as runMigrations] (src/db.js:1312:42)

  console.log
    [DB] Migration applied: 019_account_email_outbox.sql

      at Object.log [as runMigrations] (src/db.js:1312:42)

  console.log
    [DB] Migration applied: 020_canonical_workforce_access_roles.sql

      at Object.log [as runMigrations] (src/db.js:1312:42)

  console.log
    [DB] Migration applied: 021_bounded_api_observability.sql

      at Object.log [as runMigrations] (src/db.js:1312:42)

  console.log
    [DB] Migration applied: 022_demo_command_center_sessions.sql

      at Object.log [as runMigrations] (src/db.js:1312:42)

  console.log
    [DB] Migration applied: 023_homepage_demo_admission.sql

      at Object.log [as runMigrations] (src/db.js:1312:42)

  console.log
    [DB] Migration applied: 024_homepage_verified_purge_receipt.sql

      at Object.log [as runMigrations] (src/db.js:1312:42)

  console.log
    [DB] Migration applied: 025_provider_agnostic_knowledge_registry.sql

      at Object.log [as runMigrations] (src/db.js:1312:42)

  console.log
    [DB] Migration applied: 026_canonical_knowledge_review_publication.sql

      at Object.log [as runMigrations] (src/db.js:1312:42)

  console.log
    [DB] Migration applied: 027_canonical_knowledge_audit_graph_authority.sql

      at Object.log [as runMigrations] (src/db.js:1312:42)

  console.log
    [DB] Migration applied: 028_canonical_knowledge_immutable_lifecycle.sql

      at Object.log [as runMigrations] (src/db.js:1312:42)

  console.log
    [DB] Migration applied: 029_canonical_knowledge_transactional_sync.sql

      at Object.log [as runMigrations] (src/db.js:1312:42)

  console.log
    [DB] Migration applied: 030_canonical_knowledge_sync_revocation.sql

      at Object.log [as runMigrations] (src/db.js:1312:42)

  console.log
    [DB] Migration applied: 031_canonical_knowledge_sync_recovery_lifecycle.sql

      at Object.log [as runMigrations] (src/db.js:1312:42)

  console.log
    [DB] Migration applied: 032_canonical_schedule_assignment_authority.sql

      at Object.log [as runMigrations] (src/db.js:1312:42)

  console.log
    [DB] Migration applied: 033_canonical_schedule_time_evidence.sql

      at Object.log [as runMigrations] (src/db.js:1312:42)

  console.log
    [DB] Migration applied: 034_schedule_availability_conflict_authority.sql

      at Object.log [as runMigrations] (src/db.js:1312:42)

  console.log
    [DB] Migration applied: 035_schedule_human_preview_approval.sql

      at Object.log [as runMigrations] (src/db.js:1312:42)
