  console.log
    [DB] Migration applied: 001_initial_schema.sql

      at log (src/db.js:1312:42)

  console.log
    [DB] Migration applied: 002_seed_data.sql

      at log (src/db.js:1312:42)

  console.log
    [DB] Migration applied: 003_voice_sessions.sql

      at log (src/db.js:1312:42)

  console.log
    [DB] Migration applied: 004_canonical_persistence_v2.sql

      at log (src/db.js:1312:42)

  console.log
    [DB] Migration applied: 005_canonical_organization_authority.sql

      at log (src/db.js:1312:42)

  console.log
    [DB] Migration applied: 006_canonical_voice_sessions.sql

      at log (src/db.js:1312:42)

  console.log
    [DB] Migration applied: 007_canonical_tax_authority.sql

      at log (src/db.js:1312:42)

  console.log
    [DB] Migration applied: 008_canonical_demo_authority.sql

      at log (src/db.js:1312:42)

  console.log
    [DB] Migration applied: 009_canonical_voice_provider_identity.sql

      at log (src/db.js:1312:42)

  console.log
    [DB] Migration applied: 010_account_session_authority.sql

      at log (src/db.js:1312:42)

  console.log
    [DB] Migration applied: 011_oauth_authorization_states.sql

      at log (src/db.js:1312:42)

  console.log
    [DB] Migration applied: 012_account_verification_trial.sql

      at log (src/db.js:1312:42)

  console.log
    [DB] Migration applied: 015_workforce_authority.sql

      at log (src/db.js:1312:42)

  console.log
    [DB] Migration applied: 016_tenant_asset_catalogue.sql

      at log (src/db.js:1312:42)

  console.log
    [DB] Migration applied: 017_retell_webhook_replay_authority.sql

      at log (src/db.js:1312:42)

  console.log
    [DB] Migration applied: 018_canonical_map_preferences.sql

      at log (src/db.js:1312:42)

  console.log
    [DB] Migration applied: 019_account_email_outbox.sql

      at log (src/db.js:1312:42)

  console.log
    [DB] Migration applied: 020_canonical_workforce_access_roles.sql

      at log (src/db.js:1312:42)

  console.log
    [DB] Migration applied: 021_bounded_api_observability.sql

      at log (src/db.js:1312:42)

  console.log
    [DB] Migration applied: 022_demo_command_center_sessions.sql

      at log (src/db.js:1312:42)

  console.log
    [DB] Migration applied: 023_homepage_demo_admission.sql

      at log (src/db.js:1312:42)

  console.log
    [DB] Migration applied: 024_homepage_verified_purge_receipt.sql

      at log (src/db.js:1312:42)

  console.log
    [DB] Migration applied: 025_provider_agnostic_knowledge_registry.sql

      at log (src/db.js:1312:42)

  console.log
    [DB] Migration applied: 026_canonical_knowledge_review_publication.sql

      at log (src/db.js:1312:42)

  console.log
    [DB] Migration applied: 027_canonical_knowledge_audit_graph_authority.sql

      at log (src/db.js:1312:42)

  console.log
    [DB] Migration applied: 028_canonical_knowledge_immutable_lifecycle.sql

      at log (src/db.js:1312:42)

  console.log
    [DB] Migration applied: 029_canonical_knowledge_transactional_sync.sql

      at log (src/db.js:1312:42)

  console.log
    [DB] Migration applied: 030_canonical_knowledge_sync_revocation.sql

      at log (src/db.js:1312:42)

  console.log
    [DB] Migration applied: 031_canonical_knowledge_sync_recovery_lifecycle.sql

      at log (src/db.js:1312:42)

  console.log
    [DB] Migration applied: 032_canonical_schedule_assignment_authority.sql

      at log (src/db.js:1312:42)

  console.log
    [DB] Migration applied: 033_canonical_schedule_time_evidence.sql

      at log (src/db.js:1312:42)

  console.log
    [DB] Migration applied: 034_schedule_availability_conflict_authority.sql

      at log (src/db.js:1312:42)

  console.log
    [DB] Migration applied: 035_schedule_human_preview_approval.sql

      at log (src/db.js:1312:42)

  console.log
    [DB] Migration applied: 001_initial_schema.sql

      at Object.log [as runMigrations] (src/db.js:1312:42)
  console.log
    [DB] Migration applied: 002_seed_data.sql

      at Object.log [as runMigrations] (src/db.js:1312:42)

  console.log
    [DB] Migration applied: 003_voice_sessions.sql

      at Object.log [as runMigrations] (src/db.js:1312:42)

  console.log
    [DB] Migration applied: 004_canonical_persistence_v2.sql

      at Object.log [as runMigrations] (src/db.js:1312:42)

  console.log
    [DB] Migration applied: 005_canonical_organization_authority.sql

      at Object.log [as runMigrations] (src/db.js:1312:42)

  console.log
    [DB] Migration applied: 006_canonical_voice_sessions.sql

      at Object.log [as runMigrations] (src/db.js:1312:42)

  console.log
    [DB] Migration applied: 007_canonical_tax_authority.sql

      at Object.log [as runMigrations] (src/db.js:1312:42)

  console.log
    [DB] Migration applied: 008_canonical_demo_authority.sql

      at Object.log [as runMigrations] (src/db.js:1312:42)

  console.log
    [DB] Migration applied: 009_canonical_voice_provider_identity.sql

      at Object.log [as runMigrations] (src/db.js:1312:42)

  console.log
    [DB] Migration applied: 010_account_session_authority.sql

      at Object.log [as runMigrations] (src/db.js:1312:42)

  console.log
    [DB] Migration applied: 011_oauth_authorization_states.sql

      at Object.log [as runMigrations] (src/db.js:1312:42)

  console.log
    [DB] Migration applied: 012_account_verification_trial.sql

      at Object.log [as runMigrations] (src/db.js:1312:42)

  console.log
    [DB] Migration applied: 015_workforce_authority.sql

      at Object.log [as runMigrations] (src/db.js:1312:42)

  console.log
    [DB] Migration applied: 016_tenant_asset_catalogue.sql

      at Object.log [as runMigrations] (src/db.js:1312:42)

  console.log
    [DB] Migration applied: 017_retell_webhook_replay_authority.sql

      at Object.log [as runMigrations] (src/db.js:1312:42)

  console.log
    [DB] Migration applied: 018_canonical_map_preferences.sql

      at Object.log [as runMigrations] (src/db.js:1312:42)

  console.log
    [DB] Migration applied: 019_account_email_outbox.sql

      at Object.log [as runMigrations] (src/db.js:1312:42)

  console.log
    [DB] Migration applied: 020_canonical_workforce_access_roles.sql

      at Object.log [as runMigrations] (src/db.js:1312:42)

  console.log
    [DB] Migration applied: 021_bounded_api_observability.sql

      at Object.log [as runMigrations] (src/db.js:1312:42)

  console.log
    [DB] Migration applied: 022_demo_command_center_sessions.sql

      at Object.log [as runMigrations] (src/db.js:1312:42)

  console.log
    [DB] Migration applied: 023_homepage_demo_admission.sql

      at Object.log [as runMigrations] (src/db.js:1312:42)

  console.log
    [DB] Migration applied: 024_homepage_verified_purge_receipt.sql

      at Object.log [as runMigrations] (src/db.js:1312:42)

  console.log
    [DB] Migration applied: 025_provider_agnostic_knowledge_registry.sql

      at Object.log [as runMigrations] (src/db.js:1312:42)

  console.log
    [DB] Migration applied: 026_canonical_knowledge_review_publication.sql

      at Object.log [as runMigrations] (src/db.js:1312:42)

  console.log
    [DB] Migration applied: 027_canonical_knowledge_audit_graph_authority.sql

      at Object.log [as runMigrations] (src/db.js:1312:42)

  console.log
    [DB] Migration applied: 028_canonical_knowledge_immutable_lifecycle.sql

      at Object.log [as runMigrations] (src/db.js:1312:42)

  console.log
    [DB] Migration applied: 029_canonical_knowledge_transactional_sync.sql

      at Object.log [as runMigrations] (src/db.js:1312:42)

  console.log
    [DB] Migration applied: 030_canonical_knowledge_sync_revocation.sql

      at Object.log [as runMigrations] (src/db.js:1312:42)

  console.log
    [DB] Migration applied: 031_canonical_knowledge_sync_recovery_lifecycle.sql

      at Object.log [as runMigrations] (src/db.js:1312:42)

  console.log
    [DB] Migration applied: 032_canonical_schedule_assignment_authority.sql

      at Object.log [as runMigrations] (src/db.js:1312:42)

  console.log
    [DB] Migration applied: 033_canonical_schedule_time_evidence.sql

      at Object.log [as runMigrations] (src/db.js:1312:42)

  console.log
    [DB] Migration applied: 034_schedule_availability_conflict_authority.sql

      at Object.log [as runMigrations] (src/db.js:1312:42)

  console.log
    [DB] Migration applied: 035_schedule_human_preview_approval.sql

      at Object.log [as runMigrations] (src/db.js:1312:42)

  console.info
    {
      component: 'http',
      event: 'request_completed',
      requestId: 'af51fdd8-44bb-46f4-bfef-68c90d8f7844',
      methodClass: 'POST',
      durationMs: 80,
      statusCode: 201
    }

      at write (src/observability/safeLogger.js:178:17)

  console.info
    {
      component: 'http',
      event: 'request_completed',
      requestId: '910f099c-acb6-489a-8efb-4505b6b57a6b',
      methodClass: 'POST',
      durationMs: 135,
      statusCode: 200
    }

      at write (src/observability/safeLogger.js:178:17)

  console.info
    {
      component: 'http',
      event: 'request_completed',
      requestId: '652f41cf-dad3-4911-8aa2-d2a71d6fbb5e',
      methodClass: 'POST',
      durationMs: 126,
      statusCode: 201
    }

      at write (src/observability/safeLogger.js:178:17)

  console.info
    {
      component: 'http',
      event: 'request_completed',
      requestId: '078004ae-9a30-468c-aac8-e7b31b574840',
      methodClass: 'POST',
      durationMs: 251,
      statusCode: 200
    }

      at write (src/observability/safeLogger.js:178:17)

  console.info
    {
      component: 'http',
      event: 'request_completed',
      requestId: '4ac14a05-4495-41ba-95a1-01487521713e',
      methodClass: 'GET',
      durationMs: 22,
      statusCode: 200
    }

      at write (src/observability/safeLogger.js:178:17)

  console.info
    {
      component: 'http',
      event: 'request_completed',
      requestId: '12ee1b16-57a9-4c56-9b22-484a895798a5',
      methodClass: 'GET',
      durationMs: 5,
      statusCode: 403
    }

      at write (src/observability/safeLogger.js:178:17)

  console.info
    {
      component: 'http',
      event: 'request_completed',
      requestId: '362126d7-623b-4628-87df-f38cf2002c6d',
      methodClass: 'GET',
      durationMs: 5,
      statusCode: 403
    }

      at write (src/observability/safeLogger.js:178:17)

  console.info
    {
      component: 'http',
      event: 'request_completed',
      requestId: 'cc292998-d3b6-4298-9c64-cc11160053f8',
      methodClass: 'GET',
      durationMs: 5,
      statusCode: 403
    }

      at write (src/observability/safeLogger.js:178:17)

  console.info
    {
      component: 'http',
      event: 'request_completed',
      requestId: '6fb6ebcc-b219-4b84-9ed8-cf33f1ca124b',
      methodClass: 'GET',
      durationMs: 4,
      statusCode: 403
    }

      at write (src/observability/safeLogger.js:178:17)

  console.info
    {
      component: 'http',
      event: 'request_completed',
      requestId: 'e35a63c5-2ee4-44b0-bb41-f9331f63be16',
      methodClass: 'GET',
      durationMs: 5,
      statusCode: 403
    }

      at write (src/observability/safeLogger.js:178:17)

  console.info
    {
      component: 'http',
      event: 'request_completed',
      requestId: '223b6dcf-2f12-44f5-b579-a1cabdaf376e',
      methodClass: 'GET',
      durationMs: 4,
      statusCode: 403
    }

      at write (src/observability/safeLogger.js:178:17)

  console.info
    {
      component: 'http',
      event: 'request_completed',
      requestId: '930a6fca-0f1c-4bdc-887f-35d817e67227',
      methodClass: 'GET',
      durationMs: 5,
      statusCode: 403
    }

      at write (src/observability/safeLogger.js:178:17)

  console.info
    {
      component: 'http',
      event: 'request_completed',
      requestId: '17ad76e6-8922-4c0f-ab1c-aa5235d98c35',
      methodClass: 'GET',
      durationMs: 4,
      statusCode: 403
    }

      at write (src/observability/safeLogger.js:178:17)

  console.info
    {
      component: 'http',
      event: 'request_completed',
      requestId: '3adebe56-5fa8-48cc-85bc-99b9b712453c',
      methodClass: 'GET',
      durationMs: 4,
      statusCode: 403
    }

      at write (src/observability/safeLogger.js:178:17)

  console.info
    {
      component: 'http',
      event: 'request_completed',
      requestId: '7bf42d4a-885a-4bf4-a9d4-2cc630420376',
      methodClass: 'GET',
      durationMs: 4,
      statusCode: 403
    }

      at write (src/observability/safeLogger.js:178:17)

  console.info
    {
      component: 'http',
      event: 'request_completed',
      requestId: '8c870674-2e0b-40ea-8949-819488c6563f',
      methodClass: 'GET',
      durationMs: 3,
      statusCode: 403
    }

      at write (src/observability/safeLogger.js:178:17)

  console.info
    {
      component: 'http',
      event: 'request_completed',
      requestId: '605dded0-3351-4750-acb4-2cca976d62dd',
      methodClass: 'GET',
      durationMs: 7,
      statusCode: 200
    }

      at write (src/observability/safeLogger.js:178:17)

  console.info
    {
      component: 'http',
      event: 'request_completed',
      requestId: '174d90fa-a8b6-4820-8f90-5195d7f39354',
      methodClass: 'GET',
      durationMs: 5,
      statusCode: 200
    }

      at write (src/observability/safeLogger.js:178:17)

  console.info
    {
      component: 'http',
      event: 'request_completed',
      requestId: 'a8cf5823-7d2c-42cf-ad46-395b96ee1bfc',
      methodClass: 'GET',
      durationMs: 5,
      statusCode: 200
    }

      at write (src/observability/safeLogger.js:178:17)

  console.info
    {
      component: 'http',
      event: 'request_completed',
      requestId: '9566836e-ef48-4be0-82ca-39286ca08558',
      methodClass: 'GET',
      durationMs: 5,
      statusCode: 200
    }

      at write (src/observability/safeLogger.js:178:17)

  console.info
    {
      component: 'http',
      event: 'request_completed',
      requestId: '0f274386-f6b8-46ac-b50c-31320a0851a8',
      methodClass: 'GET',
      durationMs: 5,
      statusCode: 200
    }

      at write (src/observability/safeLogger.js:178:17)

  console.info
    {
      component: 'http',
      event: 'request_completed',
      requestId: 'cb2e4b78-466b-4b60-9165-30ef78cce606',
      methodClass: 'GET',
      durationMs: 5,
      statusCode: 200
    }

      at write (src/observability/safeLogger.js:178:17)

  console.info
    {
      component: 'http',
      event: 'request_completed',
      requestId: '6836f789-8ef9-486d-bb27-bc0e6278605f',
      methodClass: 'GET',
      durationMs: 3,
      statusCode: 200
    }

      at write (src/observability/safeLogger.js:178:17)

  console.info
    {
      component: 'http',
      event: 'request_completed',
      requestId: 'fedc79e9-ea19-43b6-828b-4d1319090451',
      methodClass: 'GET',
      durationMs: 20,
      statusCode: 200
    }

      at write (src/observability/safeLogger.js:178:17)

  console.info
    {
      component: 'http',
      event: 'request_completed',
      requestId: '93716842-3e93-4e7e-91c0-fefa580d52bd',
      methodClass: 'GET',
      durationMs: 4,
      statusCode: 403
    }

      at write (src/observability/safeLogger.js:178:17)

  console.info
    {
      component: 'http',
      event: 'request_completed',
      requestId: 'd65b60c4-a324-4797-adae-a4aee07ebe5f',
      methodClass: 'GET',
      durationMs: 3,
      statusCode: 403
    }

      at write (src/observability/safeLogger.js:178:17)

  console.info
    {
      component: 'http',
      event: 'request_completed',
      requestId: '82ccf3a7-b628-463a-98d2-8e707f774b21',
      methodClass: 'GET',
      durationMs: 5,
      statusCode: 401
    }

      at write (src/observability/safeLogger.js:178:17)

  console.info
    {
      component: 'http',
      event: 'request_completed',
      requestId: 'bdd19d17-1bbc-4b4b-a788-960244cce108',
      methodClass: 'GET',
      durationMs: 5,
      statusCode: 401
    }

      at write (src/observability/safeLogger.js:178:17)

  console.info
    {
      component: 'http',
      event: 'request_completed',
      requestId: '5cb2a316-984f-4877-b6d2-af2f8bdf94e2',
      methodClass: 'GET',
      durationMs: 19,
      statusCode: 200
    }

      at write (src/observability/safeLogger.js:178:17)

  console.info
    {
      component: 'http',
      event: 'request_completed',
      requestId: '6c45728c-14e1-4a81-8ee1-bef8ffdc2549',
      methodClass: 'GET',
      durationMs: 5,
      statusCode: 403
    }

      at write (src/observability/safeLogger.js:178:17)

  console.info
    {
      component: 'http',
      event: 'request_completed',
      requestId: 'ca685581-a377-44a0-9b74-1bd19348adb6',
      methodClass: 'GET',
      durationMs: 20,
      statusCode: 200
    }

      at write (src/observability/safeLogger.js:178:17)

  console.info
    {
      component: 'http',
      event: 'request_completed',
      requestId: '55309576-bad8-49ea-893b-8ed72eb20562',
      methodClass: 'GET',
      durationMs: 18,
      statusCode: 200
    }

      at write (src/observability/safeLogger.js:178:17)

  console.info
    {
      component: 'http',
      event: 'request_completed',
      requestId: 'abc4b44e-2be6-49bd-8d7f-b3151f3835d6',
      methodClass: 'GET',
      durationMs: 7,
      statusCode: 200
    }

      at write (src/observability/safeLogger.js:178:17)

  console.info
    {
      component: 'http',
      event: 'request_completed',
      requestId: 'ec2544c2-5561-4a3b-b0c6-1a9b78a15006',
      methodClass: 'GET',
      durationMs: 5,
      statusCode: 200
    }

      at write (src/observability/safeLogger.js:178:17)

  console.info
    {
      component: 'http',
      event: 'request_completed',
      requestId: 'b98267a5-c215-493f-954e-1d0bceaca365',
      methodClass: 'GET',
      durationMs: 7,
      statusCode: 403
    }

      at write (src/observability/safeLogger.js:178:17)

  console.info
    {
      component: 'http',
      event: 'request_completed',
      requestId: '8436d457-6af7-4afe-961a-e42ec31469ef',
      methodClass: 'GET',
      durationMs: 6,
      statusCode: 403
    }

      at write (src/observability/safeLogger.js:178:17)

  console.info
    {
      component: 'http',
      event: 'request_completed',
      requestId: '5e0beca6-5330-494b-83a8-371d6a0e0007',
      methodClass: 'GET',
      durationMs: 4,
      statusCode: 403
    }

      at write (src/observability/safeLogger.js:178:17)

  console.info
    {
      component: 'http',
      event: 'request_completed',
      requestId: '9ca29642-105b-4f4f-a7e7-68d0c51a7e5f',
      methodClass: 'GET',
      durationMs: 4,
      statusCode: 403
    }

      at write (src/observability/safeLogger.js:178:17)

  console.info
    {
      component: 'http',
      event: 'request_completed',
      requestId: '8ac11cad-2784-4dee-9512-27d92036ea7b',
      methodClass: 'GET',
      durationMs: 6,
      statusCode: 403
    }

      at write (src/observability/safeLogger.js:178:17)

  console.info
    {
      component: 'http',
      event: 'request_completed',
      requestId: 'b63a4d66-4a3a-44a5-9a9a-e8a06a5b25fe',
      methodClass: 'GET',
      durationMs: 5,
      statusCode: 403
    }

      at write (src/observability/safeLogger.js:178:17)

  console.info
    {
      component: 'http',
      event: 'request_completed',
      requestId: 'b06f5eec-4fae-4519-ac71-1ad8091bbdb7',
      methodClass: 'GET',
      durationMs: 4,
      statusCode: 403
    }

      at write (src/observability/safeLogger.js:178:17)

  console.info
    {
      component: 'http',
      event: 'request_completed',
      requestId: 'ccc838b0-0172-42bf-93e7-f4997e00000d',
      methodClass: 'GET',
      durationMs: 6,
      statusCode: 403
    }

      at write (src/observability/safeLogger.js:178:17)

  console.info
    {
      component: 'http',
      event: 'request_completed',
      requestId: '2cb0341d-c556-431d-bfe1-ffbce506ad2e',
      methodClass: 'GET',
      durationMs: 5,
      statusCode: 403
    }

      at write (src/observability/safeLogger.js:178:17)

  console.info
    {
      component: 'http',
      event: 'request_completed',
      requestId: '69deba39-2f93-4bbe-803f-5fbdac375259',
      methodClass: 'GET',
      durationMs: 5,
      statusCode: 403
    }

      at write (src/observability/safeLogger.js:178:17)

  console.info
    {
      component: 'http',
      event: 'request_completed',
      requestId: 'cd67c12d-86c4-4ff6-8001-601060fc1d5b',
      methodClass: 'GET',
      durationMs: 4,
      statusCode: 403
    }

      at write (src/observability/safeLogger.js:178:17)

  console.info
    {
      component: 'http',
      event: 'request_completed',
      requestId: '3977740e-23d9-46b8-b802-dfb5615085bb',
      methodClass: 'GET',
      durationMs: 4,
      statusCode: 403
    }

      at write (src/observability/safeLogger.js:178:17)

  console.info
    {
      component: 'http',
      event: 'request_completed',
      requestId: 'c5a53ef1-66b8-475d-ab90-56cf703f0e90',
      methodClass: 'GET',
      durationMs: 5,
      statusCode: 401
    }

      at write (src/observability/safeLogger.js:178:17)

  console.info
    {
      component: 'http',
      event: 'request_completed',
      requestId: 'ed517c97-427f-432b-94df-6e5aca394b01',
      methodClass: 'GET',
      durationMs: 3,
      statusCode: 401
    }

      at write (src/observability/safeLogger.js:178:17)

  console.info
    {
      component: 'http',
      event: 'request_completed',
      requestId: 'd766456b-7257-41bf-8d62-bc212660f7cb',
      methodClass: 'GET',
      durationMs: 4,
      statusCode: 401
    }

      at write (src/observability/safeLogger.js:178:17)

  console.info
    {
      component: 'http',
      event: 'request_completed',
      requestId: '7d48c649-dd59-4788-b630-e61e15c4194c',
      methodClass: 'GET',
      durationMs: 4,
      statusCode: 401
    }

      at write (src/observability/safeLogger.js:178:17)

  console.info
    {
      component: 'http',
      event: 'request_completed',
      requestId: '3d5fa4fc-1bc7-413f-b011-454bef5009e7',
      methodClass: 'GET',
      durationMs: 4,
      statusCode: 401
    }

      at write (src/observability/safeLogger.js:178:17)

  console.info
    {
      component: 'http',
      event: 'request_completed',
      requestId: '90b598e6-7682-458d-b489-a3c1dccc2cb8',
      methodClass: 'GET',
      durationMs: 3,
      statusCode: 401
    }

      at write (src/observability/safeLogger.js:178:17)

  console.info
    {
      component: 'http',
      event: 'request_completed',
      requestId: '81a0fc0a-60ea-4611-a497-ce53d785ba1f',
      methodClass: 'GET',
      durationMs: 3,
      statusCode: 401
    }

      at write (src/observability/safeLogger.js:178:17)

  console.info
    {
      component: 'http',
      event: 'request_completed',
      requestId: 'f7a96794-8b6a-4acc-bf3b-4f7870d661ae',
      methodClass: 'GET',
      durationMs: 3,
      statusCode: 401
    }

      at write (src/observability/safeLogger.js:178:17)

  console.info
    {
      component: 'http',
      event: 'request_completed',
      requestId: '3716aa0d-fd6b-4ef5-9eed-cfc7e31a4fe9',
      methodClass: 'GET',
      durationMs: 4,
      statusCode: 401
    }

      at write (src/observability/safeLogger.js:178:17)

  console.info
    {
      component: 'http',
      event: 'request_completed',
      requestId: '63601337-28d9-4ecc-bb04-35822c0b0393',
      methodClass: 'GET',
      durationMs: 3,
      statusCode: 401
    }

      at write (src/observability/safeLogger.js:178:17)

  console.info
    {
      component: 'http',
      event: 'request_completed',
      requestId: '08e98c34-6fd8-4caa-ae32-238841e67f1a',
      methodClass: 'GET',
      durationMs: 4,
      statusCode: 401
    }

      at write (src/observability/safeLogger.js:178:17)

  console.info
    {
      component: 'http',
      event: 'request_completed',
      requestId: 'f31ed325-d09b-434b-bcf9-9dabb3e73cd6',
      methodClass: 'GET',
      durationMs: 5,
      statusCode: 401
    }

      at write (src/observability/safeLogger.js:178:17)

  console.info
    {
      component: 'http',
      event: 'request_completed',
      requestId: '832bd270-69e3-432e-ad37-0431c5764d9c',
      methodClass: 'GET',
      durationMs: 3,
      statusCode: 403
    }

      at write (src/observability/safeLogger.js:178:17)

  console.info
    {
      component: 'http',
      event: 'request_completed',
      requestId: '8facd34f-ccd0-4de4-b2ed-9e6dc79066af',
      methodClass: 'GET',
      durationMs: 5,
      statusCode: 403
    }

      at write (src/observability/safeLogger.js:178:17)

  console.info
    {
      component: 'http',
      event: 'request_completed',
      requestId: '8009dadd-0a29-4c30-8cbb-6df24e706090',
      methodClass: 'GET',
      durationMs: 4,
      statusCode: 401
    }

      at write (src/observability/safeLogger.js:178:17)

  console.info
    {
      component: 'http',
      event: 'request_completed',
      requestId: 'a727769d-69a7-4b6b-9fba-64beb93bc4b0',
      methodClass: 'GET',
      durationMs: 5,
      statusCode: 200
    }

      at write (src/observability/safeLogger.js:178:17)

  console.info
    {
      component: 'http',
      event: 'request_completed',
      requestId: '703c206a-4795-42af-ab3a-cb17addac548',
      methodClass: 'GET',
      durationMs: 13,
      statusCode: 200
    }

      at write (src/observability/safeLogger.js:178:17)

  console.info
    {
      component: 'http',
      event: 'request_completed',
      requestId: 'b9658755-c6ed-44aa-9a0f-9ebc203c3740',
      methodClass: 'GET',
      durationMs: 25,
      statusCode: 200
    }

      at write (src/observability/safeLogger.js:178:17)

  console.info
    {
      component: 'http',
      event: 'request_completed',
      requestId: '7d1ae09f-68da-46de-9efd-abb9e262f42b',
      methodClass: 'GET',
      durationMs: 7,
      statusCode: 403
    }

      at write (src/observability/safeLogger.js:178:17)

  console.info
    {
      component: 'http',
      event: 'request_completed',
      requestId: '61c4c8e3-29c4-4c60-a962-5187ba5870cc',
      methodClass: 'GET',
      durationMs: 10,
      statusCode: 200
    }

      at write (src/observability/safeLogger.js:178:17)

  console.info
    {
      component: 'http',
      event: 'request_completed',
      requestId: '8bf1a1c0-94d5-47c5-a441-1b00e20930d2',
      methodClass: 'GET',
      durationMs: 24,
      statusCode: 200
    }

      at write (src/observability/safeLogger.js:178:17)

  console.info
    {
      component: 'http',
      event: 'request_completed',
      requestId: '32404e65-b8bf-4900-92ca-ea1630aca35e',
      methodClass: 'GET',
      durationMs: 22,
      statusCode: 200
    }

      at write (src/observability/safeLogger.js:178:17)

  console.info
    {
      component: 'http',
      event: 'request_completed',
      requestId: 'cffebc3f-a38a-42ef-93c9-5295e1c6ff4e',
      methodClass: 'POST',
      durationMs: 102,
      statusCode: 409
    }

      at write (src/observability/safeLogger.js:178:17)

  console.info
    {
      component: 'http',
      event: 'request_completed',
      requestId: '05414653-9428-462b-ba7c-95fb5ac70e64',
      methodClass: 'POST',
      durationMs: 112,
      statusCode: 201
    }

      at write (src/observability/safeLogger.js:178:17)

  console.info
    {
      component: 'http',
      event: 'request_completed',
      requestId: 'b2d0265c-ecf2-4643-a7ba-b737a89377c0',
      methodClass: 'POST',
      durationMs: 158,
      statusCode: 409
    }

      at write (src/observability/safeLogger.js:178:17)

  console.info
    {
      component: 'http',
      event: 'request_completed',
      requestId: '9af6d1a1-401a-4b53-8d4a-376c3b19b3f1',
      methodClass: 'POST',
      durationMs: 48,
      statusCode: 201
    }

      at write (src/observability/safeLogger.js:178:17)

  console.info
    {
      component: 'http',
      event: 'request_completed',
      requestId: '180e8d1c-269c-4d3b-b8a2-684f0ef0c56c',
      methodClass: 'POST',
      durationMs: 143,
      statusCode: 200
    }

      at write (src/observability/safeLogger.js:178:17)

  console.info
    {
      component: 'http',
      event: 'request_completed',
      requestId: '528b9117-f92d-4ebe-b3fa-91031154dcf8',
      methodClass: 'POST',
      durationMs: 235,
      statusCode: 201
    }

      at write (src/observability/safeLogger.js:178:17)

  console.info
    {
      component: 'http',
      event: 'request_completed',
      requestId: '5382fa94-b7b3-4208-9b38-134643a1e5ac',
      methodClass: 'POST',
      durationMs: 298,
      statusCode: 200
    }

      at write (src/observability/safeLogger.js:178:17)

  console.info
    {
      component: 'http',
      event: 'request_completed',
      requestId: 'eda10bfa-8b31-41dd-b177-38b3219dd3de',
      methodClass: 'POST',
      durationMs: 261,
      statusCode: 201
    }

      at write (src/observability/safeLogger.js:178:17)

  console.info
    {
      component: 'http',
      event: 'request_completed',
      requestId: '68d3d2fe-d5bd-426d-968e-348a0aabd655',
      methodClass: 'POST',
      durationMs: 341,
      statusCode: 200
    }

      at write (src/observability/safeLogger.js:178:17)

  console.info
    {
      component: 'http',
      event: 'request_completed',
      requestId: '1e479098-e902-4853-ae26-3073eedc66fd',
      methodClass: 'POST',
      durationMs: 320,
      statusCode: 201
    }

      at write (src/observability/safeLogger.js:178:17)

  console.info
    {
      component: 'http',
      event: 'request_completed',
      requestId: '1776b294-877d-42e9-97c9-f671ad72ca1b',
      methodClass: 'POST',
      durationMs: 282,
      statusCode: 200
    }

      at write (src/observability/safeLogger.js:178:17)

  console.info
    {
      component: 'http',
      event: 'request_completed',
      requestId: '71dec3df-2103-49fd-a928-9638f9ffb1f8',
      methodClass: 'POST',
      durationMs: 181,
      statusCode: 201
    }

      at write (src/observability/safeLogger.js:178:17)

  console.info
    {
      component: 'http',
      event: 'request_completed',
      requestId: '0012b695-94a9-4af2-af75-2b7fce1b63c3',
      methodClass: 'POST',
      durationMs: 345,
      statusCode: 200
    }

      at write (src/observability/safeLogger.js:178:17)

  console.info
    {
      component: 'http',
      event: 'request_completed',
      requestId: '6ac4bddb-d977-4db0-87c9-4462db01db01',
      methodClass: 'POST',
      durationMs: 320,
      statusCode: 201
    }

      at write (src/observability/safeLogger.js:178:17)

  console.info
    {
      component: 'http',
      event: 'request_completed',
      requestId: '9815ed56-4a3b-4685-b78a-4f981bff7f39',
      methodClass: 'POST',
      durationMs: 252,
      statusCode: 200
    }

      at write (src/observability/safeLogger.js:178:17)

  console.info
    {
      component: 'http',
      event: 'request_completed',
      requestId: 'b97997a2-5cd0-4cbd-9cef-ad9629315078',
      methodClass: 'POST',
      durationMs: 247,
      statusCode: 201
    }

      at write (src/observability/safeLogger.js:178:17)

  console.info
    {
      component: 'http',
      event: 'request_completed',
      requestId: '7ac3a882-c88d-4649-8aeb-344f3cdd0a17',
      methodClass: 'POST',
      durationMs: 356,
      statusCode: 200
    }

      at write (src/observability/safeLogger.js:178:17)

  console.info
    {
      component: 'http',
      event: 'request_completed',
      requestId: 'a0830ab5-2a69-4552-be5f-37f9e9fdd531',
      methodClass: 'POST',
      durationMs: 275,
      statusCode: 201
    }

      at write (src/observability/safeLogger.js:178:17)

  console.info
    {
      component: 'http',
      event: 'request_completed',
      requestId: '08cca60c-aa7f-4b8a-b148-193c942ba193',
      methodClass: 'POST',
      durationMs: 244,
      statusCode: 200
    }

      at write (src/observability/safeLogger.js:178:17)

  console.info
    {
      component: 'http',
      event: 'request_completed',
      requestId: '68507dec-b33e-4e49-b3e6-87f863f6652e',
      methodClass: 'POST',
      durationMs: 75,
      statusCode: 201
    }

      at write (src/observability/safeLogger.js:178:17)

  console.info
    {
      component: 'http',
      event: 'request_completed',
      requestId: 'f9f063f2-bbe3-447a-b6fa-c549204170f7',
      methodClass: 'POST',
      durationMs: 140,
      statusCode: 200
    }

      at write (src/observability/safeLogger.js:178:17)

  console.info
    {
      component: 'http',
      event: 'request_completed',
      requestId: '6cab224f-c8c2-4966-870a-0ec7b0444ae1',
      methodClass: 'POST',
      durationMs: 60,
      statusCode: 200
    }

      at write (src/observability/safeLogger.js:178:17)

  console.info
    {
      component: 'http',
      event: 'request_completed',
      requestId: 'fc18f24e-565f-43e4-9e3a-ed3fecfb095b',
      methodClass: 'POST',
      durationMs: 61,
      statusCode: 409
    }

      at write (src/observability/safeLogger.js:178:17)

  console.info
    {
      component: 'http',
      event: 'request_completed',
      requestId: '8e1b763f-92c8-498c-9b32-c813282dcd4e',
      methodClass: 'POST',
      durationMs: 81,
      statusCode: 201
    }

      at write (src/observability/safeLogger.js:178:17)

  console.info
    {
      component: 'http',
      event: 'request_completed',
      requestId: '4ae696ca-a239-46f5-b6fb-e27b5c8435d2',
      methodClass: 'POST',
      durationMs: 3,
      statusCode: 403
    }

      at write (src/observability/safeLogger.js:178:17)

  console.info
    {
      component: 'http',
      event: 'request_completed',
      requestId: '18c96bcc-70ee-4626-b641-2080e457ce22',
      methodClass: 'POST',
      durationMs: 13,
      statusCode: 403
    }

      at write (src/observability/safeLogger.js:178:17)

  console.info
    {
      component: 'http',
      event: 'request_completed',
      requestId: '1893860c-a9dc-45fc-97d7-e2b9b1ee3e27',
      methodClass: 'POST',
      durationMs: 9,
      statusCode: 404
    }

      at write (src/observability/safeLogger.js:178:17)

  console.info
    {
      component: 'http',
      event: 'request_completed',
      requestId: 'fe3f2066-5c2f-4f8c-af6b-bec40913bdab',
      methodClass: 'PATCH',
      durationMs: 4,
      statusCode: 428
    }

      at write (src/observability/safeLogger.js:178:17)

  console.error
    {
      component: 'http',
      event: 'request_failed',
      requestId: '3519db46-922b-41ff-9c2a-940f81ea69a7',
      methodClass: 'POST',
      statusCode: 400
    }

      176 |     ...safeFields(fields),
      177 |   };
    > 178 |   console[level](record);
          |                 ^
      179 |   return record;
      180 | }
      181 |

      at write (src/observability/safeLogger.js:178:17)
      at Object.write (src/observability/safeLogger.js:191:10)
      at error (src/middleware/errorHandler.js:22:14)
      at Layer.handle_error (../m22-part3-route-writer/node_modules/express/lib/router/layer.js:71:5)
      at trim_prefix (../m22-part3-route-writer/node_modules/express/lib/router/index.js:326:13)
      at ../m22-part3-route-writer/node_modules/express/lib/router/index.js:286:9
      at router.process_params (../m22-part3-route-writer/node_modules/express/lib/router/index.js:346:12)
      at next (../m22-part3-route-writer/node_modules/express/lib/router/index.js:280:10)
      at Layer.handle_error (../m22-part3-route-writer/node_modules/express/lib/router/layer.js:67:12)
      at trim_prefix (../m22-part3-route-writer/node_modules/express/lib/router/index.js:326:13)
      at ../m22-part3-route-writer/node_modules/express/lib/router/index.js:286:9
      at router.process_params (../m22-part3-route-writer/node_modules/express/lib/router/index.js:346:12)
      at next (../m22-part3-route-writer/node_modules/express/lib/router/index.js:280:10)
      at Layer.handle_error (../m22-part3-route-writer/node_modules/express/lib/router/layer.js:67:12)
      at trim_prefix (../m22-part3-route-writer/node_modules/express/lib/router/index.js:326:13)
      at ../m22-part3-route-writer/node_modules/express/lib/router/index.js:286:9
      at router.process_params (../m22-part3-route-writer/node_modules/express/lib/router/index.js:346:12)
      at next (../m22-part3-route-writer/node_modules/express/lib/router/index.js:280:10)
      at Layer.handle_error (../m22-part3-route-writer/node_modules/express/lib/router/layer.js:67:12)
      at trim_prefix (../m22-part3-route-writer/node_modules/express/lib/router/index.js:326:13)
      at ../m22-part3-route-writer/node_modules/express/lib/router/index.js:286:9
      at router.process_params (../m22-part3-route-writer/node_modules/express/lib/router/index.js:346:12)
      at next (../m22-part3-route-writer/node_modules/express/lib/router/index.js:280:10)
      at Layer.handle_error (../m22-part3-route-writer/node_modules/express/lib/router/layer.js:67:12)
      at trim_prefix (../m22-part3-route-writer/node_modules/express/lib/router/index.js:326:13)
      at ../m22-part3-route-writer/node_modules/express/lib/router/index.js:286:9
      at router.process_params (../m22-part3-route-writer/node_modules/express/lib/router/index.js:346:12)
      at next (../m22-part3-route-writer/node_modules/express/lib/router/index.js:280:10)
      at Layer.handle_error (../m22-part3-route-writer/node_modules/express/lib/router/layer.js:67:12)
      at trim_prefix (../m22-part3-route-writer/node_modules/express/lib/router/index.js:326:13)
      at ../m22-part3-route-writer/node_modules/express/lib/router/index.js:286:9
      at router.process_params (../m22-part3-route-writer/node_modules/express/lib/router/index.js:346:12)
      at next (../m22-part3-route-writer/node_modules/express/lib/router/index.js:280:10)
      at Layer.handle_error (../m22-part3-route-writer/node_modules/express/lib/router/layer.js:67:12)
      at trim_prefix (../m22-part3-route-writer/node_modules/express/lib/router/index.js:326:13)
      at ../m22-part3-route-writer/node_modules/express/lib/router/index.js:286:9
      at router.process_params (../m22-part3-route-writer/node_modules/express/lib/router/index.js:346:12)
      at next (../m22-part3-route-writer/node_modules/express/lib/router/index.js:280:10)
      at Layer.handle_error (../m22-part3-route-writer/node_modules/express/lib/router/layer.js:67:12)
      at trim_prefix (../m22-part3-route-writer/node_modules/express/lib/router/index.js:326:13)
      at ../m22-part3-route-writer/node_modules/express/lib/router/index.js:286:9
      at router.process_params (../m22-part3-route-writer/node_modules/express/lib/router/index.js:346:12)
      at next (../m22-part3-route-writer/node_modules/express/lib/router/index.js:280:10)
      at Layer.handle_error (../m22-part3-route-writer/node_modules/express/lib/router/layer.js:67:12)
      at trim_prefix (../m22-part3-route-writer/node_modules/express/lib/router/index.js:326:13)
      at ../m22-part3-route-writer/node_modules/express/lib/router/index.js:286:9
      at router.process_params (../m22-part3-route-writer/node_modules/express/lib/router/index.js:346:12)
      at next (../m22-part3-route-writer/node_modules/express/lib/router/index.js:280:10)
      at Layer.handle_error (../m22-part3-route-writer/node_modules/express/lib/router/layer.js:67:12)
      at trim_prefix (../m22-part3-route-writer/node_modules/express/lib/router/index.js:326:13)
      at ../m22-part3-route-writer/node_modules/express/lib/router/index.js:286:9
      at router.process_params (../m22-part3-route-writer/node_modules/express/lib/router/index.js:346:12)
      at next (../m22-part3-route-writer/node_modules/express/lib/router/index.js:280:10)
      at Layer.handle_error (../m22-part3-route-writer/node_modules/express/lib/router/layer.js:67:12)
      at trim_prefix (../m22-part3-route-writer/node_modules/express/lib/router/index.js:326:13)
      at ../m22-part3-route-writer/node_modules/express/lib/router/index.js:286:9
      at router.process_params (../m22-part3-route-writer/node_modules/express/lib/router/index.js:346:12)
      at next (../m22-part3-route-writer/node_modules/express/lib/router/index.js:280:10)
      at Layer.handle_error (../m22-part3-route-writer/node_modules/express/lib/router/layer.js:67:12)
      at trim_prefix (../m22-part3-route-writer/node_modules/express/lib/router/index.js:326:13)
      at ../m22-part3-route-writer/node_modules/express/lib/router/index.js:286:9
      at router.process_params (../m22-part3-route-writer/node_modules/express/lib/router/index.js:346:12)
      at next (../m22-part3-route-writer/node_modules/express/lib/router/index.js:280:10)
      at Layer.handle_error (../m22-part3-route-writer/node_modules/express/lib/router/layer.js:67:12)
      at trim_prefix (../m22-part3-route-writer/node_modules/express/lib/router/index.js:326:13)
      at ../m22-part3-route-writer/node_modules/express/lib/router/index.js:286:9
      at router.process_params (../m22-part3-route-writer/node_modules/express/lib/router/index.js:346:12)
      at next (../m22-part3-route-writer/node_modules/express/lib/router/index.js:280:10)
      at next (src/scheduling/approvalHttpBoundary.js:80:16)
      at ../m22-part3-route-writer/node_modules/body-parser/lib/read.js:137:5
      at invokeCallback (../m22-part3-route-writer/node_modules/raw-body/index.js:238:16)
      at done (../m22-part3-route-writer/node_modules/raw-body/index.js:227:7)
      at IncomingMessage.onEnd (../m22-part3-route-writer/node_modules/raw-body/index.js:287:7)

  console.error
    {
      component: 'http',
      event: 'request_failed',
      requestId: 'bfc4cc0e-2ce7-4701-aa4f-2f5d87c9bc7f',
      methodClass: 'POST',
      statusCode: 413
    }

      176 |     ...safeFields(fields),
      177 |   };
    > 178 |   console[level](record);
          |                 ^
      179 |   return record;
      180 | }
      181 |

      at write (src/observability/safeLogger.js:178:17)
      at Object.write (src/observability/safeLogger.js:191:10)
      at error (src/middleware/errorHandler.js:22:14)
      at Layer.handle_error (../m22-part3-route-writer/node_modules/express/lib/router/layer.js:71:5)
      at trim_prefix (../m22-part3-route-writer/node_modules/express/lib/router/index.js:326:13)
      at ../m22-part3-route-writer/node_modules/express/lib/router/index.js:286:9
      at router.process_params (../m22-part3-route-writer/node_modules/express/lib/router/index.js:346:12)
      at next (../m22-part3-route-writer/node_modules/express/lib/router/index.js:280:10)
      at Layer.handle_error (../m22-part3-route-writer/node_modules/express/lib/router/layer.js:67:12)
      at trim_prefix (../m22-part3-route-writer/node_modules/express/lib/router/index.js:326:13)
      at ../m22-part3-route-writer/node_modules/express/lib/router/index.js:286:9
      at router.process_params (../m22-part3-route-writer/node_modules/express/lib/router/index.js:346:12)
      at next (../m22-part3-route-writer/node_modules/express/lib/router/index.js:280:10)
      at Layer.handle_error (../m22-part3-route-writer/node_modules/express/lib/router/layer.js:67:12)
      at trim_prefix (../m22-part3-route-writer/node_modules/express/lib/router/index.js:326:13)
      at ../m22-part3-route-writer/node_modules/express/lib/router/index.js:286:9
      at router.process_params (../m22-part3-route-writer/node_modules/express/lib/router/index.js:346:12)
      at next (../m22-part3-route-writer/node_modules/express/lib/router/index.js:280:10)
      at Layer.handle_error (../m22-part3-route-writer/node_modules/express/lib/router/layer.js:67:12)
      at trim_prefix (../m22-part3-route-writer/node_modules/express/lib/router/index.js:326:13)
      at ../m22-part3-route-writer/node_modules/express/lib/router/index.js:286:9
      at router.process_params (../m22-part3-route-writer/node_modules/express/lib/router/index.js:346:12)
      at next (../m22-part3-route-writer/node_modules/express/lib/router/index.js:280:10)
      at Layer.handle_error (../m22-part3-route-writer/node_modules/express/lib/router/layer.js:67:12)
      at trim_prefix (../m22-part3-route-writer/node_modules/express/lib/router/index.js:326:13)
      at ../m22-part3-route-writer/node_modules/express/lib/router/index.js:286:9
      at router.process_params (../m22-part3-route-writer/node_modules/express/lib/router/index.js:346:12)
      at next (../m22-part3-route-writer/node_modules/express/lib/router/index.js:280:10)
      at Layer.handle_error (../m22-part3-route-writer/node_modules/express/lib/router/layer.js:67:12)
      at trim_prefix (../m22-part3-route-writer/node_modules/express/lib/router/index.js:326:13)
      at ../m22-part3-route-writer/node_modules/express/lib/router/index.js:286:9
      at router.process_params (../m22-part3-route-writer/node_modules/express/lib/router/index.js:346:12)
      at next (../m22-part3-route-writer/node_modules/express/lib/router/index.js:280:10)
      at Layer.handle_error (../m22-part3-route-writer/node_modules/express/lib/router/layer.js:67:12)
      at trim_prefix (../m22-part3-route-writer/node_modules/express/lib/router/index.js:326:13)
      at ../m22-part3-route-writer/node_modules/express/lib/router/index.js:286:9
      at router.process_params (../m22-part3-route-writer/node_modules/express/lib/router/index.js:346:12)
      at next (../m22-part3-route-writer/node_modules/express/lib/router/index.js:280:10)
      at Layer.handle_error (../m22-part3-route-writer/node_modules/express/lib/router/layer.js:67:12)
      at trim_prefix (../m22-part3-route-writer/node_modules/express/lib/router/index.js:326:13)
      at ../m22-part3-route-writer/node_modules/express/lib/router/index.js:286:9
      at router.process_params (../m22-part3-route-writer/node_modules/express/lib/router/index.js:346:12)
      at next (../m22-part3-route-writer/node_modules/express/lib/router/index.js:280:10)
      at Layer.handle_error (../m22-part3-route-writer/node_modules/express/lib/router/layer.js:67:12)
      at trim_prefix (../m22-part3-route-writer/node_modules/express/lib/router/index.js:326:13)
      at ../m22-part3-route-writer/node_modules/express/lib/router/index.js:286:9
      at router.process_params (../m22-part3-route-writer/node_modules/express/lib/router/index.js:346:12)
      at next (../m22-part3-route-writer/node_modules/express/lib/router/index.js:280:10)
      at Layer.handle_error (../m22-part3-route-writer/node_modules/express/lib/router/layer.js:67:12)
      at trim_prefix (../m22-part3-route-writer/node_modules/express/lib/router/index.js:326:13)
      at ../m22-part3-route-writer/node_modules/express/lib/router/index.js:286:9
      at router.process_params (../m22-part3-route-writer/node_modules/express/lib/router/index.js:346:12)
      at next (../m22-part3-route-writer/node_modules/express/lib/router/index.js:280:10)
      at Layer.handle_error (../m22-part3-route-writer/node_modules/express/lib/router/layer.js:67:12)
      at trim_prefix (../m22-part3-route-writer/node_modules/express/lib/router/index.js:326:13)
      at ../m22-part3-route-writer/node_modules/express/lib/router/index.js:286:9
      at router.process_params (../m22-part3-route-writer/node_modules/express/lib/router/index.js:346:12)
      at next (../m22-part3-route-writer/node_modules/express/lib/router/index.js:280:10)
      at Layer.handle_error (../m22-part3-route-writer/node_modules/express/lib/router/layer.js:67:12)
      at trim_prefix (../m22-part3-route-writer/node_modules/express/lib/router/index.js:326:13)
      at ../m22-part3-route-writer/node_modules/express/lib/router/index.js:286:9
      at router.process_params (../m22-part3-route-writer/node_modules/express/lib/router/index.js:346:12)
      at next (../m22-part3-route-writer/node_modules/express/lib/router/index.js:280:10)
      at Layer.handle_error (../m22-part3-route-writer/node_modules/express/lib/router/layer.js:67:12)
      at trim_prefix (../m22-part3-route-writer/node_modules/express/lib/router/index.js:326:13)
      at ../m22-part3-route-writer/node_modules/express/lib/router/index.js:286:9
      at router.process_params (../m22-part3-route-writer/node_modules/express/lib/router/index.js:346:12)
      at next (../m22-part3-route-writer/node_modules/express/lib/router/index.js:280:10)
      at next (src/scheduling/approvalHttpBoundary.js:66:25)
      at onfinished (../m22-part3-route-writer/node_modules/body-parser/lib/read.js:102:9)
      at listener (../m22-part3-route-writer/node_modules/on-finished/index.js:170:15)
      at onFinish (../m22-part3-route-writer/node_modules/on-finished/index.js:101:5)
      at callback (../m22-part3-route-writer/node_modules/ee-first/index.js:55:10)
      at IncomingMessage.onevent (../m22-part3-route-writer/node_modules/ee-first/index.js:93:5)

  console.info
    {
      component: 'http',
      event: 'request_completed',
      requestId: 'ffc3277f-7173-4bea-a3c8-784c41270d40',
      methodClass: 'POST',
      durationMs: 53,
      statusCode: 201
    }

      at write (src/observability/safeLogger.js:178:17)

  console.info
    {
      component: 'http',
      event: 'request_completed',
      requestId: 'bcda7330-f143-46d5-ae4c-d0cce93da5ae',
      methodClass: 'POST',
      durationMs: 119,
      statusCode: 200
    }

      at write (src/observability/safeLogger.js:178:17)

  console.info
    {
      component: 'http',
      event: 'request_completed',
      requestId: 'e8355196-600a-4b7f-ad46-8fea3785d46f',
      methodClass: 'POST',
      durationMs: 40,
      statusCode: 201
    }

      at write (src/observability/safeLogger.js:178:17)

  console.info
    {
      component: 'http',
      event: 'request_completed',
      requestId: 'db7bbe13-f2c4-42de-a519-fb5a4be5d64d',
      methodClass: 'POST',
      durationMs: 67,
      statusCode: 409
    }

      at write (src/observability/safeLogger.js:178:17)

  console.info
    {
      component: 'http',
      event: 'request_completed',
      requestId: '7b16cd76-dad1-4682-8bee-43c10e78e582',
      methodClass: 'POST',
      durationMs: 40,
      statusCode: 201
    }

      at write (src/observability/safeLogger.js:178:17)

  console.info
    {
      component: 'http',
      event: 'request_completed',
      requestId: '78a34f4a-b5b8-41db-81cd-0804f05e0d8e',
      methodClass: 'POST',
      durationMs: 67,
      statusCode: 200
    }

      at write (src/observability/safeLogger.js:178:17)

  console.info
    {
      component: 'http',
      event: 'request_completed',
      requestId: 'b8df4029-4ab9-463f-b6b9-82761720b9d7',
      methodClass: 'POST',
      durationMs: 36,
      statusCode: 201
    }

      at write (src/observability/safeLogger.js:178:17)

  console.info
    {
      component: 'http',
      event: 'request_completed',
      requestId: '81fa178e-4a84-41a2-a9ac-3db8b8409915',
      methodClass: 'POST',
      durationMs: 64,
      statusCode: 503
    }

      at write (src/observability/safeLogger.js:178:17)

  console.info
    {
      component: 'http',
      event: 'request_completed',
      requestId: '5e49665a-2780-4c7f-9f83-5f7be8547121',
      methodClass: 'POST',
      durationMs: 37,
      statusCode: 201
    }

      at write (src/observability/safeLogger.js:178:17)

  console.info
    {
      component: 'http',
      event: 'request_completed',
      requestId: '78e99776-ecd9-4d0f-8762-0bf07108d801',
      methodClass: 'POST',
      durationMs: 74,
      statusCode: 200
    }

      at write (src/observability/safeLogger.js:178:17)

  console.info
    {
      component: 'http',
      event: 'request_completed',
      requestId: '04eb837a-df23-4a0e-8cfa-6f90c4e4d9ef',
      methodClass: 'POST',
      durationMs: 39,
      statusCode: 201
    }

      at write (src/observability/safeLogger.js:178:17)

  console.info
    {
      component: 'http',
      event: 'request_completed',
      requestId: '0f66484b-77ee-4e33-8245-aa5cfc13ae65',
      methodClass: 'POST',
      durationMs: 76,
      statusCode: 201
    }

      at write (src/observability/safeLogger.js:178:17)

  console.info
    {
      component: 'http',
      event: 'request_completed',
      requestId: '535f9cc3-36f1-4cb9-8b6b-79c3c8ca38ab',
      methodClass: 'POST',
      durationMs: 75,
      statusCode: 200
    }

      at write (src/observability/safeLogger.js:178:17)

  console.info
    {
      component: 'http',
      event: 'request_completed',
      requestId: '3a35fde1-c56d-4d29-9c8e-72d39e890c9a',
      methodClass: 'POST',
      durationMs: 121,
      statusCode: 409
    }

      at write (src/observability/safeLogger.js:178:17)

  console.info
    {
      component: 'http',
      event: 'request_completed',
      requestId: '78ba743f-526b-45e2-b4b9-58ae4239b4f2',
      methodClass: 'POST',
      durationMs: 39,
      statusCode: 201
    }

      at write (src/observability/safeLogger.js:178:17)

  console.info
    {
      component: 'http',
      event: 'request_completed',
      requestId: '07af53e6-8b59-49d3-9b30-ba47850d793f',
      methodClass: 'POST',
      durationMs: 82,
      statusCode: 200
    }

      at write (src/observability/safeLogger.js:178:17)

  console.info
    {
      component: 'http',
      event: 'request_completed',
      requestId: 'dedffa93-243b-4ff0-8f97-cc6bb615675a',
      methodClass: 'POST',
      durationMs: 40,
      statusCode: 201
    }

      at write (src/observability/safeLogger.js:178:17)

  console.info
    {
      component: 'http',
      event: 'request_completed',
      requestId: 'baaf4626-9467-4358-aefb-6134d856d73b',
      methodClass: 'POST',
      durationMs: 60,
      statusCode: 409
    }

      at write (src/observability/safeLogger.js:178:17)

  console.info
    {
      component: 'http',
      event: 'request_completed',
      requestId: '69e9357b-3b5a-409b-b162-b8b1605d6bf0',
      methodClass: 'POST',
      durationMs: 40,
      statusCode: 201
    }

      at write (src/observability/safeLogger.js:178:17)

  console.info
    {
      component: 'http',
      event: 'request_completed',
      requestId: 'f6224c1f-33c4-4157-b855-563f75082479',
      methodClass: 'POST',
      durationMs: 2,
      statusCode: 403
    }

      at write (src/observability/safeLogger.js:178:17)

  console.info
    {
      component: 'http',
      event: 'request_completed',
      requestId: '9a6e8c64-4627-4bfd-8cb3-8e8fe6a83236',
      methodClass: 'POST',
      durationMs: 39,
      statusCode: 201
    }

      at write (src/observability/safeLogger.js:178:17)

  console.info
    {
      component: 'http',
      event: 'request_completed',
      requestId: 'c3dbf347-560c-4e3f-aff7-f35081116e08',
      methodClass: 'POST',
      durationMs: 64,
      statusCode: 200
    }

      at write (src/observability/safeLogger.js:178:17)

  console.info
    {
      component: 'http',
      event: 'request_completed',
      requestId: 'a98d75a5-781e-4a4b-b6cd-cd30f920ca76',
      methodClass: 'POST',
      durationMs: 108,
      statusCode: 201
    }

      at write (src/observability/safeLogger.js:178:17)

  console.info
    {
      component: 'http',
      event: 'request_completed',
      requestId: 'b8fba0be-6d77-4b77-9379-c9fbd8efd371',
      methodClass: 'POST',
      durationMs: 134,
      statusCode: 200
    }

      at write (src/observability/safeLogger.js:178:17)

  console.info
    {
      component: 'http',
      event: 'request_completed',
      requestId: 'ec22b5d6-d8ec-469e-ae64-55ac2851be05',
      methodClass: 'PUT',
      durationMs: 112,
      statusCode: 200
    }

      at write (src/observability/safeLogger.js:178:17)

  console.info
    {
      component: 'http',
      event: 'request_completed',
      requestId: 'f403b415-c8b6-4847-9245-e788a129524e',
      methodClass: 'POST',
      durationMs: 175,
      statusCode: 201
    }

      at write (src/observability/safeLogger.js:178:17)

  console.info
    {
      component: 'http',
      event: 'request_completed',
      requestId: '6a8a43c7-a7ce-4607-82f7-14c1de15b9e7',
      methodClass: 'POST',
      durationMs: 197,
      statusCode: 409
    }

      at write (src/observability/safeLogger.js:178:17)

  console.info
    {
      component: 'http',
      event: 'request_completed',
      requestId: '95beea6f-c611-4e86-98cc-dd035bb3db66',
      methodClass: 'POST',
      durationMs: 224,
      statusCode: 409
    }

      at write (src/observability/safeLogger.js:178:17)

  console.info
    {
      component: 'http',
      event: 'request_completed',
      requestId: '06e75263-b12b-4410-bd0e-b1db25ccb01c',
      methodClass: 'POST',
      durationMs: 38,
      statusCode: 201
    }

      at write (src/observability/safeLogger.js:178:17)

  console.info
    {
      component: 'http',
      event: 'request_completed',
      requestId: 'b1d0fe13-07ec-471c-a18a-28fab983bf8d',
      methodClass: 'POST',
      durationMs: 62,
      statusCode: 409
    }

      at write (src/observability/safeLogger.js:178:17)

  console.info
    {
      component: 'http',
      event: 'request_completed',
      requestId: 'f14293cf-1a90-4cbc-949d-35c027764f27',
      methodClass: 'POST',
      durationMs: 35,
      statusCode: 201
    }

      at write (src/observability/safeLogger.js:178:17)

  console.info
    {
      component: 'http',
      event: 'request_completed',
      requestId: '818710ac-9867-4c8d-a267-d8c6adc928c0',
      methodClass: 'POST',
      durationMs: 64,
      statusCode: 200
    }

      at write (src/observability/safeLogger.js:178:17)

  console.info
    {
      component: 'http',
      event: 'request_completed',
      requestId: 'a7e7a184-70d8-43e1-b36e-4a5767b013c2',
      methodClass: 'PUT',
      durationMs: 107,
      statusCode: 200
    }

      at write (src/observability/safeLogger.js:178:17)

  console.info
    {
      component: 'http',
      event: 'request_completed',
      requestId: '4110ee34-fa18-479f-a907-71dfef29b5f7',
      methodClass: 'POST',
      durationMs: 104,
      statusCode: 201
    }

      at write (src/observability/safeLogger.js:178:17)

  console.info
    {
      component: 'http',
      event: 'request_completed',
      requestId: 'aaeae77f-fb1f-429a-b0ea-45b6ee8cd5e2',
      methodClass: 'POST',
      durationMs: 36,
      statusCode: 201
    }

      at write (src/observability/safeLogger.js:178:17)

  console.info
    {
      component: 'http',
      event: 'request_completed',
      requestId: '4c37c2e6-5540-4d7c-9b54-6a9d9f511a56',
      methodClass: 'POST',
      durationMs: 65,
      statusCode: 200
    }

      at write (src/observability/safeLogger.js:178:17)

  console.info
    {
      component: 'http',
      event: 'request_completed',
      requestId: '0323beb6-a6cb-4f69-9466-a4ef90c6d265',
      methodClass: 'POST',
      durationMs: 109,
      statusCode: 201
    }

      at write (src/observability/safeLogger.js:178:17)

  console.info
    {
      component: 'http',
      event: 'request_completed',
      requestId: '89cf3b54-9598-4b49-8e18-808ca97df84d',
      methodClass: 'POST',
      durationMs: 34,
      statusCode: 409
    }

      at write (src/observability/safeLogger.js:178:17)

  console.info
    {
      component: 'http',
      event: 'request_completed',
      requestId: '7da92d92-206b-4663-8123-233f61deadd9',
      methodClass: 'POST',
      durationMs: 44,
      statusCode: 409
    }

      at write (src/observability/safeLogger.js:178:17)

  console.info
    {
      component: 'http',
      event: 'request_completed',
      requestId: '17c7885b-fdd4-46a2-b06b-b3a90d6f7e94',
      methodClass: 'POST',
      durationMs: 35,
      statusCode: 201
    }

      at write (src/observability/safeLogger.js:178:17)

  console.info
    {
      component: 'http',
      event: 'request_completed',
      requestId: '9aadafa4-47ac-4f16-b8af-ec8569438529',
      methodClass: 'POST',
      durationMs: 67,
      statusCode: 200
    }

      at write (src/observability/safeLogger.js:178:17)

  console.info
    {
      component: 'http',
      event: 'request_completed',
      requestId: '6b1866c5-5fbc-4d10-9dbb-1d4768f05a00',
      methodClass: 'POST',
      durationMs: 106,
      statusCode: 201
    }

      at write (src/observability/safeLogger.js:178:17)

  console.info
    {
      component: 'http',
      event: 'request_completed',
      requestId: '26990ebe-bfd9-468d-b301-cda67bf22337',
      methodClass: 'POST',
      durationMs: 129,
      statusCode: 200
    }

      at write (src/observability/safeLogger.js:178:17)

  console.info
    {
      component: 'http',
      event: 'request_completed',
      requestId: 'a7f8260f-51c4-458b-b826-7b3fd4b24333',
      methodClass: 'POST',
      durationMs: 38,
      statusCode: 201
    }

      at write (src/observability/safeLogger.js:178:17)

  console.info
    {
      component: 'http',
      event: 'request_completed',
      requestId: '0b9ab8c5-f7ac-4f71-99e5-c6905be9585e',
      methodClass: 'POST',
      durationMs: 70,
      statusCode: 200
    }

      at write (src/observability/safeLogger.js:178:17)

  console.info
    {
      component: 'http',
      event: 'request_completed',
      requestId: 'a6154e89-f81c-402d-ad6d-92f8005ebe77',
      methodClass: 'POST',
      durationMs: 111,
      statusCode: 201
    }

      at write (src/observability/safeLogger.js:178:17)

  console.info
    {
      component: 'http',
      event: 'request_completed',
      requestId: '587dbbbe-aea6-456a-9ec0-2f6e6d92d2f2',
      methodClass: 'POST',
      durationMs: 5,
      statusCode: 400
    }

      at write (src/observability/safeLogger.js:178:17)

  console.info
    {
      component: 'http',
      event: 'request_completed',
      requestId: '8e3c60b8-0077-4ba4-943d-08c90ee8ae16',
      methodClass: 'POST',
      durationMs: 9,
      statusCode: 400
    }

      at write (src/observability/safeLogger.js:178:17)

  console.info
    {
      component: 'http',
      event: 'request_completed',
      requestId: '273b418c-0f37-4094-8436-ed8dd53b1722',
      methodClass: 'POST',
      durationMs: 55,
      statusCode: 201
    }

      at write (src/observability/safeLogger.js:178:17)

  console.info
    {
      component: 'http',
      event: 'request_completed',
      requestId: 'f713a4c7-bf3a-475d-b4f9-8aac11d49070',
      methodClass: 'POST',
      durationMs: 42,
      statusCode: 201
    }

      at write (src/observability/safeLogger.js:178:17)

  console.log
    [Simulations] Canonical graph committed: {"operationId":"f5ea6a5d-3522-41f2-8a1e-b89ce1dcabdb","service":"plumbing","replayed":false}

      at log (src/routes/simulations.js:131:11)

  console.info
    {
      component: 'http',
      event: 'request_completed',
      requestId: '62260651-9a40-4b91-ab42-a3bac9d1440b',
      methodClass: 'POST',
      durationMs: 44,
      statusCode: 201
    }

      at write (src/observability/safeLogger.js:178:17)

  console.log
    [Simulations] Canonical graph committed: {"operationId":"ecd7bad2-5505-42aa-bdfc-002aeca73436","service":"plumbing","replayed":false}

      at log (src/routes/simulations.js:131:11)

  console.info
    {
      component: 'http',
      event: 'request_completed',
      requestId: 'b90d40e8-9c40-4da2-a403-5d56ffcf313c',
      methodClass: 'POST',
      durationMs: 66,
      statusCode: 201
    }

      at write (src/observability/safeLogger.js:178:17)

  console.log
    [Simulations] Canonical graph committed: {"operationId":"6c18c9ac-4154-4151-b195-73d0b2b74824","service":"plumbing","replayed":false}

      at log (src/routes/simulations.js:131:11)

  console.info
    {
      component: 'http',
      event: 'request_completed',
      requestId: 'dafe55cd-0f7c-4eac-b4ec-4fd937824b50',
      methodClass: 'POST',
      durationMs: 87,
      statusCode: 201
    }

      at write (src/observability/safeLogger.js:178:17)

  console.log
    [Simulations] Canonical graph committed: {"operationId":"f6c0ef2e-22b3-47f7-ad10-7be3dbe8609c","service":"plumbing","replayed":false}

      at log (src/routes/simulations.js:131:11)

  console.info
    {
      component: 'http',
      event: 'request_completed',
      requestId: 'ea748bc7-6478-45d9-8969-a59f1db4b1c1',
      methodClass: 'POST',
      durationMs: 106,
      statusCode: 201
    }

      at write (src/observability/safeLogger.js:178:17)

  console.log
    [Simulations] Canonical graph committed: {"operationId":"9a951097-5a76-43d7-b2cb-fc8da172cc45","service":"plumbing","replayed":false}

      at log (src/routes/simulations.js:131:11)

  console.info
    {
      component: 'http',
      event: 'request_completed',
      requestId: 'beab1994-6252-4176-92bc-540dadc04f7b',
      methodClass: 'POST',
      durationMs: 126,
      statusCode: 201
    }

      at write (src/observability/safeLogger.js:178:17)

  console.log
    [Simulations] Canonical graph committed: {"operationId":"8815be9f-e53f-45bd-8341-59a921542ec4","service":"plumbing","replayed":false}

      at log (src/routes/simulations.js:131:11)

  console.info
    {
      component: 'http',
      event: 'request_completed',
      requestId: '1d21b7b7-6d7b-44fc-91ac-bc4273fbc4ed',
      methodClass: 'POST',
      durationMs: 23,
      statusCode: 201
    }

      at write (src/observability/safeLogger.js:178:17)

  console.log
    [Simulations] Canonical graph committed: {"operationId":"e926197d-124d-4c47-a420-b616dcf543ee","service":"plumbing","replayed":false}

      at log (src/routes/simulations.js:131:11)

  console.info
    {
      component: 'http',
      event: 'request_completed',
      requestId: '3162bf27-e599-4aa0-b930-396007b91713',
      methodClass: 'POST',
      durationMs: 37,
      statusCode: 201
    }

      at write (src/observability/safeLogger.js:178:17)

  console.log
    [Simulations] Canonical graph committed: {"operationId":"6ec46442-f88d-4f34-a6d7-5e6442bf5704","service":"plumbing","replayed":false}

      at log (src/routes/simulations.js:131:11)

  console.info
    {
      component: 'http',
      event: 'request_completed',
      requestId: 'bef4c345-178f-44e8-b5d5-2c006194f7bb',
      methodClass: 'POST',
      durationMs: 49,
      statusCode: 201
    }

      at write (src/observability/safeLogger.js:178:17)

  console.log
    [Simulations] Canonical graph committed: {"operationId":"0bb9ec96-96e1-498a-b8a1-4fccffc69103","service":"plumbing","replayed":false}

      at log (src/routes/simulations.js:131:11)

  console.info
    {
      component: 'http',
      event: 'request_completed',
      requestId: '79d2bd94-0295-4940-bcad-16d3d1dd6af5',
      methodClass: 'POST',
      durationMs: 57,
      statusCode: 201
    }

      at write (src/observability/safeLogger.js:178:17)

  console.log
    [Simulations] Canonical graph committed: {"operationId":"03a6b309-79cb-46f1-b605-b71de2fe7f90","service":"plumbing","replayed":false}

      at log (src/routes/simulations.js:131:11)

  console.info
    {
      component: 'http',
      event: 'request_completed',
      requestId: '429e8030-3ef4-4a06-b9a4-6a0e76502aed',
      methodClass: 'POST',
      durationMs: 76,
      statusCode: 201
    }

      at write (src/observability/safeLogger.js:178:17)

  console.log
    [Simulations] Canonical graph committed: {"operationId":"cb000738-4269-4397-bf5d-35d3892e1b7b","service":"plumbing","replayed":false}

      at log (src/routes/simulations.js:131:11)

  console.info
    {
      component: 'http',
      event: 'request_completed',
      requestId: '57ba0ddd-5c1a-4fca-a3e1-71a12ac63547',
      methodClass: 'POST',
      durationMs: 23,
      statusCode: 201
    }

      at write (src/observability/safeLogger.js:178:17)

  console.log
    [Simulations] Canonical graph committed: {"operationId":"db212ebc-400f-4c39-b7e0-f4ce3b9735fe","service":"plumbing","replayed":false}

      at log (src/routes/simulations.js:131:11)

  console.info
    {
      component: 'http',
      event: 'request_completed',
      requestId: 'd0ae1fb8-2cb5-452f-b7e3-f6766424c9a6',
      methodClass: 'POST',
      durationMs: 32,
      statusCode: 201
    }

      at write (src/observability/safeLogger.js:178:17)

  console.log
    [Simulations] Canonical graph committed: {"operationId":"2b8081e3-d81d-41f1-9c6b-5ed1ccddbc16","service":"plumbing","replayed":false}

      at log (src/routes/simulations.js:131:11)

  console.info
    {
      component: 'http',
      event: 'request_completed',
      requestId: 'a9f61a71-bf59-423d-817a-bf4cd0b99eed',
      methodClass: 'POST',
      durationMs: 41,
      statusCode: 201
    }

      at write (src/observability/safeLogger.js:178:17)

  console.log
    [Simulations] Canonical graph committed: {"operationId":"ddec9286-3531-44d6-a390-751969b44a14","service":"plumbing","replayed":false}

      at log (src/routes/simulations.js:131:11)

  console.info
    {
      component: 'http',
      event: 'request_completed',
      requestId: '306eb8d5-c3c3-496d-93b9-423b9e7daec3',
      methodClass: 'POST',
      durationMs: 51,
      statusCode: 201
    }

      at write (src/observability/safeLogger.js:178:17)

  console.log
    [Simulations] Canonical graph committed: {"operationId":"cddfe5a4-b7e1-4c3f-be17-58e50e848f6d","service":"plumbing","replayed":false}

      at log (src/routes/simulations.js:131:11)

  console.info
    {
      component: 'http',
      event: 'request_completed',
      requestId: 'f45eed9b-c585-422f-90b9-205f4ed26be3',
      methodClass: 'POST',
      durationMs: 62,
      statusCode: 201
    }

      at write (src/observability/safeLogger.js:178:17)

  console.log
    [Simulations] Canonical graph committed: {"operationId":"354285b7-8216-4ca3-ad9f-1b7a304a6969","service":"plumbing","replayed":false}

      at log (src/routes/simulations.js:131:11)

  console.info
    {
      component: 'http',
      event: 'request_completed',
      requestId: '89f56e3f-49a0-4f86-a878-58555fcbd0ee',
      methodClass: 'POST',
      durationMs: 19,
      statusCode: 201
    }

      at write (src/observability/safeLogger.js:178:17)

  console.log
    [Simulations] Canonical graph committed: {"operationId":"b65a5b4f-6c50-4441-83a6-b58f5f3353b7","service":"plumbing","replayed":false}

      at log (src/routes/simulations.js:131:11)

  console.info
    {
      component: 'http',
      event: 'request_completed',
      requestId: '96643d26-9395-4c0a-88a4-0e01e9617140',
      methodClass: 'POST',
      durationMs: 27,
      statusCode: 201
    }

      at write (src/observability/safeLogger.js:178:17)

  console.log
    [Simulations] Canonical graph committed: {"operationId":"c080b1c2-bd6f-4174-8886-cc69958cb9f7","service":"plumbing","replayed":false}

      at log (src/routes/simulations.js:131:11)

  console.info
    {
      component: 'http',
      event: 'request_completed',
      requestId: 'b387efc6-0d4c-4b35-9b98-09945e81cafa',
      methodClass: 'POST',
      durationMs: 35,
      statusCode: 201
    }

      at write (src/observability/safeLogger.js:178:17)

  console.log
    [Simulations] Canonical graph committed: {"operationId":"1fd6a862-6a3c-4573-8d4e-70c9aeff8656","service":"plumbing","replayed":false}

      at log (src/routes/simulations.js:131:11)

  console.info
    {
      component: 'http',
      event: 'request_completed',
      requestId: 'f0ca0a7f-dc99-4bbb-a8fd-e7800dd9d71e',
      methodClass: 'POST',
      durationMs: 47,
      statusCode: 201
    }

      at write (src/observability/safeLogger.js:178:17)

  console.log
    [Simulations] Canonical graph committed: {"operationId":"a154812e-b8b2-4a76-b8b6-3696c7344e6a","service":"plumbing","replayed":false}

      at log (src/routes/simulations.js:131:11)

  console.info
    {
      component: 'http',
      event: 'request_completed',
      requestId: 'edb9851a-0b22-4e87-ae18-fc354cb8ed74',
      methodClass: 'POST',
      durationMs: 56,
      statusCode: 201
    }

      at write (src/observability/safeLogger.js:178:17)

  console.log
    [Simulations] Canonical graph committed: {"operationId":"c87324c1-51b4-4c36-8a22-42c6c94bad39","service":"plumbing","replayed":false}

      at log (src/routes/simulations.js:131:11)

  console.info
    {
      component: 'http',
      event: 'request_completed',
      requestId: '2455db5f-1c6e-420f-a81c-f6cc8c68060a',
      methodClass: 'POST',
      durationMs: 19,
      statusCode: 201
    }

      at write (src/observability/safeLogger.js:178:17)

  console.log
    [Simulations] Canonical graph committed: {"operationId":"c7d46399-6257-48a9-91b0-3f19481004eb","service":"plumbing","replayed":false}

      at log (src/routes/simulations.js:131:11)

  console.info
    {
      component: 'http',
      event: 'request_completed',
      requestId: 'c4117ef9-ce7c-48c1-b695-b61fb3e5c29f',
      methodClass: 'POST',
      durationMs: 28,
      statusCode: 201
    }

      at write (src/observability/safeLogger.js:178:17)

  console.log
    [Simulations] Canonical graph committed: {"operationId":"f037541f-9f0d-4806-b8ec-e9e837e141de","service":"plumbing","replayed":false}

      at log (src/routes/simulations.js:131:11)

  console.info
    {
      component: 'http',
      event: 'request_completed',
      requestId: '13805ce8-0c8e-4008-9d45-28bc852ee78a',
      methodClass: 'POST',
      durationMs: 38,
      statusCode: 201
    }

      at write (src/observability/safeLogger.js:178:17)

  console.log
    [Simulations] Canonical graph committed: {"operationId":"0f2ee91f-5ae9-4137-975f-b98d37ca3d70","service":"plumbing","replayed":false}

      at log (src/routes/simulations.js:131:11)

  console.info
    {
      component: 'http',
      event: 'request_completed',
      requestId: 'd1505b13-fddd-44af-8fdf-f1b2a76632ef',
      methodClass: 'POST',
      durationMs: 47,
      statusCode: 201
    }

      at write (src/observability/safeLogger.js:178:17)

  console.log
    [Simulations] Canonical graph committed: {"operationId":"dd0e4cd3-1641-407c-a941-b40988691bc6","service":"plumbing","replayed":false}

      at log (src/routes/simulations.js:131:11)

  console.info
    {
      component: 'http',
      event: 'request_completed',
      requestId: '08dcbaf6-1bd2-4ebe-be6f-b54f2aad5a5a',
      methodClass: 'POST',
      durationMs: 56,
      statusCode: 201
    }

      at write (src/observability/safeLogger.js:178:17)

  console.log
    [Simulations] Canonical graph committed: {"operationId":"b624ca15-32fc-49c0-ad42-faad8a3550f6","service":"plumbing","replayed":false}

      at log (src/routes/simulations.js:131:11)

  console.info
    {
      component: 'http',
      event: 'request_completed',
      requestId: '357fb283-1d39-4263-b138-66723f62caf5',
      methodClass: 'POST',
      durationMs: 18,
      statusCode: 201
    }

      at write (src/observability/safeLogger.js:178:17)

  console.log
    [Simulations] Canonical graph committed: {"operationId":"2236a692-6e3a-42bb-ac97-7f53dca95d63","service":"plumbing","replayed":false}

      at log (src/routes/simulations.js:131:11)

  console.info
    {
      component: 'http',
      event: 'request_completed',
      requestId: '4941539a-d31c-4854-b300-6b75709387c4',
      methodClass: 'POST',
      durationMs: 28,
      statusCode: 201
    }

      at write (src/observability/safeLogger.js:178:17)

  console.log
    [Simulations] Canonical graph committed: {"operationId":"c5709fd3-115f-4897-9ed6-8419947d042a","service":"plumbing","replayed":false}

      at log (src/routes/simulations.js:131:11)

  console.info
    {
      component: 'http',
      event: 'request_completed',
      requestId: 'f89880fb-abb4-4149-a8ca-28930dc252de',
      methodClass: 'POST',
      durationMs: 37,
      statusCode: 201
    }

      at write (src/observability/safeLogger.js:178:17)

  console.log
    [Simulations] Canonical graph committed: {"operationId":"9439c84d-0f92-464d-81e3-2f9aee1db75a","service":"plumbing","replayed":false}

      at log (src/routes/simulations.js:131:11)

  console.info
    {
      component: 'http',
      event: 'request_completed',
      requestId: 'e5bf6b09-7c2f-4d8b-927f-f8cb401fca35',
      methodClass: 'POST',
      durationMs: 45,
      statusCode: 201
    }

      at write (src/observability/safeLogger.js:178:17)

  console.log
    [Simulations] Canonical graph committed: {"operationId":"c0537893-b1a6-41ce-8a76-84a560abb194","service":"plumbing","replayed":false}

      at log (src/routes/simulations.js:131:11)

  console.info
    {
      component: 'http',
      event: 'request_completed',
      requestId: 'f5b0c09b-c92c-4757-9733-99884a89dad1',
      methodClass: 'POST',
      durationMs: 57,
      statusCode: 201
    }

      at write (src/observability/safeLogger.js:178:17)

  console.log
    [Simulations] Canonical graph committed: {"operationId":"8a6f43c4-b6ed-429d-9e38-e1e56c90d05e","service":"plumbing","replayed":false}

      at log (src/routes/simulations.js:131:11)

  console.info
    {
      component: 'http',
      event: 'request_completed',
      requestId: 'c1f5c2b6-12f8-41f1-a9bf-326c8faedeee',
      methodClass: 'POST',
      durationMs: 34,
      statusCode: 201
    }

      at write (src/observability/safeLogger.js:178:17)

  console.log
    [Simulations] Canonical graph committed: {"operationId":"d8f688e7-ac40-4845-a579-bf74504cf25f","service":"plumbing","replayed":false}

      at log (src/routes/simulations.js:131:11)

  console.info
    {
      component: 'http',
      event: 'request_completed',
      requestId: '0c0f2310-9602-4354-9928-f1d27ffaf258',
      methodClass: 'POST',
      durationMs: 42,
      statusCode: 201
    }

      at write (src/observability/safeLogger.js:178:17)

  console.log
    [Simulations] Canonical graph committed: {"operationId":"e8b10710-397a-4a58-830f-35fb76542df7","service":"plumbing","replayed":false}

      at log (src/routes/simulations.js:131:11)

  console.info
    {
      component: 'http',
      event: 'request_completed',
      requestId: '503392d9-bd48-4964-bdf8-de115636866e',
      methodClass: 'POST',
      durationMs: 55,
      statusCode: 201
    }

      at write (src/observability/safeLogger.js:178:17)

  console.log
    [Simulations] Canonical graph committed: {"operationId":"0cf882a7-c1d1-456e-bfb8-01f3f1bbc733","service":"plumbing","replayed":false}

      at log (src/routes/simulations.js:131:11)

  console.info
    {
      component: 'http',
      event: 'request_completed',
      requestId: '9dd94216-e76e-448f-9ae0-be1d6b566fed',
      methodClass: 'POST',
      durationMs: 61,
      statusCode: 201
    }

      at write (src/observability/safeLogger.js:178:17)

  console.log
    [Simulations] Canonical graph committed: {"operationId":"23d4ced8-980a-42ed-a4cc-705df432472c","service":"plumbing","replayed":false}

      at log (src/routes/simulations.js:131:11)

  console.info
    {
      component: 'http',
      event: 'request_completed',
      requestId: 'e60b805b-a9e7-4aae-9d1d-9c0a855a8718',
      methodClass: 'POST',
      durationMs: 73,
      statusCode: 201
    }

      at write (src/observability/safeLogger.js:178:17)

  console.log
    [Simulations] Canonical graph committed: {"operationId":"166f6c60-67b0-4880-8a45-e00309f7e12b","service":"plumbing","replayed":false}

      at log (src/routes/simulations.js:131:11)

  console.info
    {
      component: 'http',
      event: 'request_completed',
      requestId: '0873bcd2-0965-46bb-a9d1-c8abac0ebbe3',
      methodClass: 'POST',
      durationMs: 122,
      statusCode: 201
    }

      at write (src/observability/safeLogger.js:178:17)

  console.log
    [Simulations] Canonical graph committed: {"operationId":"720f0d47-7636-4496-a355-f28a8a8a6036","service":"plumbing","replayed":false}

      at log (src/routes/simulations.js:131:11)

  console.info
    {
      component: 'http',
      event: 'request_completed',
      requestId: 'b5c96d06-f8ad-43c2-aa8a-87afd7f06a1f',
      methodClass: 'POST',
      durationMs: 145,
      statusCode: 201
    }

      at write (src/observability/safeLogger.js:178:17)

  console.log
    [Simulations] Canonical graph committed: {"operationId":"3e786ca7-d6e9-4220-ab4c-cb9333d20c34","service":"plumbing","replayed":false}

      at log (src/routes/simulations.js:131:11)

  console.info
    {
      component: 'http',
      event: 'request_completed',
      requestId: '5729c9fc-ae8b-4a48-a64b-db625520c894',
      methodClass: 'POST',
      durationMs: 153,
      statusCode: 201
    }

      at write (src/observability/safeLogger.js:178:17)

  console.log
    [Simulations] Canonical graph committed: {"operationId":"258418e1-a654-4d83-a1a1-743676ae1f01","service":"plumbing","replayed":false}

      at log (src/routes/simulations.js:131:11)

  console.info
    {
      component: 'http',
      event: 'request_completed',
      requestId: 'e4c75ee0-fbc3-49e1-8243-a0ff4625d0ba',
      methodClass: 'POST',
      durationMs: 162,
      statusCode: 201
    }

      at write (src/observability/safeLogger.js:178:17)

  console.log
    [Simulations] Canonical graph committed: {"operationId":"66f97fdf-0c36-4ee2-9e60-0e511176842c","service":"plumbing","replayed":false}

      at log (src/routes/simulations.js:131:11)

  console.info
    {
      component: 'http',
      event: 'request_completed',
      requestId: 'f0aaf2ba-5682-4f3a-a107-7296737cb0a0',
      methodClass: 'POST',
      durationMs: 178,
      statusCode: 201
    }

      at write (src/observability/safeLogger.js:178:17)

  console.log
    [Simulations] Canonical graph committed: {"operationId":"7470e9c7-c2ad-41c4-ae89-4b5ff6b2aca8","service":"plumbing","replayed":false}

      at log (src/routes/simulations.js:131:11)

  console.info
    {
      component: 'http',
      event: 'request_completed',
      requestId: '70b0a8d3-5acc-4455-a221-49e1b2a68b25',
      methodClass: 'POST',
      durationMs: 18,
      statusCode: 201
    }

      at write (src/observability/safeLogger.js:178:17)

  console.log
    [Simulations] Canonical graph committed: {"operationId":"738f1473-2563-4913-bbd8-a258914537f6","service":"plumbing","replayed":false}

      at log (src/routes/simulations.js:131:11)

  console.info
    {
      component: 'http',
      event: 'request_completed',
      requestId: '824ab18c-9d86-4269-b815-9d7bd66aefda',
      methodClass: 'POST',
      durationMs: 27,
      statusCode: 201
    }

      at write (src/observability/safeLogger.js:178:17)

  console.log
    [Simulations] Canonical graph committed: {"operationId":"9c9cff00-9aed-4c98-8fd7-8b1c74853ff5","service":"plumbing","replayed":false}

      at log (src/routes/simulations.js:131:11)

  console.info
    {
      component: 'http',
      event: 'request_completed',
      requestId: '7034d72c-19d5-4b51-8d31-641ea0372560',
      methodClass: 'POST',
      durationMs: 36,
      statusCode: 201
    }

      at write (src/observability/safeLogger.js:178:17)

  console.log
    [Simulations] Canonical graph committed: {"operationId":"adb66796-29e1-4124-9cc9-16650ae67708","service":"plumbing","replayed":false}

      at log (src/routes/simulations.js:131:11)

  console.info
    {
      component: 'http',
      event: 'request_completed',
      requestId: '34c299cb-76a5-44d4-bacb-156e06dbad3b',
      methodClass: 'POST',
      durationMs: 44,
      statusCode: 201
    }

      at write (src/observability/safeLogger.js:178:17)

  console.log
    [Simulations] Canonical graph committed: {"operationId":"91beb9e9-5043-4d4f-b0df-b63df0a9dcc5","service":"plumbing","replayed":false}

      at log (src/routes/simulations.js:131:11)

  console.info
    {
      component: 'http',
      event: 'request_completed',
      requestId: 'ec3c1e48-4af4-4525-9f06-7ccab890137f',
      methodClass: 'POST',
      durationMs: 51,
      statusCode: 201
    }

      at write (src/observability/safeLogger.js:178:17)

  console.log
    [Simulations] Canonical graph committed: {"operationId":"d79e1636-0110-4708-bba0-65c62caedcac","service":"plumbing","replayed":false}

      at log (src/routes/simulations.js:131:11)

  console.info
    {
      component: 'http',
      event: 'request_completed',
      requestId: 'd8182ebf-864f-4547-bb9c-66c73075b922',
      methodClass: 'POST',
      durationMs: 17,
      statusCode: 201
    }

      at write (src/observability/safeLogger.js:178:17)

  console.log
    [Simulations] Canonical graph committed: {"operationId":"e985f7a5-0c8b-499d-ab96-adb60aa511a7","service":"plumbing","replayed":false}

      at log (src/routes/simulations.js:131:11)

  console.info
    {
      component: 'http',
      event: 'request_completed',
      requestId: '2a5a8728-d82b-4b6a-970e-385fee2491c1',
      methodClass: 'POST',
      durationMs: 26,
      statusCode: 201
    }

      at write (src/observability/safeLogger.js:178:17)

  console.log
    [Simulations] Canonical graph committed: {"operationId":"f6365f89-3639-4412-acff-6067bf65b8d0","service":"plumbing","replayed":false}

      at log (src/routes/simulations.js:131:11)

  console.info
    {
      component: 'http',
      event: 'request_completed',
      requestId: '42bd239e-f536-4546-b8d5-8d7fe01c6d2d',
      methodClass: 'POST',
      durationMs: 37,
      statusCode: 201
    }

      at write (src/observability/safeLogger.js:178:17)

  console.log
    [Simulations] Canonical graph committed: {"operationId":"de26ab3b-65f7-483e-b9b8-8d30e2d6b0d2","service":"plumbing","replayed":false}

      at log (src/routes/simulations.js:131:11)

  console.info
    {
      component: 'http',
      event: 'request_completed',
      requestId: 'cde62109-8424-42a9-a54e-71536baeb903',
      methodClass: 'POST',
      durationMs: 61,
      statusCode: 201
    }

      at write (src/observability/safeLogger.js:178:17)

  console.log
    [Simulations] Canonical graph committed: {"operationId":"dc1fe488-1a42-4c5c-b949-4b560fa7317c","service":"plumbing","replayed":false}

      at log (src/routes/simulations.js:131:11)

  console.info
    {
      component: 'http',
      event: 'request_completed',
      requestId: '53f37a6a-4240-4293-9488-15d3220c212f',
      methodClass: 'POST',
      durationMs: 90,
      statusCode: 201
    }

      at write (src/observability/safeLogger.js:178:17)

  console.log
    [Simulations] Canonical graph committed: {"operationId":"1dacc676-3aa8-4394-8504-b1fd407de54f","service":"plumbing","replayed":false}

      at log (src/routes/simulations.js:131:11)

  console.info
    {
      component: 'http',
      event: 'request_completed',
      requestId: '6a57bcab-66c4-4a96-9c4a-57cf1ca7ab43',
      methodClass: 'POST',
      durationMs: 15,
      statusCode: 201
    }

      at write (src/observability/safeLogger.js:178:17)

  console.log
    [Simulations] Canonical graph committed: {"operationId":"d9933c12-6646-4f6d-92c9-3226a9fba52e","service":"plumbing","replayed":false}

      at log (src/routes/simulations.js:131:11)

  console.info
    {
      component: 'http',
      event: 'request_completed',
      requestId: '51a4426f-bfe0-4a55-ba63-b27ce24ce356',
      methodClass: 'POST',
      durationMs: 24,
      statusCode: 201
    }

      at write (src/observability/safeLogger.js:178:17)

  console.log
    [Simulations] Canonical graph committed: {"operationId":"100e5b5e-96c2-48c4-a105-4a89f1d12e16","service":"plumbing","replayed":false}

      at log (src/routes/simulations.js:131:11)

  console.info
    {
      component: 'http',
      event: 'request_completed',
      requestId: '1b2ab7af-8d5a-4588-9176-2b46e27b0081',
      methodClass: 'POST',
      durationMs: 30,
      statusCode: 201
    }

      at write (src/observability/safeLogger.js:178:17)

  console.log
    [Simulations] Canonical graph committed: {"operationId":"f2d567d2-07fb-4d31-816e-9ca5e4731288","service":"plumbing","replayed":false}

      at log (src/routes/simulations.js:131:11)

  console.info
    {
      component: 'http',
      event: 'request_completed',
      requestId: 'dfc2e148-bf55-4d58-84ff-449125b6580c',
      methodClass: 'POST',
      durationMs: 40,
      statusCode: 201
    }

      at write (src/observability/safeLogger.js:178:17)

  console.log
    [Simulations] Canonical graph committed: {"operationId":"b9a6c540-77e6-41b6-aec4-d809c8df1f22","service":"plumbing","replayed":false}

      at log (src/routes/simulations.js:131:11)

  console.info
    {
      component: 'http',
      event: 'request_completed',
      requestId: '886d531f-9a8e-4343-bfef-51ab04710110',
      methodClass: 'POST',
      durationMs: 49,
      statusCode: 201
    }

      at write (src/observability/safeLogger.js:178:17)

  console.log
    [Simulations] Canonical graph committed: {"operationId":"ff1a1827-5a2f-4e62-b804-bcde03c87c22","service":"plumbing","replayed":false}

      at log (src/routes/simulations.js:131:11)

  console.info
    {
      component: 'http',
      event: 'request_completed',
      requestId: '62a6a95e-d1ea-4bc1-b039-a876d63f29b6',
      methodClass: 'POST',
      durationMs: 16,
      statusCode: 201
    }

      at write (src/observability/safeLogger.js:178:17)

  console.log
    [Simulations] Canonical graph committed: {"operationId":"2cd13c3f-9c3b-4fd7-8576-381241442ef4","service":"plumbing","replayed":false}

      at log (src/routes/simulations.js:131:11)

  console.info
    {
      component: 'http',
      event: 'request_completed',
      requestId: '25df8d8c-4f09-4bd1-a034-135abe36819e',
      methodClass: 'POST',
      durationMs: 22,
      statusCode: 201
    }

      at write (src/observability/safeLogger.js:178:17)

  console.log
    [Simulations] Canonical graph committed: {"operationId":"43676cba-1f1e-4022-a446-601c842020f3","service":"plumbing","replayed":false}

      at log (src/routes/simulations.js:131:11)

  console.info
    {
      component: 'http',
      event: 'request_completed',
      requestId: '46567ef8-24c2-4c9b-b016-f85902987eca',
      methodClass: 'POST',
      durationMs: 32,
      statusCode: 201
    }

      at write (src/observability/safeLogger.js:178:17)

  console.log
    [Simulations] Canonical graph committed: {"operationId":"024a0f50-ba00-4293-b3fe-d4db260d404e","service":"plumbing","replayed":false}

      at log (src/routes/simulations.js:131:11)

  console.info
    {
      component: 'http',
      event: 'request_completed',
      requestId: 'b44dd061-7168-4874-82e5-18fbb2fe27fe',
      methodClass: 'POST',
      durationMs: 40,
      statusCode: 201
    }

      at write (src/observability/safeLogger.js:178:17)

  console.log
    [Simulations] Canonical graph committed: {"operationId":"e5d5ea0e-ef66-43c0-bd80-baf511b535a2","service":"plumbing","replayed":false}

      at log (src/routes/simulations.js:131:11)

  console.info
    {
      component: 'http',
      event: 'request_completed',
      requestId: '154c09c7-7cf4-4d87-bf96-b11f6f1160bf',
      methodClass: 'POST',
      durationMs: 49,
      statusCode: 201
    }

      at write (src/observability/safeLogger.js:178:17)

  console.log
    [Simulations] Canonical graph committed: {"operationId":"f6d2ff0b-f290-491c-adac-4607181fe3a7","service":"plumbing","replayed":false}

      at log (src/routes/simulations.js:131:11)

  console.info
    {
      component: 'http',
      event: 'request_completed',
      requestId: '146bec5b-60bf-40a6-9055-0be3c9b49279',
      methodClass: 'POST',
      durationMs: 16,
      statusCode: 201
    }

      at write (src/observability/safeLogger.js:178:17)

  console.log
    [Simulations] Canonical graph committed: {"operationId":"1c637d61-b405-43e4-9971-22a6b5b5678e","service":"plumbing","replayed":false}

      at log (src/routes/simulations.js:131:11)

  console.info
    {
      component: 'http',
      event: 'request_completed',
      requestId: 'aff91ff0-cef5-44bb-ac62-ad7f412b7a4d',
      methodClass: 'POST',
      durationMs: 24,
      statusCode: 201
    }

      at write (src/observability/safeLogger.js:178:17)

  console.log
    [Simulations] Canonical graph committed: {"operationId":"7154811d-5a01-4cf6-b76c-87931fb67c6c","service":"plumbing","replayed":false}

      at log (src/routes/simulations.js:131:11)

  console.info
    {
      component: 'http',
      event: 'request_completed',
      requestId: '5d7c4919-e73f-48ab-bf7f-ce2d91150914',
      methodClass: 'POST',
      durationMs: 32,
      statusCode: 201
    }

      at write (src/observability/safeLogger.js:178:17)

  console.log
    [Simulations] Canonical graph committed: {"operationId":"0f260c4e-292d-454a-b9a1-1f9bf4803844","service":"plumbing","replayed":false}

      at log (src/routes/simulations.js:131:11)

  console.info
    {
      component: 'http',
      event: 'request_completed',
      requestId: '655b8873-d06a-4a2e-8aae-87178b8e493e',
      methodClass: 'POST',
      durationMs: 42,
      statusCode: 201
    }

      at write (src/observability/safeLogger.js:178:17)

  console.log
    [Simulations] Canonical graph committed: {"operationId":"7d7e67c8-4fb9-430c-b8f7-bf3435e57e78","service":"plumbing","replayed":false}

      at log (src/routes/simulations.js:131:11)

  console.info
    {
      component: 'http',
      event: 'request_completed',
      requestId: '6fa45eb4-a145-4a84-a309-6a6292ea111c',
      methodClass: 'POST',
      durationMs: 48,
      statusCode: 201
    }

      at write (src/observability/safeLogger.js:178:17)

  console.log
    [Simulations] Canonical graph committed: {"operationId":"aa81bb08-80e4-43ce-a802-3983966dc9df","service":"plumbing","replayed":false}

      at log (src/routes/simulations.js:131:11)

  console.info
    {
      component: 'http',
      event: 'request_completed',
      requestId: '98431115-3869-475b-8eb1-8fbdef02f823',
      methodClass: 'POST',
      durationMs: 16,
      statusCode: 201
    }

      at write (src/observability/safeLogger.js:178:17)

  console.log
    [Simulations] Canonical graph committed: {"operationId":"90f49109-41b2-46bf-8322-0a96da2844a6","service":"plumbing","replayed":false}

      at log (src/routes/simulations.js:131:11)

  console.info
    {
      component: 'http',
      event: 'request_completed',
      requestId: 'af0d5b41-cff2-46f0-92ac-7ffaf7bc2176',
      methodClass: 'POST',
      durationMs: 25,
      statusCode: 201
    }

      at write (src/observability/safeLogger.js:178:17)

  console.log
    [Simulations] Canonical graph committed: {"operationId":"3ce56adb-6f81-4c55-b6e4-6f22f86f00a0","service":"plumbing","replayed":false}

      at log (src/routes/simulations.js:131:11)

  console.info
    {
      component: 'http',
      event: 'request_completed',
      requestId: 'aa876afe-250a-4499-b41e-13d75e2864c0',
      methodClass: 'POST',
      durationMs: 34,
      statusCode: 201
    }

      at write (src/observability/safeLogger.js:178:17)

  console.log
    [Simulations] Canonical graph committed: {"operationId":"47bd9da5-e3f2-4c85-b5e8-0edfd3006d58","service":"plumbing","replayed":false}

      at log (src/routes/simulations.js:131:11)

  console.info
    {
      component: 'http',
      event: 'request_completed',
      requestId: '547c1135-9792-438e-a1b0-853bb3548bed',
      methodClass: 'POST',
      durationMs: 42,
      statusCode: 201
    }

      at write (src/observability/safeLogger.js:178:17)

  console.log
    [Simulations] Canonical graph committed: {"operationId":"3a7613ec-bccc-4a41-ba2a-f53bc4915248","service":"plumbing","replayed":false}

      at log (src/routes/simulations.js:131:11)

  console.info
    {
      component: 'http',
      event: 'request_completed',
      requestId: '347543e3-fbe7-4373-b182-8c4f0557c1c9',
      methodClass: 'POST',
      durationMs: 51,
      statusCode: 201
    }

      at write (src/observability/safeLogger.js:178:17)

  console.log
    [Simulations] Canonical graph committed: {"operationId":"192c8b20-10f8-41de-b8b8-47bf4a6c102c","service":"plumbing","replayed":false}

      at log (src/routes/simulations.js:131:11)

  console.info
    {
      component: 'http',
      event: 'request_completed',
      requestId: '7bfdfcec-af7f-44c0-b1c3-60b291f1a9db',
      methodClass: 'POST',
      durationMs: 15,
      statusCode: 201
    }

      at write (src/observability/safeLogger.js:178:17)

  console.log
    [Simulations] Canonical graph committed: {"operationId":"862bbb36-f727-4dfb-994c-4b8fe60d3d85","service":"plumbing","replayed":false}

      at log (src/routes/simulations.js:131:11)

  console.info
    {
      component: 'http',
      event: 'request_completed',
      requestId: 'f608eb08-24d3-43b8-99d8-957b20a02b36',
      methodClass: 'POST',
      durationMs: 25,
      statusCode: 201
    }

      at write (src/observability/safeLogger.js:178:17)

  console.log
    [Simulations] Canonical graph committed: {"operationId":"1ed0b47f-819b-4485-ae67-7342b83bcffc","service":"plumbing","replayed":false}

      at log (src/routes/simulations.js:131:11)

  console.info
    {
      component: 'http',
      event: 'request_completed',
      requestId: 'c5fc508c-fdc6-4d4e-974f-6d4fc0b82939',
      methodClass: 'POST',
      durationMs: 33,
      statusCode: 201
    }

      at write (src/observability/safeLogger.js:178:17)

  console.log
    [Simulations] Canonical graph committed: {"operationId":"62bf4b62-b89b-4065-b877-0ec8c14c030b","service":"plumbing","replayed":false}

      at log (src/routes/simulations.js:131:11)

  console.info
    {
      component: 'http',
      event: 'request_completed',
      requestId: '51ef44f0-70ab-4a3c-add9-c8af839a5273',
      methodClass: 'POST',
      durationMs: 40,
      statusCode: 201
    }

      at write (src/observability/safeLogger.js:178:17)

  console.log
    [Simulations] Canonical graph committed: {"operationId":"9feb58fe-3868-47e5-b415-3ff8ad1d0042","service":"plumbing","replayed":false}

      at log (src/routes/simulations.js:131:11)

  console.info
    {
      component: 'http',
      event: 'request_completed',
      requestId: '34f21837-2f8d-4126-ba6b-18a76f7dd360',
      methodClass: 'POST',
      durationMs: 49,
      statusCode: 201
    }

      at write (src/observability/safeLogger.js:178:17)

  console.log
    [Simulations] Canonical graph committed: {"operationId":"9897fb03-1ce8-4e14-a50c-0fd2e838f3ea","service":"plumbing","replayed":false}

      at log (src/routes/simulations.js:131:11)

  console.info
    {
      component: 'http',
      event: 'request_completed',
      requestId: '473dfa6c-3604-4207-b9c1-ba989f3726c1',
      methodClass: 'POST',
      durationMs: 15,
      statusCode: 201
    }

      at write (src/observability/safeLogger.js:178:17)

  console.log
    [Simulations] Canonical graph committed: {"operationId":"5a5ef0f3-7da0-4fc1-a75a-e44139bdc4cd","service":"plumbing","replayed":false}

      at log (src/routes/simulations.js:131:11)

  console.info
    {
      component: 'http',
      event: 'request_completed',
      requestId: 'd0f86ea0-783e-4072-af22-fffc784e0aba',
      methodClass: 'POST',
      durationMs: 23,
      statusCode: 201
    }

      at write (src/observability/safeLogger.js:178:17)

  console.log
    [Simulations] Canonical graph committed: {"operationId":"d4cdf02c-c7aa-4040-94a9-6a19d4a4b846","service":"plumbing","replayed":false}

      at log (src/routes/simulations.js:131:11)

  console.info
    {
      component: 'http',
      event: 'request_completed',
      requestId: '7dbfe915-8ce9-455e-b47e-0fe02d036dd0',
      methodClass: 'POST',
      durationMs: 31,
      statusCode: 201
    }

      at write (src/observability/safeLogger.js:178:17)

  console.log
    [Simulations] Canonical graph committed: {"operationId":"03231f1d-d4e4-4780-a920-9196f83945eb","service":"plumbing","replayed":false}

      at log (src/routes/simulations.js:131:11)

  console.info
    {
      component: 'http',
      event: 'request_completed',
      requestId: '5efef808-a3a5-4f72-9c91-dd28b17426d0',
      methodClass: 'POST',
      durationMs: 39,
      statusCode: 201
    }

      at write (src/observability/safeLogger.js:178:17)

  console.log
    [Simulations] Canonical graph committed: {"operationId":"638499a0-08fa-4664-b0d3-961fcc2a555b","service":"plumbing","replayed":false}

      at log (src/routes/simulations.js:131:11)

  console.info
    {
      component: 'http',
      event: 'request_completed',
      requestId: 'a8b68af5-c079-428d-8c93-0a760255a6e8',
      methodClass: 'POST',
      durationMs: 48,
      statusCode: 201
    }

      at write (src/observability/safeLogger.js:178:17)

  console.log
    [Simulations] Canonical graph committed: {"operationId":"708d4e3f-9dc4-4f84-b425-af6347ab04d0","service":"plumbing","replayed":false}

      at log (src/routes/simulations.js:131:11)

  console.info
    {
      component: 'http',
      event: 'request_completed',
      requestId: 'b1900ba6-dad2-45ef-8099-efb43f343455',
      methodClass: 'POST',
      durationMs: 16,
      statusCode: 201
    }

      at write (src/observability/safeLogger.js:178:17)

  console.log
    [Simulations] Canonical graph committed: {"operationId":"be48fb4d-48d5-492d-9023-655918cd2f36","service":"plumbing","replayed":false}

      at log (src/routes/simulations.js:131:11)

  console.info
    {
      component: 'http',
      event: 'request_completed',
      requestId: '647cb88d-db8c-4537-8fa9-eb0c49b55424',
      methodClass: 'POST',
      durationMs: 23,
      statusCode: 201
    }

      at write (src/observability/safeLogger.js:178:17)

  console.log
    [Simulations] Canonical graph committed: {"operationId":"e963f768-f794-4377-93aa-2205f544ad8e","service":"plumbing","replayed":false}

      at log (src/routes/simulations.js:131:11)

  console.info
    {
      component: 'http',
      event: 'request_completed',
      requestId: '845365e4-71cc-41d1-aaf7-e2ce2619b9e9',
      methodClass: 'POST',
      durationMs: 36,
      statusCode: 201
    }

      at write (src/observability/safeLogger.js:178:17)

  console.log
    [Simulations] Canonical graph committed: {"operationId":"6c60c6e9-350d-4e6d-a9bd-a813268ecc77","service":"plumbing","replayed":false}

      at log (src/routes/simulations.js:131:11)

  console.info
    {
      component: 'http',
      event: 'request_completed',
      requestId: '0525aa92-2112-4cb5-8fcc-003bf4b75468',
      methodClass: 'POST',
      durationMs: 44,
      statusCode: 201
    }

      at write (src/observability/safeLogger.js:178:17)

  console.log
    [Simulations] Canonical graph committed: {"operationId":"d8d9d98f-ef48-4df2-ba55-e6c9cbb36726","service":"plumbing","replayed":false}

      at log (src/routes/simulations.js:131:11)

  console.info
    {
      component: 'http',
      event: 'request_completed',
      requestId: '2f1c170d-8b36-47a8-842d-04d868e201dc',
      methodClass: 'POST',
      durationMs: 53,
      statusCode: 201
    }

      at write (src/observability/safeLogger.js:178:17)

  console.log
    [Simulations] Canonical graph committed: {"operationId":"8a4db259-13d4-4a21-89ca-8669026613df","service":"plumbing","replayed":false}

      at log (src/routes/simulations.js:131:11)

  console.info
    {
      component: 'http',
      event: 'request_completed',
      requestId: '2f183248-8fcd-4769-8060-d4d2ed8252df',
      methodClass: 'POST',
      durationMs: 16,
      statusCode: 201
    }

      at write (src/observability/safeLogger.js:178:17)

  console.log
    [Simulations] Canonical graph committed: {"operationId":"a02775ab-0347-4096-b72c-6e0f31f005ff","service":"plumbing","replayed":false}

      at log (src/routes/simulations.js:131:11)

  console.info
    {
      component: 'http',
      event: 'request_completed',
      requestId: 'bf8c9832-16dc-4e63-8973-ccb2d38803c8',
      methodClass: 'POST',
      durationMs: 24,
      statusCode: 201
    }

      at write (src/observability/safeLogger.js:178:17)

  console.log
    [Simulations] Canonical graph committed: {"operationId":"cb29297a-f137-4017-8a55-0774404f2854","service":"plumbing","replayed":false}

      at log (src/routes/simulations.js:131:11)

  console.info
    {
      component: 'http',
      event: 'request_completed',
      requestId: '63a16c61-35ec-498f-996e-813fdd8c1d60',
      methodClass: 'POST',
      durationMs: 36,
      statusCode: 201
    }

      at write (src/observability/safeLogger.js:178:17)

  console.log
    [Simulations] Canonical graph committed: {"operationId":"dfa77da5-1cda-4a7f-9cb9-185f2935a6d3","service":"plumbing","replayed":false}

      at log (src/routes/simulations.js:131:11)

  console.info
    {
      component: 'http',
      event: 'request_completed',
      requestId: '304c5069-4534-4845-b19a-1da0533fa3c5',
      methodClass: 'POST',
      durationMs: 41,
      statusCode: 201
    }

      at write (src/observability/safeLogger.js:178:17)

  console.log
    [Simulations] Canonical graph committed: {"operationId":"0ced8689-98d8-4190-aee8-e1cd365bca45","service":"plumbing","replayed":false}

      at log (src/routes/simulations.js:131:11)

  console.info
    {
      component: 'http',
      event: 'request_completed',
      requestId: '93ecd8e8-90c1-4329-bc87-57e27f5a8004',
      methodClass: 'POST',
      durationMs: 51,
      statusCode: 201
    }

      at write (src/observability/safeLogger.js:178:17)

  console.log
    [Simulations] Canonical graph committed: {"operationId":"979af30d-d5fa-4131-83c4-bb6bbe44c5f8","service":"plumbing","replayed":false}

      at log (src/routes/simulations.js:131:11)

  console.info
    {
      component: 'http',
      event: 'request_completed',
      requestId: 'e4ab8523-5b4b-486d-873d-5c1d5217faff',
      methodClass: 'POST',
      durationMs: 17,
      statusCode: 201
    }

      at write (src/observability/safeLogger.js:178:17)

  console.log
    [Simulations] Canonical graph committed: {"operationId":"16199497-10c5-4288-bbed-0d0978de37d5","service":"plumbing","replayed":false}

      at log (src/routes/simulations.js:131:11)

  console.info
    {
      component: 'http',
      event: 'request_completed',
      requestId: 'd5d0b7dd-c540-4141-b102-b528ad84cbea',
      methodClass: 'POST',
      durationMs: 30,
      statusCode: 201
    }

      at write (src/observability/safeLogger.js:178:17)

  console.log
    [Simulations] Canonical graph committed: {"operationId":"39a19c85-fd75-4952-94eb-52af54ddd74e","service":"plumbing","replayed":false}

      at log (src/routes/simulations.js:131:11)

  console.info
    {
      component: 'http',
      event: 'request_completed',
      requestId: '3c04379c-31dc-4fb5-9c03-516d93901195',
      methodClass: 'POST',
      durationMs: 39,
      statusCode: 201
    }

      at write (src/observability/safeLogger.js:178:17)

  console.log
    [Simulations] Canonical graph committed: {"operationId":"9ab67c42-9cd1-4c7e-92b5-98c1f485f43d","service":"plumbing","replayed":false}

      at log (src/routes/simulations.js:131:11)

  console.info
    {
      component: 'http',
      event: 'request_completed',
      requestId: 'a8eac4e3-111f-48b1-9765-831def6a9e17',
      methodClass: 'POST',
      durationMs: 47,
      statusCode: 201
    }

      at write (src/observability/safeLogger.js:178:17)

  console.log
    [Simulations] Canonical graph committed: {"operationId":"a0588780-dba8-4b6f-8ac6-82e5358e5f9c","service":"plumbing","replayed":false}

      at log (src/routes/simulations.js:131:11)

  console.info
    {
      component: 'http',
      event: 'request_completed',
      requestId: '725e5bf3-ff9d-43a9-92ed-3103035fdbe2',
      methodClass: 'POST',
      durationMs: 56,
      statusCode: 201
    }

      at write (src/observability/safeLogger.js:178:17)

  console.log
    [Simulations] Canonical graph committed: {"operationId":"af203bcf-eb00-45a4-9058-422853eb0cc3","service":"plumbing","replayed":false}

      at log (src/routes/simulations.js:131:11)

  console.info
    {
      component: 'http',
      event: 'request_completed',
      requestId: '9a4eb2e6-797b-423f-b9f9-82a9f63fada2',
      methodClass: 'POST',
      durationMs: 18,
      statusCode: 201
    }

      at write (src/observability/safeLogger.js:178:17)

  console.log
    [Simulations] Canonical graph committed: {"operationId":"208e539d-9118-43cb-a122-48935f275adb","service":"plumbing","replayed":false}

      at log (src/routes/simulations.js:131:11)

  console.info
    {
      component: 'http',
      event: 'request_completed',
      requestId: '6b1460a2-d4c5-44fd-9f95-9c67a6ad3be3',
      methodClass: 'POST',
      durationMs: 27,
      statusCode: 201
    }

      at write (src/observability/safeLogger.js:178:17)

  console.log
    [Simulations] Canonical graph committed: {"operationId":"2dab1986-001f-4c98-bbac-0d31af18630e","service":"plumbing","replayed":false}

      at log (src/routes/simulations.js:131:11)

  console.info
    {
      component: 'http',
      event: 'request_completed',
      requestId: 'beb29f25-5c1a-4460-9f99-df2433adf451',
      methodClass: 'POST',
      durationMs: 35,
      statusCode: 201
    }

      at write (src/observability/safeLogger.js:178:17)

  console.log
    [Simulations] Canonical graph committed: {"operationId":"c9e398a2-4aed-482d-9d48-7d51d5433e10","service":"plumbing","replayed":false}

      at log (src/routes/simulations.js:131:11)

  console.info
    {
      component: 'http',
      event: 'request_completed',
      requestId: 'f13fef7b-fa51-4569-87de-abf2c751bea9',
      methodClass: 'POST',
      durationMs: 47,
      statusCode: 201
    }

      at write (src/observability/safeLogger.js:178:17)

  console.log
    [Simulations] Canonical graph committed: {"operationId":"52e44d05-fe94-4043-ad19-f671530f5f1b","service":"plumbing","replayed":false}

      at log (src/routes/simulations.js:131:11)

  console.info
    {
      component: 'http',
      event: 'request_completed',
      requestId: '171309b2-d444-450f-ad76-4f405cc334f4',
      methodClass: 'POST',
      durationMs: 55,
      statusCode: 201
    }

      at write (src/observability/safeLogger.js:178:17)

  console.log
    [Simulations] Canonical graph committed: {"operationId":"d6427c18-c7cf-4a06-8b8e-2aeaadcbad53","service":"plumbing","replayed":false}

      at log (src/routes/simulations.js:131:11)

  console.info
    {
      component: 'http',
      event: 'request_completed',
      requestId: '19c9ea87-9b9a-4df5-9c6c-9a551eb824aa',
      methodClass: 'POST',
      durationMs: 12,
      statusCode: 201
    }

      at write (src/observability/safeLogger.js:178:17)

  console.info
    {
      component: 'http',
      event: 'request_completed',
      requestId: '7b2d59cc-b6fe-4363-977e-c9b43cb93c35',
      methodClass: 'GET',
      durationMs: 20,
      statusCode: 200
    }

      at write (src/observability/safeLogger.js:178:17)

  console.info
    {
      component: 'http',
      event: 'request_completed',
      requestId: 'c3ff7a18-ae55-42d6-a9d4-1720b2998dc5',
      methodClass: 'GET',
      durationMs: 317,
      statusCode: 200
    }

      at write (src/observability/safeLogger.js:178:17)

  console.info
    {
      component: 'http',
      event: 'request_completed',
      requestId: 'c688f853-d9ee-416b-8c7e-0528665f6ab7',
      methodClass: 'GET',
      durationMs: 3,
      statusCode: 400
    }

      at write (src/observability/safeLogger.js:178:17)

  console.info
    {
      component: 'http',
      event: 'request_completed',
      requestId: '33cff259-2b33-42a3-8eee-d8c7c6827a06',
      methodClass: 'GET',
      durationMs: 4,
      statusCode: 400
    }

      at write (src/observability/safeLogger.js:178:17)

  console.info
    {
      component: 'http',
      event: 'request_completed',
      requestId: 'e1e0fc04-fdda-4678-b9c8-bccbf270b56f',
      methodClass: 'GET',
      durationMs: 3,
      statusCode: 400
    }

      at write (src/observability/safeLogger.js:178:17)

  console.info
    {
      component: 'http',
      event: 'request_completed',
      requestId: '4162447d-6410-4504-9e32-33137489fdaa',
      methodClass: 'GET',
      durationMs: 3,
      statusCode: 400
    }

      at write (src/observability/safeLogger.js:178:17)

  console.info
    {
      component: 'http',
      event: 'request_completed',
      requestId: 'e8bd7b48-d028-4893-9f27-ce64731a4584',
      methodClass: 'GET',
      durationMs: 5,
      statusCode: 400
    }

      at write (src/observability/safeLogger.js:178:17)

  console.info
    {
      component: 'http',
      event: 'request_completed',
      requestId: 'f28dbd33-e108-4bcc-912a-8f04b116a2da',
      methodClass: 'GET',
      durationMs: 4,
      statusCode: 400
    }

      at write (src/observability/safeLogger.js:178:17)

  console.info
    {
      component: 'http',
      event: 'request_completed',
      requestId: '2cbfb6bc-c9dc-485f-af33-ed826710b84d',
      methodClass: 'GET',
      durationMs: 5,
      statusCode: 400
    }

      at write (src/observability/safeLogger.js:178:17)

  console.info
    {
      component: 'http',
      event: 'request_completed',
      requestId: 'f554b1ff-fbad-4430-a1a6-f9536c7c4d3d',
      methodClass: 'GET',
      durationMs: 4,
      statusCode: 400
    }

      at write (src/observability/safeLogger.js:178:17)

  console.info
    {
      component: 'http',
      event: 'request_completed',
      requestId: '81666384-e24e-42eb-bb92-a3099e755ad3',
      methodClass: 'GET',
      durationMs: 4,
      statusCode: 400
    }

      at write (src/observability/safeLogger.js:178:17)

  console.info
    {
      component: 'http',
      event: 'request_completed',
      requestId: '64db587c-bec6-4f11-9ff5-ff0fbfe3615b',
      methodClass: 'GET',
      durationMs: 3,
      statusCode: 400
    }

      at write (src/observability/safeLogger.js:178:17)

  console.info
    {
      component: 'http',
      event: 'request_completed',
      requestId: 'fd72afeb-f600-4442-9b14-06cf9a17a7b7',
      methodClass: 'GET',
      durationMs: 3,
      statusCode: 400
    }

      at write (src/observability/safeLogger.js:178:17)

  console.info
    {
      component: 'http',
      event: 'request_completed',
      requestId: 'b7c01a90-ce82-44dc-8007-3207e065ec1c',
      methodClass: 'GET',
      durationMs: 4,
      statusCode: 400
    }

      at write (src/observability/safeLogger.js:178:17)

  console.info
    {
      component: 'http',
      event: 'request_completed',
      requestId: 'ad1d2dec-8d9a-4d1c-80b2-e4541ff19043',
      methodClass: 'GET',
      durationMs: 4,
      statusCode: 400
    }

      at write (src/observability/safeLogger.js:178:17)

  console.info
    {
      component: 'http',
      event: 'request_completed',
      requestId: '0786bf7b-5d60-4f19-b4f2-8049c5c95918',
      methodClass: 'GET',
      durationMs: 5,
      statusCode: 400
    }

      at write (src/observability/safeLogger.js:178:17)

  console.info
    {
      component: 'http',
      event: 'request_completed',
      requestId: '91b96539-865d-473e-a382-33859ebeb9dd',
      methodClass: 'GET',
      durationMs: 4,
      statusCode: 400
    }

      at write (src/observability/safeLogger.js:178:17)

  console.info
    {
      component: 'http',
      event: 'request_completed',
      requestId: '7d3491b4-9b57-48c8-abb4-7b7a51a58a6f',
      methodClass: 'GET',
      durationMs: 52,
      statusCode: 200
    }

      at write (src/observability/safeLogger.js:178:17)

  console.info
    {
      component: 'http',
      event: 'request_completed',
      requestId: '6bf27a15-f2eb-4d1d-8f43-bdf2c1df64bb',
      methodClass: 'GET',
      durationMs: 275,
      statusCode: 200
    }

      at write (src/observability/safeLogger.js:178:17)

  console.info
    {
      component: 'http',
      event: 'request_completed',
      requestId: '045a8aef-88f5-476c-bdcc-5b64321a28eb',
      methodClass: 'POST',
      durationMs: 104,
      statusCode: 201
    }

      at write (src/observability/safeLogger.js:178:17)

  console.info
    {
      component: 'http',
      event: 'request_completed',
      requestId: 'e54b0cf9-2df4-4aa2-a988-72efd3d625a4',
      methodClass: 'POST',
      durationMs: 174,
      statusCode: 200
    }

      at write (src/observability/safeLogger.js:178:17)

  console.info
    {
      component: 'http',
      event: 'request_completed',
      requestId: '322ee431-a8bc-499d-a9fc-cc7908749a56',
      methodClass: 'GET',
      durationMs: 159,
      statusCode: 200
    }

      at write (src/observability/safeLogger.js:178:17)

  console.info
    {
      component: 'http',
      event: 'request_completed',
      requestId: 'd44858f1-61f6-47cb-9564-7d05fbdb22f0',
      methodClass: 'GET',
      durationMs: 4,
      statusCode: 400
    }

      at write (src/observability/safeLogger.js:178:17)

  console.log
    [DB] Migration applied: 001_initial_schema.sql

      at log (src/db.js:1312:42)

  console.log
    [DB] Migration applied: 002_seed_data.sql

      at log (src/db.js:1312:42)

  console.log
    [DB] Migration applied: 003_voice_sessions.sql

      at log (src/db.js:1312:42)

  console.log
    [DB] Migration applied: 004_canonical_persistence_v2.sql

      at log (src/db.js:1312:42)

  console.log
    [DB] Migration applied: 005_canonical_organization_authority.sql

      at log (src/db.js:1312:42)

  console.log
    [DB] Migration applied: 006_canonical_voice_sessions.sql

      at log (src/db.js:1312:42)

  console.log
    [DB] Migration applied: 007_canonical_tax_authority.sql

      at log (src/db.js:1312:42)

  console.log
    [DB] Migration applied: 008_canonical_demo_authority.sql

      at log (src/db.js:1312:42)

  console.log
    [DB] Migration applied: 009_canonical_voice_provider_identity.sql

      at log (src/db.js:1312:42)

  console.log
    [DB] Migration applied: 010_account_session_authority.sql

      at log (src/db.js:1312:42)

  console.log
    [DB] Migration applied: 011_oauth_authorization_states.sql

      at log (src/db.js:1312:42)

  console.log
    [DB] Migration applied: 012_account_verification_trial.sql

      at log (src/db.js:1312:42)

  console.log
    [DB] Migration applied: 015_workforce_authority.sql

      at log (src/db.js:1312:42)

  console.log
    [DB] Migration applied: 016_tenant_asset_catalogue.sql

      at log (src/db.js:1312:42)

  console.log
    [DB] Migration applied: 017_retell_webhook_replay_authority.sql

      at log (src/db.js:1312:42)

  console.log
    [DB] Migration applied: 018_canonical_map_preferences.sql

      at log (src/db.js:1312:42)

  console.log
    [DB] Migration applied: 019_account_email_outbox.sql

      at log (src/db.js:1312:42)

  console.log
    [DB] Migration applied: 020_canonical_workforce_access_roles.sql

      at log (src/db.js:1312:42)

  console.log
    [DB] Migration applied: 021_bounded_api_observability.sql

      at log (src/db.js:1312:42)

  console.log
    [DB] Migration applied: 022_demo_command_center_sessions.sql

      at log (src/db.js:1312:42)

  console.log
    [DB] Migration applied: 023_homepage_demo_admission.sql

      at log (src/db.js:1312:42)

  console.log
    [DB] Migration applied: 024_homepage_verified_purge_receipt.sql

      at log (src/db.js:1312:42)

  console.log
    [DB] Migration applied: 025_provider_agnostic_knowledge_registry.sql

      at log (src/db.js:1312:42)

  console.log
    [DB] Migration applied: 026_canonical_knowledge_review_publication.sql

      at log (src/db.js:1312:42)

  console.log
    [DB] Migration applied: 027_canonical_knowledge_audit_graph_authority.sql

      at log (src/db.js:1312:42)

  console.log
    [DB] Migration applied: 028_canonical_knowledge_immutable_lifecycle.sql

      at log (src/db.js:1312:42)

  console.log
    [DB] Migration applied: 029_canonical_knowledge_transactional_sync.sql

      at log (src/db.js:1312:42)

  console.log
    [DB] Migration applied: 030_canonical_knowledge_sync_revocation.sql

      at log (src/db.js:1312:42)

  console.log
    [DB] Migration applied: 031_canonical_knowledge_sync_recovery_lifecycle.sql

      at log (src/db.js:1312:42)

  console.log
    [DB] Migration applied: 032_canonical_schedule_assignment_authority.sql

      at log (src/db.js:1312:42)

  console.log
    [DB] Migration applied: 033_canonical_schedule_time_evidence.sql

      at log (src/db.js:1312:42)

  console.log
    [DB] Migration applied: 034_schedule_availability_conflict_authority.sql

      at log (src/db.js:1312:42)

  console.log
    [DB] Migration applied: 035_schedule_human_preview_approval.sql

      at log (src/db.js:1312:42)

  console.info
    {
      component: 'http',
      event: 'request_completed',
      requestId: 'c956d0a2-5802-49b4-b3f2-b7a33da75a78',
      methodClass: 'POST',
      durationMs: 113,
      statusCode: 201
    }

      at write (src/observability/safeLogger.js:178:17)

  console.info
    {
      component: 'http',
      event: 'request_completed',
      requestId: 'e16cc13c-d595-4df4-878a-cfee62897b3d',
      methodClass: 'POST',
      durationMs: 189,
      statusCode: 200
    }

      at write (src/observability/safeLogger.js:178:17)

  console.info
    {
      component: 'http',
      event: 'request_completed',
      requestId: '0a6a4539-f650-4d26-9bdf-d9c9ec8e9c84',
      methodClass: 'POST',
      durationMs: 100,
      statusCode: 201
    }

      at write (src/observability/safeLogger.js:178:17)

  console.info
    {
      component: 'http',
      event: 'request_completed',
      requestId: 'ddad4c87-92a0-4ed9-b45d-f5fde0ab8122',
      methodClass: 'POST',
      durationMs: 140,
      statusCode: 200
    }

      at write (src/observability/safeLogger.js:178:17)

  console.info
    {
      component: 'http',
      event: 'request_completed',
      requestId: '1e48d1ad-b88e-4540-b3fe-f39a7989559f',
      methodClass: 'POST',
      durationMs: 110,
      statusCode: 201
    }

      at write (src/observability/safeLogger.js:178:17)

  console.info
    {
      component: 'http',
      event: 'request_completed',
      requestId: 'c95cfa5f-c6b0-41be-bea7-2b750c9c49f4',
      methodClass: 'POST',
      durationMs: 130,
      statusCode: 200
    }

      at write (src/observability/safeLogger.js:178:17)

  console.info
    {
      component: 'http',
      event: 'request_completed',
      requestId: 'c8094202-7b83-4f5e-9daa-c6587afa80a8',
      methodClass: 'PUT',
      durationMs: 124,
      statusCode: 200
    }

      at write (src/observability/safeLogger.js:178:17)

  console.info
    {
      component: 'http',
      event: 'request_completed',
      requestId: '2a1d27e9-796a-4e36-b8ba-50c1589eca5a',
      methodClass: 'PUT',
      durationMs: 118,
      statusCode: 200
    }

      at write (src/observability/safeLogger.js:178:17)

  console.info
    {
      component: 'http',
      event: 'request_completed',
      requestId: '809b2829-4e52-4cad-9993-3d1df8e01267',
      methodClass: 'POST',
      durationMs: 73,
      statusCode: 200
    }

      at write (src/observability/safeLogger.js:178:17)

  console.info
    {
      component: 'http',
      event: 'request_completed',
      requestId: '88417076-1cc5-4997-8431-ad708fb722a2',
      methodClass: 'POST',
      durationMs: 91,
      statusCode: 200
    }

      at write (src/observability/safeLogger.js:178:17)

  console.info
    {
      component: 'http',
      event: 'request_completed',
      requestId: '5090ef9d-2fa6-47dd-a40f-bf056b2a7c96',
      methodClass: 'POST',
      durationMs: 109,
      statusCode: 200
    }

      at write (src/observability/safeLogger.js:178:17)

  console.info
    {
      component: 'http',
      event: 'request_completed',
      requestId: '801d8a79-98f4-482a-8e71-1dc00596b903',
      methodClass: 'POST',
      durationMs: 80,
      statusCode: 200
    }

      at write (src/observability/safeLogger.js:178:17)

  console.error
    {
      component: 'http',
      event: 'request_failed',
      requestId: 'de99a99c-609b-4dde-b454-4f8704a98eb9',
      methodClass: 'POST',
      statusCode: 413
    }

      176 |     ...safeFields(fields),
      177 |   };
    > 178 |   console[level](record);
          |                 ^
      179 |   return record;
      180 | }
      181 |

      at write (src/observability/safeLogger.js:178:17)
      at Object.write (src/observability/safeLogger.js:191:10)
      at error (src/middleware/errorHandler.js:22:14)
      at Layer.handle_error (../m22-part3-route-writer/node_modules/express/lib/router/layer.js:71:5)
      at trim_prefix (../m22-part3-route-writer/node_modules/express/lib/router/index.js:326:13)
      at ../m22-part3-route-writer/node_modules/express/lib/router/index.js:286:9
      at router.process_params (../m22-part3-route-writer/node_modules/express/lib/router/index.js:346:12)
      at next (../m22-part3-route-writer/node_modules/express/lib/router/index.js:280:10)
      at Layer.handle_error (../m22-part3-route-writer/node_modules/express/lib/router/layer.js:67:12)
      at trim_prefix (../m22-part3-route-writer/node_modules/express/lib/router/index.js:326:13)
      at ../m22-part3-route-writer/node_modules/express/lib/router/index.js:286:9
      at router.process_params (../m22-part3-route-writer/node_modules/express/lib/router/index.js:346:12)
      at next (../m22-part3-route-writer/node_modules/express/lib/router/index.js:280:10)
      at Layer.handle_error (../m22-part3-route-writer/node_modules/express/lib/router/layer.js:67:12)
      at trim_prefix (../m22-part3-route-writer/node_modules/express/lib/router/index.js:326:13)
      at ../m22-part3-route-writer/node_modules/express/lib/router/index.js:286:9
      at router.process_params (../m22-part3-route-writer/node_modules/express/lib/router/index.js:346:12)
      at next (../m22-part3-route-writer/node_modules/express/lib/router/index.js:280:10)
      at Layer.handle_error (../m22-part3-route-writer/node_modules/express/lib/router/layer.js:67:12)
      at trim_prefix (../m22-part3-route-writer/node_modules/express/lib/router/index.js:326:13)
      at ../m22-part3-route-writer/node_modules/express/lib/router/index.js:286:9
      at router.process_params (../m22-part3-route-writer/node_modules/express/lib/router/index.js:346:12)
      at next (../m22-part3-route-writer/node_modules/express/lib/router/index.js:280:10)
      at Layer.handle_error (../m22-part3-route-writer/node_modules/express/lib/router/layer.js:67:12)
      at trim_prefix (../m22-part3-route-writer/node_modules/express/lib/router/index.js:326:13)
      at ../m22-part3-route-writer/node_modules/express/lib/router/index.js:286:9
      at router.process_params (../m22-part3-route-writer/node_modules/express/lib/router/index.js:346:12)
      at next (../m22-part3-route-writer/node_modules/express/lib/router/index.js:280:10)
      at Layer.handle_error (../m22-part3-route-writer/node_modules/express/lib/router/layer.js:67:12)
      at trim_prefix (../m22-part3-route-writer/node_modules/express/lib/router/index.js:326:13)
      at ../m22-part3-route-writer/node_modules/express/lib/router/index.js:286:9
      at router.process_params (../m22-part3-route-writer/node_modules/express/lib/router/index.js:346:12)
      at next (../m22-part3-route-writer/node_modules/express/lib/router/index.js:280:10)
      at Layer.handle_error (../m22-part3-route-writer/node_modules/express/lib/router/layer.js:67:12)
      at trim_prefix (../m22-part3-route-writer/node_modules/express/lib/router/index.js:326:13)
      at ../m22-part3-route-writer/node_modules/express/lib/router/index.js:286:9
      at router.process_params (../m22-part3-route-writer/node_modules/express/lib/router/index.js:346:12)
      at next (../m22-part3-route-writer/node_modules/express/lib/router/index.js:280:10)
      at Layer.handle_error (../m22-part3-route-writer/node_modules/express/lib/router/layer.js:67:12)
      at trim_prefix (../m22-part3-route-writer/node_modules/express/lib/router/index.js:326:13)
      at ../m22-part3-route-writer/node_modules/express/lib/router/index.js:286:9
      at router.process_params (../m22-part3-route-writer/node_modules/express/lib/router/index.js:346:12)
      at next (../m22-part3-route-writer/node_modules/express/lib/router/index.js:280:10)
      at Layer.handle_error (../m22-part3-route-writer/node_modules/express/lib/router/layer.js:67:12)
      at trim_prefix (../m22-part3-route-writer/node_modules/express/lib/router/index.js:326:13)
      at ../m22-part3-route-writer/node_modules/express/lib/router/index.js:286:9
      at router.process_params (../m22-part3-route-writer/node_modules/express/lib/router/index.js:346:12)
      at next (../m22-part3-route-writer/node_modules/express/lib/router/index.js:280:10)
      at Layer.handle_error (../m22-part3-route-writer/node_modules/express/lib/router/layer.js:67:12)
      at trim_prefix (../m22-part3-route-writer/node_modules/express/lib/router/index.js:326:13)
      at ../m22-part3-route-writer/node_modules/express/lib/router/index.js:286:9
      at router.process_params (../m22-part3-route-writer/node_modules/express/lib/router/index.js:346:12)
      at next (../m22-part3-route-writer/node_modules/express/lib/router/index.js:280:10)
      at Layer.handle_error (../m22-part3-route-writer/node_modules/express/lib/router/layer.js:67:12)
      at trim_prefix (../m22-part3-route-writer/node_modules/express/lib/router/index.js:326:13)
      at ../m22-part3-route-writer/node_modules/express/lib/router/index.js:286:9
      at router.process_params (../m22-part3-route-writer/node_modules/express/lib/router/index.js:346:12)
      at next (../m22-part3-route-writer/node_modules/express/lib/router/index.js:280:10)
      at Layer.handle_error (../m22-part3-route-writer/node_modules/express/lib/router/layer.js:67:12)
      at trim_prefix (../m22-part3-route-writer/node_modules/express/lib/router/index.js:326:13)
      at ../m22-part3-route-writer/node_modules/express/lib/router/index.js:286:9
      at router.process_params (../m22-part3-route-writer/node_modules/express/lib/router/index.js:346:12)
      at next (../m22-part3-route-writer/node_modules/express/lib/router/index.js:280:10)
      at Layer.handle_error (../m22-part3-route-writer/node_modules/express/lib/router/layer.js:67:12)
      at trim_prefix (../m22-part3-route-writer/node_modules/express/lib/router/index.js:326:13)
      at ../m22-part3-route-writer/node_modules/express/lib/router/index.js:286:9
      at router.process_params (../m22-part3-route-writer/node_modules/express/lib/router/index.js:346:12)
      at next (../m22-part3-route-writer/node_modules/express/lib/router/index.js:280:10)
      at Layer.handle_error (../m22-part3-route-writer/node_modules/express/lib/router/layer.js:67:12)
      at trim_prefix (../m22-part3-route-writer/node_modules/express/lib/router/index.js:326:13)
      at ../m22-part3-route-writer/node_modules/express/lib/router/index.js:286:9
      at router.process_params (../m22-part3-route-writer/node_modules/express/lib/router/index.js:346:12)
      at next (../m22-part3-route-writer/node_modules/express/lib/router/index.js:280:10)
      at next (src/scheduling/recommendationHttpBoundary.js:241:25)
      at onfinished (../m22-part3-route-writer/node_modules/body-parser/lib/read.js:102:9)
      at listener (../m22-part3-route-writer/node_modules/on-finished/index.js:170:15)
      at onFinish (../m22-part3-route-writer/node_modules/on-finished/index.js:101:5)
      at callback (../m22-part3-route-writer/node_modules/ee-first/index.js:55:10)
      at IncomingMessage.onevent (../m22-part3-route-writer/node_modules/ee-first/index.js:93:5)

  console.info
    {
      component: 'http',
      event: 'request_completed',
      requestId: 'd3cfa976-100a-4179-ad18-769740b3b983',
      methodClass: 'POST',
      durationMs: 69,
      statusCode: 200
    }

      at write (src/observability/safeLogger.js:178:17)

  console.error
    {
      component: 'http',
      event: 'request_failed',
      requestId: '21e09f47-7b04-40de-af1c-b0dfa2165b99',
      methodClass: 'POST',
      statusCode: 413
    }

      176 |     ...safeFields(fields),
      177 |   };
    > 178 |   console[level](record);
          |                 ^
      179 |   return record;
      180 | }
      181 |

      at write (src/observability/safeLogger.js:178:17)
      at Object.write (src/observability/safeLogger.js:191:10)
      at error (src/middleware/errorHandler.js:22:14)
      at Layer.handle_error (../m22-part3-route-writer/node_modules/express/lib/router/layer.js:71:5)
      at trim_prefix (../m22-part3-route-writer/node_modules/express/lib/router/index.js:326:13)
      at ../m22-part3-route-writer/node_modules/express/lib/router/index.js:286:9
      at router.process_params (../m22-part3-route-writer/node_modules/express/lib/router/index.js:346:12)
      at next (../m22-part3-route-writer/node_modules/express/lib/router/index.js:280:10)
      at Layer.handle_error (../m22-part3-route-writer/node_modules/express/lib/router/layer.js:67:12)
      at trim_prefix (../m22-part3-route-writer/node_modules/express/lib/router/index.js:326:13)
      at ../m22-part3-route-writer/node_modules/express/lib/router/index.js:286:9
      at router.process_params (../m22-part3-route-writer/node_modules/express/lib/router/index.js:346:12)
      at next (../m22-part3-route-writer/node_modules/express/lib/router/index.js:280:10)
      at Layer.handle_error (../m22-part3-route-writer/node_modules/express/lib/router/layer.js:67:12)
      at trim_prefix (../m22-part3-route-writer/node_modules/express/lib/router/index.js:326:13)
      at ../m22-part3-route-writer/node_modules/express/lib/router/index.js:286:9
      at router.process_params (../m22-part3-route-writer/node_modules/express/lib/router/index.js:346:12)
      at next (../m22-part3-route-writer/node_modules/express/lib/router/index.js:280:10)
      at Layer.handle_error (../m22-part3-route-writer/node_modules/express/lib/router/layer.js:67:12)
      at trim_prefix (../m22-part3-route-writer/node_modules/express/lib/router/index.js:326:13)
      at ../m22-part3-route-writer/node_modules/express/lib/router/index.js:286:9
      at router.process_params (../m22-part3-route-writer/node_modules/express/lib/router/index.js:346:12)
      at next (../m22-part3-route-writer/node_modules/express/lib/router/index.js:280:10)
      at Layer.handle_error (../m22-part3-route-writer/node_modules/express/lib/router/layer.js:67:12)
      at trim_prefix (../m22-part3-route-writer/node_modules/express/lib/router/index.js:326:13)
      at ../m22-part3-route-writer/node_modules/express/lib/router/index.js:286:9
      at router.process_params (../m22-part3-route-writer/node_modules/express/lib/router/index.js:346:12)
      at next (../m22-part3-route-writer/node_modules/express/lib/router/index.js:280:10)
      at Layer.handle_error (../m22-part3-route-writer/node_modules/express/lib/router/layer.js:67:12)
      at trim_prefix (../m22-part3-route-writer/node_modules/express/lib/router/index.js:326:13)
      at ../m22-part3-route-writer/node_modules/express/lib/router/index.js:286:9
      at router.process_params (../m22-part3-route-writer/node_modules/express/lib/router/index.js:346:12)
      at next (../m22-part3-route-writer/node_modules/express/lib/router/index.js:280:10)
      at Layer.handle_error (../m22-part3-route-writer/node_modules/express/lib/router/layer.js:67:12)
      at trim_prefix (../m22-part3-route-writer/node_modules/express/lib/router/index.js:326:13)
      at ../m22-part3-route-writer/node_modules/express/lib/router/index.js:286:9
      at router.process_params (../m22-part3-route-writer/node_modules/express/lib/router/index.js:346:12)
      at next (../m22-part3-route-writer/node_modules/express/lib/router/index.js:280:10)
      at Layer.handle_error (../m22-part3-route-writer/node_modules/express/lib/router/layer.js:67:12)
      at trim_prefix (../m22-part3-route-writer/node_modules/express/lib/router/index.js:326:13)
      at ../m22-part3-route-writer/node_modules/express/lib/router/index.js:286:9
      at router.process_params (../m22-part3-route-writer/node_modules/express/lib/router/index.js:346:12)
      at next (../m22-part3-route-writer/node_modules/express/lib/router/index.js:280:10)
      at Layer.handle_error (../m22-part3-route-writer/node_modules/express/lib/router/layer.js:67:12)
      at trim_prefix (../m22-part3-route-writer/node_modules/express/lib/router/index.js:326:13)
      at ../m22-part3-route-writer/node_modules/express/lib/router/index.js:286:9
      at router.process_params (../m22-part3-route-writer/node_modules/express/lib/router/index.js:346:12)
      at next (../m22-part3-route-writer/node_modules/express/lib/router/index.js:280:10)
      at Layer.handle_error (../m22-part3-route-writer/node_modules/express/lib/router/layer.js:67:12)
      at trim_prefix (../m22-part3-route-writer/node_modules/express/lib/router/index.js:326:13)
      at ../m22-part3-route-writer/node_modules/express/lib/router/index.js:286:9
      at router.process_params (../m22-part3-route-writer/node_modules/express/lib/router/index.js:346:12)
      at next (../m22-part3-route-writer/node_modules/express/lib/router/index.js:280:10)
      at Layer.handle_error (../m22-part3-route-writer/node_modules/express/lib/router/layer.js:67:12)
      at trim_prefix (../m22-part3-route-writer/node_modules/express/lib/router/index.js:326:13)
      at ../m22-part3-route-writer/node_modules/express/lib/router/index.js:286:9
      at router.process_params (../m22-part3-route-writer/node_modules/express/lib/router/index.js:346:12)
      at next (../m22-part3-route-writer/node_modules/express/lib/router/index.js:280:10)
      at Layer.handle_error (../m22-part3-route-writer/node_modules/express/lib/router/layer.js:67:12)
      at trim_prefix (../m22-part3-route-writer/node_modules/express/lib/router/index.js:326:13)
      at ../m22-part3-route-writer/node_modules/express/lib/router/index.js:286:9
      at router.process_params (../m22-part3-route-writer/node_modules/express/lib/router/index.js:346:12)
      at next (../m22-part3-route-writer/node_modules/express/lib/router/index.js:280:10)
      at Layer.handle_error (../m22-part3-route-writer/node_modules/express/lib/router/layer.js:67:12)
      at trim_prefix (../m22-part3-route-writer/node_modules/express/lib/router/index.js:326:13)
      at ../m22-part3-route-writer/node_modules/express/lib/router/index.js:286:9
      at router.process_params (../m22-part3-route-writer/node_modules/express/lib/router/index.js:346:12)
      at next (../m22-part3-route-writer/node_modules/express/lib/router/index.js:280:10)
      at Layer.handle_error (../m22-part3-route-writer/node_modules/express/lib/router/layer.js:67:12)
      at trim_prefix (../m22-part3-route-writer/node_modules/express/lib/router/index.js:326:13)
      at ../m22-part3-route-writer/node_modules/express/lib/router/index.js:286:9
      at router.process_params (../m22-part3-route-writer/node_modules/express/lib/router/index.js:346:12)
      at next (../m22-part3-route-writer/node_modules/express/lib/router/index.js:280:10)
      at next (src/scheduling/recommendationHttpBoundary.js:241:25)
      at onfinished (../m22-part3-route-writer/node_modules/body-parser/lib/read.js:102:9)
      at listener (../m22-part3-route-writer/node_modules/on-finished/index.js:170:15)
      at onFinish (../m22-part3-route-writer/node_modules/on-finished/index.js:101:5)
      at callback (../m22-part3-route-writer/node_modules/ee-first/index.js:55:10)
      at IncomingMessage.onevent (../m22-part3-route-writer/node_modules/ee-first/index.js:93:5)

  console.error
    {
      component: 'http',
      event: 'request_failed',
      requestId: '9d72896e-b203-4a8a-bd35-fad38c778043',
      methodClass: 'POST',
      statusCode: 400
    }

      176 |     ...safeFields(fields),
      177 |   };
    > 178 |   console[level](record);
          |                 ^
      179 |   return record;
      180 | }
      181 |

      at write (src/observability/safeLogger.js:178:17)
      at Object.write (src/observability/safeLogger.js:191:10)
      at error (src/middleware/errorHandler.js:22:14)
      at Layer.handle_error (../m22-part3-route-writer/node_modules/express/lib/router/layer.js:71:5)
      at trim_prefix (../m22-part3-route-writer/node_modules/express/lib/router/index.js:326:13)
      at ../m22-part3-route-writer/node_modules/express/lib/router/index.js:286:9
      at router.process_params (../m22-part3-route-writer/node_modules/express/lib/router/index.js:346:12)
      at next (../m22-part3-route-writer/node_modules/express/lib/router/index.js:280:10)
      at Layer.handle_error (../m22-part3-route-writer/node_modules/express/lib/router/layer.js:67:12)
      at trim_prefix (../m22-part3-route-writer/node_modules/express/lib/router/index.js:326:13)
      at ../m22-part3-route-writer/node_modules/express/lib/router/index.js:286:9
      at router.process_params (../m22-part3-route-writer/node_modules/express/lib/router/index.js:346:12)
      at next (../m22-part3-route-writer/node_modules/express/lib/router/index.js:280:10)
      at Layer.handle_error (../m22-part3-route-writer/node_modules/express/lib/router/layer.js:67:12)
      at trim_prefix (../m22-part3-route-writer/node_modules/express/lib/router/index.js:326:13)
      at ../m22-part3-route-writer/node_modules/express/lib/router/index.js:286:9
      at router.process_params (../m22-part3-route-writer/node_modules/express/lib/router/index.js:346:12)
      at next (../m22-part3-route-writer/node_modules/express/lib/router/index.js:280:10)
      at Layer.handle_error (../m22-part3-route-writer/node_modules/express/lib/router/layer.js:67:12)
      at trim_prefix (../m22-part3-route-writer/node_modules/express/lib/router/index.js:326:13)
      at ../m22-part3-route-writer/node_modules/express/lib/router/index.js:286:9
      at router.process_params (../m22-part3-route-writer/node_modules/express/lib/router/index.js:346:12)
      at next (../m22-part3-route-writer/node_modules/express/lib/router/index.js:280:10)
      at Layer.handle_error (../m22-part3-route-writer/node_modules/express/lib/router/layer.js:67:12)
      at trim_prefix (../m22-part3-route-writer/node_modules/express/lib/router/index.js:326:13)
      at ../m22-part3-route-writer/node_modules/express/lib/router/index.js:286:9
      at router.process_params (../m22-part3-route-writer/node_modules/express/lib/router/index.js:346:12)
      at next (../m22-part3-route-writer/node_modules/express/lib/router/index.js:280:10)
      at Layer.handle_error (../m22-part3-route-writer/node_modules/express/lib/router/layer.js:67:12)
      at trim_prefix (../m22-part3-route-writer/node_modules/express/lib/router/index.js:326:13)
      at ../m22-part3-route-writer/node_modules/express/lib/router/index.js:286:9
      at router.process_params (../m22-part3-route-writer/node_modules/express/lib/router/index.js:346:12)
      at next (../m22-part3-route-writer/node_modules/express/lib/router/index.js:280:10)
      at Layer.handle_error (../m22-part3-route-writer/node_modules/express/lib/router/layer.js:67:12)
      at trim_prefix (../m22-part3-route-writer/node_modules/express/lib/router/index.js:326:13)
      at ../m22-part3-route-writer/node_modules/express/lib/router/index.js:286:9
      at router.process_params (../m22-part3-route-writer/node_modules/express/lib/router/index.js:346:12)
      at next (../m22-part3-route-writer/node_modules/express/lib/router/index.js:280:10)
      at Layer.handle_error (../m22-part3-route-writer/node_modules/express/lib/router/layer.js:67:12)
      at trim_prefix (../m22-part3-route-writer/node_modules/express/lib/router/index.js:326:13)
      at ../m22-part3-route-writer/node_modules/express/lib/router/index.js:286:9
      at router.process_params (../m22-part3-route-writer/node_modules/express/lib/router/index.js:346:12)
      at next (../m22-part3-route-writer/node_modules/express/lib/router/index.js:280:10)
      at Layer.handle_error (../m22-part3-route-writer/node_modules/express/lib/router/layer.js:67:12)
      at trim_prefix (../m22-part3-route-writer/node_modules/express/lib/router/index.js:326:13)
      at ../m22-part3-route-writer/node_modules/express/lib/router/index.js:286:9
      at router.process_params (../m22-part3-route-writer/node_modules/express/lib/router/index.js:346:12)
      at next (../m22-part3-route-writer/node_modules/express/lib/router/index.js:280:10)
      at Layer.handle_error (../m22-part3-route-writer/node_modules/express/lib/router/layer.js:67:12)
      at trim_prefix (../m22-part3-route-writer/node_modules/express/lib/router/index.js:326:13)
      at ../m22-part3-route-writer/node_modules/express/lib/router/index.js:286:9
      at router.process_params (../m22-part3-route-writer/node_modules/express/lib/router/index.js:346:12)
      at next (../m22-part3-route-writer/node_modules/express/lib/router/index.js:280:10)
      at Layer.handle_error (../m22-part3-route-writer/node_modules/express/lib/router/layer.js:67:12)
      at trim_prefix (../m22-part3-route-writer/node_modules/express/lib/router/index.js:326:13)
      at ../m22-part3-route-writer/node_modules/express/lib/router/index.js:286:9
      at router.process_params (../m22-part3-route-writer/node_modules/express/lib/router/index.js:346:12)
      at next (../m22-part3-route-writer/node_modules/express/lib/router/index.js:280:10)
      at Layer.handle_error (../m22-part3-route-writer/node_modules/express/lib/router/layer.js:67:12)
      at trim_prefix (../m22-part3-route-writer/node_modules/express/lib/router/index.js:326:13)
      at ../m22-part3-route-writer/node_modules/express/lib/router/index.js:286:9
      at router.process_params (../m22-part3-route-writer/node_modules/express/lib/router/index.js:346:12)
      at next (../m22-part3-route-writer/node_modules/express/lib/router/index.js:280:10)
      at Layer.handle_error (../m22-part3-route-writer/node_modules/express/lib/router/layer.js:67:12)
      at trim_prefix (../m22-part3-route-writer/node_modules/express/lib/router/index.js:326:13)
      at ../m22-part3-route-writer/node_modules/express/lib/router/index.js:286:9
      at router.process_params (../m22-part3-route-writer/node_modules/express/lib/router/index.js:346:12)
      at next (../m22-part3-route-writer/node_modules/express/lib/router/index.js:280:10)
      at Layer.handle_error (../m22-part3-route-writer/node_modules/express/lib/router/layer.js:67:12)
      at trim_prefix (../m22-part3-route-writer/node_modules/express/lib/router/index.js:326:13)
      at ../m22-part3-route-writer/node_modules/express/lib/router/index.js:286:9
      at router.process_params (../m22-part3-route-writer/node_modules/express/lib/router/index.js:346:12)
      at next (../m22-part3-route-writer/node_modules/express/lib/router/index.js:280:10)
      at next (src/scheduling/recommendationHttpBoundary.js:255:16)
      at ../m22-part3-route-writer/node_modules/body-parser/lib/read.js:137:5
      at invokeCallback (../m22-part3-route-writer/node_modules/raw-body/index.js:238:16)
      at done (../m22-part3-route-writer/node_modules/raw-body/index.js:227:7)
      at IncomingMessage.onEnd (../m22-part3-route-writer/node_modules/raw-body/index.js:287:7)

  console.error
    {
      component: 'http',
      event: 'request_failed',
      requestId: 'c0026bfd-9ed6-4b58-bb3d-f74eca9af63d',
      methodClass: 'POST',
      statusCode: 400
    }

      176 |     ...safeFields(fields),
      177 |   };
    > 178 |   console[level](record);
          |                 ^
      179 |   return record;
      180 | }
      181 |

      at write (src/observability/safeLogger.js:178:17)
      at Object.write (src/observability/safeLogger.js:191:10)
      at error (src/middleware/errorHandler.js:22:14)
      at Layer.handle_error (../m22-part3-route-writer/node_modules/express/lib/router/layer.js:71:5)
      at trim_prefix (../m22-part3-route-writer/node_modules/express/lib/router/index.js:326:13)
      at ../m22-part3-route-writer/node_modules/express/lib/router/index.js:286:9
      at router.process_params (../m22-part3-route-writer/node_modules/express/lib/router/index.js:346:12)
      at next (../m22-part3-route-writer/node_modules/express/lib/router/index.js:280:10)
      at Layer.handle_error (../m22-part3-route-writer/node_modules/express/lib/router/layer.js:67:12)
      at trim_prefix (../m22-part3-route-writer/node_modules/express/lib/router/index.js:326:13)
      at ../m22-part3-route-writer/node_modules/express/lib/router/index.js:286:9
      at router.process_params (../m22-part3-route-writer/node_modules/express/lib/router/index.js:346:12)
      at next (../m22-part3-route-writer/node_modules/express/lib/router/index.js:280:10)
      at Layer.handle_error (../m22-part3-route-writer/node_modules/express/lib/router/layer.js:67:12)
      at trim_prefix (../m22-part3-route-writer/node_modules/express/lib/router/index.js:326:13)
      at ../m22-part3-route-writer/node_modules/express/lib/router/index.js:286:9
      at router.process_params (../m22-part3-route-writer/node_modules/express/lib/router/index.js:346:12)
      at next (../m22-part3-route-writer/node_modules/express/lib/router/index.js:280:10)
      at Layer.handle_error (../m22-part3-route-writer/node_modules/express/lib/router/layer.js:67:12)
      at trim_prefix (../m22-part3-route-writer/node_modules/express/lib/router/index.js:326:13)
      at ../m22-part3-route-writer/node_modules/express/lib/router/index.js:286:9
      at router.process_params (../m22-part3-route-writer/node_modules/express/lib/router/index.js:346:12)
      at next (../m22-part3-route-writer/node_modules/express/lib/router/index.js:280:10)
      at Layer.handle_error (../m22-part3-route-writer/node_modules/express/lib/router/layer.js:67:12)
      at trim_prefix (../m22-part3-route-writer/node_modules/express/lib/router/index.js:326:13)
      at ../m22-part3-route-writer/node_modules/express/lib/router/index.js:286:9
      at router.process_params (../m22-part3-route-writer/node_modules/express/lib/router/index.js:346:12)
      at next (../m22-part3-route-writer/node_modules/express/lib/router/index.js:280:10)
      at Layer.handle_error (../m22-part3-route-writer/node_modules/express/lib/router/layer.js:67:12)
      at trim_prefix (../m22-part3-route-writer/node_modules/express/lib/router/index.js:326:13)
      at ../m22-part3-route-writer/node_modules/express/lib/router/index.js:286:9
      at router.process_params (../m22-part3-route-writer/node_modules/express/lib/router/index.js:346:12)
      at next (../m22-part3-route-writer/node_modules/express/lib/router/index.js:280:10)
      at Layer.handle_error (../m22-part3-route-writer/node_modules/express/lib/router/layer.js:67:12)
      at trim_prefix (../m22-part3-route-writer/node_modules/express/lib/router/index.js:326:13)
      at ../m22-part3-route-writer/node_modules/express/lib/router/index.js:286:9
      at router.process_params (../m22-part3-route-writer/node_modules/express/lib/router/index.js:346:12)
      at next (../m22-part3-route-writer/node_modules/express/lib/router/index.js:280:10)
      at Layer.handle_error (../m22-part3-route-writer/node_modules/express/lib/router/layer.js:67:12)
      at trim_prefix (../m22-part3-route-writer/node_modules/express/lib/router/index.js:326:13)
      at ../m22-part3-route-writer/node_modules/express/lib/router/index.js:286:9
      at router.process_params (../m22-part3-route-writer/node_modules/express/lib/router/index.js:346:12)
      at next (../m22-part3-route-writer/node_modules/express/lib/router/index.js:280:10)
      at Layer.handle_error (../m22-part3-route-writer/node_modules/express/lib/router/layer.js:67:12)
      at trim_prefix (../m22-part3-route-writer/node_modules/express/lib/router/index.js:326:13)
      at ../m22-part3-route-writer/node_modules/express/lib/router/index.js:286:9
      at router.process_params (../m22-part3-route-writer/node_modules/express/lib/router/index.js:346:12)
      at next (../m22-part3-route-writer/node_modules/express/lib/router/index.js:280:10)
      at Layer.handle_error (../m22-part3-route-writer/node_modules/express/lib/router/layer.js:67:12)
      at trim_prefix (../m22-part3-route-writer/node_modules/express/lib/router/index.js:326:13)
      at ../m22-part3-route-writer/node_modules/express/lib/router/index.js:286:9
      at router.process_params (../m22-part3-route-writer/node_modules/express/lib/router/index.js:346:12)
      at next (../m22-part3-route-writer/node_modules/express/lib/router/index.js:280:10)
      at Layer.handle_error (../m22-part3-route-writer/node_modules/express/lib/router/layer.js:67:12)
      at trim_prefix (../m22-part3-route-writer/node_modules/express/lib/router/index.js:326:13)
      at ../m22-part3-route-writer/node_modules/express/lib/router/index.js:286:9
      at router.process_params (../m22-part3-route-writer/node_modules/express/lib/router/index.js:346:12)
      at next (../m22-part3-route-writer/node_modules/express/lib/router/index.js:280:10)
      at Layer.handle_error (../m22-part3-route-writer/node_modules/express/lib/router/layer.js:67:12)
      at trim_prefix (../m22-part3-route-writer/node_modules/express/lib/router/index.js:326:13)
      at ../m22-part3-route-writer/node_modules/express/lib/router/index.js:286:9
      at router.process_params (../m22-part3-route-writer/node_modules/express/lib/router/index.js:346:12)
      at next (../m22-part3-route-writer/node_modules/express/lib/router/index.js:280:10)
      at Layer.handle_error (../m22-part3-route-writer/node_modules/express/lib/router/layer.js:67:12)
      at trim_prefix (../m22-part3-route-writer/node_modules/express/lib/router/index.js:326:13)
      at ../m22-part3-route-writer/node_modules/express/lib/router/index.js:286:9
      at router.process_params (../m22-part3-route-writer/node_modules/express/lib/router/index.js:346:12)
      at next (../m22-part3-route-writer/node_modules/express/lib/router/index.js:280:10)
      at Layer.handle_error (../m22-part3-route-writer/node_modules/express/lib/router/layer.js:67:12)
      at trim_prefix (../m22-part3-route-writer/node_modules/express/lib/router/index.js:326:13)
      at ../m22-part3-route-writer/node_modules/express/lib/router/index.js:286:9
      at router.process_params (../m22-part3-route-writer/node_modules/express/lib/router/index.js:346:12)
      at next (../m22-part3-route-writer/node_modules/express/lib/router/index.js:280:10)
      at next (src/scheduling/recommendationHttpBoundary.js:255:16)
      at ../m22-part3-route-writer/node_modules/body-parser/lib/read.js:137:5
      at invokeCallback (../m22-part3-route-writer/node_modules/raw-body/index.js:238:16)
      at done (../m22-part3-route-writer/node_modules/raw-body/index.js:227:7)
      at IncomingMessage.onEnd (../m22-part3-route-writer/node_modules/raw-body/index.js:287:7)

  console.error
    {
      component: 'http',
      event: 'request_failed',
      requestId: '56c985c4-1eae-4d12-9856-0cbf28b33c56',
      methodClass: 'POST',
      statusCode: 400
    }

      176 |     ...safeFields(fields),
      177 |   };
    > 178 |   console[level](record);
          |                 ^
      179 |   return record;
      180 | }
      181 |

      at write (src/observability/safeLogger.js:178:17)
      at Object.write (src/observability/safeLogger.js:191:10)
      at error (src/middleware/errorHandler.js:22:14)
      at Layer.handle_error (../m22-part3-route-writer/node_modules/express/lib/router/layer.js:71:5)
      at trim_prefix (../m22-part3-route-writer/node_modules/express/lib/router/index.js:326:13)
      at ../m22-part3-route-writer/node_modules/express/lib/router/index.js:286:9
      at router.process_params (../m22-part3-route-writer/node_modules/express/lib/router/index.js:346:12)
      at next (../m22-part3-route-writer/node_modules/express/lib/router/index.js:280:10)
      at Layer.handle_error (../m22-part3-route-writer/node_modules/express/lib/router/layer.js:67:12)
      at trim_prefix (../m22-part3-route-writer/node_modules/express/lib/router/index.js:326:13)
      at ../m22-part3-route-writer/node_modules/express/lib/router/index.js:286:9
      at router.process_params (../m22-part3-route-writer/node_modules/express/lib/router/index.js:346:12)
      at next (../m22-part3-route-writer/node_modules/express/lib/router/index.js:280:10)
      at Layer.handle_error (../m22-part3-route-writer/node_modules/express/lib/router/layer.js:67:12)
      at trim_prefix (../m22-part3-route-writer/node_modules/express/lib/router/index.js:326:13)
      at ../m22-part3-route-writer/node_modules/express/lib/router/index.js:286:9
      at router.process_params (../m22-part3-route-writer/node_modules/express/lib/router/index.js:346:12)
      at next (../m22-part3-route-writer/node_modules/express/lib/router/index.js:280:10)
      at Layer.handle_error (../m22-part3-route-writer/node_modules/express/lib/router/layer.js:67:12)
      at trim_prefix (../m22-part3-route-writer/node_modules/express/lib/router/index.js:326:13)
      at ../m22-part3-route-writer/node_modules/express/lib/router/index.js:286:9
      at router.process_params (../m22-part3-route-writer/node_modules/express/lib/router/index.js:346:12)
      at next (../m22-part3-route-writer/node_modules/express/lib/router/index.js:280:10)
      at Layer.handle_error (../m22-part3-route-writer/node_modules/express/lib/router/layer.js:67:12)
      at trim_prefix (../m22-part3-route-writer/node_modules/express/lib/router/index.js:326:13)
      at ../m22-part3-route-writer/node_modules/express/lib/router/index.js:286:9
      at router.process_params (../m22-part3-route-writer/node_modules/express/lib/router/index.js:346:12)
      at next (../m22-part3-route-writer/node_modules/express/lib/router/index.js:280:10)
      at Layer.handle_error (../m22-part3-route-writer/node_modules/express/lib/router/layer.js:67:12)
      at trim_prefix (../m22-part3-route-writer/node_modules/express/lib/router/index.js:326:13)
      at ../m22-part3-route-writer/node_modules/express/lib/router/index.js:286:9
      at router.process_params (../m22-part3-route-writer/node_modules/express/lib/router/index.js:346:12)
      at next (../m22-part3-route-writer/node_modules/express/lib/router/index.js:280:10)
      at Layer.handle_error (../m22-part3-route-writer/node_modules/express/lib/router/layer.js:67:12)
      at trim_prefix (../m22-part3-route-writer/node_modules/express/lib/router/index.js:326:13)
      at ../m22-part3-route-writer/node_modules/express/lib/router/index.js:286:9
      at router.process_params (../m22-part3-route-writer/node_modules/express/lib/router/index.js:346:12)
      at next (../m22-part3-route-writer/node_modules/express/lib/router/index.js:280:10)
      at Layer.handle_error (../m22-part3-route-writer/node_modules/express/lib/router/layer.js:67:12)
      at trim_prefix (../m22-part3-route-writer/node_modules/express/lib/router/index.js:326:13)
      at ../m22-part3-route-writer/node_modules/express/lib/router/index.js:286:9
      at router.process_params (../m22-part3-route-writer/node_modules/express/lib/router/index.js:346:12)
      at next (../m22-part3-route-writer/node_modules/express/lib/router/index.js:280:10)
      at Layer.handle_error (../m22-part3-route-writer/node_modules/express/lib/router/layer.js:67:12)
      at trim_prefix (../m22-part3-route-writer/node_modules/express/lib/router/index.js:326:13)
      at ../m22-part3-route-writer/node_modules/express/lib/router/index.js:286:9
      at router.process_params (../m22-part3-route-writer/node_modules/express/lib/router/index.js:346:12)
      at next (../m22-part3-route-writer/node_modules/express/lib/router/index.js:280:10)
      at Layer.handle_error (../m22-part3-route-writer/node_modules/express/lib/router/layer.js:67:12)
      at trim_prefix (../m22-part3-route-writer/node_modules/express/lib/router/index.js:326:13)
      at ../m22-part3-route-writer/node_modules/express/lib/router/index.js:286:9
      at router.process_params (../m22-part3-route-writer/node_modules/express/lib/router/index.js:346:12)
      at next (../m22-part3-route-writer/node_modules/express/lib/router/index.js:280:10)
      at Layer.handle_error (../m22-part3-route-writer/node_modules/express/lib/router/layer.js:67:12)
      at trim_prefix (../m22-part3-route-writer/node_modules/express/lib/router/index.js:326:13)
      at ../m22-part3-route-writer/node_modules/express/lib/router/index.js:286:9
      at router.process_params (../m22-part3-route-writer/node_modules/express/lib/router/index.js:346:12)
      at next (../m22-part3-route-writer/node_modules/express/lib/router/index.js:280:10)
      at Layer.handle_error (../m22-part3-route-writer/node_modules/express/lib/router/layer.js:67:12)
      at trim_prefix (../m22-part3-route-writer/node_modules/express/lib/router/index.js:326:13)
      at ../m22-part3-route-writer/node_modules/express/lib/router/index.js:286:9
      at router.process_params (../m22-part3-route-writer/node_modules/express/lib/router/index.js:346:12)
      at next (../m22-part3-route-writer/node_modules/express/lib/router/index.js:280:10)
      at Layer.handle_error (../m22-part3-route-writer/node_modules/express/lib/router/layer.js:67:12)
      at trim_prefix (../m22-part3-route-writer/node_modules/express/lib/router/index.js:326:13)
      at ../m22-part3-route-writer/node_modules/express/lib/router/index.js:286:9
      at router.process_params (../m22-part3-route-writer/node_modules/express/lib/router/index.js:346:12)
      at next (../m22-part3-route-writer/node_modules/express/lib/router/index.js:280:10)
      at Layer.handle_error (../m22-part3-route-writer/node_modules/express/lib/router/layer.js:67:12)
      at trim_prefix (../m22-part3-route-writer/node_modules/express/lib/router/index.js:326:13)
      at ../m22-part3-route-writer/node_modules/express/lib/router/index.js:286:9
      at router.process_params (../m22-part3-route-writer/node_modules/express/lib/router/index.js:346:12)
      at next (../m22-part3-route-writer/node_modules/express/lib/router/index.js:280:10)
      at next (src/scheduling/recommendationHttpBoundary.js:255:16)
      at ../m22-part3-route-writer/node_modules/body-parser/lib/read.js:137:5
      at invokeCallback (../m22-part3-route-writer/node_modules/raw-body/index.js:238:16)
      at done (../m22-part3-route-writer/node_modules/raw-body/index.js:227:7)
      at IncomingMessage.onEnd (../m22-part3-route-writer/node_modules/raw-body/index.js:287:7)

  console.error
    {
      component: 'http',
      event: 'request_failed',
      requestId: 'ce1fb4b3-d335-421e-827e-df5193252a92',
      methodClass: 'POST',
      statusCode: 400
    }

      176 |     ...safeFields(fields),
      177 |   };
    > 178 |   console[level](record);
          |                 ^
      179 |   return record;
      180 | }
      181 |

      at write (src/observability/safeLogger.js:178:17)
      at Object.write (src/observability/safeLogger.js:191:10)
      at error (src/middleware/errorHandler.js:22:14)
      at Layer.handle_error (../m22-part3-route-writer/node_modules/express/lib/router/layer.js:71:5)
      at trim_prefix (../m22-part3-route-writer/node_modules/express/lib/router/index.js:326:13)
      at ../m22-part3-route-writer/node_modules/express/lib/router/index.js:286:9
      at router.process_params (../m22-part3-route-writer/node_modules/express/lib/router/index.js:346:12)
      at next (../m22-part3-route-writer/node_modules/express/lib/router/index.js:280:10)
      at Layer.handle_error (../m22-part3-route-writer/node_modules/express/lib/router/layer.js:67:12)
      at trim_prefix (../m22-part3-route-writer/node_modules/express/lib/router/index.js:326:13)
      at ../m22-part3-route-writer/node_modules/express/lib/router/index.js:286:9
      at router.process_params (../m22-part3-route-writer/node_modules/express/lib/router/index.js:346:12)
      at next (../m22-part3-route-writer/node_modules/express/lib/router/index.js:280:10)
      at Layer.handle_error (../m22-part3-route-writer/node_modules/express/lib/router/layer.js:67:12)
      at trim_prefix (../m22-part3-route-writer/node_modules/express/lib/router/index.js:326:13)
      at ../m22-part3-route-writer/node_modules/express/lib/router/index.js:286:9
      at router.process_params (../m22-part3-route-writer/node_modules/express/lib/router/index.js:346:12)
      at next (../m22-part3-route-writer/node_modules/express/lib/router/index.js:280:10)
      at Layer.handle_error (../m22-part3-route-writer/node_modules/express/lib/router/layer.js:67:12)
      at trim_prefix (../m22-part3-route-writer/node_modules/express/lib/router/index.js:326:13)
      at ../m22-part3-route-writer/node_modules/express/lib/router/index.js:286:9
      at router.process_params (../m22-part3-route-writer/node_modules/express/lib/router/index.js:346:12)
      at next (../m22-part3-route-writer/node_modules/express/lib/router/index.js:280:10)
      at Layer.handle_error (../m22-part3-route-writer/node_modules/express/lib/router/layer.js:67:12)
      at trim_prefix (../m22-part3-route-writer/node_modules/express/lib/router/index.js:326:13)
      at ../m22-part3-route-writer/node_modules/express/lib/router/index.js:286:9
      at router.process_params (../m22-part3-route-writer/node_modules/express/lib/router/index.js:346:12)
      at next (../m22-part3-route-writer/node_modules/express/lib/router/index.js:280:10)
      at Layer.handle_error (../m22-part3-route-writer/node_modules/express/lib/router/layer.js:67:12)
      at trim_prefix (../m22-part3-route-writer/node_modules/express/lib/router/index.js:326:13)
      at ../m22-part3-route-writer/node_modules/express/lib/router/index.js:286:9
      at router.process_params (../m22-part3-route-writer/node_modules/express/lib/router/index.js:346:12)
      at next (../m22-part3-route-writer/node_modules/express/lib/router/index.js:280:10)
      at Layer.handle_error (../m22-part3-route-writer/node_modules/express/lib/router/layer.js:67:12)
      at trim_prefix (../m22-part3-route-writer/node_modules/express/lib/router/index.js:326:13)
      at ../m22-part3-route-writer/node_modules/express/lib/router/index.js:286:9
      at router.process_params (../m22-part3-route-writer/node_modules/express/lib/router/index.js:346:12)
      at next (../m22-part3-route-writer/node_modules/express/lib/router/index.js:280:10)
      at Layer.handle_error (../m22-part3-route-writer/node_modules/express/lib/router/layer.js:67:12)
      at trim_prefix (../m22-part3-route-writer/node_modules/express/lib/router/index.js:326:13)
      at ../m22-part3-route-writer/node_modules/express/lib/router/index.js:286:9
      at router.process_params (../m22-part3-route-writer/node_modules/express/lib/router/index.js:346:12)
      at next (../m22-part3-route-writer/node_modules/express/lib/router/index.js:280:10)
      at Layer.handle_error (../m22-part3-route-writer/node_modules/express/lib/router/layer.js:67:12)
      at trim_prefix (../m22-part3-route-writer/node_modules/express/lib/router/index.js:326:13)
      at ../m22-part3-route-writer/node_modules/express/lib/router/index.js:286:9
      at router.process_params (../m22-part3-route-writer/node_modules/express/lib/router/index.js:346:12)
      at next (../m22-part3-route-writer/node_modules/express/lib/router/index.js:280:10)
      at Layer.handle_error (../m22-part3-route-writer/node_modules/express/lib/router/layer.js:67:12)
      at trim_prefix (../m22-part3-route-writer/node_modules/express/lib/router/index.js:326:13)
      at ../m22-part3-route-writer/node_modules/express/lib/router/index.js:286:9
      at router.process_params (../m22-part3-route-writer/node_modules/express/lib/router/index.js:346:12)
      at next (../m22-part3-route-writer/node_modules/express/lib/router/index.js:280:10)
      at Layer.handle_error (../m22-part3-route-writer/node_modules/express/lib/router/layer.js:67:12)
      at trim_prefix (../m22-part3-route-writer/node_modules/express/lib/router/index.js:326:13)
      at ../m22-part3-route-writer/node_modules/express/lib/router/index.js:286:9
      at router.process_params (../m22-part3-route-writer/node_modules/express/lib/router/index.js:346:12)
      at next (../m22-part3-route-writer/node_modules/express/lib/router/index.js:280:10)
      at Layer.handle_error (../m22-part3-route-writer/node_modules/express/lib/router/layer.js:67:12)
      at trim_prefix (../m22-part3-route-writer/node_modules/express/lib/router/index.js:326:13)
      at ../m22-part3-route-writer/node_modules/express/lib/router/index.js:286:9
      at router.process_params (../m22-part3-route-writer/node_modules/express/lib/router/index.js:346:12)
      at next (../m22-part3-route-writer/node_modules/express/lib/router/index.js:280:10)
      at Layer.handle_error (../m22-part3-route-writer/node_modules/express/lib/router/layer.js:67:12)
      at trim_prefix (../m22-part3-route-writer/node_modules/express/lib/router/index.js:326:13)
      at ../m22-part3-route-writer/node_modules/express/lib/router/index.js:286:9
      at router.process_params (../m22-part3-route-writer/node_modules/express/lib/router/index.js:346:12)
      at next (../m22-part3-route-writer/node_modules/express/lib/router/index.js:280:10)
      at Layer.handle_error (../m22-part3-route-writer/node_modules/express/lib/router/layer.js:67:12)
      at trim_prefix (../m22-part3-route-writer/node_modules/express/lib/router/index.js:326:13)
      at ../m22-part3-route-writer/node_modules/express/lib/router/index.js:286:9
      at router.process_params (../m22-part3-route-writer/node_modules/express/lib/router/index.js:346:12)
      at next (../m22-part3-route-writer/node_modules/express/lib/router/index.js:280:10)
      at next (src/scheduling/recommendationHttpBoundary.js:255:16)
      at ../m22-part3-route-writer/node_modules/body-parser/lib/read.js:137:5
      at invokeCallback (../m22-part3-route-writer/node_modules/raw-body/index.js:238:16)
      at done (../m22-part3-route-writer/node_modules/raw-body/index.js:227:7)
      at IncomingMessage.onEnd (../m22-part3-route-writer/node_modules/raw-body/index.js:287:7)

  console.error
    {
      component: 'http',
      event: 'request_failed',
      requestId: '9c374f2e-3578-4d2d-9690-5b78fba0ab7d',
      methodClass: 'POST',
      statusCode: 400
    }

      176 |     ...safeFields(fields),
      177 |   };
    > 178 |   console[level](record);
          |                 ^
      179 |   return record;
      180 | }
      181 |

      at write (src/observability/safeLogger.js:178:17)
      at Object.write (src/observability/safeLogger.js:191:10)
      at error (src/middleware/errorHandler.js:22:14)
      at Layer.handle_error (../m22-part3-route-writer/node_modules/express/lib/router/layer.js:71:5)
      at trim_prefix (../m22-part3-route-writer/node_modules/express/lib/router/index.js:326:13)
      at ../m22-part3-route-writer/node_modules/express/lib/router/index.js:286:9
      at router.process_params (../m22-part3-route-writer/node_modules/express/lib/router/index.js:346:12)
      at next (../m22-part3-route-writer/node_modules/express/lib/router/index.js:280:10)
      at Layer.handle_error (../m22-part3-route-writer/node_modules/express/lib/router/layer.js:67:12)
      at trim_prefix (../m22-part3-route-writer/node_modules/express/lib/router/index.js:326:13)
      at ../m22-part3-route-writer/node_modules/express/lib/router/index.js:286:9
      at router.process_params (../m22-part3-route-writer/node_modules/express/lib/router/index.js:346:12)
      at next (../m22-part3-route-writer/node_modules/express/lib/router/index.js:280:10)
      at Layer.handle_error (../m22-part3-route-writer/node_modules/express/lib/router/layer.js:67:12)
      at trim_prefix (../m22-part3-route-writer/node_modules/express/lib/router/index.js:326:13)
      at ../m22-part3-route-writer/node_modules/express/lib/router/index.js:286:9
      at router.process_params (../m22-part3-route-writer/node_modules/express/lib/router/index.js:346:12)
      at next (../m22-part3-route-writer/node_modules/express/lib/router/index.js:280:10)
      at Layer.handle_error (../m22-part3-route-writer/node_modules/express/lib/router/layer.js:67:12)
      at trim_prefix (../m22-part3-route-writer/node_modules/express/lib/router/index.js:326:13)
      at ../m22-part3-route-writer/node_modules/express/lib/router/index.js:286:9
      at router.process_params (../m22-part3-route-writer/node_modules/express/lib/router/index.js:346:12)
      at next (../m22-part3-route-writer/node_modules/express/lib/router/index.js:280:10)
      at Layer.handle_error (../m22-part3-route-writer/node_modules/express/lib/router/layer.js:67:12)
      at trim_prefix (../m22-part3-route-writer/node_modules/express/lib/router/index.js:326:13)
      at ../m22-part3-route-writer/node_modules/express/lib/router/index.js:286:9
      at router.process_params (../m22-part3-route-writer/node_modules/express/lib/router/index.js:346:12)
      at next (../m22-part3-route-writer/node_modules/express/lib/router/index.js:280:10)
      at Layer.handle_error (../m22-part3-route-writer/node_modules/express/lib/router/layer.js:67:12)
      at trim_prefix (../m22-part3-route-writer/node_modules/express/lib/router/index.js:326:13)
      at ../m22-part3-route-writer/node_modules/express/lib/router/index.js:286:9
      at router.process_params (../m22-part3-route-writer/node_modules/express/lib/router/index.js:346:12)
      at next (../m22-part3-route-writer/node_modules/express/lib/router/index.js:280:10)
      at Layer.handle_error (../m22-part3-route-writer/node_modules/express/lib/router/layer.js:67:12)
      at trim_prefix (../m22-part3-route-writer/node_modules/express/lib/router/index.js:326:13)
      at ../m22-part3-route-writer/node_modules/express/lib/router/index.js:286:9
      at router.process_params (../m22-part3-route-writer/node_modules/express/lib/router/index.js:346:12)
      at next (../m22-part3-route-writer/node_modules/express/lib/router/index.js:280:10)
      at Layer.handle_error (../m22-part3-route-writer/node_modules/express/lib/router/layer.js:67:12)
      at trim_prefix (../m22-part3-route-writer/node_modules/express/lib/router/index.js:326:13)
      at ../m22-part3-route-writer/node_modules/express/lib/router/index.js:286:9
      at router.process_params (../m22-part3-route-writer/node_modules/express/lib/router/index.js:346:12)
      at next (../m22-part3-route-writer/node_modules/express/lib/router/index.js:280:10)
      at Layer.handle_error (../m22-part3-route-writer/node_modules/express/lib/router/layer.js:67:12)
      at trim_prefix (../m22-part3-route-writer/node_modules/express/lib/router/index.js:326:13)
      at ../m22-part3-route-writer/node_modules/express/lib/router/index.js:286:9
      at router.process_params (../m22-part3-route-writer/node_modules/express/lib/router/index.js:346:12)
      at next (../m22-part3-route-writer/node_modules/express/lib/router/index.js:280:10)
      at Layer.handle_error (../m22-part3-route-writer/node_modules/express/lib/router/layer.js:67:12)
      at trim_prefix (../m22-part3-route-writer/node_modules/express/lib/router/index.js:326:13)
      at ../m22-part3-route-writer/node_modules/express/lib/router/index.js:286:9
      at router.process_params (../m22-part3-route-writer/node_modules/express/lib/router/index.js:346:12)
      at next (../m22-part3-route-writer/node_modules/express/lib/router/index.js:280:10)
      at Layer.handle_error (../m22-part3-route-writer/node_modules/express/lib/router/layer.js:67:12)
      at trim_prefix (../m22-part3-route-writer/node_modules/express/lib/router/index.js:326:13)
      at ../m22-part3-route-writer/node_modules/express/lib/router/index.js:286:9
      at router.process_params (../m22-part3-route-writer/node_modules/express/lib/router/index.js:346:12)
      at next (../m22-part3-route-writer/node_modules/express/lib/router/index.js:280:10)
      at Layer.handle_error (../m22-part3-route-writer/node_modules/express/lib/router/layer.js:67:12)
      at trim_prefix (../m22-part3-route-writer/node_modules/express/lib/router/index.js:326:13)
      at ../m22-part3-route-writer/node_modules/express/lib/router/index.js:286:9
      at router.process_params (../m22-part3-route-writer/node_modules/express/lib/router/index.js:346:12)
      at next (../m22-part3-route-writer/node_modules/express/lib/router/index.js:280:10)
      at Layer.handle_error (../m22-part3-route-writer/node_modules/express/lib/router/layer.js:67:12)
      at trim_prefix (../m22-part3-route-writer/node_modules/express/lib/router/index.js:326:13)
      at ../m22-part3-route-writer/node_modules/express/lib/router/index.js:286:9
      at router.process_params (../m22-part3-route-writer/node_modules/express/lib/router/index.js:346:12)
      at next (../m22-part3-route-writer/node_modules/express/lib/router/index.js:280:10)
      at Layer.handle_error (../m22-part3-route-writer/node_modules/express/lib/router/layer.js:67:12)
      at trim_prefix (../m22-part3-route-writer/node_modules/express/lib/router/index.js:326:13)
      at ../m22-part3-route-writer/node_modules/express/lib/router/index.js:286:9
      at router.process_params (../m22-part3-route-writer/node_modules/express/lib/router/index.js:346:12)
      at next (../m22-part3-route-writer/node_modules/express/lib/router/index.js:280:10)
      at next (src/scheduling/recommendationHttpBoundary.js:255:16)
      at ../m22-part3-route-writer/node_modules/body-parser/lib/read.js:137:5
      at invokeCallback (../m22-part3-route-writer/node_modules/raw-body/index.js:238:16)
      at done (../m22-part3-route-writer/node_modules/raw-body/index.js:227:7)
      at IncomingMessage.onEnd (../m22-part3-route-writer/node_modules/raw-body/index.js:287:7)

  console.error
    {
      component: 'http',
      event: 'request_failed',
      requestId: 'd6480ca5-78fe-448e-9e18-d6696240762b',
      methodClass: 'POST',
      statusCode: 400
    }

      176 |     ...safeFields(fields),
      177 |   };
    > 178 |   console[level](record);
          |                 ^
      179 |   return record;
      180 | }
      181 |

      at write (src/observability/safeLogger.js:178:17)
      at Object.write (src/observability/safeLogger.js:191:10)
      at error (src/middleware/errorHandler.js:22:14)
      at Layer.handle_error (../m22-part3-route-writer/node_modules/express/lib/router/layer.js:71:5)
      at trim_prefix (../m22-part3-route-writer/node_modules/express/lib/router/index.js:326:13)
      at ../m22-part3-route-writer/node_modules/express/lib/router/index.js:286:9
      at router.process_params (../m22-part3-route-writer/node_modules/express/lib/router/index.js:346:12)
      at next (../m22-part3-route-writer/node_modules/express/lib/router/index.js:280:10)
      at Layer.handle_error (../m22-part3-route-writer/node_modules/express/lib/router/layer.js:67:12)
      at trim_prefix (../m22-part3-route-writer/node_modules/express/lib/router/index.js:326:13)
      at ../m22-part3-route-writer/node_modules/express/lib/router/index.js:286:9
      at router.process_params (../m22-part3-route-writer/node_modules/express/lib/router/index.js:346:12)
      at next (../m22-part3-route-writer/node_modules/express/lib/router/index.js:280:10)
      at Layer.handle_error (../m22-part3-route-writer/node_modules/express/lib/router/layer.js:67:12)
      at trim_prefix (../m22-part3-route-writer/node_modules/express/lib/router/index.js:326:13)
      at ../m22-part3-route-writer/node_modules/express/lib/router/index.js:286:9
      at router.process_params (../m22-part3-route-writer/node_modules/express/lib/router/index.js:346:12)
      at next (../m22-part3-route-writer/node_modules/express/lib/router/index.js:280:10)
      at Layer.handle_error (../m22-part3-route-writer/node_modules/express/lib/router/layer.js:67:12)
      at trim_prefix (../m22-part3-route-writer/node_modules/express/lib/router/index.js:326:13)
      at ../m22-part3-route-writer/node_modules/express/lib/router/index.js:286:9
      at router.process_params (../m22-part3-route-writer/node_modules/express/lib/router/index.js:346:12)
      at next (../m22-part3-route-writer/node_modules/express/lib/router/index.js:280:10)
      at Layer.handle_error (../m22-part3-route-writer/node_modules/express/lib/router/layer.js:67:12)
      at trim_prefix (../m22-part3-route-writer/node_modules/express/lib/router/index.js:326:13)
      at ../m22-part3-route-writer/node_modules/express/lib/router/index.js:286:9
      at router.process_params (../m22-part3-route-writer/node_modules/express/lib/router/index.js:346:12)
      at next (../m22-part3-route-writer/node_modules/express/lib/router/index.js:280:10)
      at Layer.handle_error (../m22-part3-route-writer/node_modules/express/lib/router/layer.js:67:12)
      at trim_prefix (../m22-part3-route-writer/node_modules/express/lib/router/index.js:326:13)
      at ../m22-part3-route-writer/node_modules/express/lib/router/index.js:286:9
      at router.process_params (../m22-part3-route-writer/node_modules/express/lib/router/index.js:346:12)
      at next (../m22-part3-route-writer/node_modules/express/lib/router/index.js:280:10)
      at Layer.handle_error (../m22-part3-route-writer/node_modules/express/lib/router/layer.js:67:12)
      at trim_prefix (../m22-part3-route-writer/node_modules/express/lib/router/index.js:326:13)
      at ../m22-part3-route-writer/node_modules/express/lib/router/index.js:286:9
      at router.process_params (../m22-part3-route-writer/node_modules/express/lib/router/index.js:346:12)
      at next (../m22-part3-route-writer/node_modules/express/lib/router/index.js:280:10)
      at Layer.handle_error (../m22-part3-route-writer/node_modules/express/lib/router/layer.js:67:12)
      at trim_prefix (../m22-part3-route-writer/node_modules/express/lib/router/index.js:326:13)
      at ../m22-part3-route-writer/node_modules/express/lib/router/index.js:286:9
      at router.process_params (../m22-part3-route-writer/node_modules/express/lib/router/index.js:346:12)
      at next (../m22-part3-route-writer/node_modules/express/lib/router/index.js:280:10)
      at Layer.handle_error (../m22-part3-route-writer/node_modules/express/lib/router/layer.js:67:12)
      at trim_prefix (../m22-part3-route-writer/node_modules/express/lib/router/index.js:326:13)
      at ../m22-part3-route-writer/node_modules/express/lib/router/index.js:286:9
      at router.process_params (../m22-part3-route-writer/node_modules/express/lib/router/index.js:346:12)
      at next (../m22-part3-route-writer/node_modules/express/lib/router/index.js:280:10)
      at Layer.handle_error (../m22-part3-route-writer/node_modules/express/lib/router/layer.js:67:12)
      at trim_prefix (../m22-part3-route-writer/node_modules/express/lib/router/index.js:326:13)
      at ../m22-part3-route-writer/node_modules/express/lib/router/index.js:286:9
      at router.process_params (../m22-part3-route-writer/node_modules/express/lib/router/index.js:346:12)
      at next (../m22-part3-route-writer/node_modules/express/lib/router/index.js:280:10)
      at Layer.handle_error (../m22-part3-route-writer/node_modules/express/lib/router/layer.js:67:12)
      at trim_prefix (../m22-part3-route-writer/node_modules/express/lib/router/index.js:326:13)
      at ../m22-part3-route-writer/node_modules/express/lib/router/index.js:286:9
      at router.process_params (../m22-part3-route-writer/node_modules/express/lib/router/index.js:346:12)
      at next (../m22-part3-route-writer/node_modules/express/lib/router/index.js:280:10)
      at Layer.handle_error (../m22-part3-route-writer/node_modules/express/lib/router/layer.js:67:12)
      at trim_prefix (../m22-part3-route-writer/node_modules/express/lib/router/index.js:326:13)
      at ../m22-part3-route-writer/node_modules/express/lib/router/index.js:286:9
      at router.process_params (../m22-part3-route-writer/node_modules/express/lib/router/index.js:346:12)
      at next (../m22-part3-route-writer/node_modules/express/lib/router/index.js:280:10)
      at Layer.handle_error (../m22-part3-route-writer/node_modules/express/lib/router/layer.js:67:12)
      at trim_prefix (../m22-part3-route-writer/node_modules/express/lib/router/index.js:326:13)
      at ../m22-part3-route-writer/node_modules/express/lib/router/index.js:286:9
      at router.process_params (../m22-part3-route-writer/node_modules/express/lib/router/index.js:346:12)
      at next (../m22-part3-route-writer/node_modules/express/lib/router/index.js:280:10)
      at Layer.handle_error (../m22-part3-route-writer/node_modules/express/lib/router/layer.js:67:12)
      at trim_prefix (../m22-part3-route-writer/node_modules/express/lib/router/index.js:326:13)
      at ../m22-part3-route-writer/node_modules/express/lib/router/index.js:286:9
      at router.process_params (../m22-part3-route-writer/node_modules/express/lib/router/index.js:346:12)
      at next (../m22-part3-route-writer/node_modules/express/lib/router/index.js:280:10)
      at next (src/scheduling/recommendationHttpBoundary.js:255:16)
      at ../m22-part3-route-writer/node_modules/body-parser/lib/read.js:137:5
      at invokeCallback (../m22-part3-route-writer/node_modules/raw-body/index.js:238:16)
      at done (../m22-part3-route-writer/node_modules/raw-body/index.js:227:7)
      at IncomingMessage.onEnd (../m22-part3-route-writer/node_modules/raw-body/index.js:287:7)

  console.error
    {
      component: 'http',
      event: 'request_failed',
      requestId: 'a4afed41-3014-4783-a967-32f0dea01e73',
      methodClass: 'POST',
      statusCode: 400
    }

      176 |     ...safeFields(fields),
      177 |   };
    > 178 |   console[level](record);
          |                 ^
      179 |   return record;
      180 | }
      181 |

      at write (src/observability/safeLogger.js:178:17)
      at Object.write (src/observability/safeLogger.js:191:10)
      at error (src/middleware/errorHandler.js:22:14)
      at Layer.handle_error (../m22-part3-route-writer/node_modules/express/lib/router/layer.js:71:5)
      at trim_prefix (../m22-part3-route-writer/node_modules/express/lib/router/index.js:326:13)
      at ../m22-part3-route-writer/node_modules/express/lib/router/index.js:286:9
      at router.process_params (../m22-part3-route-writer/node_modules/express/lib/router/index.js:346:12)
      at next (../m22-part3-route-writer/node_modules/express/lib/router/index.js:280:10)
      at Layer.handle_error (../m22-part3-route-writer/node_modules/express/lib/router/layer.js:67:12)
      at trim_prefix (../m22-part3-route-writer/node_modules/express/lib/router/index.js:326:13)
      at ../m22-part3-route-writer/node_modules/express/lib/router/index.js:286:9
      at router.process_params (../m22-part3-route-writer/node_modules/express/lib/router/index.js:346:12)
      at next (../m22-part3-route-writer/node_modules/express/lib/router/index.js:280:10)
      at Layer.handle_error (../m22-part3-route-writer/node_modules/express/lib/router/layer.js:67:12)
      at trim_prefix (../m22-part3-route-writer/node_modules/express/lib/router/index.js:326:13)
      at ../m22-part3-route-writer/node_modules/express/lib/router/index.js:286:9
      at router.process_params (../m22-part3-route-writer/node_modules/express/lib/router/index.js:346:12)
      at next (../m22-part3-route-writer/node_modules/express/lib/router/index.js:280:10)
      at Layer.handle_error (../m22-part3-route-writer/node_modules/express/lib/router/layer.js:67:12)
      at trim_prefix (../m22-part3-route-writer/node_modules/express/lib/router/index.js:326:13)
      at ../m22-part3-route-writer/node_modules/express/lib/router/index.js:286:9
      at router.process_params (../m22-part3-route-writer/node_modules/express/lib/router/index.js:346:12)
      at next (../m22-part3-route-writer/node_modules/express/lib/router/index.js:280:10)
      at Layer.handle_error (../m22-part3-route-writer/node_modules/express/lib/router/layer.js:67:12)
      at trim_prefix (../m22-part3-route-writer/node_modules/express/lib/router/index.js:326:13)
      at ../m22-part3-route-writer/node_modules/express/lib/router/index.js:286:9
      at router.process_params (../m22-part3-route-writer/node_modules/express/lib/router/index.js:346:12)
      at next (../m22-part3-route-writer/node_modules/express/lib/router/index.js:280:10)
      at Layer.handle_error (../m22-part3-route-writer/node_modules/express/lib/router/layer.js:67:12)
      at trim_prefix (../m22-part3-route-writer/node_modules/express/lib/router/index.js:326:13)
      at ../m22-part3-route-writer/node_modules/express/lib/router/index.js:286:9
      at router.process_params (../m22-part3-route-writer/node_modules/express/lib/router/index.js:346:12)
      at next (../m22-part3-route-writer/node_modules/express/lib/router/index.js:280:10)
      at Layer.handle_error (../m22-part3-route-writer/node_modules/express/lib/router/layer.js:67:12)
      at trim_prefix (../m22-part3-route-writer/node_modules/express/lib/router/index.js:326:13)
      at ../m22-part3-route-writer/node_modules/express/lib/router/index.js:286:9
      at router.process_params (../m22-part3-route-writer/node_modules/express/lib/router/index.js:346:12)
      at next (../m22-part3-route-writer/node_modules/express/lib/router/index.js:280:10)
      at Layer.handle_error (../m22-part3-route-writer/node_modules/express/lib/router/layer.js:67:12)
      at trim_prefix (../m22-part3-route-writer/node_modules/express/lib/router/index.js:326:13)
      at ../m22-part3-route-writer/node_modules/express/lib/router/index.js:286:9
      at router.process_params (../m22-part3-route-writer/node_modules/express/lib/router/index.js:346:12)
      at next (../m22-part3-route-writer/node_modules/express/lib/router/index.js:280:10)
      at Layer.handle_error (../m22-part3-route-writer/node_modules/express/lib/router/layer.js:67:12)
      at trim_prefix (../m22-part3-route-writer/node_modules/express/lib/router/index.js:326:13)
      at ../m22-part3-route-writer/node_modules/express/lib/router/index.js:286:9
      at router.process_params (../m22-part3-route-writer/node_modules/express/lib/router/index.js:346:12)
      at next (../m22-part3-route-writer/node_modules/express/lib/router/index.js:280:10)
      at Layer.handle_error (../m22-part3-route-writer/node_modules/express/lib/router/layer.js:67:12)
      at trim_prefix (../m22-part3-route-writer/node_modules/express/lib/router/index.js:326:13)
      at ../m22-part3-route-writer/node_modules/express/lib/router/index.js:286:9
      at router.process_params (../m22-part3-route-writer/node_modules/express/lib/router/index.js:346:12)
      at next (../m22-part3-route-writer/node_modules/express/lib/router/index.js:280:10)
      at Layer.handle_error (../m22-part3-route-writer/node_modules/express/lib/router/layer.js:67:12)
      at trim_prefix (../m22-part3-route-writer/node_modules/express/lib/router/index.js:326:13)
      at ../m22-part3-route-writer/node_modules/express/lib/router/index.js:286:9
      at router.process_params (../m22-part3-route-writer/node_modules/express/lib/router/index.js:346:12)
      at next (../m22-part3-route-writer/node_modules/express/lib/router/index.js:280:10)
      at Layer.handle_error (../m22-part3-route-writer/node_modules/express/lib/router/layer.js:67:12)
      at trim_prefix (../m22-part3-route-writer/node_modules/express/lib/router/index.js:326:13)
      at ../m22-part3-route-writer/node_modules/express/lib/router/index.js:286:9
      at router.process_params (../m22-part3-route-writer/node_modules/express/lib/router/index.js:346:12)
      at next (../m22-part3-route-writer/node_modules/express/lib/router/index.js:280:10)
      at Layer.handle_error (../m22-part3-route-writer/node_modules/express/lib/router/layer.js:67:12)
      at trim_prefix (../m22-part3-route-writer/node_modules/express/lib/router/index.js:326:13)
      at ../m22-part3-route-writer/node_modules/express/lib/router/index.js:286:9
      at router.process_params (../m22-part3-route-writer/node_modules/express/lib/router/index.js:346:12)
      at next (../m22-part3-route-writer/node_modules/express/lib/router/index.js:280:10)
      at Layer.handle_error (../m22-part3-route-writer/node_modules/express/lib/router/layer.js:67:12)
      at trim_prefix (../m22-part3-route-writer/node_modules/express/lib/router/index.js:326:13)
      at ../m22-part3-route-writer/node_modules/express/lib/router/index.js:286:9
      at router.process_params (../m22-part3-route-writer/node_modules/express/lib/router/index.js:346:12)
      at next (../m22-part3-route-writer/node_modules/express/lib/router/index.js:280:10)
      at next (src/scheduling/recommendationHttpBoundary.js:255:16)
      at ../m22-part3-route-writer/node_modules/body-parser/lib/read.js:137:5
      at invokeCallback (../m22-part3-route-writer/node_modules/raw-body/index.js:238:16)
      at done (../m22-part3-route-writer/node_modules/raw-body/index.js:227:7)
      at IncomingMessage.onEnd (../m22-part3-route-writer/node_modules/raw-body/index.js:287:7)

  console.error
    {
      component: 'http',
      event: 'request_failed',
      requestId: '9bf3e942-3f3a-40a4-9974-53263adfa769',
      methodClass: 'POST',
      statusCode: 400
    }

      176 |     ...safeFields(fields),
      177 |   };
    > 178 |   console[level](record);
          |                 ^
      179 |   return record;
      180 | }
      181 |

      at write (src/observability/safeLogger.js:178:17)
      at Object.write (src/observability/safeLogger.js:191:10)
      at error (src/middleware/errorHandler.js:22:14)
      at Layer.handle_error (../m22-part3-route-writer/node_modules/express/lib/router/layer.js:71:5)
      at trim_prefix (../m22-part3-route-writer/node_modules/express/lib/router/index.js:326:13)
      at ../m22-part3-route-writer/node_modules/express/lib/router/index.js:286:9
      at router.process_params (../m22-part3-route-writer/node_modules/express/lib/router/index.js:346:12)
      at next (../m22-part3-route-writer/node_modules/express/lib/router/index.js:280:10)
      at Layer.handle_error (../m22-part3-route-writer/node_modules/express/lib/router/layer.js:67:12)
      at trim_prefix (../m22-part3-route-writer/node_modules/express/lib/router/index.js:326:13)
      at ../m22-part3-route-writer/node_modules/express/lib/router/index.js:286:9
      at router.process_params (../m22-part3-route-writer/node_modules/express/lib/router/index.js:346:12)
      at next (../m22-part3-route-writer/node_modules/express/lib/router/index.js:280:10)
      at Layer.handle_error (../m22-part3-route-writer/node_modules/express/lib/router/layer.js:67:12)
      at trim_prefix (../m22-part3-route-writer/node_modules/express/lib/router/index.js:326:13)
      at ../m22-part3-route-writer/node_modules/express/lib/router/index.js:286:9
      at router.process_params (../m22-part3-route-writer/node_modules/express/lib/router/index.js:346:12)
      at next (../m22-part3-route-writer/node_modules/express/lib/router/index.js:280:10)
      at Layer.handle_error (../m22-part3-route-writer/node_modules/express/lib/router/layer.js:67:12)
      at trim_prefix (../m22-part3-route-writer/node_modules/express/lib/router/index.js:326:13)
      at ../m22-part3-route-writer/node_modules/express/lib/router/index.js:286:9
      at router.process_params (../m22-part3-route-writer/node_modules/express/lib/router/index.js:346:12)
      at next (../m22-part3-route-writer/node_modules/express/lib/router/index.js:280:10)
      at Layer.handle_error (../m22-part3-route-writer/node_modules/express/lib/router/layer.js:67:12)
      at trim_prefix (../m22-part3-route-writer/node_modules/express/lib/router/index.js:326:13)
      at ../m22-part3-route-writer/node_modules/express/lib/router/index.js:286:9
      at router.process_params (../m22-part3-route-writer/node_modules/express/lib/router/index.js:346:12)
      at next (../m22-part3-route-writer/node_modules/express/lib/router/index.js:280:10)
      at Layer.handle_error (../m22-part3-route-writer/node_modules/express/lib/router/layer.js:67:12)
      at trim_prefix (../m22-part3-route-writer/node_modules/express/lib/router/index.js:326:13)
      at ../m22-part3-route-writer/node_modules/express/lib/router/index.js:286:9
      at router.process_params (../m22-part3-route-writer/node_modules/express/lib/router/index.js:346:12)
      at next (../m22-part3-route-writer/node_modules/express/lib/router/index.js:280:10)
      at Layer.handle_error (../m22-part3-route-writer/node_modules/express/lib/router/layer.js:67:12)
      at trim_prefix (../m22-part3-route-writer/node_modules/express/lib/router/index.js:326:13)
      at ../m22-part3-route-writer/node_modules/express/lib/router/index.js:286:9
      at router.process_params (../m22-part3-route-writer/node_modules/express/lib/router/index.js:346:12)
      at next (../m22-part3-route-writer/node_modules/express/lib/router/index.js:280:10)
      at Layer.handle_error (../m22-part3-route-writer/node_modules/express/lib/router/layer.js:67:12)
      at trim_prefix (../m22-part3-route-writer/node_modules/express/lib/router/index.js:326:13)
      at ../m22-part3-route-writer/node_modules/express/lib/router/index.js:286:9
      at router.process_params (../m22-part3-route-writer/node_modules/express/lib/router/index.js:346:12)
      at next (../m22-part3-route-writer/node_modules/express/lib/router/index.js:280:10)
      at Layer.handle_error (../m22-part3-route-writer/node_modules/express/lib/router/layer.js:67:12)
      at trim_prefix (../m22-part3-route-writer/node_modules/express/lib/router/index.js:326:13)
      at ../m22-part3-route-writer/node_modules/express/lib/router/index.js:286:9
      at router.process_params (../m22-part3-route-writer/node_modules/express/lib/router/index.js:346:12)
      at next (../m22-part3-route-writer/node_modules/express/lib/router/index.js:280:10)
      at Layer.handle_error (../m22-part3-route-writer/node_modules/express/lib/router/layer.js:67:12)
      at trim_prefix (../m22-part3-route-writer/node_modules/express/lib/router/index.js:326:13)
      at ../m22-part3-route-writer/node_modules/express/lib/router/index.js:286:9
      at router.process_params (../m22-part3-route-writer/node_modules/express/lib/router/index.js:346:12)
      at next (../m22-part3-route-writer/node_modules/express/lib/router/index.js:280:10)
      at Layer.handle_error (../m22-part3-route-writer/node_modules/express/lib/router/layer.js:67:12)
      at trim_prefix (../m22-part3-route-writer/node_modules/express/lib/router/index.js:326:13)
      at ../m22-part3-route-writer/node_modules/express/lib/router/index.js:286:9
      at router.process_params (../m22-part3-route-writer/node_modules/express/lib/router/index.js:346:12)
      at next (../m22-part3-route-writer/node_modules/express/lib/router/index.js:280:10)
      at Layer.handle_error (../m22-part3-route-writer/node_modules/express/lib/router/layer.js:67:12)
      at trim_prefix (../m22-part3-route-writer/node_modules/express/lib/router/index.js:326:13)
      at ../m22-part3-route-writer/node_modules/express/lib/router/index.js:286:9
      at router.process_params (../m22-part3-route-writer/node_modules/express/lib/router/index.js:346:12)
      at next (../m22-part3-route-writer/node_modules/express/lib/router/index.js:280:10)
      at Layer.handle_error (../m22-part3-route-writer/node_modules/express/lib/router/layer.js:67:12)
      at trim_prefix (../m22-part3-route-writer/node_modules/express/lib/router/index.js:326:13)
      at ../m22-part3-route-writer/node_modules/express/lib/router/index.js:286:9
      at router.process_params (../m22-part3-route-writer/node_modules/express/lib/router/index.js:346:12)
      at next (../m22-part3-route-writer/node_modules/express/lib/router/index.js:280:10)
      at Layer.handle_error (../m22-part3-route-writer/node_modules/express/lib/router/layer.js:67:12)
      at trim_prefix (../m22-part3-route-writer/node_modules/express/lib/router/index.js:326:13)
      at ../m22-part3-route-writer/node_modules/express/lib/router/index.js:286:9
      at router.process_params (../m22-part3-route-writer/node_modules/express/lib/router/index.js:346:12)
      at next (../m22-part3-route-writer/node_modules/express/lib/router/index.js:280:10)
      at next (src/scheduling/recommendationHttpBoundary.js:255:16)
      at ../m22-part3-route-writer/node_modules/body-parser/lib/read.js:137:5
      at invokeCallback (../m22-part3-route-writer/node_modules/raw-body/index.js:238:16)
      at done (../m22-part3-route-writer/node_modules/raw-body/index.js:227:7)
      at IncomingMessage.onEnd (../m22-part3-route-writer/node_modules/raw-body/index.js:287:7)

  console.error
    {
      component: 'http',
      event: 'request_failed',
      requestId: 'e0ca86bc-4500-4cd2-97ab-d6cb19a12b50',
      methodClass: 'POST',
      statusCode: 415
    }

      176 |     ...safeFields(fields),
      177 |   };
    > 178 |   console[level](record);
          |                 ^
      179 |   return record;
      180 | }
      181 |

      at write (src/observability/safeLogger.js:178:17)
      at Object.write (src/observability/safeLogger.js:191:10)
      at error (src/middleware/errorHandler.js:22:14)
      at Layer.handle_error (../m22-part3-route-writer/node_modules/express/lib/router/layer.js:71:5)
      at trim_prefix (../m22-part3-route-writer/node_modules/express/lib/router/index.js:326:13)
      at ../m22-part3-route-writer/node_modules/express/lib/router/index.js:286:9
      at router.process_params (../m22-part3-route-writer/node_modules/express/lib/router/index.js:346:12)
      at next (../m22-part3-route-writer/node_modules/express/lib/router/index.js:280:10)
      at Layer.handle_error (../m22-part3-route-writer/node_modules/express/lib/router/layer.js:67:12)
      at trim_prefix (../m22-part3-route-writer/node_modules/express/lib/router/index.js:326:13)
      at ../m22-part3-route-writer/node_modules/express/lib/router/index.js:286:9
      at router.process_params (../m22-part3-route-writer/node_modules/express/lib/router/index.js:346:12)
      at next (../m22-part3-route-writer/node_modules/express/lib/router/index.js:280:10)
      at Layer.handle_error (../m22-part3-route-writer/node_modules/express/lib/router/layer.js:67:12)
      at trim_prefix (../m22-part3-route-writer/node_modules/express/lib/router/index.js:326:13)
      at ../m22-part3-route-writer/node_modules/express/lib/router/index.js:286:9
      at router.process_params (../m22-part3-route-writer/node_modules/express/lib/router/index.js:346:12)
      at next (../m22-part3-route-writer/node_modules/express/lib/router/index.js:280:10)
      at Layer.handle_error (../m22-part3-route-writer/node_modules/express/lib/router/layer.js:67:12)
      at trim_prefix (../m22-part3-route-writer/node_modules/express/lib/router/index.js:326:13)
      at ../m22-part3-route-writer/node_modules/express/lib/router/index.js:286:9
      at router.process_params (../m22-part3-route-writer/node_modules/express/lib/router/index.js:346:12)
      at next (../m22-part3-route-writer/node_modules/express/lib/router/index.js:280:10)
      at Layer.handle_error (../m22-part3-route-writer/node_modules/express/lib/router/layer.js:67:12)
      at trim_prefix (../m22-part3-route-writer/node_modules/express/lib/router/index.js:326:13)
      at ../m22-part3-route-writer/node_modules/express/lib/router/index.js:286:9
      at router.process_params (../m22-part3-route-writer/node_modules/express/lib/router/index.js:346:12)
      at next (../m22-part3-route-writer/node_modules/express/lib/router/index.js:280:10)
      at Layer.handle_error (../m22-part3-route-writer/node_modules/express/lib/router/layer.js:67:12)
      at trim_prefix (../m22-part3-route-writer/node_modules/express/lib/router/index.js:326:13)
      at ../m22-part3-route-writer/node_modules/express/lib/router/index.js:286:9
      at router.process_params (../m22-part3-route-writer/node_modules/express/lib/router/index.js:346:12)
      at next (../m22-part3-route-writer/node_modules/express/lib/router/index.js:280:10)
      at Layer.handle_error (../m22-part3-route-writer/node_modules/express/lib/router/layer.js:67:12)
      at trim_prefix (../m22-part3-route-writer/node_modules/express/lib/router/index.js:326:13)
      at ../m22-part3-route-writer/node_modules/express/lib/router/index.js:286:9
      at router.process_params (../m22-part3-route-writer/node_modules/express/lib/router/index.js:346:12)
      at next (../m22-part3-route-writer/node_modules/express/lib/router/index.js:280:10)
      at Layer.handle_error (../m22-part3-route-writer/node_modules/express/lib/router/layer.js:67:12)
      at trim_prefix (../m22-part3-route-writer/node_modules/express/lib/router/index.js:326:13)
      at ../m22-part3-route-writer/node_modules/express/lib/router/index.js:286:9
      at router.process_params (../m22-part3-route-writer/node_modules/express/lib/router/index.js:346:12)
      at next (../m22-part3-route-writer/node_modules/express/lib/router/index.js:280:10)
      at Layer.handle_error (../m22-part3-route-writer/node_modules/express/lib/router/layer.js:67:12)
      at trim_prefix (../m22-part3-route-writer/node_modules/express/lib/router/index.js:326:13)
      at ../m22-part3-route-writer/node_modules/express/lib/router/index.js:286:9
      at router.process_params (../m22-part3-route-writer/node_modules/express/lib/router/index.js:346:12)
      at next (../m22-part3-route-writer/node_modules/express/lib/router/index.js:280:10)
      at Layer.handle_error (../m22-part3-route-writer/node_modules/express/lib/router/layer.js:67:12)
      at trim_prefix (../m22-part3-route-writer/node_modules/express/lib/router/index.js:326:13)
      at ../m22-part3-route-writer/node_modules/express/lib/router/index.js:286:9
      at router.process_params (../m22-part3-route-writer/node_modules/express/lib/router/index.js:346:12)
      at next (../m22-part3-route-writer/node_modules/express/lib/router/index.js:280:10)
      at Layer.handle_error (../m22-part3-route-writer/node_modules/express/lib/router/layer.js:67:12)
      at trim_prefix (../m22-part3-route-writer/node_modules/express/lib/router/index.js:326:13)
      at ../m22-part3-route-writer/node_modules/express/lib/router/index.js:286:9
      at router.process_params (../m22-part3-route-writer/node_modules/express/lib/router/index.js:346:12)
      at next (../m22-part3-route-writer/node_modules/express/lib/router/index.js:280:10)
      at Layer.handle_error (../m22-part3-route-writer/node_modules/express/lib/router/layer.js:67:12)
      at trim_prefix (../m22-part3-route-writer/node_modules/express/lib/router/index.js:326:13)
      at ../m22-part3-route-writer/node_modules/express/lib/router/index.js:286:9
      at router.process_params (../m22-part3-route-writer/node_modules/express/lib/router/index.js:346:12)
      at next (../m22-part3-route-writer/node_modules/express/lib/router/index.js:280:10)
      at Layer.handle_error (../m22-part3-route-writer/node_modules/express/lib/router/layer.js:67:12)
      at trim_prefix (../m22-part3-route-writer/node_modules/express/lib/router/index.js:326:13)
      at ../m22-part3-route-writer/node_modules/express/lib/router/index.js:286:9
      at router.process_params (../m22-part3-route-writer/node_modules/express/lib/router/index.js:346:12)
      at next (../m22-part3-route-writer/node_modules/express/lib/router/index.js:280:10)
      at Layer.handle_error (../m22-part3-route-writer/node_modules/express/lib/router/layer.js:67:12)
      at trim_prefix (../m22-part3-route-writer/node_modules/express/lib/router/index.js:326:13)
      at ../m22-part3-route-writer/node_modules/express/lib/router/index.js:286:9
      at router.process_params (../m22-part3-route-writer/node_modules/express/lib/router/index.js:346:12)
      at next (../m22-part3-route-writer/node_modules/express/lib/router/index.js:280:10)
      at next (src/scheduling/recommendationHttpBoundary.js:233:14)
      at next (src/middleware/security.js:52:3)
      at securityHeaders (src/scheduling/recommendationHttpBoundary.js:224:10)
      at Layer.handle [as handle_request] (../m22-part3-route-writer/node_modules/express/lib/router/layer.js:95:5)
      at trim_prefix (../m22-part3-route-writer/node_modules/express/lib/router/index.js:328:13)
      at ../m22-part3-route-writer/node_modules/express/lib/router/index.js:286:9
      at router.process_params (../m22-part3-route-writer/node_modules/express/lib/router/index.js:346:12)
      at next (../m22-part3-route-writer/node_modules/express/lib/router/index.js:280:10)
      at ../m22-part3-route-writer/node_modules/express/lib/router/index.js:646:15
      at next (../m22-part3-route-writer/node_modules/express/lib/router/index.js:265:14)
      at router.handle (../m22-part3-route-writer/node_modules/express/lib/router/index.js:175:3)
      at router (../m22-part3-route-writer/node_modules/express/lib/router/index.js:47:12)
      at Layer.handle [as handle_request] (../m22-part3-route-writer/node_modules/express/lib/router/layer.js:95:5)
      at trim_prefix (../m22-part3-route-writer/node_modules/express/lib/router/index.js:328:13)
      at ../m22-part3-route-writer/node_modules/express/lib/router/index.js:286:9
      at router.process_params (../m22-part3-route-writer/node_modules/express/lib/router/index.js:346:12)
      at next (../m22-part3-route-writer/node_modules/express/lib/router/index.js:280:10)
      at next (src/middleware/auditLog.js:25:3)
      at Layer.handle [as handle_request] (../m22-part3-route-writer/node_modules/express/lib/router/layer.js:95:5)
      at trim_prefix (../m22-part3-route-writer/node_modules/express/lib/router/index.js:328:13)
      at ../m22-part3-route-writer/node_modules/express/lib/router/index.js:286:9
      at router.process_params (../m22-part3-route-writer/node_modules/express/lib/router/index.js:346:12)
      at next (../m22-part3-route-writer/node_modules/express/lib/router/index.js:280:10)
      at cors (../m22-part3-route-writer/node_modules/cors/lib/index.js:188:7)

  console.error
    {
      component: 'http',
      event: 'request_failed',
      requestId: '31e58913-0b87-49f3-a337-23854c11b5a6',
      methodClass: 'POST',
      statusCode: 415
    }

      176 |     ...safeFields(fields),
      177 |   };
    > 178 |   console[level](record);
          |                 ^
      179 |   return record;
      180 | }
      181 |

      at write (src/observability/safeLogger.js:178:17)
      at Object.write (src/observability/safeLogger.js:191:10)
      at error (src/middleware/errorHandler.js:22:14)
      at Layer.handle_error (../m22-part3-route-writer/node_modules/express/lib/router/layer.js:71:5)
      at trim_prefix (../m22-part3-route-writer/node_modules/express/lib/router/index.js:326:13)
      at ../m22-part3-route-writer/node_modules/express/lib/router/index.js:286:9
      at router.process_params (../m22-part3-route-writer/node_modules/express/lib/router/index.js:346:12)
      at next (../m22-part3-route-writer/node_modules/express/lib/router/index.js:280:10)
      at Layer.handle_error (../m22-part3-route-writer/node_modules/express/lib/router/layer.js:67:12)
      at trim_prefix (../m22-part3-route-writer/node_modules/express/lib/router/index.js:326:13)
      at ../m22-part3-route-writer/node_modules/express/lib/router/index.js:286:9
      at router.process_params (../m22-part3-route-writer/node_modules/express/lib/router/index.js:346:12)
      at next (../m22-part3-route-writer/node_modules/express/lib/router/index.js:280:10)
      at Layer.handle_error (../m22-part3-route-writer/node_modules/express/lib/router/layer.js:67:12)
      at trim_prefix (../m22-part3-route-writer/node_modules/express/lib/router/index.js:326:13)
      at ../m22-part3-route-writer/node_modules/express/lib/router/index.js:286:9
      at router.process_params (../m22-part3-route-writer/node_modules/express/lib/router/index.js:346:12)
      at next (../m22-part3-route-writer/node_modules/express/lib/router/index.js:280:10)
      at Layer.handle_error (../m22-part3-route-writer/node_modules/express/lib/router/layer.js:67:12)
      at trim_prefix (../m22-part3-route-writer/node_modules/express/lib/router/index.js:326:13)
      at ../m22-part3-route-writer/node_modules/express/lib/router/index.js:286:9
      at router.process_params (../m22-part3-route-writer/node_modules/express/lib/router/index.js:346:12)
      at next (../m22-part3-route-writer/node_modules/express/lib/router/index.js:280:10)
      at Layer.handle_error (../m22-part3-route-writer/node_modules/express/lib/router/layer.js:67:12)
      at trim_prefix (../m22-part3-route-writer/node_modules/express/lib/router/index.js:326:13)
      at ../m22-part3-route-writer/node_modules/express/lib/router/index.js:286:9
      at router.process_params (../m22-part3-route-writer/node_modules/express/lib/router/index.js:346:12)
      at next (../m22-part3-route-writer/node_modules/express/lib/router/index.js:280:10)
      at Layer.handle_error (../m22-part3-route-writer/node_modules/express/lib/router/layer.js:67:12)
      at trim_prefix (../m22-part3-route-writer/node_modules/express/lib/router/index.js:326:13)
      at ../m22-part3-route-writer/node_modules/express/lib/router/index.js:286:9
      at router.process_params (../m22-part3-route-writer/node_modules/express/lib/router/index.js:346:12)
      at next (../m22-part3-route-writer/node_modules/express/lib/router/index.js:280:10)
      at Layer.handle_error (../m22-part3-route-writer/node_modules/express/lib/router/layer.js:67:12)
      at trim_prefix (../m22-part3-route-writer/node_modules/express/lib/router/index.js:326:13)
      at ../m22-part3-route-writer/node_modules/express/lib/router/index.js:286:9
      at router.process_params (../m22-part3-route-writer/node_modules/express/lib/router/index.js:346:12)
      at next (../m22-part3-route-writer/node_modules/express/lib/router/index.js:280:10)
      at Layer.handle_error (../m22-part3-route-writer/node_modules/express/lib/router/layer.js:67:12)
      at trim_prefix (../m22-part3-route-writer/node_modules/express/lib/router/index.js:326:13)
      at ../m22-part3-route-writer/node_modules/express/lib/router/index.js:286:9
      at router.process_params (../m22-part3-route-writer/node_modules/express/lib/router/index.js:346:12)
      at next (../m22-part3-route-writer/node_modules/express/lib/router/index.js:280:10)
      at Layer.handle_error (../m22-part3-route-writer/node_modules/express/lib/router/layer.js:67:12)
      at trim_prefix (../m22-part3-route-writer/node_modules/express/lib/router/index.js:326:13)
      at ../m22-part3-route-writer/node_modules/express/lib/router/index.js:286:9
      at router.process_params (../m22-part3-route-writer/node_modules/express/lib/router/index.js:346:12)
      at next (../m22-part3-route-writer/node_modules/express/lib/router/index.js:280:10)
      at Layer.handle_error (../m22-part3-route-writer/node_modules/express/lib/router/layer.js:67:12)
      at trim_prefix (../m22-part3-route-writer/node_modules/express/lib/router/index.js:326:13)
      at ../m22-part3-route-writer/node_modules/express/lib/router/index.js:286:9
      at router.process_params (../m22-part3-route-writer/node_modules/express/lib/router/index.js:346:12)
      at next (../m22-part3-route-writer/node_modules/express/lib/router/index.js:280:10)
      at Layer.handle_error (../m22-part3-route-writer/node_modules/express/lib/router/layer.js:67:12)
      at trim_prefix (../m22-part3-route-writer/node_modules/express/lib/router/index.js:326:13)
      at ../m22-part3-route-writer/node_modules/express/lib/router/index.js:286:9
      at router.process_params (../m22-part3-route-writer/node_modules/express/lib/router/index.js:346:12)
      at next (../m22-part3-route-writer/node_modules/express/lib/router/index.js:280:10)
      at Layer.handle_error (../m22-part3-route-writer/node_modules/express/lib/router/layer.js:67:12)
      at trim_prefix (../m22-part3-route-writer/node_modules/express/lib/router/index.js:326:13)
      at ../m22-part3-route-writer/node_modules/express/lib/router/index.js:286:9
      at router.process_params (../m22-part3-route-writer/node_modules/express/lib/router/index.js:346:12)
      at next (../m22-part3-route-writer/node_modules/express/lib/router/index.js:280:10)
      at Layer.handle_error (../m22-part3-route-writer/node_modules/express/lib/router/layer.js:67:12)
      at trim_prefix (../m22-part3-route-writer/node_modules/express/lib/router/index.js:326:13)
      at ../m22-part3-route-writer/node_modules/express/lib/router/index.js:286:9
      at router.process_params (../m22-part3-route-writer/node_modules/express/lib/router/index.js:346:12)
      at next (../m22-part3-route-writer/node_modules/express/lib/router/index.js:280:10)
      at Layer.handle_error (../m22-part3-route-writer/node_modules/express/lib/router/layer.js:67:12)
      at trim_prefix (../m22-part3-route-writer/node_modules/express/lib/router/index.js:326:13)
      at ../m22-part3-route-writer/node_modules/express/lib/router/index.js:286:9
      at router.process_params (../m22-part3-route-writer/node_modules/express/lib/router/index.js:346:12)
      at next (../m22-part3-route-writer/node_modules/express/lib/router/index.js:280:10)
      at next (src/scheduling/recommendationHttpBoundary.js:233:14)
      at next (src/middleware/security.js:52:3)
      at securityHeaders (src/scheduling/recommendationHttpBoundary.js:224:10)
      at Layer.handle [as handle_request] (../m22-part3-route-writer/node_modules/express/lib/router/layer.js:95:5)
      at trim_prefix (../m22-part3-route-writer/node_modules/express/lib/router/index.js:328:13)
      at ../m22-part3-route-writer/node_modules/express/lib/router/index.js:286:9
      at router.process_params (../m22-part3-route-writer/node_modules/express/lib/router/index.js:346:12)
      at next (../m22-part3-route-writer/node_modules/express/lib/router/index.js:280:10)
      at ../m22-part3-route-writer/node_modules/express/lib/router/index.js:646:15
      at next (../m22-part3-route-writer/node_modules/express/lib/router/index.js:265:14)
      at router.handle (../m22-part3-route-writer/node_modules/express/lib/router/index.js:175:3)
      at router (../m22-part3-route-writer/node_modules/express/lib/router/index.js:47:12)
      at Layer.handle [as handle_request] (../m22-part3-route-writer/node_modules/express/lib/router/layer.js:95:5)
      at trim_prefix (../m22-part3-route-writer/node_modules/express/lib/router/index.js:328:13)
      at ../m22-part3-route-writer/node_modules/express/lib/router/index.js:286:9
      at router.process_params (../m22-part3-route-writer/node_modules/express/lib/router/index.js:346:12)
      at next (../m22-part3-route-writer/node_modules/express/lib/router/index.js:280:10)
      at next (src/middleware/auditLog.js:25:3)
      at Layer.handle [as handle_request] (../m22-part3-route-writer/node_modules/express/lib/router/layer.js:95:5)
      at trim_prefix (../m22-part3-route-writer/node_modules/express/lib/router/index.js:328:13)
      at ../m22-part3-route-writer/node_modules/express/lib/router/index.js:286:9
      at router.process_params (../m22-part3-route-writer/node_modules/express/lib/router/index.js:346:12)
      at next (../m22-part3-route-writer/node_modules/express/lib/router/index.js:280:10)
      at cors (../m22-part3-route-writer/node_modules/cors/lib/index.js:188:7)

  console.error
    {
      component: 'http',
      event: 'request_failed',
      requestId: '7916ef12-d72d-4b9d-acd6-4fb39c08a171',
      methodClass: 'POST',
      statusCode: 415
    }

      176 |     ...safeFields(fields),
      177 |   };
    > 178 |   console[level](record);
          |                 ^
      179 |   return record;
      180 | }
      181 |

      at write (src/observability/safeLogger.js:178:17)
      at Object.write (src/observability/safeLogger.js:191:10)
      at error (src/middleware/errorHandler.js:22:14)
      at Layer.handle_error (../m22-part3-route-writer/node_modules/express/lib/router/layer.js:71:5)
      at trim_prefix (../m22-part3-route-writer/node_modules/express/lib/router/index.js:326:13)
      at ../m22-part3-route-writer/node_modules/express/lib/router/index.js:286:9
      at router.process_params (../m22-part3-route-writer/node_modules/express/lib/router/index.js:346:12)
      at next (../m22-part3-route-writer/node_modules/express/lib/router/index.js:280:10)
      at Layer.handle_error (../m22-part3-route-writer/node_modules/express/lib/router/layer.js:67:12)
      at trim_prefix (../m22-part3-route-writer/node_modules/express/lib/router/index.js:326:13)
      at ../m22-part3-route-writer/node_modules/express/lib/router/index.js:286:9
      at router.process_params (../m22-part3-route-writer/node_modules/express/lib/router/index.js:346:12)
      at next (../m22-part3-route-writer/node_modules/express/lib/router/index.js:280:10)
      at Layer.handle_error (../m22-part3-route-writer/node_modules/express/lib/router/layer.js:67:12)
      at trim_prefix (../m22-part3-route-writer/node_modules/express/lib/router/index.js:326:13)
      at ../m22-part3-route-writer/node_modules/express/lib/router/index.js:286:9
      at router.process_params (../m22-part3-route-writer/node_modules/express/lib/router/index.js:346:12)
      at next (../m22-part3-route-writer/node_modules/express/lib/router/index.js:280:10)
      at Layer.handle_error (../m22-part3-route-writer/node_modules/express/lib/router/layer.js:67:12)
      at trim_prefix (../m22-part3-route-writer/node_modules/express/lib/router/index.js:326:13)
      at ../m22-part3-route-writer/node_modules/express/lib/router/index.js:286:9
      at router.process_params (../m22-part3-route-writer/node_modules/express/lib/router/index.js:346:12)
      at next (../m22-part3-route-writer/node_modules/express/lib/router/index.js:280:10)
      at Layer.handle_error (../m22-part3-route-writer/node_modules/express/lib/router/layer.js:67:12)
      at trim_prefix (../m22-part3-route-writer/node_modules/express/lib/router/index.js:326:13)
      at ../m22-part3-route-writer/node_modules/express/lib/router/index.js:286:9
      at router.process_params (../m22-part3-route-writer/node_modules/express/lib/router/index.js:346:12)
      at next (../m22-part3-route-writer/node_modules/express/lib/router/index.js:280:10)
      at Layer.handle_error (../m22-part3-route-writer/node_modules/express/lib/router/layer.js:67:12)
      at trim_prefix (../m22-part3-route-writer/node_modules/express/lib/router/index.js:326:13)
      at ../m22-part3-route-writer/node_modules/express/lib/router/index.js:286:9
      at router.process_params (../m22-part3-route-writer/node_modules/express/lib/router/index.js:346:12)
      at next (../m22-part3-route-writer/node_modules/express/lib/router/index.js:280:10)
      at Layer.handle_error (../m22-part3-route-writer/node_modules/express/lib/router/layer.js:67:12)
      at trim_prefix (../m22-part3-route-writer/node_modules/express/lib/router/index.js:326:13)
      at ../m22-part3-route-writer/node_modules/express/lib/router/index.js:286:9
      at router.process_params (../m22-part3-route-writer/node_modules/express/lib/router/index.js:346:12)
      at next (../m22-part3-route-writer/node_modules/express/lib/router/index.js:280:10)
      at Layer.handle_error (../m22-part3-route-writer/node_modules/express/lib/router/layer.js:67:12)
      at trim_prefix (../m22-part3-route-writer/node_modules/express/lib/router/index.js:326:13)
      at ../m22-part3-route-writer/node_modules/express/lib/router/index.js:286:9
      at router.process_params (../m22-part3-route-writer/node_modules/express/lib/router/index.js:346:12)
      at next (../m22-part3-route-writer/node_modules/express/lib/router/index.js:280:10)
      at Layer.handle_error (../m22-part3-route-writer/node_modules/express/lib/router/layer.js:67:12)
      at trim_prefix (../m22-part3-route-writer/node_modules/express/lib/router/index.js:326:13)
      at ../m22-part3-route-writer/node_modules/express/lib/router/index.js:286:9
      at router.process_params (../m22-part3-route-writer/node_modules/express/lib/router/index.js:346:12)
      at next (../m22-part3-route-writer/node_modules/express/lib/router/index.js:280:10)
      at Layer.handle_error (../m22-part3-route-writer/node_modules/express/lib/router/layer.js:67:12)
      at trim_prefix (../m22-part3-route-writer/node_modules/express/lib/router/index.js:326:13)
      at ../m22-part3-route-writer/node_modules/express/lib/router/index.js:286:9
      at router.process_params (../m22-part3-route-writer/node_modules/express/lib/router/index.js:346:12)
      at next (../m22-part3-route-writer/node_modules/express/lib/router/index.js:280:10)
      at Layer.handle_error (../m22-part3-route-writer/node_modules/express/lib/router/layer.js:67:12)
      at trim_prefix (../m22-part3-route-writer/node_modules/express/lib/router/index.js:326:13)
      at ../m22-part3-route-writer/node_modules/express/lib/router/index.js:286:9
      at router.process_params (../m22-part3-route-writer/node_modules/express/lib/router/index.js:346:12)
      at next (../m22-part3-route-writer/node_modules/express/lib/router/index.js:280:10)
      at Layer.handle_error (../m22-part3-route-writer/node_modules/express/lib/router/layer.js:67:12)
      at trim_prefix (../m22-part3-route-writer/node_modules/express/lib/router/index.js:326:13)
      at ../m22-part3-route-writer/node_modules/express/lib/router/index.js:286:9
      at router.process_params (../m22-part3-route-writer/node_modules/express/lib/router/index.js:346:12)
      at next (../m22-part3-route-writer/node_modules/express/lib/router/index.js:280:10)
      at Layer.handle_error (../m22-part3-route-writer/node_modules/express/lib/router/layer.js:67:12)
      at trim_prefix (../m22-part3-route-writer/node_modules/express/lib/router/index.js:326:13)
      at ../m22-part3-route-writer/node_modules/express/lib/router/index.js:286:9
      at router.process_params (../m22-part3-route-writer/node_modules/express/lib/router/index.js:346:12)
      at next (../m22-part3-route-writer/node_modules/express/lib/router/index.js:280:10)
      at Layer.handle_error (../m22-part3-route-writer/node_modules/express/lib/router/layer.js:67:12)
      at trim_prefix (../m22-part3-route-writer/node_modules/express/lib/router/index.js:326:13)
      at ../m22-part3-route-writer/node_modules/express/lib/router/index.js:286:9
      at router.process_params (../m22-part3-route-writer/node_modules/express/lib/router/index.js:346:12)
      at next (../m22-part3-route-writer/node_modules/express/lib/router/index.js:280:10)
      at next (src/scheduling/recommendationHttpBoundary.js:233:14)
      at next (src/middleware/security.js:52:3)
      at securityHeaders (src/scheduling/recommendationHttpBoundary.js:224:10)
      at Layer.handle [as handle_request] (../m22-part3-route-writer/node_modules/express/lib/router/layer.js:95:5)
      at trim_prefix (../m22-part3-route-writer/node_modules/express/lib/router/index.js:328:13)
      at ../m22-part3-route-writer/node_modules/express/lib/router/index.js:286:9
      at router.process_params (../m22-part3-route-writer/node_modules/express/lib/router/index.js:346:12)
      at next (../m22-part3-route-writer/node_modules/express/lib/router/index.js:280:10)
      at ../m22-part3-route-writer/node_modules/express/lib/router/index.js:646:15
      at next (../m22-part3-route-writer/node_modules/express/lib/router/index.js:265:14)
      at router.handle (../m22-part3-route-writer/node_modules/express/lib/router/index.js:175:3)
      at router (../m22-part3-route-writer/node_modules/express/lib/router/index.js:47:12)
      at Layer.handle [as handle_request] (../m22-part3-route-writer/node_modules/express/lib/router/layer.js:95:5)
      at trim_prefix (../m22-part3-route-writer/node_modules/express/lib/router/index.js:328:13)
      at ../m22-part3-route-writer/node_modules/express/lib/router/index.js:286:9
      at router.process_params (../m22-part3-route-writer/node_modules/express/lib/router/index.js:346:12)
      at next (../m22-part3-route-writer/node_modules/express/lib/router/index.js:280:10)
      at next (src/middleware/auditLog.js:25:3)
      at Layer.handle [as handle_request] (../m22-part3-route-writer/node_modules/express/lib/router/layer.js:95:5)
      at trim_prefix (../m22-part3-route-writer/node_modules/express/lib/router/index.js:328:13)
      at ../m22-part3-route-writer/node_modules/express/lib/router/index.js:286:9
      at router.process_params (../m22-part3-route-writer/node_modules/express/lib/router/index.js:346:12)
      at next (../m22-part3-route-writer/node_modules/express/lib/router/index.js:280:10)
      at cors (../m22-part3-route-writer/node_modules/cors/lib/index.js:188:7)

  console.error
    {
      component: 'http',
      event: 'request_failed',
      requestId: '2d887751-2643-422f-8af2-466413a0b105',
      methodClass: 'POST',
      statusCode: 415
    }

      176 |     ...safeFields(fields),
      177 |   };
    > 178 |   console[level](record);
          |                 ^
      179 |   return record;
      180 | }
      181 |

      at write (src/observability/safeLogger.js:178:17)
      at Object.write (src/observability/safeLogger.js:191:10)
      at error (src/middleware/errorHandler.js:22:14)
      at Layer.handle_error (../m22-part3-route-writer/node_modules/express/lib/router/layer.js:71:5)
      at trim_prefix (../m22-part3-route-writer/node_modules/express/lib/router/index.js:326:13)
      at ../m22-part3-route-writer/node_modules/express/lib/router/index.js:286:9
      at router.process_params (../m22-part3-route-writer/node_modules/express/lib/router/index.js:346:12)
      at next (../m22-part3-route-writer/node_modules/express/lib/router/index.js:280:10)
      at Layer.handle_error (../m22-part3-route-writer/node_modules/express/lib/router/layer.js:67:12)
      at trim_prefix (../m22-part3-route-writer/node_modules/express/lib/router/index.js:326:13)
      at ../m22-part3-route-writer/node_modules/express/lib/router/index.js:286:9
      at router.process_params (../m22-part3-route-writer/node_modules/express/lib/router/index.js:346:12)
      at next (../m22-part3-route-writer/node_modules/express/lib/router/index.js:280:10)
      at Layer.handle_error (../m22-part3-route-writer/node_modules/express/lib/router/layer.js:67:12)
      at trim_prefix (../m22-part3-route-writer/node_modules/express/lib/router/index.js:326:13)
      at ../m22-part3-route-writer/node_modules/express/lib/router/index.js:286:9
      at router.process_params (../m22-part3-route-writer/node_modules/express/lib/router/index.js:346:12)
      at next (../m22-part3-route-writer/node_modules/express/lib/router/index.js:280:10)
      at Layer.handle_error (../m22-part3-route-writer/node_modules/express/lib/router/layer.js:67:12)
      at trim_prefix (../m22-part3-route-writer/node_modules/express/lib/router/index.js:326:13)
      at ../m22-part3-route-writer/node_modules/express/lib/router/index.js:286:9
      at router.process_params (../m22-part3-route-writer/node_modules/express/lib/router/index.js:346:12)
      at next (../m22-part3-route-writer/node_modules/express/lib/router/index.js:280:10)
      at Layer.handle_error (../m22-part3-route-writer/node_modules/express/lib/router/layer.js:67:12)
      at trim_prefix (../m22-part3-route-writer/node_modules/express/lib/router/index.js:326:13)
      at ../m22-part3-route-writer/node_modules/express/lib/router/index.js:286:9
      at router.process_params (../m22-part3-route-writer/node_modules/express/lib/router/index.js:346:12)
      at next (../m22-part3-route-writer/node_modules/express/lib/router/index.js:280:10)
      at Layer.handle_error (../m22-part3-route-writer/node_modules/express/lib/router/layer.js:67:12)
      at trim_prefix (../m22-part3-route-writer/node_modules/express/lib/router/index.js:326:13)
      at ../m22-part3-route-writer/node_modules/express/lib/router/index.js:286:9
      at router.process_params (../m22-part3-route-writer/node_modules/express/lib/router/index.js:346:12)
      at next (../m22-part3-route-writer/node_modules/express/lib/router/index.js:280:10)
      at Layer.handle_error (../m22-part3-route-writer/node_modules/express/lib/router/layer.js:67:12)
      at trim_prefix (../m22-part3-route-writer/node_modules/express/lib/router/index.js:326:13)
      at ../m22-part3-route-writer/node_modules/express/lib/router/index.js:286:9
      at router.process_params (../m22-part3-route-writer/node_modules/express/lib/router/index.js:346:12)
      at next (../m22-part3-route-writer/node_modules/express/lib/router/index.js:280:10)
      at Layer.handle_error (../m22-part3-route-writer/node_modules/express/lib/router/layer.js:67:12)
      at trim_prefix (../m22-part3-route-writer/node_modules/express/lib/router/index.js:326:13)
      at ../m22-part3-route-writer/node_modules/express/lib/router/index.js:286:9
      at router.process_params (../m22-part3-route-writer/node_modules/express/lib/router/index.js:346:12)
      at next (../m22-part3-route-writer/node_modules/express/lib/router/index.js:280:10)
      at Layer.handle_error (../m22-part3-route-writer/node_modules/express/lib/router/layer.js:67:12)
      at trim_prefix (../m22-part3-route-writer/node_modules/express/lib/router/index.js:326:13)
      at ../m22-part3-route-writer/node_modules/express/lib/router/index.js:286:9
      at router.process_params (../m22-part3-route-writer/node_modules/express/lib/router/index.js:346:12)
      at next (../m22-part3-route-writer/node_modules/express/lib/router/index.js:280:10)
      at Layer.handle_error (../m22-part3-route-writer/node_modules/express/lib/router/layer.js:67:12)
      at trim_prefix (../m22-part3-route-writer/node_modules/express/lib/router/index.js:326:13)
      at ../m22-part3-route-writer/node_modules/express/lib/router/index.js:286:9
      at router.process_params (../m22-part3-route-writer/node_modules/express/lib/router/index.js:346:12)
      at next (../m22-part3-route-writer/node_modules/express/lib/router/index.js:280:10)
      at Layer.handle_error (../m22-part3-route-writer/node_modules/express/lib/router/layer.js:67:12)
      at trim_prefix (../m22-part3-route-writer/node_modules/express/lib/router/index.js:326:13)
      at ../m22-part3-route-writer/node_modules/express/lib/router/index.js:286:9
      at router.process_params (../m22-part3-route-writer/node_modules/express/lib/router/index.js:346:12)
      at next (../m22-part3-route-writer/node_modules/express/lib/router/index.js:280:10)
      at Layer.handle_error (../m22-part3-route-writer/node_modules/express/lib/router/layer.js:67:12)
      at trim_prefix (../m22-part3-route-writer/node_modules/express/lib/router/index.js:326:13)
      at ../m22-part3-route-writer/node_modules/express/lib/router/index.js:286:9
      at router.process_params (../m22-part3-route-writer/node_modules/express/lib/router/index.js:346:12)
      at next (../m22-part3-route-writer/node_modules/express/lib/router/index.js:280:10)
      at Layer.handle_error (../m22-part3-route-writer/node_modules/express/lib/router/layer.js:67:12)
      at trim_prefix (../m22-part3-route-writer/node_modules/express/lib/router/index.js:326:13)
      at ../m22-part3-route-writer/node_modules/express/lib/router/index.js:286:9
      at router.process_params (../m22-part3-route-writer/node_modules/express/lib/router/index.js:346:12)
      at next (../m22-part3-route-writer/node_modules/express/lib/router/index.js:280:10)
      at Layer.handle_error (../m22-part3-route-writer/node_modules/express/lib/router/layer.js:67:12)
      at trim_prefix (../m22-part3-route-writer/node_modules/express/lib/router/index.js:326:13)
      at ../m22-part3-route-writer/node_modules/express/lib/router/index.js:286:9
      at router.process_params (../m22-part3-route-writer/node_modules/express/lib/router/index.js:346:12)
      at next (../m22-part3-route-writer/node_modules/express/lib/router/index.js:280:10)
      at next (src/scheduling/recommendationHttpBoundary.js:233:14)
      at next (src/middleware/security.js:52:3)
      at securityHeaders (src/scheduling/recommendationHttpBoundary.js:224:10)
      at Layer.handle [as handle_request] (../m22-part3-route-writer/node_modules/express/lib/router/layer.js:95:5)
      at trim_prefix (../m22-part3-route-writer/node_modules/express/lib/router/index.js:328:13)
      at ../m22-part3-route-writer/node_modules/express/lib/router/index.js:286:9
      at router.process_params (../m22-part3-route-writer/node_modules/express/lib/router/index.js:346:12)
      at next (../m22-part3-route-writer/node_modules/express/lib/router/index.js:280:10)
      at ../m22-part3-route-writer/node_modules/express/lib/router/index.js:646:15
      at next (../m22-part3-route-writer/node_modules/express/lib/router/index.js:265:14)
      at router.handle (../m22-part3-route-writer/node_modules/express/lib/router/index.js:175:3)
      at router (../m22-part3-route-writer/node_modules/express/lib/router/index.js:47:12)
      at Layer.handle [as handle_request] (../m22-part3-route-writer/node_modules/express/lib/router/layer.js:95:5)
      at trim_prefix (../m22-part3-route-writer/node_modules/express/lib/router/index.js:328:13)
      at ../m22-part3-route-writer/node_modules/express/lib/router/index.js:286:9
      at router.process_params (../m22-part3-route-writer/node_modules/express/lib/router/index.js:346:12)
      at next (../m22-part3-route-writer/node_modules/express/lib/router/index.js:280:10)
      at next (src/middleware/auditLog.js:25:3)
      at Layer.handle [as handle_request] (../m22-part3-route-writer/node_modules/express/lib/router/layer.js:95:5)
      at trim_prefix (../m22-part3-route-writer/node_modules/express/lib/router/index.js:328:13)
      at ../m22-part3-route-writer/node_modules/express/lib/router/index.js:286:9
      at router.process_params (../m22-part3-route-writer/node_modules/express/lib/router/index.js:346:12)
      at next (../m22-part3-route-writer/node_modules/express/lib/router/index.js:280:10)
      at cors (../m22-part3-route-writer/node_modules/cors/lib/index.js:188:7)

  console.error
    {
      component: 'http',
      event: 'request_failed',
      requestId: '9eec4571-dee6-4593-a25a-c0d3958843fa',
      methodClass: 'POST',
      statusCode: 415
    }

      176 |     ...safeFields(fields),
      177 |   };
    > 178 |   console[level](record);
          |                 ^
      179 |   return record;
      180 | }
      181 |

      at write (src/observability/safeLogger.js:178:17)
      at Object.write (src/observability/safeLogger.js:191:10)
      at error (src/middleware/errorHandler.js:22:14)
      at Layer.handle_error (../m22-part3-route-writer/node_modules/express/lib/router/layer.js:71:5)
      at trim_prefix (../m22-part3-route-writer/node_modules/express/lib/router/index.js:326:13)
      at ../m22-part3-route-writer/node_modules/express/lib/router/index.js:286:9
      at router.process_params (../m22-part3-route-writer/node_modules/express/lib/router/index.js:346:12)
      at next (../m22-part3-route-writer/node_modules/express/lib/router/index.js:280:10)
      at Layer.handle_error (../m22-part3-route-writer/node_modules/express/lib/router/layer.js:67:12)
      at trim_prefix (../m22-part3-route-writer/node_modules/express/lib/router/index.js:326:13)
      at ../m22-part3-route-writer/node_modules/express/lib/router/index.js:286:9
      at router.process_params (../m22-part3-route-writer/node_modules/express/lib/router/index.js:346:12)
      at next (../m22-part3-route-writer/node_modules/express/lib/router/index.js:280:10)
      at Layer.handle_error (../m22-part3-route-writer/node_modules/express/lib/router/layer.js:67:12)
      at trim_prefix (../m22-part3-route-writer/node_modules/express/lib/router/index.js:326:13)
      at ../m22-part3-route-writer/node_modules/express/lib/router/index.js:286:9
      at router.process_params (../m22-part3-route-writer/node_modules/express/lib/router/index.js:346:12)
      at next (../m22-part3-route-writer/node_modules/express/lib/router/index.js:280:10)
      at Layer.handle_error (../m22-part3-route-writer/node_modules/express/lib/router/layer.js:67:12)
      at trim_prefix (../m22-part3-route-writer/node_modules/express/lib/router/index.js:326:13)
      at ../m22-part3-route-writer/node_modules/express/lib/router/index.js:286:9
      at router.process_params (../m22-part3-route-writer/node_modules/express/lib/router/index.js:346:12)
      at next (../m22-part3-route-writer/node_modules/express/lib/router/index.js:280:10)
      at Layer.handle_error (../m22-part3-route-writer/node_modules/express/lib/router/layer.js:67:12)
      at trim_prefix (../m22-part3-route-writer/node_modules/express/lib/router/index.js:326:13)
      at ../m22-part3-route-writer/node_modules/express/lib/router/index.js:286:9
      at router.process_params (../m22-part3-route-writer/node_modules/express/lib/router/index.js:346:12)
      at next (../m22-part3-route-writer/node_modules/express/lib/router/index.js:280:10)
      at Layer.handle_error (../m22-part3-route-writer/node_modules/express/lib/router/layer.js:67:12)
      at trim_prefix (../m22-part3-route-writer/node_modules/express/lib/router/index.js:326:13)
      at ../m22-part3-route-writer/node_modules/express/lib/router/index.js:286:9
      at router.process_params (../m22-part3-route-writer/node_modules/express/lib/router/index.js:346:12)
      at next (../m22-part3-route-writer/node_modules/express/lib/router/index.js:280:10)
      at Layer.handle_error (../m22-part3-route-writer/node_modules/express/lib/router/layer.js:67:12)
      at trim_prefix (../m22-part3-route-writer/node_modules/express/lib/router/index.js:326:13)
      at ../m22-part3-route-writer/node_modules/express/lib/router/index.js:286:9
      at router.process_params (../m22-part3-route-writer/node_modules/express/lib/router/index.js:346:12)
      at next (../m22-part3-route-writer/node_modules/express/lib/router/index.js:280:10)
      at Layer.handle_error (../m22-part3-route-writer/node_modules/express/lib/router/layer.js:67:12)
      at trim_prefix (../m22-part3-route-writer/node_modules/express/lib/router/index.js:326:13)
      at ../m22-part3-route-writer/node_modules/express/lib/router/index.js:286:9
      at router.process_params (../m22-part3-route-writer/node_modules/express/lib/router/index.js:346:12)
      at next (../m22-part3-route-writer/node_modules/express/lib/router/index.js:280:10)
      at Layer.handle_error (../m22-part3-route-writer/node_modules/express/lib/router/layer.js:67:12)
      at trim_prefix (../m22-part3-route-writer/node_modules/express/lib/router/index.js:326:13)
      at ../m22-part3-route-writer/node_modules/express/lib/router/index.js:286:9
      at router.process_params (../m22-part3-route-writer/node_modules/express/lib/router/index.js:346:12)
      at next (../m22-part3-route-writer/node_modules/express/lib/router/index.js:280:10)
      at Layer.handle_error (../m22-part3-route-writer/node_modules/express/lib/router/layer.js:67:12)
      at trim_prefix (../m22-part3-route-writer/node_modules/express/lib/router/index.js:326:13)
      at ../m22-part3-route-writer/node_modules/express/lib/router/index.js:286:9
      at router.process_params (../m22-part3-route-writer/node_modules/express/lib/router/index.js:346:12)
      at next (../m22-part3-route-writer/node_modules/express/lib/router/index.js:280:10)
      at Layer.handle_error (../m22-part3-route-writer/node_modules/express/lib/router/layer.js:67:12)
      at trim_prefix (../m22-part3-route-writer/node_modules/express/lib/router/index.js:326:13)
      at ../m22-part3-route-writer/node_modules/express/lib/router/index.js:286:9
      at router.process_params (../m22-part3-route-writer/node_modules/express/lib/router/index.js:346:12)
      at next (../m22-part3-route-writer/node_modules/express/lib/router/index.js:280:10)
      at Layer.handle_error (../m22-part3-route-writer/node_modules/express/lib/router/layer.js:67:12)
      at trim_prefix (../m22-part3-route-writer/node_modules/express/lib/router/index.js:326:13)
      at ../m22-part3-route-writer/node_modules/express/lib/router/index.js:286:9
      at router.process_params (../m22-part3-route-writer/node_modules/express/lib/router/index.js:346:12)
      at next (../m22-part3-route-writer/node_modules/express/lib/router/index.js:280:10)
      at Layer.handle_error (../m22-part3-route-writer/node_modules/express/lib/router/layer.js:67:12)
      at trim_prefix (../m22-part3-route-writer/node_modules/express/lib/router/index.js:326:13)
      at ../m22-part3-route-writer/node_modules/express/lib/router/index.js:286:9
      at router.process_params (../m22-part3-route-writer/node_modules/express/lib/router/index.js:346:12)
      at next (../m22-part3-route-writer/node_modules/express/lib/router/index.js:280:10)
      at Layer.handle_error (../m22-part3-route-writer/node_modules/express/lib/router/layer.js:67:12)
      at trim_prefix (../m22-part3-route-writer/node_modules/express/lib/router/index.js:326:13)
      at ../m22-part3-route-writer/node_modules/express/lib/router/index.js:286:9
      at router.process_params (../m22-part3-route-writer/node_modules/express/lib/router/index.js:346:12)
      at next (../m22-part3-route-writer/node_modules/express/lib/router/index.js:280:10)
      at next (src/scheduling/recommendationHttpBoundary.js:237:14)
      at next (src/middleware/security.js:52:3)
      at securityHeaders (src/scheduling/recommendationHttpBoundary.js:224:10)
      at Layer.handle [as handle_request] (../m22-part3-route-writer/node_modules/express/lib/router/layer.js:95:5)
      at trim_prefix (../m22-part3-route-writer/node_modules/express/lib/router/index.js:328:13)
      at ../m22-part3-route-writer/node_modules/express/lib/router/index.js:286:9
      at router.process_params (../m22-part3-route-writer/node_modules/express/lib/router/index.js:346:12)
      at next (../m22-part3-route-writer/node_modules/express/lib/router/index.js:280:10)
      at ../m22-part3-route-writer/node_modules/express/lib/router/index.js:646:15
      at next (../m22-part3-route-writer/node_modules/express/lib/router/index.js:265:14)
      at router.handle (../m22-part3-route-writer/node_modules/express/lib/router/index.js:175:3)
      at router (../m22-part3-route-writer/node_modules/express/lib/router/index.js:47:12)
      at Layer.handle [as handle_request] (../m22-part3-route-writer/node_modules/express/lib/router/layer.js:95:5)
      at trim_prefix (../m22-part3-route-writer/node_modules/express/lib/router/index.js:328:13)
      at ../m22-part3-route-writer/node_modules/express/lib/router/index.js:286:9
      at router.process_params (../m22-part3-route-writer/node_modules/express/lib/router/index.js:346:12)
      at next (../m22-part3-route-writer/node_modules/express/lib/router/index.js:280:10)
      at next (src/middleware/auditLog.js:25:3)
      at Layer.handle [as handle_request] (../m22-part3-route-writer/node_modules/express/lib/router/layer.js:95:5)
      at trim_prefix (../m22-part3-route-writer/node_modules/express/lib/router/index.js:328:13)
      at ../m22-part3-route-writer/node_modules/express/lib/router/index.js:286:9
      at router.process_params (../m22-part3-route-writer/node_modules/express/lib/router/index.js:346:12)
      at next (../m22-part3-route-writer/node_modules/express/lib/router/index.js:280:10)
      at cors (../m22-part3-route-writer/node_modules/cors/lib/index.js:188:7)

  console.error
    {
      component: 'http',
      event: 'request_failed',
      requestId: '8e1f6f8f-171b-4652-aa59-b7bafbcc8de8',
      methodClass: 'POST',
      statusCode: 415
    }

      176 |     ...safeFields(fields),
      177 |   };
    > 178 |   console[level](record);
          |                 ^
      179 |   return record;
      180 | }
      181 |

      at write (src/observability/safeLogger.js:178:17)
      at Object.write (src/observability/safeLogger.js:191:10)
      at error (src/middleware/errorHandler.js:22:14)
      at Layer.handle_error (../m22-part3-route-writer/node_modules/express/lib/router/layer.js:71:5)
      at trim_prefix (../m22-part3-route-writer/node_modules/express/lib/router/index.js:326:13)
      at ../m22-part3-route-writer/node_modules/express/lib/router/index.js:286:9
      at router.process_params (../m22-part3-route-writer/node_modules/express/lib/router/index.js:346:12)
      at next (../m22-part3-route-writer/node_modules/express/lib/router/index.js:280:10)
      at Layer.handle_error (../m22-part3-route-writer/node_modules/express/lib/router/layer.js:67:12)
      at trim_prefix (../m22-part3-route-writer/node_modules/express/lib/router/index.js:326:13)
      at ../m22-part3-route-writer/node_modules/express/lib/router/index.js:286:9
      at router.process_params (../m22-part3-route-writer/node_modules/express/lib/router/index.js:346:12)
      at next (../m22-part3-route-writer/node_modules/express/lib/router/index.js:280:10)
      at Layer.handle_error (../m22-part3-route-writer/node_modules/express/lib/router/layer.js:67:12)
      at trim_prefix (../m22-part3-route-writer/node_modules/express/lib/router/index.js:326:13)
      at ../m22-part3-route-writer/node_modules/express/lib/router/index.js:286:9
      at router.process_params (../m22-part3-route-writer/node_modules/express/lib/router/index.js:346:12)
      at next (../m22-part3-route-writer/node_modules/express/lib/router/index.js:280:10)
      at Layer.handle_error (../m22-part3-route-writer/node_modules/express/lib/router/layer.js:67:12)
      at trim_prefix (../m22-part3-route-writer/node_modules/express/lib/router/index.js:326:13)
      at ../m22-part3-route-writer/node_modules/express/lib/router/index.js:286:9
      at router.process_params (../m22-part3-route-writer/node_modules/express/lib/router/index.js:346:12)
      at next (../m22-part3-route-writer/node_modules/express/lib/router/index.js:280:10)
      at Layer.handle_error (../m22-part3-route-writer/node_modules/express/lib/router/layer.js:67:12)
      at trim_prefix (../m22-part3-route-writer/node_modules/express/lib/router/index.js:326:13)
      at ../m22-part3-route-writer/node_modules/express/lib/router/index.js:286:9
      at router.process_params (../m22-part3-route-writer/node_modules/express/lib/router/index.js:346:12)
      at next (../m22-part3-route-writer/node_modules/express/lib/router/index.js:280:10)
      at Layer.handle_error (../m22-part3-route-writer/node_modules/express/lib/router/layer.js:67:12)
      at trim_prefix (../m22-part3-route-writer/node_modules/express/lib/router/index.js:326:13)
      at ../m22-part3-route-writer/node_modules/express/lib/router/index.js:286:9
      at router.process_params (../m22-part3-route-writer/node_modules/express/lib/router/index.js:346:12)
      at next (../m22-part3-route-writer/node_modules/express/lib/router/index.js:280:10)
      at Layer.handle_error (../m22-part3-route-writer/node_modules/express/lib/router/layer.js:67:12)
      at trim_prefix (../m22-part3-route-writer/node_modules/express/lib/router/index.js:326:13)
      at ../m22-part3-route-writer/node_modules/express/lib/router/index.js:286:9
      at router.process_params (../m22-part3-route-writer/node_modules/express/lib/router/index.js:346:12)
      at next (../m22-part3-route-writer/node_modules/express/lib/router/index.js:280:10)
      at Layer.handle_error (../m22-part3-route-writer/node_modules/express/lib/router/layer.js:67:12)
      at trim_prefix (../m22-part3-route-writer/node_modules/express/lib/router/index.js:326:13)
      at ../m22-part3-route-writer/node_modules/express/lib/router/index.js:286:9
      at router.process_params (../m22-part3-route-writer/node_modules/express/lib/router/index.js:346:12)
      at next (../m22-part3-route-writer/node_modules/express/lib/router/index.js:280:10)
      at Layer.handle_error (../m22-part3-route-writer/node_modules/express/lib/router/layer.js:67:12)
      at trim_prefix (../m22-part3-route-writer/node_modules/express/lib/router/index.js:326:13)
      at ../m22-part3-route-writer/node_modules/express/lib/router/index.js:286:9
      at router.process_params (../m22-part3-route-writer/node_modules/express/lib/router/index.js:346:12)
      at next (../m22-part3-route-writer/node_modules/express/lib/router/index.js:280:10)
      at Layer.handle_error (../m22-part3-route-writer/node_modules/express/lib/router/layer.js:67:12)
      at trim_prefix (../m22-part3-route-writer/node_modules/express/lib/router/index.js:326:13)
      at ../m22-part3-route-writer/node_modules/express/lib/router/index.js:286:9
      at router.process_params (../m22-part3-route-writer/node_modules/express/lib/router/index.js:346:12)
      at next (../m22-part3-route-writer/node_modules/express/lib/router/index.js:280:10)
      at Layer.handle_error (../m22-part3-route-writer/node_modules/express/lib/router/layer.js:67:12)
      at trim_prefix (../m22-part3-route-writer/node_modules/express/lib/router/index.js:326:13)
      at ../m22-part3-route-writer/node_modules/express/lib/router/index.js:286:9
      at router.process_params (../m22-part3-route-writer/node_modules/express/lib/router/index.js:346:12)
      at next (../m22-part3-route-writer/node_modules/express/lib/router/index.js:280:10)
      at Layer.handle_error (../m22-part3-route-writer/node_modules/express/lib/router/layer.js:67:12)
      at trim_prefix (../m22-part3-route-writer/node_modules/express/lib/router/index.js:326:13)
      at ../m22-part3-route-writer/node_modules/express/lib/router/index.js:286:9
      at router.process_params (../m22-part3-route-writer/node_modules/express/lib/router/index.js:346:12)
      at next (../m22-part3-route-writer/node_modules/express/lib/router/index.js:280:10)
      at Layer.handle_error (../m22-part3-route-writer/node_modules/express/lib/router/layer.js:67:12)
      at trim_prefix (../m22-part3-route-writer/node_modules/express/lib/router/index.js:326:13)
      at ../m22-part3-route-writer/node_modules/express/lib/router/index.js:286:9
      at router.process_params (../m22-part3-route-writer/node_modules/express/lib/router/index.js:346:12)
      at next (../m22-part3-route-writer/node_modules/express/lib/router/index.js:280:10)
      at Layer.handle_error (../m22-part3-route-writer/node_modules/express/lib/router/layer.js:67:12)
      at trim_prefix (../m22-part3-route-writer/node_modules/express/lib/router/index.js:326:13)
      at ../m22-part3-route-writer/node_modules/express/lib/router/index.js:286:9
      at router.process_params (../m22-part3-route-writer/node_modules/express/lib/router/index.js:346:12)
      at next (../m22-part3-route-writer/node_modules/express/lib/router/index.js:280:10)
      at next (src/scheduling/recommendationHttpBoundary.js:237:14)
      at next (src/middleware/security.js:52:3)
      at securityHeaders (src/scheduling/recommendationHttpBoundary.js:224:10)
      at Layer.handle [as handle_request] (../m22-part3-route-writer/node_modules/express/lib/router/layer.js:95:5)
      at trim_prefix (../m22-part3-route-writer/node_modules/express/lib/router/index.js:328:13)
      at ../m22-part3-route-writer/node_modules/express/lib/router/index.js:286:9
      at router.process_params (../m22-part3-route-writer/node_modules/express/lib/router/index.js:346:12)
      at next (../m22-part3-route-writer/node_modules/express/lib/router/index.js:280:10)
      at ../m22-part3-route-writer/node_modules/express/lib/router/index.js:646:15
      at next (../m22-part3-route-writer/node_modules/express/lib/router/index.js:265:14)
      at router.handle (../m22-part3-route-writer/node_modules/express/lib/router/index.js:175:3)
      at router (../m22-part3-route-writer/node_modules/express/lib/router/index.js:47:12)
      at Layer.handle [as handle_request] (../m22-part3-route-writer/node_modules/express/lib/router/layer.js:95:5)
      at trim_prefix (../m22-part3-route-writer/node_modules/express/lib/router/index.js:328:13)
      at ../m22-part3-route-writer/node_modules/express/lib/router/index.js:286:9
      at router.process_params (../m22-part3-route-writer/node_modules/express/lib/router/index.js:346:12)
      at next (../m22-part3-route-writer/node_modules/express/lib/router/index.js:280:10)
      at next (src/middleware/auditLog.js:25:3)
      at Layer.handle [as handle_request] (../m22-part3-route-writer/node_modules/express/lib/router/layer.js:95:5)
      at trim_prefix (../m22-part3-route-writer/node_modules/express/lib/router/index.js:328:13)
      at ../m22-part3-route-writer/node_modules/express/lib/router/index.js:286:9
      at router.process_params (../m22-part3-route-writer/node_modules/express/lib/router/index.js:346:12)
      at next (../m22-part3-route-writer/node_modules/express/lib/router/index.js:280:10)
      at cors (../m22-part3-route-writer/node_modules/cors/lib/index.js:188:7)

  console.error
    {
      component: 'http',
      event: 'request_failed',
      requestId: '0e25bde1-9fa9-43df-8935-19d3b5d8c2bf',
      methodClass: 'POST',
      statusCode: 415
    }

      176 |     ...safeFields(fields),
      177 |   };
    > 178 |   console[level](record);
          |                 ^
      179 |   return record;
      180 | }
      181 |

      at write (src/observability/safeLogger.js:178:17)
      at Object.write (src/observability/safeLogger.js:191:10)
      at error (src/middleware/errorHandler.js:22:14)
      at Layer.handle_error (../m22-part3-route-writer/node_modules/express/lib/router/layer.js:71:5)
      at trim_prefix (../m22-part3-route-writer/node_modules/express/lib/router/index.js:326:13)
      at ../m22-part3-route-writer/node_modules/express/lib/router/index.js:286:9
      at router.process_params (../m22-part3-route-writer/node_modules/express/lib/router/index.js:346:12)
      at next (../m22-part3-route-writer/node_modules/express/lib/router/index.js:280:10)
      at Layer.handle_error (../m22-part3-route-writer/node_modules/express/lib/router/layer.js:67:12)
      at trim_prefix (../m22-part3-route-writer/node_modules/express/lib/router/index.js:326:13)
      at ../m22-part3-route-writer/node_modules/express/lib/router/index.js:286:9
      at router.process_params (../m22-part3-route-writer/node_modules/express/lib/router/index.js:346:12)
      at next (../m22-part3-route-writer/node_modules/express/lib/router/index.js:280:10)
      at Layer.handle_error (../m22-part3-route-writer/node_modules/express/lib/router/layer.js:67:12)
      at trim_prefix (../m22-part3-route-writer/node_modules/express/lib/router/index.js:326:13)
      at ../m22-part3-route-writer/node_modules/express/lib/router/index.js:286:9
      at router.process_params (../m22-part3-route-writer/node_modules/express/lib/router/index.js:346:12)
      at next (../m22-part3-route-writer/node_modules/express/lib/router/index.js:280:10)
      at Layer.handle_error (../m22-part3-route-writer/node_modules/express/lib/router/layer.js:67:12)
      at trim_prefix (../m22-part3-route-writer/node_modules/express/lib/router/index.js:326:13)
      at ../m22-part3-route-writer/node_modules/express/lib/router/index.js:286:9
      at router.process_params (../m22-part3-route-writer/node_modules/express/lib/router/index.js:346:12)
      at next (../m22-part3-route-writer/node_modules/express/lib/router/index.js:280:10)
      at Layer.handle_error (../m22-part3-route-writer/node_modules/express/lib/router/layer.js:67:12)
      at trim_prefix (../m22-part3-route-writer/node_modules/express/lib/router/index.js:326:13)
      at ../m22-part3-route-writer/node_modules/express/lib/router/index.js:286:9
      at router.process_params (../m22-part3-route-writer/node_modules/express/lib/router/index.js:346:12)
      at next (../m22-part3-route-writer/node_modules/express/lib/router/index.js:280:10)
      at Layer.handle_error (../m22-part3-route-writer/node_modules/express/lib/router/layer.js:67:12)
      at trim_prefix (../m22-part3-route-writer/node_modules/express/lib/router/index.js:326:13)
      at ../m22-part3-route-writer/node_modules/express/lib/router/index.js:286:9
      at router.process_params (../m22-part3-route-writer/node_modules/express/lib/router/index.js:346:12)
      at next (../m22-part3-route-writer/node_modules/express/lib/router/index.js:280:10)
      at Layer.handle_error (../m22-part3-route-writer/node_modules/express/lib/router/layer.js:67:12)
      at trim_prefix (../m22-part3-route-writer/node_modules/express/lib/router/index.js:326:13)
      at ../m22-part3-route-writer/node_modules/express/lib/router/index.js:286:9
      at router.process_params (../m22-part3-route-writer/node_modules/express/lib/router/index.js:346:12)
      at next (../m22-part3-route-writer/node_modules/express/lib/router/index.js:280:10)
      at Layer.handle_error (../m22-part3-route-writer/node_modules/express/lib/router/layer.js:67:12)
      at trim_prefix (../m22-part3-route-writer/node_modules/express/lib/router/index.js:326:13)
      at ../m22-part3-route-writer/node_modules/express/lib/router/index.js:286:9
      at router.process_params (../m22-part3-route-writer/node_modules/express/lib/router/index.js:346:12)
      at next (../m22-part3-route-writer/node_modules/express/lib/router/index.js:280:10)
      at Layer.handle_error (../m22-part3-route-writer/node_modules/express/lib/router/layer.js:67:12)
      at trim_prefix (../m22-part3-route-writer/node_modules/express/lib/router/index.js:326:13)
      at ../m22-part3-route-writer/node_modules/express/lib/router/index.js:286:9
      at router.process_params (../m22-part3-route-writer/node_modules/express/lib/router/index.js:346:12)
      at next (../m22-part3-route-writer/node_modules/express/lib/router/index.js:280:10)
      at Layer.handle_error (../m22-part3-route-writer/node_modules/express/lib/router/layer.js:67:12)
      at trim_prefix (../m22-part3-route-writer/node_modules/express/lib/router/index.js:326:13)
      at ../m22-part3-route-writer/node_modules/express/lib/router/index.js:286:9
      at router.process_params (../m22-part3-route-writer/node_modules/express/lib/router/index.js:346:12)
      at next (../m22-part3-route-writer/node_modules/express/lib/router/index.js:280:10)
      at Layer.handle_error (../m22-part3-route-writer/node_modules/express/lib/router/layer.js:67:12)
      at trim_prefix (../m22-part3-route-writer/node_modules/express/lib/router/index.js:326:13)
      at ../m22-part3-route-writer/node_modules/express/lib/router/index.js:286:9
      at router.process_params (../m22-part3-route-writer/node_modules/express/lib/router/index.js:346:12)
      at next (../m22-part3-route-writer/node_modules/express/lib/router/index.js:280:10)
      at Layer.handle_error (../m22-part3-route-writer/node_modules/express/lib/router/layer.js:67:12)
      at trim_prefix (../m22-part3-route-writer/node_modules/express/lib/router/index.js:326:13)
      at ../m22-part3-route-writer/node_modules/express/lib/router/index.js:286:9
      at router.process_params (../m22-part3-route-writer/node_modules/express/lib/router/index.js:346:12)
      at next (../m22-part3-route-writer/node_modules/express/lib/router/index.js:280:10)
      at Layer.handle_error (../m22-part3-route-writer/node_modules/express/lib/router/layer.js:67:12)
      at trim_prefix (../m22-part3-route-writer/node_modules/express/lib/router/index.js:326:13)
      at ../m22-part3-route-writer/node_modules/express/lib/router/index.js:286:9
      at router.process_params (../m22-part3-route-writer/node_modules/express/lib/router/index.js:346:12)
      at next (../m22-part3-route-writer/node_modules/express/lib/router/index.js:280:10)
      at Layer.handle_error (../m22-part3-route-writer/node_modules/express/lib/router/layer.js:67:12)
      at trim_prefix (../m22-part3-route-writer/node_modules/express/lib/router/index.js:326:13)
      at ../m22-part3-route-writer/node_modules/express/lib/router/index.js:286:9
      at router.process_params (../m22-part3-route-writer/node_modules/express/lib/router/index.js:346:12)
      at next (../m22-part3-route-writer/node_modules/express/lib/router/index.js:280:10)
      at next (src/scheduling/recommendationHttpBoundary.js:237:14)
      at next (src/middleware/security.js:52:3)
      at securityHeaders (src/scheduling/recommendationHttpBoundary.js:224:10)
      at Layer.handle [as handle_request] (../m22-part3-route-writer/node_modules/express/lib/router/layer.js:95:5)
      at trim_prefix (../m22-part3-route-writer/node_modules/express/lib/router/index.js:328:13)
      at ../m22-part3-route-writer/node_modules/express/lib/router/index.js:286:9
      at router.process_params (../m22-part3-route-writer/node_modules/express/lib/router/index.js:346:12)
      at next (../m22-part3-route-writer/node_modules/express/lib/router/index.js:280:10)
      at ../m22-part3-route-writer/node_modules/express/lib/router/index.js:646:15
      at next (../m22-part3-route-writer/node_modules/express/lib/router/index.js:265:14)
      at router.handle (../m22-part3-route-writer/node_modules/express/lib/router/index.js:175:3)
      at router (../m22-part3-route-writer/node_modules/express/lib/router/index.js:47:12)
      at Layer.handle [as handle_request] (../m22-part3-route-writer/node_modules/express/lib/router/layer.js:95:5)
      at trim_prefix (../m22-part3-route-writer/node_modules/express/lib/router/index.js:328:13)
      at ../m22-part3-route-writer/node_modules/express/lib/router/index.js:286:9
      at router.process_params (../m22-part3-route-writer/node_modules/express/lib/router/index.js:346:12)
      at next (../m22-part3-route-writer/node_modules/express/lib/router/index.js:280:10)
      at next (src/middleware/auditLog.js:25:3)
      at Layer.handle [as handle_request] (../m22-part3-route-writer/node_modules/express/lib/router/layer.js:95:5)
      at trim_prefix (../m22-part3-route-writer/node_modules/express/lib/router/index.js:328:13)
      at ../m22-part3-route-writer/node_modules/express/lib/router/index.js:286:9
      at router.process_params (../m22-part3-route-writer/node_modules/express/lib/router/index.js:346:12)
      at next (../m22-part3-route-writer/node_modules/express/lib/router/index.js:280:10)
      at cors (../m22-part3-route-writer/node_modules/cors/lib/index.js:188:7)

  console.info
    {
      component: 'http',
      event: 'request_completed',
      requestId: '2a911311-a8d9-44d5-887e-2c51a61914c0',
      methodClass: 'POST',
      durationMs: 109,
      statusCode: 200
    }

      at write (src/observability/safeLogger.js:178:17)

  console.info
    {
      component: 'http',
      event: 'request_completed',
      requestId: '000a2673-81b7-4550-87be-8f71f8ff4293',
      methodClass: 'POST',
      durationMs: 96,
      statusCode: 200
    }

      at write (src/observability/safeLogger.js:178:17)

  console.info
    {
      component: 'http',
      event: 'request_completed',
      requestId: '6a05d579-e11d-4af2-836b-599ea57c638f',
      methodClass: 'POST',
      durationMs: 101,
      statusCode: 200
    }

      at write (src/observability/safeLogger.js:178:17)

  console.error
    {
      component: 'http',
      event: 'request_failed',
      requestId: 'e27a6ac5-4c65-4b61-8f13-36505d20ef8c',
      methodClass: 'POST',
      statusCode: 400
    }

      176 |     ...safeFields(fields),
      177 |   };
    > 178 |   console[level](record);
          |                 ^
      179 |   return record;
      180 | }
      181 |

      at write (src/observability/safeLogger.js:178:17)
      at Object.write (src/observability/safeLogger.js:191:10)
      at error (src/middleware/errorHandler.js:22:14)
      at Layer.handle_error (../m22-part3-route-writer/node_modules/express/lib/router/layer.js:71:5)
      at trim_prefix (../m22-part3-route-writer/node_modules/express/lib/router/index.js:326:13)
      at ../m22-part3-route-writer/node_modules/express/lib/router/index.js:286:9
      at router.process_params (../m22-part3-route-writer/node_modules/express/lib/router/index.js:346:12)
      at next (../m22-part3-route-writer/node_modules/express/lib/router/index.js:280:10)
      at Layer.handle_error (../m22-part3-route-writer/node_modules/express/lib/router/layer.js:67:12)
      at trim_prefix (../m22-part3-route-writer/node_modules/express/lib/router/index.js:326:13)
      at ../m22-part3-route-writer/node_modules/express/lib/router/index.js:286:9
      at router.process_params (../m22-part3-route-writer/node_modules/express/lib/router/index.js:346:12)
      at next (../m22-part3-route-writer/node_modules/express/lib/router/index.js:280:10)
      at Layer.handle_error (../m22-part3-route-writer/node_modules/express/lib/router/layer.js:67:12)
      at trim_prefix (../m22-part3-route-writer/node_modules/express/lib/router/index.js:326:13)
      at ../m22-part3-route-writer/node_modules/express/lib/router/index.js:286:9
      at router.process_params (../m22-part3-route-writer/node_modules/express/lib/router/index.js:346:12)
      at next (../m22-part3-route-writer/node_modules/express/lib/router/index.js:280:10)
      at Layer.handle_error (../m22-part3-route-writer/node_modules/express/lib/router/layer.js:67:12)
      at trim_prefix (../m22-part3-route-writer/node_modules/express/lib/router/index.js:326:13)
      at ../m22-part3-route-writer/node_modules/express/lib/router/index.js:286:9
      at router.process_params (../m22-part3-route-writer/node_modules/express/lib/router/index.js:346:12)
      at next (../m22-part3-route-writer/node_modules/express/lib/router/index.js:280:10)
      at Layer.handle_error (../m22-part3-route-writer/node_modules/express/lib/router/layer.js:67:12)
      at trim_prefix (../m22-part3-route-writer/node_modules/express/lib/router/index.js:326:13)
      at ../m22-part3-route-writer/node_modules/express/lib/router/index.js:286:9
      at router.process_params (../m22-part3-route-writer/node_modules/express/lib/router/index.js:346:12)
      at next (../m22-part3-route-writer/node_modules/express/lib/router/index.js:280:10)
      at Layer.handle_error (../m22-part3-route-writer/node_modules/express/lib/router/layer.js:67:12)
      at trim_prefix (../m22-part3-route-writer/node_modules/express/lib/router/index.js:326:13)
      at ../m22-part3-route-writer/node_modules/express/lib/router/index.js:286:9
      at router.process_params (../m22-part3-route-writer/node_modules/express/lib/router/index.js:346:12)
      at next (../m22-part3-route-writer/node_modules/express/lib/router/index.js:280:10)
      at Layer.handle_error (../m22-part3-route-writer/node_modules/express/lib/router/layer.js:67:12)
      at trim_prefix (../m22-part3-route-writer/node_modules/express/lib/router/index.js:326:13)
      at ../m22-part3-route-writer/node_modules/express/lib/router/index.js:286:9
      at router.process_params (../m22-part3-route-writer/node_modules/express/lib/router/index.js:346:12)
      at next (../m22-part3-route-writer/node_modules/express/lib/router/index.js:280:10)
      at Layer.handle_error (../m22-part3-route-writer/node_modules/express/lib/router/layer.js:67:12)
      at trim_prefix (../m22-part3-route-writer/node_modules/express/lib/router/index.js:326:13)
      at ../m22-part3-route-writer/node_modules/express/lib/router/index.js:286:9
      at router.process_params (../m22-part3-route-writer/node_modules/express/lib/router/index.js:346:12)
      at next (../m22-part3-route-writer/node_modules/express/lib/router/index.js:280:10)
      at Layer.handle_error (../m22-part3-route-writer/node_modules/express/lib/router/layer.js:67:12)
      at trim_prefix (../m22-part3-route-writer/node_modules/express/lib/router/index.js:326:13)
      at ../m22-part3-route-writer/node_modules/express/lib/router/index.js:286:9
      at router.process_params (../m22-part3-route-writer/node_modules/express/lib/router/index.js:346:12)
      at next (../m22-part3-route-writer/node_modules/express/lib/router/index.js:280:10)
      at Layer.handle_error (../m22-part3-route-writer/node_modules/express/lib/router/layer.js:67:12)
      at trim_prefix (../m22-part3-route-writer/node_modules/express/lib/router/index.js:326:13)
      at ../m22-part3-route-writer/node_modules/express/lib/router/index.js:286:9
      at router.process_params (../m22-part3-route-writer/node_modules/express/lib/router/index.js:346:12)
      at next (../m22-part3-route-writer/node_modules/express/lib/router/index.js:280:10)
      at Layer.handle_error (../m22-part3-route-writer/node_modules/express/lib/router/layer.js:67:12)
      at trim_prefix (../m22-part3-route-writer/node_modules/express/lib/router/index.js:326:13)
      at ../m22-part3-route-writer/node_modules/express/lib/router/index.js:286:9
      at router.process_params (../m22-part3-route-writer/node_modules/express/lib/router/index.js:346:12)
      at next (../m22-part3-route-writer/node_modules/express/lib/router/index.js:280:10)
      at Layer.handle_error (../m22-part3-route-writer/node_modules/express/lib/router/layer.js:67:12)
      at trim_prefix (../m22-part3-route-writer/node_modules/express/lib/router/index.js:326:13)
      at ../m22-part3-route-writer/node_modules/express/lib/router/index.js:286:9
      at router.process_params (../m22-part3-route-writer/node_modules/express/lib/router/index.js:346:12)
      at next (../m22-part3-route-writer/node_modules/express/lib/router/index.js:280:10)
      at Layer.handle_error (../m22-part3-route-writer/node_modules/express/lib/router/layer.js:67:12)
      at trim_prefix (../m22-part3-route-writer/node_modules/express/lib/router/index.js:326:13)
      at ../m22-part3-route-writer/node_modules/express/lib/router/index.js:286:9
      at router.process_params (../m22-part3-route-writer/node_modules/express/lib/router/index.js:346:12)
      at next (../m22-part3-route-writer/node_modules/express/lib/router/index.js:280:10)
      at Layer.handle_error (../m22-part3-route-writer/node_modules/express/lib/router/layer.js:67:12)
      at trim_prefix (../m22-part3-route-writer/node_modules/express/lib/router/index.js:326:13)
      at ../m22-part3-route-writer/node_modules/express/lib/router/index.js:286:9
      at router.process_params (../m22-part3-route-writer/node_modules/express/lib/router/index.js:346:12)
      at next (../m22-part3-route-writer/node_modules/express/lib/router/index.js:280:10)
      at next (src/scheduling/recommendationHttpBoundary.js:255:16)
      at ../m22-part3-route-writer/node_modules/body-parser/lib/read.js:137:5
      at invokeCallback (../m22-part3-route-writer/node_modules/raw-body/index.js:238:16)
      at done (../m22-part3-route-writer/node_modules/raw-body/index.js:227:7)
      at IncomingMessage.onEnd (../m22-part3-route-writer/node_modules/raw-body/index.js:287:7)

  console.info
    {
      component: 'http',
      event: 'request_completed',
      requestId: '902c99ab-e706-45f5-bbd8-6a637d6a1b94',
      methodClass: 'POST',
      durationMs: 0,
      statusCode: 401
    }

      at write (src/observability/safeLogger.js:178:17)

  console.info
    {
      component: 'http',
      event: 'request_completed',
      requestId: '3db23ee2-5b3e-40b6-8751-3f569ffec54c',
      methodClass: 'POST',
      durationMs: 0,
      statusCode: 401
    }

      at write (src/observability/safeLogger.js:178:17)

  console.info
    {
      component: 'http',
      event: 'request_completed',
      requestId: '5efd4a42-ea5e-4cb0-ad1a-ab92ff451c16',
      methodClass: 'POST',
      durationMs: 1,
      statusCode: 401
    }

      at write (src/observability/safeLogger.js:178:17)

  console.info
    {
      component: 'http',
      event: 'request_completed',
      requestId: 'd79cab4e-6094-4d2a-9aff-098b74eba1e9',
      methodClass: 'POST',
      durationMs: 1,
      statusCode: 401
    }

      at write (src/observability/safeLogger.js:178:17)

  console.info
    {
      component: 'http',
      event: 'request_completed',
      requestId: '5836bad2-d9ba-413b-b68c-5ed3e879c588',
      methodClass: 'POST',
      durationMs: 0,
      statusCode: 401
    }

      at write (src/observability/safeLogger.js:178:17)

  console.info
    {
      component: 'http',
      event: 'request_completed',
      requestId: '94491c57-1e28-4bad-9f69-464f49923963',
      methodClass: 'POST',
      durationMs: 1,
      statusCode: 401
    }

      at write (src/observability/safeLogger.js:178:17)

  console.info
    {
      component: 'http',
      event: 'request_completed',
      requestId: '7ccecf51-cc3a-423b-990d-8c47cf1b5d46',
      methodClass: 'POST',
      durationMs: 1,
      statusCode: 401
    }

      at write (src/observability/safeLogger.js:178:17)

  console.info
    {
      component: 'http',
      event: 'request_completed',
      requestId: '694c081e-a74b-4704-bfe2-94efc251e3c3',
      methodClass: 'POST',
      durationMs: 0,
      statusCode: 401
    }

      at write (src/observability/safeLogger.js:178:17)

  console.info
    {
      component: 'http',
      event: 'request_completed',
      requestId: '2510d241-e83d-4de5-893a-413d05f2056a',
      methodClass: 'POST',
      durationMs: 0,
      statusCode: 401
    }

      at write (src/observability/safeLogger.js:178:17)

  console.info
    {
      component: 'http',
      event: 'request_completed',
      requestId: '9b669aa7-275c-446c-8b90-81b30dc4870a',
      methodClass: 'POST',
      durationMs: 1,
      statusCode: 401
    }

      at write (src/observability/safeLogger.js:178:17)

  console.info
    {
      component: 'http',
      event: 'request_completed',
      requestId: 'fdc8e0ee-bd93-4869-9ea3-b286039d6026',
      methodClass: 'POST',
      durationMs: 1,
      statusCode: 401
    }

      at write (src/observability/safeLogger.js:178:17)

  console.info
    {
      component: 'http',
      event: 'request_completed',
      requestId: 'a8b0570a-efc1-4afe-b982-ad0cc3a8cc14',
      methodClass: 'POST',
      durationMs: 1,
      statusCode: 401
    }

      at write (src/observability/safeLogger.js:178:17)

  console.info
    {
      component: 'http',
      event: 'request_completed',
      requestId: '2df08803-f3ee-4d3d-a552-18305b0f496c',
      methodClass: 'POST',
      durationMs: 1,
      statusCode: 401
    }

      at write (src/observability/safeLogger.js:178:17)

  console.info
    {
      component: 'http',
      event: 'request_completed',
      requestId: 'e1f03a8a-e392-4e80-8f51-f2ed6c6a1cd6',
      methodClass: 'POST',
      durationMs: 0,
      statusCode: 401
    }

      at write (src/observability/safeLogger.js:178:17)

  console.info
    {
      component: 'http',
      event: 'request_completed',
      requestId: 'f3841e56-cfc3-49ba-bbec-70fdf2bf7328',
      methodClass: 'POST',
      durationMs: 1,
      statusCode: 401
    }

      at write (src/observability/safeLogger.js:178:17)

  console.info
    {
      component: 'http',
      event: 'request_completed',
      requestId: '47d818bd-6015-4946-8423-5245ebb04d9d',
      methodClass: 'POST',
      durationMs: 0,
      statusCode: 401
    }

      at write (src/observability/safeLogger.js:178:17)

  console.info
    {
      component: 'http',
      event: 'request_completed',
      requestId: 'e6a6fd4e-0528-48c6-af5f-b1e81362dca0',
      methodClass: 'POST',
      durationMs: 1,
      statusCode: 401
    }

      at write (src/observability/safeLogger.js:178:17)

  console.info
    {
      component: 'http',
      event: 'request_completed',
      requestId: 'bda23c59-0a41-42a2-a6dd-ccfee5add463',
      methodClass: 'POST',
      durationMs: 2,
      statusCode: 404
    }

      at write (src/observability/safeLogger.js:178:17)

  console.info
    {
      component: 'http',
      event: 'request_completed',
      requestId: '16862050-c139-4025-8c5e-a75152c8edaf',
      methodClass: 'POST',
      durationMs: 1,
      statusCode: 404
    }

      at write (src/observability/safeLogger.js:178:17)

  console.info
    {
      component: 'http',
      event: 'request_completed',
      requestId: 'a6c0bb35-4cee-4467-bcc7-e01005e21677',
      methodClass: 'POST',
      durationMs: 1,
      statusCode: 404
    }

      at write (src/observability/safeLogger.js:178:17)

  console.info
    {
      component: 'http',
      event: 'request_completed',
      requestId: '8c86cfa0-3d9c-4adc-bb6a-e78592d0331f',
      methodClass: 'POST',
      durationMs: 1,
      statusCode: 404
    }

      at write (src/observability/safeLogger.js:178:17)

  console.info
    {
      component: 'http',
      event: 'request_completed',
      requestId: '7f7bdc12-1072-45a3-8dcf-be35356bfcfa',
      methodClass: 'POST',
      durationMs: 1,
      statusCode: 404
    }

      at write (src/observability/safeLogger.js:178:17)

  console.error
    {
      component: 'http',
      event: 'request_failed',
      requestId: '8847ae90-e65c-41da-99f3-22aa07b6b8a2',
      methodClass: 'POST',
      statusCode: 500
    }

      176 |     ...safeFields(fields),
      177 |   };
    > 178 |   console[level](record);
          |                 ^
      179 |   return record;
      180 | }
      181 |

      at write (src/observability/safeLogger.js:178:17)
      at Object.write (src/observability/safeLogger.js:191:10)
      at error (src/middleware/errorHandler.js:22:14)
      at Layer.handle_error (../m22-part3-route-writer/node_modules/express/lib/router/layer.js:71:5)
      at trim_prefix (../m22-part3-route-writer/node_modules/express/lib/router/index.js:326:13)
      at ../m22-part3-route-writer/node_modules/express/lib/router/index.js:286:9
      at router.process_params (../m22-part3-route-writer/node_modules/express/lib/router/index.js:346:12)
      at next (../m22-part3-route-writer/node_modules/express/lib/router/index.js:280:10)
      at Layer.handle_error (../m22-part3-route-writer/node_modules/express/lib/router/layer.js:67:12)
      at trim_prefix (../m22-part3-route-writer/node_modules/express/lib/router/index.js:326:13)
      at ../m22-part3-route-writer/node_modules/express/lib/router/index.js:286:9
      at router.process_params (../m22-part3-route-writer/node_modules/express/lib/router/index.js:346:12)
      at next (../m22-part3-route-writer/node_modules/express/lib/router/index.js:280:10)
      at Layer.handle_error (../m22-part3-route-writer/node_modules/express/lib/router/layer.js:67:12)
      at trim_prefix (../m22-part3-route-writer/node_modules/express/lib/router/index.js:326:13)
      at ../m22-part3-route-writer/node_modules/express/lib/router/index.js:286:9
      at router.process_params (../m22-part3-route-writer/node_modules/express/lib/router/index.js:346:12)
      at next (../m22-part3-route-writer/node_modules/express/lib/router/index.js:280:10)
      at Layer.handle_error (../m22-part3-route-writer/node_modules/express/lib/router/layer.js:67:12)
      at trim_prefix (../m22-part3-route-writer/node_modules/express/lib/router/index.js:326:13)
      at ../m22-part3-route-writer/node_modules/express/lib/router/index.js:286:9
      at router.process_params (../m22-part3-route-writer/node_modules/express/lib/router/index.js:346:12)
      at next (../m22-part3-route-writer/node_modules/express/lib/router/index.js:280:10)
      at Layer.handle_error (../m22-part3-route-writer/node_modules/express/lib/router/layer.js:67:12)
      at trim_prefix (../m22-part3-route-writer/node_modules/express/lib/router/index.js:326:13)
      at ../m22-part3-route-writer/node_modules/express/lib/router/index.js:286:9
      at router.process_params (../m22-part3-route-writer/node_modules/express/lib/router/index.js:346:12)
      at next (../m22-part3-route-writer/node_modules/express/lib/router/index.js:280:10)
      at Layer.handle_error (../m22-part3-route-writer/node_modules/express/lib/router/layer.js:67:12)
      at trim_prefix (../m22-part3-route-writer/node_modules/express/lib/router/index.js:326:13)
      at ../m22-part3-route-writer/node_modules/express/lib/router/index.js:286:9
      at router.process_params (../m22-part3-route-writer/node_modules/express/lib/router/index.js:346:12)
      at next (../m22-part3-route-writer/node_modules/express/lib/router/index.js:280:10)
      at Layer.handle_error (../m22-part3-route-writer/node_modules/express/lib/router/layer.js:67:12)
      at trim_prefix (../m22-part3-route-writer/node_modules/express/lib/router/index.js:326:13)
      at ../m22-part3-route-writer/node_modules/express/lib/router/index.js:286:9
      at router.process_params (../m22-part3-route-writer/node_modules/express/lib/router/index.js:346:12)
      at next (../m22-part3-route-writer/node_modules/express/lib/router/index.js:280:10)
      at Layer.handle_error (../m22-part3-route-writer/node_modules/express/lib/router/layer.js:67:12)
      at trim_prefix (../m22-part3-route-writer/node_modules/express/lib/router/index.js:326:13)
      at ../m22-part3-route-writer/node_modules/express/lib/router/index.js:286:9
      at router.process_params (../m22-part3-route-writer/node_modules/express/lib/router/index.js:346:12)
      at next (../m22-part3-route-writer/node_modules/express/lib/router/index.js:280:10)
      at ../m22-part3-route-writer/node_modules/express/lib/router/index.js:646:15
      at next (../m22-part3-route-writer/node_modules/express/lib/router/index.js:265:14)
      at next (../m22-part3-route-writer/node_modules/express/lib/router/route.js:141:14)
      at Layer.handle_error (../m22-part3-route-writer/node_modules/express/lib/router/layer.js:67:12)
      at next (../m22-part3-route-writer/node_modules/express/lib/router/route.js:147:13)
      at Layer.handle_error (../m22-part3-route-writer/node_modules/express/lib/router/layer.js:67:12)
      at next (../m22-part3-route-writer/node_modules/express/lib/router/route.js:147:13)
      at Layer.handle_error (../m22-part3-route-writer/node_modules/express/lib/router/layer.js:67:12)
      at next (../m22-part3-route-writer/node_modules/express/lib/router/route.js:147:13)
      at Layer.handle_error (../m22-part3-route-writer/node_modules/express/lib/router/layer.js:67:12)
      at next (../m22-part3-route-writer/node_modules/express/lib/router/route.js:147:13)
      at next (src/scheduling/recommendationHttpBoundary.js:268:10)
      at Layer.handle [as handle_request] (../m22-part3-route-writer/node_modules/express/lib/router/layer.js:95:5)
      at next (../m22-part3-route-writer/node_modules/express/lib/router/route.js:149:13)
      at Route.dispatch (../m22-part3-route-writer/node_modules/express/lib/router/route.js:119:3)
      at Layer.handle [as handle_request] (../m22-part3-route-writer/node_modules/express/lib/router/layer.js:95:5)
      at ../m22-part3-route-writer/node_modules/express/lib/router/index.js:284:15
      at param (../m22-part3-route-writer/node_modules/express/lib/router/index.js:365:14)
      at param (../m22-part3-route-writer/node_modules/express/lib/router/index.js:376:14)
      at router.process_params (../m22-part3-route-writer/node_modules/express/lib/router/index.js:421:3)
      at next (../m22-part3-route-writer/node_modules/express/lib/router/index.js:280:10)
      at router.handle (../m22-part3-route-writer/node_modules/express/lib/router/index.js:175:3)
      at router (../m22-part3-route-writer/node_modules/express/lib/router/index.js:47:12)
      at Layer.handle [as handle_request] (../m22-part3-route-writer/node_modules/express/lib/router/layer.js:95:5)
      at trim_prefix (../m22-part3-route-writer/node_modules/express/lib/router/index.js:328:13)
      at ../m22-part3-route-writer/node_modules/express/lib/router/index.js:286:9
      at router.process_params (../m22-part3-route-writer/node_modules/express/lib/router/index.js:346:12)
      at next (../m22-part3-route-writer/node_modules/express/lib/router/index.js:280:10)
      at ../m22-part3-route-writer/node_modules/express/lib/router/index.js:646:15
      at next (../m22-part3-route-writer/node_modules/express/lib/router/index.js:265:14)
      at router.handle (../m22-part3-route-writer/node_modules/express/lib/router/index.js:175:3)
      at router (../m22-part3-route-writer/node_modules/express/lib/router/index.js:47:12)
      at Layer.handle [as handle_request] (../m22-part3-route-writer/node_modules/express/lib/router/layer.js:95:5)
      at trim_prefix (../m22-part3-route-writer/node_modules/express/lib/router/index.js:328:13)
      at ../m22-part3-route-writer/node_modules/express/lib/router/index.js:286:9
      at router.process_params (../m22-part3-route-writer/node_modules/express/lib/router/index.js:346:12)
      at next (../m22-part3-route-writer/node_modules/express/lib/router/index.js:280:10)
      at next (src/middleware/auditLog.js:168:3)
      at Layer.handle [as handle_request] (../m22-part3-route-writer/node_modules/express/lib/router/layer.js:95:5)
      at trim_prefix (../m22-part3-route-writer/node_modules/express/lib/router/index.js:328:13)
      at ../m22-part3-route-writer/node_modules/express/lib/router/index.js:286:9
      at router.process_params (../m22-part3-route-writer/node_modules/express/lib/router/index.js:346:12)
      at next (../m22-part3-route-writer/node_modules/express/lib/router/index.js:280:10)
      at next (src/middleware/security.js:52:3)
      at Layer.handle [as handle_request] (../m22-part3-route-writer/node_modules/express/lib/router/layer.js:95:5)
      at trim_prefix (../m22-part3-route-writer/node_modules/express/lib/router/index.js:328:13)
      at ../m22-part3-route-writer/node_modules/express/lib/router/index.js:286:9
      at router.process_params (../m22-part3-route-writer/node_modules/express/lib/router/index.js:346:12)
      at next (../m22-part3-route-writer/node_modules/express/lib/router/index.js:280:10)
      at ../m22-part3-route-writer/node_modules/body-parser/lib/read.js:137:5
      at invokeCallback (../m22-part3-route-writer/node_modules/raw-body/index.js:238:16)
      at done (../m22-part3-route-writer/node_modules/raw-body/index.js:227:7)
      at IncomingMessage.onEnd (../m22-part3-route-writer/node_modules/raw-body/index.js:287:7)

  console.info
    {
      component: 'http',
      event: 'request_completed',
      requestId: '8847ae90-e65c-41da-99f3-22aa07b6b8a2',
      methodClass: 'POST',
      durationMs: 8,
      statusCode: 500
    }

      at write (src/observability/safeLogger.js:178:17)

  console.error
    {
      component: 'http',
      event: 'request_failed',
      requestId: 'cfb2fd55-50e8-49c2-9b15-37e3cb8a662d',
      methodClass: 'POST',
      statusCode: 500
    }

      176 |     ...safeFields(fields),
      177 |   };
    > 178 |   console[level](record);
          |                 ^
      179 |   return record;
      180 | }
      181 |

      at write (src/observability/safeLogger.js:178:17)
      at Object.write (src/observability/safeLogger.js:191:10)
      at error (src/middleware/errorHandler.js:22:14)
      at Layer.handle_error (../m22-part3-route-writer/node_modules/express/lib/router/layer.js:71:5)
      at trim_prefix (../m22-part3-route-writer/node_modules/express/lib/router/index.js:326:13)
      at ../m22-part3-route-writer/node_modules/express/lib/router/index.js:286:9
      at router.process_params (../m22-part3-route-writer/node_modules/express/lib/router/index.js:346:12)
      at next (../m22-part3-route-writer/node_modules/express/lib/router/index.js:280:10)
      at Layer.handle_error (../m22-part3-route-writer/node_modules/express/lib/router/layer.js:67:12)
      at trim_prefix (../m22-part3-route-writer/node_modules/express/lib/router/index.js:326:13)
      at ../m22-part3-route-writer/node_modules/express/lib/router/index.js:286:9
      at router.process_params (../m22-part3-route-writer/node_modules/express/lib/router/index.js:346:12)
      at next (../m22-part3-route-writer/node_modules/express/lib/router/index.js:280:10)
      at Layer.handle_error (../m22-part3-route-writer/node_modules/express/lib/router/layer.js:67:12)
      at trim_prefix (../m22-part3-route-writer/node_modules/express/lib/router/index.js:326:13)
      at ../m22-part3-route-writer/node_modules/express/lib/router/index.js:286:9
      at router.process_params (../m22-part3-route-writer/node_modules/express/lib/router/index.js:346:12)
      at next (../m22-part3-route-writer/node_modules/express/lib/router/index.js:280:10)
      at Layer.handle_error (../m22-part3-route-writer/node_modules/express/lib/router/layer.js:67:12)
      at trim_prefix (../m22-part3-route-writer/node_modules/express/lib/router/index.js:326:13)
      at ../m22-part3-route-writer/node_modules/express/lib/router/index.js:286:9
      at router.process_params (../m22-part3-route-writer/node_modules/express/lib/router/index.js:346:12)
      at next (../m22-part3-route-writer/node_modules/express/lib/router/index.js:280:10)
      at Layer.handle_error (../m22-part3-route-writer/node_modules/express/lib/router/layer.js:67:12)
      at trim_prefix (../m22-part3-route-writer/node_modules/express/lib/router/index.js:326:13)
      at ../m22-part3-route-writer/node_modules/express/lib/router/index.js:286:9
      at router.process_params (../m22-part3-route-writer/node_modules/express/lib/router/index.js:346:12)
      at next (../m22-part3-route-writer/node_modules/express/lib/router/index.js:280:10)
      at Layer.handle_error (../m22-part3-route-writer/node_modules/express/lib/router/layer.js:67:12)
      at trim_prefix (../m22-part3-route-writer/node_modules/express/lib/router/index.js:326:13)
      at ../m22-part3-route-writer/node_modules/express/lib/router/index.js:286:9
      at router.process_params (../m22-part3-route-writer/node_modules/express/lib/router/index.js:346:12)
      at next (../m22-part3-route-writer/node_modules/express/lib/router/index.js:280:10)
      at Layer.handle_error (../m22-part3-route-writer/node_modules/express/lib/router/layer.js:67:12)
      at trim_prefix (../m22-part3-route-writer/node_modules/express/lib/router/index.js:326:13)
      at ../m22-part3-route-writer/node_modules/express/lib/router/index.js:286:9
      at router.process_params (../m22-part3-route-writer/node_modules/express/lib/router/index.js:346:12)
      at next (../m22-part3-route-writer/node_modules/express/lib/router/index.js:280:10)
      at Layer.handle_error (../m22-part3-route-writer/node_modules/express/lib/router/layer.js:67:12)
      at trim_prefix (../m22-part3-route-writer/node_modules/express/lib/router/index.js:326:13)
      at ../m22-part3-route-writer/node_modules/express/lib/router/index.js:286:9
      at router.process_params (../m22-part3-route-writer/node_modules/express/lib/router/index.js:346:12)
      at next (../m22-part3-route-writer/node_modules/express/lib/router/index.js:280:10)
      at ../m22-part3-route-writer/node_modules/express/lib/router/index.js:646:15
      at next (../m22-part3-route-writer/node_modules/express/lib/router/index.js:265:14)
      at next (../m22-part3-route-writer/node_modules/express/lib/router/route.js:141:14)
      at Layer.handle_error (../m22-part3-route-writer/node_modules/express/lib/router/layer.js:67:12)
      at next (../m22-part3-route-writer/node_modules/express/lib/router/route.js:147:13)
      at Layer.handle_error (../m22-part3-route-writer/node_modules/express/lib/router/layer.js:67:12)
      at next (../m22-part3-route-writer/node_modules/express/lib/router/route.js:147:13)
      at Layer.handle_error (../m22-part3-route-writer/node_modules/express/lib/router/layer.js:67:12)
      at next (../m22-part3-route-writer/node_modules/express/lib/router/route.js:147:13)
      at Layer.handle_error (../m22-part3-route-writer/node_modules/express/lib/router/layer.js:67:12)
      at next (../m22-part3-route-writer/node_modules/express/lib/router/route.js:147:13)
      at next (src/scheduling/recommendationHttpBoundary.js:268:10)
      at Layer.handle [as handle_request] (../m22-part3-route-writer/node_modules/express/lib/router/layer.js:95:5)
      at next (../m22-part3-route-writer/node_modules/express/lib/router/route.js:149:13)
      at Route.dispatch (../m22-part3-route-writer/node_modules/express/lib/router/route.js:119:3)
      at Layer.handle [as handle_request] (../m22-part3-route-writer/node_modules/express/lib/router/layer.js:95:5)
      at ../m22-part3-route-writer/node_modules/express/lib/router/index.js:284:15
      at param (../m22-part3-route-writer/node_modules/express/lib/router/index.js:365:14)
      at param (../m22-part3-route-writer/node_modules/express/lib/router/index.js:376:14)
      at router.process_params (../m22-part3-route-writer/node_modules/express/lib/router/index.js:421:3)
      at next (../m22-part3-route-writer/node_modules/express/lib/router/index.js:280:10)
      at router.handle (../m22-part3-route-writer/node_modules/express/lib/router/index.js:175:3)
      at router (../m22-part3-route-writer/node_modules/express/lib/router/index.js:47:12)
      at Layer.handle [as handle_request] (../m22-part3-route-writer/node_modules/express/lib/router/layer.js:95:5)
      at trim_prefix (../m22-part3-route-writer/node_modules/express/lib/router/index.js:328:13)
      at ../m22-part3-route-writer/node_modules/express/lib/router/index.js:286:9
      at router.process_params (../m22-part3-route-writer/node_modules/express/lib/router/index.js:346:12)
      at next (../m22-part3-route-writer/node_modules/express/lib/router/index.js:280:10)
      at ../m22-part3-route-writer/node_modules/express/lib/router/index.js:646:15
      at next (../m22-part3-route-writer/node_modules/express/lib/router/index.js:265:14)
      at router.handle (../m22-part3-route-writer/node_modules/express/lib/router/index.js:175:3)
      at router (../m22-part3-route-writer/node_modules/express/lib/router/index.js:47:12)
      at Layer.handle [as handle_request] (../m22-part3-route-writer/node_modules/express/lib/router/layer.js:95:5)
      at trim_prefix (../m22-part3-route-writer/node_modules/express/lib/router/index.js:328:13)
      at ../m22-part3-route-writer/node_modules/express/lib/router/index.js:286:9
      at router.process_params (../m22-part3-route-writer/node_modules/express/lib/router/index.js:346:12)
      at next (../m22-part3-route-writer/node_modules/express/lib/router/index.js:280:10)
      at next (src/middleware/auditLog.js:168:3)
      at Layer.handle [as handle_request] (../m22-part3-route-writer/node_modules/express/lib/router/layer.js:95:5)
      at trim_prefix (../m22-part3-route-writer/node_modules/express/lib/router/index.js:328:13)
      at ../m22-part3-route-writer/node_modules/express/lib/router/index.js:286:9
      at router.process_params (../m22-part3-route-writer/node_modules/express/lib/router/index.js:346:12)
      at next (../m22-part3-route-writer/node_modules/express/lib/router/index.js:280:10)
      at next (src/middleware/security.js:52:3)
      at Layer.handle [as handle_request] (../m22-part3-route-writer/node_modules/express/lib/router/layer.js:95:5)
      at trim_prefix (../m22-part3-route-writer/node_modules/express/lib/router/index.js:328:13)
      at ../m22-part3-route-writer/node_modules/express/lib/router/index.js:286:9
      at router.process_params (../m22-part3-route-writer/node_modules/express/lib/router/index.js:346:12)
      at next (../m22-part3-route-writer/node_modules/express/lib/router/index.js:280:10)
      at ../m22-part3-route-writer/node_modules/body-parser/lib/read.js:137:5
      at invokeCallback (../m22-part3-route-writer/node_modules/raw-body/index.js:238:16)
      at done (../m22-part3-route-writer/node_modules/raw-body/index.js:227:7)
      at IncomingMessage.onEnd (../m22-part3-route-writer/node_modules/raw-body/index.js:287:7)

  console.info
    {
      component: 'http',
      event: 'request_completed',
      requestId: 'cfb2fd55-50e8-49c2-9b15-37e3cb8a662d',
      methodClass: 'POST',
      durationMs: 13,
      statusCode: 500
    }

      at write (src/observability/safeLogger.js:178:17)

  console.error
    {
      component: 'http',
      event: 'request_failed',
      requestId: '9d5d4e22-ece8-456e-b36a-f1caf8b72ec4',
      methodClass: 'POST',
      statusCode: 500
    }

      176 |     ...safeFields(fields),
      177 |   };
    > 178 |   console[level](record);
          |                 ^
      179 |   return record;
      180 | }
      181 |

      at write (src/observability/safeLogger.js:178:17)
      at Object.write (src/observability/safeLogger.js:191:10)
      at error (src/middleware/errorHandler.js:22:14)
      at Layer.handle_error (../m22-part3-route-writer/node_modules/express/lib/router/layer.js:71:5)
      at trim_prefix (../m22-part3-route-writer/node_modules/express/lib/router/index.js:326:13)
      at ../m22-part3-route-writer/node_modules/express/lib/router/index.js:286:9
      at router.process_params (../m22-part3-route-writer/node_modules/express/lib/router/index.js:346:12)
      at next (../m22-part3-route-writer/node_modules/express/lib/router/index.js:280:10)
      at Layer.handle_error (../m22-part3-route-writer/node_modules/express/lib/router/layer.js:67:12)
      at trim_prefix (../m22-part3-route-writer/node_modules/express/lib/router/index.js:326:13)
      at ../m22-part3-route-writer/node_modules/express/lib/router/index.js:286:9
      at router.process_params (../m22-part3-route-writer/node_modules/express/lib/router/index.js:346:12)
      at next (../m22-part3-route-writer/node_modules/express/lib/router/index.js:280:10)
      at Layer.handle_error (../m22-part3-route-writer/node_modules/express/lib/router/layer.js:67:12)
      at trim_prefix (../m22-part3-route-writer/node_modules/express/lib/router/index.js:326:13)
      at ../m22-part3-route-writer/node_modules/express/lib/router/index.js:286:9
      at router.process_params (../m22-part3-route-writer/node_modules/express/lib/router/index.js:346:12)
      at next (../m22-part3-route-writer/node_modules/express/lib/router/index.js:280:10)
      at Layer.handle_error (../m22-part3-route-writer/node_modules/express/lib/router/layer.js:67:12)
      at trim_prefix (../m22-part3-route-writer/node_modules/express/lib/router/index.js:326:13)
      at ../m22-part3-route-writer/node_modules/express/lib/router/index.js:286:9
      at router.process_params (../m22-part3-route-writer/node_modules/express/lib/router/index.js:346:12)
      at next (../m22-part3-route-writer/node_modules/express/lib/router/index.js:280:10)
      at Layer.handle_error (../m22-part3-route-writer/node_modules/express/lib/router/layer.js:67:12)
      at trim_prefix (../m22-part3-route-writer/node_modules/express/lib/router/index.js:326:13)
      at ../m22-part3-route-writer/node_modules/express/lib/router/index.js:286:9
      at router.process_params (../m22-part3-route-writer/node_modules/express/lib/router/index.js:346:12)
      at next (../m22-part3-route-writer/node_modules/express/lib/router/index.js:280:10)
      at Layer.handle_error (../m22-part3-route-writer/node_modules/express/lib/router/layer.js:67:12)
      at trim_prefix (../m22-part3-route-writer/node_modules/express/lib/router/index.js:326:13)
      at ../m22-part3-route-writer/node_modules/express/lib/router/index.js:286:9
      at router.process_params (../m22-part3-route-writer/node_modules/express/lib/router/index.js:346:12)
      at next (../m22-part3-route-writer/node_modules/express/lib/router/index.js:280:10)
      at Layer.handle_error (../m22-part3-route-writer/node_modules/express/lib/router/layer.js:67:12)
      at trim_prefix (../m22-part3-route-writer/node_modules/express/lib/router/index.js:326:13)
      at ../m22-part3-route-writer/node_modules/express/lib/router/index.js:286:9
      at router.process_params (../m22-part3-route-writer/node_modules/express/lib/router/index.js:346:12)
      at next (../m22-part3-route-writer/node_modules/express/lib/router/index.js:280:10)
      at Layer.handle_error (../m22-part3-route-writer/node_modules/express/lib/router/layer.js:67:12)
      at trim_prefix (../m22-part3-route-writer/node_modules/express/lib/router/index.js:326:13)
      at ../m22-part3-route-writer/node_modules/express/lib/router/index.js:286:9
      at router.process_params (../m22-part3-route-writer/node_modules/express/lib/router/index.js:346:12)
      at next (../m22-part3-route-writer/node_modules/express/lib/router/index.js:280:10)
      at ../m22-part3-route-writer/node_modules/express/lib/router/index.js:646:15
      at next (../m22-part3-route-writer/node_modules/express/lib/router/index.js:265:14)
      at next (../m22-part3-route-writer/node_modules/express/lib/router/route.js:141:14)
      at Layer.handle_error (../m22-part3-route-writer/node_modules/express/lib/router/layer.js:67:12)
      at next (../m22-part3-route-writer/node_modules/express/lib/router/route.js:147:13)
      at Layer.handle_error (../m22-part3-route-writer/node_modules/express/lib/router/layer.js:67:12)
      at next (../m22-part3-route-writer/node_modules/express/lib/router/route.js:147:13)
      at Layer.handle_error (../m22-part3-route-writer/node_modules/express/lib/router/layer.js:67:12)
      at next (../m22-part3-route-writer/node_modules/express/lib/router/route.js:147:13)
      at Layer.handle_error (../m22-part3-route-writer/node_modules/express/lib/router/layer.js:67:12)
      at next (../m22-part3-route-writer/node_modules/express/lib/router/route.js:147:13)
      at next (src/scheduling/recommendationHttpBoundary.js:268:10)
      at Layer.handle [as handle_request] (../m22-part3-route-writer/node_modules/express/lib/router/layer.js:95:5)
      at next (../m22-part3-route-writer/node_modules/express/lib/router/route.js:149:13)
      at Route.dispatch (../m22-part3-route-writer/node_modules/express/lib/router/route.js:119:3)
      at Layer.handle [as handle_request] (../m22-part3-route-writer/node_modules/express/lib/router/layer.js:95:5)
      at ../m22-part3-route-writer/node_modules/express/lib/router/index.js:284:15
      at param (../m22-part3-route-writer/node_modules/express/lib/router/index.js:365:14)
      at param (../m22-part3-route-writer/node_modules/express/lib/router/index.js:376:14)
      at router.process_params (../m22-part3-route-writer/node_modules/express/lib/router/index.js:421:3)
      at next (../m22-part3-route-writer/node_modules/express/lib/router/index.js:280:10)
      at router.handle (../m22-part3-route-writer/node_modules/express/lib/router/index.js:175:3)
      at router (../m22-part3-route-writer/node_modules/express/lib/router/index.js:47:12)
      at Layer.handle [as handle_request] (../m22-part3-route-writer/node_modules/express/lib/router/layer.js:95:5)
      at trim_prefix (../m22-part3-route-writer/node_modules/express/lib/router/index.js:328:13)
      at ../m22-part3-route-writer/node_modules/express/lib/router/index.js:286:9
      at router.process_params (../m22-part3-route-writer/node_modules/express/lib/router/index.js:346:12)
      at next (../m22-part3-route-writer/node_modules/express/lib/router/index.js:280:10)
      at ../m22-part3-route-writer/node_modules/express/lib/router/index.js:646:15
      at next (../m22-part3-route-writer/node_modules/express/lib/router/index.js:265:14)
      at router.handle (../m22-part3-route-writer/node_modules/express/lib/router/index.js:175:3)
      at router (../m22-part3-route-writer/node_modules/express/lib/router/index.js:47:12)
      at Layer.handle [as handle_request] (../m22-part3-route-writer/node_modules/express/lib/router/layer.js:95:5)
      at trim_prefix (../m22-part3-route-writer/node_modules/express/lib/router/index.js:328:13)
      at ../m22-part3-route-writer/node_modules/express/lib/router/index.js:286:9
      at router.process_params (../m22-part3-route-writer/node_modules/express/lib/router/index.js:346:12)
      at next (../m22-part3-route-writer/node_modules/express/lib/router/index.js:280:10)
      at next (src/middleware/auditLog.js:168:3)
      at Layer.handle [as handle_request] (../m22-part3-route-writer/node_modules/express/lib/router/layer.js:95:5)
      at trim_prefix (../m22-part3-route-writer/node_modules/express/lib/router/index.js:328:13)
      at ../m22-part3-route-writer/node_modules/express/lib/router/index.js:286:9
      at router.process_params (../m22-part3-route-writer/node_modules/express/lib/router/index.js:346:12)
      at next (../m22-part3-route-writer/node_modules/express/lib/router/index.js:280:10)
      at next (src/middleware/security.js:52:3)
      at Layer.handle [as handle_request] (../m22-part3-route-writer/node_modules/express/lib/router/layer.js:95:5)
      at trim_prefix (../m22-part3-route-writer/node_modules/express/lib/router/index.js:328:13)
      at ../m22-part3-route-writer/node_modules/express/lib/router/index.js:286:9
      at router.process_params (../m22-part3-route-writer/node_modules/express/lib/router/index.js:346:12)
      at next (../m22-part3-route-writer/node_modules/express/lib/router/index.js:280:10)
      at ../m22-part3-route-writer/node_modules/body-parser/lib/read.js:137:5
      at invokeCallback (../m22-part3-route-writer/node_modules/raw-body/index.js:238:16)
      at done (../m22-part3-route-writer/node_modules/raw-body/index.js:227:7)
      at IncomingMessage.onEnd (../m22-part3-route-writer/node_modules/raw-body/index.js:287:7)

  console.info
    {
      component: 'http',
      event: 'request_completed',
      requestId: '9d5d4e22-ece8-456e-b36a-f1caf8b72ec4',
      methodClass: 'POST',
      durationMs: 13,
      statusCode: 500
    }

      at write (src/observability/safeLogger.js:178:17)

  console.error
    {
      component: 'http',
      event: 'request_failed',
      requestId: 'f7b93e31-02c3-4def-b2c6-1e5606506b7f',
      methodClass: 'POST',
      statusCode: 500
    }

      176 |     ...safeFields(fields),
      177 |   };
    > 178 |   console[level](record);
          |                 ^
      179 |   return record;
      180 | }
      181 |

      at write (src/observability/safeLogger.js:178:17)
      at Object.write (src/observability/safeLogger.js:191:10)
      at error (src/middleware/errorHandler.js:22:14)
      at Layer.handle_error (../m22-part3-route-writer/node_modules/express/lib/router/layer.js:71:5)
      at trim_prefix (../m22-part3-route-writer/node_modules/express/lib/router/index.js:326:13)
      at ../m22-part3-route-writer/node_modules/express/lib/router/index.js:286:9
      at router.process_params (../m22-part3-route-writer/node_modules/express/lib/router/index.js:346:12)
      at next (../m22-part3-route-writer/node_modules/express/lib/router/index.js:280:10)
      at Layer.handle_error (../m22-part3-route-writer/node_modules/express/lib/router/layer.js:67:12)
      at trim_prefix (../m22-part3-route-writer/node_modules/express/lib/router/index.js:326:13)
      at ../m22-part3-route-writer/node_modules/express/lib/router/index.js:286:9
      at router.process_params (../m22-part3-route-writer/node_modules/express/lib/router/index.js:346:12)
      at next (../m22-part3-route-writer/node_modules/express/lib/router/index.js:280:10)
      at Layer.handle_error (../m22-part3-route-writer/node_modules/express/lib/router/layer.js:67:12)
      at trim_prefix (../m22-part3-route-writer/node_modules/express/lib/router/index.js:326:13)
      at ../m22-part3-route-writer/node_modules/express/lib/router/index.js:286:9
      at router.process_params (../m22-part3-route-writer/node_modules/express/lib/router/index.js:346:12)
      at next (../m22-part3-route-writer/node_modules/express/lib/router/index.js:280:10)
      at Layer.handle_error (../m22-part3-route-writer/node_modules/express/lib/router/layer.js:67:12)
      at trim_prefix (../m22-part3-route-writer/node_modules/express/lib/router/index.js:326:13)
      at ../m22-part3-route-writer/node_modules/express/lib/router/index.js:286:9
      at router.process_params (../m22-part3-route-writer/node_modules/express/lib/router/index.js:346:12)
      at next (../m22-part3-route-writer/node_modules/express/lib/router/index.js:280:10)
      at Layer.handle_error (../m22-part3-route-writer/node_modules/express/lib/router/layer.js:67:12)
      at trim_prefix (../m22-part3-route-writer/node_modules/express/lib/router/index.js:326:13)
      at ../m22-part3-route-writer/node_modules/express/lib/router/index.js:286:9
      at router.process_params (../m22-part3-route-writer/node_modules/express/lib/router/index.js:346:12)
      at next (../m22-part3-route-writer/node_modules/express/lib/router/index.js:280:10)
      at Layer.handle_error (../m22-part3-route-writer/node_modules/express/lib/router/layer.js:67:12)
      at trim_prefix (../m22-part3-route-writer/node_modules/express/lib/router/index.js:326:13)
      at ../m22-part3-route-writer/node_modules/express/lib/router/index.js:286:9
      at router.process_params (../m22-part3-route-writer/node_modules/express/lib/router/index.js:346:12)
      at next (../m22-part3-route-writer/node_modules/express/lib/router/index.js:280:10)
      at Layer.handle_error (../m22-part3-route-writer/node_modules/express/lib/router/layer.js:67:12)
      at trim_prefix (../m22-part3-route-writer/node_modules/express/lib/router/index.js:326:13)
      at ../m22-part3-route-writer/node_modules/express/lib/router/index.js:286:9
      at router.process_params (../m22-part3-route-writer/node_modules/express/lib/router/index.js:346:12)
      at next (../m22-part3-route-writer/node_modules/express/lib/router/index.js:280:10)
      at Layer.handle_error (../m22-part3-route-writer/node_modules/express/lib/router/layer.js:67:12)
      at trim_prefix (../m22-part3-route-writer/node_modules/express/lib/router/index.js:326:13)
      at ../m22-part3-route-writer/node_modules/express/lib/router/index.js:286:9
      at router.process_params (../m22-part3-route-writer/node_modules/express/lib/router/index.js:346:12)
      at next (../m22-part3-route-writer/node_modules/express/lib/router/index.js:280:10)
      at ../m22-part3-route-writer/node_modules/express/lib/router/index.js:646:15
      at next (../m22-part3-route-writer/node_modules/express/lib/router/index.js:265:14)
      at next (../m22-part3-route-writer/node_modules/express/lib/router/route.js:141:14)
      at Layer.handle_error (../m22-part3-route-writer/node_modules/express/lib/router/layer.js:67:12)
      at next (../m22-part3-route-writer/node_modules/express/lib/router/route.js:147:13)
      at Layer.handle_error (../m22-part3-route-writer/node_modules/express/lib/router/layer.js:67:12)
      at next (../m22-part3-route-writer/node_modules/express/lib/router/route.js:147:13)
      at Layer.handle_error (../m22-part3-route-writer/node_modules/express/lib/router/layer.js:67:12)
      at next (../m22-part3-route-writer/node_modules/express/lib/router/route.js:147:13)
      at Layer.handle_error (../m22-part3-route-writer/node_modules/express/lib/router/layer.js:67:12)
      at next (../m22-part3-route-writer/node_modules/express/lib/router/route.js:147:13)
      at next (src/scheduling/recommendationHttpBoundary.js:268:10)
      at Layer.handle [as handle_request] (../m22-part3-route-writer/node_modules/express/lib/router/layer.js:95:5)
      at next (../m22-part3-route-writer/node_modules/express/lib/router/route.js:149:13)
      at Route.dispatch (../m22-part3-route-writer/node_modules/express/lib/router/route.js:119:3)
      at Layer.handle [as handle_request] (../m22-part3-route-writer/node_modules/express/lib/router/layer.js:95:5)
      at ../m22-part3-route-writer/node_modules/express/lib/router/index.js:284:15
      at param (../m22-part3-route-writer/node_modules/express/lib/router/index.js:365:14)
      at param (../m22-part3-route-writer/node_modules/express/lib/router/index.js:376:14)
      at router.process_params (../m22-part3-route-writer/node_modules/express/lib/router/index.js:421:3)
      at next (../m22-part3-route-writer/node_modules/express/lib/router/index.js:280:10)
      at router.handle (../m22-part3-route-writer/node_modules/express/lib/router/index.js:175:3)
      at router (../m22-part3-route-writer/node_modules/express/lib/router/index.js:47:12)
      at Layer.handle [as handle_request] (../m22-part3-route-writer/node_modules/express/lib/router/layer.js:95:5)
      at trim_prefix (../m22-part3-route-writer/node_modules/express/lib/router/index.js:328:13)
      at ../m22-part3-route-writer/node_modules/express/lib/router/index.js:286:9
      at router.process_params (../m22-part3-route-writer/node_modules/express/lib/router/index.js:346:12)
      at next (../m22-part3-route-writer/node_modules/express/lib/router/index.js:280:10)
      at ../m22-part3-route-writer/node_modules/express/lib/router/index.js:646:15
      at next (../m22-part3-route-writer/node_modules/express/lib/router/index.js:265:14)
      at router.handle (../m22-part3-route-writer/node_modules/express/lib/router/index.js:175:3)
      at router (../m22-part3-route-writer/node_modules/express/lib/router/index.js:47:12)
      at Layer.handle [as handle_request] (../m22-part3-route-writer/node_modules/express/lib/router/layer.js:95:5)
      at trim_prefix (../m22-part3-route-writer/node_modules/express/lib/router/index.js:328:13)
      at ../m22-part3-route-writer/node_modules/express/lib/router/index.js:286:9
      at router.process_params (../m22-part3-route-writer/node_modules/express/lib/router/index.js:346:12)
      at next (../m22-part3-route-writer/node_modules/express/lib/router/index.js:280:10)
      at next (src/middleware/auditLog.js:168:3)
      at Layer.handle [as handle_request] (../m22-part3-route-writer/node_modules/express/lib/router/layer.js:95:5)
      at trim_prefix (../m22-part3-route-writer/node_modules/express/lib/router/index.js:328:13)
      at ../m22-part3-route-writer/node_modules/express/lib/router/index.js:286:9
      at router.process_params (../m22-part3-route-writer/node_modules/express/lib/router/index.js:346:12)
      at next (../m22-part3-route-writer/node_modules/express/lib/router/index.js:280:10)
      at next (src/middleware/security.js:52:3)
      at Layer.handle [as handle_request] (../m22-part3-route-writer/node_modules/express/lib/router/layer.js:95:5)
      at trim_prefix (../m22-part3-route-writer/node_modules/express/lib/router/index.js:328:13)
      at ../m22-part3-route-writer/node_modules/express/lib/router/index.js:286:9
      at router.process_params (../m22-part3-route-writer/node_modules/express/lib/router/index.js:346:12)
      at next (../m22-part3-route-writer/node_modules/express/lib/router/index.js:280:10)
      at ../m22-part3-route-writer/node_modules/body-parser/lib/read.js:137:5
      at invokeCallback (../m22-part3-route-writer/node_modules/raw-body/index.js:238:16)
      at done (../m22-part3-route-writer/node_modules/raw-body/index.js:227:7)
      at IncomingMessage.onEnd (../m22-part3-route-writer/node_modules/raw-body/index.js:287:7)

  console.info
    {
      component: 'http',
      event: 'request_completed',
      requestId: 'f7b93e31-02c3-4def-b2c6-1e5606506b7f',
      methodClass: 'POST',
      durationMs: 12,
      statusCode: 500
    }

      at write (src/observability/safeLogger.js:178:17)

  console.error
    {
      component: 'http',
      event: 'request_failed',
      requestId: '0632d373-bb3e-4b64-a95e-fce76b208651',
      methodClass: 'POST',
      statusCode: 500
    }

      176 |     ...safeFields(fields),
      177 |   };
    > 178 |   console[level](record);
          |                 ^
      179 |   return record;
      180 | }
      181 |

      at write (src/observability/safeLogger.js:178:17)
      at Object.write (src/observability/safeLogger.js:191:10)
      at error (src/middleware/errorHandler.js:22:14)
      at Layer.handle_error (../m22-part3-route-writer/node_modules/express/lib/router/layer.js:71:5)
      at trim_prefix (../m22-part3-route-writer/node_modules/express/lib/router/index.js:326:13)
      at ../m22-part3-route-writer/node_modules/express/lib/router/index.js:286:9
      at router.process_params (../m22-part3-route-writer/node_modules/express/lib/router/index.js:346:12)
      at next (../m22-part3-route-writer/node_modules/express/lib/router/index.js:280:10)
      at Layer.handle_error (../m22-part3-route-writer/node_modules/express/lib/router/layer.js:67:12)
      at trim_prefix (../m22-part3-route-writer/node_modules/express/lib/router/index.js:326:13)
      at ../m22-part3-route-writer/node_modules/express/lib/router/index.js:286:9
      at router.process_params (../m22-part3-route-writer/node_modules/express/lib/router/index.js:346:12)
      at next (../m22-part3-route-writer/node_modules/express/lib/router/index.js:280:10)
      at Layer.handle_error (../m22-part3-route-writer/node_modules/express/lib/router/layer.js:67:12)
      at trim_prefix (../m22-part3-route-writer/node_modules/express/lib/router/index.js:326:13)
      at ../m22-part3-route-writer/node_modules/express/lib/router/index.js:286:9
      at router.process_params (../m22-part3-route-writer/node_modules/express/lib/router/index.js:346:12)
      at next (../m22-part3-route-writer/node_modules/express/lib/router/index.js:280:10)
      at Layer.handle_error (../m22-part3-route-writer/node_modules/express/lib/router/layer.js:67:12)
      at trim_prefix (../m22-part3-route-writer/node_modules/express/lib/router/index.js:326:13)
      at ../m22-part3-route-writer/node_modules/express/lib/router/index.js:286:9
      at router.process_params (../m22-part3-route-writer/node_modules/express/lib/router/index.js:346:12)
      at next (../m22-part3-route-writer/node_modules/express/lib/router/index.js:280:10)
      at Layer.handle_error (../m22-part3-route-writer/node_modules/express/lib/router/layer.js:67:12)
      at trim_prefix (../m22-part3-route-writer/node_modules/express/lib/router/index.js:326:13)
      at ../m22-part3-route-writer/node_modules/express/lib/router/index.js:286:9
      at router.process_params (../m22-part3-route-writer/node_modules/express/lib/router/index.js:346:12)
      at next (../m22-part3-route-writer/node_modules/express/lib/router/index.js:280:10)
      at Layer.handle_error (../m22-part3-route-writer/node_modules/express/lib/router/layer.js:67:12)
      at trim_prefix (../m22-part3-route-writer/node_modules/express/lib/router/index.js:326:13)
      at ../m22-part3-route-writer/node_modules/express/lib/router/index.js:286:9
      at router.process_params (../m22-part3-route-writer/node_modules/express/lib/router/index.js:346:12)
      at next (../m22-part3-route-writer/node_modules/express/lib/router/index.js:280:10)
      at Layer.handle_error (../m22-part3-route-writer/node_modules/express/lib/router/layer.js:67:12)
      at trim_prefix (../m22-part3-route-writer/node_modules/express/lib/router/index.js:326:13)
      at ../m22-part3-route-writer/node_modules/express/lib/router/index.js:286:9
      at router.process_params (../m22-part3-route-writer/node_modules/express/lib/router/index.js:346:12)
      at next (../m22-part3-route-writer/node_modules/express/lib/router/index.js:280:10)
      at Layer.handle_error (../m22-part3-route-writer/node_modules/express/lib/router/layer.js:67:12)
      at trim_prefix (../m22-part3-route-writer/node_modules/express/lib/router/index.js:326:13)
      at ../m22-part3-route-writer/node_modules/express/lib/router/index.js:286:9
      at router.process_params (../m22-part3-route-writer/node_modules/express/lib/router/index.js:346:12)
      at next (../m22-part3-route-writer/node_modules/express/lib/router/index.js:280:10)
      at ../m22-part3-route-writer/node_modules/express/lib/router/index.js:646:15
      at next (../m22-part3-route-writer/node_modules/express/lib/router/index.js:265:14)
      at next (../m22-part3-route-writer/node_modules/express/lib/router/route.js:141:14)
      at Layer.handle_error (../m22-part3-route-writer/node_modules/express/lib/router/layer.js:67:12)
      at next (../m22-part3-route-writer/node_modules/express/lib/router/route.js:147:13)
      at Layer.handle_error (../m22-part3-route-writer/node_modules/express/lib/router/layer.js:67:12)
      at next (../m22-part3-route-writer/node_modules/express/lib/router/route.js:147:13)
      at Layer.handle_error (../m22-part3-route-writer/node_modules/express/lib/router/layer.js:67:12)
      at next (../m22-part3-route-writer/node_modules/express/lib/router/route.js:147:13)
      at Layer.handle_error (../m22-part3-route-writer/node_modules/express/lib/router/layer.js:67:12)
      at next (../m22-part3-route-writer/node_modules/express/lib/router/route.js:147:13)
      at next (src/scheduling/recommendationHttpBoundary.js:268:10)
      at Layer.handle [as handle_request] (../m22-part3-route-writer/node_modules/express/lib/router/layer.js:95:5)
      at next (../m22-part3-route-writer/node_modules/express/lib/router/route.js:149:13)
      at Route.dispatch (../m22-part3-route-writer/node_modules/express/lib/router/route.js:119:3)
      at Layer.handle [as handle_request] (../m22-part3-route-writer/node_modules/express/lib/router/layer.js:95:5)
      at ../m22-part3-route-writer/node_modules/express/lib/router/index.js:284:15
      at param (../m22-part3-route-writer/node_modules/express/lib/router/index.js:365:14)
      at param (../m22-part3-route-writer/node_modules/express/lib/router/index.js:376:14)
      at router.process_params (../m22-part3-route-writer/node_modules/express/lib/router/index.js:421:3)
      at next (../m22-part3-route-writer/node_modules/express/lib/router/index.js:280:10)
      at router.handle (../m22-part3-route-writer/node_modules/express/lib/router/index.js:175:3)
      at router (../m22-part3-route-writer/node_modules/express/lib/router/index.js:47:12)
      at Layer.handle [as handle_request] (../m22-part3-route-writer/node_modules/express/lib/router/layer.js:95:5)
      at trim_prefix (../m22-part3-route-writer/node_modules/express/lib/router/index.js:328:13)
      at ../m22-part3-route-writer/node_modules/express/lib/router/index.js:286:9
      at router.process_params (../m22-part3-route-writer/node_modules/express/lib/router/index.js:346:12)
      at next (../m22-part3-route-writer/node_modules/express/lib/router/index.js:280:10)
      at ../m22-part3-route-writer/node_modules/express/lib/router/index.js:646:15
      at next (../m22-part3-route-writer/node_modules/express/lib/router/index.js:265:14)
      at router.handle (../m22-part3-route-writer/node_modules/express/lib/router/index.js:175:3)
      at router (../m22-part3-route-writer/node_modules/express/lib/router/index.js:47:12)
      at Layer.handle [as handle_request] (../m22-part3-route-writer/node_modules/express/lib/router/layer.js:95:5)
      at trim_prefix (../m22-part3-route-writer/node_modules/express/lib/router/index.js:328:13)
      at ../m22-part3-route-writer/node_modules/express/lib/router/index.js:286:9
      at router.process_params (../m22-part3-route-writer/node_modules/express/lib/router/index.js:346:12)
      at next (../m22-part3-route-writer/node_modules/express/lib/router/index.js:280:10)
      at next (src/middleware/auditLog.js:168:3)
      at Layer.handle [as handle_request] (../m22-part3-route-writer/node_modules/express/lib/router/layer.js:95:5)
      at trim_prefix (../m22-part3-route-writer/node_modules/express/lib/router/index.js:328:13)
      at ../m22-part3-route-writer/node_modules/express/lib/router/index.js:286:9
      at router.process_params (../m22-part3-route-writer/node_modules/express/lib/router/index.js:346:12)
      at next (../m22-part3-route-writer/node_modules/express/lib/router/index.js:280:10)
      at next (src/middleware/security.js:52:3)
      at Layer.handle [as handle_request] (../m22-part3-route-writer/node_modules/express/lib/router/layer.js:95:5)
      at trim_prefix (../m22-part3-route-writer/node_modules/express/lib/router/index.js:328:13)
      at ../m22-part3-route-writer/node_modules/express/lib/router/index.js:286:9
      at router.process_params (../m22-part3-route-writer/node_modules/express/lib/router/index.js:346:12)
      at next (../m22-part3-route-writer/node_modules/express/lib/router/index.js:280:10)
      at ../m22-part3-route-writer/node_modules/body-parser/lib/read.js:137:5
      at invokeCallback (../m22-part3-route-writer/node_modules/raw-body/index.js:238:16)
      at done (../m22-part3-route-writer/node_modules/raw-body/index.js:227:7)
      at IncomingMessage.onEnd (../m22-part3-route-writer/node_modules/raw-body/index.js:287:7)

  console.info
    {
      component: 'http',
      event: 'request_completed',
      requestId: '0632d373-bb3e-4b64-a95e-fce76b208651',
      methodClass: 'POST',
      durationMs: 12,
      statusCode: 500
    }

      at write (src/observability/safeLogger.js:178:17)

  console.error
    {
      component: 'http',
      event: 'request_failed',
      requestId: '4ada9a1b-38dd-4aad-afb2-208b57faad13',
      methodClass: 'POST',
      statusCode: 400
    }

      176 |     ...safeFields(fields),
      177 |   };
    > 178 |   console[level](record);
          |                 ^
      179 |   return record;
      180 | }
      181 |

      at write (src/observability/safeLogger.js:178:17)
      at Object.write (src/observability/safeLogger.js:191:10)
      at error (src/middleware/errorHandler.js:22:14)
      at Layer.handle_error (../m22-part3-route-writer/node_modules/express/lib/router/layer.js:71:5)
      at trim_prefix (../m22-part3-route-writer/node_modules/express/lib/router/index.js:326:13)
      at ../m22-part3-route-writer/node_modules/express/lib/router/index.js:286:9
      at router.process_params (../m22-part3-route-writer/node_modules/express/lib/router/index.js:346:12)
      at next (../m22-part3-route-writer/node_modules/express/lib/router/index.js:280:10)
      at Layer.handle_error (../m22-part3-route-writer/node_modules/express/lib/router/layer.js:67:12)
      at trim_prefix (../m22-part3-route-writer/node_modules/express/lib/router/index.js:326:13)
      at ../m22-part3-route-writer/node_modules/express/lib/router/index.js:286:9
      at router.process_params (../m22-part3-route-writer/node_modules/express/lib/router/index.js:346:12)
      at next (../m22-part3-route-writer/node_modules/express/lib/router/index.js:280:10)
      at Layer.handle_error (../m22-part3-route-writer/node_modules/express/lib/router/layer.js:67:12)
      at trim_prefix (../m22-part3-route-writer/node_modules/express/lib/router/index.js:326:13)
      at ../m22-part3-route-writer/node_modules/express/lib/router/index.js:286:9
      at router.process_params (../m22-part3-route-writer/node_modules/express/lib/router/index.js:346:12)
      at next (../m22-part3-route-writer/node_modules/express/lib/router/index.js:280:10)
      at Layer.handle_error (../m22-part3-route-writer/node_modules/express/lib/router/layer.js:67:12)
      at trim_prefix (../m22-part3-route-writer/node_modules/express/lib/router/index.js:326:13)
      at ../m22-part3-route-writer/node_modules/express/lib/router/index.js:286:9
      at router.process_params (../m22-part3-route-writer/node_modules/express/lib/router/index.js:346:12)
      at next (../m22-part3-route-writer/node_modules/express/lib/router/index.js:280:10)
      at Layer.handle_error (../m22-part3-route-writer/node_modules/express/lib/router/layer.js:67:12)
      at trim_prefix (../m22-part3-route-writer/node_modules/express/lib/router/index.js:326:13)
      at ../m22-part3-route-writer/node_modules/express/lib/router/index.js:286:9
      at router.process_params (../m22-part3-route-writer/node_modules/express/lib/router/index.js:346:12)
      at next (../m22-part3-route-writer/node_modules/express/lib/router/index.js:280:10)
      at Layer.handle_error (../m22-part3-route-writer/node_modules/express/lib/router/layer.js:67:12)
      at trim_prefix (../m22-part3-route-writer/node_modules/express/lib/router/index.js:326:13)
      at ../m22-part3-route-writer/node_modules/express/lib/router/index.js:286:9
      at router.process_params (../m22-part3-route-writer/node_modules/express/lib/router/index.js:346:12)
      at next (../m22-part3-route-writer/node_modules/express/lib/router/index.js:280:10)
      at Layer.handle_error (../m22-part3-route-writer/node_modules/express/lib/router/layer.js:67:12)
      at trim_prefix (../m22-part3-route-writer/node_modules/express/lib/router/index.js:326:13)
      at ../m22-part3-route-writer/node_modules/express/lib/router/index.js:286:9
      at router.process_params (../m22-part3-route-writer/node_modules/express/lib/router/index.js:346:12)
      at next (../m22-part3-route-writer/node_modules/express/lib/router/index.js:280:10)
      at Layer.handle_error (../m22-part3-route-writer/node_modules/express/lib/router/layer.js:67:12)
      at trim_prefix (../m22-part3-route-writer/node_modules/express/lib/router/index.js:326:13)
      at ../m22-part3-route-writer/node_modules/express/lib/router/index.js:286:9
      at router.process_params (../m22-part3-route-writer/node_modules/express/lib/router/index.js:346:12)
      at next (../m22-part3-route-writer/node_modules/express/lib/router/index.js:280:10)
      at ../m22-part3-route-writer/node_modules/express/lib/router/index.js:646:15
      at next (../m22-part3-route-writer/node_modules/express/lib/router/index.js:265:14)
      at router.handle (../m22-part3-route-writer/node_modules/express/lib/router/index.js:175:3)
      at router (../m22-part3-route-writer/node_modules/express/lib/router/index.js:47:12)
      at Layer.handle [as handle_request] (../m22-part3-route-writer/node_modules/express/lib/router/layer.js:95:5)
      at trim_prefix (../m22-part3-route-writer/node_modules/express/lib/router/index.js:328:13)
      at ../m22-part3-route-writer/node_modules/express/lib/router/index.js:286:9
      at router.process_params (../m22-part3-route-writer/node_modules/express/lib/router/index.js:346:12)
      at next (../m22-part3-route-writer/node_modules/express/lib/router/index.js:280:10)
      at ../m22-part3-route-writer/node_modules/express/lib/router/index.js:646:15
      at next (../m22-part3-route-writer/node_modules/express/lib/router/index.js:265:14)
      at router.handle (../m22-part3-route-writer/node_modules/express/lib/router/index.js:175:3)
      at router (../m22-part3-route-writer/node_modules/express/lib/router/index.js:47:12)
      at Layer.handle [as handle_request] (../m22-part3-route-writer/node_modules/express/lib/router/layer.js:95:5)
      at trim_prefix (../m22-part3-route-writer/node_modules/express/lib/router/index.js:328:13)
      at ../m22-part3-route-writer/node_modules/express/lib/router/index.js:286:9
      at router.process_params (../m22-part3-route-writer/node_modules/express/lib/router/index.js:346:12)
      at next (../m22-part3-route-writer/node_modules/express/lib/router/index.js:280:10)
      at next (src/middleware/auditLog.js:168:3)
      at Layer.handle [as handle_request] (../m22-part3-route-writer/node_modules/express/lib/router/layer.js:95:5)
      at trim_prefix (../m22-part3-route-writer/node_modules/express/lib/router/index.js:328:13)
      at ../m22-part3-route-writer/node_modules/express/lib/router/index.js:286:9
      at router.process_params (../m22-part3-route-writer/node_modules/express/lib/router/index.js:346:12)
      at next (../m22-part3-route-writer/node_modules/express/lib/router/index.js:280:10)
      at next (src/middleware/security.js:52:3)
      at Layer.handle [as handle_request] (../m22-part3-route-writer/node_modules/express/lib/router/layer.js:95:5)
      at trim_prefix (../m22-part3-route-writer/node_modules/express/lib/router/index.js:328:13)
      at ../m22-part3-route-writer/node_modules/express/lib/router/index.js:286:9
      at router.process_params (../m22-part3-route-writer/node_modules/express/lib/router/index.js:346:12)
      at next (../m22-part3-route-writer/node_modules/express/lib/router/index.js:280:10)
      at ../m22-part3-route-writer/node_modules/body-parser/lib/read.js:137:5
      at invokeCallback (../m22-part3-route-writer/node_modules/raw-body/index.js:238:16)
      at done (../m22-part3-route-writer/node_modules/raw-body/index.js:227:7)
      at IncomingMessage.onEnd (../m22-part3-route-writer/node_modules/raw-body/index.js:287:7)

  console.info
    {
      component: 'http',
      event: 'request_completed',
      requestId: '4ada9a1b-38dd-4aad-afb2-208b57faad13',
      methodClass: 'POST',
      durationMs: 7,
      statusCode: 400
    }

      at write (src/observability/safeLogger.js:178:17)

  console.error
    {
      component: 'http',
      event: 'request_failed',
      requestId: 'fc3becc1-e390-49e7-a0d7-fb0f8f4673a0',
      methodClass: 'POST',
      statusCode: 413
    }

      176 |     ...safeFields(fields),
      177 |   };
    > 178 |   console[level](record);
          |                 ^
      179 |   return record;
      180 | }
      181 |

      at write (src/observability/safeLogger.js:178:17)
      at Object.write (src/observability/safeLogger.js:191:10)
      at error (src/middleware/errorHandler.js:22:14)
      at Layer.handle_error (../m22-part3-route-writer/node_modules/express/lib/router/layer.js:71:5)
      at trim_prefix (../m22-part3-route-writer/node_modules/express/lib/router/index.js:326:13)
      at ../m22-part3-route-writer/node_modules/express/lib/router/index.js:286:9
      at router.process_params (../m22-part3-route-writer/node_modules/express/lib/router/index.js:346:12)
      at next (../m22-part3-route-writer/node_modules/express/lib/router/index.js:280:10)
      at Layer.handle_error (../m22-part3-route-writer/node_modules/express/lib/router/layer.js:67:12)
      at trim_prefix (../m22-part3-route-writer/node_modules/express/lib/router/index.js:326:13)
      at ../m22-part3-route-writer/node_modules/express/lib/router/index.js:286:9
      at router.process_params (../m22-part3-route-writer/node_modules/express/lib/router/index.js:346:12)
      at next (../m22-part3-route-writer/node_modules/express/lib/router/index.js:280:10)
      at Layer.handle_error (../m22-part3-route-writer/node_modules/express/lib/router/layer.js:67:12)
      at trim_prefix (../m22-part3-route-writer/node_modules/express/lib/router/index.js:326:13)
      at ../m22-part3-route-writer/node_modules/express/lib/router/index.js:286:9
      at router.process_params (../m22-part3-route-writer/node_modules/express/lib/router/index.js:346:12)
      at next (../m22-part3-route-writer/node_modules/express/lib/router/index.js:280:10)
      at Layer.handle_error (../m22-part3-route-writer/node_modules/express/lib/router/layer.js:67:12)
      at trim_prefix (../m22-part3-route-writer/node_modules/express/lib/router/index.js:326:13)
      at ../m22-part3-route-writer/node_modules/express/lib/router/index.js:286:9
      at router.process_params (../m22-part3-route-writer/node_modules/express/lib/router/index.js:346:12)
      at next (../m22-part3-route-writer/node_modules/express/lib/router/index.js:280:10)
      at Layer.handle_error (../m22-part3-route-writer/node_modules/express/lib/router/layer.js:67:12)
      at trim_prefix (../m22-part3-route-writer/node_modules/express/lib/router/index.js:326:13)
      at ../m22-part3-route-writer/node_modules/express/lib/router/index.js:286:9
      at router.process_params (../m22-part3-route-writer/node_modules/express/lib/router/index.js:346:12)
      at next (../m22-part3-route-writer/node_modules/express/lib/router/index.js:280:10)
      at Layer.handle_error (../m22-part3-route-writer/node_modules/express/lib/router/layer.js:67:12)
      at trim_prefix (../m22-part3-route-writer/node_modules/express/lib/router/index.js:326:13)
      at ../m22-part3-route-writer/node_modules/express/lib/router/index.js:286:9
      at router.process_params (../m22-part3-route-writer/node_modules/express/lib/router/index.js:346:12)
      at next (../m22-part3-route-writer/node_modules/express/lib/router/index.js:280:10)
      at Layer.handle_error (../m22-part3-route-writer/node_modules/express/lib/router/layer.js:67:12)
      at trim_prefix (../m22-part3-route-writer/node_modules/express/lib/router/index.js:326:13)
      at ../m22-part3-route-writer/node_modules/express/lib/router/index.js:286:9
      at router.process_params (../m22-part3-route-writer/node_modules/express/lib/router/index.js:346:12)
      at next (../m22-part3-route-writer/node_modules/express/lib/router/index.js:280:10)
      at Layer.handle_error (../m22-part3-route-writer/node_modules/express/lib/router/layer.js:67:12)
      at trim_prefix (../m22-part3-route-writer/node_modules/express/lib/router/index.js:326:13)
      at ../m22-part3-route-writer/node_modules/express/lib/router/index.js:286:9
      at router.process_params (../m22-part3-route-writer/node_modules/express/lib/router/index.js:346:12)
      at next (../m22-part3-route-writer/node_modules/express/lib/router/index.js:280:10)
      at Layer.handle_error (../m22-part3-route-writer/node_modules/express/lib/router/layer.js:67:12)
      at trim_prefix (../m22-part3-route-writer/node_modules/express/lib/router/index.js:326:13)
      at ../m22-part3-route-writer/node_modules/express/lib/router/index.js:286:9
      at router.process_params (../m22-part3-route-writer/node_modules/express/lib/router/index.js:346:12)
      at next (../m22-part3-route-writer/node_modules/express/lib/router/index.js:280:10)
      at Layer.handle_error (../m22-part3-route-writer/node_modules/express/lib/router/layer.js:67:12)
      at trim_prefix (../m22-part3-route-writer/node_modules/express/lib/router/index.js:326:13)
      at ../m22-part3-route-writer/node_modules/express/lib/router/index.js:286:9
      at router.process_params (../m22-part3-route-writer/node_modules/express/lib/router/index.js:346:12)
      at next (../m22-part3-route-writer/node_modules/express/lib/router/index.js:280:10)
      at Layer.handle_error (../m22-part3-route-writer/node_modules/express/lib/router/layer.js:67:12)
      at trim_prefix (../m22-part3-route-writer/node_modules/express/lib/router/index.js:326:13)
      at ../m22-part3-route-writer/node_modules/express/lib/router/index.js:286:9
      at router.process_params (../m22-part3-route-writer/node_modules/express/lib/router/index.js:346:12)
      at next (../m22-part3-route-writer/node_modules/express/lib/router/index.js:280:10)
      at Layer.handle_error (../m22-part3-route-writer/node_modules/express/lib/router/layer.js:67:12)
      at trim_prefix (../m22-part3-route-writer/node_modules/express/lib/router/index.js:326:13)
      at ../m22-part3-route-writer/node_modules/express/lib/router/index.js:286:9
      at router.process_params (../m22-part3-route-writer/node_modules/express/lib/router/index.js:346:12)
      at next (../m22-part3-route-writer/node_modules/express/lib/router/index.js:280:10)
      at Layer.handle_error (../m22-part3-route-writer/node_modules/express/lib/router/layer.js:67:12)
      at trim_prefix (../m22-part3-route-writer/node_modules/express/lib/router/index.js:326:13)
      at ../m22-part3-route-writer/node_modules/express/lib/router/index.js:286:9
      at router.process_params (../m22-part3-route-writer/node_modules/express/lib/router/index.js:346:12)
      at next (../m22-part3-route-writer/node_modules/express/lib/router/index.js:280:10)
      at Layer.handle_error (../m22-part3-route-writer/node_modules/express/lib/router/layer.js:67:12)
      at trim_prefix (../m22-part3-route-writer/node_modules/express/lib/router/index.js:326:13)
      at ../m22-part3-route-writer/node_modules/express/lib/router/index.js:286:9
      at router.process_params (../m22-part3-route-writer/node_modules/express/lib/router/index.js:346:12)
      at next (../m22-part3-route-writer/node_modules/express/lib/router/index.js:280:10)
      at next (src/scheduling/recommendationHttpBoundary.js:241:25)
      at onfinished (../m22-part3-route-writer/node_modules/body-parser/lib/read.js:102:9)
      at listener (../m22-part3-route-writer/node_modules/on-finished/index.js:170:15)
      at onFinish (../m22-part3-route-writer/node_modules/on-finished/index.js:101:5)
      at callback (../m22-part3-route-writer/node_modules/ee-first/index.js:55:10)
      at IncomingMessage.onevent (../m22-part3-route-writer/node_modules/ee-first/index.js:93:5)

  console.error
    {
      component: 'http',
      event: 'request_failed',
      requestId: '4b60df7a-25a1-4e07-893e-8e19522412f2',
      methodClass: 'POST',
      statusCode: 400
    }

      176 |     ...safeFields(fields),
      177 |   };
    > 178 |   console[level](record);
          |                 ^
      179 |   return record;
      180 | }
      181 |

      at write (src/observability/safeLogger.js:178:17)
      at Object.write (src/observability/safeLogger.js:191:10)
      at error (src/middleware/errorHandler.js:22:14)
      at Layer.handle_error (../m22-part3-route-writer/node_modules/express/lib/router/layer.js:71:5)
      at trim_prefix (../m22-part3-route-writer/node_modules/express/lib/router/index.js:326:13)
      at ../m22-part3-route-writer/node_modules/express/lib/router/index.js:286:9
      at router.process_params (../m22-part3-route-writer/node_modules/express/lib/router/index.js:346:12)
      at next (../m22-part3-route-writer/node_modules/express/lib/router/index.js:280:10)
      at Layer.handle_error (../m22-part3-route-writer/node_modules/express/lib/router/layer.js:67:12)
      at trim_prefix (../m22-part3-route-writer/node_modules/express/lib/router/index.js:326:13)
      at ../m22-part3-route-writer/node_modules/express/lib/router/index.js:286:9
      at router.process_params (../m22-part3-route-writer/node_modules/express/lib/router/index.js:346:12)
      at next (../m22-part3-route-writer/node_modules/express/lib/router/index.js:280:10)
      at Layer.handle_error (../m22-part3-route-writer/node_modules/express/lib/router/layer.js:67:12)
      at trim_prefix (../m22-part3-route-writer/node_modules/express/lib/router/index.js:326:13)
      at ../m22-part3-route-writer/node_modules/express/lib/router/index.js:286:9
      at router.process_params (../m22-part3-route-writer/node_modules/express/lib/router/index.js:346:12)
      at next (../m22-part3-route-writer/node_modules/express/lib/router/index.js:280:10)
      at Layer.handle_error (../m22-part3-route-writer/node_modules/express/lib/router/layer.js:67:12)
      at trim_prefix (../m22-part3-route-writer/node_modules/express/lib/router/index.js:326:13)
      at ../m22-part3-route-writer/node_modules/express/lib/router/index.js:286:9
      at router.process_params (../m22-part3-route-writer/node_modules/express/lib/router/index.js:346:12)
      at next (../m22-part3-route-writer/node_modules/express/lib/router/index.js:280:10)
      at Layer.handle_error (../m22-part3-route-writer/node_modules/express/lib/router/layer.js:67:12)
      at trim_prefix (../m22-part3-route-writer/node_modules/express/lib/router/index.js:326:13)
      at ../m22-part3-route-writer/node_modules/express/lib/router/index.js:286:9
      at router.process_params (../m22-part3-route-writer/node_modules/express/lib/router/index.js:346:12)
      at next (../m22-part3-route-writer/node_modules/express/lib/router/index.js:280:10)
      at Layer.handle_error (../m22-part3-route-writer/node_modules/express/lib/router/layer.js:67:12)
      at trim_prefix (../m22-part3-route-writer/node_modules/express/lib/router/index.js:326:13)
      at ../m22-part3-route-writer/node_modules/express/lib/router/index.js:286:9
      at router.process_params (../m22-part3-route-writer/node_modules/express/lib/router/index.js:346:12)
      at next (../m22-part3-route-writer/node_modules/express/lib/router/index.js:280:10)
      at Layer.handle_error (../m22-part3-route-writer/node_modules/express/lib/router/layer.js:67:12)
      at trim_prefix (../m22-part3-route-writer/node_modules/express/lib/router/index.js:326:13)
      at ../m22-part3-route-writer/node_modules/express/lib/router/index.js:286:9
      at router.process_params (../m22-part3-route-writer/node_modules/express/lib/router/index.js:346:12)
      at next (../m22-part3-route-writer/node_modules/express/lib/router/index.js:280:10)
      at Layer.handle_error (../m22-part3-route-writer/node_modules/express/lib/router/layer.js:67:12)
      at trim_prefix (../m22-part3-route-writer/node_modules/express/lib/router/index.js:326:13)
      at ../m22-part3-route-writer/node_modules/express/lib/router/index.js:286:9
      at router.process_params (../m22-part3-route-writer/node_modules/express/lib/router/index.js:346:12)
      at next (../m22-part3-route-writer/node_modules/express/lib/router/index.js:280:10)
      at Layer.handle_error (../m22-part3-route-writer/node_modules/express/lib/router/layer.js:67:12)
      at trim_prefix (../m22-part3-route-writer/node_modules/express/lib/router/index.js:326:13)
      at ../m22-part3-route-writer/node_modules/express/lib/router/index.js:286:9
      at router.process_params (../m22-part3-route-writer/node_modules/express/lib/router/index.js:346:12)
      at next (../m22-part3-route-writer/node_modules/express/lib/router/index.js:280:10)
      at Layer.handle_error (../m22-part3-route-writer/node_modules/express/lib/router/layer.js:67:12)
      at trim_prefix (../m22-part3-route-writer/node_modules/express/lib/router/index.js:326:13)
      at ../m22-part3-route-writer/node_modules/express/lib/router/index.js:286:9
      at router.process_params (../m22-part3-route-writer/node_modules/express/lib/router/index.js:346:12)
      at next (../m22-part3-route-writer/node_modules/express/lib/router/index.js:280:10)
      at Layer.handle_error (../m22-part3-route-writer/node_modules/express/lib/router/layer.js:67:12)
      at trim_prefix (../m22-part3-route-writer/node_modules/express/lib/router/index.js:326:13)
      at ../m22-part3-route-writer/node_modules/express/lib/router/index.js:286:9
      at router.process_params (../m22-part3-route-writer/node_modules/express/lib/router/index.js:346:12)
      at next (../m22-part3-route-writer/node_modules/express/lib/router/index.js:280:10)
      at Layer.handle_error (../m22-part3-route-writer/node_modules/express/lib/router/layer.js:67:12)
      at trim_prefix (../m22-part3-route-writer/node_modules/express/lib/router/index.js:326:13)
      at ../m22-part3-route-writer/node_modules/express/lib/router/index.js:286:9
      at router.process_params (../m22-part3-route-writer/node_modules/express/lib/router/index.js:346:12)
      at next (../m22-part3-route-writer/node_modules/express/lib/router/index.js:280:10)
      at Layer.handle_error (../m22-part3-route-writer/node_modules/express/lib/router/layer.js:67:12)
      at trim_prefix (../m22-part3-route-writer/node_modules/express/lib/router/index.js:326:13)
      at ../m22-part3-route-writer/node_modules/express/lib/router/index.js:286:9
      at router.process_params (../m22-part3-route-writer/node_modules/express/lib/router/index.js:346:12)
      at next (../m22-part3-route-writer/node_modules/express/lib/router/index.js:280:10)
      at Layer.handle_error (../m22-part3-route-writer/node_modules/express/lib/router/layer.js:67:12)
      at trim_prefix (../m22-part3-route-writer/node_modules/express/lib/router/index.js:326:13)
      at ../m22-part3-route-writer/node_modules/express/lib/router/index.js:286:9
      at router.process_params (../m22-part3-route-writer/node_modules/express/lib/router/index.js:346:12)
      at next (../m22-part3-route-writer/node_modules/express/lib/router/index.js:280:10)
      at next (src/scheduling/recommendationHttpBoundary.js:255:16)
      at ../m22-part3-route-writer/node_modules/body-parser/lib/read.js:137:5
      at invokeCallback (../m22-part3-route-writer/node_modules/raw-body/index.js:238:16)
      at done (../m22-part3-route-writer/node_modules/raw-body/index.js:227:7)
      at IncomingMessage.onEnd (../m22-part3-route-writer/node_modules/raw-body/index.js:287:7)

  console.info
    {
      component: 'http',
      event: 'request_completed',
      requestId: '606c9382-f594-42e3-af88-0e0685d7353b',
      methodClass: 'POST',
      durationMs: 1,
      statusCode: 401
    }

      at write (src/observability/safeLogger.js:178:17)

  console.info
    {
      component: 'http',
      event: 'request_completed',
      requestId: 'd99f7377-b862-447c-95b5-47534620bdd7',
      methodClass: 'POST',
      durationMs: 170,
      statusCode: 400
    }

      at write (src/observability/safeLogger.js:178:17)

  console.info
    {
      component: 'http',
      event: 'request_completed',
      requestId: 'b03ca62e-6eed-42fa-9339-a0bf01f7f3d3',
      methodClass: 'POST',
      durationMs: 204,
      statusCode: 409
    }

      at write (src/observability/safeLogger.js:178:17)

  console.info
    {
      component: 'http',
      event: 'request_completed',
      requestId: '4e0619a9-2ac0-4cc0-a1ce-74f56bb83dbb',
      methodClass: 'POST',
      durationMs: 281,
      statusCode: 200
    }

      at write (src/observability/safeLogger.js:178:17)

  console.info
    {
      component: 'http',
      event: 'request_completed',
      requestId: '2da7996e-efb8-47a4-8354-c73b0c3b2374',
      methodClass: 'POST',
      durationMs: 572,
      statusCode: 200
    }

      at write (src/observability/safeLogger.js:178:17)

  console.info
    {
      component: 'http',
      event: 'request_completed',
      requestId: 'ea0f0205-ccae-469d-94f6-9aff341a8e46',
      methodClass: 'POST',
      durationMs: 637,
      statusCode: 200
    }

      at write (src/observability/safeLogger.js:178:17)

  console.info
    {
      component: 'http',
      event: 'request_completed',
      requestId: 'd7f96125-39a5-47da-9b03-8e61bbc01c19',
      methodClass: 'POST',
      durationMs: 716,
      statusCode: 200
    }

      at write (src/observability/safeLogger.js:178:17)

  console.info
    {
      component: 'http',
      event: 'request_completed',
      requestId: '3aabdbb6-afc7-4e15-a552-37e244239185',
      methodClass: 'POST',
      durationMs: 782,
      statusCode: 200
    }

      at write (src/observability/safeLogger.js:178:17)

  console.info
    {
      component: 'http',
      event: 'request_completed',
      requestId: 'a3ff919e-99fe-432f-b677-a934ac54553b',
      methodClass: 'POST',
      durationMs: 773,
      statusCode: 200
    }

      at write (src/observability/safeLogger.js:178:17)

  console.info
    {
      component: 'http',
      event: 'request_completed',
      requestId: 'b1261b7b-fa64-46bf-8c81-2ea1ec769eb2',
      methodClass: 'POST',
      durationMs: 786,
      statusCode: 200
    }

      at write (src/observability/safeLogger.js:178:17)

  console.info
    {
      component: 'http',
      event: 'request_completed',
      requestId: '617750e6-663d-4fa3-9d04-1262f212f805',
      methodClass: 'POST',
      durationMs: 975,
      statusCode: 200
    }

      at write (src/observability/safeLogger.js:178:17)

  console.info
    {
      component: 'http',
      event: 'request_completed',
      requestId: '4361dba9-7c82-4f9b-9a24-e5ca7aee8e51',
      methodClass: 'POST',
      durationMs: 1090,
      statusCode: 200
    }

      at write (src/observability/safeLogger.js:178:17)

  console.info
    {
      component: 'http',
      event: 'request_completed',
      requestId: 'dbb39f14-6f01-4fe1-a3f7-190f50086fad',
      methodClass: 'POST',
      durationMs: 1083,
      statusCode: 200
    }

      at write (src/observability/safeLogger.js:178:17)

  console.info
    {
      component: 'http',
      event: 'request_completed',
      requestId: 'dcc2d5e6-395f-42ca-8a8f-b632b7525b51',
      methodClass: 'POST',
      durationMs: 4,
      statusCode: 428
    }

      at write (src/observability/safeLogger.js:178:17)

  console.info
    {
      component: 'http',
      event: 'request_completed',
      requestId: 'fb0a0d6c-6b08-4b03-b9c6-11bf7594596b',
      methodClass: 'POST',
      durationMs: 91,
      statusCode: 200
    }

      at write (src/observability/safeLogger.js:178:17)

  console.info
    {
      component: 'http',
      event: 'request_completed',
      requestId: 'de4eab92-496a-45c8-99d5-ebd5ef884012',
      methodClass: 'POST',
      durationMs: 0,
      statusCode: 401
    }

      at write (src/observability/safeLogger.js:178:17)

  console.info
    {
      component: 'http',
      event: 'request_completed',
      requestId: '8aa94df7-b897-4fe2-8ce7-1ffe05141266',
      methodClass: 'POST',
      durationMs: 6,
      statusCode: 403
    }

      at write (src/observability/safeLogger.js:178:17)

  console.info
    {
      component: 'http',
      event: 'request_completed',
      requestId: '1809cb07-17eb-4a60-85a7-ce710932ca76',
      methodClass: 'POST',
      durationMs: 5,
      statusCode: 403
    }

      at write (src/observability/safeLogger.js:178:17)

  console.info
    {
      component: 'http',
      event: 'request_completed',
      requestId: 'd1705be3-8897-469d-bb94-5f6c6412d8f6',
      methodClass: 'POST',
      durationMs: 7,
      statusCode: 404
    }

      at write (src/observability/safeLogger.js:178:17)

  console.info
    {
      component: 'http',
      event: 'request_completed',
      requestId: '1084e005-7c9d-44c4-b36c-30df623ccb08',
      methodClass: 'POST',
      durationMs: 6,
      statusCode: 404
    }

      at write (src/observability/safeLogger.js:178:17)

  console.info
    {
      component: 'http',
      event: 'request_completed',
      requestId: '00bad65b-3880-435c-b7a8-88ec28e1a838',
      methodClass: 'POST',
      durationMs: 7,
      statusCode: 404
    }

      at write (src/observability/safeLogger.js:178:17)

  console.info
    {
      component: 'http',
      event: 'request_completed',
      requestId: '20fb4005-178d-4acc-a4e9-978723cdbde2',
      methodClass: 'POST',
      durationMs: 5,
      statusCode: 404
    }

      at write (src/observability/safeLogger.js:178:17)

  console.info
    {
      component: 'http',
      event: 'request_completed',
      requestId: 'f2f30085-4395-4210-8c1f-f601307a2e12',
      methodClass: 'POST',
      durationMs: 6,
      statusCode: 404
    }

      at write (src/observability/safeLogger.js:178:17)

  console.info
    {
      component: 'http',
      event: 'request_completed',
      requestId: 'afb212ab-dfec-4dcb-93cb-26bd94cbd972',
      methodClass: 'POST',
      durationMs: 5,
      statusCode: 404
    }

      at write (src/observability/safeLogger.js:178:17)

  console.info
    {
      component: 'http',
      event: 'request_completed',
      requestId: 'f7f94e8f-a1be-4aa8-b262-0f5181a32b4b',
      methodClass: 'POST',
      durationMs: 7,
      statusCode: 404
    }

      at write (src/observability/safeLogger.js:178:17)

  console.info
    {
      component: 'http',
      event: 'request_completed',
      requestId: 'ec0a9722-94ed-4ca6-b648-590bc88efa45',
      methodClass: 'POST',
      durationMs: 6,
      statusCode: 404
    }

      at write (src/observability/safeLogger.js:178:17)

  console.info
    {
      component: 'http',
      event: 'request_completed',
      requestId: 'c14cc377-174d-4396-9a06-42ee8cc9e588',
      methodClass: 'POST',
      durationMs: 65,
      statusCode: 200
    }

      at write (src/observability/safeLogger.js:178:17)

  console.info
    {
      component: 'http',
      event: 'request_completed',
      requestId: '20b3c396-3e6d-402a-86d4-650f2bc485d3',
      methodClass: 'POST',
      durationMs: 3,
      statusCode: 400
    }

      at write (src/observability/safeLogger.js:178:17)

  console.info
    {
      component: 'http',
      event: 'request_completed',
      requestId: 'c1f9d5b0-76b9-4451-af65-2db70b13f264',
      methodClass: 'POST',
      durationMs: 2,
      statusCode: 400
    }

      at write (src/observability/safeLogger.js:178:17)

  console.info
    {
      component: 'http',
      event: 'request_completed',
      requestId: '1abf3a9e-ee11-4aca-aa8d-f91135c3684f',
      methodClass: 'POST',
      durationMs: 2,
      statusCode: 400
    }

      at write (src/observability/safeLogger.js:178:17)

  console.info
    {
      component: 'http',
      event: 'request_completed',
      requestId: '2ec642d8-abeb-4047-ac42-04502d9471da',
      methodClass: 'POST',
      durationMs: 4,
      statusCode: 400
    }

      at write (src/observability/safeLogger.js:178:17)

  console.info
    {
      component: 'http',
      event: 'request_completed',
      requestId: 'a5bfec31-9773-4488-9308-4cba49f0242a',
      methodClass: 'POST',
      durationMs: 2,
      statusCode: 400
    }

      at write (src/observability/safeLogger.js:178:17)

  console.info
    {
      component: 'http',
      event: 'request_completed',
      requestId: 'fa6da657-a44e-49a7-bab0-b09c003ee2f7',
      methodClass: 'POST',
      durationMs: 2,
      statusCode: 400
    }

      at write (src/observability/safeLogger.js:178:17)

  console.info
    {
      component: 'http',
      event: 'request_completed',
      requestId: '0423c550-d418-4bf3-b37d-0ec5ab6c152a',
      methodClass: 'POST',
      durationMs: 2,
      statusCode: 400
    }

      at write (src/observability/safeLogger.js:178:17)

  console.info
    {
      component: 'http',
      event: 'request_completed',
      requestId: '77e1cd2c-cf21-4c26-85f3-9df803d6ffb1',
      methodClass: 'POST',
      durationMs: 2,
      statusCode: 400
    }

      at write (src/observability/safeLogger.js:178:17)

  console.info
    {
      component: 'http',
      event: 'request_completed',
      requestId: 'fff3ade2-041d-4e01-a3fd-273c1ca27c2b',
      methodClass: 'POST',
      durationMs: 2,
      statusCode: 400
    }

      at write (src/observability/safeLogger.js:178:17)

  console.error
    {
      component: 'http',
      event: 'request_failed',
      requestId: 'b9d75d74-4086-4d43-b74a-f9fce04996c9',
      methodClass: 'POST',
      statusCode: 413
    }

      176 |     ...safeFields(fields),
      177 |   };
    > 178 |   console[level](record);
          |                 ^
      179 |   return record;
      180 | }
      181 |

      at write (src/observability/safeLogger.js:178:17)
      at Object.write (src/observability/safeLogger.js:191:10)
      at error (src/middleware/errorHandler.js:22:14)
      at Layer.handle_error (../m22-part3-route-writer/node_modules/express/lib/router/layer.js:71:5)
      at trim_prefix (../m22-part3-route-writer/node_modules/express/lib/router/index.js:326:13)
      at ../m22-part3-route-writer/node_modules/express/lib/router/index.js:286:9
      at router.process_params (../m22-part3-route-writer/node_modules/express/lib/router/index.js:346:12)
      at next (../m22-part3-route-writer/node_modules/express/lib/router/index.js:280:10)
      at Layer.handle_error (../m22-part3-route-writer/node_modules/express/lib/router/layer.js:67:12)
      at trim_prefix (../m22-part3-route-writer/node_modules/express/lib/router/index.js:326:13)
      at ../m22-part3-route-writer/node_modules/express/lib/router/index.js:286:9
      at router.process_params (../m22-part3-route-writer/node_modules/express/lib/router/index.js:346:12)
      at next (../m22-part3-route-writer/node_modules/express/lib/router/index.js:280:10)
      at Layer.handle_error (../m22-part3-route-writer/node_modules/express/lib/router/layer.js:67:12)
      at trim_prefix (../m22-part3-route-writer/node_modules/express/lib/router/index.js:326:13)
      at ../m22-part3-route-writer/node_modules/express/lib/router/index.js:286:9
      at router.process_params (../m22-part3-route-writer/node_modules/express/lib/router/index.js:346:12)
      at next (../m22-part3-route-writer/node_modules/express/lib/router/index.js:280:10)
      at Layer.handle_error (../m22-part3-route-writer/node_modules/express/lib/router/layer.js:67:12)
      at trim_prefix (../m22-part3-route-writer/node_modules/express/lib/router/index.js:326:13)
      at ../m22-part3-route-writer/node_modules/express/lib/router/index.js:286:9
      at router.process_params (../m22-part3-route-writer/node_modules/express/lib/router/index.js:346:12)
      at next (../m22-part3-route-writer/node_modules/express/lib/router/index.js:280:10)
      at Layer.handle_error (../m22-part3-route-writer/node_modules/express/lib/router/layer.js:67:12)
      at trim_prefix (../m22-part3-route-writer/node_modules/express/lib/router/index.js:326:13)
      at ../m22-part3-route-writer/node_modules/express/lib/router/index.js:286:9
      at router.process_params (../m22-part3-route-writer/node_modules/express/lib/router/index.js:346:12)
      at next (../m22-part3-route-writer/node_modules/express/lib/router/index.js:280:10)
      at Layer.handle_error (../m22-part3-route-writer/node_modules/express/lib/router/layer.js:67:12)
      at trim_prefix (../m22-part3-route-writer/node_modules/express/lib/router/index.js:326:13)
      at ../m22-part3-route-writer/node_modules/express/lib/router/index.js:286:9
      at router.process_params (../m22-part3-route-writer/node_modules/express/lib/router/index.js:346:12)
      at next (../m22-part3-route-writer/node_modules/express/lib/router/index.js:280:10)
      at Layer.handle_error (../m22-part3-route-writer/node_modules/express/lib/router/layer.js:67:12)
      at trim_prefix (../m22-part3-route-writer/node_modules/express/lib/router/index.js:326:13)
      at ../m22-part3-route-writer/node_modules/express/lib/router/index.js:286:9
      at router.process_params (../m22-part3-route-writer/node_modules/express/lib/router/index.js:346:12)
      at next (../m22-part3-route-writer/node_modules/express/lib/router/index.js:280:10)
      at Layer.handle_error (../m22-part3-route-writer/node_modules/express/lib/router/layer.js:67:12)
      at trim_prefix (../m22-part3-route-writer/node_modules/express/lib/router/index.js:326:13)
      at ../m22-part3-route-writer/node_modules/express/lib/router/index.js:286:9
      at router.process_params (../m22-part3-route-writer/node_modules/express/lib/router/index.js:346:12)
      at next (../m22-part3-route-writer/node_modules/express/lib/router/index.js:280:10)
      at Layer.handle_error (../m22-part3-route-writer/node_modules/express/lib/router/layer.js:67:12)
      at trim_prefix (../m22-part3-route-writer/node_modules/express/lib/router/index.js:326:13)
      at ../m22-part3-route-writer/node_modules/express/lib/router/index.js:286:9
      at router.process_params (../m22-part3-route-writer/node_modules/express/lib/router/index.js:346:12)
      at next (../m22-part3-route-writer/node_modules/express/lib/router/index.js:280:10)
      at Layer.handle_error (../m22-part3-route-writer/node_modules/express/lib/router/layer.js:67:12)
      at trim_prefix (../m22-part3-route-writer/node_modules/express/lib/router/index.js:326:13)
      at ../m22-part3-route-writer/node_modules/express/lib/router/index.js:286:9
      at router.process_params (../m22-part3-route-writer/node_modules/express/lib/router/index.js:346:12)
      at next (../m22-part3-route-writer/node_modules/express/lib/router/index.js:280:10)
      at Layer.handle_error (../m22-part3-route-writer/node_modules/express/lib/router/layer.js:67:12)
      at trim_prefix (../m22-part3-route-writer/node_modules/express/lib/router/index.js:326:13)
      at ../m22-part3-route-writer/node_modules/express/lib/router/index.js:286:9
      at router.process_params (../m22-part3-route-writer/node_modules/express/lib/router/index.js:346:12)
      at next (../m22-part3-route-writer/node_modules/express/lib/router/index.js:280:10)
      at Layer.handle_error (../m22-part3-route-writer/node_modules/express/lib/router/layer.js:67:12)
      at trim_prefix (../m22-part3-route-writer/node_modules/express/lib/router/index.js:326:13)
      at ../m22-part3-route-writer/node_modules/express/lib/router/index.js:286:9
      at router.process_params (../m22-part3-route-writer/node_modules/express/lib/router/index.js:346:12)
      at next (../m22-part3-route-writer/node_modules/express/lib/router/index.js:280:10)
      at Layer.handle_error (../m22-part3-route-writer/node_modules/express/lib/router/layer.js:67:12)
      at trim_prefix (../m22-part3-route-writer/node_modules/express/lib/router/index.js:326:13)
      at ../m22-part3-route-writer/node_modules/express/lib/router/index.js:286:9
      at router.process_params (../m22-part3-route-writer/node_modules/express/lib/router/index.js:346:12)
      at next (../m22-part3-route-writer/node_modules/express/lib/router/index.js:280:10)
      at Layer.handle_error (../m22-part3-route-writer/node_modules/express/lib/router/layer.js:67:12)
      at trim_prefix (../m22-part3-route-writer/node_modules/express/lib/router/index.js:326:13)
      at ../m22-part3-route-writer/node_modules/express/lib/router/index.js:286:9
      at router.process_params (../m22-part3-route-writer/node_modules/express/lib/router/index.js:346:12)
      at next (../m22-part3-route-writer/node_modules/express/lib/router/index.js:280:10)
      at next (src/scheduling/recommendationHttpBoundary.js:241:25)
      at onfinished (../m22-part3-route-writer/node_modules/body-parser/lib/read.js:102:9)
      at listener (../m22-part3-route-writer/node_modules/on-finished/index.js:170:15)
      at onFinish (../m22-part3-route-writer/node_modules/on-finished/index.js:101:5)
      at callback (../m22-part3-route-writer/node_modules/ee-first/index.js:55:10)
      at IncomingMessage.onevent (../m22-part3-route-writer/node_modules/ee-first/index.js:93:5)

  console.info
    {
      component: 'http',
      event: 'request_completed',
      requestId: 'd41a379f-2ebc-4d76-a911-af5f8cc3ef94',
      methodClass: 'POST',
      durationMs: 4,
      statusCode: 403
    }

      at write (src/observability/safeLogger.js:178:17)

  console.info
    {
      component: 'http',
      event: 'request_completed',
      requestId: '6fb3aadb-86f8-492f-9668-e3f5c8050cbe',
      methodClass: 'POST',
      durationMs: 2,
      statusCode: 403
    }

      at write (src/observability/safeLogger.js:178:17)

  console.info
    {
      component: 'http',
      event: 'request_completed',
      requestId: '260a9627-5eb4-426d-91e3-e1cb32724327',
      methodClass: 'POST',
      durationMs: 2,
      statusCode: 401
    }

      at write (src/observability/safeLogger.js:178:17)

  console.info
    {
      component: 'http',
      event: 'request_completed',
      requestId: '13a203a2-72cf-4830-88df-ae92819c647f',
      methodClass: 'POST',
      durationMs: 2,
      statusCode: 401
    }

      at write (src/observability/safeLogger.js:178:17)

  console.info
    {
      component: 'http',
      event: 'request_completed',
      requestId: '3cb8e61e-6a2a-4e91-8f42-da5df206653f',
      methodClass: 'POST',
      durationMs: 6,
      statusCode: 409
    }

      at write (src/observability/safeLogger.js:178:17)

  console.info
    {
      component: 'http',
      event: 'request_completed',
      requestId: '199a2559-afc1-476a-8078-4a4f18dd5e53',
      methodClass: 'POST',
      durationMs: 7,
      statusCode: 409
    }

      at write (src/observability/safeLogger.js:178:17)

  console.info
    {
      component: 'http',
      event: 'request_completed',
      requestId: '74ff616b-9598-41e0-b1d1-e2a92dae5b1a',
      methodClass: 'POST',
      durationMs: 7,
      statusCode: 404
    }

      at write (src/observability/safeLogger.js:178:17)

  console.info
    {
      component: 'http',
      event: 'request_completed',
      requestId: 'bf8bbf7b-6fa0-4dfd-8bbb-49d2346f6342',
      methodClass: 'POST',
      durationMs: 2,
      statusCode: 404
    }

      at write (src/observability/safeLogger.js:178:17)

  console.info
    {
      component: 'http',
      event: 'request_completed',
      requestId: 'b08e67ca-59dd-4d02-8e81-78181407fc95',
      methodClass: 'POST',
      durationMs: 102,
      statusCode: 200
    }

      at write (src/observability/safeLogger.js:178:17)

  console.info
    {
      component: 'http',
      event: 'request_completed',
      requestId: '15f7dac2-a011-4084-bf1a-6b5f3e952b5d',
      methodClass: 'POST',
      durationMs: 129,
      statusCode: 200
    }

      at write (src/observability/safeLogger.js:178:17)

  console.info
    {
      component: 'http',
      event: 'request_completed',
      requestId: '3a609ca0-943a-4247-b376-eaa10e2ea14a',
      methodClass: 'POST',
      durationMs: 110,
      statusCode: 200
    }

      at write (src/observability/safeLogger.js:178:17)

  console.info
    {
      component: 'http',
      event: 'request_completed',
      requestId: 'ea2b54bd-bca6-4786-8fdb-181a9631abd2',
      methodClass: 'POST',
      durationMs: 115,
      statusCode: 200
    }

      at write (src/observability/safeLogger.js:178:17)

  console.log
    [DB] Migration applied: 001_initial_schema.sql

      at log (src/db.js:1312:42)

  console.log
    [DB] Migration applied: 002_seed_data.sql

      at log (src/db.js:1312:42)

  console.log
    [DB] Migration applied: 003_voice_sessions.sql

      at log (src/db.js:1312:42)

  console.log
    [DB] Migration applied: 004_canonical_persistence_v2.sql

      at log (src/db.js:1312:42)

  console.log
    [DB] Migration applied: 005_canonical_organization_authority.sql

      at log (src/db.js:1312:42)

  console.log
    [DB] Migration applied: 006_canonical_voice_sessions.sql

      at log (src/db.js:1312:42)

  console.log
    [DB] Migration applied: 007_canonical_tax_authority.sql

      at log (src/db.js:1312:42)

  console.log
    [DB] Migration applied: 008_canonical_demo_authority.sql

      at log (src/db.js:1312:42)

  console.log
    [DB] Migration applied: 009_canonical_voice_provider_identity.sql

      at log (src/db.js:1312:42)

  console.log
    [DB] Migration applied: 010_account_session_authority.sql

      at log (src/db.js:1312:42)

  console.log
    [DB] Migration applied: 011_oauth_authorization_states.sql

      at log (src/db.js:1312:42)

  console.log
    [DB] Migration applied: 012_account_verification_trial.sql

      at log (src/db.js:1312:42)

  console.log
    [DB] Migration applied: 015_workforce_authority.sql

      at log (src/db.js:1312:42)

  console.log
    [DB] Migration applied: 016_tenant_asset_catalogue.sql

      at log (src/db.js:1312:42)

  console.log
    [DB] Migration applied: 017_retell_webhook_replay_authority.sql

      at log (src/db.js:1312:42)

  console.log
    [DB] Migration applied: 018_canonical_map_preferences.sql

      at log (src/db.js:1312:42)

  console.log
    [DB] Migration applied: 019_account_email_outbox.sql

      at log (src/db.js:1312:42)

  console.log
    [DB] Migration applied: 020_canonical_workforce_access_roles.sql

      at log (src/db.js:1312:42)

  console.log
    [DB] Migration applied: 021_bounded_api_observability.sql

      at log (src/db.js:1312:42)

  console.log
    [DB] Migration applied: 022_demo_command_center_sessions.sql

      at log (src/db.js:1312:42)

  console.log
    [DB] Migration applied: 023_homepage_demo_admission.sql

      at log (src/db.js:1312:42)

  console.log
    [DB] Migration applied: 024_homepage_verified_purge_receipt.sql

      at log (src/db.js:1312:42)

  console.log
    [DB] Migration applied: 025_provider_agnostic_knowledge_registry.sql

      at log (src/db.js:1312:42)

  console.log
    [DB] Migration applied: 026_canonical_knowledge_review_publication.sql

      at log (src/db.js:1312:42)

  console.log
    [DB] Migration applied: 027_canonical_knowledge_audit_graph_authority.sql

      at log (src/db.js:1312:42)

  console.log
    [DB] Migration applied: 028_canonical_knowledge_immutable_lifecycle.sql

      at log (src/db.js:1312:42)

  console.log
    [DB] Migration applied: 029_canonical_knowledge_transactional_sync.sql

      at log (src/db.js:1312:42)

  console.log
    [DB] Migration applied: 030_canonical_knowledge_sync_revocation.sql

      at log (src/db.js:1312:42)

  console.log
    [DB] Migration applied: 031_canonical_knowledge_sync_recovery_lifecycle.sql

      at log (src/db.js:1312:42)

  console.log
    [DB] Migration applied: 032_canonical_schedule_assignment_authority.sql

      at log (src/db.js:1312:42)

  console.log
    [DB] Migration applied: 033_canonical_schedule_time_evidence.sql

      at log (src/db.js:1312:42)

  console.log
    [DB] Migration applied: 034_schedule_availability_conflict_authority.sql

      at log (src/db.js:1312:42)

  console.log
    [DB] Migration applied: 035_schedule_human_preview_approval.sql

      at log (src/db.js:1312:42)

  console.info
    {
      component: 'http',
      event: 'request_completed',
      requestId: '6164a357-bc0e-4104-abc0-3c74b3878543',
      methodClass: 'POST',
      durationMs: 173,
      statusCode: 201
    }

      at write (src/observability/safeLogger.js:178:17)

  console.info
    {
      component: 'http',
      event: 'request_completed',
      requestId: 'bae5218e-91f0-42aa-a61e-601fa92e7fe4',
      methodClass: 'POST',
      durationMs: 251,
      statusCode: 200
    }

      at write (src/observability/safeLogger.js:178:17)

  console.info
    {
      component: 'http',
      event: 'request_completed',
      requestId: 'c48f83b6-1ed7-48bb-ab27-bda4edb0a0e5',
      methodClass: 'POST',
      durationMs: 154,
      statusCode: 201
    }

      at write (src/observability/safeLogger.js:178:17)

  console.info
    {
      component: 'http',
      event: 'request_completed',
      requestId: '133e7eaf-6883-4d5d-a96e-c3d9c66761b3',
      methodClass: 'POST',
      durationMs: 222,
      statusCode: 200
    }

      at write (src/observability/safeLogger.js:178:17)

  console.info
    {
      component: 'http',
      event: 'request_completed',
      requestId: '7913a7c2-c8e6-4f8e-9c2a-eb875dbdb610',
      methodClass: 'POST',
      durationMs: 195,
      statusCode: 201
    }

      at write (src/observability/safeLogger.js:178:17)

  console.info
    {
      component: 'http',
      event: 'request_completed',
      requestId: 'aade49d5-7c72-4124-a6d3-a54643d42250',
      methodClass: 'POST',
      durationMs: 196,
      statusCode: 200
    }

      at write (src/observability/safeLogger.js:178:17)

  console.info
    {
      component: 'http',
      event: 'request_completed',
      requestId: '9765a8d2-cee7-43fd-b94d-a18b831579df',
      methodClass: 'POST',
      durationMs: 156,
      statusCode: 201
    }

      at write (src/observability/safeLogger.js:178:17)

  console.info
    {
      component: 'http',
      event: 'request_completed',
      requestId: 'a0c9de64-0bd0-4b18-b208-84830b3ff352',
      methodClass: 'POST',
      durationMs: 191,
      statusCode: 200
    }

      at write (src/observability/safeLogger.js:178:17)

  console.info
    {
      component: 'http',
      event: 'request_completed',
      requestId: 'b22da241-9777-4c32-9a2f-b596577c4a3b',
      methodClass: 'POST',
      durationMs: 151,
      statusCode: 201
    }

      at write (src/observability/safeLogger.js:178:17)

  console.info
    {
      component: 'http',
      event: 'request_completed',
      requestId: 'ec3f69bc-55ca-4b93-939c-ab697e57fddb',
      methodClass: 'POST',
      durationMs: 180,
      statusCode: 200
    }

      at write (src/observability/safeLogger.js:178:17)

  console.info
    {
      component: 'http',
      event: 'request_completed',
      requestId: '0c86d160-8778-4c62-a34c-cca64b83df6c',
      methodClass: 'POST',
      durationMs: 186,
      statusCode: 201
    }

      at write (src/observability/safeLogger.js:178:17)

  console.info
    {
      component: 'http',
      event: 'request_completed',
      requestId: 'a00e1816-6b50-46f1-a71d-9748c568601e',
      methodClass: 'POST',
      durationMs: 184,
      statusCode: 200
    }

      at write (src/observability/safeLogger.js:178:17)

  console.info
    {
      component: 'http',
      event: 'request_completed',
      requestId: '5b642984-78f5-4c32-b823-cd3956eefb65',
      methodClass: 'POST',
      durationMs: 222,
      statusCode: 201
    }

      at write (src/observability/safeLogger.js:178:17)

  console.info
    {
      component: 'http',
      event: 'request_completed',
      requestId: 'acd7f866-66e3-443d-a858-7a2ed609203d',
      methodClass: 'POST',
      durationMs: 200,
      statusCode: 200
    }

      at write (src/observability/safeLogger.js:178:17)

  console.info
    {
      component: 'http',
      event: 'request_completed',
      requestId: '2d5ea512-266c-44d2-947f-1d2ea19a308e',
      methodClass: 'GET',
      durationMs: 20,
      statusCode: 200
    }

      at write (src/observability/safeLogger.js:178:17)

  console.info
    {
      component: 'http',
      event: 'request_completed',
      requestId: '6547785f-19f2-4fcd-827d-e50f8d5dba8a',
      methodClass: 'GET',
      durationMs: 19,
      statusCode: 200
    }

      at write (src/observability/safeLogger.js:178:17)

  console.info
    {
      component: 'http',
      event: 'request_completed',
      requestId: 'ff0f271f-60c8-4e9e-b6a3-e9d9c16ae750',
      methodClass: 'GET',
      durationMs: 3,
      statusCode: 400
    }

      at write (src/observability/safeLogger.js:178:17)

  console.info
    {
      component: 'http',
      event: 'request_completed',
      requestId: '69da4031-4341-466f-b928-ff76de82d8ad',
      methodClass: 'POST',
      durationMs: 2,
      statusCode: 404
    }

      at write (src/observability/safeLogger.js:178:17)

  console.info
    {
      component: 'http',
      event: 'request_completed',
      requestId: '63711a71-ec45-470e-b30d-0366c0801ece',
      methodClass: 'GET',
      durationMs: 27,
      statusCode: 200
    }

      at write (src/observability/safeLogger.js:178:17)

  console.info
    {
      component: 'http',
      event: 'request_completed',
      requestId: '55c2f7ca-0a41-4e55-a203-4e3674c19092',
      methodClass: 'GET',
      durationMs: 27,
      statusCode: 200
    }

      at write (src/observability/safeLogger.js:178:17)

  console.info
    {
      component: 'http',
      event: 'request_completed',
      requestId: '59b2ca55-1dcd-4655-afaa-f0f721cbbcf7',
      methodClass: 'GET',
      durationMs: 28,
      statusCode: 200
    }

      at write (src/observability/safeLogger.js:178:17)

  console.info
    {
      component: 'http',
      event: 'request_completed',
      requestId: '4e5056c7-a4b8-4740-a683-c31d83fec6cd',
      methodClass: 'GET',
      durationMs: 6,
      statusCode: 401
    }

      at write (src/observability/safeLogger.js:178:17)

  console.info
    {
      component: 'http',
      event: 'request_completed',
      requestId: '129b36d1-b826-4a54-a169-32e942e0e07c',
      methodClass: 'GET',
      durationMs: 3,
      statusCode: 401
    }

      at write (src/observability/safeLogger.js:178:17)

  console.info
    {
      component: 'http',
      event: 'request_completed',
      requestId: '200fd8f9-79cd-4cdb-8859-cb82e5834b28',
      methodClass: 'GET',
      durationMs: 3,
      statusCode: 403
    }

      at write (src/observability/safeLogger.js:178:17)

  console.info
    {
      component: 'http',
      event: 'request_completed',
      requestId: '88ac424a-16ad-462a-8307-0531019cb9e6',
      methodClass: 'GET',
      durationMs: 4,
      statusCode: 403
    }

      at write (src/observability/safeLogger.js:178:17)

  console.info
    {
      component: 'http',
      event: 'request_completed',
      requestId: '7fd996ec-66fc-47f6-a855-ace19ae41d72',
      methodClass: 'GET',
      durationMs: 28,
      statusCode: 200
    }

      at write (src/observability/safeLogger.js:178:17)

  console.log
    [DB] Migration applied: 001_initial_schema.sql

      at Object.log [as runMigrations] (src/db.js:1312:42)

  console.log
    [DB] Migration applied: 002_seed_data.sql

      at Object.log [as runMigrations] (src/db.js:1312:42)

  console.log
    [DB] Migration applied: 003_voice_sessions.sql

      at Object.log [as runMigrations] (src/db.js:1312:42)

  console.log
    [DB] Migration applied: 004_canonical_persistence_v2.sql

      at Object.log [as runMigrations] (src/db.js:1312:42)

  console.log
    [DB] Migration applied: 005_canonical_organization_authority.sql

      at Object.log [as runMigrations] (src/db.js:1312:42)

  console.log
    [DB] Migration applied: 006_canonical_voice_sessions.sql

      at Object.log [as runMigrations] (src/db.js:1312:42)

  console.log
    [DB] Migration applied: 007_canonical_tax_authority.sql

      at Object.log [as runMigrations] (src/db.js:1312:42)

  console.log
    [DB] Migration applied: 008_canonical_demo_authority.sql

      at Object.log [as runMigrations] (src/db.js:1312:42)

  console.log
    [DB] Migration applied: 009_canonical_voice_provider_identity.sql

      at Object.log [as runMigrations] (src/db.js:1312:42)

  console.log
    [DB] Migration applied: 010_account_session_authority.sql

      at Object.log [as runMigrations] (src/db.js:1312:42)

  console.log
    [DB] Migration applied: 011_oauth_authorization_states.sql

      at Object.log [as runMigrations] (src/db.js:1312:42)

  console.log
    [DB] Migration applied: 012_account_verification_trial.sql

      at Object.log [as runMigrations] (src/db.js:1312:42)

  console.log
    [DB] Migration applied: 015_workforce_authority.sql

      at Object.log [as runMigrations] (src/db.js:1312:42)

  console.log
    [DB] Migration applied: 016_tenant_asset_catalogue.sql

      at Object.log [as runMigrations] (src/db.js:1312:42)

  console.log
    [DB] Migration applied: 017_retell_webhook_replay_authority.sql

      at Object.log [as runMigrations] (src/db.js:1312:42)

  console.log
    [DB] Migration applied: 018_canonical_map_preferences.sql

      at Object.log [as runMigrations] (src/db.js:1312:42)

  console.log
    [DB] Migration applied: 019_account_email_outbox.sql

      at Object.log [as runMigrations] (src/db.js:1312:42)

  console.log
    [DB] Migration applied: 020_canonical_workforce_access_roles.sql

      at Object.log [as runMigrations] (src/db.js:1312:42)

  console.log
    [DB] Migration applied: 021_bounded_api_observability.sql

      at Object.log [as runMigrations] (src/db.js:1312:42)

  console.log
    [DB] Migration applied: 022_demo_command_center_sessions.sql

      at Object.log [as runMigrations] (src/db.js:1312:42)

  console.log
    [DB] Migration applied: 023_homepage_demo_admission.sql

      at Object.log [as runMigrations] (src/db.js:1312:42)

  console.log
    [DB] Migration applied: 024_homepage_verified_purge_receipt.sql

      at Object.log [as runMigrations] (src/db.js:1312:42)

  console.log
    [DB] Migration applied: 025_provider_agnostic_knowledge_registry.sql

      at Object.log [as runMigrations] (src/db.js:1312:42)

  console.log
    [DB] Migration applied: 026_canonical_knowledge_review_publication.sql

      at Object.log [as runMigrations] (src/db.js:1312:42)

  console.log
    [DB] Migration applied: 027_canonical_knowledge_audit_graph_authority.sql

      at Object.log [as runMigrations] (src/db.js:1312:42)

  console.log
    [DB] Migration applied: 028_canonical_knowledge_immutable_lifecycle.sql

      at Object.log [as runMigrations] (src/db.js:1312:42)

  console.log
    [DB] Migration applied: 029_canonical_knowledge_transactional_sync.sql

      at Object.log [as runMigrations] (src/db.js:1312:42)

  console.log
    [DB] Migration applied: 030_canonical_knowledge_sync_revocation.sql

      at Object.log [as runMigrations] (src/db.js:1312:42)

  console.log
    [DB] Migration applied: 031_canonical_knowledge_sync_recovery_lifecycle.sql

      at Object.log [as runMigrations] (src/db.js:1312:42)

  console.log
    [DB] Migration applied: 032_canonical_schedule_assignment_authority.sql

      at Object.log [as runMigrations] (src/db.js:1312:42)

  console.log
    [DB] Migration applied: 033_canonical_schedule_time_evidence.sql

      at Object.log [as runMigrations] (src/db.js:1312:42)

  console.log
    [DB] Migration applied: 001_initial_schema.sql

      at Object.log [as runMigrations] (src/db.js:1312:42)

  console.log
    [DB] Migration applied: 002_seed_data.sql

      at Object.log [as runMigrations] (src/db.js:1312:42)

  console.log
    [DB] Migration applied: 003_voice_sessions.sql

      at Object.log [as runMigrations] (src/db.js:1312:42)

  console.log
    [DB] Migration applied: 004_canonical_persistence_v2.sql

      at Object.log [as runMigrations] (src/db.js:1312:42)

  console.log
    [DB] Migration applied: 005_canonical_organization_authority.sql

      at Object.log [as runMigrations] (src/db.js:1312:42)

  console.log
    [DB] Migration applied: 006_canonical_voice_sessions.sql

      at Object.log [as runMigrations] (src/db.js:1312:42)

  console.log
    [DB] Migration applied: 007_canonical_tax_authority.sql

      at Object.log [as runMigrations] (src/db.js:1312:42)

  console.log
    [DB] Migration applied: 008_canonical_demo_authority.sql

      at Object.log [as runMigrations] (src/db.js:1312:42)

  console.log
    [DB] Migration applied: 009_canonical_voice_provider_identity.sql

      at Object.log [as runMigrations] (src/db.js:1312:42)

  console.log
    [DB] Migration applied: 010_account_session_authority.sql

      at Object.log [as runMigrations] (src/db.js:1312:42)

  console.log
    [DB] Migration applied: 011_oauth_authorization_states.sql

      at Object.log [as runMigrations] (src/db.js:1312:42)

  console.log
    [DB] Migration applied: 012_account_verification_trial.sql

      at Object.log [as runMigrations] (src/db.js:1312:42)

  console.log
    [DB] Migration applied: 015_workforce_authority.sql

      at Object.log [as runMigrations] (src/db.js:1312:42)

  console.log
    [DB] Migration applied: 016_tenant_asset_catalogue.sql

      at Object.log [as runMigrations] (src/db.js:1312:42)

  console.log
    [DB] Migration applied: 017_retell_webhook_replay_authority.sql

      at Object.log [as runMigrations] (src/db.js:1312:42)

  console.log
    [DB] Migration applied: 018_canonical_map_preferences.sql

      at Object.log [as runMigrations] (src/db.js:1312:42)

  console.log
    [DB] Migration applied: 019_account_email_outbox.sql

      at Object.log [as runMigrations] (src/db.js:1312:42)

  console.log
    [DB] Migration applied: 020_canonical_workforce_access_roles.sql

      at Object.log [as runMigrations] (src/db.js:1312:42)

  console.log
    [DB] Migration applied: 021_bounded_api_observability.sql

      at Object.log [as runMigrations] (src/db.js:1312:42)

  console.log
    [DB] Migration applied: 022_demo_command_center_sessions.sql

      at Object.log [as runMigrations] (src/db.js:1312:42)

  console.log
    [DB] Migration applied: 023_homepage_demo_admission.sql

      at Object.log [as runMigrations] (src/db.js:1312:42)

  console.log
    [DB] Migration applied: 024_homepage_verified_purge_receipt.sql

      at Object.log [as runMigrations] (src/db.js:1312:42)

  console.log
    [DB] Migration applied: 025_provider_agnostic_knowledge_registry.sql

      at Object.log [as runMigrations] (src/db.js:1312:42)

  console.log
    [DB] Migration applied: 026_canonical_knowledge_review_publication.sql

      at Object.log [as runMigrations] (src/db.js:1312:42)

  console.log
    [DB] Migration applied: 027_canonical_knowledge_audit_graph_authority.sql

      at Object.log [as runMigrations] (src/db.js:1312:42)

  console.log
    [DB] Migration applied: 028_canonical_knowledge_immutable_lifecycle.sql

      at Object.log [as runMigrations] (src/db.js:1312:42)

  console.log
    [DB] Migration applied: 029_canonical_knowledge_transactional_sync.sql

      at Object.log [as runMigrations] (src/db.js:1312:42)

  console.log
    [DB] Migration applied: 030_canonical_knowledge_sync_revocation.sql

      at Object.log [as runMigrations] (src/db.js:1312:42)

  console.log
    [DB] Migration applied: 031_canonical_knowledge_sync_recovery_lifecycle.sql

      at Object.log [as runMigrations] (src/db.js:1312:42)

  console.log
    [DB] Migration applied: 032_canonical_schedule_assignment_authority.sql

      at Object.log [as runMigrations] (src/db.js:1312:42)

  console.log
    [DB] Migration applied: 033_canonical_schedule_time_evidence.sql

      at Object.log [as runMigrations] (src/db.js:1312:42)

  console.log
    [DB] Migration applied: 001_initial_schema.sql

      at Object.log [as runMigrations] (src/db.js:1312:42)

  console.log
    [DB] Migration applied: 002_seed_data.sql

      at Object.log [as runMigrations] (src/db.js:1312:42)

  console.log
    [DB] Migration applied: 003_voice_sessions.sql

      at Object.log [as runMigrations] (src/db.js:1312:42)

  console.log
    [DB] Migration applied: 004_canonical_persistence_v2.sql

      at Object.log [as runMigrations] (src/db.js:1312:42)

  console.log
    [DB] Migration applied: 005_canonical_organization_authority.sql

      at Object.log [as runMigrations] (src/db.js:1312:42)

  console.log
    [DB] Migration applied: 006_canonical_voice_sessions.sql

      at Object.log [as runMigrations] (src/db.js:1312:42)

  console.log
    [DB] Migration applied: 007_canonical_tax_authority.sql

      at Object.log [as runMigrations] (src/db.js:1312:42)

  console.log
    [DB] Migration applied: 008_canonical_demo_authority.sql

      at Object.log [as runMigrations] (src/db.js:1312:42)

  console.log
    [DB] Migration applied: 009_canonical_voice_provider_identity.sql

      at Object.log [as runMigrations] (src/db.js:1312:42)

  console.log
    [DB] Migration applied: 010_account_session_authority.sql

      at Object.log [as runMigrations] (src/db.js:1312:42)

  console.log
    [DB] Migration applied: 011_oauth_authorization_states.sql

      at Object.log [as runMigrations] (src/db.js:1312:42)

  console.log
    [DB] Migration applied: 012_account_verification_trial.sql

      at Object.log [as runMigrations] (src/db.js:1312:42)

  console.log
    [DB] Migration applied: 015_workforce_authority.sql

      at Object.log [as runMigrations] (src/db.js:1312:42)

  console.log
    [DB] Migration applied: 016_tenant_asset_catalogue.sql

      at Object.log [as runMigrations] (src/db.js:1312:42)

  console.log
    [DB] Migration applied: 017_retell_webhook_replay_authority.sql

      at Object.log [as runMigrations] (src/db.js:1312:42)

  console.log
    [DB] Migration applied: 018_canonical_map_preferences.sql

      at Object.log [as runMigrations] (src/db.js:1312:42)

  console.log
    [DB] Migration applied: 019_account_email_outbox.sql

      at Object.log [as runMigrations] (src/db.js:1312:42)

  console.log
    [DB] Migration applied: 020_canonical_workforce_access_roles.sql

      at Object.log [as runMigrations] (src/db.js:1312:42)

  console.log
    [DB] Migration applied: 021_bounded_api_observability.sql

      at Object.log [as runMigrations] (src/db.js:1312:42)

  console.log
    [DB] Migration applied: 022_demo_command_center_sessions.sql

      at Object.log [as runMigrations] (src/db.js:1312:42)

  console.log
    [DB] Migration applied: 023_homepage_demo_admission.sql

      at Object.log [as runMigrations] (src/db.js:1312:42)

  console.log
    [DB] Migration applied: 024_homepage_verified_purge_receipt.sql

      at Object.log [as runMigrations] (src/db.js:1312:42)

  console.log
    [DB] Migration applied: 025_provider_agnostic_knowledge_registry.sql

      at Object.log [as runMigrations] (src/db.js:1312:42)

  console.log
    [DB] Migration applied: 026_canonical_knowledge_review_publication.sql

      at Object.log [as runMigrations] (src/db.js:1312:42)

  console.log
    [DB] Migration applied: 027_canonical_knowledge_audit_graph_authority.sql

      at Object.log [as runMigrations] (src/db.js:1312:42)

  console.log
    [DB] Migration applied: 028_canonical_knowledge_immutable_lifecycle.sql

      at Object.log [as runMigrations] (src/db.js:1312:42)

  console.log
    [DB] Migration applied: 029_canonical_knowledge_transactional_sync.sql

      at Object.log [as runMigrations] (src/db.js:1312:42)

  console.log
    [DB] Migration applied: 030_canonical_knowledge_sync_revocation.sql

      at Object.log [as runMigrations] (src/db.js:1312:42)

  console.log
    [DB] Migration applied: 031_canonical_knowledge_sync_recovery_lifecycle.sql

      at Object.log [as runMigrations] (src/db.js:1312:42)

  console.log
    [DB] Migration applied: 032_canonical_schedule_assignment_authority.sql

      at Object.log [as runMigrations] (src/db.js:1312:42)

  console.log
    [DB] Migration applied: 033_canonical_schedule_time_evidence.sql

      at Object.log [as runMigrations] (src/db.js:1312:42)

  console.log
    [DB] Migration applied: 001_initial_schema.sql

      at log (src/db.js:1312:42)

  console.log
    [DB] Migration applied: 002_seed_data.sql

      at log (src/db.js:1312:42)

  console.log
    [DB] Migration applied: 003_voice_sessions.sql

      at log (src/db.js:1312:42)

  console.log
    [DB] Migration applied: 004_canonical_persistence_v2.sql

      at log (src/db.js:1312:42)

  console.log
    [DB] Migration applied: 005_canonical_organization_authority.sql

      at log (src/db.js:1312:42)

  console.log
    [DB] Migration applied: 006_canonical_voice_sessions.sql

      at log (src/db.js:1312:42)

  console.log
    [DB] Migration applied: 007_canonical_tax_authority.sql

      at log (src/db.js:1312:42)

  console.log
    [DB] Migration applied: 008_canonical_demo_authority.sql

      at log (src/db.js:1312:42)

  console.log
    [DB] Migration applied: 009_canonical_voice_provider_identity.sql

      at log (src/db.js:1312:42)

  console.log
    [DB] Migration applied: 010_account_session_authority.sql

      at log (src/db.js:1312:42)

  console.log
    [DB] Migration applied: 011_oauth_authorization_states.sql

      at log (src/db.js:1312:42)

  console.log
    [DB] Migration applied: 012_account_verification_trial.sql

      at log (src/db.js:1312:42)

  console.log
    [DB] Migration applied: 015_workforce_authority.sql

      at log (src/db.js:1312:42)

  console.log
    [DB] Migration applied: 016_tenant_asset_catalogue.sql

      at log (src/db.js:1312:42)

  console.log
    [DB] Migration applied: 017_retell_webhook_replay_authority.sql

      at log (src/db.js:1312:42)

  console.log
    [DB] Migration applied: 018_canonical_map_preferences.sql

      at log (src/db.js:1312:42)

  console.log
    [DB] Migration applied: 019_account_email_outbox.sql

      at log (src/db.js:1312:42)

  console.log
    [DB] Migration applied: 020_canonical_workforce_access_roles.sql

      at log (src/db.js:1312:42)

  console.log
    [DB] Migration applied: 021_bounded_api_observability.sql

      at log (src/db.js:1312:42)

  console.log
    [DB] Migration applied: 022_demo_command_center_sessions.sql

      at log (src/db.js:1312:42)

  console.log
    [DB] Migration applied: 023_homepage_demo_admission.sql

      at log (src/db.js:1312:42)

  console.log
    [DB] Migration applied: 024_homepage_verified_purge_receipt.sql

      at log (src/db.js:1312:42)

  console.log
    [DB] Migration applied: 025_provider_agnostic_knowledge_registry.sql

      at log (src/db.js:1312:42)

  console.log
    [DB] Migration applied: 026_canonical_knowledge_review_publication.sql

      at log (src/db.js:1312:42)

  console.log
    [DB] Migration applied: 027_canonical_knowledge_audit_graph_authority.sql

      at log (src/db.js:1312:42)

  console.log
    [DB] Migration applied: 028_canonical_knowledge_immutable_lifecycle.sql

      at log (src/db.js:1312:42)

  console.log
    [DB] Migration applied: 029_canonical_knowledge_transactional_sync.sql

      at log (src/db.js:1312:42)

  console.log
    [DB] Migration applied: 030_canonical_knowledge_sync_revocation.sql

      at log (src/db.js:1312:42)

  console.log
    [DB] Migration applied: 031_canonical_knowledge_sync_recovery_lifecycle.sql

      at log (src/db.js:1312:42)

  console.log
    [DB] Migration applied: 032_canonical_schedule_assignment_authority.sql

      at log (src/db.js:1312:42)

  console.log
    [DB] Migration applied: 033_canonical_schedule_time_evidence.sql

      at log (src/db.js:1312:42)

  console.log
    [DB] Migration applied: 034_schedule_availability_conflict_authority.sql

      at log (src/db.js:1312:42)

  console.log
    [DB] Migration applied: 035_schedule_human_preview_approval.sql

      at log (src/db.js:1312:42)

  console.info
    {
      component: 'http',
      event: 'request_completed',
      requestId: '15d0c00f-311f-422f-ba24-0b133c78a668',
      methodClass: 'PUT',
      durationMs: 165,
      statusCode: 200
    }

      at write (src/observability/safeLogger.js:178:17)

  console.info
    {
      component: 'http',
      event: 'request_completed',
      requestId: '315bcc6c-fa6c-4fc8-9ce1-4c8b6c89c36d',
      methodClass: 'PUT',
      durationMs: 43,
      statusCode: 200
    }

      at write (src/observability/safeLogger.js:178:17)

  console.info
    {
      component: 'http',
      event: 'request_completed',
      requestId: '6c2bb3b2-fa8a-428a-b387-4cbd63710afc',
      methodClass: 'PUT',
      durationMs: 2,
      statusCode: 403
    }

      at write (src/observability/safeLogger.js:178:17)

  console.info
    {
      component: 'http',
      event: 'request_completed',
      requestId: '39e69272-4cc0-4c72-b88f-3e1be83be69a',
      methodClass: 'PUT',
      durationMs: 5,
      statusCode: 403
    }

      at write (src/observability/safeLogger.js:178:17)

  console.info
    {
      component: 'http',
      event: 'request_completed',
      requestId: '091f8228-bbe9-4aa5-8799-9e5c511c92ea',
      methodClass: 'PUT',
      durationMs: 128,
      statusCode: 200
    }

      at write (src/observability/safeLogger.js:178:17)

  console.info
    {
      component: 'http',
      event: 'request_completed',
      requestId: 'bbbd5c3c-7ab2-4888-98b4-8630910e91d6',
      methodClass: 'PUT',
      durationMs: 120,
      statusCode: 200
    }

      at write (src/observability/safeLogger.js:178:17)

  console.info
    {
      component: 'http',
      event: 'request_completed',
      requestId: '388dea5b-5aec-43d2-a756-0c0c6cc670ea',
      methodClass: 'PUT',
      durationMs: 43,
      statusCode: 200
    }

      at write (src/observability/safeLogger.js:178:17)

  console.info
    {
      component: 'http',
      event: 'request_completed',
      requestId: 'c2fad71e-9715-4e13-9330-5152a749ab26',
      methodClass: 'PUT',
      durationMs: 5,
      statusCode: 409
    }

      at write (src/observability/safeLogger.js:178:17)

  console.info
    {
      component: 'http',
      event: 'request_completed',
      requestId: '5886eab7-1ef8-40cc-94fe-5b65838fd999',
      methodClass: 'PUT',
      durationMs: 121,
      statusCode: 200
    }

      at write (src/observability/safeLogger.js:178:17)

  console.info
    {
      component: 'http',
      event: 'request_completed',
      requestId: 'bdb856ec-7bb7-427d-b0cc-4b4b9f54c099',
      methodClass: 'PUT',
      durationMs: 128,
      statusCode: 200
    }

      at write (src/observability/safeLogger.js:178:17)

  console.info
    {
      component: 'http',
      event: 'request_completed',
      requestId: 'be5e3870-6251-4395-9263-d0d89be9bd0a',
      methodClass: 'PUT',
      durationMs: 5,
      statusCode: 200
    }

      at write (src/observability/safeLogger.js:178:17)

  console.info
    {
      component: 'http',
      event: 'request_completed',
      requestId: '02ae990a-77f2-4a9c-b11f-fc4024014336',
      methodClass: 'PUT',
      durationMs: 121,
      statusCode: 400
    }

      at write (src/observability/safeLogger.js:178:17)

  console.info
    {
      component: 'http',
      event: 'request_completed',
      requestId: '11428382-b889-42e6-947a-67f9e810ff30',
      methodClass: 'PUT',
      durationMs: 126,
      statusCode: 200
    }

      at write (src/observability/safeLogger.js:178:17)

  console.info
    {
      component: 'http',
      event: 'request_completed',
      requestId: '8a0c945a-d8a8-4e82-b1d1-c5074c069f8a',
      methodClass: 'PUT',
      durationMs: 5,
      statusCode: 404
    }

      at write (src/observability/safeLogger.js:178:17)

  console.info
    {
      component: 'http',
      event: 'request_completed',
      requestId: 'b4e83538-e578-44b4-96ad-64d805a1e95a',
      methodClass: 'PUT',
      durationMs: 5,
      statusCode: 404
    }

      at write (src/observability/safeLogger.js:178:17)

  console.info
    {
      component: 'http',
      event: 'request_completed',
      requestId: '4c2fd0ff-abf5-46bd-b2a6-12419d4e8d39',
      methodClass: 'POST',
      durationMs: 11,
      statusCode: 404
    }

      at write (src/observability/safeLogger.js:178:17)

  console.info
    {
      component: 'http',
      event: 'request_completed',
      requestId: '864bbe46-6542-4755-9117-8dbdf2e82839',
      methodClass: 'POST',
      durationMs: 57,
      statusCode: 404
    }

      at write (src/observability/safeLogger.js:178:17)

  console.info
    {
      component: 'http',
      event: 'request_completed',
      requestId: 'b7bac8c9-7f16-466a-89e9-f7da5c565e67',
      methodClass: 'POST',
      durationMs: 17,
      statusCode: 200
    }

      at write (src/observability/safeLogger.js:178:17)

  console.info
    {
      component: 'http',
      event: 'request_completed',
      requestId: '52129b5b-4909-4826-bd2d-53c2625552ef',
      methodClass: 'POST',
      durationMs: 15,
      statusCode: 200
    }

      at write (src/observability/safeLogger.js:178:17)

  console.info
    {
      component: 'http',
      event: 'request_completed',
      requestId: 'f137b819-3d6d-4d2f-8738-eebb911a7dbe',
      methodClass: 'POST',
      durationMs: 27,
      statusCode: 200
    }

      at write (src/observability/safeLogger.js:178:17)

  console.info
    {
      component: 'http',
      event: 'request_completed',
      requestId: '8b3fa83f-9ed5-4362-a20c-cc6f1e1e73fd',
      methodClass: 'POST',
      durationMs: 22,
      statusCode: 200
    }

      at write (src/observability/safeLogger.js:178:17)

  console.info
    {
      component: 'http',
      event: 'request_completed',
      requestId: '69d20f77-a5e0-45b6-aaf3-2fc396d6ee7b',
      methodClass: 'POST',
      durationMs: 2,
      statusCode: 400
    }

      at write (src/observability/safeLogger.js:178:17)

  console.info
    {
      component: 'http',
      event: 'request_completed',
      requestId: 'f8f0ddce-596a-412f-95c6-9cf82129be11',
      methodClass: 'POST',
      durationMs: 24,
      statusCode: 200
    }

      at write (src/observability/safeLogger.js:178:17)

  console.info
    {
      component: 'http',
      event: 'request_completed',
      requestId: 'de21ad05-21e2-4d39-a724-736513476cb7',
      methodClass: 'POST',
      durationMs: 22,
      statusCode: 200
    }

      at write (src/observability/safeLogger.js:178:17)

  console.info
    {
      component: 'http',
      event: 'request_completed',
      requestId: 'a4756a1d-7dd2-4342-a5ea-ec19b0f76a7a',
      methodClass: 'POST',
      durationMs: 28,
      statusCode: 200
    }

      at write (src/observability/safeLogger.js:178:17)

  console.info
    {
      component: 'http',
      event: 'request_completed',
      requestId: 'b19b004c-72da-4a7e-91e8-28a1b19b88c1',
      methodClass: 'POST',
      durationMs: 27,
      statusCode: 200
    }

      at write (src/observability/safeLogger.js:178:17)

  console.info
    {
      component: 'http',
      event: 'request_completed',
      requestId: 'fa518241-c1d3-44e5-b044-8c4944976db9',
      methodClass: 'PUT',
      durationMs: 150,
      statusCode: 200
    }

      at write (src/observability/safeLogger.js:178:17)

  console.info
    {
      component: 'http',
      event: 'request_completed',
      requestId: 'ce9ec5b4-d1ad-4980-852f-85ae69caa501',
      methodClass: 'POST',
      durationMs: 24,
      statusCode: 200
    }

      at write (src/observability/safeLogger.js:178:17)

  console.info
    {
      component: 'http',
      event: 'request_completed',
      requestId: '3179cee7-fe5b-4cba-828b-59dbcb18f64f',
      methodClass: 'POST',
      durationMs: 19,
      statusCode: 200
    }

      at write (src/observability/safeLogger.js:178:17)

  console.info
    {
      component: 'http',
      event: 'request_completed',
      requestId: '0609ea62-e169-470b-8f7c-0e69375143d8',
      methodClass: 'POST',
      durationMs: 19,
      statusCode: 200
    }

      at write (src/observability/safeLogger.js:178:17)

  console.info
    {
      component: 'http',
      event: 'request_completed',
      requestId: '5c6489d1-3c49-426e-a6f4-5e6a81b74a42',
      methodClass: 'POST',
      durationMs: 19,
      statusCode: 200
    }

      at write (src/observability/safeLogger.js:178:17)

  console.info
    {
      component: 'http',
      event: 'request_completed',
      requestId: '8d09c28c-b177-4f32-8123-99e07d51ee35',
      methodClass: 'POST',
      durationMs: 20,
      statusCode: 200
    }

      at write (src/observability/safeLogger.js:178:17)

  console.info
    {
      component: 'http',
      event: 'request_completed',
      requestId: 'e001d074-337b-4bac-91ff-198a135c5e00',
      methodClass: 'POST',
      durationMs: 20,
      statusCode: 200
    }

      at write (src/observability/safeLogger.js:178:17)

  console.info
    {
      component: 'http',
      event: 'request_completed',
      requestId: 'b710156f-4f1b-42c7-97c5-364512928822',
      methodClass: 'POST',
      durationMs: 20,
      statusCode: 200
    }

      at write (src/observability/safeLogger.js:178:17)

  console.info
    {
      component: 'http',
      event: 'request_completed',
      requestId: 'c5a17e7e-0f27-456d-9d4f-2900205939ba',
      methodClass: 'POST',
      durationMs: 20,
      statusCode: 200
    }

      at write (src/observability/safeLogger.js:178:17)

  console.info
    {
      component: 'http',
      event: 'request_completed',
      requestId: 'cd8d8a1d-378c-4dff-bef2-555095eb7e6b',
      methodClass: 'POST',
      durationMs: 19,
      statusCode: 200
    }

      at write (src/observability/safeLogger.js:178:17)

  console.info
    {
      component: 'http',
      event: 'request_completed',
      requestId: '0d790a4d-b408-414c-88c1-f66db8db2c06',
      methodClass: 'POST',
      durationMs: 19,
      statusCode: 200
    }

      at write (src/observability/safeLogger.js:178:17)

  console.info
    {
      component: 'http',
      event: 'request_completed',
      requestId: '100c0e2a-e84b-4ef5-bbdc-17ac5771fe9d',
      methodClass: 'POST',
      durationMs: 23,
      statusCode: 200
    }

      at write (src/observability/safeLogger.js:178:17)

  console.info
    {
      component: 'http',
      event: 'request_completed',
      requestId: '8ced2294-20d6-43a8-aa6d-ae7ad3245082',
      methodClass: 'POST',
      durationMs: 19,
      statusCode: 200
    }

      at write (src/observability/safeLogger.js:178:17)

  console.info
    {
      component: 'http',
      event: 'request_completed',
      requestId: '1eebf6a6-2472-4c2b-b3fe-21f1aed8e2fa',
      methodClass: 'POST',
      durationMs: 19,
      statusCode: 200
    }

      at write (src/observability/safeLogger.js:178:17)

  console.info
    {
      component: 'http',
      event: 'request_completed',
      requestId: '3759970e-4e44-4607-92d3-20a2dc02b608',
      methodClass: 'POST',
      durationMs: 24,
      statusCode: 200
    }

      at write (src/observability/safeLogger.js:178:17)

  console.info
    {
      component: 'http',
      event: 'request_completed',
      requestId: '6527f21a-8a45-40b3-88b4-d51351894072',
      methodClass: 'PUT',
      durationMs: 123,
      statusCode: 200
    }

      at write (src/observability/safeLogger.js:178:17)

  console.info
    {
      component: 'http',
      event: 'request_completed',
      requestId: 'fcf60518-6f5c-4d3c-8d2a-70aee0b83b9c',
      methodClass: 'PUT',
      durationMs: 129,
      statusCode: 409
    }

      at write (src/observability/safeLogger.js:178:17)

  console.info
    {
      component: 'http',
      event: 'request_completed',
      requestId: 'afd89c3a-ac2a-4f83-8bf4-5d405aafd0a4',
      methodClass: 'PUT',
      durationMs: 4,
      statusCode: 400
    }

      at write (src/observability/safeLogger.js:178:17)

  console.info
    {
      component: 'http',
      event: 'request_completed',
      requestId: '5bfa00e8-6888-472f-959f-37467eee2e5c',
      methodClass: 'POST',
      durationMs: 3,
      statusCode: 400
    }

      at write (src/observability/safeLogger.js:178:17)

  console.info
    {
      component: 'http',
      event: 'request_completed',
      requestId: '43072844-b019-43b2-9bf1-a886b25abbee',
      methodClass: 'POST',
      durationMs: 2,
      statusCode: 401
    }

      at write (src/observability/safeLogger.js:178:17)

  console.info
    {
      component: 'http',
      event: 'request_completed',
      requestId: 'e646de58-3498-4b7d-9d2d-7f12ee1257dd',
      methodClass: 'POST',
      durationMs: 2,
      statusCode: 403
    }

      at write (src/observability/safeLogger.js:178:17)

  console.info
    {
      component: 'http',
      event: 'request_completed',
      requestId: '1411dea6-4ffc-4817-b8b9-f6f35534a9e4',
      methodClass: 'POST',
      durationMs: 4,
      statusCode: 403
    }

      at write (src/observability/safeLogger.js:178:17)

  console.info
    {
      component: 'http',
      event: 'request_completed',
      requestId: '6756b535-bcc0-42a7-b941-674d4b4f765b',
      methodClass: 'POST',
      durationMs: 5,
      statusCode: 409
    }

      at write (src/observability/safeLogger.js:178:17)

  console.log
    [DB] Migration applied: 001_initial_schema.sql

      at Object.log [as runMigrations] (src/db.js:1312:42)

  console.log
    [DB] Migration applied: 002_seed_data.sql

      at Object.log [as runMigrations] (src/db.js:1312:42)

  console.log
    [DB] Migration applied: 003_voice_sessions.sql

      at Object.log [as runMigrations] (src/db.js:1312:42)

  console.log
    [DB] Migration applied: 004_canonical_persistence_v2.sql

      at Object.log [as runMigrations] (src/db.js:1312:42)

  console.log
    [DB] Migration applied: 005_canonical_organization_authority.sql

      at Object.log [as runMigrations] (src/db.js:1312:42)

  console.log
    [DB] Migration applied: 006_canonical_voice_sessions.sql

      at Object.log [as runMigrations] (src/db.js:1312:42)

  console.log
    [DB] Migration applied: 007_canonical_tax_authority.sql

      at Object.log [as runMigrations] (src/db.js:1312:42)

  console.log
    [DB] Migration applied: 008_canonical_demo_authority.sql

      at Object.log [as runMigrations] (src/db.js:1312:42)

  console.log
    [DB] Migration applied: 009_canonical_voice_provider_identity.sql

      at Object.log [as runMigrations] (src/db.js:1312:42)

  console.log
    [DB] Migration applied: 010_account_session_authority.sql

      at Object.log [as runMigrations] (src/db.js:1312:42)

  console.log
    [DB] Migration applied: 011_oauth_authorization_states.sql

      at Object.log [as runMigrations] (src/db.js:1312:42)

  console.log
    [DB] Migration applied: 012_account_verification_trial.sql

      at Object.log [as runMigrations] (src/db.js:1312:42)

  console.log
    [DB] Migration applied: 015_workforce_authority.sql

      at Object.log [as runMigrations] (src/db.js:1312:42)

  console.log
    [DB] Migration applied: 016_tenant_asset_catalogue.sql

      at Object.log [as runMigrations] (src/db.js:1312:42)

  console.log
    [DB] Migration applied: 017_retell_webhook_replay_authority.sql

      at Object.log [as runMigrations] (src/db.js:1312:42)

  console.log
    [DB] Migration applied: 018_canonical_map_preferences.sql

      at Object.log [as runMigrations] (src/db.js:1312:42)

  console.log
    [DB] Migration applied: 019_account_email_outbox.sql

      at Object.log [as runMigrations] (src/db.js:1312:42)

  console.log
    [DB] Migration applied: 020_canonical_workforce_access_roles.sql

      at Object.log [as runMigrations] (src/db.js:1312:42)

  console.log
    [DB] Migration applied: 021_bounded_api_observability.sql

      at Object.log [as runMigrations] (src/db.js:1312:42)

  console.log
    [DB] Migration applied: 022_demo_command_center_sessions.sql

      at Object.log [as runMigrations] (src/db.js:1312:42)

  console.log
    [DB] Migration applied: 023_homepage_demo_admission.sql

      at Object.log [as runMigrations] (src/db.js:1312:42)

  console.log
    [DB] Migration applied: 024_homepage_verified_purge_receipt.sql

      at Object.log [as runMigrations] (src/db.js:1312:42)

  console.log
    [DB] Migration applied: 025_provider_agnostic_knowledge_registry.sql

      at Object.log [as runMigrations] (src/db.js:1312:42)

  console.log
    [DB] Migration applied: 026_canonical_knowledge_review_publication.sql

      at Object.log [as runMigrations] (src/db.js:1312:42)

  console.log
    [DB] Migration applied: 027_canonical_knowledge_audit_graph_authority.sql

      at Object.log [as runMigrations] (src/db.js:1312:42)

  console.log
    [DB] Migration applied: 028_canonical_knowledge_immutable_lifecycle.sql

      at Object.log [as runMigrations] (src/db.js:1312:42)

  console.log
    [DB] Migration applied: 029_canonical_knowledge_transactional_sync.sql

      at Object.log [as runMigrations] (src/db.js:1312:42)

  console.log
    [DB] Migration applied: 030_canonical_knowledge_sync_revocation.sql

      at Object.log [as runMigrations] (src/db.js:1312:42)

  console.log
    [DB] Migration applied: 031_canonical_knowledge_sync_recovery_lifecycle.sql

      at Object.log [as runMigrations] (src/db.js:1312:42)

  console.log
    [DB] Migration applied: 032_canonical_schedule_assignment_authority.sql

      at Object.log [as runMigrations] (src/db.js:1312:42)

  console.log
    [DB] Migration applied: 033_canonical_schedule_time_evidence.sql

      at Object.log [as runMigrations] (src/db.js:1312:42)

  console.log
    [DB] Migration applied: 034_schedule_availability_conflict_authority.sql

      at Object.log [as runMigrations] (src/db.js:1312:42)

  console.log
    [DB] Migration applied: 035_schedule_human_preview_approval.sql

      at Object.log [as runMigrations] (src/db.js:1312:42)
