locked,actualCashBasis,cashNormalizationVersion,originalBeginningCash,originalEndingCash,cashBasisAdjustment,cashBasisProvenance,protectionAuthority,unclassifiedOperatingCosts,expenseClassificationStatus,staffingEvidenceStatus,legalReviewEarmark,legalReviewPayment,unearmarkedOperatingCash,grossForwardOperatingReserve,legalReserveOverlapCredit,variableOperatingCosts,fixedCommittedOperatingCosts,totalModeledOperatingCosts,operatingLedgerDifference,cashReconciliationDifference,actualTaxPayments,taxEarmark,restrictedCash,contingencyProtection,distributionCashCapacity,distributionRequest,earningsEligibilityBalance,distributionStatus,unfundedContinuation,paidMediaSpend,nonPayrollAcquisitionCash,cashAcquisitionIncludingPaidLabor,totalCashAcquisitionCac,month,calendarDate,status,beginningCustomers,openingInvestment,openingExistingCash,openingForecastLegalPayment,openingActualLegalPayment,openingCompanyCash,openingPaymentStatus,forecastExpectedCustomers,plannedNewPayingCustomers,plannedGrossAdditions,realizedGrossAdditions,blockedUnservedDemand,limitingFunctions,acquisitionPhase,acquisitionAuthority,heldAfterPeak,plannedAddsMonthOverMonthChange,plannedAddsMonthOverMonthRate,acquisition.newDirect,acquisition.newPaid,acquisition.newOrganic,acquisition.newReferral,acquisition.newPartner,acquisition.newBreakoutEvent,acquisition.newOther,reactivations,voluntaryChurn,involuntaryChurn,churnedCustomers,activeCustomers,grossNewCustomersByPlan.starter,grossNewCustomersByPlan.growth,grossNewCustomersByPlan.complete,reactivatedCustomersByPlan.starter,reactivatedCustomersByPlan.growth,reactivatedCustomersByPlan.complete,planEnding.starter,planEnding.growth,planEnding.complete,mrr,subscriptionRevenue,overageRevenue,grossRevenue,refundsChargebacks,totalRevenue,revenueBreakdownStatus,grossCashCollections,cashRefundsChargebacks,cashCollections,cashBreakdownStatus,providerCosts,customerVariableCosts,paymentFees,cardProcessingFees,stripeBillingFees,paymentCount,directProviderCosts,salesMarketing,salesAndMarketingFullyLoaded,founderCompensation,founderPay,businessFixedCommittedCosts,businessOperatingCosts,operatingResultBeforeFounderPay,founderAssumedProfitWithdrawals,founderAssumedTotalReceiptsBeforePersonalTax,founderPayEvent,overheadBudgetStatus,headcount.loadedPayroll,headcount.oneTime,contractors.cost,employeeSoftwareExpense,employeePayroll,monthlyPayroll,sharedInfrastructure,baseFixedOperatingCost,customerUsageVariableCosts,stepFixedOperatingCosts,peopleOperatingCosts,directCustomerSupportCash,customerSupport,customerSupportFullyLoaded,fullyLoadedContributionBreakdownStatus,professionalServices,otherOpex,unclassifiedOpex,totalOperatingExpense,opexBreakdownStatus,cashBlendedCac,fullyLoadedBlendedCac,contributionProfit,operatingProfit,beginningCash,additionalFunding,capitalExpenditures,taxReserve,otherCashOutflows,committedCashExpenses,cashFlowBeforeInvestorDistribution,cashBeforeDistribution,eligibleDistributionPoolBeforeReserve,totalDistributionPool,investorDistribution,otherOwnerDistributions,distributionProjectionAvailable,distributionStatus,investorPrincipalRecovered,investorUnrecoveredInvestment,investorCashProfitAfterRecovery,endingCash,forwardReserve,remainingMarket,remainingModeledAcquisitionCapacity,remainingNeverAcquiredAddressableAccounts,cacByChannel.direct,cacByChannel.paid,cacByChannel.organic,cacByChannel.referral,cacByChannel.partnerships,cacByChannel.breakout,cacByChannel.other,cacByChannel.reactivation,directAcquisitionMethod,directTrialDemoConversion,paidAcquisitionMethod,paidTrialDemoConversion,revenuePerCustomer,supportCostPerCustomer,directProviderCostPerCustomer,organization.stage.label,organization.employeeFte,organization.contractorFteEquivalent,organization.founderCapacityUtilization,organization.automaticPlanEnabled,organization.automaticStaffingEnabled,automaticOrganizationEventCount,automaticOrganizationEventSummary
false,,,,,,,,,,,0,0,1208972,192084.00000000003,0,60128.00000000001,3900,64028.00000000001,0,0,0,0,0,0,1026888,10000,208972,Provisional pro-rata illustration; agreement and taxes unverified,false,0,0,0,,1,2026-09-01,FORECAST,2000,1000000,0,15000,0,985000,FORECAST prelaunch payment; not actual or verified quote,2000,0,0,0,0,,,CHANNEL_DRIVER_SUM,false,,,0,0,0,0,0,0,0,0,0,0,0,2000,0,0,0,0,0,0,2000,0,0,298000,298000,0,298000,0,298000,RECONCILED,298000,0,298000,RECONCILED,48800.00000000001,11328.000000000002,11328.000000000002,9242.000000000002,2086.0000000000005,2000,60128.00000000001,0,0,3500,3500,400,60528.00000000001,237472,9900,13400,Founder pay begins,"Starting overhead budget v1: $400 combined conservative planning amount includes Codex, another subscription, website and database; not verified recurring invoices. The first $100 infrastructure tier reference is treated as covered; only higher automatic tier increments are additional. This fixed scenario reference is provisional overlap treatment, not invoice allocation. Explicit manual and dated infrastructure amounts are additional; if intended as replacements, reconcile the baseline before entering them.",0,0,0,0,0,3500,0,400,60128.00000000001,0,3500,0,0,0,RECONCILED,0,400,0,3900,RECONCILED,,,237872,233972,985000,0,0,0,0,64028.00000000001,233972,1218972,10000,10000,100,9900,true,Provisional pro-rata illustration; agreement and taxes unverified,100,999900,0,1208972,192084.00000000003,,,,,,,,,,,,milestone,,cac,,149,0,30.064000000000004,Departmental Organization,0,0,1.5492702078521938,false,false,0,
false,,,,,,,,,,,0,0,1442944,192084.00000000003,0,60128.00000000001,3900,64028.00000000001,0,0,0,0,0,0,1250860,0,442944,Provisional pro-rata illustration; agreement and taxes unverified,false,0,0,0,,2,2026-10-01,FORECAST,2000,1000000,0,15000,0,985000,FORECAST prelaunch payment; not actual or verified quote,2000,0,0,0,0,,,CHANNEL_DRIVER_SUM,false,0,,0,0,0,0,0,0,0,0,0,0,0,2000,0,0,0,0,0,0,2000,0,0,298000,298000,0,298000,0,298000,RECONCILED,298000,0,298000,RECONCILED,48800.00000000001,11328.000000000002,11328.000000000002,9242.000000000002,2086.0000000000005,2000,60128.00000000001,0,0,3500,3500,400,60528.00000000001,237472,0,3500,Founder pay unchanged,"Starting overhead budget v1: $400 combined conservative planning amount includes Codex, another subscription, website and database; not verified recurring invoices. The first $100 infrastructure tier reference is treated as covered; only higher automatic tier increments are additional. This fixed scenario reference is provisional overlap treatment, not invoice allocation. Explicit manual and dated infrastructure amounts are additional; if intended as replacements, reconcile the baseline before entering them.",0,0,0,0,0,3500,0,400,60128.00000000001,0,3500,0,0,0,RECONCILED,0,400,0,3900,RECONCILED,,,237872,233972,1208972,0,0,0,0,64028.00000000001,233972,1442944,0,0,0,0,true,Provisional pro-rata illustration; agreement and taxes unverified,100,999900,0,1442944,192084.00000000003,,,,,,,,,,,,milestone,,cac,,149,0,30.064000000000004,Departmental Organization,0,0,1.5492702078521938,false,false,0,
false,,,,,,,,,,,0,0,1676916,192084.00000000003,0,60128.00000000001,3900,64028.00000000001,0,0,0,0,0,0,1484832,0,676916,Provisional pro-rata illustration; agreement and taxes unverified,false,0,0,0,,3,2026-11-01,FORECAST,2000,1000000,0,15000,0,985000,FORECAST prelaunch payment; not actual or verified quote,2000,0,0,0,0,,,CHANNEL_DRIVER_SUM,false,0,,0,0,0,0,0,0,0,0,0,0,0,2000,0,0,0,0,0,0,2000,0,0,298000,298000,0,298000,0,298000,RECONCILED,298000,0,298000,RECONCILED,48800.00000000001,11328.000000000002,11328.000000000002,9242.000000000002,2086.0000000000005,2000,60128.00000000001,0,0,3500,3500,400,60528.00000000001,237472,0,3500,Founder pay unchanged,"Starting overhead budget v1: $400 combined conservative planning amount includes Codex, another subscription, website and database; not verified recurring invoices. The first $100 infrastructure tier reference is treated as covered; only higher automatic tier increments are additional. This fixed scenario reference is provisional overlap treatment, not invoice allocation. Explicit manual and dated infrastructure amounts are additional; if intended as replacements, reconcile the baseline before entering them.",0,0,0,0,0,3500,0,400,60128.00000000001,0,3500,0,0,0,RECONCILED,0,400,0,3900,RECONCILED,,,237872,233972,1442944,0,0,0,0,64028.00000000001,233972,1676916,0,0,0,0,true,Provisional pro-rata illustration; agreement and taxes unverified,100,999900,0,1676916,192084.00000000003,,,,,,,,,,,,milestone,,cac,,149,0,30.064000000000004,Departmental Organization,0,0,1.5492702078521938,false,false,0,
false,,,,,,,,,,,0,0,1910888,192084.00000000003,0,60128.00000000001,3900,64028.00000000001,0,0,0,0,0,0,1718804,0,910888,Provisional pro-rata illustration; agreement and taxes unverified,false,0,0,0,,4,2026-12-01,FORECAST,2000,1000000,0,15000,0,985000,FORECAST prelaunch payment; not actual or verified quote,2000,0,0,0,0,,,CHANNEL_DRIVER_SUM,false,0,,0,0,0,0,0,0,0,0,0,0,0,2000,0,0,0,0,0,0,2000,0,0,298000,298000,0,298000,0,298000,RECONCILED,298000,0,298000,RECONCILED,48800.00000000001,11328.000000000002,11328.000000000002,9242.000000000002,2086.0000000000005,2000,60128.00000000001,0,0,3500,3500,400,60528.00000000001,237472,0,3500,Founder pay unchanged,"Starting overhead budget v1: $400 combined conservative planning amount includes Codex, another subscription, website and database; not verified recurring invoices. The first $100 infrastructure tier reference is treated as covered; only higher automatic tier increments are additional. This fixed scenario reference is provisional overlap treatment, not invoice allocation. Explicit manual and dated infrastructure amounts are additional; if intended as replacements, reconcile the baseline before entering them.",0,0,0,0,0,3500,0,400,60128.00000000001,0,3500,0,0,0,RECONCILED,0,400,0,3900,RECONCILED,,,237872,233972,1676916,0,0,0,0,64028.00000000001,233972,1910888,0,0,0,0,true,Provisional pro-rata illustration; agreement and taxes unverified,100,999900,0,1910888,192084.00000000003,,,,,,,,,,,,milestone,,cac,,149,0,30.064000000000004,Departmental Organization,0,0,1.5492702078521938,false,false,0,
false,,,,,,,,,,,0,0,2144860,192084.00000000003,0,60128.00000000001,3900,64028.00000000001,0,0,0,0,0,0,1952776,0,1144860,Provisional pro-rata illustration; agreement and taxes unverified,false,0,0,0,,5,2027-01-01,FORECAST,2000,1000000,0,15000,0,985000,FORECAST prelaunch payment; not actual or verified quote,2000,0,0,0,0,,,CHANNEL_DRIVER_SUM,false,0,,0,0,0,0,0,0,0,0,0,0,0,2000,0,0,0,0,0,0,2000,0,0,298000,298000,0,298000,0,298000,RECONCILED,298000,0,298000,RECONCILED,48800.00000000001,11328.000000000002,11328.000000000002,9242.000000000002,2086.0000000000005,2000,60128.00000000001,0,0,3500,3500,400,60528.00000000001,237472,0,3500,Founder pay unchanged,"Starting overhead budget v1: $400 combined conservative planning amount includes Codex, another subscription, website and database; not verified recurring invoices. The first $100 infrastructure tier reference is treated as covered; only higher automatic tier increments are additional. This fixed scenario reference is provisional overlap treatment, not invoice allocation. Explicit manual and dated infrastructure amounts are additional; if intended as replacements, reconcile the baseline before entering them.",0,0,0,0,0,3500,0,400,60128.00000000001,0,3500,0,0,0,RECONCILED,0,400,0,3900,RECONCILED,,,237872,233972,1910888,0,0,0,0,64028.00000000001,233972,2144860,0,0,0,0,true,Provisional pro-rata illustration; agreement and taxes unverified,100,999900,0,2144860,192084.00000000003,,,,,,,,,,,,milestone,,cac,,149,0,30.064000000000004,Departmental Organization,0,0,1.5492702078521938,false,false,0,
false,,,,,,,,,,,0,0,2378832,192084.00000000003,0,60128.00000000001,3900,64028.00000000001,0,0,0,0,0,0,2186748,0,1378832,Provisional pro-rata illustration; agreement and taxes unverified,false,0,0,0,,6,2027-02-01,FORECAST,2000,1000000,0,15000,0,985000,FORECAST prelaunch payment; not actual or verified quote,2000,0,0,0,0,,,CHANNEL_DRIVER_SUM,false,0,,0,0,0,0,0,0,0,0,0,0,0,2000,0,0,0,0,0,0,2000,0,0,298000,298000,0,298000,0,298000,RECONCILED,298000,0,298000,RECONCILED,48800.00000000001,11328.000000000002,11328.000000000002,9242.000000000002,2086.0000000000005,2000,60128.00000000001,0,0,3500,3500,400,60528.00000000001,237472,0,3500,Founder pay unchanged,"Starting overhead budget v1: $400 combined conservative planning amount includes Codex, another subscription, website and database; not verified recurring invoices. The first $100 infrastructure tier reference is treated as covered; only higher automatic tier increments are additional. This fixed scenario reference is provisional overlap treatment, not invoice allocation. Explicit manual and dated infrastructure amounts are additional; if intended as replacements, reconcile the baseline before entering them.",0,0,0,0,0,3500,0,400,60128.00000000001,0,3500,0,0,0,RECONCILED,0,400,0,3900,RECONCILED,,,237872,233972,2144860,0,0,0,0,64028.00000000001,233972,2378832,0,0,0,0,true,Provisional pro-rata illustration; agreement and taxes unverified,100,999900,0,2378832,192084.00000000003,,,,,,,,,,,,milestone,,cac,,149,0,30.064000000000004,Departmental Organization,0,0,1.5492702078521938,false,false,0,
false,,,,,,,,,,,0,0,2612804,192084.00000000003,0,60128.00000000001,3900,64028.00000000001,0,0,0,0,0,0,2420720,0,1612804,Provisional pro-rata illustration; agreement and taxes unverified,false,0,0,0,,7,2027-03-01,FORECAST,2000,1000000,0,15000,0,985000,FORECAST prelaunch payment; not actual or verified quote,2000,0,0,0,0,,,CHANNEL_DRIVER_SUM,false,0,,0,0,0,0,0,0,0,0,0,0,0,2000,0,0,0,0,0,0,2000,0,0,298000,298000,0,298000,0,298000,RECONCILED,298000,0,298000,RECONCILED,48800.00000000001,11328.000000000002,11328.000000000002,9242.000000000002,2086.0000000000005,2000,60128.00000000001,0,0,3500,3500,400,60528.00000000001,237472,0,3500,Founder pay unchanged,"Starting overhead budget v1: $400 combined conservative planning amount includes Codex, another subscription, website and database; not verified recurring invoices. The first $100 infrastructure tier reference is treated as covered; only higher automatic tier increments are additional. This fixed scenario reference is provisional overlap treatment, not invoice allocation. Explicit manual and dated infrastructure amounts are additional; if intended as replacements, reconcile the baseline before entering them.",0,0,0,0,0,3500,0,400,60128.00000000001,0,3500,0,0,0,RECONCILED,0,400,0,3900,RECONCILED,,,237872,233972,2378832,0,0,0,0,64028.00000000001,233972,2612804,0,0,0,0,true,Provisional pro-rata illustration; agreement and taxes unverified,100,999900,0,2612804,192084.00000000003,,,,,,,,,,,,milestone,,cac,,149,0,30.064000000000004,Departmental Organization,0,0,1.5492702078521938,false,false,0,
false,,,,,,,,,,,0,0,2846776,192084.00000000003,0,60128.00000000001,3900,64028.00000000001,0,0,0,0,0,0,2654692,0,1846776,Provisional pro-rata illustration; agreement and taxes unverified,false,0,0,0,,8,2027-04-01,FORECAST,2000,1000000,0,15000,0,985000,FORECAST prelaunch payment; not actual or verified quote,2000,0,0,0,0,,,CHANNEL_DRIVER_SUM,false,0,,0,0,0,0,0,0,0,0,0,0,0,2000,0,0,0,0,0,0,2000,0,0,298000,298000,0,298000,0,298000,RECONCILED,298000,0,298000,RECONCILED,48800.00000000001,11328.000000000002,11328.000000000002,9242.000000000002,2086.0000000000005,2000,60128.00000000001,0,0,3500,3500,400,60528.00000000001,237472,0,3500,Founder pay unchanged,"Starting overhead budget v1: $400 combined conservative planning amount includes Codex, another subscription, website and database; not verified recurring invoices. The first $100 infrastructure tier reference is treated as covered; only higher automatic tier increments are additional. This fixed scenario reference is provisional overlap treatment, not invoice allocation. Explicit manual and dated infrastructure amounts are additional; if intended as replacements, reconcile the baseline before entering them.",0,0,0,0,0,3500,0,400,60128.00000000001,0,3500,0,0,0,RECONCILED,0,400,0,3900,RECONCILED,,,237872,233972,2612804,0,0,0,0,64028.00000000001,233972,2846776,0,0,0,0,true,Provisional pro-rata illustration; agreement and taxes unverified,100,999900,0,2846776,192084.00000000003,,,,,,,,,,,,milestone,,cac,,149,0,30.064000000000004,Departmental Organization,0,0,1.5492702078521938,false,false,0,
false,,,,,,,,,,,0,0,3080748,192084.00000000003,0,60128.00000000001,3900,64028.00000000001,0,0,0,0,0,0,2888664,0,2080748,Provisional pro-rata illustration; agreement and taxes unverified,false,0,0,0,,9,2027-05-01,FORECAST,2000,1000000,0,15000,0,985000,FORECAST prelaunch payment; not actual or verified quote,2000,0,0,0,0,,,CHANNEL_DRIVER_SUM,false,0,,0,0,0,0,0,0,0,0,0,0,0,2000,0,0,0,0,0,0,2000,0,0,298000,298000,0,298000,0,298000,RECONCILED,298000,0,298000,RECONCILED,48800.00000000001,11328.000000000002,11328.000000000002,9242.000000000002,2086.0000000000005,2000,60128.00000000001,0,0,3500,3500,400,60528.00000000001,237472,0,3500,Founder pay unchanged,"Starting overhead budget v1: $400 combined conservative planning amount includes Codex, another subscription, website and database; not verified recurring invoices. The first $100 infrastructure tier reference is treated as covered; only higher automatic tier increments are additional. This fixed scenario reference is provisional overlap treatment, not invoice allocation. Explicit manual and dated infrastructure amounts are additional; if intended as replacements, reconcile the baseline before entering them.",0,0,0,0,0,3500,0,400,60128.00000000001,0,3500,0,0,0,RECONCILED,0,400,0,3900,RECONCILED,,,237872,233972,2846776,0,0,0,0,64028.00000000001,233972,3080748,0,0,0,0,true,Provisional pro-rata illustration; agreement and taxes unverified,100,999900,0,3080748,192084.00000000003,,,,,,,,,,,,milestone,,cac,,149,0,30.064000000000004,Departmental Organization,0,0,1.5492702078521938,false,false,0,
false,,,,,,,,,,,0,0,3314720,192084.00000000003,0,60128.00000000001,3900,64028.00000000001,0,0,0,0,0,0,3122636,0,2314720,Provisional pro-rata illustration; agreement and taxes unverified,false,0,0,0,,10,2027-06-01,FORECAST,2000,1000000,0,15000,0,985000,FORECAST prelaunch payment; not actual or verified quote,2000,0,0,0,0,,,CHANNEL_DRIVER_SUM,false,0,,0,0,0,0,0,0,0,0,0,0,0,2000,0,0,0,0,0,0,2000,0,0,298000,298000,0,298000,0,298000,RECONCILED,298000,0,298000,RECONCILED,48800.00000000001,11328.000000000002,11328.000000000002,9242.000000000002,2086.0000000000005,2000,60128.00000000001,0,0,3500,3500,400,60528.00000000001,237472,0,3500,Founder pay unchanged,"Starting overhead budget v1: $400 combined conservative planning amount includes Codex, another subscription, website and database; not verified recurring invoices. The first $100 infrastructure tier reference is treated as covered; only higher automatic tier increments are additional. This fixed scenario reference is provisional overlap treatment, not invoice allocation. Explicit manual and dated infrastructure amounts are additional; if intended as replacements, reconcile the baseline before entering them.",0,0,0,0,0,3500,0,400,60128.00000000001,0,3500,0,0,0,RECONCILED,0,400,0,3900,RECONCILED,,,237872,233972,3080748,0,0,0,0,64028.00000000001,233972,3314720,0,0,0,0,true,Provisional pro-rata illustration; agreement and taxes unverified,100,999900,0,3314720,192084.00000000003,,,,,,,,,,,,milestone,,cac,,149,0,30.064000000000004,Departmental Organization,0,0,1.5492702078521938,false,false,0,
false,,,,,,,,,,,0,0,3548692,192084.00000000003,0,60128.00000000001,3900,64028.00000000001,0,0,0,0,0,0,3356608,0,2548692,Provisional pro-rata illustration; agreement and taxes unverified,false,0,0,0,,11,2027-07-01,FORECAST,2000,1000000,0,15000,0,985000,FORECAST prelaunch payment; not actual or verified quote,2000,0,0,0,0,,,CHANNEL_DRIVER_SUM,false,0,,0,0,0,0,0,0,0,0,0,0,0,2000,0,0,0,0,0,0,2000,0,0,298000,298000,0,298000,0,298000,RECONCILED,298000,0,298000,RECONCILED,48800.00000000001,11328.000000000002,11328.000000000002,9242.000000000002,2086.0000000000005,2000,60128.00000000001,0,0,3500,3500,400,60528.00000000001,237472,0,3500,Founder pay unchanged,"Starting overhead budget v1: $400 combined conservative planning amount includes Codex, another subscription, website and database; not verified recurring invoices. The first $100 infrastructure tier reference is treated as covered; only higher automatic tier increments are additional. This fixed scenario reference is provisional overlap treatment, not invoice allocation. Explicit manual and dated infrastructure amounts are additional; if intended as replacements, reconcile the baseline before entering them.",0,0,0,0,0,3500,0,400,60128.00000000001,0,3500,0,0,0,RECONCILED,0,400,0,3900,RECONCILED,,,237872,233972,3314720,0,0,0,0,64028.00000000001,233972,3548692,0,0,0,0,true,Provisional pro-rata illustration; agreement and taxes unverified,100,999900,0,3548692,192084.00000000003,,,,,,,,,,,,milestone,,cac,,149,0,30.064000000000004,Departmental Organization,0,0,1.5492702078521938,false,false,0,
false,,,,,,,,,,,0,0,3782664,192084.00000000003,0,60128.00000000001,3900,64028.00000000001,0,0,0,0,0,0,3590580,0,2782664,Provisional pro-rata illustration; agreement and taxes unverified,false,0,0,0,,12,2027-08-01,FORECAST,2000,1000000,0,15000,0,985000,FORECAST prelaunch payment; not actual or verified quote,2000,0,0,0,0,,,CHANNEL_DRIVER_SUM,false,0,,0,0,0,0,0,0,0,0,0,0,0,2000,0,0,0,0,0,0,2000,0,0,298000,298000,0,298000,0,298000,RECONCILED,298000,0,298000,RECONCILED,48800.00000000001,11328.000000000002,11328.000000000002,9242.000000000002,2086.0000000000005,2000,60128.00000000001,0,0,3500,3500,400,60528.00000000001,237472,0,3500,Founder pay unchanged,"Starting overhead budget v1: $400 combined conservative planning amount includes Codex, another subscription, website and database; not verified recurring invoices. The first $100 infrastructure tier reference is treated as covered; only higher automatic tier increments are additional. This fixed scenario reference is provisional overlap treatment, not invoice allocation. Explicit manual and dated infrastructure amounts are additional; if intended as replacements, reconcile the baseline before entering them.",0,0,0,0,0,3500,0,400,60128.00000000001,0,3500,0,0,0,RECONCILED,0,400,0,3900,RECONCILED,,,237872,233972,3548692,0,0,0,0,64028.00000000001,233972,3782664,0,0,0,0,true,Provisional pro-rata illustration; agreement and taxes unverified,100,999900,0,3782664,192084.00000000003,,,,,,,,,,,,milestone,,cac,,149,0,30.064000000000004,Departmental Organization,0,0,1.5492702078521938,false,false,0,
false,,,,,,,,,,,0,0,4016636,192084.00000000003,0,60128.00000000001,3900,64028.00000000001,0,0,0,0,0,0,3824552,0,3016636,Provisional pro-rata illustration; agreement and taxes unverified,false,0,0,0,,13,2027-09-01,FORECAST,2000,1000000,0,15000,0,985000,FORECAST prelaunch payment; not actual or verified quote,2000,0,0,0,0,,,CHANNEL_DRIVER_SUM,false,0,,0,0,0,0,0,0,0,0,0,0,0,2000,0,0,0,0,0,0,2000,0,0,298000,298000,0,298000,0,298000,RECONCILED,298000,0,298000,RECONCILED,48800.00000000001,11328.000000000002,11328.000000000002,9242.000000000002,2086.0000000000005,2000,60128.00000000001,0,0,3500,3500,400,60528.00000000001,237472,0,3500,Founder pay unchanged,"Starting overhead budget v1: $400 combined conservative planning amount includes Codex, another subscription, website and database; not verified recurring invoices. The first $100 infrastructure tier reference is treated as covered; only higher automatic tier increments are additional. This fixed scenario reference is provisional overlap treatment, not invoice allocation. Explicit manual and dated infrastructure amounts are additional; if intended as replacements, reconcile the baseline before entering them.",0,0,0,0,0,3500,0,400,60128.00000000001,0,3500,0,0,0,RECONCILED,0,400,0,3900,RECONCILED,,,237872,233972,3782664,0,0,0,0,64028.00000000001,233972,4016636,0,0,0,0,true,Provisional pro-rata illustration; agreement and taxes unverified,100,999900,0,4016636,192084.00000000003,,,,,,,,,,,,milestone,,cac,,149,0,30.064000000000004,Departmental Organization,0,0,1.5492702078521938,false,false,0,
false,,,,,,,,,,,0,0,4250608,192084.00000000003,0,60128.00000000001,3900,64028.00000000001,0,0,0,0,0,0,4058524,0,3250608,Provisional pro-rata illustration; agreement and taxes unverified,false,0,0,0,,14,2027-10-01,FORECAST,2000,1000000,0,15000,0,985000,FORECAST prelaunch payment; not actual or verified quote,2000,0,0,0,0,,,CHANNEL_DRIVER_SUM,false,0,,0,0,0,0,0,0,0,0,0,0,0,2000,0,0,0,0,0,0,2000,0,0,298000,298000,0,298000,0,298000,RECONCILED,298000,0,298000,RECONCILED,48800.00000000001,11328.000000000002,11328.000000000002,9242.000000000002,2086.0000000000005,2000,60128.00000000001,0,0,3500,3500,400,60528.00000000001,237472,0,3500,Founder pay unchanged,"Starting overhead budget v1: $400 combined conservative planning amount includes Codex, another subscription, website and database; not verified recurring invoices. The first $100 infrastructure tier reference is treated as covered; only higher automatic tier increments are additional. This fixed scenario reference is provisional overlap treatment, not invoice allocation. Explicit manual and dated infrastructure amounts are additional; if intended as replacements, reconcile the baseline before entering them.",0,0,0,0,0,3500,0,400,60128.00000000001,0,3500,0,0,0,RECONCILED,0,400,0,3900,RECONCILED,,,237872,233972,4016636,0,0,0,0,64028.00000000001,233972,4250608,0,0,0,0,true,Provisional pro-rata illustration; agreement and taxes unverified,100,999900,0,4250608,192084.00000000003,,,,,,,,,,,,milestone,,cac,,149,0,30.064000000000004,Departmental Organization,0,0,1.5492702078521938,false,false,0,
false,,,,,,,,,,,0,0,4484580,192084.00000000003,0,60128.00000000001,3900,64028.00000000001,0,0,0,0,0,0,4292496,0,3484580,Provisional pro-rata illustration; agreement and taxes unverified,false,0,0,0,,15,2027-11-01,FORECAST,2000,1000000,0,15000,0,985000,FORECAST prelaunch payment; not actual or verified quote,2000,0,0,0,0,,,CHANNEL_DRIVER_SUM,false,0,,0,0,0,0,0,0,0,0,0,0,0,2000,0,0,0,0,0,0,2000,0,0,298000,298000,0,298000,0,298000,RECONCILED,298000,0,298000,RECONCILED,48800.00000000001,11328.000000000002,11328.000000000002,9242.000000000002,2086.0000000000005,2000,60128.00000000001,0,0,3500,3500,400,60528.00000000001,237472,0,3500,Founder pay unchanged,"Starting overhead budget v1: $400 combined conservative planning amount includes Codex, another subscription, website and database; not verified recurring invoices. The first $100 infrastructure tier reference is treated as covered; only higher automatic tier increments are additional. This fixed scenario reference is provisional overlap treatment, not invoice allocation. Explicit manual and dated infrastructure amounts are additional; if intended as replacements, reconcile the baseline before entering them.",0,0,0,0,0,3500,0,400,60128.00000000001,0,3500,0,0,0,RECONCILED,0,400,0,3900,RECONCILED,,,237872,233972,4250608,0,0,0,0,64028.00000000001,233972,4484580,0,0,0,0,true,Provisional pro-rata illustration; agreement and taxes unverified,100,999900,0,4484580,192084.00000000003,,,,,,,,,,,,milestone,,cac,,149,0,30.064000000000004,Departmental Organization,0,0,1.5492702078521938,false,false,0,
false,,,,,,,,,,,0,0,4718552,192084.00000000003,0,60128.00000000001,3900,64028.00000000001,0,0,0,0,0,0,4526468,0,3718552,Provisional pro-rata illustration; agreement and taxes unverified,false,0,0,0,,16,2027-12-01,FORECAST,2000,1000000,0,15000,0,985000,FORECAST prelaunch payment; not actual or verified quote,2000,0,0,0,0,,,CHANNEL_DRIVER_SUM,false,0,,0,0,0,0,0,0,0,0,0,0,0,2000,0,0,0,0,0,0,2000,0,0,298000,298000,0,298000,0,298000,RECONCILED,298000,0,298000,RECONCILED,48800.00000000001,11328.000000000002,11328.000000000002,9242.000000000002,2086.0000000000005,2000,60128.00000000001,0,0,3500,3500,400,60528.00000000001,237472,0,3500,Founder pay unchanged,"Starting overhead budget v1: $400 combined conservative planning amount includes Codex, another subscription, website and database; not verified recurring invoices. The first $100 infrastructure tier reference is treated as covered; only higher automatic tier increments are additional. This fixed scenario reference is provisional overlap treatment, not invoice allocation. Explicit manual and dated infrastructure amounts are additional; if intended as replacements, reconcile the baseline before entering them.",0,0,0,0,0,3500,0,400,60128.00000000001,0,3500,0,0,0,RECONCILED,0,400,0,3900,RECONCILED,,,237872,233972,4484580,0,0,0,0,64028.00000000001,233972,4718552,0,0,0,0,true,Provisional pro-rata illustration; agreement and taxes unverified,100,999900,0,4718552,192084.00000000003,,,,,,,,,,,,milestone,,cac,,149,0,30.064000000000004,Departmental Organization,0,0,1.5492702078521938,false,false,0,
false,,,,,,,,,,,0,0,4952524,192084.00000000003,0,60128.00000000001,3900,64028.00000000001,0,0,0,0,0,0,4760440,0,3952524,Provisional pro-rata illustration; agreement and taxes unverified,false,0,0,0,,17,2028-01-01,FORECAST,2000,1000000,0,15000,0,985000,FORECAST prelaunch payment; not actual or verified quote,2000,0,0,0,0,,,CHANNEL_DRIVER_SUM,false,0,,0,0,0,0,0,0,0,0,0,0,0,2000,0,0,0,0,0,0,2000,0,0,298000,298000,0,298000,0,298000,RECONCILED,298000,0,298000,RECONCILED,48800.00000000001,11328.000000000002,11328.000000000002,9242.000000000002,2086.0000000000005,2000,60128.00000000001,0,0,3500,3500,400,60528.00000000001,237472,0,3500,Founder pay unchanged,"Starting overhead budget v1: $400 combined conservative planning amount includes Codex, another subscription, website and database; not verified recurring invoices. The first $100 infrastructure tier reference is treated as covered; only higher automatic tier increments are additional. This fixed scenario reference is provisional overlap treatment, not invoice allocation. Explicit manual and dated infrastructure amounts are additional; if intended as replacements, reconcile the baseline before entering them.",0,0,0,0,0,3500,0,400,60128.00000000001,0,3500,0,0,0,RECONCILED,0,400,0,3900,RECONCILED,,,237872,233972,4718552,0,0,0,0,64028.00000000001,233972,4952524,0,0,0,0,true,Provisional pro-rata illustration; agreement and taxes unverified,100,999900,0,4952524,192084.00000000003,,,,,,,,,,,,milestone,,cac,,149,0,30.064000000000004,Departmental Organization,0,0,1.5492702078521938,false,false,0,
false,,,,,,,,,,,0,0,5186496,192084.00000000003,0,60128.00000000001,3900,64028.00000000001,0,0,0,0,0,0,4994412,0,4186496,Provisional pro-rata illustration; agreement and taxes unverified,false,0,0,0,,18,2028-02-01,FORECAST,2000,1000000,0,15000,0,985000,FORECAST prelaunch payment; not actual or verified quote,2000,0,0,0,0,,,CHANNEL_DRIVER_SUM,false,0,,0,0,0,0,0,0,0,0,0,0,0,2000,0,0,0,0,0,0,2000,0,0,298000,298000,0,298000,0,298000,RECONCILED,298000,0,298000,RECONCILED,48800.00000000001,11328.000000000002,11328.000000000002,9242.000000000002,2086.0000000000005,2000,60128.00000000001,0,0,3500,3500,400,60528.00000000001,237472,0,3500,Founder pay unchanged,"Starting overhead budget v1: $400 combined conservative planning amount includes Codex, another subscription, website and database; not verified recurring invoices. The first $100 infrastructure tier reference is treated as covered; only higher automatic tier increments are additional. This fixed scenario reference is provisional overlap treatment, not invoice allocation. Explicit manual and dated infrastructure amounts are additional; if intended as replacements, reconcile the baseline before entering them.",0,0,0,0,0,3500,0,400,60128.00000000001,0,3500,0,0,0,RECONCILED,0,400,0,3900,RECONCILED,,,237872,233972,4952524,0,0,0,0,64028.00000000001,233972,5186496,0,0,0,0,true,Provisional pro-rata illustration; agreement and taxes unverified,100,999900,0,5186496,192084.00000000003,,,,,,,,,,,,milestone,,cac,,149,0,30.064000000000004,Departmental Organization,0,0,1.5492702078521938,false,false,0,
false,,,,,,,,,,,0,0,5420468,192084.00000000003,0,60128.00000000001,3900,64028.00000000001,0,0,0,0,0,0,5228384,0,4420468,Provisional pro-rata illustration; agreement and taxes unverified,false,0,0,0,,19,2028-03-01,FORECAST,2000,1000000,0,15000,0,985000,FORECAST prelaunch payment; not actual or verified quote,2000,0,0,0,0,,,CHANNEL_DRIVER_SUM,false,0,,0,0,0,0,0,0,0,0,0,0,0,2000,0,0,0,0,0,0,2000,0,0,298000,298000,0,298000,0,298000,RECONCILED,298000,0,298000,RECONCILED,48800.00000000001,11328.000000000002,11328.000000000002,9242.000000000002,2086.0000000000005,2000,60128.00000000001,0,0,3500,3500,400,60528.00000000001,237472,0,3500,Founder pay unchanged,"Starting overhead budget v1: $400 combined conservative planning amount includes Codex, another subscription, website and database; not verified recurring invoices. The first $100 infrastructure tier reference is treated as covered; only higher automatic tier increments are additional. This fixed scenario reference is provisional overlap treatment, not invoice allocation. Explicit manual and dated infrastructure amounts are additional; if intended as replacements, reconcile the baseline before entering them.",0,0,0,0,0,3500,0,400,60128.00000000001,0,3500,0,0,0,RECONCILED,0,400,0,3900,RECONCILED,,,237872,233972,5186496,0,0,0,0,64028.00000000001,233972,5420468,0,0,0,0,true,Provisional pro-rata illustration; agreement and taxes unverified,100,999900,0,5420468,192084.00000000003,,,,,,,,,,,,milestone,,cac,,149,0,30.064000000000004,Departmental Organization,0,0,1.5492702078521938,false,false,0,
false,,,,,,,,,,,0,0,5654440,192084.00000000003,0,60128.00000000001,3900,64028.00000000001,0,0,0,0,0,0,5462356,0,4654440,Provisional pro-rata illustration; agreement and taxes unverified,false,0,0,0,,20,2028-04-01,FORECAST,2000,1000000,0,15000,0,985000,FORECAST prelaunch payment; not actual or verified quote,2000,0,0,0,0,,,CHANNEL_DRIVER_SUM,false,0,,0,0,0,0,0,0,0,0,0,0,0,2000,0,0,0,0,0,0,2000,0,0,298000,298000,0,298000,0,298000,RECONCILED,298000,0,298000,RECONCILED,48800.00000000001,11328.000000000002,11328.000000000002,9242.000000000002,2086.0000000000005,2000,60128.00000000001,0,0,3500,3500,400,60528.00000000001,237472,0,3500,Founder pay unchanged,"Starting overhead budget v1: $400 combined conservative planning amount includes Codex, another subscription, website and database; not verified recurring invoices. The first $100 infrastructure tier reference is treated as covered; only higher automatic tier increments are additional. This fixed scenario reference is provisional overlap treatment, not invoice allocation. Explicit manual and dated infrastructure amounts are additional; if intended as replacements, reconcile the baseline before entering them.",0,0,0,0,0,3500,0,400,60128.00000000001,0,3500,0,0,0,RECONCILED,0,400,0,3900,RECONCILED,,,237872,233972,5420468,0,0,0,0,64028.00000000001,233972,5654440,0,0,0,0,true,Provisional pro-rata illustration; agreement and taxes unverified,100,999900,0,5654440,192084.00000000003,,,,,,,,,,,,milestone,,cac,,149,0,30.064000000000004,Departmental Organization,0,0,1.5492702078521938,false,false,0,
false,,,,,,,,,,,0,0,5888412,192084.00000000003,0,60128.00000000001,3900,64028.00000000001,0,0,0,0,0,0,5696328,0,4888412,Provisional pro-rata illustration; agreement and taxes unverified,false,0,0,0,,21,2028-05-01,FORECAST,2000,1000000,0,15000,0,985000,FORECAST prelaunch payment; not actual or verified quote,2000,0,0,0,0,,,CHANNEL_DRIVER_SUM,false,0,,0,0,0,0,0,0,0,0,0,0,0,2000,0,0,0,0,0,0,2000,0,0,298000,298000,0,298000,0,298000,RECONCILED,298000,0,298000,RECONCILED,48800.00000000001,11328.000000000002,11328.000000000002,9242.000000000002,2086.0000000000005,2000,60128.00000000001,0,0,3500,3500,400,60528.00000000001,237472,0,3500,Founder pay unchanged,"Starting overhead budget v1: $400 combined conservative planning amount includes Codex, another subscription, website and database; not verified recurring invoices. The first $100 infrastructure tier reference is treated as covered; only higher automatic tier increments are additional. This fixed scenario reference is provisional overlap treatment, not invoice allocation. Explicit manual and dated infrastructure amounts are additional; if intended as replacements, reconcile the baseline before entering them.",0,0,0,0,0,3500,0,400,60128.00000000001,0,3500,0,0,0,RECONCILED,0,400,0,3900,RECONCILED,,,237872,233972,5654440,0,0,0,0,64028.00000000001,233972,5888412,0,0,0,0,true,Provisional pro-rata illustration; agreement and taxes unverified,100,999900,0,5888412,192084.00000000003,,,,,,,,,,,,milestone,,cac,,149,0,30.064000000000004,Departmental Organization,0,0,1.5492702078521938,false,false,0,
false,,,,,,,,,,,0,0,6122384,192084.00000000003,0,60128.00000000001,3900,64028.00000000001,0,0,0,0,0,0,5930300,0,5122384,Provisional pro-rata illustration; agreement and taxes unverified,false,0,0,0,,22,2028-06-01,FORECAST,2000,1000000,0,15000,0,985000,FORECAST prelaunch payment; not actual or verified quote,2000,0,0,0,0,,,CHANNEL_DRIVER_SUM,false,0,,0,0,0,0,0,0,0,0,0,0,0,2000,0,0,0,0,0,0,2000,0,0,298000,298000,0,298000,0,298000,RECONCILED,298000,0,298000,RECONCILED,48800.00000000001,11328.000000000002,11328.000000000002,9242.000000000002,2086.0000000000005,2000,60128.00000000001,0,0,3500,3500,400,60528.00000000001,237472,0,3500,Founder pay unchanged,"Starting overhead budget v1: $400 combined conservative planning amount includes Codex, another subscription, website and database; not verified recurring invoices. The first $100 infrastructure tier reference is treated as covered; only higher automatic tier increments are additional. This fixed scenario reference is provisional overlap treatment, not invoice allocation. Explicit manual and dated infrastructure amounts are additional; if intended as replacements, reconcile the baseline before entering them.",0,0,0,0,0,3500,0,400,60128.00000000001,0,3500,0,0,0,RECONCILED,0,400,0,3900,RECONCILED,,,237872,233972,5888412,0,0,0,0,64028.00000000001,233972,6122384,0,0,0,0,true,Provisional pro-rata illustration; agreement and taxes unverified,100,999900,0,6122384,192084.00000000003,,,,,,,,,,,,milestone,,cac,,149,0,30.064000000000004,Departmental Organization,0,0,1.5492702078521938,false,false,0,
false,,,,,,,,,,,0,0,6356356,192084.00000000003,0,60128.00000000001,3900,64028.00000000001,0,0,0,0,0,0,6164272,0,5356356,Provisional pro-rata illustration; agreement and taxes unverified,false,0,0,0,,23,2028-07-01,FORECAST,2000,1000000,0,15000,0,985000,FORECAST prelaunch payment; not actual or verified quote,2000,0,0,0,0,,,CHANNEL_DRIVER_SUM,false,0,,0,0,0,0,0,0,0,0,0,0,0,2000,0,0,0,0,0,0,2000,0,0,298000,298000,0,298000,0,298000,RECONCILED,298000,0,298000,RECONCILED,48800.00000000001,11328.000000000002,11328.000000000002,9242.000000000002,2086.0000000000005,2000,60128.00000000001,0,0,3500,3500,400,60528.00000000001,237472,0,3500,Founder pay unchanged,"Starting overhead budget v1: $400 combined conservative planning amount includes Codex, another subscription, website and database; not verified recurring invoices. The first $100 infrastructure tier reference is treated as covered; only higher automatic tier increments are additional. This fixed scenario reference is provisional overlap treatment, not invoice allocation. Explicit manual and dated infrastructure amounts are additional; if intended as replacements, reconcile the baseline before entering them.",0,0,0,0,0,3500,0,400,60128.00000000001,0,3500,0,0,0,RECONCILED,0,400,0,3900,RECONCILED,,,237872,233972,6122384,0,0,0,0,64028.00000000001,233972,6356356,0,0,0,0,true,Provisional pro-rata illustration; agreement and taxes unverified,100,999900,0,6356356,192084.00000000003,,,,,,,,,,,,milestone,,cac,,149,0,30.064000000000004,Departmental Organization,0,0,1.5492702078521938,false,false,0,
false,,,,,,,,,,,0,0,6590328,192084.00000000003,0,60128.00000000001,3900,64028.00000000001,0,0,0,0,0,0,6398244,0,5590328,Provisional pro-rata illustration; agreement and taxes unverified,false,0,0,0,,24,2028-08-01,FORECAST,2000,1000000,0,15000,0,985000,FORECAST prelaunch payment; not actual or verified quote,2000,0,0,0,0,,,CHANNEL_DRIVER_SUM,false,0,,0,0,0,0,0,0,0,0,0,0,0,2000,0,0,0,0,0,0,2000,0,0,298000,298000,0,298000,0,298000,RECONCILED,298000,0,298000,RECONCILED,48800.00000000001,11328.000000000002,11328.000000000002,9242.000000000002,2086.0000000000005,2000,60128.00000000001,0,0,3500,3500,400,60528.00000000001,237472,0,3500,Founder pay unchanged,"Starting overhead budget v1: $400 combined conservative planning amount includes Codex, another subscription, website and database; not verified recurring invoices. The first $100 infrastructure tier reference is treated as covered; only higher automatic tier increments are additional. This fixed scenario reference is provisional overlap treatment, not invoice allocation. Explicit manual and dated infrastructure amounts are additional; if intended as replacements, reconcile the baseline before entering them.",0,0,0,0,0,3500,0,400,60128.00000000001,0,3500,0,0,0,RECONCILED,0,400,0,3900,RECONCILED,,,237872,233972,6356356,0,0,0,0,64028.00000000001,233972,6590328,0,0,0,0,true,Provisional pro-rata illustration; agreement and taxes unverified,100,999900,0,6590328,192084.00000000003,,,,,,,,,,,,milestone,,cac,,149,0,30.064000000000004,Departmental Organization,0,0,1.5492702078521938,false,false,0,
false,,,,,,,,,,,0,0,6824300,192084.00000000003,0,60128.00000000001,3900,64028.00000000001,0,0,0,0,0,0,6632216,0,5824300,Provisional pro-rata illustration; agreement and taxes unverified,false,0,0,0,,25,2028-09-01,FORECAST,2000,1000000,0,15000,0,985000,FORECAST prelaunch payment; not actual or verified quote,2000,0,0,0,0,,,CHANNEL_DRIVER_SUM,false,0,,0,0,0,0,0,0,0,0,0,0,0,2000,0,0,0,0,0,0,2000,0,0,298000,298000,0,298000,0,298000,RECONCILED,298000,0,298000,RECONCILED,48800.00000000001,11328.000000000002,11328.000000000002,9242.000000000002,2086.0000000000005,2000,60128.00000000001,0,0,3500,3500,400,60528.00000000001,237472,0,3500,Founder pay unchanged,"Starting overhead budget v1: $400 combined conservative planning amount includes Codex, another subscription, website and database; not verified recurring invoices. The first $100 infrastructure tier reference is treated as covered; only higher automatic tier increments are additional. This fixed scenario reference is provisional overlap treatment, not invoice allocation. Explicit manual and dated infrastructure amounts are additional; if intended as replacements, reconcile the baseline before entering them.",0,0,0,0,0,3500,0,400,60128.00000000001,0,3500,0,0,0,RECONCILED,0,400,0,3900,RECONCILED,,,237872,233972,6590328,0,0,0,0,64028.00000000001,233972,6824300,0,0,0,0,true,Provisional pro-rata illustration; agreement and taxes unverified,100,999900,0,6824300,192084.00000000003,,,,,,,,,,,,milestone,,cac,,149,0,30.064000000000004,Departmental Organization,0,0,1.5492702078521938,false,false,0,
false,,,,,,,,,,,0,0,7058272,192084.00000000003,0,60128.00000000001,3900,64028.00000000001,0,0,0,0,0,0,6866188,0,6058272,Provisional pro-rata illustration; agreement and taxes unverified,false,0,0,0,,26,2028-10-01,FORECAST,2000,1000000,0,15000,0,985000,FORECAST prelaunch payment; not actual or verified quote,2000,0,0,0,0,,,CHANNEL_DRIVER_SUM,false,0,,0,0,0,0,0,0,0,0,0,0,0,2000,0,0,0,0,0,0,2000,0,0,298000,298000,0,298000,0,298000,RECONCILED,298000,0,298000,RECONCILED,48800.00000000001,11328.000000000002,11328.000000000002,9242.000000000002,2086.0000000000005,2000,60128.00000000001,0,0,3500,3500,400,60528.00000000001,237472,0,3500,Founder pay unchanged,"Starting overhead budget v1: $400 combined conservative planning amount includes Codex, another subscription, website and database; not verified recurring invoices. The first $100 infrastructure tier reference is treated as covered; only higher automatic tier increments are additional. This fixed scenario reference is provisional overlap treatment, not invoice allocation. Explicit manual and dated infrastructure amounts are additional; if intended as replacements, reconcile the baseline before entering them.",0,0,0,0,0,3500,0,400,60128.00000000001,0,3500,0,0,0,RECONCILED,0,400,0,3900,RECONCILED,,,237872,233972,6824300,0,0,0,0,64028.00000000001,233972,7058272,0,0,0,0,true,Provisional pro-rata illustration; agreement and taxes unverified,100,999900,0,7058272,192084.00000000003,,,,,,,,,,,,milestone,,cac,,149,0,30.064000000000004,Departmental Organization,0,0,1.5492702078521938,false,false,0,
false,,,,,,,,,,,0,0,7292244,192084.00000000003,0,60128.00000000001,3900,64028.00000000001,0,0,0,0,0,0,7100160,0,6292244,Provisional pro-rata illustration; agreement and taxes unverified,false,0,0,0,,27,2028-11-01,FORECAST,2000,1000000,0,15000,0,985000,FORECAST prelaunch payment; not actual or verified quote,2000,0,0,0,0,,,CHANNEL_DRIVER_SUM,false,0,,0,0,0,0,0,0,0,0,0,0,0,2000,0,0,0,0,0,0,2000,0,0,298000,298000,0,298000,0,298000,RECONCILED,298000,0,298000,RECONCILED,48800.00000000001,11328.000000000002,11328.000000000002,9242.000000000002,2086.0000000000005,2000,60128.00000000001,0,0,3500,3500,400,60528.00000000001,237472,0,3500,Founder pay unchanged,"Starting overhead budget v1: $400 combined conservative planning amount includes Codex, another subscription, website and database; not verified recurring invoices. The first $100 infrastructure tier reference is treated as covered; only higher automatic tier increments are additional. This fixed scenario reference is provisional overlap treatment, not invoice allocation. Explicit manual and dated infrastructure amounts are additional; if intended as replacements, reconcile the baseline before entering them.",0,0,0,0,0,3500,0,400,60128.00000000001,0,3500,0,0,0,RECONCILED,0,400,0,3900,RECONCILED,,,237872,233972,7058272,0,0,0,0,64028.00000000001,233972,7292244,0,0,0,0,true,Provisional pro-rata illustration; agreement and taxes unverified,100,999900,0,7292244,192084.00000000003,,,,,,,,,,,,milestone,,cac,,149,0,30.064000000000004,Departmental Organization,0,0,1.5492702078521938,false,false,0,
false,,,,,,,,,,,0,0,7526216,192084.00000000003,0,60128.00000000001,3900,64028.00000000001,0,0,0,0,0,0,7334132,0,6526216,Provisional pro-rata illustration; agreement and taxes unverified,false,0,0,0,,28,2028-12-01,FORECAST,2000,1000000,0,15000,0,985000,FORECAST prelaunch payment; not actual or verified quote,2000,0,0,0,0,,,CHANNEL_DRIVER_SUM,false,0,,0,0,0,0,0,0,0,0,0,0,0,2000,0,0,0,0,0,0,2000,0,0,298000,298000,0,298000,0,298000,RECONCILED,298000,0,298000,RECONCILED,48800.00000000001,11328.000000000002,11328.000000000002,9242.000000000002,2086.0000000000005,2000,60128.00000000001,0,0,3500,3500,400,60528.00000000001,237472,0,3500,Founder pay unchanged,"Starting overhead budget v1: $400 combined conservative planning amount includes Codex, another subscription, website and database; not verified recurring invoices. The first $100 infrastructure tier reference is treated as covered; only higher automatic tier increments are additional. This fixed scenario reference is provisional overlap treatment, not invoice allocation. Explicit manual and dated infrastructure amounts are additional; if intended as replacements, reconcile the baseline before entering them.",0,0,0,0,0,3500,0,400,60128.00000000001,0,3500,0,0,0,RECONCILED,0,400,0,3900,RECONCILED,,,237872,233972,7292244,0,0,0,0,64028.00000000001,233972,7526216,0,0,0,0,true,Provisional pro-rata illustration; agreement and taxes unverified,100,999900,0,7526216,192084.00000000003,,,,,,,,,,,,milestone,,cac,,149,0,30.064000000000004,Departmental Organization,0,0,1.5492702078521938,false,false,0,
false,,,,,,,,,,,0,0,7760188,192084.00000000003,0,60128.00000000001,3900,64028.00000000001,0,0,0,0,0,0,7568104,0,6760188,Provisional pro-rata illustration; agreement and taxes unverified,false,0,0,0,,29,2029-01-01,FORECAST,2000,1000000,0,15000,0,985000,FORECAST prelaunch payment; not actual or verified quote,2000,0,0,0,0,,,CHANNEL_DRIVER_SUM,false,0,,0,0,0,0,0,0,0,0,0,0,0,2000,0,0,0,0,0,0,2000,0,0,298000,298000,0,298000,0,298000,RECONCILED,298000,0,298000,RECONCILED,48800.00000000001,11328.000000000002,11328.000000000002,9242.000000000002,2086.0000000000005,2000,60128.00000000001,0,0,3500,3500,400,60528.00000000001,237472,0,3500,Founder pay unchanged,"Starting overhead budget v1: $400 combined conservative planning amount includes Codex, another subscription, website and database; not verified recurring invoices. The first $100 infrastructure tier reference is treated as covered; only higher automatic tier increments are additional. This fixed scenario reference is provisional overlap treatment, not invoice allocation. Explicit manual and dated infrastructure amounts are additional; if intended as replacements, reconcile the baseline before entering them.",0,0,0,0,0,3500,0,400,60128.00000000001,0,3500,0,0,0,RECONCILED,0,400,0,3900,RECONCILED,,,237872,233972,7526216,0,0,0,0,64028.00000000001,233972,7760188,0,0,0,0,true,Provisional pro-rata illustration; agreement and taxes unverified,100,999900,0,7760188,192084.00000000003,,,,,,,,,,,,milestone,,cac,,149,0,30.064000000000004,Departmental Organization,0,0,1.5492702078521938,false,false,0,
false,,,,,,,,,,,0,0,7994160,192084.00000000003,0,60128.00000000001,3900,64028.00000000001,0,0,0,0,0,0,7802076,0,6994160,Provisional pro-rata illustration; agreement and taxes unverified,false,0,0,0,,30,2029-02-01,FORECAST,2000,1000000,0,15000,0,985000,FORECAST prelaunch payment; not actual or verified quote,2000,0,0,0,0,,,CHANNEL_DRIVER_SUM,false,0,,0,0,0,0,0,0,0,0,0,0,0,2000,0,0,0,0,0,0,2000,0,0,298000,298000,0,298000,0,298000,RECONCILED,298000,0,298000,RECONCILED,48800.00000000001,11328.000000000002,11328.000000000002,9242.000000000002,2086.0000000000005,2000,60128.00000000001,0,0,3500,3500,400,60528.00000000001,237472,0,3500,Founder pay unchanged,"Starting overhead budget v1: $400 combined conservative planning amount includes Codex, another subscription, website and database; not verified recurring invoices. The first $100 infrastructure tier reference is treated as covered; only higher automatic tier increments are additional. This fixed scenario reference is provisional overlap treatment, not invoice allocation. Explicit manual and dated infrastructure amounts are additional; if intended as replacements, reconcile the baseline before entering them.",0,0,0,0,0,3500,0,400,60128.00000000001,0,3500,0,0,0,RECONCILED,0,400,0,3900,RECONCILED,,,237872,233972,7760188,0,0,0,0,64028.00000000001,233972,7994160,0,0,0,0,true,Provisional pro-rata illustration; agreement and taxes unverified,100,999900,0,7994160,192084.00000000003,,,,,,,,,,,,milestone,,cac,,149,0,30.064000000000004,Departmental Organization,0,0,1.5492702078521938,false,false,0,
false,,,,,,,,,,,0,0,8228132,192084.00000000003,0,60128.00000000001,3900,64028.00000000001,0,0,0,0,0,0,8036048,0,7228132,Provisional pro-rata illustration; agreement and taxes unverified,false,0,0,0,,31,2029-03-01,FORECAST,2000,1000000,0,15000,0,985000,FORECAST prelaunch payment; not actual or verified quote,2000,0,0,0,0,,,CHANNEL_DRIVER_SUM,false,0,,0,0,0,0,0,0,0,0,0,0,0,2000,0,0,0,0,0,0,2000,0,0,298000,298000,0,298000,0,298000,RECONCILED,298000,0,298000,RECONCILED,48800.00000000001,11328.000000000002,11328.000000000002,9242.000000000002,2086.0000000000005,2000,60128.00000000001,0,0,3500,3500,400,60528.00000000001,237472,0,3500,Founder pay unchanged,"Starting overhead budget v1: $400 combined conservative planning amount includes Codex, another subscription, website and database; not verified recurring invoices. The first $100 infrastructure tier reference is treated as covered; only higher automatic tier increments are additional. This fixed scenario reference is provisional overlap treatment, not invoice allocation. Explicit manual and dated infrastructure amounts are additional; if intended as replacements, reconcile the baseline before entering them.",0,0,0,0,0,3500,0,400,60128.00000000001,0,3500,0,0,0,RECONCILED,0,400,0,3900,RECONCILED,,,237872,233972,7994160,0,0,0,0,64028.00000000001,233972,8228132,0,0,0,0,true,Provisional pro-rata illustration; agreement and taxes unverified,100,999900,0,8228132,192084.00000000003,,,,,,,,,,,,milestone,,cac,,149,0,30.064000000000004,Departmental Organization,0,0,1.5492702078521938,false,false,0,
false,,,,,,,,,,,0,0,8462104,192084.00000000003,0,60128.00000000001,3900,64028.00000000001,0,0,0,0,0,0,8270020,0,7462104,Provisional pro-rata illustration; agreement and taxes unverified,false,0,0,0,,32,2029-04-01,FORECAST,2000,1000000,0,15000,0,985000,FORECAST prelaunch payment; not actual or verified quote,2000,0,0,0,0,,,CHANNEL_DRIVER_SUM,false,0,,0,0,0,0,0,0,0,0,0,0,0,2000,0,0,0,0,0,0,2000,0,0,298000,298000,0,298000,0,298000,RECONCILED,298000,0,298000,RECONCILED,48800.00000000001,11328.000000000002,11328.000000000002,9242.000000000002,2086.0000000000005,2000,60128.00000000001,0,0,3500,3500,400,60528.00000000001,237472,0,3500,Founder pay unchanged,"Starting overhead budget v1: $400 combined conservative planning amount includes Codex, another subscription, website and database; not verified recurring invoices. The first $100 infrastructure tier reference is treated as covered; only higher automatic tier increments are additional. This fixed scenario reference is provisional overlap treatment, not invoice allocation. Explicit manual and dated infrastructure amounts are additional; if intended as replacements, reconcile the baseline before entering them.",0,0,0,0,0,3500,0,400,60128.00000000001,0,3500,0,0,0,RECONCILED,0,400,0,3900,RECONCILED,,,237872,233972,8228132,0,0,0,0,64028.00000000001,233972,8462104,0,0,0,0,true,Provisional pro-rata illustration; agreement and taxes unverified,100,999900,0,8462104,192084.00000000003,,,,,,,,,,,,milestone,,cac,,149,0,30.064000000000004,Departmental Organization,0,0,1.5492702078521938,false,false,0,
false,,,,,,,,,,,0,0,8696076,192084.00000000003,0,60128.00000000001,3900,64028.00000000001,0,0,0,0,0,0,8503992,0,7696076,Provisional pro-rata illustration; agreement and taxes unverified,false,0,0,0,,33,2029-05-01,FORECAST,2000,1000000,0,15000,0,985000,FORECAST prelaunch payment; not actual or verified quote,2000,0,0,0,0,,,CHANNEL_DRIVER_SUM,false,0,,0,0,0,0,0,0,0,0,0,0,0,2000,0,0,0,0,0,0,2000,0,0,298000,298000,0,298000,0,298000,RECONCILED,298000,0,298000,RECONCILED,48800.00000000001,11328.000000000002,11328.000000000002,9242.000000000002,2086.0000000000005,2000,60128.00000000001,0,0,3500,3500,400,60528.00000000001,237472,0,3500,Founder pay unchanged,"Starting overhead budget v1: $400 combined conservative planning amount includes Codex, another subscription, website and database; not verified recurring invoices. The first $100 infrastructure tier reference is treated as covered; only higher automatic tier increments are additional. This fixed scenario reference is provisional overlap treatment, not invoice allocation. Explicit manual and dated infrastructure amounts are additional; if intended as replacements, reconcile the baseline before entering them.",0,0,0,0,0,3500,0,400,60128.00000000001,0,3500,0,0,0,RECONCILED,0,400,0,3900,RECONCILED,,,237872,233972,8462104,0,0,0,0,64028.00000000001,233972,8696076,0,0,0,0,true,Provisional pro-rata illustration; agreement and taxes unverified,100,999900,0,8696076,192084.00000000003,,,,,,,,,,,,milestone,,cac,,149,0,30.064000000000004,Departmental Organization,0,0,1.5492702078521938,false,false,0,
false,,,,,,,,,,,0,0,8930048,192084.00000000003,0,60128.00000000001,3900,64028.00000000001,0,0,0,0,0,0,8737964,0,7930048,Provisional pro-rata illustration; agreement and taxes unverified,false,0,0,0,,34,2029-06-01,FORECAST,2000,1000000,0,15000,0,985000,FORECAST prelaunch payment; not actual or verified quote,2000,0,0,0,0,,,CHANNEL_DRIVER_SUM,false,0,,0,0,0,0,0,0,0,0,0,0,0,2000,0,0,0,0,0,0,2000,0,0,298000,298000,0,298000,0,298000,RECONCILED,298000,0,298000,RECONCILED,48800.00000000001,11328.000000000002,11328.000000000002,9242.000000000002,2086.0000000000005,2000,60128.00000000001,0,0,3500,3500,400,60528.00000000001,237472,0,3500,Founder pay unchanged,"Starting overhead budget v1: $400 combined conservative planning amount includes Codex, another subscription, website and database; not verified recurring invoices. The first $100 infrastructure tier reference is treated as covered; only higher automatic tier increments are additional. This fixed scenario reference is provisional overlap treatment, not invoice allocation. Explicit manual and dated infrastructure amounts are additional; if intended as replacements, reconcile the baseline before entering them.",0,0,0,0,0,3500,0,400,60128.00000000001,0,3500,0,0,0,RECONCILED,0,400,0,3900,RECONCILED,,,237872,233972,8696076,0,0,0,0,64028.00000000001,233972,8930048,0,0,0,0,true,Provisional pro-rata illustration; agreement and taxes unverified,100,999900,0,8930048,192084.00000000003,,,,,,,,,,,,milestone,,cac,,149,0,30.064000000000004,Departmental Organization,0,0,1.5492702078521938,false,false,0,
false,,,,,,,,,,,0,0,9164020,192084.00000000003,0,60128.00000000001,3900,64028.00000000001,0,0,0,0,0,0,8971936,0,8164020,Provisional pro-rata illustration; agreement and taxes unverified,false,0,0,0,,35,2029-07-01,FORECAST,2000,1000000,0,15000,0,985000,FORECAST prelaunch payment; not actual or verified quote,2000,0,0,0,0,,,CHANNEL_DRIVER_SUM,false,0,,0,0,0,0,0,0,0,0,0,0,0,2000,0,0,0,0,0,0,2000,0,0,298000,298000,0,298000,0,298000,RECONCILED,298000,0,298000,RECONCILED,48800.00000000001,11328.000000000002,11328.000000000002,9242.000000000002,2086.0000000000005,2000,60128.00000000001,0,0,3500,3500,400,60528.00000000001,237472,0,3500,Founder pay unchanged,"Starting overhead budget v1: $400 combined conservative planning amount includes Codex, another subscription, website and database; not verified recurring invoices. The first $100 infrastructure tier reference is treated as covered; only higher automatic tier increments are additional. This fixed scenario reference is provisional overlap treatment, not invoice allocation. Explicit manual and dated infrastructure amounts are additional; if intended as replacements, reconcile the baseline before entering them.",0,0,0,0,0,3500,0,400,60128.00000000001,0,3500,0,0,0,RECONCILED,0,400,0,3900,RECONCILED,,,237872,233972,8930048,0,0,0,0,64028.00000000001,233972,9164020,0,0,0,0,true,Provisional pro-rata illustration; agreement and taxes unverified,100,999900,0,9164020,192084.00000000003,,,,,,,,,,,,milestone,,cac,,149,0,30.064000000000004,Departmental Organization,0,0,1.5492702078521938,false,false,0,
false,,,,,,,,,,,0,0,9397992,192084.00000000003,0,60128.00000000001,3900,64028.00000000001,0,0,0,0,0,0,9205908,0,8397992,Provisional pro-rata illustration; agreement and taxes unverified,false,0,0,0,,36,2029-08-01,FORECAST,2000,1000000,0,15000,0,985000,FORECAST prelaunch payment; not actual or verified quote,2000,0,0,0,0,,,CHANNEL_DRIVER_SUM,false,0,,0,0,0,0,0,0,0,0,0,0,0,2000,0,0,0,0,0,0,2000,0,0,298000,298000,0,298000,0,298000,RECONCILED,298000,0,298000,RECONCILED,48800.00000000001,11328.000000000002,11328.000000000002,9242.000000000002,2086.0000000000005,2000,60128.00000000001,0,0,3500,3500,400,60528.00000000001,237472,0,3500,Founder pay unchanged,"Starting overhead budget v1: $400 combined conservative planning amount includes Codex, another subscription, website and database; not verified recurring invoices. The first $100 infrastructure tier reference is treated as covered; only higher automatic tier increments are additional. This fixed scenario reference is provisional overlap treatment, not invoice allocation. Explicit manual and dated infrastructure amounts are additional; if intended as replacements, reconcile the baseline before entering them.",0,0,0,0,0,3500,0,400,60128.00000000001,0,3500,0,0,0,RECONCILED,0,400,0,3900,RECONCILED,,,237872,233972,9164020,0,0,0,0,64028.00000000001,233972,9397992,0,0,0,0,true,Provisional pro-rata illustration; agreement and taxes unverified,100,999900,0,9397992,192084.00000000003,,,,,,,,,,,,milestone,,cac,,149,0,30.064000000000004,Departmental Organization,0,0,1.5492702078521938,false,false,0,
false,,,,,,,,,,,0,0,9631964,192084.00000000003,0,60128.00000000001,3900,64028.00000000001,0,0,0,0,0,0,9439880,0,8631964,Provisional pro-rata illustration; agreement and taxes unverified,false,0,0,0,,37,2029-09-01,FORECAST,2000,1000000,0,15000,0,985000,FORECAST prelaunch payment; not actual or verified quote,2000,0,0,0,0,,,CHANNEL_DRIVER_SUM,false,0,,0,0,0,0,0,0,0,0,0,0,0,2000,0,0,0,0,0,0,2000,0,0,298000,298000,0,298000,0,298000,RECONCILED,298000,0,298000,RECONCILED,48800.00000000001,11328.000000000002,11328.000000000002,9242.000000000002,2086.0000000000005,2000,60128.00000000001,0,0,3500,3500,400,60528.00000000001,237472,0,3500,Founder pay unchanged,"Starting overhead budget v1: $400 combined conservative planning amount includes Codex, another subscription, website and database; not verified recurring invoices. The first $100 infrastructure tier reference is treated as covered; only higher automatic tier increments are additional. This fixed scenario reference is provisional overlap treatment, not invoice allocation. Explicit manual and dated infrastructure amounts are additional; if intended as replacements, reconcile the baseline before entering them.",0,0,0,0,0,3500,0,400,60128.00000000001,0,3500,0,0,0,RECONCILED,0,400,0,3900,RECONCILED,,,237872,233972,9397992,0,0,0,0,64028.00000000001,233972,9631964,0,0,0,0,true,Provisional pro-rata illustration; agreement and taxes unverified,100,999900,0,9631964,192084.00000000003,,,,,,,,,,,,milestone,,cac,,149,0,30.064000000000004,Departmental Organization,0,0,1.5492702078521938,false,false,0,
false,,,,,,,,,,,0,0,9865936,192084.00000000003,0,60128.00000000001,3900,64028.00000000001,0,0,0,0,0,0,9673852,0,8865936,Provisional pro-rata illustration; agreement and taxes unverified,false,0,0,0,,38,2029-10-01,FORECAST,2000,1000000,0,15000,0,985000,FORECAST prelaunch payment; not actual or verified quote,2000,0,0,0,0,,,CHANNEL_DRIVER_SUM,false,0,,0,0,0,0,0,0,0,0,0,0,0,2000,0,0,0,0,0,0,2000,0,0,298000,298000,0,298000,0,298000,RECONCILED,298000,0,298000,RECONCILED,48800.00000000001,11328.000000000002,11328.000000000002,9242.000000000002,2086.0000000000005,2000,60128.00000000001,0,0,3500,3500,400,60528.00000000001,237472,0,3500,Founder pay unchanged,"Starting overhead budget v1: $400 combined conservative planning amount includes Codex, another subscription, website and database; not verified recurring invoices. The first $100 infrastructure tier reference is treated as covered; only higher automatic tier increments are additional. This fixed scenario reference is provisional overlap treatment, not invoice allocation. Explicit manual and dated infrastructure amounts are additional; if intended as replacements, reconcile the baseline before entering them.",0,0,0,0,0,3500,0,400,60128.00000000001,0,3500,0,0,0,RECONCILED,0,400,0,3900,RECONCILED,,,237872,233972,9631964,0,0,0,0,64028.00000000001,233972,9865936,0,0,0,0,true,Provisional pro-rata illustration; agreement and taxes unverified,100,999900,0,9865936,192084.00000000003,,,,,,,,,,,,milestone,,cac,,149,0,30.064000000000004,Departmental Organization,0,0,1.5492702078521938,false,false,0,
false,,,,,,,,,,,0,0,10099908,192084.00000000003,0,60128.00000000001,3900,64028.00000000001,0,0,0,0,0,0,9907824,0,9099908,Provisional pro-rata illustration; agreement and taxes unverified,false,0,0,0,,39,2029-11-01,FORECAST,2000,1000000,0,15000,0,985000,FORECAST prelaunch payment; not actual or verified quote,2000,0,0,0,0,,,CHANNEL_DRIVER_SUM,false,0,,0,0,0,0,0,0,0,0,0,0,0,2000,0,0,0,0,0,0,2000,0,0,298000,298000,0,298000,0,298000,RECONCILED,298000,0,298000,RECONCILED,48800.00000000001,11328.000000000002,11328.000000000002,9242.000000000002,2086.0000000000005,2000,60128.00000000001,0,0,3500,3500,400,60528.00000000001,237472,0,3500,Founder pay unchanged,"Starting overhead budget v1: $400 combined conservative planning amount includes Codex, another subscription, website and database; not verified recurring invoices. The first $100 infrastructure tier reference is treated as covered; only higher automatic tier increments are additional. This fixed scenario reference is provisional overlap treatment, not invoice allocation. Explicit manual and dated infrastructure amounts are additional; if intended as replacements, reconcile the baseline before entering them.",0,0,0,0,0,3500,0,400,60128.00000000001,0,3500,0,0,0,RECONCILED,0,400,0,3900,RECONCILED,,,237872,233972,9865936,0,0,0,0,64028.00000000001,233972,10099908,0,0,0,0,true,Provisional pro-rata illustration; agreement and taxes unverified,100,999900,0,10099908,192084.00000000003,,,,,,,,,,,,milestone,,cac,,149,0,30.064000000000004,Departmental Organization,0,0,1.5492702078521938,false,false,0,
false,,,,,,,,,,,0,0,10333880,192084.00000000003,0,60128.00000000001,3900,64028.00000000001,0,0,0,0,0,0,10141796,0,9333880,Provisional pro-rata illustration; agreement and taxes unverified,false,0,0,0,,40,2029-12-01,FORECAST,2000,1000000,0,15000,0,985000,FORECAST prelaunch payment; not actual or verified quote,2000,0,0,0,0,,,CHANNEL_DRIVER_SUM,false,0,,0,0,0,0,0,0,0,0,0,0,0,2000,0,0,0,0,0,0,2000,0,0,298000,298000,0,298000,0,298000,RECONCILED,298000,0,298000,RECONCILED,48800.00000000001,11328.000000000002,11328.000000000002,9242.000000000002,2086.0000000000005,2000,60128.00000000001,0,0,3500,3500,400,60528.00000000001,237472,0,3500,Founder pay unchanged,"Starting overhead budget v1: $400 combined conservative planning amount includes Codex, another subscription, website and database; not verified recurring invoices. The first $100 infrastructure tier reference is treated as covered; only higher automatic tier increments are additional. This fixed scenario reference is provisional overlap treatment, not invoice allocation. Explicit manual and dated infrastructure amounts are additional; if intended as replacements, reconcile the baseline before entering them.",0,0,0,0,0,3500,0,400,60128.00000000001,0,3500,0,0,0,RECONCILED,0,400,0,3900,RECONCILED,,,237872,233972,10099908,0,0,0,0,64028.00000000001,233972,10333880,0,0,0,0,true,Provisional pro-rata illustration; agreement and taxes unverified,100,999900,0,10333880,192084.00000000003,,,,,,,,,,,,milestone,,cac,,149,0,30.064000000000004,Departmental Organization,0,0,1.5492702078521938,false,false,0,
false,,,,,,,,,,,0,0,10567852,192084.00000000003,0,60128.00000000001,3900,64028.00000000001,0,0,0,0,0,0,10375768,0,9567852,Provisional pro-rata illustration; agreement and taxes unverified,false,0,0,0,,41,2030-01-01,FORECAST,2000,1000000,0,15000,0,985000,FORECAST prelaunch payment; not actual or verified quote,2000,0,0,0,0,,,CHANNEL_DRIVER_SUM,false,0,,0,0,0,0,0,0,0,0,0,0,0,2000,0,0,0,0,0,0,2000,0,0,298000,298000,0,298000,0,298000,RECONCILED,298000,0,298000,RECONCILED,48800.00000000001,11328.000000000002,11328.000000000002,9242.000000000002,2086.0000000000005,2000,60128.00000000001,0,0,3500,3500,400,60528.00000000001,237472,0,3500,Founder pay unchanged,"Starting overhead budget v1: $400 combined conservative planning amount includes Codex, another subscription, website and database; not verified recurring invoices. The first $100 infrastructure tier reference is treated as covered; only higher automatic tier increments are additional. This fixed scenario reference is provisional overlap treatment, not invoice allocation. Explicit manual and dated infrastructure amounts are additional; if intended as replacements, reconcile the baseline before entering them.",0,0,0,0,0,3500,0,400,60128.00000000001,0,3500,0,0,0,RECONCILED,0,400,0,3900,RECONCILED,,,237872,233972,10333880,0,0,0,0,64028.00000000001,233972,10567852,0,0,0,0,true,Provisional pro-rata illustration; agreement and taxes unverified,100,999900,0,10567852,192084.00000000003,,,,,,,,,,,,milestone,,cac,,149,0,30.064000000000004,Departmental Organization,0,0,1.5492702078521938,false,false,0,
false,,,,,,,,,,,0,0,10801824,192084.00000000003,0,60128.00000000001,3900,64028.00000000001,0,0,0,0,0,0,10609740,0,9801824,Provisional pro-rata illustration; agreement and taxes unverified,false,0,0,0,,42,2030-02-01,FORECAST,2000,1000000,0,15000,0,985000,FORECAST prelaunch payment; not actual or verified quote,2000,0,0,0,0,,,CHANNEL_DRIVER_SUM,false,0,,0,0,0,0,0,0,0,0,0,0,0,2000,0,0,0,0,0,0,2000,0,0,298000,298000,0,298000,0,298000,RECONCILED,298000,0,298000,RECONCILED,48800.00000000001,11328.000000000002,11328.000000000002,9242.000000000002,2086.0000000000005,2000,60128.00000000001,0,0,3500,3500,400,60528.00000000001,237472,0,3500,Founder pay unchanged,"Starting overhead budget v1: $400 combined conservative planning amount includes Codex, another subscription, website and database; not verified recurring invoices. The first $100 infrastructure tier reference is treated as covered; only higher automatic tier increments are additional. This fixed scenario reference is provisional overlap treatment, not invoice allocation. Explicit manual and dated infrastructure amounts are additional; if intended as replacements, reconcile the baseline before entering them.",0,0,0,0,0,3500,0,400,60128.00000000001,0,3500,0,0,0,RECONCILED,0,400,0,3900,RECONCILED,,,237872,233972,10567852,0,0,0,0,64028.00000000001,233972,10801824,0,0,0,0,true,Provisional pro-rata illustration; agreement and taxes unverified,100,999900,0,10801824,192084.00000000003,,,,,,,,,,,,milestone,,cac,,149,0,30.064000000000004,Departmental Organization,0,0,1.5492702078521938,false,false,0,
false,,,,,,,,,,,0,0,11035796,192084.00000000003,0,60128.00000000001,3900,64028.00000000001,0,0,0,0,0,0,10843712,0,10035796,Provisional pro-rata illustration; agreement and taxes unverified,false,0,0,0,,43,2030-03-01,FORECAST,2000,1000000,0,15000,0,985000,FORECAST prelaunch payment; not actual or verified quote,2000,0,0,0,0,,,CHANNEL_DRIVER_SUM,false,0,,0,0,0,0,0,0,0,0,0,0,0,2000,0,0,0,0,0,0,2000,0,0,298000,298000,0,298000,0,298000,RECONCILED,298000,0,298000,RECONCILED,48800.00000000001,11328.000000000002,11328.000000000002,9242.000000000002,2086.0000000000005,2000,60128.00000000001,0,0,3500,3500,400,60528.00000000001,237472,0,3500,Founder pay unchanged,"Starting overhead budget v1: $400 combined conservative planning amount includes Codex, another subscription, website and database; not verified recurring invoices. The first $100 infrastructure tier reference is treated as covered; only higher automatic tier increments are additional. This fixed scenario reference is provisional overlap treatment, not invoice allocation. Explicit manual and dated infrastructure amounts are additional; if intended as replacements, reconcile the baseline before entering them.",0,0,0,0,0,3500,0,400,60128.00000000001,0,3500,0,0,0,RECONCILED,0,400,0,3900,RECONCILED,,,237872,233972,10801824,0,0,0,0,64028.00000000001,233972,11035796,0,0,0,0,true,Provisional pro-rata illustration; agreement and taxes unverified,100,999900,0,11035796,192084.00000000003,,,,,,,,,,,,milestone,,cac,,149,0,30.064000000000004,Departmental Organization,0,0,1.5492702078521938,false,false,0,
false,,,,,,,,,,,0,0,11269768,192084.00000000003,0,60128.00000000001,3900,64028.00000000001,0,0,0,0,0,0,11077684,0,10269768,Provisional pro-rata illustration; agreement and taxes unverified,false,0,0,0,,44,2030-04-01,FORECAST,2000,1000000,0,15000,0,985000,FORECAST prelaunch payment; not actual or verified quote,2000,0,0,0,0,,,CHANNEL_DRIVER_SUM,false,0,,0,0,0,0,0,0,0,0,0,0,0,2000,0,0,0,0,0,0,2000,0,0,298000,298000,0,298000,0,298000,RECONCILED,298000,0,298000,RECONCILED,48800.00000000001,11328.000000000002,11328.000000000002,9242.000000000002,2086.0000000000005,2000,60128.00000000001,0,0,3500,3500,400,60528.00000000001,237472,0,3500,Founder pay unchanged,"Starting overhead budget v1: $400 combined conservative planning amount includes Codex, another subscription, website and database; not verified recurring invoices. The first $100 infrastructure tier reference is treated as covered; only higher automatic tier increments are additional. This fixed scenario reference is provisional overlap treatment, not invoice allocation. Explicit manual and dated infrastructure amounts are additional; if intended as replacements, reconcile the baseline before entering them.",0,0,0,0,0,3500,0,400,60128.00000000001,0,3500,0,0,0,RECONCILED,0,400,0,3900,RECONCILED,,,237872,233972,11035796,0,0,0,0,64028.00000000001,233972,11269768,0,0,0,0,true,Provisional pro-rata illustration; agreement and taxes unverified,100,999900,0,11269768,192084.00000000003,,,,,,,,,,,,milestone,,cac,,149,0,30.064000000000004,Departmental Organization,0,0,1.5492702078521938,false,false,0,
false,,,,,,,,,,,0,0,11503740,192084.00000000003,0,60128.00000000001,3900,64028.00000000001,0,0,0,0,0,0,11311656,0,10503740,Provisional pro-rata illustration; agreement and taxes unverified,false,0,0,0,,45,2030-05-01,FORECAST,2000,1000000,0,15000,0,985000,FORECAST prelaunch payment; not actual or verified quote,2000,0,0,0,0,,,CHANNEL_DRIVER_SUM,false,0,,0,0,0,0,0,0,0,0,0,0,0,2000,0,0,0,0,0,0,2000,0,0,298000,298000,0,298000,0,298000,RECONCILED,298000,0,298000,RECONCILED,48800.00000000001,11328.000000000002,11328.000000000002,9242.000000000002,2086.0000000000005,2000,60128.00000000001,0,0,3500,3500,400,60528.00000000001,237472,0,3500,Founder pay unchanged,"Starting overhead budget v1: $400 combined conservative planning amount includes Codex, another subscription, website and database; not verified recurring invoices. The first $100 infrastructure tier reference is treated as covered; only higher automatic tier increments are additional. This fixed scenario reference is provisional overlap treatment, not invoice allocation. Explicit manual and dated infrastructure amounts are additional; if intended as replacements, reconcile the baseline before entering them.",0,0,0,0,0,3500,0,400,60128.00000000001,0,3500,0,0,0,RECONCILED,0,400,0,3900,RECONCILED,,,237872,233972,11269768,0,0,0,0,64028.00000000001,233972,11503740,0,0,0,0,true,Provisional pro-rata illustration; agreement and taxes unverified,100,999900,0,11503740,192084.00000000003,,,,,,,,,,,,milestone,,cac,,149,0,30.064000000000004,Departmental Organization,0,0,1.5492702078521938,false,false,0,
false,,,,,,,,,,,0,0,11737712,192084.00000000003,0,60128.00000000001,3900,64028.00000000001,0,0,0,0,0,0,11545628,0,10737712,Provisional pro-rata illustration; agreement and taxes unverified,false,0,0,0,,46,2030-06-01,FORECAST,2000,1000000,0,15000,0,985000,FORECAST prelaunch payment; not actual or verified quote,2000,0,0,0,0,,,CHANNEL_DRIVER_SUM,false,0,,0,0,0,0,0,0,0,0,0,0,0,2000,0,0,0,0,0,0,2000,0,0,298000,298000,0,298000,0,298000,RECONCILED,298000,0,298000,RECONCILED,48800.00000000001,11328.000000000002,11328.000000000002,9242.000000000002,2086.0000000000005,2000,60128.00000000001,0,0,3500,3500,400,60528.00000000001,237472,0,3500,Founder pay unchanged,"Starting overhead budget v1: $400 combined conservative planning amount includes Codex, another subscription, website and database; not verified recurring invoices. The first $100 infrastructure tier reference is treated as covered; only higher automatic tier increments are additional. This fixed scenario reference is provisional overlap treatment, not invoice allocation. Explicit manual and dated infrastructure amounts are additional; if intended as replacements, reconcile the baseline before entering them.",0,0,0,0,0,3500,0,400,60128.00000000001,0,3500,0,0,0,RECONCILED,0,400,0,3900,RECONCILED,,,237872,233972,11503740,0,0,0,0,64028.00000000001,233972,11737712,0,0,0,0,true,Provisional pro-rata illustration; agreement and taxes unverified,100,999900,0,11737712,192084.00000000003,,,,,,,,,,,,milestone,,cac,,149,0,30.064000000000004,Departmental Organization,0,0,1.5492702078521938,false,false,0,
false,,,,,,,,,,,0,0,11971684,192084.00000000003,0,60128.00000000001,3900,64028.00000000001,0,0,0,0,0,0,11779600,0,10971684,Provisional pro-rata illustration; agreement and taxes unverified,false,0,0,0,,47,2030-07-01,FORECAST,2000,1000000,0,15000,0,985000,FORECAST prelaunch payment; not actual or verified quote,2000,0,0,0,0,,,CHANNEL_DRIVER_SUM,false,0,,0,0,0,0,0,0,0,0,0,0,0,2000,0,0,0,0,0,0,2000,0,0,298000,298000,0,298000,0,298000,RECONCILED,298000,0,298000,RECONCILED,48800.00000000001,11328.000000000002,11328.000000000002,9242.000000000002,2086.0000000000005,2000,60128.00000000001,0,0,3500,3500,400,60528.00000000001,237472,0,3500,Founder pay unchanged,"Starting overhead budget v1: $400 combined conservative planning amount includes Codex, another subscription, website and database; not verified recurring invoices. The first $100 infrastructure tier reference is treated as covered; only higher automatic tier increments are additional. This fixed scenario reference is provisional overlap treatment, not invoice allocation. Explicit manual and dated infrastructure amounts are additional; if intended as replacements, reconcile the baseline before entering them.",0,0,0,0,0,3500,0,400,60128.00000000001,0,3500,0,0,0,RECONCILED,0,400,0,3900,RECONCILED,,,237872,233972,11737712,0,0,0,0,64028.00000000001,233972,11971684,0,0,0,0,true,Provisional pro-rata illustration; agreement and taxes unverified,100,999900,0,11971684,192084.00000000003,,,,,,,,,,,,milestone,,cac,,149,0,30.064000000000004,Departmental Organization,0,0,1.5492702078521938,false,false,0,
false,,,,,,,,,,,0,0,12205656,192084.00000000003,0,60128.00000000001,3900,64028.00000000001,0,0,0,0,0,0,12013572,0,11205656,Provisional pro-rata illustration; agreement and taxes unverified,false,0,0,0,,48,2030-08-01,FORECAST,2000,1000000,0,15000,0,985000,FORECAST prelaunch payment; not actual or verified quote,2000,0,0,0,0,,,CHANNEL_DRIVER_SUM,false,0,,0,0,0,0,0,0,0,0,0,0,0,2000,0,0,0,0,0,0,2000,0,0,298000,298000,0,298000,0,298000,RECONCILED,298000,0,298000,RECONCILED,48800.00000000001,11328.000000000002,11328.000000000002,9242.000000000002,2086.0000000000005,2000,60128.00000000001,0,0,3500,3500,400,60528.00000000001,237472,0,3500,Founder pay unchanged,"Starting overhead budget v1: $400 combined conservative planning amount includes Codex, another subscription, website and database; not verified recurring invoices. The first $100 infrastructure tier reference is treated as covered; only higher automatic tier increments are additional. This fixed scenario reference is provisional overlap treatment, not invoice allocation. Explicit manual and dated infrastructure amounts are additional; if intended as replacements, reconcile the baseline before entering them.",0,0,0,0,0,3500,0,400,60128.00000000001,0,3500,0,0,0,RECONCILED,0,400,0,3900,RECONCILED,,,237872,233972,11971684,0,0,0,0,64028.00000000001,233972,12205656,0,0,0,0,true,Provisional pro-rata illustration; agreement and taxes unverified,100,999900,0,12205656,192084.00000000003,,,,,,,,,,,,milestone,,cac,,149,0,30.064000000000004,Departmental Organization,0,0,1.5492702078521938,false,false,0,
false,,,,,,,,,,,0,0,12439628,192084.00000000003,0,60128.00000000001,3900,64028.00000000001,0,0,0,0,0,0,12247544,0,11439628,Provisional pro-rata illustration; agreement and taxes unverified,false,0,0,0,,49,2030-09-01,FORECAST,2000,1000000,0,15000,0,985000,FORECAST prelaunch payment; not actual or verified quote,2000,0,0,0,0,,,CHANNEL_DRIVER_SUM,false,0,,0,0,0,0,0,0,0,0,0,0,0,2000,0,0,0,0,0,0,2000,0,0,298000,298000,0,298000,0,298000,RECONCILED,298000,0,298000,RECONCILED,48800.00000000001,11328.000000000002,11328.000000000002,9242.000000000002,2086.0000000000005,2000,60128.00000000001,0,0,3500,3500,400,60528.00000000001,237472,0,3500,Founder pay unchanged,"Starting overhead budget v1: $400 combined conservative planning amount includes Codex, another subscription, website and database; not verified recurring invoices. The first $100 infrastructure tier reference is treated as covered; only higher automatic tier increments are additional. This fixed scenario reference is provisional overlap treatment, not invoice allocation. Explicit manual and dated infrastructure amounts are additional; if intended as replacements, reconcile the baseline before entering them.",0,0,0,0,0,3500,0,400,60128.00000000001,0,3500,0,0,0,RECONCILED,0,400,0,3900,RECONCILED,,,237872,233972,12205656,0,0,0,0,64028.00000000001,233972,12439628,0,0,0,0,true,Provisional pro-rata illustration; agreement and taxes unverified,100,999900,0,12439628,192084.00000000003,,,,,,,,,,,,milestone,,cac,,149,0,30.064000000000004,Departmental Organization,0,0,1.5492702078521938,false,false,0,
false,,,,,,,,,,,0,0,12673600,192084.00000000003,0,60128.00000000001,3900,64028.00000000001,0,0,0,0,0,0,12481516,0,11673600,Provisional pro-rata illustration; agreement and taxes unverified,false,0,0,0,,50,2030-10-01,FORECAST,2000,1000000,0,15000,0,985000,FORECAST prelaunch payment; not actual or verified quote,2000,0,0,0,0,,,CHANNEL_DRIVER_SUM,false,0,,0,0,0,0,0,0,0,0,0,0,0,2000,0,0,0,0,0,0,2000,0,0,298000,298000,0,298000,0,298000,RECONCILED,298000,0,298000,RECONCILED,48800.00000000001,11328.000000000002,11328.000000000002,9242.000000000002,2086.0000000000005,2000,60128.00000000001,0,0,3500,3500,400,60528.00000000001,237472,0,3500,Founder pay unchanged,"Starting overhead budget v1: $400 combined conservative planning amount includes Codex, another subscription, website and database; not verified recurring invoices. The first $100 infrastructure tier reference is treated as covered; only higher automatic tier increments are additional. This fixed scenario reference is provisional overlap treatment, not invoice allocation. Explicit manual and dated infrastructure amounts are additional; if intended as replacements, reconcile the baseline before entering them.",0,0,0,0,0,3500,0,400,60128.00000000001,0,3500,0,0,0,RECONCILED,0,400,0,3900,RECONCILED,,,237872,233972,12439628,0,0,0,0,64028.00000000001,233972,12673600,0,0,0,0,true,Provisional pro-rata illustration; agreement and taxes unverified,100,999900,0,12673600,192084.00000000003,,,,,,,,,,,,milestone,,cac,,149,0,30.064000000000004,Departmental Organization,0,0,1.5492702078521938,false,false,0,
false,,,,,,,,,,,0,0,12907572,192084.00000000003,0,60128.00000000001,3900,64028.00000000001,0,0,0,0,0,0,12715488,0,11907572,Provisional pro-rata illustration; agreement and taxes unverified,false,0,0,0,,51,2030-11-01,FORECAST,2000,1000000,0,15000,0,985000,FORECAST prelaunch payment; not actual or verified quote,2000,0,0,0,0,,,CHANNEL_DRIVER_SUM,false,0,,0,0,0,0,0,0,0,0,0,0,0,2000,0,0,0,0,0,0,2000,0,0,298000,298000,0,298000,0,298000,RECONCILED,298000,0,298000,RECONCILED,48800.00000000001,11328.000000000002,11328.000000000002,9242.000000000002,2086.0000000000005,2000,60128.00000000001,0,0,3500,3500,400,60528.00000000001,237472,0,3500,Founder pay unchanged,"Starting overhead budget v1: $400 combined conservative planning amount includes Codex, another subscription, website and database; not verified recurring invoices. The first $100 infrastructure tier reference is treated as covered; only higher automatic tier increments are additional. This fixed scenario reference is provisional overlap treatment, not invoice allocation. Explicit manual and dated infrastructure amounts are additional; if intended as replacements, reconcile the baseline before entering them.",0,0,0,0,0,3500,0,400,60128.00000000001,0,3500,0,0,0,RECONCILED,0,400,0,3900,RECONCILED,,,237872,233972,12673600,0,0,0,0,64028.00000000001,233972,12907572,0,0,0,0,true,Provisional pro-rata illustration; agreement and taxes unverified,100,999900,0,12907572,192084.00000000003,,,,,,,,,,,,milestone,,cac,,149,0,30.064000000000004,Departmental Organization,0,0,1.5492702078521938,false,false,0,
false,,,,,,,,,,,0,0,13141544,192084.00000000003,0,60128.00000000001,3900,64028.00000000001,0,0,0,0,0,0,12949460,0,12141544,Provisional pro-rata illustration; agreement and taxes unverified,false,0,0,0,,52,2030-12-01,FORECAST,2000,1000000,0,15000,0,985000,FORECAST prelaunch payment; not actual or verified quote,2000,0,0,0,0,,,CHANNEL_DRIVER_SUM,false,0,,0,0,0,0,0,0,0,0,0,0,0,2000,0,0,0,0,0,0,2000,0,0,298000,298000,0,298000,0,298000,RECONCILED,298000,0,298000,RECONCILED,48800.00000000001,11328.000000000002,11328.000000000002,9242.000000000002,2086.0000000000005,2000,60128.00000000001,0,0,3500,3500,400,60528.00000000001,237472,0,3500,Founder pay unchanged,"Starting overhead budget v1: $400 combined conservative planning amount includes Codex, another subscription, website and database; not verified recurring invoices. The first $100 infrastructure tier reference is treated as covered; only higher automatic tier increments are additional. This fixed scenario reference is provisional overlap treatment, not invoice allocation. Explicit manual and dated infrastructure amounts are additional; if intended as replacements, reconcile the baseline before entering them.",0,0,0,0,0,3500,0,400,60128.00000000001,0,3500,0,0,0,RECONCILED,0,400,0,3900,RECONCILED,,,237872,233972,12907572,0,0,0,0,64028.00000000001,233972,13141544,0,0,0,0,true,Provisional pro-rata illustration; agreement and taxes unverified,100,999900,0,13141544,192084.00000000003,,,,,,,,,,,,milestone,,cac,,149,0,30.064000000000004,Departmental Organization,0,0,1.5492702078521938,false,false,0,
false,,,,,,,,,,,0,0,13375516,192084.00000000003,0,60128.00000000001,3900,64028.00000000001,0,0,0,0,0,0,13183432,0,12375516,Provisional pro-rata illustration; agreement and taxes unverified,false,0,0,0,,53,2031-01-01,FORECAST,2000,1000000,0,15000,0,985000,FORECAST prelaunch payment; not actual or verified quote,2000,0,0,0,0,,,CHANNEL_DRIVER_SUM,false,0,,0,0,0,0,0,0,0,0,0,0,0,2000,0,0,0,0,0,0,2000,0,0,298000,298000,0,298000,0,298000,RECONCILED,298000,0,298000,RECONCILED,48800.00000000001,11328.000000000002,11328.000000000002,9242.000000000002,2086.0000000000005,2000,60128.00000000001,0,0,3500,3500,400,60528.00000000001,237472,0,3500,Founder pay unchanged,"Starting overhead budget v1: $400 combined conservative planning amount includes Codex, another subscription, website and database; not verified recurring invoices. The first $100 infrastructure tier reference is treated as covered; only higher automatic tier increments are additional. This fixed scenario reference is provisional overlap treatment, not invoice allocation. Explicit manual and dated infrastructure amounts are additional; if intended as replacements, reconcile the baseline before entering them.",0,0,0,0,0,3500,0,400,60128.00000000001,0,3500,0,0,0,RECONCILED,0,400,0,3900,RECONCILED,,,237872,233972,13141544,0,0,0,0,64028.00000000001,233972,13375516,0,0,0,0,true,Provisional pro-rata illustration; agreement and taxes unverified,100,999900,0,13375516,192084.00000000003,,,,,,,,,,,,milestone,,cac,,149,0,30.064000000000004,Departmental Organization,0,0,1.5492702078521938,false,false,0,
false,,,,,,,,,,,0,0,13609488,192084.00000000003,0,60128.00000000001,3900,64028.00000000001,0,0,0,0,0,0,13417404,0,12609488,Provisional pro-rata illustration; agreement and taxes unverified,false,0,0,0,,54,2031-02-01,FORECAST,2000,1000000,0,15000,0,985000,FORECAST prelaunch payment; not actual or verified quote,2000,0,0,0,0,,,CHANNEL_DRIVER_SUM,false,0,,0,0,0,0,0,0,0,0,0,0,0,2000,0,0,0,0,0,0,2000,0,0,298000,298000,0,298000,0,298000,RECONCILED,298000,0,298000,RECONCILED,48800.00000000001,11328.000000000002,11328.000000000002,9242.000000000002,2086.0000000000005,2000,60128.00000000001,0,0,3500,3500,400,60528.00000000001,237472,0,3500,Founder pay unchanged,"Starting overhead budget v1: $400 combined conservative planning amount includes Codex, another subscription, website and database; not verified recurring invoices. The first $100 infrastructure tier reference is treated as covered; only higher automatic tier increments are additional. This fixed scenario reference is provisional overlap treatment, not invoice allocation. Explicit manual and dated infrastructure amounts are additional; if intended as replacements, reconcile the baseline before entering them.",0,0,0,0,0,3500,0,400,60128.00000000001,0,3500,0,0,0,RECONCILED,0,400,0,3900,RECONCILED,,,237872,233972,13375516,0,0,0,0,64028.00000000001,233972,13609488,0,0,0,0,true,Provisional pro-rata illustration; agreement and taxes unverified,100,999900,0,13609488,192084.00000000003,,,,,,,,,,,,milestone,,cac,,149,0,30.064000000000004,Departmental Organization,0,0,1.5492702078521938,false,false,0,
false,,,,,,,,,,,0,0,13843460,192084.00000000003,0,60128.00000000001,3900,64028.00000000001,0,0,0,0,0,0,13651376,0,12843460,Provisional pro-rata illustration; agreement and taxes unverified,false,0,0,0,,55,2031-03-01,FORECAST,2000,1000000,0,15000,0,985000,FORECAST prelaunch payment; not actual or verified quote,2000,0,0,0,0,,,CHANNEL_DRIVER_SUM,false,0,,0,0,0,0,0,0,0,0,0,0,0,2000,0,0,0,0,0,0,2000,0,0,298000,298000,0,298000,0,298000,RECONCILED,298000,0,298000,RECONCILED,48800.00000000001,11328.000000000002,11328.000000000002,9242.000000000002,2086.0000000000005,2000,60128.00000000001,0,0,3500,3500,400,60528.00000000001,237472,0,3500,Founder pay unchanged,"Starting overhead budget v1: $400 combined conservative planning amount includes Codex, another subscription, website and database; not verified recurring invoices. The first $100 infrastructure tier reference is treated as covered; only higher automatic tier increments are additional. This fixed scenario reference is provisional overlap treatment, not invoice allocation. Explicit manual and dated infrastructure amounts are additional; if intended as replacements, reconcile the baseline before entering them.",0,0,0,0,0,3500,0,400,60128.00000000001,0,3500,0,0,0,RECONCILED,0,400,0,3900,RECONCILED,,,237872,233972,13609488,0,0,0,0,64028.00000000001,233972,13843460,0,0,0,0,true,Provisional pro-rata illustration; agreement and taxes unverified,100,999900,0,13843460,192084.00000000003,,,,,,,,,,,,milestone,,cac,,149,0,30.064000000000004,Departmental Organization,0,0,1.5492702078521938,false,false,0,
false,,,,,,,,,,,0,0,14077432,192084.00000000003,0,60128.00000000001,3900,64028.00000000001,0,0,0,0,0,0,13885348,0,13077432,Provisional pro-rata illustration; agreement and taxes unverified,false,0,0,0,,56,2031-04-01,FORECAST,2000,1000000,0,15000,0,985000,FORECAST prelaunch payment; not actual or verified quote,2000,0,0,0,0,,,CHANNEL_DRIVER_SUM,false,0,,0,0,0,0,0,0,0,0,0,0,0,2000,0,0,0,0,0,0,2000,0,0,298000,298000,0,298000,0,298000,RECONCILED,298000,0,298000,RECONCILED,48800.00000000001,11328.000000000002,11328.000000000002,9242.000000000002,2086.0000000000005,2000,60128.00000000001,0,0,3500,3500,400,60528.00000000001,237472,0,3500,Founder pay unchanged,"Starting overhead budget v1: $400 combined conservative planning amount includes Codex, another subscription, website and database; not verified recurring invoices. The first $100 infrastructure tier reference is treated as covered; only higher automatic tier increments are additional. This fixed scenario reference is provisional overlap treatment, not invoice allocation. Explicit manual and dated infrastructure amounts are additional; if intended as replacements, reconcile the baseline before entering them.",0,0,0,0,0,3500,0,400,60128.00000000001,0,3500,0,0,0,RECONCILED,0,400,0,3900,RECONCILED,,,237872,233972,13843460,0,0,0,0,64028.00000000001,233972,14077432,0,0,0,0,true,Provisional pro-rata illustration; agreement and taxes unverified,100,999900,0,14077432,192084.00000000003,,,,,,,,,,,,milestone,,cac,,149,0,30.064000000000004,Departmental Organization,0,0,1.5492702078521938,false,false,0,
false,,,,,,,,,,,0,0,14311404,192084.00000000003,0,60128.00000000001,3900,64028.00000000001,0,0,0,0,0,0,14119320,0,13311404,Provisional pro-rata illustration; agreement and taxes unverified,false,0,0,0,,57,2031-05-01,FORECAST,2000,1000000,0,15000,0,985000,FORECAST prelaunch payment; not actual or verified quote,2000,0,0,0,0,,,CHANNEL_DRIVER_SUM,false,0,,0,0,0,0,0,0,0,0,0,0,0,2000,0,0,0,0,0,0,2000,0,0,298000,298000,0,298000,0,298000,RECONCILED,298000,0,298000,RECONCILED,48800.00000000001,11328.000000000002,11328.000000000002,9242.000000000002,2086.0000000000005,2000,60128.00000000001,0,0,3500,3500,400,60528.00000000001,237472,0,3500,Founder pay unchanged,"Starting overhead budget v1: $400 combined conservative planning amount includes Codex, another subscription, website and database; not verified recurring invoices. The first $100 infrastructure tier reference is treated as covered; only higher automatic tier increments are additional. This fixed scenario reference is provisional overlap treatment, not invoice allocation. Explicit manual and dated infrastructure amounts are additional; if intended as replacements, reconcile the baseline before entering them.",0,0,0,0,0,3500,0,400,60128.00000000001,0,3500,0,0,0,RECONCILED,0,400,0,3900,RECONCILED,,,237872,233972,14077432,0,0,0,0,64028.00000000001,233972,14311404,0,0,0,0,true,Provisional pro-rata illustration; agreement and taxes unverified,100,999900,0,14311404,192084.00000000003,,,,,,,,,,,,milestone,,cac,,149,0,30.064000000000004,Departmental Organization,0,0,1.5492702078521938,false,false,0,
false,,,,,,,,,,,0,0,14545376,192084.00000000003,0,60128.00000000001,3900,64028.00000000001,0,0,0,0,0,0,14353292,0,13545376,Provisional pro-rata illustration; agreement and taxes unverified,false,0,0,0,,58,2031-06-01,FORECAST,2000,1000000,0,15000,0,985000,FORECAST prelaunch payment; not actual or verified quote,2000,0,0,0,0,,,CHANNEL_DRIVER_SUM,false,0,,0,0,0,0,0,0,0,0,0,0,0,2000,0,0,0,0,0,0,2000,0,0,298000,298000,0,298000,0,298000,RECONCILED,298000,0,298000,RECONCILED,48800.00000000001,11328.000000000002,11328.000000000002,9242.000000000002,2086.0000000000005,2000,60128.00000000001,0,0,3500,3500,400,60528.00000000001,237472,0,3500,Founder pay unchanged,"Starting overhead budget v1: $400 combined conservative planning amount includes Codex, another subscription, website and database; not verified recurring invoices. The first $100 infrastructure tier reference is treated as covered; only higher automatic tier increments are additional. This fixed scenario reference is provisional overlap treatment, not invoice allocation. Explicit manual and dated infrastructure amounts are additional; if intended as replacements, reconcile the baseline before entering them.",0,0,0,0,0,3500,0,400,60128.00000000001,0,3500,0,0,0,RECONCILED,0,400,0,3900,RECONCILED,,,237872,233972,14311404,0,0,0,0,64028.00000000001,233972,14545376,0,0,0,0,true,Provisional pro-rata illustration; agreement and taxes unverified,100,999900,0,14545376,192084.00000000003,,,,,,,,,,,,milestone,,cac,,149,0,30.064000000000004,Departmental Organization,0,0,1.5492702078521938,false,false,0,
false,,,,,,,,,,,0,0,14779348,192084.00000000003,0,60128.00000000001,3900,64028.00000000001,0,0,0,0,0,0,14587264,0,13779348,Provisional pro-rata illustration; agreement and taxes unverified,false,0,0,0,,59,2031-07-01,FORECAST,2000,1000000,0,15000,0,985000,FORECAST prelaunch payment; not actual or verified quote,2000,0,0,0,0,,,CHANNEL_DRIVER_SUM,false,0,,0,0,0,0,0,0,0,0,0,0,0,2000,0,0,0,0,0,0,2000,0,0,298000,298000,0,298000,0,298000,RECONCILED,298000,0,298000,RECONCILED,48800.00000000001,11328.000000000002,11328.000000000002,9242.000000000002,2086.0000000000005,2000,60128.00000000001,0,0,3500,3500,400,60528.00000000001,237472,0,3500,Founder pay unchanged,"Starting overhead budget v1: $400 combined conservative planning amount includes Codex, another subscription, website and database; not verified recurring invoices. The first $100 infrastructure tier reference is treated as covered; only higher automatic tier increments are additional. This fixed scenario reference is provisional overlap treatment, not invoice allocation. Explicit manual and dated infrastructure amounts are additional; if intended as replacements, reconcile the baseline before entering them.",0,0,0,0,0,3500,0,400,60128.00000000001,0,3500,0,0,0,RECONCILED,0,400,0,3900,RECONCILED,,,237872,233972,14545376,0,0,0,0,64028.00000000001,233972,14779348,0,0,0,0,true,Provisional pro-rata illustration; agreement and taxes unverified,100,999900,0,14779348,192084.00000000003,,,,,,,,,,,,milestone,,cac,,149,0,30.064000000000004,Departmental Organization,0,0,1.5492702078521938,false,false,0,
false,,,,,,,,,,,0,0,15013320,192084.00000000003,0,60128.00000000001,3900,64028.00000000001,0,0,0,0,0,0,14821236,0,14013320,Provisional pro-rata illustration; agreement and taxes unverified,false,0,0,0,,60,2031-08-01,FORECAST,2000,1000000,0,15000,0,985000,FORECAST prelaunch payment; not actual or verified quote,2000,0,0,0,0,,,CHANNEL_DRIVER_SUM,false,0,,0,0,0,0,0,0,0,0,0,0,0,2000,0,0,0,0,0,0,2000,0,0,298000,298000,0,298000,0,298000,RECONCILED,298000,0,298000,RECONCILED,48800.00000000001,11328.000000000002,11328.000000000002,9242.000000000002,2086.0000000000005,2000,60128.00000000001,0,0,3500,3500,400,60528.00000000001,237472,0,3500,Founder pay unchanged,"Starting overhead budget v1: $400 combined conservative planning amount includes Codex, another subscription, website and database; not verified recurring invoices. The first $100 infrastructure tier reference is treated as covered; only higher automatic tier increments are additional. This fixed scenario reference is provisional overlap treatment, not invoice allocation. Explicit manual and dated infrastructure amounts are additional; if intended as replacements, reconcile the baseline before entering them.",0,0,0,0,0,3500,0,400,60128.00000000001,0,3500,0,0,0,RECONCILED,0,400,0,3900,RECONCILED,,,237872,233972,14779348,0,0,0,0,64028.00000000001,233972,15013320,0,0,0,0,true,Provisional pro-rata illustration; agreement and taxes unverified,100,999900,0,15013320,192084.00000000003,,,,,,,,,,,,milestone,,cac,,149,0,30.064000000000004,Departmental Organization,0,0,1.5492702078521938,false,false,0,
false,,,,,,,,,,,0,0,15247292,192084.00000000003,0,60128.00000000001,3900,64028.00000000001,0,0,0,0,0,0,15055208,0,14247292,Provisional pro-rata illustration; agreement and taxes unverified,false,0,0,0,,61,2031-09-01,FORECAST,2000,1000000,0,15000,0,985000,FORECAST prelaunch payment; not actual or verified quote,2000,0,0,0,0,,,CHANNEL_DRIVER_SUM,false,0,,0,0,0,0,0,0,0,0,0,0,0,2000,0,0,0,0,0,0,2000,0,0,298000,298000,0,298000,0,298000,RECONCILED,298000,0,298000,RECONCILED,48800.00000000001,11328.000000000002,11328.000000000002,9242.000000000002,2086.0000000000005,2000,60128.00000000001,0,0,3500,3500,400,60528.00000000001,237472,0,3500,Founder pay unchanged,"Starting overhead budget v1: $400 combined conservative planning amount includes Codex, another subscription, website and database; not verified recurring invoices. The first $100 infrastructure tier reference is treated as covered; only higher automatic tier increments are additional. This fixed scenario reference is provisional overlap treatment, not invoice allocation. Explicit manual and dated infrastructure amounts are additional; if intended as replacements, reconcile the baseline before entering them.",0,0,0,0,0,3500,0,400,60128.00000000001,0,3500,0,0,0,RECONCILED,0,400,0,3900,RECONCILED,,,237872,233972,15013320,0,0,0,0,64028.00000000001,233972,15247292,0,0,0,0,true,Provisional pro-rata illustration; agreement and taxes unverified,100,999900,0,15247292,192084.00000000003,,,,,,,,,,,,milestone,,cac,,149,0,30.064000000000004,Departmental Organization,0,0,1.5492702078521938,false,false,0,
false,,,,,,,,,,,0,0,15481264,192084.00000000003,0,60128.00000000001,3900,64028.00000000001,0,0,0,0,0,0,15289180,0,14481264,Provisional pro-rata illustration; agreement and taxes unverified,false,0,0,0,,62,2031-10-01,FORECAST,2000,1000000,0,15000,0,985000,FORECAST prelaunch payment; not actual or verified quote,2000,0,0,0,0,,,CHANNEL_DRIVER_SUM,false,0,,0,0,0,0,0,0,0,0,0,0,0,2000,0,0,0,0,0,0,2000,0,0,298000,298000,0,298000,0,298000,RECONCILED,298000,0,298000,RECONCILED,48800.00000000001,11328.000000000002,11328.000000000002,9242.000000000002,2086.0000000000005,2000,60128.00000000001,0,0,3500,3500,400,60528.00000000001,237472,0,3500,Founder pay unchanged,"Starting overhead budget v1: $400 combined conservative planning amount includes Codex, another subscription, website and database; not verified recurring invoices. The first $100 infrastructure tier reference is treated as covered; only higher automatic tier increments are additional. This fixed scenario reference is provisional overlap treatment, not invoice allocation. Explicit manual and dated infrastructure amounts are additional; if intended as replacements, reconcile the baseline before entering them.",0,0,0,0,0,3500,0,400,60128.00000000001,0,3500,0,0,0,RECONCILED,0,400,0,3900,RECONCILED,,,237872,233972,15247292,0,0,0,0,64028.00000000001,233972,15481264,0,0,0,0,true,Provisional pro-rata illustration; agreement and taxes unverified,100,999900,0,15481264,192084.00000000003,,,,,,,,,,,,milestone,,cac,,149,0,30.064000000000004,Departmental Organization,0,0,1.5492702078521938,false,false,0,
false,,,,,,,,,,,0,0,15715236,192084.00000000003,0,60128.00000000001,3900,64028.00000000001,0,0,0,0,0,0,15523152,0,14715236,Provisional pro-rata illustration; agreement and taxes unverified,false,0,0,0,,63,2031-11-01,FORECAST,2000,1000000,0,15000,0,985000,FORECAST prelaunch payment; not actual or verified quote,2000,0,0,0,0,,,CHANNEL_DRIVER_SUM,false,0,,0,0,0,0,0,0,0,0,0,0,0,2000,0,0,0,0,0,0,2000,0,0,298000,298000,0,298000,0,298000,RECONCILED,298000,0,298000,RECONCILED,48800.00000000001,11328.000000000002,11328.000000000002,9242.000000000002,2086.0000000000005,2000,60128.00000000001,0,0,3500,3500,400,60528.00000000001,237472,0,3500,Founder pay unchanged,"Starting overhead budget v1: $400 combined conservative planning amount includes Codex, another subscription, website and database; not verified recurring invoices. The first $100 infrastructure tier reference is treated as covered; only higher automatic tier increments are additional. This fixed scenario reference is provisional overlap treatment, not invoice allocation. Explicit manual and dated infrastructure amounts are additional; if intended as replacements, reconcile the baseline before entering them.",0,0,0,0,0,3500,0,400,60128.00000000001,0,3500,0,0,0,RECONCILED,0,400,0,3900,RECONCILED,,,237872,233972,15481264,0,0,0,0,64028.00000000001,233972,15715236,0,0,0,0,true,Provisional pro-rata illustration; agreement and taxes unverified,100,999900,0,15715236,192084.00000000003,,,,,,,,,,,,milestone,,cac,,149,0,30.064000000000004,Departmental Organization,0,0,1.5492702078521938,false,false,0,
false,,,,,,,,,,,0,0,15949208,192084.00000000003,0,60128.00000000001,3900,64028.00000000001,0,0,0,0,0,0,15757124,0,14949208,Provisional pro-rata illustration; agreement and taxes unverified,false,0,0,0,,64,2031-12-01,FORECAST,2000,1000000,0,15000,0,985000,FORECAST prelaunch payment; not actual or verified quote,2000,0,0,0,0,,,CHANNEL_DRIVER_SUM,false,0,,0,0,0,0,0,0,0,0,0,0,0,2000,0,0,0,0,0,0,2000,0,0,298000,298000,0,298000,0,298000,RECONCILED,298000,0,298000,RECONCILED,48800.00000000001,11328.000000000002,11328.000000000002,9242.000000000002,2086.0000000000005,2000,60128.00000000001,0,0,3500,3500,400,60528.00000000001,237472,0,3500,Founder pay unchanged,"Starting overhead budget v1: $400 combined conservative planning amount includes Codex, another subscription, website and database; not verified recurring invoices. The first $100 infrastructure tier reference is treated as covered; only higher automatic tier increments are additional. This fixed scenario reference is provisional overlap treatment, not invoice allocation. Explicit manual and dated infrastructure amounts are additional; if intended as replacements, reconcile the baseline before entering them.",0,0,0,0,0,3500,0,400,60128.00000000001,0,3500,0,0,0,RECONCILED,0,400,0,3900,RECONCILED,,,237872,233972,15715236,0,0,0,0,64028.00000000001,233972,15949208,0,0,0,0,true,Provisional pro-rata illustration; agreement and taxes unverified,100,999900,0,15949208,192084.00000000003,,,,,,,,,,,,milestone,,cac,,149,0,30.064000000000004,Departmental Organization,0,0,1.5492702078521938,false,false,0,
false,,,,,,,,,,,0,0,16183180,192084.00000000003,0,60128.00000000001,3900,64028.00000000001,0,0,0,0,0,0,15991096,0,15183180,Provisional pro-rata illustration; agreement and taxes unverified,false,0,0,0,,65,2032-01-01,FORECAST,2000,1000000,0,15000,0,985000,FORECAST prelaunch payment; not actual or verified quote,2000,0,0,0,0,,,CHANNEL_DRIVER_SUM,false,0,,0,0,0,0,0,0,0,0,0,0,0,2000,0,0,0,0,0,0,2000,0,0,298000,298000,0,298000,0,298000,RECONCILED,298000,0,298000,RECONCILED,48800.00000000001,11328.000000000002,11328.000000000002,9242.000000000002,2086.0000000000005,2000,60128.00000000001,0,0,3500,3500,400,60528.00000000001,237472,0,3500,Founder pay unchanged,"Starting overhead budget v1: $400 combined conservative planning amount includes Codex, another subscription, website and database; not verified recurring invoices. The first $100 infrastructure tier reference is treated as covered; only higher automatic tier increments are additional. This fixed scenario reference is provisional overlap treatment, not invoice allocation. Explicit manual and dated infrastructure amounts are additional; if intended as replacements, reconcile the baseline before entering them.",0,0,0,0,0,3500,0,400,60128.00000000001,0,3500,0,0,0,RECONCILED,0,400,0,3900,RECONCILED,,,237872,233972,15949208,0,0,0,0,64028.00000000001,233972,16183180,0,0,0,0,true,Provisional pro-rata illustration; agreement and taxes unverified,100,999900,0,16183180,192084.00000000003,,,,,,,,,,,,milestone,,cac,,149,0,30.064000000000004,Departmental Organization,0,0,1.5492702078521938,false,false,0,
false,,,,,,,,,,,0,0,16417152,192084.00000000003,0,60128.00000000001,3900,64028.00000000001,0,0,0,0,0,0,16225068,0,15417152,Provisional pro-rata illustration; agreement and taxes unverified,false,0,0,0,,66,2032-02-01,FORECAST,2000,1000000,0,15000,0,985000,FORECAST prelaunch payment; not actual or verified quote,2000,0,0,0,0,,,CHANNEL_DRIVER_SUM,false,0,,0,0,0,0,0,0,0,0,0,0,0,2000,0,0,0,0,0,0,2000,0,0,298000,298000,0,298000,0,298000,RECONCILED,298000,0,298000,RECONCILED,48800.00000000001,11328.000000000002,11328.000000000002,9242.000000000002,2086.0000000000005,2000,60128.00000000001,0,0,3500,3500,400,60528.00000000001,237472,0,3500,Founder pay unchanged,"Starting overhead budget v1: $400 combined conservative planning amount includes Codex, another subscription, website and database; not verified recurring invoices. The first $100 infrastructure tier reference is treated as covered; only higher automatic tier increments are additional. This fixed scenario reference is provisional overlap treatment, not invoice allocation. Explicit manual and dated infrastructure amounts are additional; if intended as replacements, reconcile the baseline before entering them.",0,0,0,0,0,3500,0,400,60128.00000000001,0,3500,0,0,0,RECONCILED,0,400,0,3900,RECONCILED,,,237872,233972,16183180,0,0,0,0,64028.00000000001,233972,16417152,0,0,0,0,true,Provisional pro-rata illustration; agreement and taxes unverified,100,999900,0,16417152,192084.00000000003,,,,,,,,,,,,milestone,,cac,,149,0,30.064000000000004,Departmental Organization,0,0,1.5492702078521938,false,false,0,
false,,,,,,,,,,,0,0,16651124,192084.00000000003,0,60128.00000000001,3900,64028.00000000001,0,0,0,0,0,0,16459040,0,15651124,Provisional pro-rata illustration; agreement and taxes unverified,false,0,0,0,,67,2032-03-01,FORECAST,2000,1000000,0,15000,0,985000,FORECAST prelaunch payment; not actual or verified quote,2000,0,0,0,0,,,CHANNEL_DRIVER_SUM,false,0,,0,0,0,0,0,0,0,0,0,0,0,2000,0,0,0,0,0,0,2000,0,0,298000,298000,0,298000,0,298000,RECONCILED,298000,0,298000,RECONCILED,48800.00000000001,11328.000000000002,11328.000000000002,9242.000000000002,2086.0000000000005,2000,60128.00000000001,0,0,3500,3500,400,60528.00000000001,237472,0,3500,Founder pay unchanged,"Starting overhead budget v1: $400 combined conservative planning amount includes Codex, another subscription, website and database; not verified recurring invoices. The first $100 infrastructure tier reference is treated as covered; only higher automatic tier increments are additional. This fixed scenario reference is provisional overlap treatment, not invoice allocation. Explicit manual and dated infrastructure amounts are additional; if intended as replacements, reconcile the baseline before entering them.",0,0,0,0,0,3500,0,400,60128.00000000001,0,3500,0,0,0,RECONCILED,0,400,0,3900,RECONCILED,,,237872,233972,16417152,0,0,0,0,64028.00000000001,233972,16651124,0,0,0,0,true,Provisional pro-rata illustration; agreement and taxes unverified,100,999900,0,16651124,192084.00000000003,,,,,,,,,,,,milestone,,cac,,149,0,30.064000000000004,Departmental Organization,0,0,1.5492702078521938,false,false,0,
false,,,,,,,,,,,0,0,16885096,192084.00000000003,0,60128.00000000001,3900,64028.00000000001,0,0,0,0,0,0,16693012,0,15885096,Provisional pro-rata illustration; agreement and taxes unverified,false,0,0,0,,68,2032-04-01,FORECAST,2000,1000000,0,15000,0,985000,FORECAST prelaunch payment; not actual or verified quote,2000,0,0,0,0,,,CHANNEL_DRIVER_SUM,false,0,,0,0,0,0,0,0,0,0,0,0,0,2000,0,0,0,0,0,0,2000,0,0,298000,298000,0,298000,0,298000,RECONCILED,298000,0,298000,RECONCILED,48800.00000000001,11328.000000000002,11328.000000000002,9242.000000000002,2086.0000000000005,2000,60128.00000000001,0,0,3500,3500,400,60528.00000000001,237472,0,3500,Founder pay unchanged,"Starting overhead budget v1: $400 combined conservative planning amount includes Codex, another subscription, website and database; not verified recurring invoices. The first $100 infrastructure tier reference is treated as covered; only higher automatic tier increments are additional. This fixed scenario reference is provisional overlap treatment, not invoice allocation. Explicit manual and dated infrastructure amounts are additional; if intended as replacements, reconcile the baseline before entering them.",0,0,0,0,0,3500,0,400,60128.00000000001,0,3500,0,0,0,RECONCILED,0,400,0,3900,RECONCILED,,,237872,233972,16651124,0,0,0,0,64028.00000000001,233972,16885096,0,0,0,0,true,Provisional pro-rata illustration; agreement and taxes unverified,100,999900,0,16885096,192084.00000000003,,,,,,,,,,,,milestone,,cac,,149,0,30.064000000000004,Departmental Organization,0,0,1.5492702078521938,false,false,0,
false,,,,,,,,,,,0,0,17119068,192084.00000000003,0,60128.00000000001,3900,64028.00000000001,0,0,0,0,0,0,16926984,0,16119068,Provisional pro-rata illustration; agreement and taxes unverified,false,0,0,0,,69,2032-05-01,FORECAST,2000,1000000,0,15000,0,985000,FORECAST prelaunch payment; not actual or verified quote,2000,0,0,0,0,,,CHANNEL_DRIVER_SUM,false,0,,0,0,0,0,0,0,0,0,0,0,0,2000,0,0,0,0,0,0,2000,0,0,298000,298000,0,298000,0,298000,RECONCILED,298000,0,298000,RECONCILED,48800.00000000001,11328.000000000002,11328.000000000002,9242.000000000002,2086.0000000000005,2000,60128.00000000001,0,0,3500,3500,400,60528.00000000001,237472,0,3500,Founder pay unchanged,"Starting overhead budget v1: $400 combined conservative planning amount includes Codex, another subscription, website and database; not verified recurring invoices. The first $100 infrastructure tier reference is treated as covered; only higher automatic tier increments are additional. This fixed scenario reference is provisional overlap treatment, not invoice allocation. Explicit manual and dated infrastructure amounts are additional; if intended as replacements, reconcile the baseline before entering them.",0,0,0,0,0,3500,0,400,60128.00000000001,0,3500,0,0,0,RECONCILED,0,400,0,3900,RECONCILED,,,237872,233972,16885096,0,0,0,0,64028.00000000001,233972,17119068,0,0,0,0,true,Provisional pro-rata illustration; agreement and taxes unverified,100,999900,0,17119068,192084.00000000003,,,,,,,,,,,,milestone,,cac,,149,0,30.064000000000004,Departmental Organization,0,0,1.5492702078521938,false,false,0,
false,,,,,,,,,,,0,0,17353040,192084.00000000003,0,60128.00000000001,3900,64028.00000000001,0,0,0,0,0,0,17160956,0,16353040,Provisional pro-rata illustration; agreement and taxes unverified,false,0,0,0,,70,2032-06-01,FORECAST,2000,1000000,0,15000,0,985000,FORECAST prelaunch payment; not actual or verified quote,2000,0,0,0,0,,,CHANNEL_DRIVER_SUM,false,0,,0,0,0,0,0,0,0,0,0,0,0,2000,0,0,0,0,0,0,2000,0,0,298000,298000,0,298000,0,298000,RECONCILED,298000,0,298000,RECONCILED,48800.00000000001,11328.000000000002,11328.000000000002,9242.000000000002,2086.0000000000005,2000,60128.00000000001,0,0,3500,3500,400,60528.00000000001,237472,0,3500,Founder pay unchanged,"Starting overhead budget v1: $400 combined conservative planning amount includes Codex, another subscription, website and database; not verified recurring invoices. The first $100 infrastructure tier reference is treated as covered; only higher automatic tier increments are additional. This fixed scenario reference is provisional overlap treatment, not invoice allocation. Explicit manual and dated infrastructure amounts are additional; if intended as replacements, reconcile the baseline before entering them.",0,0,0,0,0,3500,0,400,60128.00000000001,0,3500,0,0,0,RECONCILED,0,400,0,3900,RECONCILED,,,237872,233972,17119068,0,0,0,0,64028.00000000001,233972,17353040,0,0,0,0,true,Provisional pro-rata illustration; agreement and taxes unverified,100,999900,0,17353040,192084.00000000003,,,,,,,,,,,,milestone,,cac,,149,0,30.064000000000004,Departmental Organization,0,0,1.5492702078521938,false,false,0,
false,,,,,,,,,,,0,0,17587012,192084.00000000003,0,60128.00000000001,3900,64028.00000000001,0,0,0,0,0,0,17394928,0,16587012,Provisional pro-rata illustration; agreement and taxes unverified,false,0,0,0,,71,2032-07-01,FORECAST,2000,1000000,0,15000,0,985000,FORECAST prelaunch payment; not actual or verified quote,2000,0,0,0,0,,,CHANNEL_DRIVER_SUM,false,0,,0,0,0,0,0,0,0,0,0,0,0,2000,0,0,0,0,0,0,2000,0,0,298000,298000,0,298000,0,298000,RECONCILED,298000,0,298000,RECONCILED,48800.00000000001,11328.000000000002,11328.000000000002,9242.000000000002,2086.0000000000005,2000,60128.00000000001,0,0,3500,3500,400,60528.00000000001,237472,0,3500,Founder pay unchanged,"Starting overhead budget v1: $400 combined conservative planning amount includes Codex, another subscription, website and database; not verified recurring invoices. The first $100 infrastructure tier reference is treated as covered; only higher automatic tier increments are additional. This fixed scenario reference is provisional overlap treatment, not invoice allocation. Explicit manual and dated infrastructure amounts are additional; if intended as replacements, reconcile the baseline before entering them.",0,0,0,0,0,3500,0,400,60128.00000000001,0,3500,0,0,0,RECONCILED,0,400,0,3900,RECONCILED,,,237872,233972,17353040,0,0,0,0,64028.00000000001,233972,17587012,0,0,0,0,true,Provisional pro-rata illustration; agreement and taxes unverified,100,999900,0,17587012,192084.00000000003,,,,,,,,,,,,milestone,,cac,,149,0,30.064000000000004,Departmental Organization,0,0,1.5492702078521938,false,false,0,
false,,,,,,,,,,,0,0,17820984,192084.00000000003,0,60128.00000000001,3900,64028.00000000001,0,0,0,0,0,0,17628900,0,16820984,Provisional pro-rata illustration; agreement and taxes unverified,false,0,0,0,,72,2032-08-01,FORECAST,2000,1000000,0,15000,0,985000,FORECAST prelaunch payment; not actual or verified quote,2000,0,0,0,0,,,CHANNEL_DRIVER_SUM,false,0,,0,0,0,0,0,0,0,0,0,0,0,2000,0,0,0,0,0,0,2000,0,0,298000,298000,0,298000,0,298000,RECONCILED,298000,0,298000,RECONCILED,48800.00000000001,11328.000000000002,11328.000000000002,9242.000000000002,2086.0000000000005,2000,60128.00000000001,0,0,3500,3500,400,60528.00000000001,237472,0,3500,Founder pay unchanged,"Starting overhead budget v1: $400 combined conservative planning amount includes Codex, another subscription, website and database; not verified recurring invoices. The first $100 infrastructure tier reference is treated as covered; only higher automatic tier increments are additional. This fixed scenario reference is provisional overlap treatment, not invoice allocation. Explicit manual and dated infrastructure amounts are additional; if intended as replacements, reconcile the baseline before entering them.",0,0,0,0,0,3500,0,400,60128.00000000001,0,3500,0,0,0,RECONCILED,0,400,0,3900,RECONCILED,,,237872,233972,17587012,0,0,0,0,64028.00000000001,233972,17820984,0,0,0,0,true,Provisional pro-rata illustration; agreement and taxes unverified,100,999900,0,17820984,192084.00000000003,,,,,,,,,,,,milestone,,cac,,149,0,30.064000000000004,Departmental Organization,0,0,1.5492702078521938,false,false,0,
false,,,,,,,,,,,0,0,18054956,192084.00000000003,0,60128.00000000001,3900,64028.00000000001,0,0,0,0,0,0,17862872,0,17054956,Provisional pro-rata illustration; agreement and taxes unverified,false,0,0,0,,73,2032-09-01,FORECAST,2000,1000000,0,15000,0,985000,FORECAST prelaunch payment; not actual or verified quote,2000,0,0,0,0,,,CHANNEL_DRIVER_SUM,false,0,,0,0,0,0,0,0,0,0,0,0,0,2000,0,0,0,0,0,0,2000,0,0,298000,298000,0,298000,0,298000,RECONCILED,298000,0,298000,RECONCILED,48800.00000000001,11328.000000000002,11328.000000000002,9242.000000000002,2086.0000000000005,2000,60128.00000000001,0,0,3500,3500,400,60528.00000000001,237472,0,3500,Founder pay unchanged,"Starting overhead budget v1: $400 combined conservative planning amount includes Codex, another subscription, website and database; not verified recurring invoices. The first $100 infrastructure tier reference is treated as covered; only higher automatic tier increments are additional. This fixed scenario reference is provisional overlap treatment, not invoice allocation. Explicit manual and dated infrastructure amounts are additional; if intended as replacements, reconcile the baseline before entering them.",0,0,0,0,0,3500,0,400,60128.00000000001,0,3500,0,0,0,RECONCILED,0,400,0,3900,RECONCILED,,,237872,233972,17820984,0,0,0,0,64028.00000000001,233972,18054956,0,0,0,0,true,Provisional pro-rata illustration; agreement and taxes unverified,100,999900,0,18054956,192084.00000000003,,,,,,,,,,,,milestone,,cac,,149,0,30.064000000000004,Departmental Organization,0,0,1.5492702078521938,false,false,0,
false,,,,,,,,,,,0,0,18288928,192084.00000000003,0,60128.00000000001,3900,64028.00000000001,0,0,0,0,0,0,18096844,0,17288928,Provisional pro-rata illustration; agreement and taxes unverified,false,0,0,0,,74,2032-10-01,FORECAST,2000,1000000,0,15000,0,985000,FORECAST prelaunch payment; not actual or verified quote,2000,0,0,0,0,,,CHANNEL_DRIVER_SUM,false,0,,0,0,0,0,0,0,0,0,0,0,0,2000,0,0,0,0,0,0,2000,0,0,298000,298000,0,298000,0,298000,RECONCILED,298000,0,298000,RECONCILED,48800.00000000001,11328.000000000002,11328.000000000002,9242.000000000002,2086.0000000000005,2000,60128.00000000001,0,0,3500,3500,400,60528.00000000001,237472,0,3500,Founder pay unchanged,"Starting overhead budget v1: $400 combined conservative planning amount includes Codex, another subscription, website and database; not verified recurring invoices. The first $100 infrastructure tier reference is treated as covered; only higher automatic tier increments are additional. This fixed scenario reference is provisional overlap treatment, not invoice allocation. Explicit manual and dated infrastructure amounts are additional; if intended as replacements, reconcile the baseline before entering them.",0,0,0,0,0,3500,0,400,60128.00000000001,0,3500,0,0,0,RECONCILED,0,400,0,3900,RECONCILED,,,237872,233972,18054956,0,0,0,0,64028.00000000001,233972,18288928,0,0,0,0,true,Provisional pro-rata illustration; agreement and taxes unverified,100,999900,0,18288928,192084.00000000003,,,,,,,,,,,,milestone,,cac,,149,0,30.064000000000004,Departmental Organization,0,0,1.5492702078521938,false,false,0,
false,,,,,,,,,,,0,0,18522900,192084.00000000003,0,60128.00000000001,3900,64028.00000000001,0,0,0,0,0,0,18330816,0,17522900,Provisional pro-rata illustration; agreement and taxes unverified,false,0,0,0,,75,2032-11-01,FORECAST,2000,1000000,0,15000,0,985000,FORECAST prelaunch payment; not actual or verified quote,2000,0,0,0,0,,,CHANNEL_DRIVER_SUM,false,0,,0,0,0,0,0,0,0,0,0,0,0,2000,0,0,0,0,0,0,2000,0,0,298000,298000,0,298000,0,298000,RECONCILED,298000,0,298000,RECONCILED,48800.00000000001,11328.000000000002,11328.000000000002,9242.000000000002,2086.0000000000005,2000,60128.00000000001,0,0,3500,3500,400,60528.00000000001,237472,0,3500,Founder pay unchanged,"Starting overhead budget v1: $400 combined conservative planning amount includes Codex, another subscription, website and database; not verified recurring invoices. The first $100 infrastructure tier reference is treated as covered; only higher automatic tier increments are additional. This fixed scenario reference is provisional overlap treatment, not invoice allocation. Explicit manual and dated infrastructure amounts are additional; if intended as replacements, reconcile the baseline before entering them.",0,0,0,0,0,3500,0,400,60128.00000000001,0,3500,0,0,0,RECONCILED,0,400,0,3900,RECONCILED,,,237872,233972,18288928,0,0,0,0,64028.00000000001,233972,18522900,0,0,0,0,true,Provisional pro-rata illustration; agreement and taxes unverified,100,999900,0,18522900,192084.00000000003,,,,,,,,,,,,milestone,,cac,,149,0,30.064000000000004,Departmental Organization,0,0,1.5492702078521938,false,false,0,
false,,,,,,,,,,,0,0,18756872,192084.00000000003,0,60128.00000000001,3900,64028.00000000001,0,0,0,0,0,0,18564788,0,17756872,Provisional pro-rata illustration; agreement and taxes unverified,false,0,0,0,,76,2032-12-01,FORECAST,2000,1000000,0,15000,0,985000,FORECAST prelaunch payment; not actual or verified quote,2000,0,0,0,0,,,CHANNEL_DRIVER_SUM,false,0,,0,0,0,0,0,0,0,0,0,0,0,2000,0,0,0,0,0,0,2000,0,0,298000,298000,0,298000,0,298000,RECONCILED,298000,0,298000,RECONCILED,48800.00000000001,11328.000000000002,11328.000000000002,9242.000000000002,2086.0000000000005,2000,60128.00000000001,0,0,3500,3500,400,60528.00000000001,237472,0,3500,Founder pay unchanged,"Starting overhead budget v1: $400 combined conservative planning amount includes Codex, another subscription, website and database; not verified recurring invoices. The first $100 infrastructure tier reference is treated as covered; only higher automatic tier increments are additional. This fixed scenario reference is provisional overlap treatment, not invoice allocation. Explicit manual and dated infrastructure amounts are additional; if intended as replacements, reconcile the baseline before entering them.",0,0,0,0,0,3500,0,400,60128.00000000001,0,3500,0,0,0,RECONCILED,0,400,0,3900,RECONCILED,,,237872,233972,18522900,0,0,0,0,64028.00000000001,233972,18756872,0,0,0,0,true,Provisional pro-rata illustration; agreement and taxes unverified,100,999900,0,18756872,192084.00000000003,,,,,,,,,,,,milestone,,cac,,149,0,30.064000000000004,Departmental Organization,0,0,1.5492702078521938,false,false,0,
false,,,,,,,,,,,0,0,18990844,192084.00000000003,0,60128.00000000001,3900,64028.00000000001,0,0,0,0,0,0,18798760,0,17990844,Provisional pro-rata illustration; agreement and taxes unverified,false,0,0,0,,77,2033-01-01,FORECAST,2000,1000000,0,15000,0,985000,FORECAST prelaunch payment; not actual or verified quote,2000,0,0,0,0,,,CHANNEL_DRIVER_SUM,false,0,,0,0,0,0,0,0,0,0,0,0,0,2000,0,0,0,0,0,0,2000,0,0,298000,298000,0,298000,0,298000,RECONCILED,298000,0,298000,RECONCILED,48800.00000000001,11328.000000000002,11328.000000000002,9242.000000000002,2086.0000000000005,2000,60128.00000000001,0,0,3500,3500,400,60528.00000000001,237472,0,3500,Founder pay unchanged,"Starting overhead budget v1: $400 combined conservative planning amount includes Codex, another subscription, website and database; not verified recurring invoices. The first $100 infrastructure tier reference is treated as covered; only higher automatic tier increments are additional. This fixed scenario reference is provisional overlap treatment, not invoice allocation. Explicit manual and dated infrastructure amounts are additional; if intended as replacements, reconcile the baseline before entering them.",0,0,0,0,0,3500,0,400,60128.00000000001,0,3500,0,0,0,RECONCILED,0,400,0,3900,RECONCILED,,,237872,233972,18756872,0,0,0,0,64028.00000000001,233972,18990844,0,0,0,0,true,Provisional pro-rata illustration; agreement and taxes unverified,100,999900,0,18990844,192084.00000000003,,,,,,,,,,,,milestone,,cac,,149,0,30.064000000000004,Departmental Organization,0,0,1.5492702078521938,false,false,0,
false,,,,,,,,,,,0,0,19224816,192084.00000000003,0,60128.00000000001,3900,64028.00000000001,0,0,0,0,0,0,19032732,0,18224816,Provisional pro-rata illustration; agreement and taxes unverified,false,0,0,0,,78,2033-02-01,FORECAST,2000,1000000,0,15000,0,985000,FORECAST prelaunch payment; not actual or verified quote,2000,0,0,0,0,,,CHANNEL_DRIVER_SUM,false,0,,0,0,0,0,0,0,0,0,0,0,0,2000,0,0,0,0,0,0,2000,0,0,298000,298000,0,298000,0,298000,RECONCILED,298000,0,298000,RECONCILED,48800.00000000001,11328.000000000002,11328.000000000002,9242.000000000002,2086.0000000000005,2000,60128.00000000001,0,0,3500,3500,400,60528.00000000001,237472,0,3500,Founder pay unchanged,"Starting overhead budget v1: $400 combined conservative planning amount includes Codex, another subscription, website and database; not verified recurring invoices. The first $100 infrastructure tier reference is treated as covered; only higher automatic tier increments are additional. This fixed scenario reference is provisional overlap treatment, not invoice allocation. Explicit manual and dated infrastructure amounts are additional; if intended as replacements, reconcile the baseline before entering them.",0,0,0,0,0,3500,0,400,60128.00000000001,0,3500,0,0,0,RECONCILED,0,400,0,3900,RECONCILED,,,237872,233972,18990844,0,0,0,0,64028.00000000001,233972,19224816,0,0,0,0,true,Provisional pro-rata illustration; agreement and taxes unverified,100,999900,0,19224816,192084.00000000003,,,,,,,,,,,,milestone,,cac,,149,0,30.064000000000004,Departmental Organization,0,0,1.5492702078521938,false,false,0,
false,,,,,,,,,,,0,0,19458788,192084.00000000003,0,60128.00000000001,3900,64028.00000000001,0,0,0,0,0,0,19266704,0,18458788,Provisional pro-rata illustration; agreement and taxes unverified,false,0,0,0,,79,2033-03-01,FORECAST,2000,1000000,0,15000,0,985000,FORECAST prelaunch payment; not actual or verified quote,2000,0,0,0,0,,,CHANNEL_DRIVER_SUM,false,0,,0,0,0,0,0,0,0,0,0,0,0,2000,0,0,0,0,0,0,2000,0,0,298000,298000,0,298000,0,298000,RECONCILED,298000,0,298000,RECONCILED,48800.00000000001,11328.000000000002,11328.000000000002,9242.000000000002,2086.0000000000005,2000,60128.00000000001,0,0,3500,3500,400,60528.00000000001,237472,0,3500,Founder pay unchanged,"Starting overhead budget v1: $400 combined conservative planning amount includes Codex, another subscription, website and database; not verified recurring invoices. The first $100 infrastructure tier reference is treated as covered; only higher automatic tier increments are additional. This fixed scenario reference is provisional overlap treatment, not invoice allocation. Explicit manual and dated infrastructure amounts are additional; if intended as replacements, reconcile the baseline before entering them.",0,0,0,0,0,3500,0,400,60128.00000000001,0,3500,0,0,0,RECONCILED,0,400,0,3900,RECONCILED,,,237872,233972,19224816,0,0,0,0,64028.00000000001,233972,19458788,0,0,0,0,true,Provisional pro-rata illustration; agreement and taxes unverified,100,999900,0,19458788,192084.00000000003,,,,,,,,,,,,milestone,,cac,,149,0,30.064000000000004,Departmental Organization,0,0,1.5492702078521938,false,false,0,
false,,,,,,,,,,,0,0,19692760,192084.00000000003,0,60128.00000000001,3900,64028.00000000001,0,0,0,0,0,0,19500676,0,18692760,Provisional pro-rata illustration; agreement and taxes unverified,false,0,0,0,,80,2033-04-01,FORECAST,2000,1000000,0,15000,0,985000,FORECAST prelaunch payment; not actual or verified quote,2000,0,0,0,0,,,CHANNEL_DRIVER_SUM,false,0,,0,0,0,0,0,0,0,0,0,0,0,2000,0,0,0,0,0,0,2000,0,0,298000,298000,0,298000,0,298000,RECONCILED,298000,0,298000,RECONCILED,48800.00000000001,11328.000000000002,11328.000000000002,9242.000000000002,2086.0000000000005,2000,60128.00000000001,0,0,3500,3500,400,60528.00000000001,237472,0,3500,Founder pay unchanged,"Starting overhead budget v1: $400 combined conservative planning amount includes Codex, another subscription, website and database; not verified recurring invoices. The first $100 infrastructure tier reference is treated as covered; only higher automatic tier increments are additional. This fixed scenario reference is provisional overlap treatment, not invoice allocation. Explicit manual and dated infrastructure amounts are additional; if intended as replacements, reconcile the baseline before entering them.",0,0,0,0,0,3500,0,400,60128.00000000001,0,3500,0,0,0,RECONCILED,0,400,0,3900,RECONCILED,,,237872,233972,19458788,0,0,0,0,64028.00000000001,233972,19692760,0,0,0,0,true,Provisional pro-rata illustration; agreement and taxes unverified,100,999900,0,19692760,192084.00000000003,,,,,,,,,,,,milestone,,cac,,149,0,30.064000000000004,Departmental Organization,0,0,1.5492702078521938,false,false,0,
false,,,,,,,,,,,0,0,19926732,192084.00000000003,0,60128.00000000001,3900,64028.00000000001,0,0,0,0,0,0,19734648,0,18926732,Provisional pro-rata illustration; agreement and taxes unverified,false,0,0,0,,81,2033-05-01,FORECAST,2000,1000000,0,15000,0,985000,FORECAST prelaunch payment; not actual or verified quote,2000,0,0,0,0,,,CHANNEL_DRIVER_SUM,false,0,,0,0,0,0,0,0,0,0,0,0,0,2000,0,0,0,0,0,0,2000,0,0,298000,298000,0,298000,0,298000,RECONCILED,298000,0,298000,RECONCILED,48800.00000000001,11328.000000000002,11328.000000000002,9242.000000000002,2086.0000000000005,2000,60128.00000000001,0,0,3500,3500,400,60528.00000000001,237472,0,3500,Founder pay unchanged,"Starting overhead budget v1: $400 combined conservative planning amount includes Codex, another subscription, website and database; not verified recurring invoices. The first $100 infrastructure tier reference is treated as covered; only higher automatic tier increments are additional. This fixed scenario reference is provisional overlap treatment, not invoice allocation. Explicit manual and dated infrastructure amounts are additional; if intended as replacements, reconcile the baseline before entering them.",0,0,0,0,0,3500,0,400,60128.00000000001,0,3500,0,0,0,RECONCILED,0,400,0,3900,RECONCILED,,,237872,233972,19692760,0,0,0,0,64028.00000000001,233972,19926732,0,0,0,0,true,Provisional pro-rata illustration; agreement and taxes unverified,100,999900,0,19926732,192084.00000000003,,,,,,,,,,,,milestone,,cac,,149,0,30.064000000000004,Departmental Organization,0,0,1.5492702078521938,false,false,0,
false,,,,,,,,,,,0,0,20160704,192084.00000000003,0,60128.00000000001,3900,64028.00000000001,0,0,0,0,0,0,19968620,0,19160704,Provisional pro-rata illustration; agreement and taxes unverified,false,0,0,0,,82,2033-06-01,FORECAST,2000,1000000,0,15000,0,985000,FORECAST prelaunch payment; not actual or verified quote,2000,0,0,0,0,,,CHANNEL_DRIVER_SUM,false,0,,0,0,0,0,0,0,0,0,0,0,0,2000,0,0,0,0,0,0,2000,0,0,298000,298000,0,298000,0,298000,RECONCILED,298000,0,298000,RECONCILED,48800.00000000001,11328.000000000002,11328.000000000002,9242.000000000002,2086.0000000000005,2000,60128.00000000001,0,0,3500,3500,400,60528.00000000001,237472,0,3500,Founder pay unchanged,"Starting overhead budget v1: $400 combined conservative planning amount includes Codex, another subscription, website and database; not verified recurring invoices. The first $100 infrastructure tier reference is treated as covered; only higher automatic tier increments are additional. This fixed scenario reference is provisional overlap treatment, not invoice allocation. Explicit manual and dated infrastructure amounts are additional; if intended as replacements, reconcile the baseline before entering them.",0,0,0,0,0,3500,0,400,60128.00000000001,0,3500,0,0,0,RECONCILED,0,400,0,3900,RECONCILED,,,237872,233972,19926732,0,0,0,0,64028.00000000001,233972,20160704,0,0,0,0,true,Provisional pro-rata illustration; agreement and taxes unverified,100,999900,0,20160704,192084.00000000003,,,,,,,,,,,,milestone,,cac,,149,0,30.064000000000004,Departmental Organization,0,0,1.5492702078521938,false,false,0,
false,,,,,,,,,,,0,0,20394676,192084.00000000003,0,60128.00000000001,3900,64028.00000000001,0,0,0,0,0,0,20202592,0,19394676,Provisional pro-rata illustration; agreement and taxes unverified,false,0,0,0,,83,2033-07-01,FORECAST,2000,1000000,0,15000,0,985000,FORECAST prelaunch payment; not actual or verified quote,2000,0,0,0,0,,,CHANNEL_DRIVER_SUM,false,0,,0,0,0,0,0,0,0,0,0,0,0,2000,0,0,0,0,0,0,2000,0,0,298000,298000,0,298000,0,298000,RECONCILED,298000,0,298000,RECONCILED,48800.00000000001,11328.000000000002,11328.000000000002,9242.000000000002,2086.0000000000005,2000,60128.00000000001,0,0,3500,3500,400,60528.00000000001,237472,0,3500,Founder pay unchanged,"Starting overhead budget v1: $400 combined conservative planning amount includes Codex, another subscription, website and database; not verified recurring invoices. The first $100 infrastructure tier reference is treated as covered; only higher automatic tier increments are additional. This fixed scenario reference is provisional overlap treatment, not invoice allocation. Explicit manual and dated infrastructure amounts are additional; if intended as replacements, reconcile the baseline before entering them.",0,0,0,0,0,3500,0,400,60128.00000000001,0,3500,0,0,0,RECONCILED,0,400,0,3900,RECONCILED,,,237872,233972,20160704,0,0,0,0,64028.00000000001,233972,20394676,0,0,0,0,true,Provisional pro-rata illustration; agreement and taxes unverified,100,999900,0,20394676,192084.00000000003,,,,,,,,,,,,milestone,,cac,,149,0,30.064000000000004,Departmental Organization,0,0,1.5492702078521938,false,false,0,
false,,,,,,,,,,,0,0,20628648,192084.00000000003,0,60128.00000000001,3900,64028.00000000001,0,0,0,0,0,0,20436564,0,19628648,Provisional pro-rata illustration; agreement and taxes unverified,false,0,0,0,,84,2033-08-01,FORECAST,2000,1000000,0,15000,0,985000,FORECAST prelaunch payment; not actual or verified quote,2000,0,0,0,0,,,CHANNEL_DRIVER_SUM,false,0,,0,0,0,0,0,0,0,0,0,0,0,2000,0,0,0,0,0,0,2000,0,0,298000,298000,0,298000,0,298000,RECONCILED,298000,0,298000,RECONCILED,48800.00000000001,11328.000000000002,11328.000000000002,9242.000000000002,2086.0000000000005,2000,60128.00000000001,0,0,3500,3500,400,60528.00000000001,237472,0,3500,Founder pay unchanged,"Starting overhead budget v1: $400 combined conservative planning amount includes Codex, another subscription, website and database; not verified recurring invoices. The first $100 infrastructure tier reference is treated as covered; only higher automatic tier increments are additional. This fixed scenario reference is provisional overlap treatment, not invoice allocation. Explicit manual and dated infrastructure amounts are additional; if intended as replacements, reconcile the baseline before entering them.",0,0,0,0,0,3500,0,400,60128.00000000001,0,3500,0,0,0,RECONCILED,0,400,0,3900,RECONCILED,,,237872,233972,20394676,0,0,0,0,64028.00000000001,233972,20628648,0,0,0,0,true,Provisional pro-rata illustration; agreement and taxes unverified,100,999900,0,20628648,192084.00000000003,,,,,,,,,,,,milestone,,cac,,149,0,30.064000000000004,Departmental Organization,0,0,1.5492702078521938,false,false,0,
false,,,,,,,,,,,0,0,20862620,192084.00000000003,0,60128.00000000001,3900,64028.00000000001,0,0,0,0,0,0,20670536,0,19862620,Provisional pro-rata illustration; agreement and taxes unverified,false,0,0,0,,85,2033-09-01,FORECAST,2000,1000000,0,15000,0,985000,FORECAST prelaunch payment; not actual or verified quote,2000,0,0,0,0,,,CHANNEL_DRIVER_SUM,false,0,,0,0,0,0,0,0,0,0,0,0,0,2000,0,0,0,0,0,0,2000,0,0,298000,298000,0,298000,0,298000,RECONCILED,298000,0,298000,RECONCILED,48800.00000000001,11328.000000000002,11328.000000000002,9242.000000000002,2086.0000000000005,2000,60128.00000000001,0,0,3500,3500,400,60528.00000000001,237472,0,3500,Founder pay unchanged,"Starting overhead budget v1: $400 combined conservative planning amount includes Codex, another subscription, website and database; not verified recurring invoices. The first $100 infrastructure tier reference is treated as covered; only higher automatic tier increments are additional. This fixed scenario reference is provisional overlap treatment, not invoice allocation. Explicit manual and dated infrastructure amounts are additional; if intended as replacements, reconcile the baseline before entering them.",0,0,0,0,0,3500,0,400,60128.00000000001,0,3500,0,0,0,RECONCILED,0,400,0,3900,RECONCILED,,,237872,233972,20628648,0,0,0,0,64028.00000000001,233972,20862620,0,0,0,0,true,Provisional pro-rata illustration; agreement and taxes unverified,100,999900,0,20862620,192084.00000000003,,,,,,,,,,,,milestone,,cac,,149,0,30.064000000000004,Departmental Organization,0,0,1.5492702078521938,false,false,0,
false,,,,,,,,,,,0,0,21096592,192084.00000000003,0,60128.00000000001,3900,64028.00000000001,0,0,0,0,0,0,20904508,0,20096592,Provisional pro-rata illustration; agreement and taxes unverified,false,0,0,0,,86,2033-10-01,FORECAST,2000,1000000,0,15000,0,985000,FORECAST prelaunch payment; not actual or verified quote,2000,0,0,0,0,,,CHANNEL_DRIVER_SUM,false,0,,0,0,0,0,0,0,0,0,0,0,0,2000,0,0,0,0,0,0,2000,0,0,298000,298000,0,298000,0,298000,RECONCILED,298000,0,298000,RECONCILED,48800.00000000001,11328.000000000002,11328.000000000002,9242.000000000002,2086.0000000000005,2000,60128.00000000001,0,0,3500,3500,400,60528.00000000001,237472,0,3500,Founder pay unchanged,"Starting overhead budget v1: $400 combined conservative planning amount includes Codex, another subscription, website and database; not verified recurring invoices. The first $100 infrastructure tier reference is treated as covered; only higher automatic tier increments are additional. This fixed scenario reference is provisional overlap treatment, not invoice allocation. Explicit manual and dated infrastructure amounts are additional; if intended as replacements, reconcile the baseline before entering them.",0,0,0,0,0,3500,0,400,60128.00000000001,0,3500,0,0,0,RECONCILED,0,400,0,3900,RECONCILED,,,237872,233972,20862620,0,0,0,0,64028.00000000001,233972,21096592,0,0,0,0,true,Provisional pro-rata illustration; agreement and taxes unverified,100,999900,0,21096592,192084.00000000003,,,,,,,,,,,,milestone,,cac,,149,0,30.064000000000004,Departmental Organization,0,0,1.5492702078521938,false,false,0,
false,,,,,,,,,,,0,0,21330564,192084.00000000003,0,60128.00000000001,3900,64028.00000000001,0,0,0,0,0,0,21138480,0,20330564,Provisional pro-rata illustration; agreement and taxes unverified,false,0,0,0,,87,2033-11-01,FORECAST,2000,1000000,0,15000,0,985000,FORECAST prelaunch payment; not actual or verified quote,2000,0,0,0,0,,,CHANNEL_DRIVER_SUM,false,0,,0,0,0,0,0,0,0,0,0,0,0,2000,0,0,0,0,0,0,2000,0,0,298000,298000,0,298000,0,298000,RECONCILED,298000,0,298000,RECONCILED,48800.00000000001,11328.000000000002,11328.000000000002,9242.000000000002,2086.0000000000005,2000,60128.00000000001,0,0,3500,3500,400,60528.00000000001,237472,0,3500,Founder pay unchanged,"Starting overhead budget v1: $400 combined conservative planning amount includes Codex, another subscription, website and database; not verified recurring invoices. The first $100 infrastructure tier reference is treated as covered; only higher automatic tier increments are additional. This fixed scenario reference is provisional overlap treatment, not invoice allocation. Explicit manual and dated infrastructure amounts are additional; if intended as replacements, reconcile the baseline before entering them.",0,0,0,0,0,3500,0,400,60128.00000000001,0,3500,0,0,0,RECONCILED,0,400,0,3900,RECONCILED,,,237872,233972,21096592,0,0,0,0,64028.00000000001,233972,21330564,0,0,0,0,true,Provisional pro-rata illustration; agreement and taxes unverified,100,999900,0,21330564,192084.00000000003,,,,,,,,,,,,milestone,,cac,,149,0,30.064000000000004,Departmental Organization,0,0,1.5492702078521938,false,false,0,
false,,,,,,,,,,,0,0,21564536,192084.00000000003,0,60128.00000000001,3900,64028.00000000001,0,0,0,0,0,0,21372452,0,20564536,Provisional pro-rata illustration; agreement and taxes unverified,false,0,0,0,,88,2033-12-01,FORECAST,2000,1000000,0,15000,0,985000,FORECAST prelaunch payment; not actual or verified quote,2000,0,0,0,0,,,CHANNEL_DRIVER_SUM,false,0,,0,0,0,0,0,0,0,0,0,0,0,2000,0,0,0,0,0,0,2000,0,0,298000,298000,0,298000,0,298000,RECONCILED,298000,0,298000,RECONCILED,48800.00000000001,11328.000000000002,11328.000000000002,9242.000000000002,2086.0000000000005,2000,60128.00000000001,0,0,3500,3500,400,60528.00000000001,237472,0,3500,Founder pay unchanged,"Starting overhead budget v1: $400 combined conservative planning amount includes Codex, another subscription, website and database; not verified recurring invoices. The first $100 infrastructure tier reference is treated as covered; only higher automatic tier increments are additional. This fixed scenario reference is provisional overlap treatment, not invoice allocation. Explicit manual and dated infrastructure amounts are additional; if intended as replacements, reconcile the baseline before entering them.",0,0,0,0,0,3500,0,400,60128.00000000001,0,3500,0,0,0,RECONCILED,0,400,0,3900,RECONCILED,,,237872,233972,21330564,0,0,0,0,64028.00000000001,233972,21564536,0,0,0,0,true,Provisional pro-rata illustration; agreement and taxes unverified,100,999900,0,21564536,192084.00000000003,,,,,,,,,,,,milestone,,cac,,149,0,30.064000000000004,Departmental Organization,0,0,1.5492702078521938,false,false,0,
false,,,,,,,,,,,0,0,21798508,192084.00000000003,0,60128.00000000001,3900,64028.00000000001,0,0,0,0,0,0,21606424,0,20798508,Provisional pro-rata illustration; agreement and taxes unverified,false,0,0,0,,89,2034-01-01,FORECAST,2000,1000000,0,15000,0,985000,FORECAST prelaunch payment; not actual or verified quote,2000,0,0,0,0,,,CHANNEL_DRIVER_SUM,false,0,,0,0,0,0,0,0,0,0,0,0,0,2000,0,0,0,0,0,0,2000,0,0,298000,298000,0,298000,0,298000,RECONCILED,298000,0,298000,RECONCILED,48800.00000000001,11328.000000000002,11328.000000000002,9242.000000000002,2086.0000000000005,2000,60128.00000000001,0,0,3500,3500,400,60528.00000000001,237472,0,3500,Founder pay unchanged,"Starting overhead budget v1: $400 combined conservative planning amount includes Codex, another subscription, website and database; not verified recurring invoices. The first $100 infrastructure tier reference is treated as covered; only higher automatic tier increments are additional. This fixed scenario reference is provisional overlap treatment, not invoice allocation. Explicit manual and dated infrastructure amounts are additional; if intended as replacements, reconcile the baseline before entering them.",0,0,0,0,0,3500,0,400,60128.00000000001,0,3500,0,0,0,RECONCILED,0,400,0,3900,RECONCILED,,,237872,233972,21564536,0,0,0,0,64028.00000000001,233972,21798508,0,0,0,0,true,Provisional pro-rata illustration; agreement and taxes unverified,100,999900,0,21798508,192084.00000000003,,,,,,,,,,,,milestone,,cac,,149,0,30.064000000000004,Departmental Organization,0,0,1.5492702078521938,false,false,0,
false,,,,,,,,,,,0,0,22032480,192084.00000000003,0,60128.00000000001,3900,64028.00000000001,0,0,0,0,0,0,21840396,0,21032480,Provisional pro-rata illustration; agreement and taxes unverified,false,0,0,0,,90,2034-02-01,FORECAST,2000,1000000,0,15000,0,985000,FORECAST prelaunch payment; not actual or verified quote,2000,0,0,0,0,,,CHANNEL_DRIVER_SUM,false,0,,0,0,0,0,0,0,0,0,0,0,0,2000,0,0,0,0,0,0,2000,0,0,298000,298000,0,298000,0,298000,RECONCILED,298000,0,298000,RECONCILED,48800.00000000001,11328.000000000002,11328.000000000002,9242.000000000002,2086.0000000000005,2000,60128.00000000001,0,0,3500,3500,400,60528.00000000001,237472,0,3500,Founder pay unchanged,"Starting overhead budget v1: $400 combined conservative planning amount includes Codex, another subscription, website and database; not verified recurring invoices. The first $100 infrastructure tier reference is treated as covered; only higher automatic tier increments are additional. This fixed scenario reference is provisional overlap treatment, not invoice allocation. Explicit manual and dated infrastructure amounts are additional; if intended as replacements, reconcile the baseline before entering them.",0,0,0,0,0,3500,0,400,60128.00000000001,0,3500,0,0,0,RECONCILED,0,400,0,3900,RECONCILED,,,237872,233972,21798508,0,0,0,0,64028.00000000001,233972,22032480,0,0,0,0,true,Provisional pro-rata illustration; agreement and taxes unverified,100,999900,0,22032480,192084.00000000003,,,,,,,,,,,,milestone,,cac,,149,0,30.064000000000004,Departmental Organization,0,0,1.5492702078521938,false,false,0,
false,,,,,,,,,,,0,0,22266452,192084.00000000003,0,60128.00000000001,3900,64028.00000000001,0,0,0,0,0,0,22074368,0,21266452,Provisional pro-rata illustration; agreement and taxes unverified,false,0,0,0,,91,2034-03-01,FORECAST,2000,1000000,0,15000,0,985000,FORECAST prelaunch payment; not actual or verified quote,2000,0,0,0,0,,,CHANNEL_DRIVER_SUM,false,0,,0,0,0,0,0,0,0,0,0,0,0,2000,0,0,0,0,0,0,2000,0,0,298000,298000,0,298000,0,298000,RECONCILED,298000,0,298000,RECONCILED,48800.00000000001,11328.000000000002,11328.000000000002,9242.000000000002,2086.0000000000005,2000,60128.00000000001,0,0,3500,3500,400,60528.00000000001,237472,0,3500,Founder pay unchanged,"Starting overhead budget v1: $400 combined conservative planning amount includes Codex, another subscription, website and database; not verified recurring invoices. The first $100 infrastructure tier reference is treated as covered; only higher automatic tier increments are additional. This fixed scenario reference is provisional overlap treatment, not invoice allocation. Explicit manual and dated infrastructure amounts are additional; if intended as replacements, reconcile the baseline before entering them.",0,0,0,0,0,3500,0,400,60128.00000000001,0,3500,0,0,0,RECONCILED,0,400,0,3900,RECONCILED,,,237872,233972,22032480,0,0,0,0,64028.00000000001,233972,22266452,0,0,0,0,true,Provisional pro-rata illustration; agreement and taxes unverified,100,999900,0,22266452,192084.00000000003,,,,,,,,,,,,milestone,,cac,,149,0,30.064000000000004,Departmental Organization,0,0,1.5492702078521938,false,false,0,
false,,,,,,,,,,,0,0,22500424,192084.00000000003,0,60128.00000000001,3900,64028.00000000001,0,0,0,0,0,0,22308340,0,21500424,Provisional pro-rata illustration; agreement and taxes unverified,false,0,0,0,,92,2034-04-01,FORECAST,2000,1000000,0,15000,0,985000,FORECAST prelaunch payment; not actual or verified quote,2000,0,0,0,0,,,CHANNEL_DRIVER_SUM,false,0,,0,0,0,0,0,0,0,0,0,0,0,2000,0,0,0,0,0,0,2000,0,0,298000,298000,0,298000,0,298000,RECONCILED,298000,0,298000,RECONCILED,48800.00000000001,11328.000000000002,11328.000000000002,9242.000000000002,2086.0000000000005,2000,60128.00000000001,0,0,3500,3500,400,60528.00000000001,237472,0,3500,Founder pay unchanged,"Starting overhead budget v1: $400 combined conservative planning amount includes Codex, another subscription, website and database; not verified recurring invoices. The first $100 infrastructure tier reference is treated as covered; only higher automatic tier increments are additional. This fixed scenario reference is provisional overlap treatment, not invoice allocation. Explicit manual and dated infrastructure amounts are additional; if intended as replacements, reconcile the baseline before entering them.",0,0,0,0,0,3500,0,400,60128.00000000001,0,3500,0,0,0,RECONCILED,0,400,0,3900,RECONCILED,,,237872,233972,22266452,0,0,0,0,64028.00000000001,233972,22500424,0,0,0,0,true,Provisional pro-rata illustration; agreement and taxes unverified,100,999900,0,22500424,192084.00000000003,,,,,,,,,,,,milestone,,cac,,149,0,30.064000000000004,Departmental Organization,0,0,1.5492702078521938,false,false,0,
false,,,,,,,,,,,0,0,22734396,192084.00000000003,0,60128.00000000001,3900,64028.00000000001,0,0,0,0,0,0,22542312,0,21734396,Provisional pro-rata illustration; agreement and taxes unverified,false,0,0,0,,93,2034-05-01,FORECAST,2000,1000000,0,15000,0,985000,FORECAST prelaunch payment; not actual or verified quote,2000,0,0,0,0,,,CHANNEL_DRIVER_SUM,false,0,,0,0,0,0,0,0,0,0,0,0,0,2000,0,0,0,0,0,0,2000,0,0,298000,298000,0,298000,0,298000,RECONCILED,298000,0,298000,RECONCILED,48800.00000000001,11328.000000000002,11328.000000000002,9242.000000000002,2086.0000000000005,2000,60128.00000000001,0,0,3500,3500,400,60528.00000000001,237472,0,3500,Founder pay unchanged,"Starting overhead budget v1: $400 combined conservative planning amount includes Codex, another subscription, website and database; not verified recurring invoices. The first $100 infrastructure tier reference is treated as covered; only higher automatic tier increments are additional. This fixed scenario reference is provisional overlap treatment, not invoice allocation. Explicit manual and dated infrastructure amounts are additional; if intended as replacements, reconcile the baseline before entering them.",0,0,0,0,0,3500,0,400,60128.00000000001,0,3500,0,0,0,RECONCILED,0,400,0,3900,RECONCILED,,,237872,233972,22500424,0,0,0,0,64028.00000000001,233972,22734396,0,0,0,0,true,Provisional pro-rata illustration; agreement and taxes unverified,100,999900,0,22734396,192084.00000000003,,,,,,,,,,,,milestone,,cac,,149,0,30.064000000000004,Departmental Organization,0,0,1.5492702078521938,false,false,0,
false,,,,,,,,,,,0,0,22968368,192084.00000000003,0,60128.00000000001,3900,64028.00000000001,0,0,0,0,0,0,22776284,0,21968368,Provisional pro-rata illustration; agreement and taxes unverified,false,0,0,0,,94,2034-06-01,FORECAST,2000,1000000,0,15000,0,985000,FORECAST prelaunch payment; not actual or verified quote,2000,0,0,0,0,,,CHANNEL_DRIVER_SUM,false,0,,0,0,0,0,0,0,0,0,0,0,0,2000,0,0,0,0,0,0,2000,0,0,298000,298000,0,298000,0,298000,RECONCILED,298000,0,298000,RECONCILED,48800.00000000001,11328.000000000002,11328.000000000002,9242.000000000002,2086.0000000000005,2000,60128.00000000001,0,0,3500,3500,400,60528.00000000001,237472,0,3500,Founder pay unchanged,"Starting overhead budget v1: $400 combined conservative planning amount includes Codex, another subscription, website and database; not verified recurring invoices. The first $100 infrastructure tier reference is treated as covered; only higher automatic tier increments are additional. This fixed scenario reference is provisional overlap treatment, not invoice allocation. Explicit manual and dated infrastructure amounts are additional; if intended as replacements, reconcile the baseline before entering them.",0,0,0,0,0,3500,0,400,60128.00000000001,0,3500,0,0,0,RECONCILED,0,400,0,3900,RECONCILED,,,237872,233972,22734396,0,0,0,0,64028.00000000001,233972,22968368,0,0,0,0,true,Provisional pro-rata illustration; agreement and taxes unverified,100,999900,0,22968368,192084.00000000003,,,,,,,,,,,,milestone,,cac,,149,0,30.064000000000004,Departmental Organization,0,0,1.5492702078521938,false,false,0,
false,,,,,,,,,,,0,0,23202340,192084.00000000003,0,60128.00000000001,3900,64028.00000000001,0,0,0,0,0,0,23010256,0,22202340,Provisional pro-rata illustration; agreement and taxes unverified,false,0,0,0,,95,2034-07-01,FORECAST,2000,1000000,0,15000,0,985000,FORECAST prelaunch payment; not actual or verified quote,2000,0,0,0,0,,,CHANNEL_DRIVER_SUM,false,0,,0,0,0,0,0,0,0,0,0,0,0,2000,0,0,0,0,0,0,2000,0,0,298000,298000,0,298000,0,298000,RECONCILED,298000,0,298000,RECONCILED,48800.00000000001,11328.000000000002,11328.000000000002,9242.000000000002,2086.0000000000005,2000,60128.00000000001,0,0,3500,3500,400,60528.00000000001,237472,0,3500,Founder pay unchanged,"Starting overhead budget v1: $400 combined conservative planning amount includes Codex, another subscription, website and database; not verified recurring invoices. The first $100 infrastructure tier reference is treated as covered; only higher automatic tier increments are additional. This fixed scenario reference is provisional overlap treatment, not invoice allocation. Explicit manual and dated infrastructure amounts are additional; if intended as replacements, reconcile the baseline before entering them.",0,0,0,0,0,3500,0,400,60128.00000000001,0,3500,0,0,0,RECONCILED,0,400,0,3900,RECONCILED,,,237872,233972,22968368,0,0,0,0,64028.00000000001,233972,23202340,0,0,0,0,true,Provisional pro-rata illustration; agreement and taxes unverified,100,999900,0,23202340,192084.00000000003,,,,,,,,,,,,milestone,,cac,,149,0,30.064000000000004,Departmental Organization,0,0,1.5492702078521938,false,false,0,
false,,,,,,,,,,,0,0,23436312,192084.00000000003,0,60128.00000000001,3900,64028.00000000001,0,0,0,0,0,0,23244228,0,22436312,Provisional pro-rata illustration; agreement and taxes unverified,false,0,0,0,,96,2034-08-01,FORECAST,2000,1000000,0,15000,0,985000,FORECAST prelaunch payment; not actual or verified quote,2000,0,0,0,0,,,CHANNEL_DRIVER_SUM,false,0,,0,0,0,0,0,0,0,0,0,0,0,2000,0,0,0,0,0,0,2000,0,0,298000,298000,0,298000,0,298000,RECONCILED,298000,0,298000,RECONCILED,48800.00000000001,11328.000000000002,11328.000000000002,9242.000000000002,2086.0000000000005,2000,60128.00000000001,0,0,3500,3500,400,60528.00000000001,237472,0,3500,Founder pay unchanged,"Starting overhead budget v1: $400 combined conservative planning amount includes Codex, another subscription, website and database; not verified recurring invoices. The first $100 infrastructure tier reference is treated as covered; only higher automatic tier increments are additional. This fixed scenario reference is provisional overlap treatment, not invoice allocation. Explicit manual and dated infrastructure amounts are additional; if intended as replacements, reconcile the baseline before entering them.",0,0,0,0,0,3500,0,400,60128.00000000001,0,3500,0,0,0,RECONCILED,0,400,0,3900,RECONCILED,,,237872,233972,23202340,0,0,0,0,64028.00000000001,233972,23436312,0,0,0,0,true,Provisional pro-rata illustration; agreement and taxes unverified,100,999900,0,23436312,192084.00000000003,,,,,,,,,,,,milestone,,cac,,149,0,30.064000000000004,Departmental Organization,0,0,1.5492702078521938,false,false,0,
false,,,,,,,,,,,0,0,23670284,192084.00000000003,0,60128.00000000001,3900,64028.00000000001,0,0,0,0,0,0,23478200,0,22670284,Provisional pro-rata illustration; agreement and taxes unverified,false,0,0,0,,97,2034-09-01,FORECAST,2000,1000000,0,15000,0,985000,FORECAST prelaunch payment; not actual or verified quote,2000,0,0,0,0,,,CHANNEL_DRIVER_SUM,false,0,,0,0,0,0,0,0,0,0,0,0,0,2000,0,0,0,0,0,0,2000,0,0,298000,298000,0,298000,0,298000,RECONCILED,298000,0,298000,RECONCILED,48800.00000000001,11328.000000000002,11328.000000000002,9242.000000000002,2086.0000000000005,2000,60128.00000000001,0,0,3500,3500,400,60528.00000000001,237472,0,3500,Founder pay unchanged,"Starting overhead budget v1: $400 combined conservative planning amount includes Codex, another subscription, website and database; not verified recurring invoices. The first $100 infrastructure tier reference is treated as covered; only higher automatic tier increments are additional. This fixed scenario reference is provisional overlap treatment, not invoice allocation. Explicit manual and dated infrastructure amounts are additional; if intended as replacements, reconcile the baseline before entering them.",0,0,0,0,0,3500,0,400,60128.00000000001,0,3500,0,0,0,RECONCILED,0,400,0,3900,RECONCILED,,,237872,233972,23436312,0,0,0,0,64028.00000000001,233972,23670284,0,0,0,0,true,Provisional pro-rata illustration; agreement and taxes unverified,100,999900,0,23670284,192084.00000000003,,,,,,,,,,,,milestone,,cac,,149,0,30.064000000000004,Departmental Organization,0,0,1.5492702078521938,false,false,0,
false,,,,,,,,,,,0,0,23904256,192084.00000000003,0,60128.00000000001,3900,64028.00000000001,0,0,0,0,0,0,23712172,0,22904256,Provisional pro-rata illustration; agreement and taxes unverified,false,0,0,0,,98,2034-10-01,FORECAST,2000,1000000,0,15000,0,985000,FORECAST prelaunch payment; not actual or verified quote,2000,0,0,0,0,,,CHANNEL_DRIVER_SUM,false,0,,0,0,0,0,0,0,0,0,0,0,0,2000,0,0,0,0,0,0,2000,0,0,298000,298000,0,298000,0,298000,RECONCILED,298000,0,298000,RECONCILED,48800.00000000001,11328.000000000002,11328.000000000002,9242.000000000002,2086.0000000000005,2000,60128.00000000001,0,0,3500,3500,400,60528.00000000001,237472,0,3500,Founder pay unchanged,"Starting overhead budget v1: $400 combined conservative planning amount includes Codex, another subscription, website and database; not verified recurring invoices. The first $100 infrastructure tier reference is treated as covered; only higher automatic tier increments are additional. This fixed scenario reference is provisional overlap treatment, not invoice allocation. Explicit manual and dated infrastructure amounts are additional; if intended as replacements, reconcile the baseline before entering them.",0,0,0,0,0,3500,0,400,60128.00000000001,0,3500,0,0,0,RECONCILED,0,400,0,3900,RECONCILED,,,237872,233972,23670284,0,0,0,0,64028.00000000001,233972,23904256,0,0,0,0,true,Provisional pro-rata illustration; agreement and taxes unverified,100,999900,0,23904256,192084.00000000003,,,,,,,,,,,,milestone,,cac,,149,0,30.064000000000004,Departmental Organization,0,0,1.5492702078521938,false,false,0,
false,,,,,,,,,,,0,0,24138228,192084.00000000003,0,60128.00000000001,3900,64028.00000000001,0,0,0,0,0,0,23946144,0,23138228,Provisional pro-rata illustration; agreement and taxes unverified,false,0,0,0,,99,2034-11-01,FORECAST,2000,1000000,0,15000,0,985000,FORECAST prelaunch payment; not actual or verified quote,2000,0,0,0,0,,,CHANNEL_DRIVER_SUM,false,0,,0,0,0,0,0,0,0,0,0,0,0,2000,0,0,0,0,0,0,2000,0,0,298000,298000,0,298000,0,298000,RECONCILED,298000,0,298000,RECONCILED,48800.00000000001,11328.000000000002,11328.000000000002,9242.000000000002,2086.0000000000005,2000,60128.00000000001,0,0,3500,3500,400,60528.00000000001,237472,0,3500,Founder pay unchanged,"Starting overhead budget v1: $400 combined conservative planning amount includes Codex, another subscription, website and database; not verified recurring invoices. The first $100 infrastructure tier reference is treated as covered; only higher automatic tier increments are additional. This fixed scenario reference is provisional overlap treatment, not invoice allocation. Explicit manual and dated infrastructure amounts are additional; if intended as replacements, reconcile the baseline before entering them.",0,0,0,0,0,3500,0,400,60128.00000000001,0,3500,0,0,0,RECONCILED,0,400,0,3900,RECONCILED,,,237872,233972,23904256,0,0,0,0,64028.00000000001,233972,24138228,0,0,0,0,true,Provisional pro-rata illustration; agreement and taxes unverified,100,999900,0,24138228,192084.00000000003,,,,,,,,,,,,milestone,,cac,,149,0,30.064000000000004,Departmental Organization,0,0,1.5492702078521938,false,false,0,
false,,,,,,,,,,,0,0,24372200,192084.00000000003,0,60128.00000000001,3900,64028.00000000001,0,0,0,0,0,0,24180116,0,23372200,Provisional pro-rata illustration; agreement and taxes unverified,false,0,0,0,,100,2034-12-01,FORECAST,2000,1000000,0,15000,0,985000,FORECAST prelaunch payment; not actual or verified quote,2000,0,0,0,0,,,CHANNEL_DRIVER_SUM,false,0,,0,0,0,0,0,0,0,0,0,0,0,2000,0,0,0,0,0,0,2000,0,0,298000,298000,0,298000,0,298000,RECONCILED,298000,0,298000,RECONCILED,48800.00000000001,11328.000000000002,11328.000000000002,9242.000000000002,2086.0000000000005,2000,60128.00000000001,0,0,3500,3500,400,60528.00000000001,237472,0,3500,Founder pay unchanged,"Starting overhead budget v1: $400 combined conservative planning amount includes Codex, another subscription, website and database; not verified recurring invoices. The first $100 infrastructure tier reference is treated as covered; only higher automatic tier increments are additional. This fixed scenario reference is provisional overlap treatment, not invoice allocation. Explicit manual and dated infrastructure amounts are additional; if intended as replacements, reconcile the baseline before entering them.",0,0,0,0,0,3500,0,400,60128.00000000001,0,3500,0,0,0,RECONCILED,0,400,0,3900,RECONCILED,,,237872,233972,24138228,0,0,0,0,64028.00000000001,233972,24372200,0,0,0,0,true,Provisional pro-rata illustration; agreement and taxes unverified,100,999900,0,24372200,192084.00000000003,,,,,,,,,,,,milestone,,cac,,149,0,30.064000000000004,Departmental Organization,0,0,1.5492702078521938,false,false,0,
false,,,,,,,,,,,0,0,24606172,192084.00000000003,0,60128.00000000001,3900,64028.00000000001,0,0,0,0,0,0,24414088,0,23606172,Provisional pro-rata illustration; agreement and taxes unverified,false,0,0,0,,101,2035-01-01,FORECAST,2000,1000000,0,15000,0,985000,FORECAST prelaunch payment; not actual or verified quote,2000,0,0,0,0,,,CHANNEL_DRIVER_SUM,false,0,,0,0,0,0,0,0,0,0,0,0,0,2000,0,0,0,0,0,0,2000,0,0,298000,298000,0,298000,0,298000,RECONCILED,298000,0,298000,RECONCILED,48800.00000000001,11328.000000000002,11328.000000000002,9242.000000000002,2086.0000000000005,2000,60128.00000000001,0,0,3500,3500,400,60528.00000000001,237472,0,3500,Founder pay unchanged,"Starting overhead budget v1: $400 combined conservative planning amount includes Codex, another subscription, website and database; not verified recurring invoices. The first $100 infrastructure tier reference is treated as covered; only higher automatic tier increments are additional. This fixed scenario reference is provisional overlap treatment, not invoice allocation. Explicit manual and dated infrastructure amounts are additional; if intended as replacements, reconcile the baseline before entering them.",0,0,0,0,0,3500,0,400,60128.00000000001,0,3500,0,0,0,RECONCILED,0,400,0,3900,RECONCILED,,,237872,233972,24372200,0,0,0,0,64028.00000000001,233972,24606172,0,0,0,0,true,Provisional pro-rata illustration; agreement and taxes unverified,100,999900,0,24606172,192084.00000000003,,,,,,,,,,,,milestone,,cac,,149,0,30.064000000000004,Departmental Organization,0,0,1.5492702078521938,false,false,0,
false,,,,,,,,,,,0,0,24840144,192084.00000000003,0,60128.00000000001,3900,64028.00000000001,0,0,0,0,0,0,24648060,0,23840144,Provisional pro-rata illustration; agreement and taxes unverified,false,0,0,0,,102,2035-02-01,FORECAST,2000,1000000,0,15000,0,985000,FORECAST prelaunch payment; not actual or verified quote,2000,0,0,0,0,,,CHANNEL_DRIVER_SUM,false,0,,0,0,0,0,0,0,0,0,0,0,0,2000,0,0,0,0,0,0,2000,0,0,298000,298000,0,298000,0,298000,RECONCILED,298000,0,298000,RECONCILED,48800.00000000001,11328.000000000002,11328.000000000002,9242.000000000002,2086.0000000000005,2000,60128.00000000001,0,0,3500,3500,400,60528.00000000001,237472,0,3500,Founder pay unchanged,"Starting overhead budget v1: $400 combined conservative planning amount includes Codex, another subscription, website and database; not verified recurring invoices. The first $100 infrastructure tier reference is treated as covered; only higher automatic tier increments are additional. This fixed scenario reference is provisional overlap treatment, not invoice allocation. Explicit manual and dated infrastructure amounts are additional; if intended as replacements, reconcile the baseline before entering them.",0,0,0,0,0,3500,0,400,60128.00000000001,0,3500,0,0,0,RECONCILED,0,400,0,3900,RECONCILED,,,237872,233972,24606172,0,0,0,0,64028.00000000001,233972,24840144,0,0,0,0,true,Provisional pro-rata illustration; agreement and taxes unverified,100,999900,0,24840144,192084.00000000003,,,,,,,,,,,,milestone,,cac,,149,0,30.064000000000004,Departmental Organization,0,0,1.5492702078521938,false,false,0,
false,,,,,,,,,,,0,0,25074116,192084.00000000003,0,60128.00000000001,3900,64028.00000000001,0,0,0,0,0,0,24882032,0,24074116,Provisional pro-rata illustration; agreement and taxes unverified,false,0,0,0,,103,2035-03-01,FORECAST,2000,1000000,0,15000,0,985000,FORECAST prelaunch payment; not actual or verified quote,2000,0,0,0,0,,,CHANNEL_DRIVER_SUM,false,0,,0,0,0,0,0,0,0,0,0,0,0,2000,0,0,0,0,0,0,2000,0,0,298000,298000,0,298000,0,298000,RECONCILED,298000,0,298000,RECONCILED,48800.00000000001,11328.000000000002,11328.000000000002,9242.000000000002,2086.0000000000005,2000,60128.00000000001,0,0,3500,3500,400,60528.00000000001,237472,0,3500,Founder pay unchanged,"Starting overhead budget v1: $400 combined conservative planning amount includes Codex, another subscription, website and database; not verified recurring invoices. The first $100 infrastructure tier reference is treated as covered; only higher automatic tier increments are additional. This fixed scenario reference is provisional overlap treatment, not invoice allocation. Explicit manual and dated infrastructure amounts are additional; if intended as replacements, reconcile the baseline before entering them.",0,0,0,0,0,3500,0,400,60128.00000000001,0,3500,0,0,0,RECONCILED,0,400,0,3900,RECONCILED,,,237872,233972,24840144,0,0,0,0,64028.00000000001,233972,25074116,0,0,0,0,true,Provisional pro-rata illustration; agreement and taxes unverified,100,999900,0,25074116,192084.00000000003,,,,,,,,,,,,milestone,,cac,,149,0,30.064000000000004,Departmental Organization,0,0,1.5492702078521938,false,false,0,
false,,,,,,,,,,,0,0,25308088,192084.00000000003,0,60128.00000000001,3900,64028.00000000001,0,0,0,0,0,0,25116004,0,24308088,Provisional pro-rata illustration; agreement and taxes unverified,false,0,0,0,,104,2035-04-01,FORECAST,2000,1000000,0,15000,0,985000,FORECAST prelaunch payment; not actual or verified quote,2000,0,0,0,0,,,CHANNEL_DRIVER_SUM,false,0,,0,0,0,0,0,0,0,0,0,0,0,2000,0,0,0,0,0,0,2000,0,0,298000,298000,0,298000,0,298000,RECONCILED,298000,0,298000,RECONCILED,48800.00000000001,11328.000000000002,11328.000000000002,9242.000000000002,2086.0000000000005,2000,60128.00000000001,0,0,3500,3500,400,60528.00000000001,237472,0,3500,Founder pay unchanged,"Starting overhead budget v1: $400 combined conservative planning amount includes Codex, another subscription, website and database; not verified recurring invoices. The first $100 infrastructure tier reference is treated as covered; only higher automatic tier increments are additional. This fixed scenario reference is provisional overlap treatment, not invoice allocation. Explicit manual and dated infrastructure amounts are additional; if intended as replacements, reconcile the baseline before entering them.",0,0,0,0,0,3500,0,400,60128.00000000001,0,3500,0,0,0,RECONCILED,0,400,0,3900,RECONCILED,,,237872,233972,25074116,0,0,0,0,64028.00000000001,233972,25308088,0,0,0,0,true,Provisional pro-rata illustration; agreement and taxes unverified,100,999900,0,25308088,192084.00000000003,,,,,,,,,,,,milestone,,cac,,149,0,30.064000000000004,Departmental Organization,0,0,1.5492702078521938,false,false,0,
false,,,,,,,,,,,0,0,25542060,192084.00000000003,0,60128.00000000001,3900,64028.00000000001,0,0,0,0,0,0,25349976,0,24542060,Provisional pro-rata illustration; agreement and taxes unverified,false,0,0,0,,105,2035-05-01,FORECAST,2000,1000000,0,15000,0,985000,FORECAST prelaunch payment; not actual or verified quote,2000,0,0,0,0,,,CHANNEL_DRIVER_SUM,false,0,,0,0,0,0,0,0,0,0,0,0,0,2000,0,0,0,0,0,0,2000,0,0,298000,298000,0,298000,0,298000,RECONCILED,298000,0,298000,RECONCILED,48800.00000000001,11328.000000000002,11328.000000000002,9242.000000000002,2086.0000000000005,2000,60128.00000000001,0,0,3500,3500,400,60528.00000000001,237472,0,3500,Founder pay unchanged,"Starting overhead budget v1: $400 combined conservative planning amount includes Codex, another subscription, website and database; not verified recurring invoices. The first $100 infrastructure tier reference is treated as covered; only higher automatic tier increments are additional. This fixed scenario reference is provisional overlap treatment, not invoice allocation. Explicit manual and dated infrastructure amounts are additional; if intended as replacements, reconcile the baseline before entering them.",0,0,0,0,0,3500,0,400,60128.00000000001,0,3500,0,0,0,RECONCILED,0,400,0,3900,RECONCILED,,,237872,233972,25308088,0,0,0,0,64028.00000000001,233972,25542060,0,0,0,0,true,Provisional pro-rata illustration; agreement and taxes unverified,100,999900,0,25542060,192084.00000000003,,,,,,,,,,,,milestone,,cac,,149,0,30.064000000000004,Departmental Organization,0,0,1.5492702078521938,false,false,0,
false,,,,,,,,,,,0,0,25776032,192084.00000000003,0,60128.00000000001,3900,64028.00000000001,0,0,0,0,0,0,25583948,0,24776032,Provisional pro-rata illustration; agreement and taxes unverified,false,0,0,0,,106,2035-06-01,FORECAST,2000,1000000,0,15000,0,985000,FORECAST prelaunch payment; not actual or verified quote,2000,0,0,0,0,,,CHANNEL_DRIVER_SUM,false,0,,0,0,0,0,0,0,0,0,0,0,0,2000,0,0,0,0,0,0,2000,0,0,298000,298000,0,298000,0,298000,RECONCILED,298000,0,298000,RECONCILED,48800.00000000001,11328.000000000002,11328.000000000002,9242.000000000002,2086.0000000000005,2000,60128.00000000001,0,0,3500,3500,400,60528.00000000001,237472,0,3500,Founder pay unchanged,"Starting overhead budget v1: $400 combined conservative planning amount includes Codex, another subscription, website and database; not verified recurring invoices. The first $100 infrastructure tier reference is treated as covered; only higher automatic tier increments are additional. This fixed scenario reference is provisional overlap treatment, not invoice allocation. Explicit manual and dated infrastructure amounts are additional; if intended as replacements, reconcile the baseline before entering them.",0,0,0,0,0,3500,0,400,60128.00000000001,0,3500,0,0,0,RECONCILED,0,400,0,3900,RECONCILED,,,237872,233972,25542060,0,0,0,0,64028.00000000001,233972,25776032,0,0,0,0,true,Provisional pro-rata illustration; agreement and taxes unverified,100,999900,0,25776032,192084.00000000003,,,,,,,,,,,,milestone,,cac,,149,0,30.064000000000004,Departmental Organization,0,0,1.5492702078521938,false,false,0,
false,,,,,,,,,,,0,0,26010004,192084.00000000003,0,60128.00000000001,3900,64028.00000000001,0,0,0,0,0,0,25817920,0,25010004,Provisional pro-rata illustration; agreement and taxes unverified,false,0,0,0,,107,2035-07-01,FORECAST,2000,1000000,0,15000,0,985000,FORECAST prelaunch payment; not actual or verified quote,2000,0,0,0,0,,,CHANNEL_DRIVER_SUM,false,0,,0,0,0,0,0,0,0,0,0,0,0,2000,0,0,0,0,0,0,2000,0,0,298000,298000,0,298000,0,298000,RECONCILED,298000,0,298000,RECONCILED,48800.00000000001,11328.000000000002,11328.000000000002,9242.000000000002,2086.0000000000005,2000,60128.00000000001,0,0,3500,3500,400,60528.00000000001,237472,0,3500,Founder pay unchanged,"Starting overhead budget v1: $400 combined conservative planning amount includes Codex, another subscription, website and database; not verified recurring invoices. The first $100 infrastructure tier reference is treated as covered; only higher automatic tier increments are additional. This fixed scenario reference is provisional overlap treatment, not invoice allocation. Explicit manual and dated infrastructure amounts are additional; if intended as replacements, reconcile the baseline before entering them.",0,0,0,0,0,3500,0,400,60128.00000000001,0,3500,0,0,0,RECONCILED,0,400,0,3900,RECONCILED,,,237872,233972,25776032,0,0,0,0,64028.00000000001,233972,26010004,0,0,0,0,true,Provisional pro-rata illustration; agreement and taxes unverified,100,999900,0,26010004,192084.00000000003,,,,,,,,,,,,milestone,,cac,,149,0,30.064000000000004,Departmental Organization,0,0,1.5492702078521938,false,false,0,
false,,,,,,,,,,,0,0,26243976,192084.00000000003,0,60128.00000000001,3900,64028.00000000001,0,0,0,0,0,0,26051892,0,25243976,Provisional pro-rata illustration; agreement and taxes unverified,false,0,0,0,,108,2035-08-01,FORECAST,2000,1000000,0,15000,0,985000,FORECAST prelaunch payment; not actual or verified quote,2000,0,0,0,0,,,CHANNEL_DRIVER_SUM,false,0,,0,0,0,0,0,0,0,0,0,0,0,2000,0,0,0,0,0,0,2000,0,0,298000,298000,0,298000,0,298000,RECONCILED,298000,0,298000,RECONCILED,48800.00000000001,11328.000000000002,11328.000000000002,9242.000000000002,2086.0000000000005,2000,60128.00000000001,0,0,3500,3500,400,60528.00000000001,237472,0,3500,Founder pay unchanged,"Starting overhead budget v1: $400 combined conservative planning amount includes Codex, another subscription, website and database; not verified recurring invoices. The first $100 infrastructure tier reference is treated as covered; only higher automatic tier increments are additional. This fixed scenario reference is provisional overlap treatment, not invoice allocation. Explicit manual and dated infrastructure amounts are additional; if intended as replacements, reconcile the baseline before entering them.",0,0,0,0,0,3500,0,400,60128.00000000001,0,3500,0,0,0,RECONCILED,0,400,0,3900,RECONCILED,,,237872,233972,26010004,0,0,0,0,64028.00000000001,233972,26243976,0,0,0,0,true,Provisional pro-rata illustration; agreement and taxes unverified,100,999900,0,26243976,192084.00000000003,,,,,,,,,,,,milestone,,cac,,149,0,30.064000000000004,Departmental Organization,0,0,1.5492702078521938,false,false,0,
false,,,,,,,,,,,0,0,26477948,192084.00000000003,0,60128.00000000001,3900,64028.00000000001,0,0,0,0,0,0,26285864,0,25477948,Provisional pro-rata illustration; agreement and taxes unverified,false,0,0,0,,109,2035-09-01,FORECAST,2000,1000000,0,15000,0,985000,FORECAST prelaunch payment; not actual or verified quote,2000,0,0,0,0,,,CHANNEL_DRIVER_SUM,false,0,,0,0,0,0,0,0,0,0,0,0,0,2000,0,0,0,0,0,0,2000,0,0,298000,298000,0,298000,0,298000,RECONCILED,298000,0,298000,RECONCILED,48800.00000000001,11328.000000000002,11328.000000000002,9242.000000000002,2086.0000000000005,2000,60128.00000000001,0,0,3500,3500,400,60528.00000000001,237472,0,3500,Founder pay unchanged,"Starting overhead budget v1: $400 combined conservative planning amount includes Codex, another subscription, website and database; not verified recurring invoices. The first $100 infrastructure tier reference is treated as covered; only higher automatic tier increments are additional. This fixed scenario reference is provisional overlap treatment, not invoice allocation. Explicit manual and dated infrastructure amounts are additional; if intended as replacements, reconcile the baseline before entering them.",0,0,0,0,0,3500,0,400,60128.00000000001,0,3500,0,0,0,RECONCILED,0,400,0,3900,RECONCILED,,,237872,233972,26243976,0,0,0,0,64028.00000000001,233972,26477948,0,0,0,0,true,Provisional pro-rata illustration; agreement and taxes unverified,100,999900,0,26477948,192084.00000000003,,,,,,,,,,,,milestone,,cac,,149,0,30.064000000000004,Departmental Organization,0,0,1.5492702078521938,false,false,0,
false,,,,,,,,,,,0,0,26711920,192084.00000000003,0,60128.00000000001,3900,64028.00000000001,0,0,0,0,0,0,26519836,0,25711920,Provisional pro-rata illustration; agreement and taxes unverified,false,0,0,0,,110,2035-10-01,FORECAST,2000,1000000,0,15000,0,985000,FORECAST prelaunch payment; not actual or verified quote,2000,0,0,0,0,,,CHANNEL_DRIVER_SUM,false,0,,0,0,0,0,0,0,0,0,0,0,0,2000,0,0,0,0,0,0,2000,0,0,298000,298000,0,298000,0,298000,RECONCILED,298000,0,298000,RECONCILED,48800.00000000001,11328.000000000002,11328.000000000002,9242.000000000002,2086.0000000000005,2000,60128.00000000001,0,0,3500,3500,400,60528.00000000001,237472,0,3500,Founder pay unchanged,"Starting overhead budget v1: $400 combined conservative planning amount includes Codex, another subscription, website and database; not verified recurring invoices. The first $100 infrastructure tier reference is treated as covered; only higher automatic tier increments are additional. This fixed scenario reference is provisional overlap treatment, not invoice allocation. Explicit manual and dated infrastructure amounts are additional; if intended as replacements, reconcile the baseline before entering them.",0,0,0,0,0,3500,0,400,60128.00000000001,0,3500,0,0,0,RECONCILED,0,400,0,3900,RECONCILED,,,237872,233972,26477948,0,0,0,0,64028.00000000001,233972,26711920,0,0,0,0,true,Provisional pro-rata illustration; agreement and taxes unverified,100,999900,0,26711920,192084.00000000003,,,,,,,,,,,,milestone,,cac,,149,0,30.064000000000004,Departmental Organization,0,0,1.5492702078521938,false,false,0,
false,,,,,,,,,,,0,0,26945892,192084.00000000003,0,60128.00000000001,3900,64028.00000000001,0,0,0,0,0,0,26753808,0,25945892,Provisional pro-rata illustration; agreement and taxes unverified,false,0,0,0,,111,2035-11-01,FORECAST,2000,1000000,0,15000,0,985000,FORECAST prelaunch payment; not actual or verified quote,2000,0,0,0,0,,,CHANNEL_DRIVER_SUM,false,0,,0,0,0,0,0,0,0,0,0,0,0,2000,0,0,0,0,0,0,2000,0,0,298000,298000,0,298000,0,298000,RECONCILED,298000,0,298000,RECONCILED,48800.00000000001,11328.000000000002,11328.000000000002,9242.000000000002,2086.0000000000005,2000,60128.00000000001,0,0,3500,3500,400,60528.00000000001,237472,0,3500,Founder pay unchanged,"Starting overhead budget v1: $400 combined conservative planning amount includes Codex, another subscription, website and database; not verified recurring invoices. The first $100 infrastructure tier reference is treated as covered; only higher automatic tier increments are additional. This fixed scenario reference is provisional overlap treatment, not invoice allocation. Explicit manual and dated infrastructure amounts are additional; if intended as replacements, reconcile the baseline before entering them.",0,0,0,0,0,3500,0,400,60128.00000000001,0,3500,0,0,0,RECONCILED,0,400,0,3900,RECONCILED,,,237872,233972,26711920,0,0,0,0,64028.00000000001,233972,26945892,0,0,0,0,true,Provisional pro-rata illustration; agreement and taxes unverified,100,999900,0,26945892,192084.00000000003,,,,,,,,,,,,milestone,,cac,,149,0,30.064000000000004,Departmental Organization,0,0,1.5492702078521938,false,false,0,
false,,,,,,,,,,,0,0,27179864,192084.00000000003,0,60128.00000000001,3900,64028.00000000001,0,0,0,0,0,0,26987780,0,26179864,Provisional pro-rata illustration; agreement and taxes unverified,false,0,0,0,,112,2035-12-01,FORECAST,2000,1000000,0,15000,0,985000,FORECAST prelaunch payment; not actual or verified quote,2000,0,0,0,0,,,CHANNEL_DRIVER_SUM,false,0,,0,0,0,0,0,0,0,0,0,0,0,2000,0,0,0,0,0,0,2000,0,0,298000,298000,0,298000,0,298000,RECONCILED,298000,0,298000,RECONCILED,48800.00000000001,11328.000000000002,11328.000000000002,9242.000000000002,2086.0000000000005,2000,60128.00000000001,0,0,3500,3500,400,60528.00000000001,237472,0,3500,Founder pay unchanged,"Starting overhead budget v1: $400 combined conservative planning amount includes Codex, another subscription, website and database; not verified recurring invoices. The first $100 infrastructure tier reference is treated as covered; only higher automatic tier increments are additional. This fixed scenario reference is provisional overlap treatment, not invoice allocation. Explicit manual and dated infrastructure amounts are additional; if intended as replacements, reconcile the baseline before entering them.",0,0,0,0,0,3500,0,400,60128.00000000001,0,3500,0,0,0,RECONCILED,0,400,0,3900,RECONCILED,,,237872,233972,26945892,0,0,0,0,64028.00000000001,233972,27179864,0,0,0,0,true,Provisional pro-rata illustration; agreement and taxes unverified,100,999900,0,27179864,192084.00000000003,,,,,,,,,,,,milestone,,cac,,149,0,30.064000000000004,Departmental Organization,0,0,1.5492702078521938,false,false,0,
false,,,,,,,,,,,0,0,27413836,192084.00000000003,0,60128.00000000001,3900,64028.00000000001,0,0,0,0,0,0,27221752,0,26413836,Provisional pro-rata illustration; agreement and taxes unverified,false,0,0,0,,113,2036-01-01,FORECAST,2000,1000000,0,15000,0,985000,FORECAST prelaunch payment; not actual or verified quote,2000,0,0,0,0,,,CHANNEL_DRIVER_SUM,false,0,,0,0,0,0,0,0,0,0,0,0,0,2000,0,0,0,0,0,0,2000,0,0,298000,298000,0,298000,0,298000,RECONCILED,298000,0,298000,RECONCILED,48800.00000000001,11328.000000000002,11328.000000000002,9242.000000000002,2086.0000000000005,2000,60128.00000000001,0,0,3500,3500,400,60528.00000000001,237472,0,3500,Founder pay unchanged,"Starting overhead budget v1: $400 combined conservative planning amount includes Codex, another subscription, website and database; not verified recurring invoices. The first $100 infrastructure tier reference is treated as covered; only higher automatic tier increments are additional. This fixed scenario reference is provisional overlap treatment, not invoice allocation. Explicit manual and dated infrastructure amounts are additional; if intended as replacements, reconcile the baseline before entering them.",0,0,0,0,0,3500,0,400,60128.00000000001,0,3500,0,0,0,RECONCILED,0,400,0,3900,RECONCILED,,,237872,233972,27179864,0,0,0,0,64028.00000000001,233972,27413836,0,0,0,0,true,Provisional pro-rata illustration; agreement and taxes unverified,100,999900,0,27413836,192084.00000000003,,,,,,,,,,,,milestone,,cac,,149,0,30.064000000000004,Departmental Organization,0,0,1.5492702078521938,false,false,0,
false,,,,,,,,,,,0,0,27647808,192084.00000000003,0,60128.00000000001,3900,64028.00000000001,0,0,0,0,0,0,27455724,0,26647808,Provisional pro-rata illustration; agreement and taxes unverified,false,0,0,0,,114,2036-02-01,FORECAST,2000,1000000,0,15000,0,985000,FORECAST prelaunch payment; not actual or verified quote,2000,0,0,0,0,,,CHANNEL_DRIVER_SUM,false,0,,0,0,0,0,0,0,0,0,0,0,0,2000,0,0,0,0,0,0,2000,0,0,298000,298000,0,298000,0,298000,RECONCILED,298000,0,298000,RECONCILED,48800.00000000001,11328.000000000002,11328.000000000002,9242.000000000002,2086.0000000000005,2000,60128.00000000001,0,0,3500,3500,400,60528.00000000001,237472,0,3500,Founder pay unchanged,"Starting overhead budget v1: $400 combined conservative planning amount includes Codex, another subscription, website and database; not verified recurring invoices. The first $100 infrastructure tier reference is treated as covered; only higher automatic tier increments are additional. This fixed scenario reference is provisional overlap treatment, not invoice allocation. Explicit manual and dated infrastructure amounts are additional; if intended as replacements, reconcile the baseline before entering them.",0,0,0,0,0,3500,0,400,60128.00000000001,0,3500,0,0,0,RECONCILED,0,400,0,3900,RECONCILED,,,237872,233972,27413836,0,0,0,0,64028.00000000001,233972,27647808,0,0,0,0,true,Provisional pro-rata illustration; agreement and taxes unverified,100,999900,0,27647808,192084.00000000003,,,,,,,,,,,,milestone,,cac,,149,0,30.064000000000004,Departmental Organization,0,0,1.5492702078521938,false,false,0,
false,,,,,,,,,,,0,0,27881780,192084.00000000003,0,60128.00000000001,3900,64028.00000000001,0,0,0,0,0,0,27689696,0,26881780,Provisional pro-rata illustration; agreement and taxes unverified,false,0,0,0,,115,2036-03-01,FORECAST,2000,1000000,0,15000,0,985000,FORECAST prelaunch payment; not actual or verified quote,2000,0,0,0,0,,,CHANNEL_DRIVER_SUM,false,0,,0,0,0,0,0,0,0,0,0,0,0,2000,0,0,0,0,0,0,2000,0,0,298000,298000,0,298000,0,298000,RECONCILED,298000,0,298000,RECONCILED,48800.00000000001,11328.000000000002,11328.000000000002,9242.000000000002,2086.0000000000005,2000,60128.00000000001,0,0,3500,3500,400,60528.00000000001,237472,0,3500,Founder pay unchanged,"Starting overhead budget v1: $400 combined conservative planning amount includes Codex, another subscription, website and database; not verified recurring invoices. The first $100 infrastructure tier reference is treated as covered; only higher automatic tier increments are additional. This fixed scenario reference is provisional overlap treatment, not invoice allocation. Explicit manual and dated infrastructure amounts are additional; if intended as replacements, reconcile the baseline before entering them.",0,0,0,0,0,3500,0,400,60128.00000000001,0,3500,0,0,0,RECONCILED,0,400,0,3900,RECONCILED,,,237872,233972,27647808,0,0,0,0,64028.00000000001,233972,27881780,0,0,0,0,true,Provisional pro-rata illustration; agreement and taxes unverified,100,999900,0,27881780,192084.00000000003,,,,,,,,,,,,milestone,,cac,,149,0,30.064000000000004,Departmental Organization,0,0,1.5492702078521938,false,false,0,
false,,,,,,,,,,,0,0,28115752,192084.00000000003,0,60128.00000000001,3900,64028.00000000001,0,0,0,0,0,0,27923668,0,27115752,Provisional pro-rata illustration; agreement and taxes unverified,false,0,0,0,,116,2036-04-01,FORECAST,2000,1000000,0,15000,0,985000,FORECAST prelaunch payment; not actual or verified quote,2000,0,0,0,0,,,CHANNEL_DRIVER_SUM,false,0,,0,0,0,0,0,0,0,0,0,0,0,2000,0,0,0,0,0,0,2000,0,0,298000,298000,0,298000,0,298000,RECONCILED,298000,0,298000,RECONCILED,48800.00000000001,11328.000000000002,11328.000000000002,9242.000000000002,2086.0000000000005,2000,60128.00000000001,0,0,3500,3500,400,60528.00000000001,237472,0,3500,Founder pay unchanged,"Starting overhead budget v1: $400 combined conservative planning amount includes Codex, another subscription, website and database; not verified recurring invoices. The first $100 infrastructure tier reference is treated as covered; only higher automatic tier increments are additional. This fixed scenario reference is provisional overlap treatment, not invoice allocation. Explicit manual and dated infrastructure amounts are additional; if intended as replacements, reconcile the baseline before entering them.",0,0,0,0,0,3500,0,400,60128.00000000001,0,3500,0,0,0,RECONCILED,0,400,0,3900,RECONCILED,,,237872,233972,27881780,0,0,0,0,64028.00000000001,233972,28115752,0,0,0,0,true,Provisional pro-rata illustration; agreement and taxes unverified,100,999900,0,28115752,192084.00000000003,,,,,,,,,,,,milestone,,cac,,149,0,30.064000000000004,Departmental Organization,0,0,1.5492702078521938,false,false,0,
false,,,,,,,,,,,0,0,28349724,192084.00000000003,0,60128.00000000001,3900,64028.00000000001,0,0,0,0,0,0,28157640,0,27349724,Provisional pro-rata illustration; agreement and taxes unverified,false,0,0,0,,117,2036-05-01,FORECAST,2000,1000000,0,15000,0,985000,FORECAST prelaunch payment; not actual or verified quote,2000,0,0,0,0,,,CHANNEL_DRIVER_SUM,false,0,,0,0,0,0,0,0,0,0,0,0,0,2000,0,0,0,0,0,0,2000,0,0,298000,298000,0,298000,0,298000,RECONCILED,298000,0,298000,RECONCILED,48800.00000000001,11328.000000000002,11328.000000000002,9242.000000000002,2086.0000000000005,2000,60128.00000000001,0,0,3500,3500,400,60528.00000000001,237472,0,3500,Founder pay unchanged,"Starting overhead budget v1: $400 combined conservative planning amount includes Codex, another subscription, website and database; not verified recurring invoices. The first $100 infrastructure tier reference is treated as covered; only higher automatic tier increments are additional. This fixed scenario reference is provisional overlap treatment, not invoice allocation. Explicit manual and dated infrastructure amounts are additional; if intended as replacements, reconcile the baseline before entering them.",0,0,0,0,0,3500,0,400,60128.00000000001,0,3500,0,0,0,RECONCILED,0,400,0,3900,RECONCILED,,,237872,233972,28115752,0,0,0,0,64028.00000000001,233972,28349724,0,0,0,0,true,Provisional pro-rata illustration; agreement and taxes unverified,100,999900,0,28349724,192084.00000000003,,,,,,,,,,,,milestone,,cac,,149,0,30.064000000000004,Departmental Organization,0,0,1.5492702078521938,false,false,0,
false,,,,,,,,,,,0,0,28583696,192084.00000000003,0,60128.00000000001,3900,64028.00000000001,0,0,0,0,0,0,28391612,0,27583696,Provisional pro-rata illustration; agreement and taxes unverified,false,0,0,0,,118,2036-06-01,FORECAST,2000,1000000,0,15000,0,985000,FORECAST prelaunch payment; not actual or verified quote,2000,0,0,0,0,,,CHANNEL_DRIVER_SUM,false,0,,0,0,0,0,0,0,0,0,0,0,0,2000,0,0,0,0,0,0,2000,0,0,298000,298000,0,298000,0,298000,RECONCILED,298000,0,298000,RECONCILED,48800.00000000001,11328.000000000002,11328.000000000002,9242.000000000002,2086.0000000000005,2000,60128.00000000001,0,0,3500,3500,400,60528.00000000001,237472,0,3500,Founder pay unchanged,"Starting overhead budget v1: $400 combined conservative planning amount includes Codex, another subscription, website and database; not verified recurring invoices. The first $100 infrastructure tier reference is treated as covered; only higher automatic tier increments are additional. This fixed scenario reference is provisional overlap treatment, not invoice allocation. Explicit manual and dated infrastructure amounts are additional; if intended as replacements, reconcile the baseline before entering them.",0,0,0,0,0,3500,0,400,60128.00000000001,0,3500,0,0,0,RECONCILED,0,400,0,3900,RECONCILED,,,237872,233972,28349724,0,0,0,0,64028.00000000001,233972,28583696,0,0,0,0,true,Provisional pro-rata illustration; agreement and taxes unverified,100,999900,0,28583696,192084.00000000003,,,,,,,,,,,,milestone,,cac,,149,0,30.064000000000004,Departmental Organization,0,0,1.5492702078521938,false,false,0,
false,,,,,,,,,,,0,0,28817668,192084.00000000003,0,60128.00000000001,3900,64028.00000000001,0,0,0,0,0,0,28625584,0,27817668,Provisional pro-rata illustration; agreement and taxes unverified,false,0,0,0,,119,2036-07-01,FORECAST,2000,1000000,0,15000,0,985000,FORECAST prelaunch payment; not actual or verified quote,2000,0,0,0,0,,,CHANNEL_DRIVER_SUM,false,0,,0,0,0,0,0,0,0,0,0,0,0,2000,0,0,0,0,0,0,2000,0,0,298000,298000,0,298000,0,298000,RECONCILED,298000,0,298000,RECONCILED,48800.00000000001,11328.000000000002,11328.000000000002,9242.000000000002,2086.0000000000005,2000,60128.00000000001,0,0,3500,3500,400,60528.00000000001,237472,0,3500,Founder pay unchanged,"Starting overhead budget v1: $400 combined conservative planning amount includes Codex, another subscription, website and database; not verified recurring invoices. The first $100 infrastructure tier reference is treated as covered; only higher automatic tier increments are additional. This fixed scenario reference is provisional overlap treatment, not invoice allocation. Explicit manual and dated infrastructure amounts are additional; if intended as replacements, reconcile the baseline before entering them.",0,0,0,0,0,3500,0,400,60128.00000000001,0,3500,0,0,0,RECONCILED,0,400,0,3900,RECONCILED,,,237872,233972,28583696,0,0,0,0,64028.00000000001,233972,28817668,0,0,0,0,true,Provisional pro-rata illustration; agreement and taxes unverified,100,999900,0,28817668,192084.00000000003,,,,,,,,,,,,milestone,,cac,,149,0,30.064000000000004,Departmental Organization,0,0,1.5492702078521938,false,false,0,
false,,,,,,,,,,,0,0,29051640,192084.00000000003,0,60128.00000000001,3900,64028.00000000001,0,0,0,0,0,0,28859556,0,28051640,Provisional pro-rata illustration; agreement and taxes unverified,false,0,0,0,,120,2036-08-01,FORECAST,2000,1000000,0,15000,0,985000,FORECAST prelaunch payment; not actual or verified quote,2000,0,0,0,0,,,CHANNEL_DRIVER_SUM,false,0,,0,0,0,0,0,0,0,0,0,0,0,2000,0,0,0,0,0,0,2000,0,0,298000,298000,0,298000,0,298000,RECONCILED,298000,0,298000,RECONCILED,48800.00000000001,11328.000000000002,11328.000000000002,9242.000000000002,2086.0000000000005,2000,60128.00000000001,0,0,3500,3500,400,60528.00000000001,237472,0,3500,Founder pay unchanged,"Starting overhead budget v1: $400 combined conservative planning amount includes Codex, another subscription, website and database; not verified recurring invoices. The first $100 infrastructure tier reference is treated as covered; only higher automatic tier increments are additional. This fixed scenario reference is provisional overlap treatment, not invoice allocation. Explicit manual and dated infrastructure amounts are additional; if intended as replacements, reconcile the baseline before entering them.",0,0,0,0,0,3500,0,400,60128.00000000001,0,3500,0,0,0,RECONCILED,0,400,0,3900,RECONCILED,,,237872,233972,28817668,0,0,0,0,64028.00000000001,233972,29051640,0,0,0,0,true,Provisional pro-rata illustration; agreement and taxes unverified,100,999900,0,29051640,192084.00000000003,,,,,,,,,,,,milestone,,cac,,149,0,30.064000000000004,Departmental Organization,0,0,1.5492702078521938,false,false,0,
